index,flag1,flag2,ori,avel,acce,mp,temp ( Big-Endian )
0,01101001,00000000,0.45819092 -0.020812988 0.060058594 -0.88653564,0.07 -0.10222222 0.04111111,0.12 -0.09 1.57,0 0 0,23
1,01101001,00000000,0.46020508 -0.018066406 0.05895996 -0.8855591,0.008888889 0.093333334 0.013333334,0.05 -0.1 1.58,0 0 0,23
2,01101001,00000000,0.45806885 -0.01751709 0.05529785 -0.8870239,0.04222222 -0.09777778 -0.08777778,0.09 -0.02 1.57,0 0 0,23
3,01101001,00000000,0.45837402 -0.021850586 0.058166504 -0.88653564,-0.10333333 -0.027777778 0.037777778,0.09 -0.08 1.55,0 0 0,23
4,01101001,00000000,0.45928955 -0.021606445 0.05706787 -0.88616943,0.11444444 0.045555554 -0.046666667,0.08 -0.11 1.52,0 0 0,23
5,01101001,00000000,0.4605713 -0.01977539 0.05206299 -0.88586426,0.11777778 -0.14 0.107777774,0.1 -0.12 1.59,0 0 0,23
6,01101001,00000000,0.4673462 -0.024658203 0.04498291 -0.8825073,-0.0022222223 -0.05 0.12666667,0.14 -0.03 1.6,0 0 0,23
7,01101001,00000000,0.47277832 -0.024108887 0.04711914 -0.8795166,-0.04888889 0.028888889 0.03888889,0.1 -0.02 1.54,0 0 0,23
8,01101001,00000000,0.47521973 -0.022338867 0.043884277 -0.87841797,0.13777778 0.026666667 0.075555556,0.07 -0.08 1.6,0 0 0,23
9,01101001,00000000,0.44848633 -0.0138549805 0.04071045 -0.89276123,0.72 0.5366667 -0.4211111,0.35 -0.37 1.7,0 0 0,23
10,01101001,00000000,0.42694092 -0.013793945 0.03692627 -0.90338135,-0.69666666 -0.37888888 -0.17,0.06 -0.2 1.86,0 0 0,23
11,01101001,00000000,0.42565918 -0.03326416 0.053527832 -0.9026489,0.024444444 0.1 0.011111111,0.3 -0.46 1.14,0 0 0,23
12,01101001,00000000,0.42260742 -0.021850586 0.045166016 -0.9048462,0.23 -0.16555555 -0.2588889,-0.15 0.32 1.53,0 0 0,23
13,01101001,00000000,0.41625977 -0.039489746 0.044006348 -0.9072876,-0.18555556 -0.19222222 0.096666664,0.36 0.08 1.48,0 0 0,23
14,01101001,00000000,0.4237671 -0.041992188 0.039978027 -0.9038696,0.24222222 0.10222222 0.44111112,0.07 -0.14 1.72,0 0 0,23
15,01101001,00000000,0.44232178 -0.030883789 0.027832031 -0.895874,0.3211111 -0.1 0.5322222,0.3 0.19 2.99,0 0 0,23
16,01101001,00000000,0.46868896 -0.05053711 0.026855469 -0.8814697,-0.36888888 -0.36 0.44666666,-0.07 -0.15 4.39,0 0 0,23
17,01101001,00000000,0.50219727 -0.059936523 0.0335083 -0.8619995,0.21666667 -0.13333334 1.9422222,0.65 0 2.27,0 0 0,23
18,01101001,00000000,0.5443115 -0.048950195 0.039733887 -0.8364868,0.05 0.5588889 0.7277778,0.91 0.38 0.15,0 0 0,23
19,01101001,00000000,0.49420166 0.0022583008 0.1395874 -0.8580322,-1.2588888 1.7922223 -1.1511111,-0.21 -0.07 -0.41,0 0 0,23
20,01101001,00000000,0.33972168 -0.04095459 0.14031982 -0.9290161,1.6566666 -0.67333335 -2.38,0.08 -0.23 -0.99,0 0 0,23
21,01101001,00000000,0.31414795 -0.029785156 0.107788086 -0.942749,1.3444444 0.12 -0.6666667,0.01 -0.19 0.19,0 0 0,23
22,01101001,00000000,0.3330078 -0.04107666 0.006164551 -0.94195557,0.5177778 -1.2044444 -0.21,0.61 -0.98 1.56,0 0 0,23
23,01101001,00000000,0.3328247 -0.030029297 -0.07897949 -0.9390869,1.2277777 0.19111112 0.08555555,0.36 0.86 1.52,0 0 0,23
24,01101001,00000000,0.32104492 -0.015380859 -0.07879639 -0.94366455,-0.37666667 0.12666667 -0.23222223,0.39 0.53 1.79,0 0 0,23
25,01101001,00000000,0.3125 -0.02319336 -0.057434082 -0.944397,-0.60333335 3.6977777 -29.297777,0.13 0.4 1.7,0 0 0,23
26,01101001,00000000,0.32531738 -0.038513184 -0.024780273 -0.944397,-0.37777779 -0.0044444446 -0.064444445,0.26 0.01 1.61,0 0 0,23
27,01101001,00000000,0.321167 -0.039123535 -0.017456055 -0.9460449,-0.013333334 0.06555556 0.04777778,0.07 0.01 1.74,0 0 0,23
28,01101001,00000000,0.31677246 -0.03753662 -0.015136719 -0.94763184,-0.09777778 0.06888889 -0.11333334,0.22 0.07 1.62,0 0 0,23
29,01101001,00000000,0.31152344 -0.03137207 -0.006591797 -0.94970703,-0.02 0.15 -0.18777777,0.1 0.07 1.58,0 0 0,23
30,01101001,00000000,0.30871582 -0.030151367 -0.0052490234 -0.95062256,0.02111111 -0.093333334 0.12666667,0.12 0.09 1.58,0 0 0,23
31,01101001,00000000,0.31567383 -0.034057617 -0.008972168 -0.94818115,0.046666667 -0.072222225 0.07,0.13 0.12 1.56,0 0 0,23
32,01101001,00000000,0.31744385 -0.03515625 -0.011413574 -0.9475708,0.007777778 -0.022222223 0.064444445,0.16 0.13 1.57,0 0 0,23
33,01101001,00000000,0.31756592 -0.034973145 -0.012329102 -0.94744873,0.023333333 0.03 -0.026666667,0.17 0.12 1.53,0 0 0,23
34,01101001,00000000,0.31750488 -0.033447266 -0.015625 -0.94750977,0.07777778 -0.04111111 -0.0011111111,138.4 -2.56 -0.01,0 0 0,23
35,01101001,00000000,0.3184204 -0.033081055 -0.020202637 -0.9470825,0.11444444 -0.036666665 -0.007777778,0.18 0.16 1.58,0 0 0,23
36,01101001,00000000,0.31915283 -0.03338623 -0.022033691 -0.94677734,-0.05111111 0.0033333334 0.014444444,0.18 0.17 1.53,0 0 0,23
37,01101001,00000000,0.32037354 -0.033996582 -0.019592285 -0.94641113,0.01 -0.024444444 0.014444444,0.17 0.14 1.59,0 0 0,23
38,01101001,00000000,0.32141113 -0.032348633 -0.01965332 -0.94610596,0.012222222 0.03888889 0.0033333334,0.2 0.15 1.52,0 0 0,23
39,01101001,00000000,0.32250977 -0.033996582 -0.019470215 -0.94573975,-0.02 -0.10888889 -0.0044444446,0.18 0.14 1.5,0 0 0,23
40,01101001,00000000,0.32348633 -0.041259766 -0.025817871 -0.9449463,0.14 -0.16666667 -0.0011111111,0.21 0.13 1.58,0 0 0,23
41,01101001,00000000,0.32092285 -0.045959473 -0.0335083 -0.94537354,0.032222223 -0.057777777 -0.053333335,0.28 0.16 1.56,0 0 0,23
42,01101001,00000000,0.3125 -0.047729492 -0.030517578 -0.94525146,-0.018888889 0.026666667 -31.857779,0.26 0.13 1.53,0 0 0,23
43,01101001,00000000,0.3225708 -0.045959473 -0.032836914 -0.9448242,0.07777778 -0.016666668 0.017777778,0.26 0.17 1.48,0 0 0,23
44,01101001,00000000,0.32580566 -0.048950195 -0.035949707 -0.9434204,-0.04 -0.02 0.107777774,0.27 0.18 1.55,0 0 0,23
45,01101001,00000000,0.33044434 -0.045288086 -0.03100586 -0.9421997,-0.032222223 0.12555556 0.034444444,0.23 0.18 1.52,0 0 0,23
46,01101001,00000000,0.33239746 -0.039855957 -0.030151367 -0.94177246,0.08222222 0.034444444 0.03888889,0.21 0.17 1.54,0 0 0,23
47,01101001,00000000,0.3343506 -0.036499023 -0.03479004 -0.94104004,0.10222222 0.03 0.011111111,0.21 0.21 1.55,0 0 0,23
48,01101001,00000000,0.33538818 -0.034240723 -0.035949707 -0.94073486,-0.064444445 0.016666668 0.013333334,0.2 0.22 1.52,0 0 0,23
49,01101001,00000000,0.33795166 -0.03692627 -0.030090332 -0.9399414,-0.12666667 -0.05 0.05666667,0.19 0.18 1.46,0 0 0,23
50,01101001,00000000,0.3355713 -0.042175293 -0.022338867 -0.9407959,-0.18111111 0.023333333 -0.12222222,0.25 0.13 1.41,0 0 0,23
51,01101001,00000000,0.32940674 -0.04284668 -0.00982666 -0.94311523,-0.21 0.07333333 -0.08555555,0.28 -2.47 -0.01,0 0 0,23
52,01101001,00000000,0.32647705 -0.040100098 -0.004760742 -0.94433594,0.034444444 0.044444446 -0.064444445,0.19 0.1 1.67,0 0 0,23
53,01101001,00000000,0.32788086 -0.039123535 -0.0045776367 -0.94384766,-0.06666667 0.0033333334 0.05666667,0.19 0.09 1.52,0 0 0,23
54,01101001,00000000,0.32781982 -0.039123535 0.0021362305 -0.9439087,-0.075555556 0.09777778 -0.033333335,0.19 0.07 1.57,0 0 0,23
55,01101001,00000000,0.32806396 -0.030273438 0.0028076172 -0.9440918,0.14777778 0.16111112 0.075555556,0.15 0.05 1.63,0 0 0,23
56,01101001,00000000,0.3302002 -0.0211792 -0.0045776367 -0.94366455,0.14666666 0.06111111 0.03888889,0.12 0.13 1.53,0 0 0,23
57,01101001,00000000,0.33276367 -0.018432617 -0.003540039 -0.94281006,-0.10333333 0.06555556 0.19333333,0.06 -0.04 1.14,0 0 0,23
58,01101001,00000000,0.3428955 -0.020446777 0.010437012 -0.9390259,-0.22222222 0.008888889 0.15,0.03 0 0.85,0 0 0,23
59,01101001,00000000,0.328125 -0.032226562 0.009216309 -0.9401245,0.033333335 -0.3077778 -0.064444445,0.05 0.02 0.84,0 0 0,23
60,01101001,00000000,0.33251953 -0.04156494 -0.009094238 -0.94207764,0.49333334 -0.12777779 -0.36333334,0.24 0.11 1.53,0 0 0,23
61,01101001,00000000,0.31939697 -0.043701172 -0.06072998 -0.9446411,0.9255555 -0.5311111 -0.3288889,0.42 0.55 2.63,0 0 0,23
62,01101001,00000000,0.31274414 -0.059326172 -0.10473633 -0.9421387,0.44444445 -0.31333333 -0.018888889,0.73 0.84 3.61,0 0 0,23
63,01101001,00000000,0.29937744 -0.06121826 -0.12927246 -0.94329834,0.16888888 -0.18555556 0.078888886,1.11 1.4 3.84,0 0 0,23
64,01101001,00000000,0.30413818 -0.04650879 -0.1126709 -0.9447632,-0.6511111 0.68 -0.70555556,0.2 0.32 1.53,0 0 0,23
65,01101001,00000000,0.28704834 -0.001159668 -0.037597656 -0.9571533,-1.6711111 1.41 -0.67777777,-0.23 0.15 -0.27,0 0 0,23
66,01101001,00000000,0.2711792 0.009338379 0.029724121 -0.9619751,-0.48777777 -0.07444444 0.57555556,-0.06 -0.39 -0.69,0 0 0,23
67,01101001,00000000,0.3444214 -0.04650879 0.031066895 -0.9371338,-0.97 -2.0611112 1.0766667,-0.09 -0.12 0.23,0 0 0,23
68,01101001,00000000,0.33898926 -0.05230713 0.005004883 -0.93933105,0.26666668 -0.23333333 -0.6855556,-0.15 -0.13 -214.01,0 0 0,23
69,01101001,00000000,0.33477783 -0.04437256 -0.006591797 -0.9411621,0.07 0.104444444 0.012222222,0.31 0.17 0.91,0 0 0,23
70,01101001,00000000,0.3343506 -0.036315918 0.0028686523 -0.9417114,-0.18777777 0.29666665 0.51222223,0.33 0.12 1.54,0 0 0,23
71,01101001,00000000,0.33221436 -0.008728027 0.0033569336 -0.94311523,0.43888888 0.61333334 0.12111111,0.29 0.43 2.33,0 0 0,23
72,01101001,00000000,0.32476807 0.020141602 -0.014465332 -0.9454346,0.36333334 0.078888886 0.31111112,0.07 0.28 2.19,0 0 0,23
73,01101001,00000000,0.336792 0.017089844 -0.02911377 -0.94091797,0.03 -0.19222222 0.08555555,0.05 0.27 1.72,0 0 0,23
74,01101001,00000000,0.3439331 0.010803223 -0.026794434 -0.9385376,-0.096666664 -0.06888889 0.11333334,0.09 0.23 1.61,0 0 0,23
75,01101001,00000000,0.36950684 0.003540039 -0.01739502 -0.9290161,-0.33888888 -0.06555556 0.104444444,0.04 0.2 1.38,0 0 0,23
76,01101001,00000000,0.36773682 0 0 -0.015625,-0.38 0 -0.4211111,0.2 0 1.54,0 0 0,23
77,01101001,00000000,0.36151123 -0.0045776367 0.02178955 -0.93200684,-0.12555556 0.17888889 0.09111111,0.06 0.03 1.63,0 0 0,23
78,01101001,00000000,0.34838867 -0.00079345703 0.026245117 -0.9369507,-0.04111111 0.06333333 -0.22666667,0.16 0.16 1.6,0 0 0,23
79,01101001,00000000,0.36315918 0.0056152344 0.020874023 -0.9314575,0.1 -0.18555556 -0.14555556,-0.2 0.32 1.49,0 0 0,23
80,01101001,00000000,0.3366089 -0.009521484 0.014465332 -0.9414673,0.0055555557 -0.30888888 -0.79888886,0 0.14 1.36,0 0 0,23
81,01101001,00000000,0.28015137 0.007873535 0.004272461 -0.9598999,0.40666667 0.66444445 -1.0266666,-0.09 0.37 1.62,0 0 0,23
82,01101001,00000000,0.2197876 0.06994629 -0.027832031 -0.9725952,1.2244444 0.8922222 -0.93666667,0.11 0.14 1.68,0 0 0,23
83,01101001,00000000,0.18591309 0.11633301 -0.07092285 -0.9730835,0.6677778 0.4188889 -0.29444444,-0.14 0.26 1.6,0 0 0,23
84,01101001,00000000,0.19250488 0.13439941 -0.0904541 -0.96777344,0.21555555 0.10333333 0.5177778,-0.26 0.54 1.31,0 0 0,23
85,01101001,00000000,0.1986084 0.12908936 -0.09942627 -0.9663696,0.057777777 -0.27555555 -0.22,-0.09 0.28 1.6,128 -1208 -14849,23
86,01101001,00000000,0.20715332 0.10583496 -0.11328125 -0.96588135,0.04888889 -0.37333333 0.35555556,-0.22 0.52 1.23,0 0 0,23
87,01101001,00000000,0.22839355 0.07446289 -0.11022949 -0.9644165,-0.39444444 -0.49888888 0.46666667,-0.18 0.5 1.35,0 0 0,23
88,01101001,00000000,0.2536621 0.03845215 -0.08850098 -0.96240234,-0.64 -0.48222223 0.41666666,0.02 0.48 1.55,0 0 0,23
89,01101001,00000000,0.27227783 0.00036621094 -0.05407715 -0.9606323,-0.61444443 -0.32555556 0.23666666,0.19 0.31 1.68,0 0 0,23
90,01101001,00000000,0.29125977 -0.008544922 -0.039978027 -0.9557495,-0.08 0.12222222 0.39333335,0.16 0.19 1.44,0 0 0,23
91,01101001,00000000,0.32122803 -0.0021362305 -0.042236328 -0.9460449,0.19333333 0.06333333 0.4488889,0.14 0.17 1.46,0 0 0,23
92,01101001,00000000,0.3581543 0.0008544922 -0.05645752 -0.93188477,0.24222222 -0.045555554 0.6844444,0.12 0.28 1.55,0 0 0,23
93,01101001,00000000,0.39135742 -0.004333496 0 -0.015625,0.046666667 -0.14444445 0.62,0.2 0.37 1.51,0 0 0,23
94,01101001,00000000,0.4151001 -0.0154418945 -0.0592041 -0.9076538,-0.3511111 -0.03 0.3611111,0.18 0.29 1.57,0 0 0,23
95,01101001,00000000,0.43554688 -0.025512695 -0.04168701 -0.8987427,-0.43 0.093333334 0.29444444,0.24 0.16 1.43,0 0 0,23
96,01101001,00000000,0.46203613 -0.025939941 -0.013366699 -0.8862915,-0.28666666 0.25666666 0.5377778,0.24 0.06 1.62,0 0 0,23
97,01101001,00000000,0.48468018 -0.018981934 -0.001953125 -0.87438965,-0.086666666 0.13666667 0.28666666,0.13 0.24 1.41,0 0 0,23
98,01101001,00000000,0.5081177 -0.018371582 0.0076293945 -0.86102295,-0.25777778 0.045555554 0.5377778,0.28 0.15 1.43,0 0 0,23
99,01101001,00000000,0.53204346 -0.024841309 0.01776123 -0.8461304,-0.16222222 -0.028888889 0.69666666,0.33 -0.07 1.56,0 0 0,23
100,01101001,00000000,0.55670166 -0.028503418 0.02166748 -0.829895,-0.017777778 0.034444444 0.45777777,0.26 0.02 1.62,0 0 0,23
101,01101001,00000000,0.56866455 -0.024841309 0.0178833 -0.82196045,0.06 0.06888889 0.09555556,0.18 -0.02 1.56,0 0 0,23
102,01101001,00000000,0.57562256 -0.018676758 0.018127441 -0.8171997,0.045555554 0.064444445 0.18111111,0.14 -0.07 1.47,0 227 -12289,23
103,01101001,00000000,0.5809326 -0.022155762 0.01776123 -0.8134155,-0.06333333 -0.06111111 0.11333334,0.23 -0.04 1.6,0 0 0,23
104,01101001,00000000,0.5845947 -0.023071289 0.023620605 -0.8106079,-0.046666667 0.18111111 0.027777778,0.2 -0.12 1.5,0 0 0,23
105,01101001,00000000,0.59814453 -0.01763916 0.031921387 -0.8004761,-0.036666665 0.02 0.47,0.13 -0.15 1.48,0 0 0,23
106,01101001,00000000,0.6057129 -0.025024414 0.032287598 -0.79455566,-0.04777778 -0.08111111 -0.0011111111,0.19 -0.06 1.51,0 0 0,23
107,01101001,00000000,0.60528564 -0.020935059 0.033569336 -0.7949829,0.0055555557 0.031111112 0.03,0.05 0 1.34,0 0 0,23
108,01101001,00000000,0.61346436 -0.030029297 0.020141602 -0.7888794,0.19666667 -0.43333334 0.027777778,0.17 0.14 1.45,0 0 0,23
109,01101001,00000000,0.62976074 -0.04345703 0.0078125 -0.7755127,-0.17333333 -0.34111112 0.69222224,0.41 0.14 1.48,0 0 0,23
110,01101001,00000000,0.65509033 -0.07507324 -0.0032348633 -0.015625,-0.27222222 -0.6566667 0.67777777,0.72 0.01 2.07,0 0 0,23
111,01101001,00000000,0.67352295 -0.1005249 -0.015991211 -0.73205566,0.06333333 -0.26777777 0.25777778,0.43 -0.11 1.74,0 0 0,23
112,01101001,00000000,0.68310547 -0.092041016 -0.019592285 -0.7241821,0.06111111 0.29555556 0.1711111,0.55 0 1.36,0 0 0,23
113,01101001,00000000,0.68078613 -0.08294678 -0.0065307617 -0.72766113,-0.093333334 0.27222222 -0.21555555,0.47 -0.1 1.5,0 0 0,23
114,01101001,00000000,0.6680298 -0.08001709 -0.0010375977 -0.7397461,-0.045555554 0.19444445 -0.31111112,0.41 -0.11 1.48,0 0 0,23
115,01101001,00000000,0.65515137 -0.07739258 0.00390625 -0.75146484,-0.032222223 0.12777779 -0.24444444,0.36 -0.16 1.46,0 0 0,23
116,01101001,00000000,0.64611816 -0.07397461 0 -0.7595825,0.10666667 -0.06888889 -0.2588889,0.37 -0.08 1.58,0 0 0,23
117,01101001,00000000,0.635376 -0.07305908 -0.003479004 -0.76867676,-0.02 0.13222222 -0.21333334,0.36 -0.08 1.53,0 0 0,23
118,01101001,00000000,0.6296997 -0.06945801 0.0040893555 -0.77368164,-0.08 0.16888888 -0.078888886,0.32 -0.1 1.53,0 0 0,23
119,01101001,00000000,0.62786865 -0.065979004 0.010498047 -0.7753906,-0.02111111 0.045555554 0.017777778,0.28 -0.1 1.52,0 0 255,23
120,01101001,00000000,0.62939453 -0.06512451 0.00970459 -0.774292,0.0044444446 -0.01 0.054444443,0.3 -0.06 1.54,0 0 0,23
121,01101001,00000000,0.6326294 -0.06488037 0.010192871 -0.7716675,-0.03 0.032222223 0.06666667,0.28 -0.06 1.53,0 0 0,23
122,01101001,00000000,0.63500977 -0.0637207 0.011352539 -0.76971436,-0.036666665 0.018888889 0.03,0.28 -0.05 1.53,0 0 0,23
123,01101001,00000000,0.6368408 -0.06488037 0.011352539 -0.76812744,-0.036666665 -0.04888889 0.064444445,0.27 -0.08 1.56,0 0 0,23
124,01101001,00000000,0.638855 -0.06640625 0.00982666 -0.7662964,0.017777778 -0.053333335 0.011111111,0.32 -0.09 1.89,0 0 0,23
125,01101001,00000000,0.63391113 -0.073791504 -0.0024414062 -0.7697754,0.12444445 -0.32 -0.2777778,0.28 -0.15 2.42,0 0 0,23
126,01101001,00000000,0.6158447 -0.07965088 -0.016296387 -0.78356934,0.13444445 -0.10333333 -0.34666666,0.58 0.05 2.05,0 0 0,23
127,01101001,00000000,0.60528564 -0.060424805 -0.0107421875 -0.7935791,0.017777778 0.6166667 0.043333333,0.49 0.07 1.59,0 0 0,23
128,01101001,00000000,0.59710693 -0.031311035 0.027526855 -0.8010254,-0.37111112 0.6944444 -0.18444444,0.13 0 1.09,0 0 0,23
129,01101001,00000000,0.6143799 -0.031311035 0.055664062 -0.78637695,-0.3 0.26555556 0.29333332,0.12 -0.21 1.21,0 0 0,23
130,01101001,00000000,0.62994385 -0.022949219 0.06970215 -0.7731323,0.022222223 0.21555555 0.44111112,0.15 -0.21 1.1,0 0 0,23
131,01101001,00000000,0.6382446 0.010437012 0.08483887 -0.76501465,0.22888888 0.9111111 -0.007777778,-0.03 -0.13 0.61,0 0 0,23
132,01101001,00000000,0.6168213 0.062072754 0.12823486 -0.77404785,-0.56666666 -0.59555554 -0.5877778,0.21 -0.16 -0.01,0 0 0,23
133,01101001,00000000,0.59381104 0.04937744 0.10205078 -0.7965698,0.38555557 -2.3011112 -0.6077778,0 0 0.06,0 0 0,23
134,01101001,00000000,0.5750122 -0.030761719 -0.03466797 -0.81677246,0.64111114 -1.4433334 -0.5822222,1.52 0.69 2.62,0 0 0,23
135,01101001,00000000,0.5631714 -0.046081543 -0.047912598 -0.8236084,-0.062222224 0.06 -0.18555556,0.76 0.27 3.04,0 0 0,23
136,01101001,00000000,0.56396484 -0.034057617 -0.035888672 -0.8242798,-0.107777774 0.2888889 -0.05,0.48 0.19 2.69,0 0 0,23
137,01101001,00000000,0.5649414 -0.036987305 -0.028869629 -0.8237915,-0.06555556 -0.0033333334 0.078888886,0.47 0.1 2.32,0 0 0,23
138,01101001,00000000,0.5593872 -0.036010742 -0.013916016 -0.8279419,-0.2988889 0.12555556 -0.11666667,0.13 -0.04 1.45,0 0 0,23
139,01101001,00000000,0.5576782 -0.036254883 0.0029296875 -0.82922363,-0.19111112 0.28777778 0.18666667,0.26 0.01 1.02,0 0 0,23
140,01101001,00000000,0.5630493 -0.02508545 0.021728516 -0.8256836,-0.026666667 0.28 0.0022222223,0.05 -0.1 1.49,0 0 0,23
141,01101001,00000000,0.5673828 -0.022155762 0.014038086 -0.82299805,0.14888889 -0.22444445 0.07111111,0.27 0.02 2.64,0 0 0,23
142,01101001,00000000,0.56781006 -0.02154541 0.0043945312 -0.82281494,0.024444444 0.11777778 -0.112222224,0.22 0.17 3.22,0 0 0,23
143,01101001,00000000,0.5639038 -0.010009766 0.026245117 -0.82525635,-0.33666667 0.47333333 -0.023333333,0.17 0.01 2.08,0 0 0,23
144,01101001,00000000,0.56481934 -0.00012207031 0.039855957 -0.82421875,0.08777778 0.057777777 -0.04777778,0.41 0.01 1.66,0 0 0,23
145,01101001,00000000,0.5645752 0.0063476562 0.032470703 -0.824646,0.20777778 0.12666667 0.02111111,0 -0.12 0.83,0 0 0,23
146,01101001,00000000,0.567749 0.026489258 0.039123535 -0.82177734,-0.032222223 0.44555557 -0.20222223,0 0.07 0.44,0 0 0,23
147,01101001,00000000,0.5628052 0.03363037 0.0625 -0.8234863,-0.38111112 0.24111111 -0.16555555,-0.08 -0.05 0.81,0 0 0,23
148,01101001,00000000,0.5654907 0.026489258 0.08428955 -0.8199463,-0.32777777 0.06 0.10888889,0 -0.12 1.43,0 0 0,23
149,01101001,00000000,0.5643921 0.020507812 0.10095215 -0.8189697,-0.29555556 0.06888889 -0.026666667,-0.06 -0.12 1.39,0 0 0,23
150,01101001,00000000,0.5571289 0.018554688 0.11907959 -0.82159424,-0.23666666 0.14888889 -0.25111112,-0.2 -0.2 1.54,0 0 0,23
151,01101001,00000000,0.55340576 0.013549805 0.12768555 -0.822876,-0.11 -0.04222222 -0.022222223,-0.13 -0.26 1.43,0 0 0,23
152,01101001,00000000,0.5462036 0.01586914 0.12780762 -0.8276367,0.16111112 0.17 -0.15222222,-0.11 -0.27 0.83,0 0 0,23
153,01101001,00000000,0.53131104 0.04510498 0.14123535 -0.8306885,-0.057777777 13.084444 -23.04,0.03 -0.17 0.08,0 0 0,23
154,01101001,00000000,0.5045166 0.08972168 0.17120361 -0.84143066,0.043333333 -0.29333332 -0.7111111,0 -0.11 0.04,0 0 0,23
155,01101001,00000000,0.49493408 0.10217285 0.12213135 -0.854187,1.8011111 -0.107777774 0.4077778,-1 0.2 1.59,0 0 0,23
156,01101001,00000000,0.53601074 0.017028809 0.0178833 -0.84381104,0.9344444 -2.1311111 0.77,0.34 0.24 3.99,0 0 0,23
157,01101001,00000000,0.53967285 -0.0067749023 -0.0368042 -0.8410034,0.112222224 -0.31666666 0.14444445,0.6 0.56 3.18,0 0 0,23
158,01101001,00000000,0.5476074 -0.03845215 -0.047607422 -0.83447266,-0.26444444 -0.76666665 0.06555556,0.23 0.09 2.36,0 0 0,23
159,01101001,00000000,0.546875 -0.05078125 -0.039978027 -0.8347168,-0.24555555 0.47333333 -0.07777778,0.22 -0.01 1.13,0 0 0,23
160,01101001,00000000,0.5449219 -0.031921387 -0.014038086 -0.8377075,-0.20777778 0.36666667 -0.064444445,0.18 0.02 1.43,0 0 0,23
161,01101001,00000000,0.53808594 -0.027404785 -0.008972168 -0.8423462,0.11444444 -0.02 -0.17888889,0.13 0.03 2.01,0 0 0,23
162,01101001,00000000,0.5390625 -0.037902832 -0.026916504 -0.8409424,0.03888889 -0.42666668 0.34555554,-147.8 -0.02 -0.01,0 0 0,23
163,01101001,00000000,0.53619385 -0.047180176 0.008544922 -0.84265137,-0.65 0.35555556 -0.032222223,0.66 0.16 3.38,0 0 0,23
164,01101001,00000000,0.5340576 -0.046691895 0.011657715 -0.8440552,0.5711111 -0.17444444 0.083333336,0.69 -0.06 0.89,0 0 0,23
165,01101001,00000000,0.5302124 -0.026611328 -0.013000488 -0.8473511,0.33888888 0.9777778 0.018888889,0.07 -0.13 0.05,0 0 0,23
166,01101001,00000000,0.47479248 -0.0126953125 0.045532227 -0.8787842,-0.0055555557 0.68 -0.43444446,0.35 -0.3 -0.86,0 0 0,23
167,01101001,00000000,0.46551514 0.03503418 0.05834961 -0.8823242,0.23 0.49888888 -0.84555554,0.16 -0.08 -0.25,0 0 0,23
168,01101001,00000000,0.4847412 0.07305908 0.036743164 -0.8707886,0.54 0.38222224 1.2388889,0.21 0.03 0.01,0 0 0,23
169,01101001,00000000,0.5111084 0.07354736 -0.0010986328 -0.85632324,-0.7266667 -2.0333333 -0.13444445,-0.31 0.88 2.46,0 0 0,23
170,01101001,00000000,0.484375 -0.029785156 -0.020141602 -0.8734131,-0.43666667 -0.91333336 28.16,1.01 -0.14 2.2,0 0 0,23
171,01101001,00000000,0.44470215 -0.06616211 -0.030273438 -0.89263916,-0.16444445 -0.31333333 -0.3422222,0.91 0.3 1.82,0 0 0,23
172,01101001,00000000,0.41748047 -0.051696777 0.0010375977 -0.9071655,-0.5144445 0.41222224 0.21,0.28 0.04 2.29,0 0 0,23
173,01101001,00000000,0.41949463 -0.02368164 0.020080566 -0.90722656,0.093333334 0.7866667 -0.2611111,0.07 -0.06 1.24,0 0 0,23
174,01101001,00000000,0.42236328 0.019104004 0.04534912 -0.9050293,-0.42555556 0.75666666 0.19777778,0.05 0.06 0.56,0 0 0,23
175,01101001,00000000,0.4216919 0.024108887 0.06781006 -0.9038696,-0.036666665 -0.17444444 0.24555555,0.02 -0.07 1.27,0 0 0,23
176,01101001,00000000,0.4293213 -0.0008544922 0.051513672 -0.90167236,0.078888886 -0.6111111 -0.10888889,0.01 -0.15 1.96,0 0 0,23
177,01101001,00000000,0.43737793 -0.029968262 0.022583008 -0.8984375,0.46333334 -0.85333335 0.33888888,0.05 -0.03 3.6,0 0 0,23
178,01101001,00000000,0.44677734 -0.08459473 -0.011230469 -0.89056396,-1.1577778 -0.6011111 0.35333332,0.81 0.38 6.31,0 0 0,23
179,01101010,00000000,0.4588623 -0.10241699 0.024597168 -0.88220215,-1.2055556 0.20444444 0.85888886,1.43 -2.1 -0.01,0 0 0,23
180,01101010,00000000,0.46624756 -0.093322754 0.03967285 -0.8787842,0.2888889 1.0622222 0.04222222,0.04 -0.22 -0.08,1 1 1,23
181,01101010,00000000,0.46679688 -0.08526611 0.021240234 -0.87994385,1.0966667 -1.8955555 -0.29666665,-0.24 -0.46 -6.24,2 2 2,23
182,01101010,00000000,0.45343018 -0.06488037 0.028808594 -0.88842773,-0.85 0.4677778 -0.9777778,-0.05 0.36 -0.76,3 3 3,23
183,01101010,00000000,0.45983887 -0.057250977 0.062438965 -0.88391113,-0.89444447 0.58555555 0.5311111,0.04 -0.12 -0.25,4 4 4,23
184,01101010,00000000,0.46264648 -0.05871582 0.0814209 -0.88079834,-0.4788889 0.026666667 0,-0.17 -0.1 0.16,5 5 5,23
185,01101010,00000000,0.4574585 -0.06506348 0.09765625 -0.8814087,-0.9711111 0.078888886 -0.20666666,-0.09 -0.19 0.17,6 6 6,23
186,01101010,00000000,0.45013428 -0.07006836 0.11419678 -0.88275146,-0.36 0.23333333 -0.18555556,-0.14 -0.21 0.23,7 7 7,23
187,01101010,00000000,0.40625 -0.06707764 0.10058594 -0.8988037,0.28444445 -1.4033333 -1.5344445,-0.93 -0.02 1.27,8 8 8,23
188,01101010,00000000,0.4260254 -0.059020996 0.06011963 -0.90075684,0.87777776 -0.28 0.41555557,-0.12 0.04 1.36,9 9 9,23
189,01101010,00000000,0.42852783 -0.05529785 0.037231445 -0.901001,1.0111111 -0.22222222 -0.19,0.36 -0.02 1.84,10 10 10,23
190,01101010,00000000,0.42303467 -0.05126953 0.015075684 -0.90448,0.5377778 -0.16888888 -0.24111111,0.27 0.15 1.62,11 11 11,23
191,01101010,00000000,0.41204834 -0.048583984 0.00592041 -0.90979004,0.3588889 0.052222222 -0.50333333,0.32 0.27 1.67,12 12 12,23
192,01101010,00000000,0.4041748 -0.04534912 0.00061035156 -0.9135742,0.18888889 -0.025555555 -0.47111112,0.17 0.16 1.71,13 13 13,23
193,01101010,00000000,0.39520264 -0.0435791 -0.0099487305 -0.91748047,0.45555556 -0.096666664 -0.21555555,0.07 0.23 1.91,14 14 14,23
194,01101010,00000000,0.38983154 -0.048095703 -0.020141602 -0.91937256,0.27333334 -0.38777778 -0.24555555,0.43 0 1.88,15 15 15,23
195,01101010,00000000,0.3852539 -0.055664062 -0.031799316 -0.9205322,0.31444445 -0.55444443 -0.17444444,0.07 0.2 1.77,16 16 16,23
196,01101010,00000000,0.3829956 -0.06781006 -0.045837402 -0.920105,0.26666668 -0.5911111 -0.07111111,0.21 -0.06 81.16,17 17 17,23
197,01101010,00000000,0.3809204 -0.0769043 -0.054870605 -0.91973877,0.18222222 -0.43444446 -0.07111111,0.4 0.16 1.7,17 17 17,23
198,01101010,00000000,0.37878418 -0.0826416 -0.059448242 -0.9197998,0.028888889 -0.19 -0.09111111,0.51 0.37 1.57,17 17 17,23
199,01101010,00000000,0.37664795 -0.083984375 -0.06072998 -0.9205322,-0.0022222223 -0.0033333334 -0.15222222,0.42 0.17 1.52,17 17 17,23
200,01101010,00000000,0.37213135 -0.08502197 -0.05706787 -0.9225464,-0.20888889 0.018888889 -0.12777779,0.34 0.26 1.46,17 17 17,23
201,01101010,00000000,0.36767578 -0.08660889 -0.05065918 -0.9244385,-0.3077778 0.072222225 -0.10666667,0.39 0.16 1.47,17 17 17,23
202,01101010,00000000,0.36480713 -0.08642578 -0.041870117 -0.9260864,-0.38666666 0.20222223 -0.22666667,0.46 0.19 1.42,17 17 17,23
203,01101010,00000000,0.35601807 -0.081848145 -0.029968262 -0.9303589,-0.34777778 0.31666666 -0.30333334,0.27 0.07 1.51,17 17 17,23
204,01101010,00000000,0.3479004 0.0010375977 0.0010375977 -0.014587402,-0.36 0.39666668 -0.3611111,0.33 0.29 1.54,17 17 17,23
205,01101010,00000000,0.33691406 -0.07006836 -0.009155273 -0.9388428,-0.3588889 0.38444445 -0.49444443,0.2 0.1 1.52,17 17 17,23
206,01101010,00000000,0.32513428 -0.064086914 0.0005493164 -0.94348145,-0.27 0.27 -0.41,0.17 0.11 1.58,17 17 17,23
207,01101010,00000000,0.31652832 -0.061462402 0.0078125 -0.9465332,-0.25555557 0.2211111 -0.29,0.16 0.05 1.46,17 17 17,23
208,01101010,00000000,0.3098755 -0.057434082 0.013916016 -0.9489136,-0.18 0.21444444 -0.29,-0.04 0.08 1.6,17 17 17,23
209,01101010,00000000,0.30065918 -0.05303955 0.018737793 -0.95202637,-0.104444444 0.20888889 -0.35222223,0.01 -0.04 1.61,17 17 17,23
210,01101010,00000000,0.2904663 -0.051818848 0.020629883 -0.95526123,-0.012222222 -0.012222222 -0.33555555,-0.01 -0.08 1.71,17 17 17,23
211,01101010,00000000,0.28875732 -0.055480957 0.018188477 -0.9555664,0.06 -0.2611111 -0.0055555557,0.05 0.09 1.57,17 17 17,23
212,01101010,00000000,0.2888794 -0.062805176 0.015258789 -0.95513916,0.024444444 -0.34555554 0.017777778,0.16 -0.02 1.54,17 17 17,23
213,01101010,00000000,0.29284668 -0.072387695 0.011047363 -0.95336914,0.06111111 -0.39 0.17888889,0.09 0.02 1.62,99 -421 -15361,23
214,01101010,00000000,0.30023193 -0.07922363 0.0075683594 -0.9505005,0.10333333 -0.2588889 0.44444445,0.28 0.03 1.55,17 17 17,23
215,01101010,00000000,0.3098755 -0.08239746 0.0037231445 -0.94714355,0.15888889 -0.115555555 0.3288889,0.34 0.06 1.54,17 17 17,23
216,01101010,00000000,0.31860352 -0.079711914 -0.003540039 -0.94451904,0.37666667 0.007777778 0.3122222,0.4 0.07 1.47,17 17 17,23
217,01101010,00000000,0.3206787 -0.074645996 -0.0095825195 -0.94415283,0.28111112 0.13222222 -0.052222222,0.15 -0.03 1.51,17 17 17,23
218,01101010,00000000,0.3218994 -0.06854248 -0.016784668 -0.9440918,0.40888888 0.13333334 0.024444444,0.19 -0.04 1.64,17 17 17,23
219,01101010,00000000,0.31933594 -0.060668945 -0.024169922 -0.9453125,0.29222223 0.18555556 -0.13666667,0.29 0.08 1.62,17 17 17,23
220,01101010,00000000,0.31781006 -0.053710938 -0.02722168 -0.946167,0.14333333 0.23333333 -0.032222223,0.13 0.02 1.31,17 17 17,23
221,01101010,00000000,0.31481934 -0.04864502 0.0010375977 -0.014587402,-0.13666667 0.1388889 -0.20333333,0.08 -0.04 1.47,17 17 17,23
222,01101010,00000000,0.3053589 -0.049804688 -0.020751953 -0.9506836,-0.17222223 -0.037777778 -0.37333333,0.26 0 1.44,17 17 17,23
223,01101010,00000000,0.29431152 -0.05267334 -0.020568848 -0.9540405,-0.024444444 -0.18555556 -0.65,0 0.01 1.64,17 17 17,23
224,01101010,00000000,0.27807617 -0.05645752 -0.025634766 -0.9585571,0.23444444 -0.22333333 -0.73777777,0.28 0.06 1.61,17 17 17,23
225,01101010,00000000,0.2626953 -0.059326172 -0.036193848 -0.9623413,0.3888889 -0.22444445 -0.6711111,0.1 0.14 1.64,17 17 17,23
226,01101010,00000000,0.24377441 -0.056030273 -0.047851562 -0.96698,0.34666666 0.078888886 -0.8244445,0.28 0.27 1.66,17 17 17,23
227,01101010,00000000,0.2263794 -0.04748535 -0.055786133 -0.97125244,0.3422222 0.28666666 -0.6377778,0.39 0.43 1.7,17 17 17,23
228,01101010,00000000,0.21673584 -0.03881836 -0.0579834 -0.97369385,-0.04222222 0.32777777 -0.45,0.29 0.3 1.42,17 17 17,23
229,01101010,00000000,0.20843506 -0.0289917 -0.04675293 -0.9764404,-0.41333333 0.41666666 -0.19777778,0.39 0.29 1.58,17 17 17,23
230,01101010,00000000,0.21374512 -0.023132324 -0.03363037 -0.9760132,-0.49444443 0.30666667 0.34777778,0.2 0.22 1.48,17 68 -14849,23
231,01101010,00000000,0.21966553 -0.020935059 -0.020935059 -0.97509766,-0.47333333 0.12 0.23444444,0.12 0.1 1.48,17 17 17,23
232,01101010,00000000,0.22955322 -0.024108887 -0.009765625 -0.9729004,-0.36222222 -0.08222222 0.43333334,0.09 0.04 1.45,17 17 17,23
233,01101010,00000000,0.24481201 -0.030212402 -0.0037841797 -0.9690552,-0.26222223 -0.17444444 0.75333333,0.09 0.04 1.65,17 17 17,23
234,01101010,00000000,0.27087402 -0.03643799 -0.0017089844 -0.961853,-0.062222224 -0.23444444 1.2577778,0.28 0.04 1.69,17 17 17,23
235,01101010,00000000,0.30187988 -0.04144287 -0.00079345703 -0.9523926,-0.026666667 -0.14333333 1.4666667,0.39 0.07 1.58,17 17 17,23
236,01101010,00000000,0.3435669 -0.04284668 0.0005493164 -0.9381714,-0.0011111111 0.008888889 1.5455556,0.37 0.14 1.57,17 17 17,23
237,01101010,00000000,0.37280273 -0.039489746 0.0040283203 -0.92700195,-0.05 0.23222223 1.2333333,0.29 0.07 1.59,17 17 17,23
238,01101010,00000000,0.39544678 -0.034118652 0.0079956055 -0.014587402,-0.016666668 0.22666667 0.88,0.23 0.13 1.71,17 17 17,23
239,01101010,00000000,0.411438 -0.031066895 0.010070801 -0.91082764,-0.02 0.06666667 0.7,0.23 0.15 1.59,17 17 17,23
240,01101010,00000000,0.42596436 -0.03173828 0.011474609 -0.90405273,-0.054444443 -0.022222223 0.5088889,0.2 0.04 1.47,17 17 17,23
241,01101010,00000000,0.43408203 -0.034423828 0.012573242 -0.90008545,-0.08777778 -0.12888889 0.34111112,0.1 0 1.51,17 17 17,23
242,01101010,00000000,0.44055176 -0.03778076 0.0134887695 -0.8967285,-0.08222222 -0.11111111 0.28444445,0.27 0.01 1.52,17 17 17,23
243,01101010,00000000,0.4477539 -0.041259766 0.014099121 -0.89312744,-0.06111111 -0.07666667 0.32555556,0.29 -0.09 1.56,17 17 17,23
244,01101010,00000000,0.45587158 -0.042907715 0.014221191 -0.888855,-0.011111111 -0.075555556 0.34111112,0.36 0 1.66,17 17 17,23
245,01101010,00000000,0.46270752 -0.04486084 0.012634277 -0.8852539,0.052222222 -0.11444444 0.33,0.27 -0.08 1.64,17 17 17,23
246,01101010,00000000,0.4718628 -0.04736328 0.010437012 -0.88031006,0.034444444 -0.13222222 0.34111112,0.33 -0.03 1.56,17 17 17,23
247,01101010,00000000,0.4779663 -0.047424316 0.009399414 -0.87701416,0.05111111 -0.015555556 0.28111112,0.37 0.08 1.52,17 17 255,23
248,01101010,00000000,0.48187256 -0.04559326 0.010192871 -0.87493896,0.007777778 0.096666664 0.18777777,0.16 0 1.59,17 17 17,23
249,01101010,00000000,0.48498535 -0.042114258 0.01184082 -0.8734131,0.03888889 0.16333333 0.12,0.12 0 1.55,17 17 17,23
250,01101010,00000000,0.48754883 -0.036865234 0.012451172 -0.8721924,0.08444444 0.16777778 0.123333335,0.22 -0.02 1.56,17 17 17,23
251,01101010,00000000,0.48999023 -0.033569336 0.012023926 -0.8709717,0.06666667 0.08222222 0.05,0.19 0.05 1.59,17 17 17,23
252,01101010,00000000,0.4892578 -0.030334473 0.010864258 -0.871521,0.16 0.10888889 -0.11666667,0.16 0.09 1.65,17 17 17,23
253,01101010,00000000,0.48321533 -0.024902344 0.005493164 -0.87506104,0.2688889 0.09222222 -0.29555556,0.27 -0.11 1.81,17 17 17,23
254,01101010,00000000,0.47192383 -0.01361084 -0.0040283203 -0.8814697,0.7888889 0.34111112 -0.76,0.08 -0.16 1.94,17 17 17,23
255,01101010,00000000,0.45812988 0.012817383 -0.023864746 -0.88848877,1.5688889 0.80777776 -0.43555555,0.23 0.01 1.48,17 17 17,23
0,01101010,00000000,0.44250488 0.050720215 -0.048339844 -0.89398193,1.6433333 1.0422223 -1.0444444,0.17 0.25 1.31,17 17 17,23
1,01101010,00000000,0.4187622 0.099609375 -0.069885254 -0.8998413,1.4211111 1.1955556 -0.6333333,0 0.58 1.44,17 17 17,23
2,01101010,00000000,0.41375732 0.12927246 -0.08050537 -0.89746094,0.5966667 0.79333335 -0.07111111,-0.09 0.72 1.17,17 17 17,23
3,01101010,00000000,0.409729 0.14379883 -0.076660156 -0.89746094,-0.14777778 0.46666667 -0.36444443,-0.37 0.68 1.21,17 17 17,23
4,01101010,00000000,0.40551758 0.14562988 -0.066833496 -0.8998413,-0.24222222 0.052222222 -0.08777778,-0.08 0.45 1.37,17 17 17,23
5,01101010,00000000,0.40777588 0.14343262 -0.064208984 -0.89941406,-0.08222222 -0.07333333 0.14777778,-0.2 0.58 1.29,17 17 17,23
6,01101010,00000000,0.41204834 0.14141846 -0.06628418 -0.89764404,0.10555556 -0.104444444 0.19333333,-0.25 0.35 1.48,17 17 17,23
7,01101010,00000000,0.41467285 0.140625 -0.06951904 -0.89630127,0.083333336 -0.06 0.1388889,-0.13 0.64 1.4,17 17 17,23
8,01101010,00000000,0.4161377 0.13983154 -0.072753906 -0.8954468,0.052222222 -0.04111111 0.016666668,-0.26 0.45 1.52,17 17 17,23
9,01101010,00000000,0.4159546 0.13873291 -0.0736084 -0.8956909,-0.018888889 -0.044444446 -0.0044444446,-0.19 0.42 1.48,17 17 17,23
10,01101010,00000000,0.4156494 0.13793945 -0.07348633 -0.8959961,-0.014444444 -0.018888889 0.027777778,-0.1 0.52 1.48,17 17 17,23
11,01101010,00000000,0.41674805 0.13983154 -0.07562256 -0.8949585,0.13333334 0.05666667 0.07777778,-0.1 0.47 1.53,17 17 17,23
12,01101010,00000000,0.4187622 0.14331055 -0.0791626 -0.8931885,0.14777778 0.08888889 0.05666667,-0.08 0.58 1.48,17 17 17,23
13,01101010,00000000,0.41503906 0.14776611 -0.08074951 -0.89404297,0.15 0.12222222 -0.23222223,-0.19 0.63 1.42,17 17 17,23
14,01101010,00000000,0.40734863 0.15350342 -0.08227539 -0.89642334,0.19111112 0.107777774 -0.32777777,-0.14 0.6 1.36,17 17 17,23
15,01101010,00000000,0.39782715 0.1609497 -0.083740234 -0.899353,0.27333334 0.23444444 -0.39777777,-0.21 0.49 1.42,17 17 17,23
16,01101010,00000000,0.39263916 0.1697998 -0.08618164 -0.89971924,0.2911111 0.31 -0.06666667,-0.3 0.53 1.4,17 17 17,23
17,01101010,00000000,0.3916626 0.17889404 -0.09197998 -0.89782715,0.4077778 0.23555556 0.045555554,-33.28 0 1.22,17 17 17,23
18,01101010,00000000,0.38568115 0.18737793 -0.095581055 -0.8983154,0.18888889 0.21666667 -0.33888888,-0.31 0.48 1.45,17 17 17,23
19,01101010,00000000,0.37860107 0.20129395 -0.097229004 -0.8981323,0.38444445 0.66444445 -0.35777777,-0.14 0.78 1.49,17 17 17,23
20,01101010,00000000,0.37609863 0.22424316 -0.09777832 -0.89367676,0.41111112 1.0011111 -0.104444444,-0.25 0.79 1.39,17 17 17,23
21,01101010,00000000,0.3746338 0.25683594 -0.09643555 -0.8856201,0.45333335 1.1422222 0.01,-0.43 0.72 1.33,17 17 17,23
22,01101010,00000000,0.37615967 0.28430176 -0.093811035 -0.87683105,0.25777778 1.1144445 -0.05666667,-0.35 0.76 1.18,17 17 17,23
23,01101010,00000000,0.37322998 0.3071289 -0.083740234 -0.8713989,-0.05888889 1.0477778 -0.20111111,-0.55 0.8 1.01,17 17 17,23
24,01101010,00000000,0.37738037 0.32580566 -0.06964111 -0.8640137,-0.33222222 0.6944444 0.096666664,-0.65 0.68 1.01,17 17 17,23
25,01101010,00000000,0.375 0.33294678 -0.056030273 -0.8591919,-0.50666666 7.11 31.004444,-0.57 0.72 1.08,17 17 17,23
26,01101010,00000000,0.39440918 0.3363037 -0.042907715 -0.85406494,-0.56666666 0.34888887 0.19,-0.78 0.6 1.1,17 17 17,23
27,01101010,00000000,0.40356445 0.33636475 -0.030212402 -0.8503418,-0.5744445 0.24111111 0.29444444,-0.74 0.58 1.17,17 17 17,23
28,01101010,00000000,0.411438 0.3348999 -0.015991211 -0.84747314,-0.5188889 0.16111112 -0.05888889,-0.76 0.44 1.22,17 17 17,23
29,01101010,00000000,0.4163208 0.33996582 -0.005493164 -0.8432007,-0.30666667 0.52555555 -0.055555556,-0.73 0.56 1.35,17 17 17,23
30,01101010,00000000,0.41656494 0.35217285 0.0045166016 -0.83807373,-0.11111111 0.71666664 0.05111111,-0.63 0.33 1.3,17 17 17,23
31,01101010,00000000,0.4151001 0.3675537 0.017333984 -0.8319702,-0.037777778 0.52555555 0.06,-0.56 0.17 1.11,17 17 17,23
32,01101010,00000000,0.41033936 0.39404297 0.03186035 -0.8217163,-0.2 1.9144444 -0.45333335,-0.59 0.01 1.02,17 17 17,23
33,01101010,00000000,0.3986206 0.42443848 0.05822754 -0.81085205,-0.41111112 1.4522222 -0.59,-0.84 0.49 1.12,17 17 17,23
34,01101010,00000000,0.38964844 0.46429443 0.09509277 -0.7896118,-0.3211111 2.1833334 -0.2588889,-190.43 -2.56 -0.01,17 17 17,23
35,01101010,00000000,0.3869629 0.5079346 0.11090088 -0.7614746,0.25444445 2.2922223 0.15,-1.22 0.59 0.81,17 17 17,23
36,01101010,00000000,0.37097168 0.5504761 0.12988281 -0.7364502,0.38777778 2.6344445 -0.44111112,-1.49 0.51 0.54,17 17 17,23
37,01101010,00000000,0.34161377 0.5841675 0.15588379 -0.7194214,0.30222222 1.4888889 -1.4111111,-1.66 0.6 0.16,17 17 17,23
38,01101010,00000000,0.32281494 0.60717773 0.17242432 -0.70513916,0.16777778 1.0355556 -0.33,-1.73 0.43 0.4,17 17 17,23
39,01101010,00000000,0.31079102 0.6117554 0.18511963 -0.70336914,-0.29555556 -0.0044444446 -1.13,-1.63 0.62 -0.26,17 17 17,23
40,01101010,00000000,0.30200195 0.60131836 0.19934082 -0.7123413,-0.18555556 -0.73444444 -0.24444444,-1.4 0.19 0.07,17 17 17,23
41,01101010,00000000,0.30651855 0.5819702 0.19274902 -0.7281494,0.12888889 -0.91 0.032222223,-1.05 -0.02 1,17 17 17,23
42,01101010,00000000,0.296875 0.5793457 0.17449951 -0.7338867,0.86444443 0.6566667 4.266667,-0.51 0.25 0.79,17 17 17,23
43,01101010,00000000,0.2954712 0.60650635 0.18701172 -0.71398926,-0.13333334 1.6722223 -0.17222223,-1.55 0.22 0.22,17 17 17,23
44,01101010,00000000,0.2942505 0.6295166 0.18084717 -0.6958618,0.45444444 0.73777777 0.57666665,-2.06 0.63 0.07,17 17 17,23
45,01101010,00000000,0.2949829 0.6348877 0.17858887 -0.6912842,-0.022222223 0.13666667 0.064444445,-1.7 0.66 0.05,17 17 17,23
46,01101010,00000000,0.2949829 0.6322632 0.18286133 -0.69262695,-0.11666667 -0.043333333 -0.2911111,-1.58 0.21 0.22,17 17 17,23
47,01101010,00000000,0.2925415 0.6315918 0.18353271 -0.69403076,0.13777778 0.031111112 -0.07777778,-1.35 0.25 0.29,17 17 17,23
48,01101010,00000000,0.28533936 0.63623047 0.184021 -0.692688,0.2 0.27888888 -0.20222223,-1.38 0.37 0.33,17 17 17,23
49,01101010,00000000,0.27905273 0.6427002 0.1873169 -0.6884155,0.07666667 0.47444445 -0.27222222,-1.35 0.33 0.35,17 17 17,23
50,01101010,00000000,0.2718506 0.6529541 0.19537354 -0.6793213,-0.012222222 0.81666666 -0.24444444,-1.4 0.32 0.23,17 17 17,23
51,01101010,00000000,0.25683594 0.6706543 0.20770264 -0.66412354,0.23555556 1.0066667 -0.39555556,-1.28 -2.43 -0.01,17 17 17,23
52,01101010,00000000,0.23846436 0.68865967 0.21130371 -0.6512451,0.57222223 1.1311111 -0.34333333,-1.5 0.18 -0.06,17 17 17,23
53,01101010,00000000,0.21789551 0.70892334 0.21002197 -0.6369629,0.75333333 1.1577778 -0.11444444,-1.56 0.43 -0.09,17 17 17,23
54,01101010,00000000,0.1973877 0.72839355 0.20959473 -0.6217041,0.5977778 1.2022222 -0.32222223,-1.56 0.32 -0.2,17 17 17,23
55,01101010,00000000,0.17352295 0.75408936 0.21368408 -0.5961914,0.50555557 1.52 -0.21333334,-1.43 0.36 -0.11,17 17 17,23
56,01101010,00000000,0.1531372 0.77734375 0.22662354 -0.5664673,-0.023333333 1.8311111 -0.6844444,-1.08 0.13 -0.31,17 17 17,23
57,01101010,00000000,0.13647461 0.7959595 0.25006104 -0.53411865,0.09777778 2.0266666 -0.07,-1.62 -0.23 -0.42,17 17 17,23
58,01101010,00000000,0.10870361 0.8213501 0.25146484 -0.5003052,0.5222222 1.3933333 -0.39555556,-1.24 0.12 -0.68,17 17 17,23
59,01101010,00000000,0.11975098 0.8423462 0.24432373 -0.46520996,-0.18333334 1.48 1.1877778,-1.83 0.37 -0.61,17 17 17,23
60,01101010,00000000,0.12646484 0.85424805 0.2354126 -0.44580078,-0.20555556 0.75 0.71,-1.14 0.07 -0.77,17 17 17,23
61,01101010,00000000,0.12017822 0.8594971 0.23291016 -0.4387207,-0.055555556 0.45777777 0.028888889,-1 0.16 -0.77,17 17 17,23
62,01101010,00000000,0.11187744 0.87506104 0.22937012 -0.41107178,0.6344444 1.9088889 0.35222223,-1.12 0.01 -1,17 17 17,23
63,01101010,00000000,0.09448242 0.8961792 0.19836426 -0.38531494,0.023333333 -0.5222222 1.0888889,-1.71 1.13 -0.8,17 17 17,23
64,01101010,00000000,0.107788086 0.89416504 0.21417236 -0.37805176,-0.5188889 1.2844445 0.096666664,-0.96 0.24 -1.08,17 17 17,23
65,01101010,00000000,0.10491943 0.9053345 0.20288086 -0.3579712,0.40888888 0.62777776 0.7411111,-0.89 0.17 -1.12,17 17 17,23
66,01101010,00000000,0.099121094 0.91693115 0.17858887 -0.34259033,0.38 1.0644444 0.9588889,-0.8 0.47 -1.08,17 17 17,23
67,01101010,00000000,0.098083496 0.92852783 0.16644287 -0.3170166,-0.06888889 1.0211111 0.43222222,-1.26 0.33 -1.03,17 17 17,23
68,01101010,00000000,0.09307861 0.927063 0.16870117 -0.32147217,0.28111112 -0.58 -0.16333333,-1.14 0.04 198.52,17 16 17,23
69,01101010,00000000,0.09222412 0.9244385 0.16265869 -0.3322754,-0.08222222 0.094444446 0.31111112,-0.82 0.27 -1.15,17 17 17,23
70,01101010,00000000,0.098083496 0.9272461 0.15875244 -0.3244629,-0.022222223 0.15555556 0.20555556,-0.85 0.18 -0.93,17 17 17,23
71,01101010,00000000,0.099121094 0.92596436 0.16070557 -0.32684326,-0.28666666 -0.2588889 -0.072222225,-1.21 0.36 -1.18,17 17 17,23
72,01101010,00000000,0.11254883 0.9211426 0.17266846 -0.33007812,-0.72555554 -0.11111111 -0.6377778,-0.94 0.39 -0.88,17 17 17,23
73,01101010,00000000,0.10998535 0.9164429 0.19488525 -0.33148193,0.17888889 0.04888889 -0.8333333,-0.93 0.19 -1.14,17 17 17,23
74,01101010,00000000,0.10015869 0.91693115 0.20678711 -0.32617188,0.06555556 0.5088889 -0.40222222,-0.84 0.17 -1.2,17 17 17,23
75,01101010,00000000,0.10333252 0.9164429 0.2107544 -0.3239746,-0.28 -0.21555555 -0.054444443,-0.76 0.11 -0.92,17 17 17,23
76,01101010,00000000,0.11242676 0.0010375977 0.0010375977 -0.014587402,-0.20888889 -0.6488889 -0.17555556,-0.94 0.32 -0.88,17 17 17,23
77,01101010,00000000,0.11212158 0.9036865 0.22845459 -0.34429932,-0.04777778 -0.26777777 -1.0077778,-0.89 0.25 -0.94,17 17 17,23
78,01101010,00000000,0.097961426 0.8959961 0.25811768 -0.34765625,-0.017777778 0.24333334 -1.2666667,-0.96 0.09 -0.84,17 17 17,23
79,01101010,00000000,0.09442139 0.89764404 0.258667 -0.34387207,-0.033333335 0.02 0.16111112,-0.92 -0.11 -0.74,17 17 17,23
80,01101010,00000000,0.101745605 0.89642334 0.25732422 -0.34613037,-0.18777777 -0.26444444 0.19888888,-0.77 0.01 -0.9,17 17 17,23
81,01101010,00000000,0.10211182 0.89727783 0.25115967 -0.3482666,0.47 -0.115555555 0.18333334,-0.62 0.04 -0.67,17 17 17,23
82,01101010,00000000,0.08416748 0.90057373 0.24560547 -0.34851074,0.56666666 0.25444445 0.02111111,-0.73 0.07 -0.77,17 17 17,23
83,01101010,00000000,0.06970215 0.9081421 0.23162842 -0.34155273,0.6477778 0.42 0.3122222,-0.71 -0.06 -0.87,17 17 17,23
84,01101010,00000000,0.06762695 0.91308594 0.22302246 -0.33459473,0.0022222223 0.04222222 0.4911111,-0.45 0.23 -1.01,17 17 17,23
85,01101010,00000000,0.07019043 0.9113159 0.21551514 -0.3435669,0.06333333 -0.57666665 0.1711111,-0.85 -0.01 -0.84,17 3859 -5889,23
86,01101010,00000000,0.080200195 0.9043579 0.21386719 -0.3604126,-0.40888888 -0.70444447 0.04888889,-0.98 0.13 -1.04,17 17 17,23
87,01101010,00000000,0.08496094 0.8991699 0.22058105 -0.368042,-0.05 -0.20333333 -0.2688889,-1.08 0.16 -1.02,17 17 17,23
88,01101010,00000000,0.08691406 0.89941406 0.21801758 -0.36865234,-0.07777778 -0.0033333334 0.31777778,-1.12 0.23 -1.19,17 17 17,23
89,01101010,00000000,0.0914917 0.8994751 0.2175293 -0.36767578,-0.14 0.007777778 0.10555556,-1.1 0.16 -1.26,17 17 17,23
90,01101010,00000000,0.09307861 0.89746094 0.22302246 -0.36895752,-0.14888889 -0.08777778 -0.37666667,-1.24 0.36 -1.42,17 17 17,23
91,01101010,00000000,0.09863281 0.8966675 0.22735596 -0.3668213,-0.34555554 0.06 -0.03888889,-1.23 0.22 -1.31,17 17 17,23
92,01101010,00000000,0.091674805 0.8978882 0.22857666 -0.36480713,0.45222223 -0.006666667 -0.25666666,-0.87 0.37 -1.46,17 17 17,23
93,01101010,00000000,0.084350586 0.89312744 0.0010375977 -0.014587402,0.104444444 -0.2988889 -0.36555555,-1.1 -0.1 -1.33,17 17 17,23
94,01101010,00000000,0.08831787 0.88830566 0.23815918 -0.38250732,-0.15888889 -0.28111112 -0.083333336,-1.05 0.12 -1.21,17 17 17,23
95,01101010,00000000,0.09411621 0.8851929 0.24176025 -0.38604736,-0.2488889 -0.14444445 -0.14888889,-1.14 0.13 -1.26,17 17 17,23
96,01101010,00000000,0.08996582 0.88653564 0.2421875 -0.383667,0.24222222 0.23333333 -0.04777778,-1.15 0.2 -1.14,17 17 17,23
97,01101010,00000000,0.087402344 0.8861084 0.24456787 -0.38372803,-0.062222224 -0.046666667 -0.11666667,-0.81 -0.01 -1.09,17 17 17,23
98,01101010,00000000,0.08782959 0.8826294 0.24761963 -0.38964844,-0.07444444 -0.37444445 -0.2188889,-1.17 0.29 -1.1,17 17 17,23
99,01101010,00000000,0.09112549 0.87524414 0.25598145 -0.40014648,-0.33666667 -0.6611111 -0.47333333,-0.86 -0.1 -0.82,17 17 17,23
100,01101010,00000000,0.09136963 0.86364746 0.2715454 -0.41461182,0.062222224 -0.6888889 -0.8844444,-0.96 0.17 -0.77,17 17 17,23
101,01101010,00000000,0.08795166 0.84332275 0.29675293 -0.43933105,-0.14444445 -1.1677778 -1.2511111,-1.09 -0.1 -0.74,17 17 17,23
102,01101010,00000000,0.089660645 0.8175659 0.32659912 -0.46557617,-0.5 -1.4066666 -1.4777777,-1.12 -0.14 -0.66,17 208 -13057,23
103,01101010,00000000,0.094177246 0.7850952 0.36047363 -0.49468994,-0.73444444 -1.5622222 -1.8788888,-1.22 -0.04 -0.69,17 17 17,23
104,01101010,00000000,0.093322754 0.74554443 0.40234375 -0.5229492,-0.21333334 -1.1877778 -1.6922222,-1.19 -0.36 -0.48,17 17 17,23
105,01101010,00000000,0.06585693 0.696228 0.43621826 -0.5661621,0.8511111 -2.6088889 -3.3766668,-0.94 -0.27 -0.59,17 17 17,23
106,01101010,00000000,0.02130127 0.6105957 0.48931885 -0.6222534,0.98333335 -2.7 -4.7633333,-0.76 -0.37 -0.7,17 17 17,23
107,01101010,00000000,-0.041992188 0.44085693 0.50842285 -0.73846436,4.078889 -6.24 -4.6222224,-1.45 -1.06 -1.11,17 17 17,23
108,01101010,00000000,-0.09851074 0.33917236 0.46948242 -0.80914307,2.7733333 3.701111 -0.72444445,-0.99 -0.93 1.51,17 17 17,23
109,01101010,00000000,-0.18054199 0.31433105 0.49938965 -0.78686523,-0.09 1.6244445 -5.0044446,-0.17 -0.45 0.17,17 17 17,23
110,01101010,00000000,-0.17980957 0.29473877 0.49090576 -0.014587402,1.2377778 0.46333334 1.5955555,-0.03 -1.7 0.61,17 17 17,23
111,01101010,00000000,-0.1875 0.30059814 0.44769287 -0.82092285,1.8388889 -0.21 -0.43555555,-0.96 -1.36 0.37,17 17 17,23
112,01101010,00000000,-0.1977539 0.28405762 0.394104 -0.85131836,2.7544444 -0.37777779 0.8277778,-0.44 -1.18 1.19,17 17 17,23
113,01101010,00000000,-0.18585205 0.2720337 0.34503174 -0.8788452,1.6166667 -0.71 1.1111112,-0.65 -0.81 0.9,17 17 17,23
114,01101010,00000000,-0.1640625 0.2711792 0.31158447 -0.89575195,0.81 0.18444444 1.08,-0.55 -0.9 1.02,17 17 17,23
115,01101010,00000000,-0.1665039 0.2694702 0.30664062 -0.897522,-0.38333333 -0.60888886 -0.57666665,-0.85 -0.66 1.13,17 17 17,23
116,01101010,00000000,-0.15820312 0.25372314 0.331604 -0.89471436,-1.1888889 -0.6788889 -0.20777778,-0.28 -0.98 1.02,17 17 17,23
117,01101010,00000000,-0.15081787 0.24334717 0.3406372 -0.8955078,0.20666666 -0.35222223 0.2611111,-0.7 -1.02 1.08,17 17 17,23
118,01101010,00000000,-0.14294434 0.22735596 0.34613037 -0.89886475,-0.30222222 -0.73777777 -0.17222223,-0.69 -1.18 1,17 17 17,23
119,01101010,00000000,-0.1449585 0.19866943 0.34869385 -0.9042969,0.65444446 -1.778889 -0.69777775,-0.8 -1.29 0.99,17 17 255,23
120,01101010,00000000,-0.15209961 0.14892578 0.33758545 -0.9168091,1.0522223 -1.8555555 -0.98777777,-0.14 -1.12 1.38,17 17 17,23
121,01101010,00000000,-0.15960693 0.08905029 0.3237915 -0.92822266,0.70666665 -1.6655556 -0.69222224,-0.05 -0.59 1.41,17 17 17,23
122,01101010,00000000,-0.16748047 0.06628418 0.33563232 -0.92456055,-0.45333335 -0.7811111 -0.68777776,-0.45 -1.13 1.53,17 17 17,23
123,01101010,00000000,-0.17034912 0.02911377 0.34405518 -0.92285156,0.24333334 -2.0066667 -0.69666666,-0.13 -1.12 1.27,17 17 17,23
124,01101010,00000000,-0.17779541 -0.025024414 0.3480835 -0.92004395,0.04222222 -1.3633333 -1.2177777,-0.06 -1.02 1.08,17 17 17,23
125,01101010,00000000,-0.19445801 -0.076660156 0.34069824 -0.916626,0.92777777 -1.7233334 -1.4877778,0.45 -1.21 1.46,17 17 17,23
126,01101010,00000000,-0.21130371 -0.1171875 0.33776855 -0.90960693,-0.12555556 -1.1444445 -0.95444447,0.39 -0.74 1.18,17 17 17,23
127,01101010,00000000,-0.21875 -0.14483643 0.3470459 -0.9003906,-0.3011111 -0.8144444 -0.5822222,0.35 -0.84 1.45,17 17 17,23
128,01101010,00000000,-0.21948242 -0.16052246 0.36486816 -0.89038086,-0.8288889 -0.77666664 -0.29,0.63 -1.41 1.25,17 17 17,23
129,01101010,00000000,-0.21691895 -0.19000244 0.36358643 -0.8857422,0.38666666 -1.47 -0.062222224,0.63 -0.72 1.01,17 17 17,23
130,01101010,00000000,-0.21411133 -0.19586182 0.37402344 -0.88079834,-0.69222224 0.4888889 -0.07777778,0.84 -1.25 1.25,17 17 17,23
131,01101010,00000000,-0.22174072 -0.18572998 0.3723755 -0.8817749,0.31333333 0.15555556 -0.0022222223,0.52 -1.01 1.14,17 17 17,23
132,01101010,00000000,-0.21362305 -0.17248535 0.3659668 -0.8890991,-0.16444445 0.85555553 0.52444446,0.47 -0.87 1.13,17 17 17,23
133,01101010,00000000,-0.21295166 -0.1453247 0.3725586 -0.89141846,-0.57666665 0.9111111 0.42666668,0.56 -1.19 1.34,17 17 17,23
134,01101010,00000000,-0.21258545 -0.12213135 0.3821411 -0.8909302,-0.3988889 0.63222224 0.26555556,0.7 -1.16 1.35,17 17 17,23
135,01101010,00000000,-0.21435547 -0.10534668 0.3890381 -0.88964844,-0.33555555 0.5188889 0.033333335,0.44 -1.08 1.25,17 17 17,23
136,01101010,00000000,-0.21655273 -0.101379395 0.3876953 -0.8902588,0.17222223 0.064444445 0.011111111,0.59 -1 1.22,17 17 17,23
137,01101010,00000000,-0.2163086 -0.092285156 0.37921143 -0.89489746,0.35222223 0.7122222 0.25111112,0.66 -0.74 1.18,17 17 17,23
138,01101010,00000000,-0.20855713 -0.07409668 0.385437 -0.89575195,-0.7211111 0.16666667 0.77444446,0.47 -0.67 1.13,17 17 17,23
139,01101010,00000000,-0.19519043 -0.052612305 0.4039917 -0.89208984,-0.68777776 0.41555557 0.79,0.13 -1.11 0.97,17 17 17,23
140,01101010,00000000,-0.1842041 -0.04046631 0.4031372 -0.8954468,0.3288889 0.28 0.5222222,0.23 -1.29 1.25,17 17 17,23
141,01101010,00000000,-0.17797852 -0.02947998 0.3945923 -0.90093994,0.18 0.33444443 0.33222222,0.09 -0.97 1.27,17 17 17,23
142,01101010,00000000,-0.17022705 -0.023864746 0.39379883 -0.90289307,-0.04888889 0.17222223 0.50333333,0.09 -0.95 1.21,17 17 17,23
143,01101010,00000000,-0.1616211 -0.014038086 0.3996582 -0.90216064,-0.49444443 0.2 0.44666666,0.1 -1.09 1.26,17 17 17,23
144,01101010,00000000,-0.15716553 -0.0053710938 0.40637207 -0.90008545,-0.04222222 0.123333335 0.15555556,0.11 -1.28 1.22,17 17 17,23
145,01101010,00000000,-0.15789795 -0.0031738281 0.4069214 -0.89971924,-0.15444444 0.18444444 -0.06333333,0.27 -2.56 1.27,17 17 17,23
146,01101010,00000000,-0.16271973 -0.001953125 0.40319824 -0.9005127,0.18222222 0.05 -0.16,0.21 -1.11 1.24,17 17 17,23
147,01101010,00000000,-0.1630249 0.0008544922 0.4066162 -0.89886475,-0.40222222 0.05888889 0.016666668,0 -1.18 1.18,17 17 17,23
148,01101010,00000000,-0.16320801 0.0052490234 0.41107178 -0.8968506,-0.02 0.29555556 0.08,0.23 -1.58 1.41,17 17 17,23
149,01101010,00000000,-0.1673584 0.017822266 0.4095459 -0.89660645,-0.21333334 0.4511111 0.045555554,-0.08 -1.17 1.55,17 17 17,23
150,01101010,00000000,-0.16418457 0.036987305 0.41644287 -0.8933716,-0.25444445 0.8144444 0.5222222,-0.34 -1.49 1.54,17 17 17,23
151,01101010,00000000,-0.15631104 0.056884766 0.42980957 -0.8874512,-1.2777778 0.18888889 0.62222224,-0.27 -1.54 1.63,17 17 17,23
152,01101010,00000000,-0.1453247 0.07269287 0.4586792 -0.87353516,-1 0.27666667 0.35222223,-0.27 -1.38 1.01,17 17 17,23
153,01101010,00000000,-0.15625 0.07574463 0.4730835 -0.86621094,-0.51555556 -26.17 18.487778,-0.02 -1.3 1.08,17 17 17,23
154,01101010,00000000,-0.13824463 0.08502197 0.49072266 -0.85601807,-1.2222222 0.45666668 0.24444444,0.06 -1.24 0.86,17 17 17,23
155,01101010,00000000,-0.14483643 0.10821533 0.50720215 -0.84259033,-0.5222222 0.9011111 -0.14222223,0.01 -1.58 0.96,17 17 17,23
156,01101010,00000000,-0.16412354 0.117614746 0.51049805 -0.8358154,0.11111111 0.35666665 -0.90444446,-0.38 -1.78 0.99,17 17 17,23
157,01101010,00000000,-0.1850586 0.09893799 0.5015869 -0.8392334,0.92 -0.24444444 -1.0722222,0.16 -1.15 0.85,17 17 17,23
158,01101010,00000000,-0.20379639 0.09680176 0.49560547 -0.83862305,-0.41111112 0.7866667 -0.3911111,0.13 -0.87 0.89,17 17 17,23
159,01101010,00000000,-0.21807861 0.11834717 0.5006714 -0.82922363,-0.16888888 0.82555556 0.04222222,0.01 -1.24 0.41,17 17 17,23
160,01101010,00000000,-0.23223877 0.1295166 0.48675537 -0.8320923,0.23777778 0.7644445 -0.13333334,-0.26 -0.84 0.61,17 17 17,23
161,01101010,00000000,-0.24243164 0.14447021 0.48065186 -0.8302002,0.15111111 0.7411111 0.06333333,-0.18 -1.05 0.65,17 17 17,23
162,01101010,00000000,-0.24603271 0.15527344 0.4724121 -0.8319092,0.115555555 0.30555555 0.22888888,-312.48 -2.56 -0.01,17 17 17,23
163,01101010,00000000,-0.2420044 0.15576172 0.4706421 -0.8339844,0.032222223 -0.29222223 -0.07444444,-0.29 -1.07 0.63,17 17 17,23
164,01101010,00000000,-0.24169922 0.15429688 0.46899414 -0.83532715,0.1 0.16 0.35444444,-0.02 -1.09 0.76,17 17 17,23
165,01101010,00000000,-0.24505615 0.1640625 0.46417236 -0.83514404,0.24222222 0.20777778 -0.05666667,-0.36 -1.13 0.74,17 17 17,23
166,01101010,00000000,-0.2421875 0.1651001 0.4486084 -0.8442383,0.7322222 0.22333333 0.40444446,-0.03 -1.21 0.84,17 17 17,23
167,01101010,00000000,-0.2487793 0.17370605 0.4331665 -0.8486328,0.5933333 0.40555555 0.14222223,-0.26 -1.23 0.86,17 17 17,23
168,01101010,00000000,-0.25250244 0.18261719 0.41748047 -0.85357666,0.5322222 0.4811111 0.19,-0.25 -1.16 0.97,17 17 17,23
169,01101010,00000000,-0.24963379 0.18981934 0.40478516 -0.85894775,0.15666667 0.32222223 0.34444445,-0.2 -1.17 1.05,17 17 17,23
170,01101010,00000000,-0.25 0.19750977 0.40441895 -0.85754395,-0.20333333 0.23666666 -0.5711111,-0.39 -1.1 0.76,17 17 17,23
171,01101010,00000000,-0.24737549 0.19885254 0.4013672 -0.85913086,0.36333334 -0.12222222 0.27,-0.49 -1.22 0.89,17 17 17,23
172,01101010,00000000,-0.24078369 0.1907959 0.38336182 -0.87091064,1.16 -0.34111112 0.47555557,-0.36 -1.14 0.92,17 17 17,23
173,01101010,00000000,-0.23406982 0.18670654 0.3511963 -0.88708496,1.1644444 0.11666667 0.40444446,-0.54 -1.09 1.07,17 17 17,23
174,01101010,00000000,-0.22601318 0.19024658 0.3330078 -0.89538574,-0.018888889 0.2588889 0.55,-0.46 -0.79 1.28,17 17 17,23
175,01101010,00000000,-0.21160889 0.20977783 0.35583496 -0.8857422,-2.047778 0.5322222 0.69777775,-0.61 -1.11 1.26,17 17 17,23
176,01101010,00000000,-0.2053833 0.22332764 0.36932373 -0.87835693,-0.06555556 0.45333335 0.035555556,-0.5 -1.43 1.23,17 17 17,23
177,01101010,00000000,-0.21081543 0.2234497 0.36114502 -0.8803711,0.3911111 -0.055555556 -0.15666667,-0.49 -1.08 1.1,17 17 17,23
178,01101010,00000000,-0.21557617 0.20880127 0.35766602 -0.8842163,0.8055556 -0.75222224 -0.34555554,-0.52 -1.52 1.19,17 17 17,23
179,01101010,00000000,-0.23394775 0.19934082 0.3133545 -0.8984375,3.5266666 0.99666667 -0.28,0.75 -0.33 -0.01,17 17 17,23
180,01101010,00000000,-0.26409912 0.19110107 0.23040771 -0.9168091,1.9088889 0.33 0.22,-1.13 0.09 1.19,17 17 17,23
181,01101010,00000000,-0.25201416 0.15710449 0.25579834 -0.9199829,-1.1544445 -0.86333334 -0.57,0.5 -0.84 1.09,17 17 17,23
182,01101010,00000000,-0.26538086 0.17822266 0.2705078 -0.90808105,-0.38666666 1.2255555 -0.078888886,-0.36 -1.02 1.23,17 17 17,23
183,01101010,00000000,-0.2614746 0.18328857 0.2321167 -0.9187622,1.9933333 0.026666667 0.67,-0.78 -0.71 1.22,17 17 17,23
184,01101010,00000000,-0.2524414 0.16534424 0.22003174 -0.9276123,0.0011111111 -1.0488889 0.49888888,-0.58 -0.71 1.25,17 17 17,23
185,01101010,00000000,-0.24615479 0.15234375 0.22271729 -0.9309082,0.26666668 -0.08111111 -0.032222223,-0.24 -0.99 1.04,17 17 17,23
186,01101010,00000000,-0.25628662 0.15209961 0.22192383 -0.9283447,-0.22777778 0.14777778 -0.5922222,-0.26 -0.54 0.82,17 17 17,23
187,01101010,00000000,-0.296875 0.18133545 0.262146 -0.904541,-2.4633334 1.2377778 -1.5655556,-0.52 -0.88 1.12,17 17 17,23
188,01101010,00000000,-0.2966919 0.19042969 0.29852295 -0.8868408,-0.35555556 -0.6522222 -0.2988889,-0.62 -1.36 1.12,17 17 17,23
189,01101010,00000000,-0.30688477 0.16949463 0.30163574 -0.8865967,0.055555556 -0.29666665 -0.74777776,-0.24 -0.78 1.29,17 17 17,23
190,01101010,00000000,-0.32458496 0.17376709 0.30517578 -0.87823486,-0.28777778 0.49888888 -0.7088889,-0.14 -0.74 1.42,17 17 17,23
191,01101010,00000000,-0.32696533 0.17797852 0.31707764 -0.8721924,-0.7688889 0.036666665 0.17,-0.08 -0.59 1.17,17 17 17,23
192,01101010,00000000,-0.3213501 0.19812012 0.33380127 -0.8637085,-1.2422222 0.5977778 0.20333333,-0.24 -1.14 0.97,17 17 17,23
193,01101010,00000000,-0.317688 0.2078247 0.34838867 -0.8569946,-0.18222222 -0.052222222 -0.008888889,-0.31 -1.46 0.85,17 17 17,23
194,01101010,00000000,-0.30786133 0.1920166 0.3213501 -0.8746338,1.5788889 -1.4733334 0.7511111,-1.43 -0.53 1.85,17 17 17,23
195,01101010,00000000,-0.30090332 0.1628418 0.31524658 -0.88513184,-0.072222225 -0.37555555 -0.4422222,-0.27 -1 0.85,17 17 17,23
196,01101010,00000000,-0.3098755 0.18499756 0.30181885 -0.8823242,0.8422222 0.34666666 -0.024444444,0.09 -1.43 141.23,1 16 17,23
197,01101010,00000000,-0.33337402 0.21673584 0.27075195 -0.87664795,0.12666667 1.8255556 -0.58,-1.2 -1.01 2.51,17 17 17,23
198,01101010,00000000,-0.33337402 0.21282959 0.30218506 -0.8673096,-0.14888889 -0.7888889 -0.57666665,-0.37 -1.16 2.01,17 17 17,23
199,01101010,00000000,-0.3225708 0.16003418 0.29632568 -0.8845215,1.0666667 -2.2277777 0.42666668,-0.29 -0.99 1.24,17 17 17,23
200,01101010,00000000,-0.32214355 0.16046143 0.3204956 -0.87615967,-1.6366667 0.32777777 -0.13666667,0.08 -0.94 0.91,17 17 17,23
201,01101010,00000000,-0.32873535 0.1809082 0.3388672 -0.86273193,-0.46333334 0.5377778 0.04222222,-0.44 -1.2 1.01,17 17 17,23
202,01101010,00000000,-0.32824707 0.18707275 0.33337402 -0.86376953,0.20222223 0.39 0.05,-0.19 -0.98 1.21,17 17 17,23
203,01101010,00000000,-0.33685303 0.19403076 0.32617188 -0.8616333,0.27 0.31666666 -0.19555555,-0.52 -0.99 1.21,17 17 17,23
204,01101010,00000000,-0.33569336 0.0010375977 0.0010375977 -0.014587402,0.32333332 -0.014444444 0.21111111,-0.33 -1.02 1.19,17 17 17,23
205,01101010,00000000,-0.33746338 0.19732666 0.31658936 -0.8641968,-0.22666667 0.31555554 0.017777778,-0.29 -0.95 1.24,17 17 17,23
206,01101010,00000000,-0.33477783 0.20043945 0.32556152 -0.86120605,-0.40444446 -0.20333333 0.101111114,-0.36 -1.04 1.07,17 17 17,23
207,01101010,00000000,-0.32543945 0.20324707 0.32659912 -0.8637085,0.008888889 0.011111111 0.30666667,-0.25 -1.11 1.02,17 17 17,23
208,01101010,00000000,-0.32385254 0.2078247 0.31262207 -0.8684082,0.8333333 0.35555556 0.35555556,-0.17 -1.13 1.16,17 17 17,23
209,01101010,00000000,-0.31921387 0.22167969 0.27545166 -0.8792114,1.5388889 0.96444446 1.22,-0.3 -0.85 1.14,17 17 17,23
210,01101010,00000000,-0.30316162 0.22399902 0.23364258 -0.89624023,1.1344445 0.015555556 0.8977778,-0.51 -0.74 1.31,17 17 17,23
211,01101010,00000000,-0.29467773 0.21801758 0.22161865 -0.9036255,0.35444444 -0.3122222 0.40333334,-0.63 -0.64 1.31,17 17 17,23
212,01101010,00000000,-0.28515625 0.21026611 0.21289062 -0.91052246,0.3911111 -0.33888888 0.46555555,-0.53 -0.69 1.35,17 17 17,23
213,01101010,00000000,-0.27288818 0.20935059 0.20788574 -0.9156494,-0.0055555557 0.06111111 0.52555555,-0.48 -0.76 1.42,131 1403 -15105,23
214,01101010,00000000,-0.26055908 0.21051025 0.20477295 -0.91967773,0.07333333 -0.18666667 0.6566667,-0.68 -0.7 1.33,17 17 17,23
215,01101010,00000000,-0.24542236 0.19903564 0.1977539 -0.92785645,0.56666666 -0.85 0.50666666,-0.65 -0.84 1.5,17 17 17,23
216,01101010,00000000,-0.24713135 0.16174316 0.17791748 -0.93865967,1.5566666 -1.3966666 -0.24555555,-0.34 -0.64 1.4,17 17 17,23
217,01101010,00000000,-0.25915527 0.12414551 0.1560669 -0.9450073,0.9077778 -0.7544444 -0.64111114,-0.45 -0.49 1.48,17 17 17,23
218,01101010,00000000,-0.2854004 0.099609375 0.14068604 -0.942688,1.3522222 -0.6311111 -1.3655555,-0.23 -0.66 1.61,17 17 17,23
219,01101010,00000000,-0.32147217 0.073913574 0.105407715 -0.93811035,1.6866666 0.055555556 -1.6111112,-0.3 -0.19 1.41,17 17 17,23
220,01101010,00000000,-0.35516357 0.06317139 0.08380127 -0.928833,0.6666667 -0.08555555 -0.9222222,-0.3 -0.15 1.47,17 17 17,23
221,01101010,00000000,-0.35479736 0.04156494 0.0010375977 -0.014587402,0.10666667 -1.3766667 0.40666667,-0.28 -0.21 1.58,17 17 17,23
222,01101010,00000000,-0.33361816 0.013305664 0.09954834 -0.9373169,-0.14222223 -1.1611111 0.98444444,0.05 -0.33 1.52,17 17 17,23
223,01101010,00000000,-0.30975342 -0.0060424805 0.090270996 -0.94647217,0.8788889 -0.46888888 0.8511111,0.2 -0.38 1.5,17 17 17,23
224,01101010,00000000,-0.29858398 -0.007080078 0.060913086 -0.9523926,1.0611111 0.39666668 0.10666667,-0.05 -0.13 1.56,17 17 17,23
225,01101010,00000000,-0.29766846 -0.0107421875 0.040527344 -0.95373535,0.80777776 -0.34777778 0.16888888,-0.28 -0.1 1.7,17 17 17,23
226,01101010,00000000,-0.28967285 -0.044067383 0.035888672 -0.9553833,0.37444445 -1.2622222 0.32666665,-0.05 -0.05 1.5,17 17 17,23
227,01101010,00000000,-0.26861572 -0.059265137 0.04058838 -0.96051025,-0.12222222 -0.107777774 1.1266667,0.22 -0.05 1.35,17 17 17,23
228,01101010,00000000,-0.24633789 -0.04663086 0.04321289 -0.967041,-0.14222223 0.64555556 0.89111114,0.11 -0.15 0.09,17 17 17,23
229,01101010,00000000,-0.2298584 0.003967285 0.07836914 -0.97003174,-4.6566668 3.63 0.58444446,0.89 0.66 2.01,17 17 17,23
230,01101010,00000000,-0.2341919 0.048828125 0.13128662 -0.96203613,-1.0111111 0.8755556 1.0133333,-0.95 -0.96 1.95,17 46 -15361,23
231,01101010,00000000,-0.215271 -0.0014648438 0.10131836 -0.97125244,3.7555556 -3.3366666 -0.27888888,-0.28 -0.98 1.24,17 17 17,23
232,01101010,00000000,-0.1928711 -0.08703613 0.029968262 -0.9768677,2.6233332 -1.9333333 1.5877777,0.8 0.51 1.73,17 17 17,23
233,01101010,00000000,-0.17565918 -0.08099365 0.020568848 -0.980896,-1.0011111 0.7777778 -0.032222223,0.32 0.34 1.28,17 17 17,23
234,01101010,00000000,-0.1821289 -0.057922363 0.06933594 -0.979126,-2.1844444 0.5977778 0.07777778,0 -0.31 1.59,17 17 17,23
235,01101010,00000000,-0.18927002 -0.043762207 0.10461426 -0.9753418,-1.1344445 0.23666666 -0.38222224,-0.06 -0.53 1.5,17 17 17,23
236,01101010,00000000,-0.20715332 -0.04156494 0.09802246 -0.9724121,0.8333333 0.22666667 -0.6844444,0.28 -0.46 1.46,17 17 17,23
237,01101010,00000000,-0.24914551 -0.043518066 0.058532715 -0.96569824,1.35 0.36444443 -2.3111112,0.01 -0.01 1.49,17 17 17,23
238,01101010,00000000,-0.30340576 -0.046081543 0.050964355 -0.014587402,-0.55222225 -0.29777777 -2.281111,0.02 0.06 1.48,17 17 17,23
239,01101010,00000000,-0.34753418 -0.061157227 0.087768555 -0.93151855,-1.3111111 -0.96666664 -1.3233334,0.23 -0.1 1.55,17 17 17,23
240,01101010,00000000,-0.35803223 -0.05706787 0.09680176 -0.9268799,0.022222223 0.73 -0.40111113,0.29 -0.33 1.51,17 17 17,23
241,01101010,00000000,-0.38208008 -0.03643799 0.076416016 -0.92022705,0.4611111 1.2277777 -1.4422222,0.14 -0.22 1.59,17 17 17,23
242,01101010,00000000,-0.42041016 -0.030456543 0.06561279 -0.90441895,0.08111111 -0.16555555 -1.8322222,-0.13 -0.07 1.5,17 17 17,23
243,01101010,00000000,-0.4597168 -0.064453125 0.074279785 -0.88256836,0.17444444 -1.4611111 -1.4811112,0.11 -0.21 1.54,17 17 17,23
244,01101010,00000000,-0.47772217 -0.08117676 0.07525635 -0.87145996,0.036666665 0.04 -0.85555553,0.51 -0.05 1.48,17 17 17,23
245,01101010,00000000,-0.49816895 -0.06335449 0.07006836 -0.86187744,-0.48333332 1.0388889 -0.9388889,0.08 -0.06 1.51,17 17 17,23
246,01101010,00000000,-0.52697754 -0.043151855 0.06958008 -0.8458252,-0.29333332 0.4188889 -1.1522223,-0.14 -0.26 1.56,17 17 17,23
247,01101010,00000000,-0.550354 -0.05883789 0.0637207 -0.83032227,0.64666665 -0.5988889 -1.2733333,0.06 -0.2 1.61,17 17 255,23
248,01101010,00000000,-0.57440186 -0.077697754 0.05206299 -0.8131714,0.48 -0.15333334 -1.3777778,0.12 0 1.49,17 17 17,23
249,01101010,00000000,-0.600708 -0.07366943 0.05114746 -0.79437256,-0.5933333 0.27333334 -1.2688888,0.08 -0.06 1.59,17 17 17,23
250,01101010,00000000,-0.6246338 -0.057250977 0.06317139 -0.7762451,-0.77111113 0.18111111 -0.9111111,0.05 -0.3 1.66,17 17 17,23
251,01101010,00000000,-0.64001465 -0.05419922 0.05883789 -0.76416016,0.37555555 0.3422222 -0.92,0.21 -0.31 1.63,17 17 17,23
252,01101010,00000000,-0.66101074 -0.05731201 0.042907715 -0.7468872,0.40333334 0.28111112 -1.4055556,0.16 -0.07 1.56,17 17 17,23
253,01101010,00000000,-0.6914673 -0.059814453 0.041503906 -0.71868896,-0.17666666 -0.24333334 -1.4033333,0.12 -0.09 1.6,17 17 17,23
254,01101010,00000000,-0.70910645 -0.061645508 0.05340576 -0.70025635,-0.2888889 -0.35666665 -0.83555555,0.13 -0.17 1.55,17 17 17,23
255,01101010,00000000,-0.7208252 -0.057739258 0.052490234 -0.68859863,-0.08444444 0.51222223 -0.65555555,0.18 -0.13 1.57,17 17 17,23
0,01111011,00000000,-0.7322998 -0.04864502 0.042663574 -0.67785645,-0.031111112 0.6988889 -0.87777776,0.15 -0.12 1.58,17 17 17,23
1,01111011,00000000,-0.7426758 -0.04345703 0.037597656 -0.66711426,-0.096666664 0.5911111 -1.0411111,0.09 -0.1 1.56,27 15 1,23
2,01111011,00000000,-0.7498169 -0.04272461 0.0368042 -0.65911865,-0.07444444 -0.03888889 -1.1333333,-0.03 -0.11 1.61,25 1 1,23
3,01111011,00000000,-0.75946045 -0.046813965 0.039367676 -0.647583,0.112222224 -0.4722222 -0.99,0.03 -0.2 1.71,23 1 1,23
4,01111011,00000000,-0.76745605 -0.054382324 0.043762207 -0.63720703,0.2211111 -0.5911111 -0.8566667,0.02 -0.11 1.46,24 6 1,23
5,01111011,00000000,-0.7718506 -0.059326172 0.045776367 -0.6312866,0.16111112 -0.44666666 -0.8244445,0.33 -0.1 1.45,26 13 1,23
6,01111011,00000000,-0.7774658 -0.06317139 0.046203613 -0.62402344,0.09555556 -0.08777778 -0.5833333,0.02 -0.12 1.49,28 18 1,23
7,01111011,00000000,-0.78344727 -0.06060791 0.044006348 -0.6168823,-0.17222223 0.3588889 -0.6844444,0.27 -0.09 1.49,29 20 1,23
8,01111011,00000000,-0.78948975 -0.05444336 0.04144287 -0.6098633,-0.31 0.38111112 -0.6333333,0.1 -0.13 1.5,27 14 1,23
9,01111011,00000000,-0.7955322 -0.049316406 0.039367676 -0.60253906,-0.18555556 0.27 -0.6588889,0.03 -0.16 1.6,19 3 1,23
10,01111011,00000000,-0.8013916 -0.049316406 0.03881836 -0.59472656,-0.01 0.07333333 -0.66888887,0.01 -0.21 1.58,13 1 1,23
11,01111011,00000000,-0.80511475 -0.0524292 0.03845215 -0.5894165,0.28 -0.25 -0.7022222,-0.01 -0.18 1.56,12 1 1,23
12,01111011,00000000,-0.81066895 -0.05834961 0.038330078 -0.5812378,0.4911111 -0.25444445 -0.74333334,0.17 -0.18 1.57,14 3 1,23
13,01111011,00000000,-0.8165283 -0.0657959 0.03692627 -0.57232666,0.35555556 -0.20777778 -0.7733333,0 -0.08 1.53,19 6 1,23
14,01111011,00000000,-0.8226929 -0.06933594 0.03503418 -0.5630493,0.15777777 0.0022222223 -0.7966667,0.06 -0.11 1.61,24 9 1,23
15,01111011,00000000,-0.8290405 -0.066833496 0.0345459 -0.55407715,-0.06111111 0.09222222 -0.75222224,0.19 -0.03 1.44,27 11 1,23
16,01111011,00000000,-0.83477783 -0.06237793 0.034606934 -0.5459595,-0.32777777 0.19222222 -0.73333335,0.08 -0.03 1.43,27 11 1,23
17,01111011,00000000,-0.8381958 -0.059387207 0.034362793 -0.5409546,-0.26222223 0.13666667 -0.58,0.02 -0.08 1.55,20 7 1,23
18,01111011,00000000,-0.84295654 -0.05670166 0.03265381 -0.5338135,-0.04111111 0.19888888 -0.5988889,0.13 -0.25 1.59,12 3 1,23
19,01111011,00000000,-0.84783936 -0.057006836 0.029968262 -0.5262451,0.11888889 0.11666667 -0.69555557,0.05 -0.17 1.52,9 1 1,23
20,01111011,00000000,-0.8531494 -0.059326172 0.026184082 -0.5175781,0.27888888 0.104444444 -0.72888887,-0.01 -0.15 1.57,10 1 1,23
21,01111011,00000000,-0.8590088 -0.061401367 0.023376465 -0.5076904,0.23222223 0.046666667 -0.77111113,-0.03 -0.13 1.6,13 1 1,23
22,01111011,00000000,-0.86291504 -0.062194824 0.022521973 -0.5009155,0.017777778 -0.006666667 -0.8566667,0.16 -0.12 1.62,17 1 1,23
23,01111011,00000000,-0.8687134 -0.060424805 0.02557373 -0.4909668,-0.06333333 -0.107777774 -0.7866667,0.12 -0.14 1.63,20 2 1,23
24,01111011,00000000,-0.8735962 -0.059387207 0.026855469 -0.48223877,-0.16444445 -0.03888889 -0.6344444,0.08 -0.07 1.54,19 5 1,23
25,01111011,00000000,-0.890625 -0.05859375 0.027526855 -0.47442627,-0.057777777 -2.56 -28.73,0.09 -0.22 1.63,15 8 1,23
26,01111011,00000000,-0.881897 -0.053588867 0.030395508 -0.4673462,-0.026666667 0.027777778 -0.5788889,0.15 -0.19 1.52,12 10 6,23
27,01111011,00000000,-0.88446045 -0.051940918 0.030517578 -0.46258545,-0.037777778 0.22333333 -0.56,0.21 -0.12 1.47,11 10 10,23
28,01111011,00000000,-0.88830566 -0.05078125 0.028808594 -0.4553833,-0.06888889 0.06666667 -0.5733333,-0.09 -0.15 1.64,10 6 14,23
29,01111011,00000000,-0.89190674 -0.050048828 0.027893066 -0.4486084,0.0055555557 0.04777778 -0.51,-0.07 -0.2 1.62,9 3 18,23
30,01111011,00000000,-0.8951416 -0.05065918 0.028564453 -0.4418335,-0.018888889 -0.12 -0.5566667,0.2 -0.09 1.49,9 2 22,23
31,01111011,00000000,-0.8979492 -0.05316162 0.02947998 -0.4359131,0.15333334 -0.16777778 -0.39444444,-0.01 -0.19 1.64,9 5 25,23
32,01111011,00000000,-0.9006958 -0.05529785 0.030029297 -0.42980957,0.12888889 -0.16333333 -0.37,-0.06 -0.07 1.53,12 10 28,23
33,01111011,00000000,-0.9022827 -0.056396484 0.030334473 -0.42614746,0.044444446 -0.04111111 -0.47555557,0.21 -0.15 1.58,17 16 30,23
34,01111011,00000000,-0.90460205 -0.055908203 0.03137207 -0.42132568,-0.06888889 -0.05888889 -0.33888888,-222.71 -0.02 -0.01,20 19 33,23
35,01111011,00000000,-0.9066162 -0.052612305 0.033081055 -0.41729736,-0.10555556 0.057777777 -0.27555555,0.08 -0.11 1.52,19 21 35,23
36,01111011,00000000,-0.9081421 -0.05114746 0.03314209 -0.4140625,-0.09111111 0.023333333 -0.24333334,0.05 -0.16 1.52,16 21 37,23
37,01111011,00000000,-0.90960693 -0.050720215 0.03137207 -0.41101074,-0.013333334 0.06555556 -0.23777778,0.17 -0.12 1.52,13 20 38,23
38,01111011,00000000,-0.9107666 -0.051086426 0.02960205 -0.40863037,0.1388889 0.18222222 -0.3077778,0.16 -0.19 1.63,12 19 39,23
39,01111011,00000000,-0.91259766 -0.051635742 0.026367188 -0.40460205,0.08 0.18 -0.32666665,0 -0.07 1.49,15 15 40,23
40,01111011,00000000,-0.914917 -0.051879883 0.022888184 -0.39953613,0.09888889 0.19333333 -0.4377778,0.16 -0.18 1.65,19 10 42,23
41,01111011,00000000,-0.91760254 -0.05053711 0.020812988 -0.3937378,-0.11777778 0.15777777 -0.46444446,0.17 -0.13 1.55,22 5 44,23
42,01111011,00000000,-0.921875 -0.04888916 0.020385742 -0.3881836,-0.11444444 0.008888889 -23.325556,-0.04 -0.1 1.63,21 1 46,23
43,01111011,00000000,-0.9222412 -0.04699707 0.020385742 -0.3831787,-0.12888889 -0.018888889 -0.33888888,-0.01 -0.18 1.74,18 1 48,23
44,01111011,00000000,-0.9234619 -0.046325684 0.020202637 -0.38012695,-0.037777778 0.08222222 -0.36,0.03 -0.22 1.68,14 2 50,23
45,01111011,00000000,-0.9254761 -0.045410156 0.018920898 -0.37542725,-0.05 0.101111114 -0.38666666,0.19 -0.09 1.55,12 1 52,23
46,01111011,00000000,-0.92749023 -0.04425049 0.016357422 -0.3708496,-0.017777778 0.20888889 -0.32777777,0 -0.12 1.62,11 1 54,23
47,01111011,00000000,-0.92974854 -0.041137695 0.015563965 -0.3656006,-0.15222222 0.13777778 -0.42666668,0.06 -0.12 1.65,11 1 55,23
48,01111011,00000000,-0.9315796 -0.03918457 0.015197754 -0.36083984,-0.16666667 0.083333336 -0.3911111,0.12 -0.12 1.68,8 1 57,23
49,01111011,00000000,-0.9329834 -0.03753662 0.016784668 -0.3574829,-0.078888886 -0.10888889 -0.37333333,0.02 -0.14 1.6,4 1 59,23
50,01111011,00000000,-0.9348755 -0.036376953 0.020385742 -0.35247803,-0.11444444 -0.20333333 -0.32333332,0.03 -0.1 1.59,1 3 60,23
51,01111011,00000000,-0.9366455 -0.03717041 0.024291992 -0.34735107,-0.027777778 -0.33333334 -0.37333333,0.02 -0.19 -0.01,1 9 61,23
52,01111011,00000000,-0.93829346 -0.03717041 0.028625488 -0.3425293,-0.16222222 -0.27 -0.34444445,0.17 -0.04 1.57,1 19 62,23
53,01111011,00000000,-0.9397583 -0.036987305 0.032958984 -0.3381958,-0.15777777 -0.23555556 -0.33888888,0.17 -0.14 1.62,1 28 63,23
54,01111011,00000000,-0.9407959 -0.03704834 0.034851074 -0.335083,-0.018888889 -0.21666667 -0.3077778,-0.01 -0.12 1.51,1 36 64,23
55,01111011,00000000,-0.94244385 -0.037475586 0.0357666 -0.33026123,0 -0.017777778 -0.38666666,0.23 -0.14 1.25,1 43 65,23
56,01111011,00000000,-0.94451904 -0.038269043 0.034362793 -0.32434082,0.08555555 0.123333335 -0.49888888,0.19 -0.14 1.18,2 45 66,23
57,01111011,00000000,-0.94744873 -0.03778076 0.030151367 -0.3161621,0.08222222 0.28111112 -0.6477778,0.23 -0.16 1.32,5 42 68,23
58,01111011,00000000,-0.9501343 -0.03668213 0.024658203 -0.30847168,-0.0044444446 0.6 -0.8933333,0.08 -0.14 1.44,8 34 70,23
59,01111011,00000000,-0.96875 -0.03302002 0.011047363 -0.2923584,0 1.1466666 -1.4144444,0.17 -0.23 1.52,9 18 74,23
60,01111011,00000000,-0.9627075 -0.026306152 -0.009643555 -0.26916504,-0.06111111 1.67 -1.9366666,0.28 -0.21 1.72,10 1 80,23
61,01111011,00000000,-0.9713745 -0.016296387 -0.03729248 -0.23394775,-0.23555556 2.06 -2.9555554,0.2 -0.2 1.69,9 1 89,23
62,01111011,00000000,-0.98101807 -0.0009765625 -0.06384277 -0.18286133,-0.50222224 1.9566667 -3.7477777,-0.05 -0.26 1.52,6 1 98,23
63,01111011,00000000,-0.9868164 0.0126953125 -0.07720947 -0.14129639,-0.95111114 1.5377778 -4.612222,0.07 -0.25 1.56,6 1 98,23
64,01111011,00000000,-0.9927368 0.036865234 -0.09039307 -0.06970215,-1.2444445 1.0588889 -5.384444,0.26 -0.25 1.53,5 1 98,23
65,01111011,00000000,-0.99316406 0.063964844 -0.09698486 0.007446289,-1.3777778 0.75333333 -5.591111,0.14 -0.27 1.65,3 1 98,23
66,01111011,00000000,-0.98657227 0.0904541 -0.10418701 0.08721924,-1.3011111 1.0211111 -5.74,0.28 -0.41 2.02,1 1 98,23
67,01111011,00000000,-0.9724121 0.11639404 -0.11303711 0.16748047,-1.3488889 1.1177778 -5.7988887,0.17 -0.41 1.75,1 1 98,23
68,01111011,00000000,-0.9592285 0.1329956 -0.1159668 0.22052002,-1.2488889 0.73 -5.8522224,0.17 -0.48 147.72,0 0 98,23
69,01111011,00000000,-0.935791 0.1505127 -0.11053467 0.29870605,-0.32666665 0.115555555 -5.8433332,0.14 -0.53 1.71,1 1 98,23
70,01111011,00000000,-0.90844727 0.1506958 -0.09307861 0.37854004,0.67777777 -0.10333333 -5.9766665,0.18 -0.67 1.64,1 1 98,23
71,01111011,00000000,-0.87249756 0.13098145 -0.068481445 0.4656372,2.1577778 0.06666667 -6.6044445,0.12 -0.6 1.55,2 2 98,23
72,01111011,00000000,-0.83966064 0.10888672 -0.05126953 0.52960205,2.981111 0.74777776 -7.8144445,0.3 -0.64 1.59,5 3 97,23
73,01111011,00000000,-0.7695923 0.06616211 -0.028747559 0.6343384,3.2433333 1.5888889 -9.362223,0.09 -0.63 1.83,11 3 98,23
74,01111011,00000000,-0.6669922 0.017944336 -0.016418457 0.7446289,2.6733334 2.4555554 -11.114445,0.14 -0.52 1.86,15 2 98,23
75,01111011,00000000,-0.5272827 -0.026550293 -0.022338867 0.848999,1.1922222 3.057778 -12.732223,0.24 -0.59 2.08,18 1 98,23
76,01111011,00000000,-0.35491943 6.1035156E-05 6.1035156E-05 -0.009643555,-0.24222222 3.2277777 -13.536667,0.19 -0.43 1.86,19 1 97,23
77,01111011,00000000,-0.22955322 -0.06933594 -0.092285156 0.96643066,-2.81 2.818889 -13.804444,0.3 -0.35 1.62,19 1 96,23
78,01111011,00000000,-0.04437256 -0.066223145 -0.17077637 0.98205566,-5.1233335 1.6677778 -12.982223,0.29 -0.24 1.3,17 1 98,23
79,01111011,00000000,0.115478516 -0.04425049 -0.26574707 0.9560547,-6.61 0.41777778 -11.071111,0.56 -0.29 1.06,14 1 98,23
80,01111011,00000000,0.23986816 -0.023010254 -0.35968018 0.9013672,-6.8244443 0.3288889 -8.758889,0.81 -0.43 1.03,7 1 98,23
81,01111011,00000000,0.33691406 -0.02154541 -0.4364624 0.83392334,-6.4511113 1.1122222 -7.4255557,0.91 -0.63 0.98,1 1 98,23
82,01111011,00000000,0.39666748 -0.034851074 -0.47113037 0.7869873,-5.311111 3.1633334 -6.2055554,0.98 -0.95 1.17,1 3 98,23
83,01111011,00000000,0.4920044 -0.06628418 -0.49395752 0.7137451,-3.83 4.982222 -6.498889,0.87 -1.04 1.16,1 1 98,23
84,01111011,00000000,0.59259033 -0.08886719 -0.4915161 0.63183594,-2.6622221 5 -7.41,0.16 -0.99 0.95,1 1 98,23
85,01111011,00000000,0.6861572 -0.08660889 -0.48254395 0.5373535,-2.1866667 4.16 -8.138889,-0.1 -0.88 0.9,238 1372 -8193,23
86,01111011,00000000,0.7605591 -0.059753418 -0.48016357 0.4328003,-1.6688889 2.2777777 -8.794444,-0.1 -0.7 0.7,1 1 98,23
87,01111011,00000000,0.79730225 -0.031677246 -0.48309326 0.36029053,-1.2644445 0.5288889 -8.955556,-0.05 -0.55 0.5,1 1 98,23
88,01111011,00000000,0.8378906 0.023864746 -0.48291016 0.25305176,0.21111111 0.5511111 -9.026667,0.63 -0.96 0.77,1 2 98,23
89,01111011,00000000,0.8865967 0.10058594 -0.42718506 0.14581299,2.0644445 5.286667 -10.573334,1.54 -1.17 0.83,1 3 98,23
90,01111011,00000000,0.94750977 0.15826416 -0.2775879 0.0020141602,-1.2766666 11.466666 -13.622222,1.89 -0.52 0.58,3 1 97,23
91,01111011,00000000,0.97143555 0.12701416 -0.061706543 -0.19042969,-6.161111 13.206667 -15.17,0.91 -0.44 1.21,4 1 98,23
92,01111011,00000000,0.9415283 0.057800293 0.049072266 -0.32818604,-9.788889 6.2755556 -15.963333,-1.19 -1.65 2.46,2 1 98,23
93,01111011,00000000,0.85321045 -0.05621338 0.00091552734 -0.009765625,-5.91 -2.6288888 -14.042222,-1.02 -1.69 1.97,1 1 98,23
94,01111011,00000000,0.7564087 -0.14019775 0.04107666 -0.6375122,-0.9577778 -5.207778 -11.103333,0.31 -1.3 1.41,1 2 98,23
95,01111011,00000000,0.6582031 -0.1459961 -0.026855469 -0.7379761,2.8333333 -0.56666666 -10.571111,1.44 -1.15 1.46,1 6 98,23
96,01111011,00000000,0.53375244 -0.08648682 -0.029724121 -0.8406372,1.5422223 3.8433332 -11.473333,1.46 0.2 1.34,3 8 98,23
97,01111011,00000000,0.37646484 -0.047668457 0.059265137 -0.9232178,-5.07 5.981111 -12.165556,0.11 0.55 1.69,5 7 98,23
98,01111011,00000000,0.27130127 -0.06951904 0.12646484 -0.9515381,-7.582222 0.09 -10.933333,-0.92 -0.5 2.36,4 4 98,23
99,01111011,00000000,0.1461792 -0.15460205 0.15777588 -0.9642334,-1.9411111 -5.1422224 -8.507778,-0.47 -1.61 2.09,1 3 98,23
100,01111011,00000000,0.06036377 -0.23431396 0.10211182 -0.96484375,2.0977778 -5.088889 -7.332222,0.38 -1.28 1.28,1 7 98,23
101,01111011,00000000,-0.024658203 -0.25360107 -0.0044555664 -0.96698,5.8855557 -1.1522223 -7.6144443,0.94 -1.05 1.1,2 13 98,23
102,01111011,00000000,-0.10180664 -0.21966553 -0.07489014 -0.9673462,4.402222 4.3922224 -10.34,1.24 -0.14 1.08,5 32 -8193,23
103,01111011,00000000,-0.25268555 -0.12615967 -0.12121582 -0.9515381,-2.0333333 5.311111 -12.166667,-0.04 0.61 1.17,11 13 95,23
104,01111011,00000000,-0.4111328 -0.054626465 -0.07836914 -0.90649414,-5.8855557 0.24 -11.304444,-0.9 -0.03 1.79,12 1 97,23
105,01111011,00000000,-0.53912354 -0.046691895 -0.009094238 -0.8408203,-4.688889 -3.2966666 -9.684444,-0.38 -1.1 1.98,5 1 98,23
106,01111011,00000000,-0.6003418 -0.07550049 0.017944336 -0.79589844,-0.3077778 -4.2188888 -7.5466666,0.43 -1.07 1.54,1 5 98,23
107,01111011,00000000,-0.6739502 -0.11694336 0.01361084 -0.7293091,1.9966667 -1.2188889 -6.9744444,1.1 -0.6 1.01,1 13 98,23
108,01111011,00000000,-0.7437134 -0.11657715 -0.028442383 -0.65753174,0.78 2.67 -7.612222,0.89 0.05 0.79,3 16 97,23
109,01111011,00000000,-0.8114624 -0.07476807 -0.07495117 -0.574646,-0.39 3.6277778 -8.078889,0.8 0.29 0.8,7 13 98,23
110,01111011,00000000,-0.8529663 -0.01574707 -0.09100342 -0.009643555,-4.648889 3.9455554 -8.281111,-0.02 0.19 1.29,8 8 98,23
111,01111011,00000000,-0.89782715 0.08319092 -0.06878662 -0.42681885,-6.441111 1.0933334 -7.1944447,-0.31 -0.76 1.94,4 3 98,23
112,01111011,00000000,-0.9246826 0.14093018 -0.01977539 -0.3529663,-3.1833334 -1.8688889 -5.561111,0.04 -1.28 1.8,1 1 98,23
113,01111011,00000000,-0.9470825 0.13098145 0.018676758 -0.2923584,1.4855555 -1.9522222 -4.708889,0.28 -1.28 1.59,1 3 98,23
114,01111011,00000000,-0.9714966 0.07635498 0.018981934 -0.22338867,3.85 -0.47111112 -5.1244445,0.81 -0.76 1.38,1 8 98,23
115,01111011,00000000,-0.98638916 0.035217285 -0.0024414062 -0.16046143,4.641111 2.1144445 -7.0644445,0.54 -0.36 1.33,3 9 96,23
116,01111011,00000000,-0.9984741 -0.0008544922 -0.039855957 -0.038024902,1.9788889 2.1866667 -9.1877775,-0.36 0.27 1.3,7 9 95,23
117,01111011,00000000,-0.99450684 0.0041503906 -0.04156494 0.096069336,-0.6066667 -1.1777778 -9.33,-0.86 -0.03 1.76,15 4 97,23
118,01111011,00000000,-0.9763794 0.022338867 0.010803223 0.21429443,-0.06666667 -4.688889 -7.927778,-0.31 -0.58 2.04,16 5 98,23
119,01111011,00000000,-0.94750977 0.013305664 0.08508301 0.30786133,1.6566666 -4.9911113 -6.981111,0.66 -0.47 1.84,16 10 255,23
120,01111011,00000000,-0.9246216 -0.0115356445 0.1159668 0.36254883,2.9644444 -1.7277777 -6.5155554,1.03 -0.09 1.55,18 18 98,23
121,01111011,00000000,-0.8858032 -0.05230713 0.11248779 0.44702148,0.9577778 1.9188889 -7.0455556,0.71 0.29 1.24,23 23 98,23
122,01111011,00000000,-0.83813477 -0.06530762 0.06451416 0.53759766,-2.3133333 2.5511112 -7.5255556,0.04 0.11 1.1,26 22 98,23
123,01111011,00000000,-0.7821045 -0.03704834 0.012390137 0.6218262,-4.192222 0.5411111 -6.9311113,-0.18 -0.17 0.94,25 19 98,23
124,01111011,00000000,-0.72735596 0.010559082 -0.015808105 0.6859131,-3.1455555 -1.1633333 -5.4755554,0.49 -0.99 1.62,21 18 98,23
125,01111011,00000000,-0.6760864 0.024108887 -0.019042969 0.736084,-0.8333333 -0.47666666 -4.997778,1 -1.2 1.82,16 19 98,23
126,01111011,00000000,-0.6124878 -0.019042969 -0.02331543 0.78985596,1.9133333 2.6677778 -5.6766667,1.04 -0.76 1.49,14 20 98,23
127,01111011,00000000,-0.5534668 -0.06378174 -0.04095459 0.82940674,1.3911111 5.2011113 -7.807778,0.13 -0.21 1.54,16 18 98,23
128,01111011,00000000,-0.44036865 -0.11071777 -0.09094238 0.88623047,-1.3144444 4.0111113 -9.387777,-0.48 -0.08 1.43,18 13 98,23
129,01111011,00000000,-0.31848145 -0.09851074 -0.14434814 0.9316406,-2.6322222 -0.15888889 -9.392222,-0.76 -0.44 1.44,18 9 98,23
130,01111011,00000000,-0.21124268 -0.036987305 -0.16662598 0.96240234,-1.81 -2.778889 -8.531111,-0.23 -0.88 1.73,16 8 98,23
131,01111011,00000000,-0.118652344 0.026489258 -0.14190674 0.98236084,1.2488889 -3.741111 -7.2244444,0.44 -0.87 1.65,14 10 98,23
132,01111011,00000000,-0.055419922 0.046081543 -0.11090088 0.9911499,2.99 -0.82222223 -7.1277776,0.96 -0.26 1.56,15 14 98,23
133,01111011,00000000,0.054382324 0.031982422 -0.08001709 0.994812,0.8333333 2.6677778 -7.9755554,0.69 0.4 1.48,18 16 98,23
134,01111011,00000000,0.17584229 -0.0018310547 -0.099853516 0.9793091,-3.0933332 2.4666667 -8.3955555,-0.1 0.21 1.54,22 13 98,23
135,01111011,00000000,0.28198242 -0.008117676 -0.15783691 0.94628906,-4.341111 -0.6788889 -7.2244444,-0.28 -0.44 1.56,19 9 98,23
136,01111011,00000000,0.35620117 0.02355957 -0.20983887 0.91015625,-3.2544444 -2.3688889 -6.042222,-0.19 -0.55 1.23,11 9 98,23
137,01111011,00000000,0.39068604 0.05480957 -0.22662354 0.8904419,-0.45444444 -2.8244445 -4.4855556,0.29 -0.81 1.03,2 14 98,23
138,01111011,00000000,0.43707275 0.095458984 -0.2130127 0.8685913,2.2633333 -0.47777778 -4.2955556,0.95 -0.81 1.1,1 25 98,23
139,01111011,00000000,0.50201416 0.10192871 -0.15228271 0.8451538,3.2244444 2.26 -5.1566668,0.96 -0.4 1.13,3 26 96,23
140,01111011,00000000,0.59710693 0.059387207 -0.07727051 0.7961426,1.8288889 5.958889 -7.571111,0.68 -0.12 1.15,7 25 95,23
141,01111011,00000000,0.6685791 0.013122559 -0.044921875 0.74212646,-1.6266667 5.81 -9.452222,-0.27 -0.23 1.7,15 11 96,23
142,01111011,00000000,0.7672119 -0.041503906 -0.04248047 0.63861084,-2.8788888 1.62 -9.908889,-0.79 -0.69 1.68,14 1 98,23
143,01111011,00000000,0.8432617 -0.046081543 -0.07556152 0.5300293,-0.9166667 -1.9566667 -9.034445,-0.3 -0.94 1.62,11 1 98,23
144,01111011,00000000,0.89990234 -0.008666992 -0.0982666 0.4248047,1.8355556 -1.68 -8.548889,0.68 -0.72 1.36,9 3 98,23
145,01111011,00000000,0.9466553 0.031188965 -0.082092285 0.3098755,2 1.3255556 -9.268888,0 -0.35 1.21,11 6 98,23
146,01111011,00000000,0.9834595 0.026672363 -0.03253174 0.17590332,-0.026666667 3.3622222 -9.912222,0.73 0.23 1.26,14 6 98,23
147,01111011,00000000,0.9967041 -0.010803223 -0.0008544922 0.080078125,-4.3755555 3.54 -10.147778,-0.13 0.09 1.46,15 4 98,23
148,01111011,00000000,0.9937134 -0.09655762 0.015319824 -0.054016113,-6.207778 0.6 -8.9366665,0 -0.72 1.74,12 1 98,23
149,01111011,00000000,0.9727783 -0.16772461 -0.004333496 -0.15948486,-3.8888888 -1.31 -7.0855556,0.36 -1.11 1.74,6 1 98,23
150,01111011,00000000,0.95043945 -0.1897583 -0.028137207 -0.2446289,-0.5466667 -0.35777777 -6.168889,0.48 -0.92 1.31,1 3 98,23
151,01111011,00000000,0.92663574 -0.17230225 -0.03173828 -0.33258057,0.7411111 1.1611111 -6.3533335,1.1 -0.86 1.3,1 5 98,23
152,01111011,00000000,0.9036865 -0.14404297 -0.016540527 -0.40289307,1.6377778 4.168889 -7.7644444,0.97 -0.73 1.3,2 5 98,23
153,01111011,00000000,0.828125 -0.10058594 0.029907227 -0.5272827,0.036666665 -7.9644446 33.56333,0.11 -0.28 1.3,5 1 98,23
154,01111011,00000000,0.7476196 -0.091552734 0.07019043 -0.65393066,-1.56 2.3955555 -11.085556,-1.1 -0.84 2.21,6 1 96,23
155,01111011,00000000,0.63616943 -0.12023926 0.050109863 -0.760437,-0.74444443 -1.1888889 -11.106667,-0.78 -0.77 1.75,5 1 98,23
156,01111011,00000000,0.5251465 -0.15734863 -0.020935059 -0.8360596,1.5311111 -4.2577777 -10.068889,-0.28 -0.7 1.68,5 2 98,23
157,01111011,00000000,0.45080566 -0.17321777 -0.07513428 -0.8723755,2.5522223 -3.7077777 -9.328889,0.54 0.21 1.58,6 6 98,23
158,01111011,00000000,0.33691406 -0.18530273 -0.123291016 -0.9147949,-0.31 -1.88 -8.568889,0.26 0.82 1.63,9 10 98,23
159,01111011,00000000,0.22802734 -0.20874023 -0.11273193 -0.9442749,-3.9966667 -2.1455555 -6.611111,0.16 0.41 1.49,10 13 98,23
160,01111011,00000000,0.14318848 -0.24658203 -0.066101074 -0.95617676,-5.1233335 -2.42 -4.7622223,0.73 -0.08 1.48,7 16 98,23
161,01111011,00000000,0.09387207 -0.26080322 -0.008605957 -0.9607544,-4.8644443 -0.56333333 -2.228889,1.14 -0.32 1.47,1 20 98,23
162,01111011,00000000,0.07287598 -0.2453003 0.029296875 -0.96624756,-4.178889 2.6 -1.0077778,88.02 -0.18 -0.01,1 23 98,23
163,01111011,00000000,0.043762207 -0.18560791 0.08660889 -0.9777832,-4.0455556 5.538889 -0.9444444,0.71 -0.43 1.31,1 20 98,23
164,01111011,00000000,0.003967285 -0.09716797 0.14202881 -0.98498535,-3.942222 6.886667 -1.8277777,0.45 -0.54 1.34,1 10 98,23
165,01111011,00000000,-0.05114746 -0.011108398 0.18847656 -0.98065186,-3.6322222 6.5288887 -2.6244445,-0.07 -0.8 1.62,1 1 98,23
166,01111011,00000000,-0.09484863 0.034362793 0.20843506 -0.97283936,-2.248889 5.26 -3.8555555,0.02 -0.88 1.91,1 1 96,23
167,01111011,00000000,-0.16931152 0.0847168 0.22442627 -0.9558716,-1.2911111 4.1266665 -4.8,-0.13 -0.6 1.93,1 1 97,23
168,01111011,00000000,-0.24932861 0.12207031 0.24310303 -0.9293823,-1.9777777 3.45 -5.383333,0.18 -0.18 1.73,1 1 98,23
169,01111011,00000000,-0.32513428 0.15063477 0.28082275 -0.8903198,-3.441111 2.4288888 -5.477778,0.08 -0.1 1.62,1 1 98,23
170,01111011,00000000,-0.390625 0.16998291 0.33172607 -0.8439331,-3.9277778 1.72 -21.05,0.12 -0.19 1.43,1 1 98,23
171,01111011,00000000,-0.416687 0.1774292 0.36383057 -0.8138428,-3.501111 0.89 -4.092222,0.13 -0.55 1.37,1 1 98,23
172,01111011,00000000,-0.45611572 0.18078613 0.39593506 -0.77612305,-1.7366667 0.79333335 -3.518889,0.32 -0.8 1.23,1 1 98,23
173,01111011,00000000,-0.50231934 0.1751709 0.39959717 -0.74645996,0.48666668 1.5822222 -3.85,0.51 -0.79 1.07,1 1 98,23
174,01111011,00000000,-0.56781006 0.15838623 0.3741455 -0.71588135,1.8777778 2.2655556 -4.6466665,0.27 -0.93 1.15,1 1 98,23
175,01111011,00000000,-0.62493896 0.13891602 0.34332275 -0.6871948,3.5266666 3.2344444 -6.691111,0.1 -0.88 1.16,3 1 96,23
176,01111011,00000000,-0.72753906 0.09454346 0.28326416 -0.61761475,4.417778 3.76 -9.46,0.08 -1.04 1.49,5 1 94,23
177,01111011,00000000,-0.8366699 0.03741455 0.21588135 -0.5018921,4.113333 3.9044445 -12.3544445,-0.04 -0.73 1.49,7 1 93,23
178,01111011,00000000,-0.9301758 -0.010253906 0.15209961 -0.3338623,1.9022223 3.7833333 -14.476666,0.05 -0.38 1.54,9 1 92,23
179,01111011,00000000,-0.9866333 -0.020324707 0.10046387 -0.12628174,-0.38 3.547778 -15.236667,0.21 -0.31 -0.01,10 1 91,23
180,01111011,00000000,-0.9941406 0.020202637 0.05609131 0.08996582,-4.0033336 3.1 -15.03,0.5 -0.28 1.79,11 1 90,23
181,01111011,00000000,-0.9715576 0.070739746 0.02734375 0.2243042,-6.812222 2.5833333 -13.713333,0.81 -0.36 1.56,1 1 98,23
182,01111011,00000000,-0.90374756 0.16363525 -0.016540527 0.3951416,-8.0222225 2.1422222 -11.826667,0.75 -0.68 1.43,1 1 98,23
183,01111011,00000000,-0.8099365 0.24975586 -0.061584473 0.52697754,-7.338889 2.1266668 -10.028889,0.87 -1.03 1.47,1 1 98,23
184,01111011,00000000,-0.70617676 0.3088379 -0.09863281 0.62945557,-5.43 2.27 -9.0211115,0.39 -1.12 1.47,1 1 98,23
185,01111011,00000000,-0.6018677 0.3392334 -0.11590576 0.713562,-3.9377778 2.1422222 -8.668889,0.32 -1.05 1.47,1 1 98,23
186,01111011,00000000,-0.53289795 0.34899902 -0.11248779 0.76257324,-1.9411111 1.5222223 -8.531111,0.06 -1.02 1.62,1 1 98,23
187,01111011,00000000,-0.4375 0.3560791 -0.08508301 0.8255615,-0.38777778 0.70666665 -8.735556,0.12 -0.71 1.37,1 1 98,23
188,01111011,00000000,-0.3215332 0.36035156 -0.039794922 0.8746948,0.23222223 0.078888886 -8.982223,0.05 -0.47 1.28,1 1 98,23
189,01111011,00000000,-0.20776367 0.36132812 0.0073242188 0.90893555,-0.096666664 0.11666667 -8.9777775,0.22 -0.27 1.29,2 2 98,23
190,01111011,00000000,-0.087768555 0.35217285 0.03955078 0.93096924,-0.8422222 0.59555554 -8.845555,0.43 -0.1 1.14,2 3 98,23
191,01111011,00000000,-0.0051879883 0.33666992 0.04510498 0.9404907,-2.7644444 1.6622223 -8.315556,0.79 0.03 1.12,1 3 98,23
192,01111011,00000000,0.118652344 0.2930298 0.022399902 0.94836426,-5.34 3.1344445 -7.5044446,0.83 0.11 0.94,1 3 98,23
193,01111011,00000000,0.23498535 0.22241211 -0.036071777 0.9454956,-7.6222224 4.3722224 -6.3033333,0.79 -0.29 1.21,1 1 98,23
194,01111011,00000000,0.33532715 0.1262207 -0.11206055 0.9267578,-8.413333 5.091111 -5.5844445,0.84 -0.7 1.39,1 1 98,23
195,01111011,00000000,0.39196777 0.05657959 -0.15887451 0.9042969,-7.8855557 5.5344443 -4.7466664,0.44 -1.13 1.74,1 1 98,23
196,01111011,00000000,0.46374512 -0.0335083 -0.20922852 0.8602295,-5.6433334 4.5544443 -4.53,0.05 -1.2 142.72,0 1 98,23
197,01111011,00000000,0.52337646 -0.08758545 -0.23803711 0.8134155,-3.3111112 2.6555555 -4.36,-0.26 -0.88 2.13,1 1 98,23
198,01111011,00000000,0.57196045 -0.10626221 -0.2600708 0.7706299,-2.2866666 1.3433334 -4.1944447,-0.24 -0.42 1.97,1 1 98,23
199,01111011,00000000,0.5966797 -0.1081543 -0.2781372 0.74487305,-2.008889 -0.19555555 -3.558889,-0.13 -0.14 1.79,1 1 98,23
200,01111011,00000000,0.6201782 -0.1083374 -0.31207275 0.7114258,-2.3377779 -0.8277778 -2.4966667,0.31 -0.05 1.39,1 1 98,23
201,01111011,00000000,0.63079834 -0.113708496 -0.34301758 0.6865845,-2.0822222 -0.41 -1.3688889,0.28 -0.26 1.28,1 7 98,23
202,01111011,00000000,0.63983154 -0.12615967 -0.3522339 0.6712036,-1.3477777 0.51111114 -0.9122222,0.56 -0.58 1.37,1 19 97,23
203,01111011,00000000,0.65301514 -0.13446045 -0.34094238 0.6627197,0.38777778 2.2355556 -1.1333333,0.45 -0.83 1.48,1 15 93,23
204,01111011,00000000,0.6911621 0.0015869141 0.001159668 -0.009643555,2.4355555 3.52 -2.8,0.34 -0.89 1.36,1 1 89,23
205,01111011,00000000,0.7503662 -0.11828613 -0.23535156 0.6062012,4.08 3.807778 -5.098889,0 -0.86 1.42,3 1 87,23
206,01111011,00000000,0.8225708 -0.0748291 -0.168396 0.53790283,4.77 3.1077778 -7.7211113,-0.43 -0.77 1.46,5 1 86,23
207,01111011,00000000,0.8947754 -0.018920898 -0.11431885 0.43115234,4.501111 2.3933334 -9.333333,-0.37 -0.44 1.39,7 1 85,23
208,01111011,00000000,0.9359131 0.014221191 -0.089660645 0.340271,2.9488888 1.28 -10.985556,-0.22 -0.19 1.3,9 1 84,23
209,01111011,00000000,0.9780884 0.047058105 -0.08227539 0.18499756,0.88666666 -1.4411111 -11.55,-1.63 -0.55 1.89,12 1 83,23
210,01111011,00000000,0.9873657 0.08605957 -0.12915039 0.029968262,1.1988889 -4.17 -11.012222,0.08 0.03 2,25 5 98,23
211,01111011,00000000,0.97198486 0.118774414 -0.17510986 -0.1026001,1.1788889 -4.31 -9.116667,0.24 0.23 1.55,26 9 98,23
212,01111011,00000000,0.95806885 0.12176514 -0.18499756 -0.18157959,-1.4155556 -1.8355556 -8.014444,1.03 0.76 1.09,27 15 98,23
213,01111011,00000000,0.9411011 0.07977295 -0.16040039 -0.28668213,-5.9744444 0.69666666 -6.2788887,1.04 0.83 1.04,47 707 -12545,23
214,01111011,00000000,0.92663574 -0.016052246 -0.094177246 -0.36346436,-9.456667 2.2155557 -3.778889,0.74 0.1 1.3,19 20 98,23
215,01111011,00000000,0.9059448 -0.119384766 -0.007873535 -0.40600586,-8.537778 3.1544445 -1.9877778,0.64 -1.27 1.78,2 17 98,23
216,01111011,00000000,0.88275146 -0.17016602 0.06604004 -0.43286133,-5.5488887 3.5166667 -1.6088889,0.35 -1.6 1.77,1 9 98,23
217,01111011,00000000,0.8688965 -0.16906738 0.0982666 -0.4547119,-0.68777776 3.568889 -2.2666667,0.38 -1.36 1.51,1 1 98,23
218,01111011,00000000,0.8442383 -0.12835693 0.11895752 -0.5064087,3.0277777 3.26 -4.1066666,-0.12 -1.15 1.57,1 1 98,23
219,01111011,00000000,0.7996216 -0.06707764 0.10900879 -0.5866699,4.577778 2.2666667 -6.8255553,-0.42 -0.53 1.68,2 1 96,23
220,01111011,00000000,0.7260132 -0.02947998 0.07757568 -0.6826172,3.9222221 0.7888889 -8.318889,-0.65 0.1 1.52,4 1 95,23
221,01111011,00000000,0.6362915 -0.043701172 6.1035156E-05 -0.009643555,1.6933334 -2.3111112 -9.007778,-0.75 0.31 1.5,8 1 94,23
222,01111011,00000000,0.57702637 -0.07946777 0.00079345703 -0.8128052,-0.037777778 -5.151111 -7.6866665,-0.35 0.32 1.54,16 5 98,23
223,01111011,00000000,0.50024414 -0.15124512 -0.04626465 -0.8512573,-0.81 -5.845556 -5.402222,0.12 0.2 1.56,17 10 98,23
224,01111011,00000000,0.4473877 -0.21087646 -0.07067871 -0.86621094,-1.4511111 -3.5233333 -2.9388888,0.97 0.19 1.29,16 18 98,23
225,01111011,00000000,0.41687012 -0.23529053 -0.059692383 -0.8759155,-1.9266666 -1.1066667 -1.8344444,1.07 0 1.13,14 27 98,23
226,01111011,00000000,0.4024048 -0.22918701 -0.03314209 -0.88568115,-2.7344444 2.4533334 -1.0822222,0.95 0.01 1.08,10 32 98,23
227,01111011,00000000,0.37890625 -0.19250488 0.026367188 -0.90478516,-3.2033334 4.891111 -1.2,0.64 -0.35 1.27,3 29 98,23
228,01111011,00000000,0.3444214 -0.14208984 0.08666992 -0.92388916,-2.6033332 5.041111 -2.1188889,-0.12 -0.7 1.38,1 18 98,23
229,01111011,00000000,0.2984619 -0.10015869 0.11895752 -0.9416504,-0.7211111 3.3644445 -3.208889,-0.24 -0.88 1.45,1 7 98,23
230,01111011,00000000,0.24151611 -0.07623291 0.10913086 -0.96118164,0.9033333 1.9666667 -4.0244446,-0.35 -0.96 1.61,1 183 -15361,23
231,01111011,00000000,0.19580078 -0.068603516 0.082092285 -0.9747925,3.02 0.5188889 -5.32,-0.06 -0.74 1.51,2 1 97,23
232,01111011,00000000,0.111083984 -0.06317139 0.02722168 -0.9914551,3.547778 0.062222224 -6.728889,0 -0.34 1.56,5 1 96,23
233,01111011,00000000,0.008850098 -0.061645508 -0.014160156 -0.9979248,1.6755556 -0.14 -7.5866666,-0.18 0.3 1.48,11 1 97,23
234,01111011,00000000,-0.09625244 -0.06890869 -0.01550293 -0.99279785,-1.3544445 -1.0722222 -7.07,0.1 0.45 1.46,15 2 98,23
235,01111011,00000000,-0.18518066 -0.088134766 0.022766113 -0.9784546,-3.0077777 -1.8433334 -6.0666666,0.01 0.38 1.5,15 5 98,23
236,01111011,00000000,-0.22784424 -0.101745605 0.05987549 -0.9664917,-4.0277777 -2.06 -3.9766667,0.48 0 1.48,8 10 98,23
237,01111011,00000000,-0.2677002 -0.10803223 0.11114502 -0.95092773,-3.4544444 -0.55777776 -2.028889,0.65 -0.44 1.52,1 21 98,23
238,01111011,00000000,-0.29241943 -0.086364746 0.14007568 -0.009643555,-2.6311111 1.0044445 -1.3866667,0.86 -0.51 1.42,1 35 97,23
239,01111011,00000000,-0.3100586 -0.057434082 0.1451416 -0.9378052,-1.4544444 3.2666667 -1.4744444,0.56 -0.63 1.5,1 29 93,23
240,01111011,00000000,-0.34716797 -0.0041503906 0.13757324 -0.92767334,-0.68333334 4.1555557 -2.5177777,0.2 -0.56 1.48,1 1 88,23
241,01111011,00000000,-0.3961792 0.039978027 0.123413086 -0.90893555,-0.15333334 3.2255557 -3.5666666,-0.26 -0.53 1.65,1 1 87,23
242,01111011,00000000,-0.45074463 0.053710938 0.11071777 -0.88409424,0.6755555 0.95666665 -4.191111,-0.5 -0.58 1.71,1 1 92,23
243,01111011,00000000,-0.5062256 0.03265381 0.10064697 -0.8557739,1.6088889 -1.0966667 -4.572222,-0.24 -0.39 1.47,2 1 90,23
244,01111011,00000000,-0.5596924 -0.010986328 0.09124756 -0.8234863,2.1011112 -1.8588889 -4.632222,0 -0.35 1.56,5 2 89,23
245,01111011,00000000,-0.5932007 -0.041259766 0.08557129 -0.79937744,1.9122223 -1.9555556 -4.616667,0.14 0.12 1.36,11 7 88,23
246,01111011,00000000,-0.63934326 -0.07183838 0.08282471 -0.76104736,0.5288889 -1.1622223 -4.2044444,0.38 0.26 1.27,23 18 89,23
247,01111011,00000000,-0.67974854 -0.076416016 0.09234619 -0.72351074,-1.2955556 -0.41777778 -3.5422223,0.29 0.19 1.31,46 51 255,23
248,01111011,00000000,-0.71203613 -0.056274414 0.11218262 -0.69073486,-2.781111 0.32333332 -2.73,0.35 0.01 1.51,42 54 98,23
249,01111011,00000000,-0.73742676 -0.021972656 0.13122559 -0.6621704,-3.0355556 0.8388889 -2.2966666,0.49 -0.19 1.57,26 53 98,23
250,01111011,00000000,-0.75177 0.00061035156 0.13653564 -0.6451416,-2.15 1.4166666 -1.9566667,0.27 -0.58 1.61,1 47 98,23
251,01111011,00000000,-0.77423096 0.02331543 0.12664795 -0.6196289,-0.35222223 1.9577777 -2.2866666,0.47 -0.7 1.62,1 33 98,23
252,01111011,00000000,-0.8034668 0.029052734 0.09851074 -0.58636475,1.0966667 2.1433334 -3.3711112,-0.02 -0.5 1.46,1 14 98,23
253,01111011,00000000,-0.8397217 0.022338867 0.06628418 -0.5383301,1.54 1.72 -4.5755553,-0.04 -0.37 1.59,3 11 97,23
254,01111011,00000000,-0.8795166 0.009155273 0.04534912 -0.47351074,1.3277777 1.0222223 -5.3333335,-0.08 -0.13 1.5,7 8 96,23
255,01111011,00000000,-0.9042969 -0.0004272461 0.04321289 -0.42462158,0.6666667 -0.3511111 -5.858889,-0.2 -0.09 1.56,14 3 98,23
0,01111011,00000000,-0.9345703 -0.013000488 0.056152344 -0.35095215,-0.027777778 -1.4322222 -5.463333,-0.06 0 1.59,16 4 98,23
1,01111011,00000000,-0.9557495 -0.020202637 0.07733154 -0.2831421,-0.5177778 -1.4966667 -4.74,0.11 -0.09 1.7,17 7 98,23
2,01111011,00000000,-0.97021484 -0.016845703 0.09082031 -0.22381592,-0.83666664 -0.87222224 -4.2188888,0.34 -0.04 1.6,17 11 98,23
3,01111011,00000000,-0.9777832 -0.0078125 0.09106445 -0.18823242,-1.3477777 0.40111113 -3.6,0.59 -0.14 1.57,15 14 98,23
4,01111011,00000000,-0.98724365 0.01373291 0.078552246 -0.13775635,-1.72 1.5077778 -3.4077778,0.4 -0.15 1.39,12 15 98,23
5,01111011,00000000,-0.99365234 0.03717041 0.058166504 -0.08843994,-1.5933334 1.7666667 -3.3066666,0.19 -0.44 1.58,8 12 98,23
6,01111011,00000000,-0.9971924 0.051208496 0.03857422 -0.037231445,-1.1144445 1.6033334 -3.4677777,0.22 -0.61 1.67,4 7 98,23
7,01111011,00000000,-0.99823 0.049072266 0.0256958 0.018493652,0.04777778 1.1077778 -3.8488889,0.04 -0.6 1.64,1 3 98,23
8,01111011,00000000,-0.9971924 0.040405273 0.021728516 0.059387207,0.88555557 0.55777776 -4.42,0.06 -0.4 1.38,1 1 98,23
9,01111011,00000000,-0.9914551 0.022216797 0.020935059 0.12646484,1.2044444 0.18333334 -4.9244447,-0.06 -0.3 1.6,3 1 97,23
10,01111011,00000000,-0.9796753 0.0056762695 0.024230957 0.19891357,1.0833334 0.034444444 -5.1977777,0.08 -0.16 1.62,7 1 97,23
11,01111011,00000000,-0.9619751 0.00024414062 0.029418945 0.27160645,0.35222223 -0.31111112 -5.2388887,-0.03 -0.09 1.56,11 1 98,23
12,01111011,00000000,-0.94781494 0.0043945312 0.03314209 0.31689453,-0.57222223 -0.5477778 -4.907778,0.31 0.01 1.52,13 2 98,23
13,01111011,00000000,-0.92510986 0.018371582 0.037109375 0.37738037,-1.1311111 -0.56 -4.287778,0.16 -0.06 1.54,13 4 98,23
14,01111011,00000000,-0.9022827 0.03326416 0.034729004 0.42834473,-1.1766666 0.0033333334 -3.6511111,0.35 -0.24 1.64,11 6 98,23
15,01111011,00000000,-0.8796387 0.04248047 0.023925781 0.47302246,-1.0077778 0.71666664 -3.411111,0.44 -0.24 1.32,8 7 98,23
16,01111011,00000000,-0.855896 0.044921875 0.006958008 0.5150757,-0.85333335 1.0477778 -3.3755555,0.21 -0.3 1.35,5 6 98,23
17,01111011,00000000,-0.8286743 0.04119873 -0.010375977 0.55810547,-0.54444444 1.3166667 -3.4922223,0 -0.32 1.33,4 4 98,23
18,01111011,00000000,-0.8076172 0.03656006 -0.019470215 0.5881958,-0.12111111 1.1277778 -3.8877778,-0.07 -0.44 1.41,3 2 98,23
19,01111011,00000000,-0.77124023 0.029541016 -0.026550293 0.6352539,0.19444445 0.6811111 -4.2577777,0.12 -0.37 1.31,3 1 98,23
20,01111011,00000000,-0.72961426 0.024291992 -0.025146484 0.68292236,0.43 0.14777778 -4.5077777,0 -0.29 1.28,4 1 97,23
21,01111011,00000000,-0.68359375 0.021118164 -0.017944336 0.72924805,0.5222222 -0.04 -4.651111,0 -0.3 1.4,6 1 98,23
22,01111011,00000000,-0.6340332 0.021118164 -0.010253906 0.7728882,0.38777778 -0.23111111 -4.5755553,0.16 -0.15 1.24,8 2 98,23
23,01111011,00000000,-0.5999756 0.023803711 -0.007080078 0.7994995,-0.04111111 -0.31111112 -4.577778,0.28 -0.11 1.17,9 3 98,23
24,01111011,00000000,-0.54992676 0.030334473 -0.0075683594 0.8345947,-0.54444444 -0.18 -4.1655555,0.23 -0.03 1.2,10 4 98,23
25,01111011,00000000,-0.515625 0.035888672 -0.014831543 0.8641968,-0.8422222 -3.4133334 -31.005556,0.2 -0.18 1.36,10 5 98,23
26,01111011,00000000,-0.45495605 0.037109375 -0.028259277 0.8892212,-0.9988889 0.7033333 -3.6244445,0.26 -0.23 1.47,9 6 98,23
27,01111011,00000000,-0.40844727 0.03173828 -0.044799805 0.9110718,-0.9266667 0.9988889 -3.521111,0.32 -0.34 1.53,8 6 98,23
28,01111011,00000000,-0.37634277 0.025268555 -0.055419922 0.9244385,-0.74 1.2966666 -3.64,0.13 -0.34 1.5,7 5 98,23
29,01111011,00000000,-0.32489014 0.014282227 -0.06762695 0.94317627,-0.38 1.1911111 -3.8222222,-0.09 -0.41 1.63,6 4 98,23
30,01111011,00000000,-0.26843262 0.00592041 -0.07330322 0.9604492,-0.015555556 0.8188889 -4.187778,0.14 -0.42 1.68,6 3 98,23
31,01111011,00000000,-0.2084961 0.0043945312 -0.07269287 0.97528076,0.14 0.4422222 -4.341111,0.02 -0.31 1.57,6 2 98,23
32,01111011,00000000,-0.16729736 0.007019043 -0.0692749 0.98339844,0.34111112 -0.083333336 -4.457778,0.1 -0.22 1.59,7 2 98,23
33,01111011,00000000,-0.10510254 0.014587402 -0.06329346 0.9923096,0.25555557 -0.34111112 -4.418889,0.08 -0.12 1.49,8 3 98,23
34,01111011,00000000,-0.043884277 0.023620605 -0.061157227 0.9968872,-0.10222222 -0.37777779 -4.2811112,-286.59 -0.14 -0.01,9 4 98,23
35,01111011,00000000,0.013183594 0.031982422 -0.0647583 0.99731445,-0.34111112 -0.3611111 -4.0255556,0.29 -0.05 1.36,10 5 98,23
36,01111011,00000000,0.048461914 0.036315918 -0.06903076 0.99572754,-0.5977778 -0.17333333 -3.6677778,0.27 -0.15 1.51,8 10 98,23
37,01111011,00000000,0.09790039 0.03869629 -0.0758667 0.9915161,-0.57555556 0.15222222 -3.3477778,0.27 -0.24 1.53,1 14 98,23
38,01111011,00000000,0.14477539 0.035583496 -0.08062744 0.98547363,-0.43333334 0.51666665 -3.24,0.21 -0.33 1.55,1 14 98,23
39,01111011,00000000,0.19146729 0.031188965 -0.081970215 0.97753906,-0.30666667 0.5688889 -3.2533333,0.13 -0.29 1.45,1 6 98,23
40,01111011,00000000,0.22296143 0.02947998 -0.079956055 0.97106934,0.07333333 0.46222222 -3.45,-0.04 -0.33 1.66,1 1 98,23
41,01111011,00000000,0.27166748 0.030395508 -0.07232666 0.9591675,0.46 0.21666667 -3.5833333,0.04 -0.24 1.64,1 1 98,23
42,01111011,00000000,0.3125 0.036987305 -0.06262207 0.9437866,0.5911111 -0.17555556 -28.161112,0 -0.23 1.55,3 1 97,23
43,01111011,00000000,0.37249756 0.04748535 -0.055908203 0.9250488,0.36 -0.47444445 -3.8044446,0 -0.12 1.45,7 2 96,23
44,01111011,00000000,0.4192505 0.05883789 -0.05456543 0.9042969,0.15666667 -0.5788889 -3.6355555,0.16 -0.13 1.42,15 8 98,23
45,01111011,00000000,0.4472046 0.06390381 -0.05633545 0.8903198,-0.26222223 -0.46222222 -3.22,0.12 -0.07 1.54,17 13 98,23
46,01111011,00000000,0.4850464 0.06451416 -0.061035156 0.8699341,-0.6066667 0.052222222 -2.8422222,0.48 -0.09 1.62,16 18 98,23
47,01111011,00000000,0.51989746 0.05670166 -0.06500244 0.8498535,-0.76222223 0.5833333 -2.728889,0.34 -0.24 1.71,10 20 98,23
48,01111011,00000000,0.5526123 0.04473877 -0.06530762 0.8296509,-0.7 0.7977778 -2.702222,0.17 -0.29 1.67,1 15 98,23
49,01111011,00000000,0.5857544 0.03503418 -0.060302734 0.8074341,-0.3422222 0.8422222 -2.7222223,0.07 -0.4 1.82,1 6 98,23
50,01111011,00000000,0.60839844 0.032043457 -0.05456543 0.79107666,0.20333333 0.6577778 -2.9966667,0.09 -0.34 1.71,1 1 98,23
51,01111011,00000000,0.6439209 0.03302002 -0.044433594 0.7630615,0.47111112 0.3311111 -3.3044446,0 -0.28 -0.01,2 1 96,23
52,01111011,00000000,0.68029785 0.03845215 -0.03643799 0.73101807,0.45 -0.02 -3.4733334,-0.07 -0.24 1.61,4 1 95,23
53,01111011,00000000,0.7145996 0.0446167 -0.03253174 0.69732666,0.22222222 -0.21222222 -3.3333333,-0.01 -0.13 1.59,8 1 96,23
54,01111011,00000000,0.74572754 0.04736328 -0.033569336 0.66363525,-0.05666667 -0.24 -3.1533334,0.23 -0.08 1.62,12 3 98,23
55,01111011,00000000,0.7642212 0.045898438 -0.036499023 0.6422119,-0.5511111 -0.12777779 -2.9166667,0.16 0 1.56,13 5 98,23
56,01111011,00000000,0.7876587 0.03857422 -0.043701172 0.61328125,-0.96555555 -0.057777777 -2.41,0.07 -0.1 1.75,11 7 98,23
57,01111011,00000000,0.8066406 0.028381348 -0.051086426 0.58813477,-0.9577778 0.09222222 -1.9833333,0.31 -0.24 1.8,5 8 98,23
58,01111011,00000000,0.8220825 0.01965332 -0.0546875 0.5662842,-0.78 0.18 -1.8166667,0.21 -0.21 1.68,1 8 98,23
59,01111011,00000000,0.828125 0.015930176 -0.05291748 0.5526123,-0.22222222 0.43888888 -1.7888889,0.24 -0.3 1.78,1 7 98,23
60,01111011,00000000,0.8466797 0.013305664 -0.044189453 0.53009033,0.18444444 0.7077778 -2,0.08 -0.25 2,1 2 98,23
61,01111011,00000000,0.8633423 0.013549805 -0.033447266 0.50323486,0.2988889 0.56666666 -2.3322222,0.02 -0.28 1.99,2 1 97,23
62,01111011,00000000,0.8807373 0.014831543 -0.027160645 0.47253418,0.14333333 0.18777777 -2.5422223,0.11 -0.15 1.93,3 1 95,23
63,01111011,00000000,0.8967285 0.016845703 -0.028198242 0.44122314,0.086666666 -0.11777778 -2.4744444,-0.16 -0.01 1.05,4 1 94,23
64,01111011,00000000,0.90948486 0.01586914 -0.03765869 0.41363525,-0.42666668 -0.5966667 -2.1455555,0.01 0.03 2.32,6 2 98,23
65,01111011,00000000,0.9156494 0.015258789 -0.045043945 0.3991089,-0.37333333 -0.64111114 -1.4933333,0.09 -0.29 2.71,5 5 98,23
66,01111011,00000000,0.9232178 0.015380859 -0.048095703 0.38085938,-0.015555556 0.12555556 -1.32,0.45 -0.22 2.49,3 10 98,23
67,01111011,00000000,0.93066406 0.012634277 -0.038330078 0.36358643,0.0022222223 0.95444447 -1.4077778,0.25 -0.11 1.8,3 12 98,23
68,01111011,00000000,0.93933105 0.0064697266 -0.026062012 0.34191895,-0.25444445 0.9066667 -1.721111,0 -0.14 269.94,4 1 98,23
69,01111011,00000000,0.94799805 -0.0028686523 -0.02130127 0.31750488,-0.57555556 0.52555555 -1.8244444,-0.15 -0.07 0.56,4 2 98,23
70,01111011,00000000,0.95288086 -0.009399414 -0.023620605 0.30212402,-0.77444446 -0.083333336 -1.6577778,0 -0.17 0.65,2 1 98,23
71,01111011,00000000,0.95892334 -0.0126953125 -0.03100586 0.2816162,-0.112222224 -0.48333332 -1.4666667,0.1 -0.32 1.19,1 1 98,23
72,01111011,00000000,0.9645996 0.00024414062 -0.030395508 0.2616577,1.2588888 0.034444444 -1.5466666,0.2 -0.48 1.76,1 4 98,23
73,01111011,00000000,0.9716797 0.020019531 -0.016174316 0.23461914,1.5122222 0.8433333 -2.2755556,0.17 -0.16 1.41,3 5 96,23
74,01111011,00000000,0.9796753 0.030761719 0.0012207031 0.19812012,1.0422223 1.03 -2.72,0 0.09 1.26,7 5 95,23
75,01111011,00000000,0.98480225 0.030151367 0.007751465 0.17089844,-0.13111112 0.44666666 -2.9266667,-0.05 0.12 1.4,14 1 95,23
76,01111011,00000000,0.99090576 0.00036621094 0.00091552734 -0.009643555,-0.72444445 -0.65555555 -2.5533333,-0.08 -0.07 1.46,15 1 94,23
77,01111011,00000000,0.9945679 0.014831543 -0.013671875 0.10217285,-0.51 -1.2822223 -1.8577778,0.05 -0.26 1.59,9 5 98,23
78,01111011,00000000,0.99609375 0.014831543 -0.028747559 0.08117676,0.06666667 -0.80222225 -1.3033333,0.35 -0.22 1.47,6 11 98,23
79,01111011,00000000,0.9973755 0.019165039 -0.028747559 0.06311035,0.25777778 -0.012222222 -1.3266667,0.48 -0.13 1.57,6 19 98,23
80,01111011,00000000,0.99890137 0.018676758 -0.012878418 0.04144287,-0.017777778 1.0788889 -1.4966667,0.21 -0.05 1.53,8 22 98,23
81,01111011,00000000,0.99957275 0.013671875 -0.00061035156 0.024719238,-0.5833333 1.2666667 -1.8522222,0.09 -0.11 1.61,9 17 98,23
82,01111011,00000000,0.9998779 0.0034179688 0.010131836 -0.0020751953,-0.69777775 0.39444444 -1.9266666,-0.26 -0.24 1.72,7 10 98,23
83,01111011,00000000,0.99957275 -0.00091552734 0.0063476562 -0.028076172,-0.04222222 -0.59 -1.7522222,-0.15 -0.27 1.66,4 7 98,23
84,01111011,00000000,0.9985962 0.0056762695 -0.006225586 -0.051879883,0.52444446 -0.8877778 -1.62,0.05 -0.32 1.64,3 9 98,23
85,01111011,00000000,0.99749756 0.014770508 -0.01361084 -0.06713867,1.0622222 -0.6622222 -1.6255555,0.32 -0.12 1.6,163 -81 -3329,23
86,01111011,00000000,0.99523926 0.027832031 -0.017089844 -0.09124756,0.74444443 0.06 -1.76,0.35 -0.03 1.7,13 21 98,23
87,01111011,00000000,0.99261475 0.030883789 -0.012329102 -0.11669922,-0.17222223 0.36555555 -1.7911111,0.1 0.07 1.55,19 22 98,23
88,01111011,00000000,0.9897461 0.021972656 -0.0072631836 -0.1404419,-0.85 0.13666667 -1.6033334,0.14 -0.01 1.55,20 21 98,23
89,01111011,00000000,0.9871216 0.009216309 -0.008361816 -0.1593628,-0.9111111 -0.23666666 -1.3088889,0.04 -0.18 1.66,16 20 98,23
90,01111011,00000000,0.98553467 0.004211426 -0.011962891 -0.16888428,-0.36222222 -0.4977778 -0.99777776,-0.05 -0.31 1.56,10 21 98,23
91,01111011,00000000,0.98339844 0.006225586 -0.017028809 -0.18035889,0.43444446 -0.2211111 -0.76111114,0.24 -0.37 1.7,5 25 98,23
92,01111011,00000000,0.9813843 0.024902344 -0.009460449 -0.1899414,1.278889 1.0666667 -0.8988889,0.18 -0.11 1.06,8 29 98,23
93,01111011,00000000,0.9770508 0.044677734 0.0015869141 -0.0107421875,1.2744445 -0.21222222 -1.3444444,-0.04 0.02 1.19,17 24 97,23
94,01111011,00000000,0.9733887 0.047424316 -0.019592285 -0.22338867,0.56333333 -1.1788889 -1.0344445,0.61 0.99 2.03,34 21 98,23
95,01111011,00000000,0.97076416 0.037353516 -0.01727295 -0.23626709,-0.7688889 0.33444443 -1,1.12 -0.2 1.72,43 30 98,23
96,01111011,00000000,0.9692383 0.03857422 -0.01550293 -0.24243164,0.22777778 0.14 -0.60555553,0.05 0.05 1.34,39 32 98,23
97,01111011,00000000,0.96813965 0.04071045 -0.018676758 -0.24609375,0.15888889 -0.023333333 -0.054444443,-0.26 0.07 1.04,37 29 98,23
98,01111011,00000000,0.9691162 0.043395996 -0.01965332 -0.24163818,0.09777778 0.075555556 0.40444446,-0.03 0.07 2.07,43 28 97,23
99,01111011,00000000,0.9707031 0.043701172 -0.020202637 -0.23535156,-0.036666665 0.093333334 0.44555557,0.63 0.12 0.87,47 27 94,23
100,01111011,00000000,0.97283936 0.043029785 -0.019836426 -0.22650146,-0.03 -0.008888889 0.57222223,0.2 -0.02 1.52,47 25 90,23
101,01111011,00000000,0.97454834 0.04248047 -0.019897461 -0.21905518,-0.12777779 -0.013333334 0.73444444,-0.07 0.06 1.87,46 25 85,23
102,01111011,00000000,0.9770508 0.043518066 -0.020385742 -0.20721436,0.15111111 -0.045555554 0.97,-0.16 -0.1 1.97,43 14 -1793,23
103,01111011,00000000,0.97998047 0.04498291 -0.020874023 -0.19274902,0.04888889 -0.007777778 1.0233333,-0.16 -0.05 2.01,45 28 74,23
104,01111011,00000000,0.98272705 0.04498291 -0.020874023 -0.17828369,0.046666667 0.014444444 1.0477778,0.27 0.02 1.35,48 29 67,23
105,01111011,00000000,0.9845581 0.045288086 -0.021118164 -0.16772461,0.04111111 -0.022222223 1.1166667,-0.02 -0.1 1.95,49 29 60,23
106,01111011,00000000,0.9869995 0.0446167 -0.020874023 -0.15301514,-0.11 0.053333335 0.9011111,0.17 -0.24 1.71,50 30 53,23
107,01111011,00000000,0.98864746 0.044555664 -0.020751953 -0.14190674,0.054444443 0.064444445 0.7733333,0.22 -0.2 1.39,48 30 47,23
108,01111011,00000000,0.9897461 0.04510498 -0.02142334 -0.13378906,0.064444445 -0.044444446 0.48222223,0.17 -0.16 1.83,48 29 42,23
109,01111011,00000000,0.99053955 0.046325684 -0.021606445 -0.12731934,0.093333334 -0.046666667 0.40111113,-0.04 0.04 1.55,50 30 38,23
110,01111011,00000000,0.99090576 0.04638672 -0.021606445 -0.014221191,0.014444444 0.04777778 0.37777779,0.16 -0.03 1.28,52 32 35,23
111,01111011,00000000,0.99139404 0.046325684 -0.021728516 -0.12011719,0.0022222223 0.0033333334 0.24666667,0.38 -0.17 1.54,53 32 33,23
112,01111011,00000000,0.9918823 0.046691895 -0.021972656 -0.11590576,0.06 -0.018888889 0.3011111,0.15 0.06 1.26,53 32 31,23
113,01111011,00000000,0.9923096 0.046447754 -0.02178955 -0.11248779,-0.035555556 0.057777777 0.26444444,0.07 0.06 1.42,54 32 29,23
114,01111011,00000000,0.9926758 0.046813965 -0.022155762 -0.10913086,0.055555556 -0.052222222 0.19666667,0.19 -0.21 1.85,53 31 28,23
115,01111011,00000000,0.99298096 0.046813965 -0.022094727 -0.105773926,0.022222223 -0.026666667 0.18222222,0.08 0.04 1.35,53 32 27,23
116,01111011,00000000,0.99334717 0.046691895 -0.022094727 -0.10272217,0.011111111 -0.006666667 0.25111112,0.07 -0.01 1.64,54 33 26,23
117,01111011,00000000,0.9935913 0.046813965 -0.022155762 -0.10070801,-0.02111111 0.037777778 0.20444444,-0.1 0.01 1.66,54 34 25,23
118,01111011,00000000,0.9937744 0.046936035 -0.022460938 -0.098083496,0.025555555 -0.044444446 0.16222222,0.01 -0.13 1.89,53 33 24,23
119,01111011,00000000,0.9940796 0.046875 -0.022277832 -0.09552002,0.008888889 0.031111112 0.21333334,0.13 -0.07 1.51,53 34 255,23
120,01111011,00000000,0.9942627 0.04650879 -0.022094727 -0.093322754,-0.057777777 0.033333335 0.19333333,-0.14 0.06 1.62,53 34 22,23
121,01111011,00000000,0.9945679 0.046569824 -0.022521973 -0.09039307,-0.07666667 0.05111111 0.29666665,-0.1 0.02 1.6,51 33 21,23
122,01111011,00000000,0.9946289 0.045898438 -0.022338867 -0.089416504,-0.07444444 -0.07111111 0.09222222,0.08 -0.07 1.98,48 32 20,23
123,01111011,00000000,0.994812 0.044799805 -0.021728516 -0.088256836,-0.035555556 0.03888889 0.07444444,0.23 -0.04 1.06,45 33 19,23
124,01111011,00000000,0.99505615 0.045043945 -0.02178955 -0.08557129,0.07 -0.057777777 0.15333334,-0.09 -0.09 1.52,43 33 19,23
125,01111011,00000000,0.99542236 0.047790527 -0.022705078 -0.07928467,0.15222222 0.026666667 0.43666667,0.19 0 1.58,44 34 19,23
126,01111011,00000000,0.9957886 0.047973633 -0.023254395 -0.07434082,0.08444444 -0.12777779 0.5377778,0 -0.14 2.04,48 34 17,23
127,01111011,00000000,0.99627686 0.046936035 -0.022399902 -0.068481445,0.0044444446 0.12888889 0.35444444,0.03 0.02 1.69,51 36 15,23
128,01111011,00000000,0.996521 0.047729492 -0.023132324 -0.0635376,0.055555556 -0.096666664 0.31111112,0 0.03 1.64,52 35 13,23
129,01111011,00000000,0.99676514 0.048217773 -0.023010254 -0.05859375,-0.03888889 -0.06888889 0.30333334,0.21 -0.15 1.35,53 36 12,23
130,01111011,00000000,0.9970093 0.047851562 -0.023254395 -0.055603027,0.06111111 -0.028888889 0.35777777,0.39 -0.15 1.16,52 38 11,23
131,01111011,00000000,0.99713135 0.048034668 -0.022888184 -0.052490234,-0.017777778 0.101111114 0.17777778,0.41 -0.06 1.25,52 39 10,23
132,01111011,00000000,0.9973755 0.048217773 -0.02368164 -0.04815674,0.015555556 -0.15333334 0.37888888,-0.27 -0.07 2.01,52 37 9,23
133,01111011,00000000,0.9975586 0.04852295 -0.02319336 -0.043395996,0.078888886 0.15555556 0.32222223,0.44 -0.05 1.23,52 39 8,23
134,01111011,00000000,0.99780273 0.048706055 -0.023742676 -0.037719727,-0.035555556 0.03 0.4,0.42 0.05 1.28,53 37 7,23
135,01111011,00000000,0.9979248 0.0491333 -0.024475098 -0.031188965,-0.09555556 0.16333333 0.39666668,-0.28 -0.07 2.1,53 35 6,23
136,01111011,00000000,0.9981079 0.049194336 -0.024414062 -0.027404785,0.08111111 -0.14 0.42777777,0.07 -0.06 1.44,50 31 5,23
137,01111011,00000000,0.998291 0.048950195 -0.02355957 -0.02166748,-0.05 0.19888888 0.43222222,0.48 0 1.1,50 32 3,23
138,01111011,00000000,0.9984131 0.048950195 -0.024047852 -0.014953613,0.03888889 -0.10555556 0.44666666,-0.12 -0.19 2,50 30 2,23
139,01111011,00000000,0.9984741 0.049072266 -0.023742676 -0.009216309,-0.04222222 0.13111112 0.37111112,0.14 0.06 1.53,50 30 1,23
140,01111011,00000000,0.9984741 0.049194336 -0.024108887 -0.004760742,0.013333334 -0.04111111 0.24666667,-0.05 -0.03 1.45,49 29 1,23
141,01111011,00000000,0.9984741 0.049316406 -0.023986816 -0.0014648438,0.0022222223 -0.027777778 0.17333333,0.25 -0.17 1.54,48 29 1,23
142,01111011,00000000,0.9984741 0.049316406 -0.024047852 0.00024414062,0.04 -0.0011111111 0.22222222,0.22 -0.02 1.27,48 30 1,23
143,01111011,00000000,0.9984741 0.049194336 -0.024047852 0.0028686523,-0.044444446 0.032222223 0.16777778,0.07 0.04 1.45,48 30 1,23
144,01111011,00000000,0.9984741 0.04937744 -0.024291992 0.005493164,0.032222223 -0.043333333 0.17,0.16 -0.14 1.9,47 30 1,23
145,01111011,00000000,0.9984131 0.04937744 -0.024230957 0.0078125,0.008888889 0.028888889 0.17222223,0 0 1.39,47 31 1,23
146,01111011,00000000,0.9984131 0.049316406 -0.024169922 0.009765625,0.034444444 0.0033333334 0.17,0.1 -0.12 1.56,47 31 1,23
147,01111011,00000000,0.9984131 0.049316406 -0.024169922 0.011169434,-0.04777778 0.046666667 0.13666667,0.05 0.08 1.55,47 31 1,23
148,01111011,00000000,0.9984131 0.049560547 -0.024414062 0.013366699,0.04888889 -0.055555556 0.14,0.02 -0.1 1.75,46 30 1,23
149,01111011,00000000,0.99835205 0.049560547 -0.024291992 0.015625,0.013333334 0.04222222 0.18111111,0.15 -0.04 1.48,46 31 1,23
150,01111011,00000000,0.998291 0.04949951 -0.024291992 0.017578125,0.03888889 0.007777778 0.19,0.09 0.02 1.52,47 31 1,23
151,01111011,00000000,0.99823 0.049621582 -0.024536133 0.019958496,-0.05 0.046666667 0.11888889,0.3 -0.01 1.38,48 31 1,23
152,01111011,00000000,0.99823 0.049621582 -0.024658203 0.021362305,0.011111111 -0.053333335 0.14666666,0.28 -0.07 1.57,47 30 1,23
153,01111011,00000000,0.984375 0.049804688 -0.024597168 0.023498535,0.035555556 0.85333335 -35.27111,0.2 -0.08 1.27,46 31 1,23
154,01111011,00000000,0.9981079 0.049560547 -0.024597168 0.02532959,-0.04222222 0.03888889 0.107777774,0.29 -0.05 1.37,47 31 1,23
155,01111011,00000000,0.9980469 0.049865723 -0.024902344 0.027526855,-0.04222222 0.05111111 0.14333333,0.28 -0.18 1.57,46 30 1,23
156,01111011,00000000,0.99798584 0.049804688 -0.024719238 0.029846191,0.028888889 -0.044444446 0.12888889,0.09 -0.21 1.88,44 29 1,23
157,01111011,00000000,0.9979248 0.049926758 -0.024719238 0.03112793,0.037777778 -0.0044444446 0.16555555,0.21 0.02 1.29,44 30 1,23
158,01111011,00000000,0.99786377 0.049743652 -0.024658203 0.033203125,-0.036666665 0.043333333 0.15444444,0.08 0.01 1.45,45 31 1,23
159,01111011,00000000,0.99780273 0.049987793 -0.024963379 0.03491211,0.04 -0.046666667 0.08111111,0.22 -0.16 1.75,44 30 1,23
160,01111011,00000000,0.99768066 0.0501709 -0.024658203 0.03729248,0.05 0.06666667 0.20222223,0.44 0.03 1.16,44 31 1,23
161,01111011,00000000,0.9976196 0.049926758 -0.024719238 0.039489746,0.09222222 -0.033333335 0.19333333,0.08 -0.19 2.15,45 30 1,23
162,01111011,00000000,0.99768066 0.04852295 -0.024597168 0.040527344,-0.22555555 0.115555555 0.08,-309.56 -0.01 -0.01,47 30 1,23
163,01111011,00000000,0.99798584 0.041259766 -0.020263672 0.042663574,-0.6333333 0.43444446 0.18333334,0.12 -0.12 1.63,43 28 1,23
164,01111011,00000000,0.9984741 0.030578613 -0.011413574 0.044799805,-0.7133333 0.72888887 0.11888889,0.18 -0.2 1.65,27 18 1,23
165,01111011,00000000,0.9986572 0.020935059 -0.0025024414 0.046813965,-0.5788889 0.5966667 0.123333335,-0.04 -0.12 1.52,6 1 2,23
166,01111011,00000000,0.9985962 0.018371582 0.0030517578 0.04827881,-0.23333333 0.42777777 0.06666667,-0.11 -0.21 1.54,1 1 3,23
167,01111011,00000000,0.9985962 0.020874023 0.0040893555 0.048217773,0.38333333 0.0055555557 0.0044444446,-0.12 -0.25 1.6,1 1 4,23
168,01111011,00000000,0.9984741 0.029541016 0.0017700195 0.045959473,0.69 -0.28333333 -0.22,0.1 -0.16 1.73,3 1 5,23
169,01111011,00000000,0.998291 0.039489746 -0.004211426 0.042053223,0.59555554 -0.5144445 -0.28,-0.05 -0.06 1.68,7 3 6,23
170,01111011,00000000,0.99823 0.044189453 -0.009521484 0.03894043,0.14666666 -0.31555554 -0.0011111111,0 -0.02 1.5,15 9 7,23
171,01111011,00000000,0.99835205 0.040039062 -0.012207031 0.037902832,-0.27 -0.16888888 0.0044444446,0.07 0.02 1.4,25 22 9,23
172,01111011,00000000,0.9985962 0.03314209 -0.012084961 0.03967285,-0.80333334 0.09 0.19888888,0.14 -0.04 1.46,21 29 10,23
173,01111011,00000000,0.9986572 0.020690918 -0.009643555 0.046203613,-0.8388889 0.25333333 0.57,0.05 -0.11 1.44,2 29 10,23
174,01111011,00000000,0.998291 0.010925293 -0.0051879883 0.05609131,-0.53333336 0.40666667 0.7355555,0.08 -0.21 1.53,1 24 9,23
175,01111011,00000000,0.9977417 0.009460449 -0.00012207031 0.06628418,-0.13222222 0.41333333 0.7366667,0.07 -0.28 1.58,1 14 6,23
176,01111011,00000000,0.99713135 0.01586914 0.0040283203 0.073791504,0.5377778 0.21222222 0.52555555,-0.03 -0.32 1.69,1 2 3,23
177,01111011,00000000,0.99676514 0.022827148 0.0053100586 0.07678223,0.7222222 0.11 0.27333334,0.1 -0.06 1.5,3 2 4,23
178,01111011,00000000,0.9963379 0.032714844 0.0040283203 0.07879639,0.6 -0.2688889 0.10666667,-0.11 -0.13 1.64,7 2 5,23
255,11111111,11111111,-6.1035156E-05 -6.1035156E-05 -6.1035156E-05 -6.1035156E-05,-0.0011111111 -0.0011111111 -0.0011111111,-0.01 -0.01 -0.01,-1 -1 -1,255
255,11111111,11111111,-6.1035156E-05 -6.1035156E-05 -6.1035156E-05 -6.1035156E-05,-0.0011111111 -0.0011111111 -0.0011111111,-0.01 -0.01 -0.01,-1 -1 -1,255
255,11111111,11111111,-6.1035156E-05 -6.1035156E-05 -6.1035156E-05 -6.1035156E-05,-0.0011111111 -0.0011111111 -0.0011111111,-0.01 -0.01 -0.01,-1 -1 -1,255
255,11111111,11111111,-6.1035156E-05 -6.1035156E-05 -6.1035156E-05 -6.1035156E-05,-0.0011111111 -0.0011111111 -0.0011111111,-0.01 -0.01 -0.01,-1 -1 -1,255
255,11111111,11111111,-6.1035156E-05 -6.1035156E-05 -6.1035156E-05 -6.1035156E-05,-0.0011111111 -0.0011111111 -0.0011111111,-0.01 -0.01 -0.01,-1 -1 -1,255
255,11111111,11111111,-6.1035156E-05 -6.1035156E-05 -6.1035156E-05 -6.1035156E-05,-0.0011111111 -0.0011111111 -0.0011111111,-0.01 -0.01 -0.01,-1 -1 -1,255
255,11111111,11111111,-6.1035156E-05 -6.1035156E-05 -6.1035156E-05 -6.1035156E-05,-0.0011111111 -0.0011111111 -0.0011111111,-0.01 -0.01 -0.01,-1 -1 -1,255
255,11111111,11111111,-6.1035156E-05 -6.1035156E-05 -6.1035156E-05 -6.1035156E-05,-0.0011111111 -0.0011111111 -0.0011111111,-0.01 -0.01 -0.01,-1 -1 -1,255
255,11111111,11111111,-6.1035156E-05 -6.1035156E-05 -6.1035156E-05 -6.1035156E-05,-0.0011111111 -0.0011111111 -0.0011111111,-0.01 -0.01 -0.01,-1 -1 -1,255
255,11111111,11111111,-6.1035156E-05 -6.1035156E-05 -6.1035156E-05 -6.1035156E-05,-0.0011111111 -0.0011111111 -0.0011111111,-0.01 -0.01 -0.01,-1 -1 -1,255
255,11111111,11111111,-6.1035156E-05 -6.1035156E-05 -6.1035156E-05 -6.1035156E-05,-0.0011111111 -0.0011111111 -0.0011111111,-0.01 -0.01 -0.01,-1 -1 -1,255
255,11111111,11111111,-6.1035156E-05 -6.1035156E-05 -6.1035156E-05 -6.1035156E-05,-0.0011111111 -0.0011111111 -0.0011111111,-0.01 -0.01 -0.01,-1 -1 -1,255
255,11111111,11111111,-6.1035156E-05 -6.1035156E-05 -6.1035156E-05 -6.1035156E-05,-0.0011111111 -0.0011111111 -0.0011111111,-0.01 -0.01 -0.01,-1 -1 -1,255
255,11111111,11111111,-6.1035156E-05 -6.1035156E-05 -6.1035156E-05 -6.1035156E-05,-0.0011111111 -0.0011111111 -0.0011111111,-0.01 -0.01 -0.01,-1 -1 -1,255
255,11111111,11111111,-6.1035156E-05 -6.1035156E-05 -6.1035156E-05 -6.1035156E-05,-0.0011111111 -0.0011111111 -0.0011111111,-0.01 -0.01 -0.01,-1 -1 -1,255
255,11111111,11111111,-6.1035156E-05 -6.1035156E-05 -6.1035156E-05 -6.1035156E-05,-0.0011111111 -0.0011111111 -0.0011111111,-0.01 -0.01 -0.01,-1 -1 -1,255
255,11111111,11111111,-6.1035156E-05 -6.1035156E-05 -6.1035156E-05 -6.1035156E-05,-0.0011111111 -0.0011111111 -0.0011111111,-0.01 -0.01 -0.01,-1 -1 -1,255
255,11111111,11111111,-6.1035156E-05 -6.1035156E-05 -6.1035156E-05 -6.1035156E-05,-0.0011111111 -0.0011111111 -0.0011111111,-0.01 -0.01 -0.01,-1 -1 -1,255
255,11111111,11111111,-6.1035156E-05 -6.1035156E-05 -6.1035156E-05 -6.1035156E-05,-0.0011111111 -0.0011111111 -0.0011111111,-0.01 -0.01 -0.01,-1 -1 -1,255
255,11111111,11111111,-6.1035156E-05 -6.1035156E-05 -6.1035156E-05 -6.1035156E-05,-0.0011111111 -0.0011111111 -0.0011111111,-0.01 -0.01 -0.01,-1 -1 -1,255
255,11111111,11111111,-6.1035156E-05 -6.1035156E-05 -6.1035156E-05 -6.1035156E-05,-0.0011111111 -0.0011111111 -0.0011111111,-0.01 -0.01 -0.01,-1 -1 -1,255
255,11111111,11111111,-6.1035156E-05 -6.1035156E-05 -6.1035156E-05 -6.1035156E-05,-0.0011111111 -0.0011111111 -0.0011111111,-0.01 -0.01 -0.01,-1 -1 -1,255
255,11111111,11111111,-6.1035156E-05 -6.1035156E-05 -6.1035156E-05 -6.1035156E-05,-0.0011111111 -0.0011111111 -0.0011111111,-0.01 -0.01 -0.01,-1 -1 -1,255
255,11111111,11111111,-6.1035156E-05 -6.1035156E-05 -6.1035156E-05 -6.1035156E-05,-0.0011111111 -0.0011111111 -0.0011111111,-0.01 -0.01 -0.01,-1 -1 -1,255
255,11111111,11111111,-6.1035156E-05 -6.1035156E-05 -6.1035156E-05 -6.1035156E-05,-0.0011111111 -0.0011111111 -0.0011111111,-0.01 -0.01 -0.01,-1 -1 -1,255
255,11111111,11111111,-6.1035156E-05 -6.1035156E-05 -6.1035156E-05 -6.1035156E-05,-0.0011111111 -0.0011111111 -0.0011111111,-0.01 -0.01 -0.01,-1 -1 -1,255
255,11111111,11111111,-6.1035156E-05 -6.1035156E-05 -6.1035156E-05 -6.1035156E-05,-0.0011111111 -0.0011111111 -0.0011111111,-0.01 -0.01 -0.01,-1 -1 -1,255
255,11111111,11111111,-6.1035156E-05 -6.1035156E-05 -6.1035156E-05 -6.1035156E-05,-0.0011111111 -0.0011111111 -0.0011111111,-0.01 -0.01 -0.01,-1 -1 -1,255
255,11111111,11111111,-6.1035156E-05 -6.1035156E-05 -6.1035156E-05 -6.1035156E-05,-0.0011111111 -0.0011111111 -0.0011111111,-0.01 -0.01 -0.01,-1 -1 -1,255
255,11111111,11111111,-6.1035156E-05 -6.1035156E-05 -6.1035156E-05 -6.1035156E-05,-0.0011111111 -0.0011111111 -0.0011111111,-0.01 -0.01 -0.01,-1 -1 -1,255
255,11111111,11111111,-6.1035156E-05 -6.1035156E-05 -6.1035156E-05 -6.1035156E-05,-0.0011111111 -0.0011111111 -0.0011111111,-0.01 -0.01 -0.01,-1 -1 -1,255
255,11111111,11111111,-6.1035156E-05 -6.1035156E-05 -6.1035156E-05 -6.1035156E-05,-0.0011111111 -0.0011111111 -0.0011111111,-0.01 -0.01 -0.01,-1 -1 -1,255
255,11111111,11111111,-6.1035156E-05 -6.1035156E-05 -6.1035156E-05 -6.1035156E-05,-0.0011111111 -0.0011111111 -0.0011111111,-0.01 -0.01 -0.01,-1 -1 -1,255
255,11111111,11111111,-6.1035156E-05 -6.1035156E-05 -6.1035156E-05 -6.1035156E-05,-0.0011111111 -0.0011111111 -0.0011111111,-0.01 -0.01 -0.01,-1 -1 -1,255
255,11111111,11111111,-6.1035156E-05 -6.1035156E-05 -6.1035156E-05 -6.1035156E-05,-0.0011111111 -0.0011111111 -0.0011111111,-0.01 -0.01 -0.01,-1 -1 -1,255
255,11111111,11111111,-6.1035156E-05 -6.1035156E-05 -6.1035156E-05 -6.1035156E-05,-0.0011111111 -0.0011111111 -0.0011111111,-0.01 -0.01 -0.01,-1 -1 -1,255
255,11111111,11111111,-6.1035156E-05 -6.1035156E-05 -6.1035156E-05 -6.1035156E-05,-0.0011111111 -0.0011111111 -0.0011111111,-0.01 -0.01 -0.01,-1 -1 -1,255
255,11111111,11111111,-6.1035156E-05 -6.1035156E-05 -6.1035156E-05 -6.1035156E-05,-0.0011111111 -0.0011111111 -0.0011111111,-0.01 -0.01 -0.01,-1 -1 -1,255
255,11111111,11111111,-6.1035156E-05 -6.1035156E-05 -6.1035156E-05 -6.1035156E-05,-0.0011111111 -0.0011111111 -0.0011111111,-0.01 -0.01 -0.01,-1 -1 -1,255
255,11111111,11111111,-6.1035156E-05 -6.1035156E-05 -6.1035156E-05 -6.1035156E-05,-0.0011111111 -0.0011111111 -0.0011111111,-0.01 -0.01 -0.01,-1 -1 -1,255
255,11111111,11111111,-6.1035156E-05 -6.1035156E-05 -6.1035156E-05 -6.1035156E-05,-0.0011111111 -0.0011111111 -0.0011111111,-0.01 -0.01 -0.01,-1 -1 -1,255
255,11111111,11111111,-6.1035156E-05 -6.1035156E-05 -6.1035156E-05 -6.1035156E-05,-0.0011111111 -0.0011111111 -0.0011111111,-0.01 -0.01 -0.01,-1 -1 -1,255
255,11111111,11111111,-6.1035156E-05 -6.1035156E-05 -6.1035156E-05 -6.1035156E-05,-0.0011111111 -0.0011111111 -0.0011111111,-0.01 -0.01 -0.01,-1 -1 -1,255
255,11111111,11111111,-6.1035156E-05 -6.1035156E-05 -6.1035156E-05 -6.1035156E-05,-0.0011111111 -0.0011111111 -0.0011111111,-0.01 -0.01 -0.01,-1 -1 -1,255
255,11111111,11111111,-6.1035156E-05 -6.1035156E-05 -6.1035156E-05 -6.1035156E-05,-0.0011111111 -0.0011111111 -0.0011111111,-0.01 -0.01 -0.01,-1 -1 -1,255
255,11111111,11111111,-6.1035156E-05 -6.1035156E-05 -6.1035156E-05 -6.1035156E-05,-0.0011111111 -0.0011111111 -0.0011111111,-0.01 -0.01 -0.01,-1 -1 -1,255
255,11111111,11111111,-6.1035156E-05 -6.1035156E-05 -6.1035156E-05 -6.1035156E-05,-0.0011111111 -0.0011111111 -0.0011111111,-0.01 -0.01 -0.01,-1 -1 -1,255
255,11111111,11111111,-6.1035156E-05 -6.1035156E-05 -6.1035156E-05 -6.1035156E-05,-0.0011111111 -0.0011111111 -0.0011111111,-0.01 -0.01 -0.01,-1 -1 -1,255
255,11111111,11111111,-6.1035156E-05 -6.1035156E-05 -6.1035156E-05 -6.1035156E-05,-0.0011111111 -0.0011111111 -0.0011111111,-0.01 -0.01 -0.01,-1 -1 -1,255
255,11111111,11111111,-6.1035156E-05 -6.1035156E-05 -6.1035156E-05 -6.1035156E-05,-0.0011111111 -0.0011111111 -0.0011111111,-0.01 -0.01 -0.01,-1 -1 -1,255
255,11111111,11111111,-6.1035156E-05 -6.1035156E-05 -6.1035156E-05 -6.1035156E-05,-0.0011111111 -0.0011111111 -0.0011111111,-0.01 -0.01 -0.01,-1 -1 -1,255
255,11111111,11111111,-6.1035156E-05 -6.1035156E-05 -6.1035156E-05 -6.1035156E-05,-0.0011111111 -0.0011111111 -0.0011111111,-0.01 -0.01 -0.01,-1 -1 -1,255
255,11111111,11111111,-6.1035156E-05 -6.1035156E-05 -6.1035156E-05 -6.1035156E-05,-0.0011111111 -0.0011111111 -0.0011111111,-0.01 -0.01 -0.01,-1 -1 -1,255
255,11111111,11111111,-6.1035156E-05 -6.1035156E-05 -6.1035156E-05 -6.1035156E-05,-0.0011111111 -0.0011111111 -0.0011111111,-0.01 -0.01 -0.01,-1 -1 -1,255
255,11111111,11111111,-6.1035156E-05 -6.1035156E-05 -6.1035156E-05 -6.1035156E-05,-0.0011111111 -0.0011111111 -0.0011111111,-0.01 -0.01 -0.01,-1 -1 -1,255
255,11111111,11111111,-6.1035156E-05 -6.1035156E-05 -6.1035156E-05 -6.1035156E-05,-0.0011111111 -0.0011111111 -0.0011111111,-0.01 -0.01 -0.01,-1 -1 -1,255
255,11111111,11111111,-6.1035156E-05 -6.1035156E-05 -6.1035156E-05 -6.1035156E-05,-0.0011111111 -0.0011111111 -0.0011111111,-0.01 -0.01 -0.01,-1 -1 -1,255
255,11111111,11111111,-6.1035156E-05 -6.1035156E-05 -6.1035156E-05 -6.1035156E-05,-0.0011111111 -0.0011111111 -0.0011111111,-0.01 -0.01 -0.01,-1 -1 -1,255
255,11111111,11111111,-6.1035156E-05 -6.1035156E-05 -6.1035156E-05 -6.1035156E-05,-0.0011111111 -0.0011111111 -0.0011111111,-0.01 -0.01 -0.01,-1 -1 -1,255
255,11111111,11111111,-6.1035156E-05 -6.1035156E-05 -6.1035156E-05 -6.1035156E-05,-0.0011111111 -0.0011111111 -0.0011111111,-0.01 -0.01 -0.01,-1 -1 -1,255
255,11111111,11111111,-6.1035156E-05 -6.1035156E-05 -6.1035156E-05 -6.1035156E-05,-0.0011111111 -0.0011111111 -0.0011111111,-0.01 -0.01 -0.01,-1 -1 -1,255
255,11111111,11111111,-6.1035156E-05 -6.1035156E-05 -6.1035156E-05 -6.1035156E-05,-0.0011111111 -0.0011111111 -0.0011111111,-0.01 -0.01 -0.01,-1 -1 -1,255
255,11111111,11111111,-6.1035156E-05 -6.1035156E-05 -6.1035156E-05 -6.1035156E-05,-0.0011111111 -0.0011111111 -0.0011111111,-0.01 -0.01 -0.01,-1 -1 -1,255
255,11111111,11111111,-6.1035156E-05 -6.1035156E-05 -6.1035156E-05 -6.1035156E-05,-0.0011111111 -0.0011111111 -0.0011111111,-0.01 -0.01 -0.01,-1 -1 -1,255
255,11111111,11111111,-6.1035156E-05 -6.1035156E-05 -6.1035156E-05 -6.1035156E-05,-0.0011111111 -0.0011111111 -0.0011111111,-0.01 -0.01 -0.01,-1 -1 -1,255
255,11111111,11111111,-6.1035156E-05 -6.1035156E-05 -6.1035156E-05 -6.1035156E-05,-0.0011111111 -0.0011111111 -0.0011111111,-0.01 -0.01 -0.01,-1 -1 -1,255
255,11111111,11111111,-6.1035156E-05 -6.1035156E-05 -6.1035156E-05 -6.1035156E-05,-0.0011111111 -0.0011111111 -0.0011111111,-0.01 -0.01 -0.01,-1 -1 -1,255
255,11111111,11111111,-6.1035156E-05 -6.1035156E-05 -6.1035156E-05 -6.1035156E-05,-0.0011111111 -0.0011111111 -0.0011111111,-0.01 -0.01 -0.01,-1 -1 -1,255
255,11111111,11111111,-6.1035156E-05 -6.1035156E-05 -6.1035156E-05 -6.1035156E-05,-0.0011111111 -0.0011111111 -0.0011111111,-0.01 -0.01 -0.01,-1 -1 -1,255
255,11111111,11111111,-6.1035156E-05 -6.1035156E-05 -6.1035156E-05 -6.1035156E-05,-0.0011111111 -0.0011111111 -0.0011111111,-0.01 -0.01 -0.01,-1 -1 -1,255
