index,flag1,flag2,ori,avel,acce,mp,temp ( Big-Endian )
0,01100001,00000000,0.32440186 -0.066101074 0.94348145 -0.013549805,0.012222222 -0.4288889 -0.28333333,5.43 -0.33 8.43,0 0 0,6
1,01100001,00000000,0.31176758 -0.05419922 0.9484863 -0.01574707,0.078888886 0.39444444 0.4677778,3.82 0.02 8.39,0 0 0,6
2,01100001,00000000,0.29351807 -0.019470215 0.9557495 -0.0078125,0.057777777 -0.07777778 0.19666667,4.6 -0.34 8.42,0 0 0,6
3,01100001,00000000,0.27124023 0.02355957 0.9621582 -0.0126953125,0.41333333 0.49333334 0.7133333,3.29 -0.15 8.87,0 0 0,6
4,01100001,00000000,0.23474121 0.082458496 0.96850586 -0.011657715,0.26555556 0.7644445 1.2455555,4.06 -1.04 8.82,0 0 0,6
5,01100001,00000000,0.20806885 0.122680664 0.9703369 -0.011657715,0.20111111 0.2911111 0.37888888,3.16 -1.31 8.93,0 0 0,6
6,01100001,00000000,0.18353271 0.14880371 0.9715576 -0.016479492,0.22333333 0.23888889 0.5477778,2.05 -0.61 9.3,0 0 0,6
7,01100001,00000000,0.15991211 0.18377686 0.96972656 -0.017456055,0.14555556 0.07 0.09777778,2.12 -1.19 9.52,0 0 0,6
8,01100001,00000000,0.1586914 0.18109131 0.97021484 -0.027282715,0.15222222 0.3422222 0.20333333,0.93 0.45 9.61,0 0 0,6
9,01100001,00000000,0.15905762 0.19110107 0.9682617 -0.025024414,0.107777774 0.086666666 0.54444444,1.91 -1.07 9.59,0 0 0,6
10,01100001,00000000,0.15063477 0.19976807 0.96795654 -0.021057129,0.04777778 0.16888888 0.12,2.12 -0.72 9.96,0 0 0,6
11,01100001,00000000,0.13201904 0.21673584 0.96710205 -0.018798828,0.046666667 0.07111111 0.25111112,0.95 0.13 9.39,0 0 0,6
12,01100001,00000000,0.13433838 0.22033691 0.9660034 -0.016845703,0.07 -0.14444445 -0.12222222,0.83 -2.23 9.63,0 0 0,6
13,01100001,00000000,0.1328125 0.22814941 0.9644165 -0.014038086,-0.20111111 0.22555555 0.05,1.3 -0.69 9.26,0 0 0,6
14,01100001,00000000,0.12713623 0.22888184 0.9650879 -0.007385254,-0.23777778 -0.09 -0.10555556,1.48 -0.04 9.14,0 0 0,6
15,01100001,00000000,0.12860107 0.22705078 0.96533203 -0.00048828125,-0.012222222 0.086666666 0.19777778,1.14 -1.16 9.27,0 0 0,6
16,01100001,00000000,0.13269043 0.23101807 0.9638672 0.0032348633,-0.0011111111 0.023333333 0.10555556,1.61 -1.17 9.74,0 0 0,5
17,01100001,00000000,0.12438965 0.23321533 0.9644165 0.005065918,0.07444444 0.035555556 -0.093333334,1.62 -1.24 9.58,0 0 0,5
18,01100001,00000000,0.11450195 0.22875977 0.96673584 0.004211426,-0.04 0.36222222 0.07333333,1.28 -0.16 9.48,0 0 0,5
19,01100001,00000000,0.11029053 0.2290039 0.9671631 0.0021972656,0.09111111 0.072222225 0.19444445,1.34 -0.97 9.77,0 0 0,5
20,01100001,00000000,0.11602783 0.21221924 0.9702759 0.0020141602,-0.13333334 -0.35444444 -0.37777779,0.76 -0.28 9.48,0 0 0,5
21,01100001,00000000,0.12176514 0.20880127 0.9703369 0.0018920898,-0.06555556 -0.07444444 -0.30666667,1.29 -0.77 9.39,0 0 0,5
22,01100001,00000000,0.13873291 0.19506836 0.97088623 0.00390625,-0.09888889 -0.28111112 0.07666667,1.97 -0.83 9.56,0 0 0,5
23,01100001,00000000,0.13842773 0.19592285 0.97076416 0.008483887,-0.17 0.20555556 0.012222222,1.91 -0.57 9.2,0 0 0,5
24,01100001,00000000,0.14874268 0.18756104 0.97088623 0.008422852,-0.037777778 -0.086666666 -0.09111111,1.6 -1.16 9.13,0 0 0,5
25,01100001,00000000,0.1408081 0.19390869 0.97003174 0.015136719,-0.052222222 11.662222 -30.435556,1.64 -1.35 9.73,0 0 0,5
26,01100001,00000000,0.14355469 0.19836426 0.9694824 0.0134887695,0.14333333 0.12888889 0.16333333,2.33 -1.24 9.56,0 0 0,5
27,01100001,00000000,0.13146973 0.20819092 0.9691162 0.012207031,0.09 0.18 0.26555556,1.21 -1.39 9.47,0 0 0,5
28,01100001,00000000,0.12072754 0.2177124 0.9684448 0.010925293,0.06666667 0.06111111 0.034444444,1.32 -1.01 9.47,0 0 0,5
29,01100001,00000000,0.10760498 0.22369385 0.96868896 0.00048828125,0.3011111 0.6077778 0.27333334,1.97 -0.96 9.52,0 0 0,5
30,01100001,00000000,0.08581543 0.23339844 0.9685669 -0.0036010742,-0.12444445 0.17222223 0.08,0.49 -0.73 8.89,0 0 0,5
31,01100001,00000000,0.08544922 0.24261475 0.9663086 -0.010131836,0.20777778 -0.14333333 0.17666666,0.59 -0.53 9.91,0 0 0,5
32,01100001,00000000,0.10821533 0.22198486 0.9689331 -0.014221191,-0.29666665 -0.6522222 -0.47111112,0.38 0.04 9.12,0 0 0,6
33,01100001,00000000,0.11767578 0.23278809 0.96539307 -0.0036621094,-0.07 0.0022222223 -0.032222223,2.02 -2.01 9.64,0 0 0,6
34,01100001,00000000,0.11462402 0.20477295 0.9720459 -0.009521484,0.16555555 0.16888888 -0.67777777,111.42 -2.54 -0.01,0 0 0,6
35,01100001,00000000,0.09887695 0.18536377 0.97766113 0.0010986328,-0.38555557 0.06 -0.06888889,0.7 -1.15 9.37,0 0 0,6
36,01100001,00000000,0.112854004 0.18365479 0.9761963 0.022766113,-0.50555557 -0.2588889 -0.028888889,1.6 -1.34 9.39,0 0 0,6
37,01100001,00000000,0.12921143 0.17279053 0.975647 0.039001465,-0.28555554 -0.046666667 -0.18444444,1.75 -1.68 9.13,0 0 0,6
38,01100001,00000000,0.14556885 0.14904785 0.9758911 0.06536865,-0.6888889 0.3211111 0.26222223,1.89 -1.23 8.74,0 0 0,6
39,01100001,00000000,0.17590332 0.07836914 0.9772949 0.08807373,-0.75777775 -0.7966667 -1.6144445,2.82 -2.7 8.58,0 0 0,6
40,01100001,00000000,0.24603271 -0.057006836 0.96295166 0.09466553,-0.5188889 -1.0422223 -2.15,3.64 -1.88 8.65,0 0 0,6
41,01100001,00000000,0.29882812 -0.14453125 0.9383545 0.09661865,-0.22555555 -0.40222222 -1.6355555,6.51 -2.12 8.27,0 0 0,6
42,01100001,00000000,0.296875 -0.1784668 0.9314575 0.09106445,-0.05 -0.12888889 13.9377775,2.76 -1.59 8.48,0 0 0,6
43,01100001,00000000,0.33428955 -0.19500732 0.91760254 0.09082031,-0.22222222 -0.19222222 -0.24,5.52 -0.96 7.75,0 0 0,6
44,01100001,00000000,0.328125 -0.23602295 0.90948486 0.09698486,-0.62 0.30555555 -1.3766667,6.29 -1.35 7.7,0 0 0,6
45,01100001,00000000,0.28753662 -0.3206787 0.89959717 0.072509766,0.98 1.3411111 -1.5411111,4.23 -0.99 8.09,0 0 0,6
46,01100001,00000000,0.29077148 -0.33691406 0.89263916 0.07196045,0.35 -0.25666666 -0.28444445,5.26 -1.09 7.56,0 0 0,6
47,01100001,00000000,0.30291748 -0.34368896 0.88793945 0.04156494,0.4911111 -0.6511111 -0.28111112,4.84 -0.21 8.18,0 0 0,6
48,01100001,00000000,0.33172607 -0.3554077 0.8735962 0.022705078,0.6888889 -0.3211111 -1.1211112,5.54 -1.12 7.84,0 0 0,6
49,01100001,00000000,0.3421631 -0.33624268 0.8770752 0.025817871,0.101111114 0.04777778 0.08777778,6.96 1.05 7.59,0 0 0,6
50,01100001,00000000,0.31195068 -0.33654785 0.88757324 0.041137695,-0.31777778 0.18777777 -0.18222222,4.85 0.37 7.36,0 0 0,6
51,01100001,00000000,0.31054688 -0.3394165 0.8870239 0.039489746,0.10888889 0.016666668 -0.09,5.83 -2.44 -0.01,0 0 0,6
52,01100001,00000000,0.28894043 -0.31915283 0.9016113 0.042236328,-0.11111111 0.4422222 0.66555554,4.34 -0.29 8.23,0 0 0,6
53,01100001,00000000,0.26275635 -0.29614258 0.91656494 0.05633545,-0.03888889 0.11666667 0.07777778,4.52 0.24 8.02,0 0 0,6
54,01100001,00000000,0.25982666 -0.2930298 0.9189453 0.046936035,0.015555556 0.112222224 0.17222223,3.52 -0.55 8.3,0 0 0,6
55,01100001,00000000,0.24932861 -0.27911377 0.92541504 0.059265137,0.23777778 -0.65444446 -0.3211111,5.81 -0.28 6.67,0 0 0,6
56,01100001,00000000,0.23602295 -0.26550293 0.9335327 0.048461914,0.42222223 0.20888889 0.07,3.44 -1.06 8.58,0 0 0,6
57,01100001,00000000,0.22320557 -0.2512207 0.94140625 0.02758789,0.2 0.3122222 0.075555556,4.02 -0.38 8.6,0 0 0,6
58,01100001,00000000,0.1751709 -0.23205566 0.9562378 0.032836914,-0.42222223 0.77 0.4677778,0.97 -0.98 9.04,0 0 0,6
59,01100001,00000000,0.17199707 -0.23345947 0.95654297 0.028320312,0.19777778 -0.48 -0.36333334,2.44 -0.82 9.16,0 0 0,6
60,01100001,00000000,0.19897461 -0.24188232 0.94921875 0.029968262,-0.03888889 -0.017777778 0.10555556,4.12 -1.13 8.99,0 0 0,6
61,01100001,00000000,0.18609619 -0.22570801 0.9557495 0.030822754,-0.15444444 0.26222223 0.46444446,1.88 -0.64 9.11,0 0 0,6
62,01100001,00000000,0.18884277 -0.2154541 0.9573364 0.037353516,-0.37888888 0.007777778 0.037777778,2.27 -0.75 8.94,0 0 0,6
63,01100001,00000000,0.18737793 -0.21514893 0.9570923 0.050720215,-0.30333334 -0.07444444 -0.11,3.01 -1.3 9.19,0 0 0,6
64,01100001,00000000,0.19012451 -0.21618652 0.9562378 0.052368164,0.19777778 0.35333332 0.11888889,2.77 -1.46 8.54,0 0 0,6
65,01100001,00000000,0.17272949 -0.19189453 0.96520996 0.0413208,0.027777778 0.26555556 0.65555555,1.94 -0.86 8.81,0 0 0,6
66,01100001,00000000,0.18817139 -0.18548584 0.9642334 0.02154541,0.31333333 -0.055555556 -0.24111111,3.49 -0.41 9.2,0 0 0,6
67,01100001,00000000,0.19592285 -0.18585205 0.96276855 0.010803223,0.16444445 -0.21777777 -0.33222222,2.81 0.32 8.64,0 0 0,6
68,01100001,00000000,0.22125244 -0.19232178 0.9557495 0.025024414,-0.12111111 -1.1555556 -0.21777777,2.7 0.44 -245.6,0 0 0,6
69,01100001,00000000,0.2623291 -0.19329834 0.944458 0.041992188,-0.20333333 -0.38444445 0.14555556,4.68 -0.64 8.88,0 0 0,6
70,01100001,00000000,0.272583 -0.18719482 0.9421387 0.054748535,-0.1 -0.06666667 0.14333333,4.94 -0.8 8.4,0 0 0,6
71,01100001,00000000,0.25854492 -0.18304443 0.94677734 0.05682373,-0.11777778 0.39222223 0.25111112,3.67 -1.23 8.36,0 0 0,6
72,01100001,00000000,0.2166748 -0.15533447 0.9612427 0.07006836,-0.13666667 0.79333335 0.60333335,3.92 -1.08 8.82,0 0 0,6
73,01100001,00000000,0.13909912 -0.115478516 0.9783325 0.10076904,-0.9444444 1.6144445 1.3088889,1.67 -2.82 8.74,0 0 0,6
74,01100001,00000000,0.09643555 -0.08831787 0.9841919 0.119262695,-0.12555556 0.40444446 0.44444445,1.18 -3.38 9.65,0 0 0,6
75,01100001,00000000,0.070251465 -0.06793213 0.9869995 0.12762451,-0.33666667 0.5922222 0.55444443,0.38 -2.51 8.67,0 0 0,6
76,01100001,00000000,0.054382324 0 0 -0.015625,-0.18666667 0.16888888 0.34666666,0.66 -3.9 9.48,0 0 0,6
77,01100001,00000000,0.03479004 -0.03338623 0.9873657 0.15106201,-0.28666666 0.36777776 0.38333333,-0.42 -3.59 8.97,0 0 0,6
78,01100001,00000000,0.016662598 -0.018676758 0.98620605 0.16345215,-0.09555556 0.3188889 0.39444444,-0.45 -3.87 9.15,0 0 0,6
79,01100001,00000000,0.00012207031 -0.009033203 0.9841919 0.17675781,-0.06111111 0.11444444 0.16444445,-1.12 -4.19 9.3,0 0 0,6
80,01100001,00000000,-0.0064086914 -0.0044555664 0.9833374 0.18164062,-0.032222223 0.013333334 0.03,-0.97 -3.94 9.16,0 0 0,6
81,01100001,00000000,-0.0036010742 -0.015258789 0.984375 0.175354,0.14777778 0.07777778 -0.17777778,-0.87 -4.22 9,0 0 0,6
82,01100001,00000000,0.015197754 -0.03326416 0.98687744 0.15722656,0.33 -0.5177778 -0.33666667,-0.93 -3.91 9.15,0 0 0,6
83,01100001,00000000,0.02368164 -0.044311523 0.98742676 0.1496582,0.015555556 -0.07 -0.21444444,-0.61 -2.87 8.62,0 0 0,6
84,01100001,00000000,0.021057129 -0.044555664 0.9871216 0.15222168,0.008888889 0.055555556 0.006666667,-0.04 -3.15 9.22,0 0 0,6
85,01100001,00000000,0.0032348633 -0.041015625 0.9857178 0.16314697,-0.33777776 0.3077778 0.23333333,-0.8 -4.43 9.29,48 16153 2303,6
86,01100001,00000000,-0.011291504 -0.03173828 0.98461914 0.17138672,-0.15777777 0.21666667 0.18333334,-1.28 -4.08 8.78,0 0 0,6
87,01100001,00000000,-0.016967773 -0.03161621 0.9831543 0.17932129,-0.086666666 -0.064444445 -0.016666668,-1.48 -4.26 9.1,0 0 0,6
88,01100001,00000000,0.0028076172 -0.04034424 0.9851074 0.16711426,0.075555556 -0.054444443 -0.008888889,-0.15 -2.46 8.15,0 0 0,6
89,01100001,00000000,0.0134887695 -0.046936035 0.9873047 0.15112305,0.19777778 -0.08111111 -0.054444443,-0.22 -3.22 8.98,0 0 0,6
90,01100001,00000000,0.028503418 -0.061828613 0.98773193 0.14074707,0.26222223 -0.32222223 -0.34888887,-0.23 -3.71 9.34,0 0 0,6
91,01100001,00000000,0.04168701 -0.07287598 0.98724365 0.13537598,0.13222222 -0.3511111 -0.3011111,0.05 -3.83 9.25,0 0 0,6
92,01100001,00000000,0.052368164 -0.08074951 0.9873047 0.12609863,0.07 -0.053333335 -0.02,0.08 -2.72 9.13,0 0 0,6
93,01100001,00000000,0.05328369 -0.079833984 0 -0.015625,0.05111111 -0.09111111 0.022222223,0.4 -3.04 9.19,0 0 0,6
94,01100001,00000000,0.057495117 -0.08404541 0.9873047 0.12188721,0.13111112 -0.11777778 -0.13444445,0.42 -2.87 9.43,0 0 0,6
95,01100001,00000000,0.054748535 -0.086242676 0.9874878 0.12017822,0.052222222 0.035555556 0.055555556,0.64 -2.53 9.05,0 0 0,6
96,01100001,00000000,0.047302246 -0.08215332 0.98773193 0.12402344,0.031111112 -0.023333333 0.086666666,0.55 -2.57 9.26,0 0 0,6
97,01100001,00000000,0.04675293 -0.07977295 0.98791504 0.12438965,-0.1 0.086666666 0.17888889,0.31 -2.84 9.24,0 0 0,6
98,01100001,00000000,0.04675293 -0.07647705 0.9882202 0.12420654,0.093333334 -0.14333333 -0.0033333334,0.11 -3.24 9.89,0 0 0,6
99,01100001,00000000,0.045959473 -0.07891846 0.9885254 0.12017822,0.03888889 0.013333334 -0.06333333,0.53 -2.41 8.92,0 0 0,6
100,01100001,00000000,0.04486084 -0.077697754 0.98846436 0.12200928,-0.15 0.15888889 0.11333334,1.31 -1.62 8.39,0 0 0,6
101,01100001,00000000,0.04724121 -0.08081055 0.9879761 0.123168945,0.024444444 0.054444443 0.086666666,0.57 -2.67 9.45,0 0 0,6
102,01100001,00000000,0.045410156 -0.07501221 0.98913574 0.11785889,0.12888889 0.014444444 0.2188889,0.06 -3.31 10.06,0 186 1791,6
103,01100001,00000000,0.04650879 -0.07336426 0.9893799 0.11669922,-0.044444446 -0.06111111 -0.11777778,0.7 -2.22 9.19,0 0 0,6
104,01100001,00000000,0.060424805 -0.07897949 0.98828125 0.115722656,-0.01 -0.12777779 0.022222223,0.42 -2.34 9.45,0 0 0,6
105,01100001,00000000,0.058898926 -0.0758667 0.9881592 0.11956787,-0.022222223 -0.13222222 -0.104444444,1.09 -2.35 9.09,0 0 0,6
106,01100001,00000000,0.061035156 -0.07299805 0.98773193 0.12384033,-0.093333334 0.014444444 0.16222222,1.72 -1.71 8.5,0 0 0,6
107,01100001,00000000,0.041809082 -0.06921387 0.9871216 0.13787842,-0.27666667 0.41 0.12111111,-0.22 -2.78 9.64,0 0 0,6
108,01100001,00000000,0.018005371 -0.07006836 0.9869995 0.14337158,0.10222222 -0.13333334 -0.3611111,-0.74 -3.04 8.68,0 0 0,6
109,01100001,00000000,0.020690918 -0.07220459 0.98809814 0.13409424,0.55777776 -0.46555555 -0.30222222,0.39 -4.4 11.8,0 0 0,6
110,01100001,00000000,0.029663086 -0.081970215 0.9906616 -0.015625,0.29 -0.15555556 -0.057777777,-0.11 -1.69 8.35,0 0 0,6
111,01100001,00000000,0.013427734 -0.0569458 0.99212646 0.11065674,-0.28444445 0.4 0.55333334,0.31 -1.51 8.5,0 0 0,6
112,01100001,00000000,0.0037841797 -0.049865723 0.9920654 0.11517334,-0.025555555 0.20222223 0.20333333,-0.5 -2.96 9.57,0 0 0,6
113,01100001,00000000,-6.1035156E-05 -0.052490234 0.99279785 0.10784912,0.11888889 0.037777778 0.0044444446,-0.27 -1.76 8.94,0 0 0,6
114,01100001,00000000,-0.0072021484 -0.052856445 0.9937134 0.09863281,0.33222222 0.16111112 -0.10666667,-0.35 -2.83 10.22,0 0 0,6
115,01100001,00000000,-0.024108887 -0.048339844 0.99523926 0.08087158,0.18666667 0.19111112 0.13222222,-0.94 -2.04 9.38,0 0 0,6
116,01100001,00000000,-0.045532227 -0.03125 0.9949951 0.08300781,-0.2588889 0.50666666 0.35444444,-0.83 -1.12 9.23,0 0 0,6
117,01100001,00000000,-0.0770874 -0.013183594 0.9923096 0.095947266,-0.07777778 0.43444446 0.29777777,-2.59 -3.19 10.03,0 0 0,6
118,01100001,00000000,-0.09350586 0.008361816 0.98999023 0.10510254,-0.25111112 0.16111112 0.24333334,-1.89 -2.04 8.97,0 0 0,6
119,01100001,00000000,-0.08917236 0.016784668 0.9899292 0.10870361,0.04 -0.20666666 0.22,-2.82 -1.47 8.77,0 0 255,6
120,01100001,00000000,-0.08404541 0.06188965 0.98657227 0.12561035,-0.80777776 0.064444445 1.3533334,-1.52 -2.24 9.22,0 0 0,6
121,01100001,00000000,-0.10028076 0.118652344 0.9769287 0.14666748,-0.52555555 0.47444445 0.99222225,-2.61 -2.59 8.27,0 0 0,6
122,01100001,00000000,-0.11669922 0.1640625 0.9636841 0.175354,-0.6022222 0.14 0.69555557,-3.33 -3.57 8.9,0 0 0,6
123,01100001,00000000,-0.11016846 0.18884277 0.9567871 0.19165039,-0.12888889 -0.15111111 0.3588889,-3.35 -3.51 9.02,0 0 0,6
124,01100001,00000000,-0.09869385 0.19116211 0.95654297 0.19677734,-0.21 -0.112222224 -0.33222222,-2.93 -3.54 9.21,0 0 0,6
125,01100001,00000000,-0.073791504 0.19396973 0.9500122 0.23327637,-0.8477778 -0.19 0.09222222,-3.03 -4.97 7.52,0 0 0,6
126,01100001,00000000,-0.061401367 0.20263672 0.9403076 0.2664795,-1.0966667 -0.13444445 0.12555556,-2.52 -4.38 8.38,0 0 0,6
127,01100001,00000000,-0.05230713 0.22479248 0.91796875 0.3225708,-1.5255556 0.40444446 0.28111112,-2.66 -4.74 8.2,0 0 0,6
128,01100001,00000000,-0.054382324 0.25231934 0.87976074 0.39923096,-1.7166667 0.19888888 0.56,-2.89 -5.41 6.71,0 0 0,6
129,01100001,00000000,-0.05279541 0.2584839 0.84472656 0.46569824,-1.2322222 0.36222222 0.07333333,-3.7 -7.68 5.95,0 0 0,6
130,01100001,00000000,-0.05029297 0.25372314 0.8363037 0.48339844,0.15222222 -0.03888889 -0.35666665,-3.54 -4.97 4.45,0 0 0,6
131,01100001,00000000,-0.035095215 0.22772217 0.82788086 0.5114136,-0.69555557 0.14666666 -0.52444446,-0.66 -3.77 2.27,0 0 0,6
132,01100001,00000000,-0.020996094 0.22583008 0.81365967 0.53533936,-0.78444445 0.093333334 0.5588889,-0.26 -7.22 1.91,0 0 0,6
133,01100001,00000000,-0.026489258 0.2218628 0.78045654 0.58392334,-0.8488889 1.5566666 -0.99333334,-2.81 -7.88 3.32,0 0 0,6
134,01100001,00000000,-0.0335083 0.13128662 0.7963867 0.5894165,-0.52111113 0.98777777 -1.2066667,-4.1 -14.04 4.23,0 0 0,6
135,01100001,00000000,-0.011108398 0.060913086 0.83288574 0.54992676,0.54444444 0.5822222 -0.9088889,-3.64 -16.6 6.61,0 0 0,6
136,01100001,00000000,-0.0036621094 0.027282715 0.86901855 0.49395752,1.92 -0.20555556 -0.75777775,-1.39 -13.42 8.09,0 0 0,6
137,01100001,00000000,0.0335083 0.0040283203 0.92004395 0.39031982,1.6844444 -0.52555555 -0.40555555,-0.61 -10.66 8.63,0 0 0,6
138,01100001,00000000,0.057739258 0.006591797 0.9672241 0.24725342,2.69 -0.21777777 -0.101111114,0.45 -5.93 9.58,0 0 0,6
139,01100001,00000000,0.052978516 0.02319336 0.9918213 0.11395264,0.5988889 0.75333333 0.38666666,2.11 -1.58 9.36,0 0 0,6
140,01100001,00000000,0.0010986328 0.027404785 0.9940796 0.105407715,0.44555557 0.45333335 -0.032222223,0.16 -0.36 6.52,0 0 0,6
141,01100001,00000000,-0.029541016 0.02355957 0.99176025 0.12243652,0.12 0.7688889 -0.42666668,-0.77 -1.61 6.35,0 0 0,6
142,01100001,00000000,-0.042114258 0.024108887 0.9904175 0.12921143,0.38555557 0.43333334 0.27888888,-2.07 -2.71 7.85,0 0 0,6
143,01100001,00000000,-0.020629883 0.009887695 0.9949951 0.09698486,0.8988889 -0.16777778 0.35555556,-1.96 -0.39 8.08,0 0 0,6
144,01100001,00000000,-0.03845215 0.0004272461 0.9932251 0.109375,0.27888888 0.115555555 -0.49444443,-1.1 -3.7 9.52,0 0 0,6
145,01100001,00000000,-0.006225586 -0.09020996 0.99194336 0.08850098,1.2622222 -0.46888888 -2.1022222,-41.2 -1.88 9.96,0 0 0,6
146,01100001,00000000,0.019836426 -0.23156738 0.9724121 0.018798828,1.1111112 -0.32222223 -3.1122222,1 -0.03 9.08,0 0 0,6
147,01100001,00000000,0.030700684 -0.41156006 0.9076538 -0.07635498,1.0444444 0.06888889 -2.8266666,-1.23 4.76 9.48,0 0 0,6
148,01100001,00000000,0.020935059 -0.548584 0.82910156 -0.10601807,-0.05 0.08777778 -2.4055555,-2.86 2.23 9.81,0 0 0,6
149,01100001,00000000,0.007080078 -0.6536865 0.75042725 -0.09753418,-0.7911111 0.034444444 -1.1555556,-0.54 -3.01 7.14,0 0 0,6
150,01100001,00000000,-0.018066406 -0.6826172 0.7243042 -0.09539795,-0.74 -0.18666667 -0.5222222,0.46 -1.76 8.64,0 0 0,6
151,01100001,00000000,-0.027160645 -0.7161255 0.6928711 -0.079589844,0.15666667 0.05 -0.82666665,-0.41 -1.71 11.7,0 0 0,6
152,01100001,00000000,-0.010314941 -0.73565674 0.6716919 -0.0869751,0.03888889 -0.32 -0.25,-1.55 1.14 9.66,0 0 0,6
153,01100001,00000000,6.1035156E-05 -0.74835205 0.6582031 -0.082336426,0.2188889 -9.103333 -18.205555,-2.12 0.12 9.19,0 0 0,6
154,01100001,00000000,-0.00048828125 -0.75512695 0.6514282 -0.07348633,-0.2988889 -0.27 -0.03888889,-2.33 -0.44 9.09,0 0 0,6
155,01100001,00000000,0.013183594 -0.7647705 0.6415405 -0.058654785,-0.12888889 -0.66888887 -0.12888889,-1.64 -0.32 9.43,0 0 0,6
156,01100001,00000000,0.026794434 -0.7659912 0.6409302 -0.041015625,-0.0011111111 0.11444444 -0.0055555557,-0.49 -0.29 9.52,0 0 0,6
157,01100001,00000000,0.028381348 -0.76812744 0.6387329 -0.034118652,0.011111111 -0.12222222 -0.12,-0.04 -0.24 9.51,0 0 0,6
158,01100001,00000000,0.015136719 -0.76904297 0.63848877 -0.02557373,0.0022222223 0.037777778 -0.0033333334,-0.34 -0.16 9.53,0 0 0,6
159,01100001,00000000,0.0049438477 -0.76934814 0.63848877 -0.021118164,0.0033333334 0.007777778 -0.0022222223,-0.39 -0.21 9.56,0 0 0,6
160,01100001,00000000,0.0018920898 -0.7694702 0.63842773 -0.017456055,0.0011111111 -0.014444444 -0.0033333334,-0.21 -0.23 9.51,0 0 0,6
161,01100001,00000000,-0.0026855469 -0.76953125 0.63842773 -0.016662598,-0.0055555557 0.11111111 -0.0044444446,-0.26 -0.28 9.55,0 0 0,6
162,01100001,00000000,-0.009277344 -0.7694702 0.63830566 -0.018554688,0.0033333334 -0.035555556 -0.0011111111,7.16 -2.56 -0.01,0 0 0,6
163,01100001,00000000,-0.012512207 -0.7694702 0.6382446 -0.020324707,-0.0022222223 0.096666664 -0.0022222223,-0.68 -0.23 9.58,0 0 0,6
164,01100001,00000000,-0.013671875 -0.7694702 0.6382446 -0.018859863,0.0022222223 -0.0055555557 -0.0011111111,-0.43 -0.16 9.52,0 0 0,6
165,01100001,00000000,-0.01574707 -0.7694702 0.6381836 -0.018676758,0.0055555557 -0.05 0.0022222223,-0.53 -0.21 9.56,0 0 0,6
166,01100001,00000000,-0.016723633 -0.76953125 0.6381836 -0.0178833,0 0.035555556 -0.0011111111,-0.46 -0.28 9.57,0 0 0,6
167,01100001,00000000,-0.019714355 -0.7694702 0.6380615 -0.019714355,0.0033333334 -0.025555555 -0.0022222223,-0.63 -0.28 9.58,0 0 0,6
168,01100001,00000000,-0.020935059 -0.7694702 0.6380615 -0.019897461,0 0.034444444 -0.0011111111,-0.56 -0.24 9.53,0 0 0,6
169,01100001,00000001,0.99993896 0 0 0,0.0022222223 -0.044444446 0.0022222223,-0.75 -0.26 9.56,0 0 0,6
170,01100001,00000000,0.9845581 -0.0006713867 -0.004638672 0,0.0055555557 -0.06555556 -19.912222,-0.55 -0.21 9.53,0 0 0,6
171,01100001,00000001,1 0 0 0,0.0033333334 -0.08444444 0.0033333334,-0.51 -0.24 9.54,0 0 0,6
172,01100001,00000000,1 -0.00036621094 -0.00091552734 0,0.0044444446 -0.022222223 -0.0011111111,-0.56 -0.21 9.58,0 0 0,6
173,01100001,00000001,1 0 0 0,0.0044444446 -0.03888889 -0.02111111,-0.12 -0.16 9.54,0 0 0,6
174,01100001,00000000,1 -0.00012207031 0.0004272461 0,0.0044444446 -0.07333333 0.0011111111,-0.49 -0.19 9.57,0 0 0,6
175,01100001,00000000,1 -0.00048828125 0.0009765625 0,0 0.034444444 -0.0022222223,-0.41 -0.25 9.56,0 0 0,6
176,01100001,00000000,1 -0.00079345703 -0.00024414062 -6.1035156E-05,0.0033333334 -0.034444444 -0.0011111111,-0.31 -0.25 9.56,0 0 0,6
177,01100001,00000000,1 -0.0010375977 -0.0009765625 0,0.0044444446 -0.04888889 -0.0033333334,-0.26 -0.25 9.55,0 0 0,6
178,01100001,00000000,1 -0.0012207031 -0.0020141602 0,0.0033333334 -0.07333333 0.0033333334,-0.31 -0.24 9.52,0 0 0,6
179,01100001,00000000,1 -0.0013427734 -0.0008544922 0,0 0.035555556 0,-0.21 -0.18 -0.01,0 0 0,6
180,01100001,00000000,1 -0.0015869141 -0.0010986328 0,0.0044444446 -0.08888889 0,-0.39 -0.19 9.56,0 0 0,6
181,01100001,00000000,1 -0.0017700195 -0.0017700195 0,-0.0011111111 0.011111111 -0.0033333334,-0.36 -0.25 9.54,0 0 0,6
182,01100001,00000000,1 -0.0020141602 -0.001953125 0,0.006666667 -0.08555555 0.0011111111,-0.34 -0.25 9.56,0 0 0,6
183,01100001,00000000,1 -0.0021972656 -0.0017700195 0,0.0011111111 -0.008888889 -0.0011111111,-0.46 -0.3 9.55,0 0 0,6
184,01100001,00000000,1 -0.002319336 -0.001953125 0,0.0011111111 -0.0033333334 -0.0022222223,-0.35 -0.23 9.55,0 0 0,6
185,01100001,00000000,1 -0.0024414062 -0.0010375977 -6.1035156E-05,0.0022222223 -0.018888889 -0.0011111111,-0.36 -0.21 9.52,0 0 0,6
186,01100001,00000000,1 -0.0026245117 -0.0017089844 -6.1035156E-05,0.0011111111 -0.04888889 0.0022222223,-0.32 -0.21 9.54,0 0 0,6
187,01100001,00000000,1 -0.0026855469 -0.0017089844 -6.1035156E-05,0 0.007777778 -0.0011111111,-0.4 -0.22 9.53,0 0 0,6
188,01100001,00000000,1 -0.0028076172 -0.0013427734 -6.1035156E-05,0.0044444446 -0.078888886 0.0022222223,-0.46 -0.22 9.56,0 0 0,6
189,01100001,00000000,1 -0.0028686523 -0.0013427734 -6.1035156E-05,0 0.013333334 -0.0033333334,-0.43 -0.22 9.54,0 0 0,6
190,01100001,00000000,1 -0.0029907227 -0.0015258789 -6.1035156E-05,0.0022222223 0 -0.0022222223,-0.31 -0.24 9.57,0 0 0,6
191,01100001,00000000,1 -0.0029907227 6.1035156E-05 -6.1035156E-05,0.0022222223 0.0055555557 -0.0011111111,-0.47 -0.27 9.56,0 0 0,6
192,01100001,00000000,1 -0.0029907227 -0.0015258789 -6.1035156E-05,0.0033333334 -0.027777778 -0.0011111111,-0.27 -0.22 9.52,0 0 0,6
193,01100001,00000000,1 -0.0030517578 -0.0006713867 -6.1035156E-05,0.0033333334 -0.0044444446 0.0022222223,-0.45 -0.23 9.54,0 0 0,6
194,01100001,00000000,1 -0.0029907227 -0.00036621094 -6.1035156E-05,0.0011111111 0.05 -0.0022222223,-0.47 -0.22 9.56,0 0 0,6
195,01100001,00000000,1 -0.003112793 -0.00024414062 -6.1035156E-05,0 0.033333335 -0.0044444446,-0.38 -0.19 9.55,0 0 0,6
196,01100001,00000000,1 -0.0032958984 -0.0007324219 -6.1035156E-05,0.0033333334 0.015555556 -0.0011111111,-0.35 -0.24 -103.14,0 0 0,6
197,01100001,00000000,1 -0.0033569336 -0.0012817383 -6.1035156E-05,0.0011111111 -0.014444444 0.0011111111,-0.37 -0.28 9.53,0 0 0,6
198,01100001,00000000,1 -0.003540039 -0.001953125 -6.1035156E-05,0.0011111111 -0.02 -0.0011111111,-0.41 -0.23 9.57,0 0 0,6
199,01100001,00000000,1 -0.0036010742 -0.003967285 -6.1035156E-05,0.0044444446 -0.05666667 0.0011111111,-0.36 -0.19 9.53,0 0 0,6
200,01100001,00000000,1 -0.0036010742 -0.006225586 -6.1035156E-05,0.0022222223 -0.008888889 -0.0011111111,-0.2 -0.18 9.54,0 0 0,6
201,01100001,00000000,0.99993896 -0.0037231445 -0.0071411133 -6.1035156E-05,0.0022222223 -0.043333333 0,-0.43 -0.19 9.56,0 0 0,6
202,01100001,00000000,0.9998779 -0.0036010742 -0.015197754 0,0.006666667 -0.18444444 0.006666667,-1.68 0.1 9.77,0 0 0,6
203,01100001,00000000,0.99975586 -0.004211426 -0.016845703 0.016357422,-0.027777778 0.23888889 0.6911111,0.12 0.01 9.56,0 0 0,6
204,01100001,00000000,0.9987793 0 0 -0.015625,-0.51222223 0.07333333 -0.046666667,1.21 -2.43 10.27,0 0 0,6
205,01100001,00000000,0.9995117 -0.024902344 0.0022583008 0.01763916,0.16888888 -0.024444444 -0.14444445,-1.09 -1.58 9.4,0 0 0,6
206,01100001,00000000,0.99920654 -0.028381348 -0.001159668 0.027709961,-0.09888889 -0.03 0.47444445,-0.9 -2.44 9.59,0 0 0,6
207,01100001,00000000,0.9970703 -0.03527832 0.0033569336 0.067871094,0.02 -0.015555556 0.5377778,-1.48 -0.12 9.34,0 0 0,6
208,01100001,00000000,0.98950195 -0.077697754 -0.008361816 0.12145996,-1.84 -0.3511111 1.5944444,-0.56 0 9.38,0 0 0,6
209,01100001,00000000,0.93688965 -0.26757812 -0.017578125 0.22418213,0.5977778 0.9166667 0.115555555,-0.49 -7.55 10.13,0 0 0,6
210,01100001,00000000,0.9692383 -0.14807129 0.026184082 0.19476318,1.5388889 0.11 -0.32,-0.68 -2.32 8.75,0 0 0,6
211,01100001,00000000,0.98742676 -0.04046631 0.047790527 0.14477539,0.84555554 0.008888889 -0.55,-1.49 0.16 8.12,0 0 0,6
212,01100001,00000000,0.9906006 -0.026123047 0.03955078 0.12841797,0.23222223 -0.21666667 -0.06,-2.18 -1.18 8.58,0 0 0,6
213,01100001,00000000,0.9915161 -0.019165039 0.02746582 0.12542725,-0.34777778 -0.10222222 -0.22555555,-1.35 -1.23 10.79,78 811 1791,6
214,01100001,00000000,0.99121094 -0.01574707 0.036987305 0.12591553,0.096666664 0.35222223 0.28111112,-0.68 -1.36 9.88,0 0 0,6
215,01100001,00000000,0.98809814 -0.0020141602 0.04638672 0.14660645,-0.043333333 -0.025555555 0.25333333,-1.44 0.59 9.13,0 0 0,6
216,01100001,00000000,0.9857788 -0.0029907227 0.044433594 0.16217041,0.093333334 -0.022222223 0.22777778,-0.97 0.07 9.2,0 0 0,6
217,01100001,00000000,0.9844971 0.0010986328 0.04852295 0.16851807,0.107777774 0.026666667 0.014444444,-1.02 1.13 8.84,0 0 0,6
218,01100001,00000000,0.98669434 0.0017089844 0.038879395 0.15777588,0.20222223 -0.28333333 -0.3011111,-0.34 -0.12 10.19,0 0 0,6
219,01100001,00000000,0.98883057 0.01965332 0.040161133 0.14190674,0.3011111 0.017777778 -0.35777777,-0.99 1.6 9.32,0 0 0,6
220,01100001,00000000,0.9906616 0.035949707 0.043518066 0.12402344,0.30333334 0.17555556 -0.48555556,-0.66 2.04 9.08,0 0 0,6
221,01100001,00000000,0.99346924 0.032348633 0 -0.015625,0.1388889 -0.07111111 -0.49444443,-1.11 0.63 9.24,0 0 0,6
222,01100001,00000000,0.9959717 0.036132812 0.0513916 0.06317139,0.024444444 -0.033333335 -0.65,-1.36 0.22 8.97,0 0 0,6
223,01100001,00000000,0.9979248 0.032043457 0.046325684 0.029541016,-0.008888889 -0.1711111 -0.5311111,-1.61 -0.35 9.66,0 0 0,6
224,01100001,00000000,0.9986572 0.01373291 0.048950195 0.0045166016,-0.50666666 0.33777776 -0.39,-1.52 -1.33 10.16,0 0 0,6
225,01100001,00000000,0.99786377 0.031433105 0.053466797 -0.020385742,1.4244444 -0.40222222 -0.69,-2.44 -2.32 9.09,0 0 0,6
226,01100001,00000000,0.9928589 0.08178711 0.032043457 -0.08099365,0.5477778 -0.15555556 -0.52555555,-2.18 -0.1 10.3,0 0 0,6
227,01100001,00000000,0.99212646 0.08807373 0.03161621 -0.08288574,0.08777778 0.12888889 0.04222222,0.19 0.47 10.59,0 0 0,6
228,01100001,00000000,0.994812 0.068603516 0.023925781 -0.07147217,-0.16888888 -0.086666666 0.30444443,-2.3 0.14 8.98,0 0 0,6
229,01100001,00000000,0.99090576 0.09112549 0.024841309 -0.095703125,0.56666666 0.3011111 -0.31777778,-1.23 1.35 9.74,0 0 0,6
230,01100001,00000000,0.9884033 0.10119629 0.04498291 -0.103759766,0.0011111111 0.37 -0.015555556,-1.8 0.75 8.98,0 12 255,6
231,01100001,00000000,0.98895264 0.09643555 0.08453369 -0.07421875,-0.06333333 0.9488889 0.5822222,-1.44 2.01 9.77,0 0 0,6
232,01100001,00000000,0.98760986 0.089904785 0.11602783 -0.05432129,-0.19111112 0.19555555 -0.21,-3.99 0.51 7.53,0 0 0,6
233,01100010,00000000,0.9885254 0.09039307 0.109375 -0.05114746,0.06 -0.41666666 0.41444445,-3.42 -1.33 8.5,0 0 0,6
234,01100010,00000000,0.989563 0.10040283 0.09411621 -0.041381836,1.1877778 -0.6788889 0.33444443,-0.63 -2.71 9.46,0 0 0,6
235,01100010,00000000,0.9898071 0.10736084 0.08868408 -0.029663086,-0.47 0.0055555557 0.5788889,-0.82 -0.22 10.57,0 0 0,6
236,01100010,00000000,0.989624 0.10974121 0.09118652 -0.018615723,0.06111111 0.21 0.34333333,-0.96 1.62 9.75,0 0 0,6
237,01100010,00000000,0.9899292 0.10443115 0.09509277 -0.008911133,-0.20444444 0.12444445 0.3588889,-2.03 1.46 9.22,0 0 0,6
238,01100010,00000000,0.9899292 0.10449219 0.09515381 -0.015625,-0.18 -0.04111111 0.48444444,-2.13 1.56 8.41,0 0 0,6
239,01100010,00000000,0.99224854 0.08984375 0.08337402 0.018737793,-0.70555556 -0.5144445 0.7033333,-1.76 1.15 7.56,0 0 0,6
240,01100010,00000000,0.9951172 0.053710938 0.06744385 0.04724121,-2.33 -0.6344444 1.4222223,-1.47 0.61 8.28,0 0 0,6
241,01100010,00000000,0.9953003 0.0026245117 0.04748535 0.08416748,-1.7822223 -0.5222222 1.1911111,-1.12 -1.84 9.51,0 0 0,6
242,01100010,00000000,0.99450684 -6.1035156E-05 0.03540039 0.09893799,0.41111112 -0.41222224 0.52555555,-0.21 -0.49 9.83,0 0 0,6
243,01100010,00000000,0.9927368 0.00048828125 0.032104492 0.11627197,-0.14888889 0 0.5466667,-0.46 0.77 9.87,0 0 0,6
244,01100010,00000000,0.9921875 0.014587402 0.036132812 0.11810303,0.87333333 0.18555556 -0.007777778,-2 0.85 9.89,0 0 0,6
245,01100010,00000000,0.9914551 0.02130127 0.041137695 0.1217041,-0.04777778 0.14333333 0.2611111,-2.2 0.97 9.36,0 0 0,6
246,01100010,00000000,0.99121094 0.023071289 0.040893555 0.12365723,0.078888886 -0.094444446 0.0011111111,-1.72 0.44 9.78,0 0 0,6
247,01100010,00000000,0.99121094 0.017211914 0.037902832 0.12591553,-0.33888888 -0.08555555 0.13333334,-0.68 -0.55 9.81,0 0 255,6
248,01100010,00000000,0.9904175 0.012268066 0.034973145 0.1329956,-0.062222224 -0.08777778 0.3422222,-0.19 -0.81 10.25,0 0 0,6
249,01100010,00000000,0.989624 0.016540527 0.03314209 0.13891602,0.17222223 -0.078888886 0.16666667,-0.12 0.79 9.8,0 0 0,6
250,01100010,00000000,0.9888916 0.01361084 0.03338623 0.14398193,-0.2588889 0.10333333 0.25666666,-0.57 0.35 9.83,0 0 0,6
251,01100010,00000000,0.9874878 0.010314941 0.0368042 0.1529541,-0.08111111 0.15444444 0.33333334,-0.38 1.08 9.14,0 0 0,6
252,01100010,00000000,0.9859009 0.004211426 0.03857422 0.16253662,-0.22777778 0.13777778 0.4188889,-0.58 0.56 8.93,0 0 0,6
253,01100010,00000000,0.98443604 0.0053100586 0.041625977 0.1708374,0.18666667 0.05666667 0.34111112,-0.67 0.37 8.3,0 0 0,6
254,01100010,00000000,0.9824829 0.003479004 0.044067383 0.18084717,-0.20444444 0.16555555 0.42555556,0.39 -0.46 9.22,0 0 0,6
255,01100010,00000000,0.9807129 0.005065918 0.045654297 0.1899414,0.1388889 0.0033333334 0.33333334,1.5 -1.65 10.62,0 0 0,6
0,01100010,00000000,0.9776001 0.0018920898 0.04852295 0.20489502,-0.15444444 0.16111112 0.67444444,0.13 -0.58 10.26,0 0 0,6
1,01100010,00000000,0.9752197 0.0059814453 0.047851562 0.21594238,0.16555555 -0.13777778 0.37333333,-0.42 0.8 9.56,0 0 0,6
2,01100010,00000000,0.9741821 0.0028076172 0.045837402 0.22106934,-0.32777777 -0.02 0.16444445,-1.26 0.14 8.74,0 0 0,6
3,01100010,00000000,0.972229 -0.009399414 0.04083252 0.23022461,-0.7311111 -0.083333336 0.5288889,-0.51 -0.22 8.24,0 0 0,6
4,01100010,00000000,0.9689331 -0.02532959 0.035705566 0.24328613,-0.41777778 -0.064444445 0.39,-0.64 -2.04 9.44,0 0 0,6
5,01100010,00000000,0.96606445 -0.025390625 0.032470703 0.25482178,-0.15777777 -0.15444444 0.5366667,-0.99 -1.12 9.79,0 0 0,6
6,01100010,00000000,0.9616089 -0.032592773 0.021728516 0.27160645,-0.6255556 -0.47777778 0.9111111,-1.52 -1.5 10.36,0 0 0,6
7,01100010,00000000,0.95355225 -0.04248047 0.008972168 0.2980957,-0.45444444 -0.5144445 1.221111,-2.42 -1.2 9.96,0 0 0,6
8,01100010,00000000,0.93963623 -0.058044434 -0.013122559 0.3369751,-1.0044445 -0.6477778 1.5133333,-0.58 -1.23 9.91,0 0 0,6
9,01100010,00000000,0.9246826 -0.074645996 -0.033813477 0.37182617,-1.0177778 -0.6711111 1.7777778,0.73 -1.59 10.79,0 0 0,6
10,01100010,00000000,0.9014282 -0.105163574 -0.049987793 0.41687012,-1.3244444 -0.08111111 2.2177777,1.17 -4.23 10.91,0 0 0,6
11,01100010,00000000,0.87945557 -0.10882568 -0.047180176 0.4609375,0.62666667 0.024444444 1.898889,1.17 -2.04 10.21,0 0 0,6
12,01100010,00000000,0.8614502 -0.09118652 -0.028137207 0.4987793,0.85888886 0.115555555 1.3244444,-0.34 -1.22 9.05,0 0 0,6
13,01100010,00000000,0.8491821 -0.072143555 -0.012329102 0.5229492,1.18 -0.06555556 1.0488889,0.32 -0.85 8.15,0 0 0,6
14,01100010,00000000,0.8390503 -0.03668213 0.0078125 0.54278564,1.9244444 -0.16777778 1.0211111,-0.01 0.43 7.51,0 0 0,6
15,01100010,00000000,0.8255005 -0.004760742 0.026367188 0.5637207,1.4588889 -0.08777778 1.0555556,-0.62 0.29 8.77,0 0 0,6
16,01100010,00000000,0.807251 0.03326416 0.03955078 0.5878906,1.2411112 -0.45333335 1.1855556,-0.01 1.46 9.46,0 0 0,6
17,01100010,00000000,0.7890625 0.044921875 0.039245605 0.61138916,0.27333334 -0.27 1.0966667,-43.51 0 9.44,0 0 0,6
18,01100010,00000000,0.7755127 0.056030273 0.030212402 0.62805176,-0.25555557 -0.50333333 0.9822222,1.95 0.57 11.47,0 0 0,6
19,01100010,00000000,0.7519531 0.03552246 0.0099487305 0.6581421,-1.5033333 0.19666667 2.0711112,-1.21 -0.06 9.71,0 0 0,6
20,01100010,00000000,0.72332764 0.033813477 0.0037231445 0.6895752,0.50333333 -0.18555556 1.1111112,-0.14 1.32 9.7,0 0 0,6
21,01100010,00000000,0.71099854 0.043762207 0.010375977 0.7017212,0.16444445 -0.10333333 0.78555554,1.7 0.06 9.74,0 0 0,6
22,01100010,00000000,0.6976929 0.05041504 0.01171875 0.71447754,0.56 -0.17333333 0.74444443,1 -1 9.6,0 0 0,6
23,01100010,00000000,0.6859741 0.06604004 0.021972656 0.7241821,0.7922222 -0.08 0.5511111,0.16 0.56 9.2,0 0 0,6
24,01100010,00000000,0.6737671 0.07385254 0.031921387 0.7344971,0.3077778 0.15222222 0.5711111,0.26 1.69 8.3,0 0 0,6
25,01100010,00000000,0.65625 0.07098389 0.036376953 0.7404785,-0.075555556 -12.515555 -12.516666,-0.35 1.36 7.42,0 0 0,6
26,01100010,00000000,0.66064453 0.061706543 0.035705566 0.74731445,-0.33 0.30333334 0.51555556,0.3 -0.19 8.29,0 0 0,6
27,01100010,00000000,0.64941406 0.05065918 0.033447266 0.7579956,-0.30888888 0.27 0.59555554,0.03 0.32 9.29,0 0 0,6
28,01100010,00000000,0.6341553 0.03479004 0.023620605 0.7720337,-0.76666665 0.26444444 0.77555555,2.01 0.67 10.73,0 0 0,6
29,01100010,00000000,0.6199951 0.020263672 0.015136719 0.7841797,-0.43444446 0.17 0.74,0.26 1.12 11.62,0 0 0,6
30,01100010,00000000,0.6032715 0.010681152 0.0048828125 0.79748535,-0.79444444 0.0055555557 1.0488889,0.63 1.28 12.48,0 0 0,6
31,01100010,00000000,0.5860596 -0.0037231445 -0.008544922 0.8102417,-0.77444446 0.2588889 0.78555554,1 1.64 10.47,0 0 0,6
32,01100010,00000000,0.5722656 -0.01361084 -0.010681152 0.81988525,0.0055555557 0.17888889 0.46,1.4 0.69 8.87,0 0 0,6
33,01100010,00000000,0.56073 -0.016479492 -0.0072021484 0.8277588,-0.43 0.19777778 0.91555554,0.62 0.74 9.13,0 0 0,6
34,01100010,00000000,0.53356934 -0.037475586 -0.027282715 0.8444824,-1.5511111 0.3311111 1.5444444,-180.96 -0.02 -0.01,0 0 0,6
35,01100010,00000000,0.5013428 -0.058166504 -0.046936035 0.8619995,-0.14222223 0.05888889 1.1688889,-0.59 -3.38 9.46,0 0 0,6
36,01100010,00000000,0.48614502 -0.038879395 -0.01940918 0.87280273,1.3366667 -0.18666667 0.57666665,-0.04 1.46 7.92,0 0 0,6
37,01100010,00000000,0.47503662 -0.033325195 -0.01953125 0.87908936,-0.5277778 -0.3288889 0.49444443,-0.65 2.12 7.77,0 0 0,6
38,01100010,00000000,0.46929932 -0.03289795 -0.03729248 0.88165283,-0.31333333 -0.33333334 0.006666667,1.37 -1.21 9.92,0 0 0,6
39,01100010,00000000,0.4746704 -0.030578613 -0.035217285 0.87890625,0.22 -0.017777778 -0.27,0.66 -2.13 9,0 0 0,6
40,01100010,00000000,0.48443604 -0.022460938 -0.03265381 0.8739624,0.12666667 -0.25 -0.41666666,-0.77 -3.34 9.26,0 0 0,6
41,01100010,00000000,0.49475098 0.0057373047 -0.01727295 0.86883545,0.95555556 -0.99777776 -0.21666667,-0.44 -2.7 9.75,0 0 0,6
42,01100010,00000000,0.48443604 0.02947998 -0.021484375 0.8668823,-0.0033333334 -0.7877778 -33.84889,-0.01 3.24 8.99,0 0 0,6
43,01100010,00000000,0.50097656 0.028686523 -0.04248047 0.86395264,-1.0144445 -0.20555556 -0.025555555,-0.2 0.27 9.39,0 0 0,6
44,01100010,00000000,0.5010376 0.030517578 -0.05517578 0.86309814,0.24333334 -0.32444444 0.043333333,-0.46 -3.27 8.07,0 0 0,6
45,01100010,00000000,0.49804688 0.035217285 -0.051879883 0.86486816,-0.007777778 -0.06333333 0.05666667,-0.2 0.35 9.51,0 0 0,6
46,01100010,00000000,0.4967041 0.017211914 -0.061523438 0.86553955,-1.5455556 0.82666665 0.096666664,1.17 1.52 11.59,0 0 0,6
47,01100010,00000000,0.5081177 -0.00018310547 -0.07055664 0.85839844,-0.025555555 0.13444445 -0.67444444,-0.02 -2.04 9.74,0 0 0,6
48,01100010,00000000,0.5102539 -0.034301758 -0.10430908 0.8529663,-2.1355555 0.3211111 0.27555555,0.84 -3.43 10.84,0 0 0,6
49,01100010,00000000,0.5217285 -0.023254395 -0.08355713 0.84869385,2.1211112 0.035555556 -0.50333333,1.31 -2.65 9.16,0 0 0,6
50,01100010,00000000,0.5130615 -0.013366699 -0.07684326 0.8547363,-0.27222222 -0.42444444 0.80222225,1.39 -1.37 8.29,0 0 0,6
51,01100010,00000000,0.50097656 -0.004333496 -0.07623291 0.86206055,0.64 -0.26222223 0.33888888,2.62 -2.08 -0.01,0 0 0,6
52,01100010,00000000,0.49291992 -0.011230469 -0.09881592 0.86431885,-1.5922222 -0.34777778 0.47,1.38 -1.57 8.74,0 0 0,6
53,01100010,00000000,0.47924805 -0.019958496 -0.12445068 0.8685913,-0.80444443 -0.35444444 0.40444446,1.1 -2.1 9.46,0 0 0,6
54,01100010,00000000,0.48083496 -0.017333984 -0.13671875 0.86590576,-0.27 -0.39333335 -0.27333334,0.45 -1.37 9.09,0 0 0,6
55,01100010,00000000,0.48077393 -0.012023926 -0.14520264 0.86468506,-0.2588889 -0.20777778 0.04111111,2.56 -3.06 9.17,0 0 0,6
56,01100010,00000000,0.477417 -0.023132324 -0.1484375 0.8656616,-0.25111112 0.5288889 0.064444445,1.6 -3.85 10,0 0 0,6
57,01100010,00000000,0.48608398 -0.03161621 -0.14996338 0.86035156,-0.3988889 0.11888889 -0.3911111,1.48 -2.39 9.09,0 0 0,6
58,01100010,00000000,0.4967041 -0.03552246 -0.15466309 0.8532715,-0.21666667 0.17555556 -0.6066667,2.29 -3.6 9.75,0 0 0,6
59,01100010,00000000,0.5 -0.04559326 -0.15710449 0.8430786,-0.33222222 0.4311111 -0.48777777,1.66 -3.17 9.16,0 0 0,6
60,01100010,00000000,0.5256958 -0.05895996 -0.15942383 0.8334961,-0.39333335 0.45 -0.61,1.12 -2.7 8.84,0 0 0,6
61,01100010,00000000,0.53778076 -0.062438965 -0.16540527 0.8242798,-0.19 -0.04 -0.59555554,1.59 -3.22 9.43,0 0 0,6
62,01100010,00000000,0.5484009 -0.06762695 -0.1706543 0.8157959,-0.41444445 0.23888889 -0.50333333,1.23 -3.36 8.88,0 0 0,6
63,01100010,00000000,0.5579834 -0.086364746 -0.18676758 0.8039551,-1.1388888 0.24555555 -0.46666667,0.07 -3.65 9.02,0 0 0,6
64,01100010,00000000,0.55822754 -0.11450195 -0.2177124 0.7923584,-2.481111 0.22444445 0.015555556,-0.35 -2.59 9.96,0 0 0,6
65,01100010,00000000,0.55426025 -0.17016602 -0.2630005 0.77111816,-2.1644444 1.1311111 -0.2611111,-0.68 -9.83 9.29,0 0 0,6
66,01100010,00000000,0.5661011 -0.20263672 -0.25439453 0.7574463,-0.43222222 1.7166667 0.01,-0.82 -8.91 7.17,0 0 0,6
67,01100010,00000000,0.564209 -0.24255371 -0.2434082 0.7507324,0.06888889 1.0444444 0.4311111,-2.83 -10.34 5.93,0 0 0,6
68,01100010,00000000,0.5307007 -0.26727295 -0.2376709 0.7683716,-0.74333334 -0.31333333 2.0922222,-0.95 -8.92 182.25,0 0 0,6
69,01100010,00000000,0.47216797 -0.2814331 -0.26385498 0.79260254,-2.298889 -1.4011111 2.27,0.27 -6.93 7.58,0 0 0,6
70,01100010,00000000,0.40216064 -0.28857422 -0.3109131 0.81134033,-2.5566666 -1.6544445 2.2633333,1.27 -7.31 7.15,0 0 0,6
71,01100010,00000000,0.3430786 -0.2824707 -0.33239746 0.83184814,-0.6011111 -1.2533333 1.4322222,-0.35 -7.44 4.93,0 0 0,6
72,01100010,00000000,0.32373047 -0.25933838 -0.31536865 0.8535156,1.3966666 -1.1811111 0.62666667,-1.77 -5.05 4.85,0 0 0,6
73,01100010,00000000,0.2991333 -0.23883057 -0.3145752 0.86865234,0.9288889 -0.06 0.7,5.03 -12.69 12.64,0 0 0,6
74,01100010,00000000,0.2949829 -0.21417236 -0.28918457 0.88513184,0.59555554 -1.2955556 0.22555555,-1.29 -4.82 8.03,0 0 0,6
75,01100010,00000000,0.29608154 -0.2062378 -0.269104 0.8928833,0.6577778 0.09111111 0.14888889,-3.49 -5.49 9.2,0 0 0,6
76,01100010,00000000,0.30218506 0 0 -0.015625,0.9955556 -0.08222222 -0.31777778,-2 -5.1 7.03,0 0 0,6
77,01100010,00000000,0.30895996 -0.18817139 -0.24121094 0.9005127,0.52444446 -0.32 -0.23333333,-1.29 -4.49 7.51,0 0 0,6
78,01100010,00000000,0.30407715 -0.1821289 -0.23449707 0.90515137,0.20222223 -0.42666668 0.7177778,-1.35 -3.2 6.55,0 0 0,6
79,01100010,00000000,0.30249023 -0.16571045 -0.23394775 0.9090576,0.29444444 -0.57555556 -0.6166667,-1.67 -5.67 6.93,0 0 0,6
80,01100010,00000000,0.31500244 -0.15179443 -0.22424316 0.90960693,0.54333335 -0.50666666 -0.48222223,-3.6 -4.37 8.2,0 0 0,6
81,01100010,00000000,0.31365967 -0.12390137 -0.22399902 0.9143677,0.41 -1.3788888 0.14888889,-1.72 -4.83 6.49,0 0 0,6
82,01100010,00000000,0.31585693 -0.08508301 -0.2276001 0.91711426,0.56 -1.2822223 -0.8288889,1.61 -5.68 5.16,0 0 0,6
83,01100010,00000000,0.33563232 -0.05621338 -0.20483398 0.9177246,1.2655555 -0.24111111 -0.7688889,4.56 -3.11 6.89,0 0 0,6
84,01100010,00000000,0.31970215 -0.039001465 -0.18725586 0.9279785,0.64444447 -0.6944444 1.5222223,4.2 -2.59 9.86,0 0 0,6
85,01100010,00000000,0.2819214 -0.024353027 -0.1875 0.94055176,-0.20555556 -1.0666667 1.8177778,4.12 -2.41 10.5,191 -3281 16127,6
86,01100010,00000000,0.24298096 -0.018615723 -0.19903564 0.9491577,-0.40222222 -0.31111112 1.1111112,2.83 -3.46 10.37,0 0 0,6
87,01100010,00000000,0.2230835 -0.0178833 -0.21704102 0.9501343,-0.51222223 -0.34333333 0.5477778,2.59 -6.45 6.94,0 0 0,6
88,01100010,00000000,0.20550537 -0.014831543 -0.21203613 0.95526123,0.44666666 -0.50666666 0.95111114,-2.35 -8.65 11.71,0 0 0,6
89,01100010,00000000,0.18414307 0.01361084 -0.20922852 0.9602661,0.41 -1.5211111 1.4011111,4.36 -6.49 12.2,0 0 0,6
90,01100010,00000000,0.12597656 0.050354004 -0.22113037 0.9657593,-0.28444445 -2.4266667 2.2733333,4.17 -5.91 11.06,0 0 0,6
91,01100010,00000000,0.057373047 0.093811035 -0.22003174 0.9692993,0.7633333 -1.6555556 1.9111111,3.32 -0.3 5.45,0 0 0,6
92,01100010,00000000,0.019104004 0.109313965 -0.19915771 0.97369385,0.9577778 -0.8811111 1.22,3.11 2.71 5.75,0 0 0,6
93,01100010,00000000,-0.019226074 0.13720703 0 -0.015625,0.49888888 -1.3244444 0.8011111,2.01 0.73 3.59,0 0 0,6
94,01100010,00000000,-0.011108398 0.15032959 -0.16473389 0.9747925,0.9177778 -0.11111111 -0.91,0.94 0.2 4.79,0 0 0,6
95,01100010,00000000,0.012878418 0.15686035 -0.14819336 0.9763794,0.31333333 -0.08444444 -1.1844444,3.05 -3.56 8,0 0 0,6
96,01100010,00000000,0.036010742 0.1651001 -0.144104 0.9750366,0.028888889 -0.04777778 -0.9822222,8.5 -6.1 7.28,0 0 0,6
97,01100010,00000000,0.04559326 0.18249512 -0.14105225 0.97198486,0.33333334 -0.62 -0.14555556,11.47 -5.49 9.6,0 0 0,6
98,01100010,00000000,0.042114258 0.19366455 -0.1281128 0.9717407,0.45 -0.24555555 -0.05666667,7.73 -0.46 10.65,0 0 0,6
99,01100010,00000000,0.04864502 0.20489502 -0.12322998 0.9697876,0.36222222 -0.21 -0.63555557,9.08 -1.92 9.25,0 0 0,6
100,01100010,00000000,0.070007324 0.21331787 -0.10266113 0.9690552,0.6788889 -0.024444444 -1.1766666,12.37 0.59 10.69,0 0 0,6
101,01100010,00000000,0.093322754 0.21032715 -0.07965088 0.96990967,0.7966667 0.6422222 -1.4266666,10.76 1.06 13.92,0 0 0,6
102,01100010,00000000,0.14251709 0.20080566 -0.056640625 0.9675293,0.2688889 0.53555554 -1.9855555,10.53 1.95 15.58,0 99 -8449,6
103,01100010,00000000,0.19403076 0.17919922 -0.036010742 0.9637451,0.062222224 1.1766666 -2.531111,11.54 1.77 18.93,0 0 0,6
104,01100010,00000000,0.28308105 0.12475586 0.019836426 0.9506836,1.7344445 3.6455555 -4.4755554,19.44 5.04 25.65,0 0 0,6
105,01100010,00000000,0.378479 -0.0028076172 0.07098389 0.92285156,-2.751111 7.2022223 -6.1455555,26.99 39.24 39.09,0 0 0,6
106,01100010,00000000,0.4237671 -0.2999878 -0.21624756 0.82684326,-18.143333 2.2966666 -0.39222223,39.2 39.24 -13.12,0 0 0,6
107,01100010,00000000,0.30090332 -0.23956299 -0.692688 0.6100464,-23.577778 -19.748888 -7.0933332,-11.64 9.92 -20.25,0 0 0,6
108,01100010,00000000,-0.2694702 -0.45977783 -0.79711914 0.2836914,-13.876667 -3.7344444 32.00778,-3.31 -21.61 -13.95,0 0 0,6
109,01100010,00000000,-0.10290527 -0.89971924 -0.3947754 -0.15533447,13.054444 20.775555 21.18,17.05 -8.65 -9.56,0 0 0,6
110,01100010,00000000,0.32714844 -0.5621948 -0.54852295 -0.015625,10.122222 16.45 -18.723333,-12.22 -1.53 -13.08,0 0 0,6
111,01100010,00000000,-0.10870361 -0.23327637 -0.5897827 -0.76538086,-16.474445 -8.223333 -17.362223,-8.27 10.43 -4.37,0 0 0,6
112,01100010,00000000,-0.25646973 -0.34088135 -0.14874268 -0.8921509,-15.957778 -7.827778 16.46889,-3.24 -7.98 -12.96,0 0 0,6
113,01100010,00000000,0.20703125 -0.20166016 0.1930542 -0.9376831,-0.8988889 8.245556 23.59,-4.4 -4.69 0.27,0 0 0,6
114,01100010,00000000,0.34521484 0.29223633 0.18762207 -0.8718872,8.8122225 15.46 1.4355556,2.85 -2.47 -9.88,0 0 0,6
115,01100010,00000000,-0.027893066 0.39978027 0.35424805 -0.84490967,-5.4644446 3.3777778 -19.118889,-9.68 3.95 -3.5,0 0 0,6
116,01100010,00000000,-0.07678223 0.22875977 0.67803955 -0.6942749,-14.814445 -7.8855557 -1.5655556,-3.87 2.31 -7.95,0 0 0,6
117,01100010,00000000,0.21936035 0.3762207 0.7661133 -0.47253418,-7.99 1.3888888 18.615555,0.86 -9.27 -1.46,0 0 0,6
118,01100010,00000000,0.14984131 0.7581787 0.60424805 -0.19366455,4.477778 13.578889 11.071111,6.27 -2.7 -5.06,0 0 0,6
119,01100010,00000000,-0.11468506 0.699646 0.7050781 0.013061523,-1.1555556 10.894444 -13.155556,-5.51 2.73 -7.8,0 0 255,6
120,01100010,00000000,-0.014160156 0.48547363 0.8204346 0.30151367,-15.381111 0.05666667 -7.4355555,-4.87 5.9 -6.6,0 0 0,6
121,01110011,00000000,0.051818848 0.57299805 0.46520996 0.67266846,-15.472222 3.8777778 16.237778,-2.74 -9.77 -4.33,0 0 0,6
122,01110011,00000000,-0.111328125 0.5061035 0.23309326 0.822876,-8.342222 16.04889 14.992222,-7.83 0.04 -5.82,92 43 27,6
123,01110011,00000000,-0.2593994 0.30664062 0.071777344 0.91296387,-1.7911111 19.845556 5.2577777,1.94 -0.74 -6.98,181 128 45,6
124,01110011,00000000,-0.13305664 0.1015625 -0.079833984 0.982666,-7.4944444 11.235556 -8.293333,-31.55 1.99 5.48,268 300 67,6
125,01110011,00000000,-0.10107422 0.3300171 -0.16131592 0.92456055,-5.556667 -29.376667 1.3466667,-39.22 -6.09 16.09,296 300 61,6
126,01110011,00000000,-0.4788208 0.6366577 -0.18408203 0.5757446,9.082222 -32.606667 36.24,39.2 -39.2 -33.72,291 295 63,6
127,01110011,00000000,-0.85876465 0.07043457 -0.18884277 0.4710083,-36.082222 10.39 14.803333,34.94 -37.33 -39.34,286 285 66,6
128,01110011,00000000,-0.53741455 -0.15887451 -0.14733887 0.81500244,8.383333 0.33888888 36.25111,-39.14 29.3 4.02,295 277 71,6
129,01110011,00000000,-0.2510376 0.23913574 -0.11578369 0.93078613,-8.028889 -35.102222 -14.32,-38.66 25.89 6.52,295 275 76,6
130,01110011,00000000,-0.440979 0.5700073 -0.049804688 0.6914673,4.178889 -18.187778 13.323334,36.91 -32.76 -4.92,293 246 78,6
131,01110011,00000000,-0.602478 0.4364624 0.10205078 0.66033936,20.51111 3.4722223 -3.058889,24.75 -13.51 -9.57,292 189 81,6
132,01110011,00000000,-0.53125 0.15710449 0.23779297 0.7977905,10.483334 12.097777 -22.793333,1.09 8.59 -7.39,199 163 85,6
133,01110011,00000000,-0.14068604 0.04296875 0.08123779 0.9857788,-12.487778 1.8122222 -23.368889,-10.5 12.92 2.49,109 221 67,6
134,01110011,00000000,-0.030700684 0.18444824 -0.19952393 0.961853,-20.974445 -9.722222 0.0011111111,0.69 -13.66 -1.77,197 300 1,6
135,01110011,00000000,-0.14910889 0.22137451 -0.38061523 0.885376,-5.672222 -2.548889 14.154445,4.2 -27.8 4.54,195 295 5,6
136,01110011,00000000,-0.3544922 0.055786133 -0.27441406 0.8921509,12.261111 2.6455555 11.296667,6.14 -24.54 4.79,207 285 10,6
137,01110011,00000000,-0.2701416 -0.018249512 0.015136719 0.9625244,22.155556 -1.46 -6.6277776,-13.7 -9.46 -5.04,172 285 24,6
138,01110011,00000000,0.055358887 0.041259766 0.24005127 0.96832275,10.24 -12.752222 -24.006666,-19.42 21.06 -1.27,83 282 26,6
139,01110011,00000000,0.35333252 0.18786621 0.20440674 0.8933716,-6.0277777 -16.66 -12.633333,6.11 23 -4.02,54 260 24,6
140,01110011,00000000,0.38671875 0.2144165 -0.06549072 0.8944702,-13.2288885 -5.2844443 5.4533334,16.51 1.01 -3.78,58 216 21,6
141,01110011,00000000,0.2543335 0.01171875 -0.16088867 0.95355225,-5.5055556 14.885555 13.123333,10.01 -13.42 -0.63,148 138 26,6
142,01110011,00000000,0.19171143 -0.2597046 -0.049316406 0.9451294,7.654444 20.901112 3.6577778,7.29 -19.79 -3.23,236 220 53,6
143,01110011,00000000,0.4359131 -0.5039673 0.15264893 0.7298584,13.242222 17.16 -14.026667,-21.24 -13.69 -2.19,216 300 63,6
144,01110011,00000000,0.7126465 -0.51446533 0.038513184 0.47521973,4.72 -3.1955554 -28.342222,-27.69 1.8 8.42,164 300 60,6
145,01110011,00000000,0.82385254 -0.41125488 -0.26428223 0.2868042,-1.3344444 -16.284445 -21.333334,-326.72 8.73 7.52,75 300 7,6
146,01110011,00000000,0.72857666 -0.3397827 -0.56585693 0.18304443,-5.208889 -13.183333 -8.116667,15.6 7.61 -1.87,77 295 11,6
147,01110011,00000000,0.67559814 -0.4348755 -0.57458496 0.15563965,-6.5866666 3.7733333 5.2388887,17.66 -5.95 0.42,80 285 14,6
148,01110011,00000000,0.7271118 -0.5175171 -0.43927002 0.10211182,-0.9388889 13.955556 3.1955554,11.56 -8.56 -0.97,108 265 18,6
149,01110011,00000000,0.8457031 -0.47802734 -0.20947266 -0.11102295,2.2433333 18.196667 -4.888889,-1.15 -7 -3.43,197 300 33,6
150,01110011,00000000,0.83483887 -0.40441895 -0.107666016 -0.3574829,-1.3255556 12.361111 -14.581111,-12.56 -5.38 2.43,193 300 33,6
151,01110011,00000000,0.72320557 -0.3895874 -0.10284424 -0.56085205,-4.3922224 1.9555556 -14.248889,-14.1 -5.32 7.71,192 300 1,6
152,01110011,00000000,0.5656128 -0.456604 -0.20703125 -0.6547241,-2.5466666 -6.2588887 -9.385555,-6.25 -7.71 8.52,278 300 1,6
153,01110011,00000000,0.5 -0.4833374 -0.328125 -0.6312866,5.26 23.897778 -8.817778,7.09 -10.77 5.52,274 295 5,6
154,01110011,00000000,0.47930908 -0.42889404 -0.46087646 -0.6114502,7.2588887 -2.0255556 -7.928889,10.89 -0.79 3.65,269 285 8,6
155,01110011,00000000,0.37945557 -0.27807617 -0.53344727 -0.70288086,0.23 3.1066666 -11.837778,9.44 9.61 3.55,247 265 7,6
156,01110011,00000000,0.2904663 -0.2163086 -0.4055786 -0.8392334,-15.068889 6.158889 -5.37,5.78 8.87 0.49,179 264 1,6
157,01110011,00000000,0.28625488 -0.17364502 -0.1550293 -0.92944336,-16.373333 10.251111 3.29,0.94 -9.46 3.87,266 295 1,6
158,01110011,00000000,0.3474121 -0.033447266 0.053710938 -0.9355469,-5.7244444 10.631111 4.301111,-8.97 -19.74 12.02,296 300 3,6
159,01110011,00000000,0.31567383 0.026428223 0.00036621094 -0.9484863,5.4166665 2.7922223 -2.208889,-14.8 -8.18 10.81,295 299 7,6
160,01110011,00000000,0.21276855 -0.034973145 -0.13024902 -0.9677124,7.1555557 -9.885555 -7.0288887,-10.81 4.61 5.96,265 300 3,6
161,01110011,00000000,0.1375122 -0.18054199 -0.22845459 -0.9467163,3.4233334 -12.325556 -1.4555556,-0.55 6.01 2.97,261 295 7,6
162,01110011,00000000,0.17736816 -0.32110596 -0.25408936 -0.8948364,1.1977777 -6.0355554 5.0044446,117.11 -0.17 -0.01,255 285 10,6
163,01110011,00000000,0.2647705 -0.2798462 -0.24243164 -0.8903198,2.24 7.136667 3.3611112,11.79 -0.66 1.74,248 265 14,6
164,01110011,00000000,0.2705078 -0.13824463 -0.21685791 -0.9277344,-0.86444443 10.882222 -5.2433333,2.18 4.28 1.06,196 300 24,6
165,01110011,00000000,0.15686035 0.002380371 -0.048095703 -0.9864502,-9.427778 7.463333 -7.7444444,-6.74 1.71 4.03,191 300 18,6
166,01110011,00000000,0.15515137 0.018859863 0.12561035 -0.9796753,-10.775556 1.9655555 2.7466667,-6.55 -8.65 6.27,277 300 1,6
167,01110011,00000000,0.23754883 0.045776367 0.19128418 -0.9512329,-0.9622222 1.7155555 6.9522223,-3.36 -16.49 9.23,296 300 3,6
168,01110011,00000000,0.26617432 0.09326172 0.047851562 -0.9581909,9.677778 -0.41333333 1.1811111,-6.22 -9.47 5.61,295 297 7,6
169,01110011,00000000,0.14727783 0.04333496 -0.116882324 -0.98114014,9.852222 -8.706667 -9.052222,-11.62 7.36 3.61,202 298 14,6
170,01110011,00000000,0.015625 -0.09588623 -0.20111084 -0.97454834,2.4533334 -12.317778 -25.87889,-0.08 13.36 2.19,196 291 17,6
171,01110011,00000000,0.051208496 -0.2468872 -0.1453247 -0.9567261,-3.307778 -6.4666667 5.5688887,11.77 3.51 2.1,190 277 19,6
172,01110011,00000000,0.17529297 -0.18859863 -0.097473145 -0.96136475,1.0077778 8.878889 7.5155554,12.96 -6.54 3.78,192 250 22,6
173,01110011,00000000,0.20574951 -0.0065307617 -0.09680176 -0.9737549,2.8688889 13.541111 -3.3122222,2.86 -2.18 2.17,200 300 43,6
174,01110011,00000000,0.04711914 0.17559814 -0.016784668 -0.9831543,-2.9977777 8.222222 -10.946667,-12.43 1.75 6.95,180 300 42,6
175,01110011,00000000,-0.02923584 0.14526367 0.088378906 -0.98498535,-5.9055557 -4.7377777 -3.9722223,-9.31 -6.93 9.51,203 300 1,6
176,01110011,00000000,-0.0017089844 0.051574707 0.113586426 -0.9921875,1.0866667 -7.1022224 2.8944445,1.45 -16.3 9.84,201 295 5,6
177,01110011,00000000,0.038146973 -0.04345703 -0.05267334 -0.99694824,10.326667 -5.0744443 1.4122223,5.51 -13.03 7.15,200 285 9,6
178,01110011,00000000,-0.06085205 -0.06036377 -0.18237305 -0.9794922,10.628889 -2.3722222 -7.1666665,2.96 10.65 6.37,179 265 13,6
179,01110011,00000000,-0.1763916 -0.04937744 -0.119262695 -0.97576904,-8.601111 -1.0455556 -5.3,2.59 -0.65 -0.01,90 235 16,6
180,01110011,00000000,-0.15808105 0.005065918 0.04534912 -0.9863281,-12.406667 3.518889 4.981111,3.94 -1.67 5.3,140 195 5,6
181,01110011,00000000,-0.026000977 0.17071533 0.111694336 -0.9786377,-2.961111 8.432222 8.213333,-1.91 -17.19 11.84,228 207 14,6
182,01110011,00000000,-0.039794922 0.23925781 0.0007324219 -0.9700928,10.085556 2.3366666 -2.24,-8.04 -13.92 11.27,297 281 37,6
183,01110011,00000000,-0.18304443 0.16497803 -0.11791992 -0.96191406,10.504444 -8.502222 -9.394444,-16.91 -1.45 6.95,204 300 52,6
184,01110011,00000000,-0.35620117 -0.12011719 -0.13470459 -0.9168091,4.9744444 -16.902222 -6.311111,-9.4 11.48 0.87,202 295 54,6
185,01110011,00000000,-0.28308105 -0.32354736 0.04486084 -0.9017334,-15.318889 -20.303333 21.043333,10.11 7.33 3.64,197 285 56,6
186,01110011,00000000,0.016967773 -0.2947998 0.21289062 -0.93133545,1.2622222 2.3044446 34.105556,6.6 -38.78 -1.31,202 265 60,6
187,01110011,00000000,0.48632812 0.18682861 -0.04333496 -0.852417,29.59111 14.641111 25.81,30.72 -25.11 -31.84,225 226 91,6
188,01110011,00000000,0.18963623 0.5883179 -0.22808838 -0.75219727,27.368889 14.292222 -28.176666,-4.23 -10.82 -39.23,134 267 114,6
189,01110011,00000000,-0.19146729 0.73443604 -0.058288574 -0.6484375,4.884444 4.2777777 -26.173334,-24.66 -0.26 -9.83,46 300 109,6
190,01110011,00000000,-0.29211426 0.6726074 0.36846924 -0.5713501,-11.83 -7.597778 -21.155556,-14.26 14.97 -2.36,3 300 90,6
191,01110011,00000000,-0.099731445 0.7675171 0.5668335 -0.28216553,-33.085556 17.63889 3.7122223,-21.28 -18.15 -36.3,7 295 91,6
192,01110011,00000000,0.0006713867 0.8567505 0.505249 0.10345459,-9.337778 19.675556 -0.78555554,27.32 -26.2 20.72,99 300 88,6
193,01110011,00000000,-0.12976074 0.56140137 0.38830566 0.71917725,-11.891111 -36.082222 -1.1566666,-14.19 -8.27 -39.29,188 300 88,6
194,01110011,00000000,-0.15631104 0.12365723 0.1685791 0.96533203,-14.077778 -36.082222 -4.2177777,-15.14 -10.08 -39.34,186 295 89,6
195,01110011,00000000,-0.103027344 -0.34924316 -0.11633301 0.92401123,-15.533334 -36.365555 -9.033334,-13.47 -12.43 -39.34,186 285 90,6
196,01110011,00000000,-0.04663086 -0.7244873 -0.49456787 0.47784424,-20.723333 30.643333 -5.2855554,-11.43 -10.46 149.82,136 0 91,6
197,01110011,00000000,-0.04345703 -0.7944336 -0.6054077 -0.021240234,-22.29 29.008888 -2.22,-7.38 -6.72 -34.17,277 300 83,6
198,01110011,00000000,0.052612305 -0.66851807 -0.51763916 -0.5313721,-13.822222 33.545555 -1.7877778,-25.94 -39.2 12.95,296 300 83,6
199,01110011,00000000,0.022644043 -0.18823242 -0.29309082 -0.93707275,-18.778889 29.44 -10.462222,-9.33 -9.22 -36.23,295 300 84,6
200,01110011,00000000,0.04510498 0.1003418 0.06945801 -0.9914551,-27.772223 19.206667 0.42222223,-17.52 -9.69 -32.24,295 300 85,6
201,01110011,00000000,0.10626221 0.37701416 0.32299805 -0.86151123,-12.928889 20.854445 1.9766667,-8.89 -24.71 -18.12,295 300 86,6
202,01110011,00000000,0.0065307617 0.58062744 0.48797607 -0.6516113,-9.62 22.831112 -6.556667,10.67 -1.42 -27.9,295 300 87,6
203,01110011,00000000,-0.09051514 0.6586914 0.69903564 -0.2631836,-16.985556 15.608889 -8.41,31.38 33.19 31.69,295 300 88,6
204,01110011,00000000,-0.07897949 0.018005371 0.0026855469 -0.009765625,-16.952223 13.786667 -2.2555556,-4.53 -7.87 -12.64,295 300 89,6
205,01110011,00000000,-0.046142578 0.6519165 0.66973877 0.35253906,-17.386667 12.95 1.5933334,-2.91 -2.21 -13.04,295 298 90,6
206,01110011,00000000,-0.06524658 0.5524292 0.46069336 0.69158936,-14.984445 15.51 4.138889,-2.85 -5.54 -11.98,295 296 91,6
207,01110011,00000000,-0.08087158 0.38311768 0.29779053 0.87060547,-12.138889 16.731112 -0.87777776,-2.71 -3.94 -11.51,295 295 92,6
208,01110011,00000000,-0.0769043 0.27520752 0.1807251 0.9411011,-7.27 7.7977777 0.72,8.75 -2.35 -31.55,295 296 93,6
209,01110011,00000000,-0.101745605 0.15618896 0.058410645 0.9807129,-4.3366666 7.3177776 2.478889,-4.15 -8.25 -0.81,295 297 94,6
210,01110011,00000000,-0.10620117 0.074645996 -0.02355957 0.991272,-4.9922223 6.1966667 0.2988889,-0.33 -0.73 -3.69,295 299 95,6
211,01110011,00000000,-0.09954834 -0.02709961 -0.10479736 0.9890747,-4.838889 8.118889 -0.23555556,-6.32 -1.1 -14.64,295 300 96,6
212,01110011,00000000,-0.061767578 -0.13653564 -0.20965576 0.96624756,-5.7733335 6.2255554 -1.24,0.89 -0.22 -7.18,295 300 96,6
213,01110011,00000000,0.028625488 -0.17218018 -0.22088623 0.9595337,-0.15222222 3.491111 -6.192222,12.03 6.47 -12.22,371 -2636 15871,6
214,01110011,00000000,0.09210205 -0.1864624 -0.24841309 0.9460449,-1.6033334 0.95111114 -3.6488888,-2.09 1.83 -3.56,295 300 96,6
215,01110011,00000000,0.13006592 -0.16381836 -0.28015137 0.9368286,-1.028889 -0.94 -2.3955555,2.46 0.85 -6.33,295 300 96,6
216,01110011,00000000,0.1616211 -0.13079834 -0.27838135 0.9376831,1.3822222 -1.6844444 -2.4755557,-0.53 1.24 -5.92,290 295 97,6
217,01110011,00000000,0.19281006 -0.08782959 -0.24829102 0.9451904,3.4366667 -2.18 -2.52,-0.74 1.86 -7.52,283 285 98,6
218,01110011,00000000,0.18841553 -0.019348145 -0.20617676 0.95996094,3.2822223 -2.4388888 0.27333334,10.59 -2.45 -16.06,258 265 100,6
219,01110011,00000000,0.1895752 0.009521484 -0.16729736 0.96746826,3.3344445 -1.5877777 -0.50222224,0.49 -0.42 -13.1,203 226 108,6
220,01110011,00000000,0.199646 0.01953125 -0.15185547 0.9678345,0.29 -0.072222225 -1.0544444,-0.79 -1.44 -6.91,117 177 122,6
221,01110011,00000000,0.20812988 0.007019043 0.010925293 -0.0020141602,-1.8044444 1.2055556 0.037777778,-0.05 -1.23 -9.26,83 161 131,6
222,01110011,00000000,0.18804932 -0.038146973 -0.20220947 0.96032715,-2.5522223 1.7433333 1.5744444,-0.54 -0.84 -9.27,111 178 141,6
223,01110011,00000000,0.19433594 -0.06213379 -0.21759033 0.9544678,0.18888889 0.81222224 -2.0522223,2.2 -0.42 -7.8,168 213 156,6
224,01110011,00000000,0.2210083 -0.070129395 -0.21191406 0.94940186,0.37777779 0.6333333 -0.94777775,-0.74 1.57 -10.41,185 238 163,6
225,01110011,00000000,0.21661377 -0.066711426 -0.20629883 0.9519043,0.32444444 -0.33444443 0.48,0.8 -0.56 -9.7,175 252 168,6
226,01110011,00000000,0.21118164 -0.055725098 -0.20703125 0.9536133,0.02 -0.91444445 0.115555555,-1.34 -0.65 -9.73,164 248 179,6
227,01110011,00000000,0.20690918 -0.044189453 -0.20953369 0.9546509,0.02 -0.8211111 0.12666667,-0.23 0.31 -9.59,159 226 191,6
228,01110011,00000000,0.20227051 -0.034240723 -0.20892334 0.95617676,0.15111111 -0.4911111 0.17222223,-0.51 -0.98 -8.81,157 201 202,6
229,01110011,00000000,0.20355225 -0.034057617 -0.20697021 0.9562988,0.09222222 0.15888889 -0.06666667,-2.52 -0.32 -9.59,153 183 213,6
230,01110011,00000000,0.2041626 -0.038146973 -0.20874023 0.9556885,-0.33 0.3122222 0.04222222,0.22 -0.6 -9.02,149 29 15871,6
231,01110011,00000000,0.2055664 -0.047607422 -0.21142578 0.95428467,-0.25444445 0.51222223 -0.01,-1.97 -0.19 -9.5,152 183 232,6
232,01110011,00000000,0.2064209 -0.049926758 -0.20892334 0.95458984,0.16444445 0.043333333 0.011111111,-0.9 -0.64 -9.72,158 192 241,6
233,01110011,00000000,0.20513916 -0.047546387 -0.20947266 0.954895,-0.06 -0.2777778 0.014444444,-0.05 -0.86 -9.54,156 195 250,6
234,01110011,00000000,0.20355225 -0.042053223 -0.21069336 0.9552002,0.008888889 -0.3122222 0.026666667,1 0.73 -10.06,154 188 259,6
235,01110011,00000000,0.20355225 -0.040100098 -0.20916748 0.9555664,0.12 -0.04 -0.02111111,-0.59 0.88 -10.14,153 178 267,6
236,01110011,00000000,0.20373535 -0.040649414 -0.20947266 0.95544434,-0.083333336 0.08 -0.0011111111,-2.38 0.23 -9.93,150 173 275,6
237,01110011,00000000,0.2043457 -0.044006348 -0.21099854 0.954834,-0.12888889 0.18111111 0.0033333334,-2.54 -0.75 -9.4,149 172 283,6
238,01110011,00000000,0.20440674 -0.04449463 -0.2107544 -0.012939453,0.017777778 0.036666665 0.008888889,-0.43 -0.18 -10.25,150 174 291,6
239,01110011,00000000,0.20404053 -0.042907715 -0.21081543 0.9550171,-0.0011111111 -0.115555555 0.0022222223,-0.92 -1.34 -9.35,149 174 298,6
240,01110011,00000000,0.20397949 -0.042236328 -0.21032715 0.9552002,0.046666667 -0.008888889 -0.0044444446,-0.08 -1.26 -10.13,148 170 300,6
241,01110011,00000000,0.20404053 -0.042663574 -0.21051025 0.9550781,-0.03 0.023333333 0.008888889,-2.27 0.06 -9.7,146 167 300,6
242,01110011,00000000,0.20410156 -0.04309082 -0.21057129 0.9550171,0.008888889 0.015555556 0.006666667,-1.51 -0.31 -9.32,145 165 300,6
243,01110011,00000000,0.20404053 -0.042663574 -0.21051025 0.9550781,0.011111111 -0.035555556 0,-0.52 -0.05 -9.81,144 164 300,6
244,01110011,00000000,0.20397949 -0.042541504 -0.21057129 0.95513916,0.0011111111 0.0055555557 0.0011111111,0.14 0.28 -9.09,143 162 300,6
245,01110011,00000000,0.20404053 -0.042663574 -0.21051025 0.9550781,0.0011111111 0 0,-0.05 0.46 -9.76,142 160 300,6
246,01110011,00000000,0.20397949 -0.04260254 -0.21044922 0.95513916,0.006666667 -0.012222222 -0.0033333334,-0.22 0.29 -8.29,141 158 300,6
247,01110011,00000000,0.20397949 -0.042541504 -0.21038818 0.95513916,0.016666668 0.01 0.006666667,-0.64 -0.75 -10.86,140 156 511,6
248,01110011,00000000,0.20397949 -0.042541504 -0.21038818 0.95513916,0.007777778 -0.0033333334 -0.0022222223,-1.43 -0.12 -10.25,139 155 300,6
249,01110011,00000000,0.20397949 -0.042541504 -0.21032715 0.95513916,0.007777778 0.007777778 -0.0011111111,-0.57 0.35 -8.58,138 154 300,6
250,01110011,00000000,0.20397949 -0.042541504 -0.21032715 0.95513916,-0.0011111111 -0.006666667 -0.007777778,0.65 0.28 -9,137 153 300,6
251,01110011,00000000,0.20397949 -0.042541504 -0.21032715 0.95513916,0.008888889 -0.007777778 -0.0011111111,-0.48 -0.58 -10.41,136 152 300,6
252,01110011,00000000,0.20397949 -0.042419434 -0.21032715 0.95513916,-0.0044444446 -0.0033333334 0.0022222223,-1.37 -0.65 -9.75,135 150 300,6
253,01110011,00000000,0.20397949 -0.042419434 -0.21032715 0.95513916,0 -0.0044444446 0,-0.09 0.01 -9.24,134 149 300,6
255,11111111,11111111,-6.1035156E-05 -6.1035156E-05 -6.1035156E-05 -6.1035156E-05,-0.0011111111 -0.0011111111 -0.0011111111,-0.01 -0.01 -0.01,-1 -1 -1,255
255,11111111,11111111,-6.1035156E-05 -6.1035156E-05 -6.1035156E-05 -6.1035156E-05,-0.0011111111 -0.0011111111 -0.0011111111,-0.01 -0.01 -0.01,-1 -1 -1,255
255,11111111,11111111,-6.1035156E-05 -6.1035156E-05 -6.1035156E-05 -6.1035156E-05,-0.0011111111 -0.0011111111 -0.0011111111,-0.01 -0.01 -0.01,-1 -1 -1,255
255,11111111,11111111,-6.1035156E-05 -6.1035156E-05 -6.1035156E-05 -6.1035156E-05,-0.0011111111 -0.0011111111 -0.0011111111,-0.01 -0.01 -0.01,-1 -1 -1,255
255,11111111,11111111,-6.1035156E-05 -6.1035156E-05 -6.1035156E-05 -6.1035156E-05,-0.0011111111 -0.0011111111 -0.0011111111,-0.01 -0.01 -0.01,-1 -1 -1,255
255,11111111,11111111,-6.1035156E-05 -6.1035156E-05 -6.1035156E-05 -6.1035156E-05,-0.0011111111 -0.0011111111 -0.0011111111,-0.01 -0.01 -0.01,-1 -1 -1,255
255,11111111,11111111,-6.1035156E-05 -6.1035156E-05 -6.1035156E-05 -6.1035156E-05,-0.0011111111 -0.0011111111 -0.0011111111,-0.01 -0.01 -0.01,-1 -1 -1,255
255,11111111,11111111,-6.1035156E-05 -6.1035156E-05 -6.1035156E-05 -6.1035156E-05,-0.0011111111 -0.0011111111 -0.0011111111,-0.01 -0.01 -0.01,-1 -1 -1,255
255,11111111,11111111,-6.1035156E-05 -6.1035156E-05 -6.1035156E-05 -6.1035156E-05,-0.0011111111 -0.0011111111 -0.0011111111,-0.01 -0.01 -0.01,-1 -1 -1,255
255,11111111,11111111,-6.1035156E-05 -6.1035156E-05 -6.1035156E-05 -6.1035156E-05,-0.0011111111 -0.0011111111 -0.0011111111,-0.01 -0.01 -0.01,-1 -1 -1,255
255,11111111,11111111,-6.1035156E-05 -6.1035156E-05 -6.1035156E-05 -6.1035156E-05,-0.0011111111 -0.0011111111 -0.0011111111,-0.01 -0.01 -0.01,-1 -1 -1,255
255,11111111,11111111,-6.1035156E-05 -6.1035156E-05 -6.1035156E-05 -6.1035156E-05,-0.0011111111 -0.0011111111 -0.0011111111,-0.01 -0.01 -0.01,-1 -1 -1,255
255,11111111,11111111,-6.1035156E-05 -6.1035156E-05 -6.1035156E-05 -6.1035156E-05,-0.0011111111 -0.0011111111 -0.0011111111,-0.01 -0.01 -0.01,-1 -1 -1,255
255,11111111,11111111,-6.1035156E-05 -6.1035156E-05 -6.1035156E-05 -6.1035156E-05,-0.0011111111 -0.0011111111 -0.0011111111,-0.01 -0.01 -0.01,-1 -1 -1,255
255,11111111,11111111,-6.1035156E-05 -6.1035156E-05 -6.1035156E-05 -6.1035156E-05,-0.0011111111 -0.0011111111 -0.0011111111,-0.01 -0.01 -0.01,-1 -1 -1,255
255,11111111,11111111,-6.1035156E-05 -6.1035156E-05 -6.1035156E-05 -6.1035156E-05,-0.0011111111 -0.0011111111 -0.0011111111,-0.01 -0.01 -0.01,-1 -1 -1,255
255,11111111,11111111,-6.1035156E-05 -6.1035156E-05 -6.1035156E-05 -6.1035156E-05,-0.0011111111 -0.0011111111 -0.0011111111,-0.01 -0.01 -0.01,-1 -1 -1,255
255,11111111,11111111,-6.1035156E-05 -6.1035156E-05 -6.1035156E-05 -6.1035156E-05,-0.0011111111 -0.0011111111 -0.0011111111,-0.01 -0.01 -0.01,-1 -1 -1,255
255,11111111,11111111,-6.1035156E-05 -6.1035156E-05 -6.1035156E-05 -6.1035156E-05,-0.0011111111 -0.0011111111 -0.0011111111,-0.01 -0.01 -0.01,-1 -1 -1,255
255,11111111,11111111,-6.1035156E-05 -6.1035156E-05 -6.1035156E-05 -6.1035156E-05,-0.0011111111 -0.0011111111 -0.0011111111,-0.01 -0.01 -0.01,-1 -1 -1,255
255,11111111,11111111,-6.1035156E-05 -6.1035156E-05 -6.1035156E-05 -6.1035156E-05,-0.0011111111 -0.0011111111 -0.0011111111,-0.01 -0.01 -0.01,-1 -1 -1,255
255,11111111,11111111,-6.1035156E-05 -6.1035156E-05 -6.1035156E-05 -6.1035156E-05,-0.0011111111 -0.0011111111 -0.0011111111,-0.01 -0.01 -0.01,-1 -1 -1,255
255,11111111,11111111,-6.1035156E-05 -6.1035156E-05 -6.1035156E-05 -6.1035156E-05,-0.0011111111 -0.0011111111 -0.0011111111,-0.01 -0.01 -0.01,-1 -1 -1,255
255,11111111,11111111,-6.1035156E-05 -6.1035156E-05 -6.1035156E-05 -6.1035156E-05,-0.0011111111 -0.0011111111 -0.0011111111,-0.01 -0.01 -0.01,-1 -1 -1,255
255,11111111,11111111,-6.1035156E-05 -6.1035156E-05 -6.1035156E-05 -6.1035156E-05,-0.0011111111 -0.0011111111 -0.0011111111,-0.01 -0.01 -0.01,-1 -1 -1,255
255,11111111,11111111,-6.1035156E-05 -6.1035156E-05 -6.1035156E-05 -6.1035156E-05,-0.0011111111 -0.0011111111 -0.0011111111,-0.01 -0.01 -0.01,-1 -1 -1,255
255,11111111,11111111,-6.1035156E-05 -6.1035156E-05 -6.1035156E-05 -6.1035156E-05,-0.0011111111 -0.0011111111 -0.0011111111,-0.01 -0.01 -0.01,-1 -1 -1,255
255,11111111,11111111,-6.1035156E-05 -6.1035156E-05 -6.1035156E-05 -6.1035156E-05,-0.0011111111 -0.0011111111 -0.0011111111,-0.01 -0.01 -0.01,-1 -1 -1,255
255,11111111,11111111,-6.1035156E-05 -6.1035156E-05 -6.1035156E-05 -6.1035156E-05,-0.0011111111 -0.0011111111 -0.0011111111,-0.01 -0.01 -0.01,-1 -1 -1,255
255,11111111,11111111,-6.1035156E-05 -6.1035156E-05 -6.1035156E-05 -6.1035156E-05,-0.0011111111 -0.0011111111 -0.0011111111,-0.01 -0.01 -0.01,-1 -1 -1,255
255,11111111,11111111,-6.1035156E-05 -6.1035156E-05 -6.1035156E-05 -6.1035156E-05,-0.0011111111 -0.0011111111 -0.0011111111,-0.01 -0.01 -0.01,-1 -1 -1,255
255,11111111,11111111,-6.1035156E-05 -6.1035156E-05 -6.1035156E-05 -6.1035156E-05,-0.0011111111 -0.0011111111 -0.0011111111,-0.01 -0.01 -0.01,-1 -1 -1,255
255,11111111,11111111,-6.1035156E-05 -6.1035156E-05 -6.1035156E-05 -6.1035156E-05,-0.0011111111 -0.0011111111 -0.0011111111,-0.01 -0.01 -0.01,-1 -1 -1,255
255,11111111,11111111,-6.1035156E-05 -6.1035156E-05 -6.1035156E-05 -6.1035156E-05,-0.0011111111 -0.0011111111 -0.0011111111,-0.01 -0.01 -0.01,-1 -1 -1,255
255,11111111,11111111,-6.1035156E-05 -6.1035156E-05 -6.1035156E-05 -6.1035156E-05,-0.0011111111 -0.0011111111 -0.0011111111,-0.01 -0.01 -0.01,-1 -1 -1,255
255,11111111,11111111,-6.1035156E-05 -6.1035156E-05 -6.1035156E-05 -6.1035156E-05,-0.0011111111 -0.0011111111 -0.0011111111,-0.01 -0.01 -0.01,-1 -1 -1,255
255,11111111,11111111,-6.1035156E-05 -6.1035156E-05 -6.1035156E-05 -6.1035156E-05,-0.0011111111 -0.0011111111 -0.0011111111,-0.01 -0.01 -0.01,-1 -1 -1,255
255,11111111,11111111,-6.1035156E-05 -6.1035156E-05 -6.1035156E-05 -6.1035156E-05,-0.0011111111 -0.0011111111 -0.0011111111,-0.01 -0.01 -0.01,-1 -1 -1,255
255,11111111,11111111,-6.1035156E-05 -6.1035156E-05 -6.1035156E-05 -6.1035156E-05,-0.0011111111 -0.0011111111 -0.0011111111,-0.01 -0.01 -0.01,-1 -1 -1,255
255,11111111,11111111,-6.1035156E-05 -6.1035156E-05 -6.1035156E-05 -6.1035156E-05,-0.0011111111 -0.0011111111 -0.0011111111,-0.01 -0.01 -0.01,-1 -1 -1,255
255,11111111,11111111,-6.1035156E-05 -6.1035156E-05 -6.1035156E-05 -6.1035156E-05,-0.0011111111 -0.0011111111 -0.0011111111,-0.01 -0.01 -0.01,-1 -1 -1,255
255,11111111,11111111,-6.1035156E-05 -6.1035156E-05 -6.1035156E-05 -6.1035156E-05,-0.0011111111 -0.0011111111 -0.0011111111,-0.01 -0.01 -0.01,-1 -1 -1,255
255,11111111,11111111,-6.1035156E-05 -6.1035156E-05 -6.1035156E-05 -6.1035156E-05,-0.0011111111 -0.0011111111 -0.0011111111,-0.01 -0.01 -0.01,-1 -1 -1,255
255,11111111,11111111,-6.1035156E-05 -6.1035156E-05 -6.1035156E-05 -6.1035156E-05,-0.0011111111 -0.0011111111 -0.0011111111,-0.01 -0.01 -0.01,-1 -1 -1,255
255,11111111,11111111,-6.1035156E-05 -6.1035156E-05 -6.1035156E-05 -6.1035156E-05,-0.0011111111 -0.0011111111 -0.0011111111,-0.01 -0.01 -0.01,-1 -1 -1,255
255,11111111,11111111,-6.1035156E-05 -6.1035156E-05 -6.1035156E-05 -6.1035156E-05,-0.0011111111 -0.0011111111 -0.0011111111,-0.01 -0.01 -0.01,-1 -1 -1,255
255,11111111,11111111,-6.1035156E-05 -6.1035156E-05 -6.1035156E-05 -6.1035156E-05,-0.0011111111 -0.0011111111 -0.0011111111,-0.01 -0.01 -0.01,-1 -1 -1,255
255,11111111,11111111,-6.1035156E-05 -6.1035156E-05 -6.1035156E-05 -6.1035156E-05,-0.0011111111 -0.0011111111 -0.0011111111,-0.01 -0.01 -0.01,-1 -1 -1,255
255,11111111,11111111,-6.1035156E-05 -6.1035156E-05 -6.1035156E-05 -6.1035156E-05,-0.0011111111 -0.0011111111 -0.0011111111,-0.01 -0.01 -0.01,-1 -1 -1,255
255,11111111,11111111,-6.1035156E-05 -6.1035156E-05 -6.1035156E-05 -6.1035156E-05,-0.0011111111 -0.0011111111 -0.0011111111,-0.01 -0.01 -0.01,-1 -1 -1,255
255,11111111,11111111,-6.1035156E-05 -6.1035156E-05 -6.1035156E-05 -6.1035156E-05,-0.0011111111 -0.0011111111 -0.0011111111,-0.01 -0.01 -0.01,-1 -1 -1,255
255,11111111,11111111,-6.1035156E-05 -6.1035156E-05 -6.1035156E-05 -6.1035156E-05,-0.0011111111 -0.0011111111 -0.0011111111,-0.01 -0.01 -0.01,-1 -1 -1,255
255,11111111,11111111,-6.1035156E-05 -6.1035156E-05 -6.1035156E-05 -6.1035156E-05,-0.0011111111 -0.0011111111 -0.0011111111,-0.01 -0.01 -0.01,-1 -1 -1,255
255,11111111,11111111,-6.1035156E-05 -6.1035156E-05 -6.1035156E-05 -6.1035156E-05,-0.0011111111 -0.0011111111 -0.0011111111,-0.01 -0.01 -0.01,-1 -1 -1,255
255,11111111,11111111,-6.1035156E-05 -6.1035156E-05 -6.1035156E-05 -6.1035156E-05,-0.0011111111 -0.0011111111 -0.0011111111,-0.01 -0.01 -0.01,-1 -1 -1,255
255,11111111,11111111,-6.1035156E-05 -6.1035156E-05 -6.1035156E-05 -6.1035156E-05,-0.0011111111 -0.0011111111 -0.0011111111,-0.01 -0.01 -0.01,-1 -1 -1,255
255,11111111,11111111,-6.1035156E-05 -6.1035156E-05 -6.1035156E-05 -6.1035156E-05,-0.0011111111 -0.0011111111 -0.0011111111,-0.01 -0.01 -0.01,-1 -1 -1,255
255,11111111,11111111,-6.1035156E-05 -6.1035156E-05 -6.1035156E-05 -6.1035156E-05,-0.0011111111 -0.0011111111 -0.0011111111,-0.01 -0.01 -0.01,-1 -1 -1,255
255,11111111,11111111,-6.1035156E-05 -6.1035156E-05 -6.1035156E-05 -6.1035156E-05,-0.0011111111 -0.0011111111 -0.0011111111,-0.01 -0.01 -0.01,-1 -1 -1,255
255,11111111,11111111,-6.1035156E-05 -6.1035156E-05 -6.1035156E-05 -6.1035156E-05,-0.0011111111 -0.0011111111 -0.0011111111,-0.01 -0.01 -0.01,-1 -1 -1,255
255,11111111,11111111,-6.1035156E-05 -6.1035156E-05 -6.1035156E-05 -6.1035156E-05,-0.0011111111 -0.0011111111 -0.0011111111,-0.01 -0.01 -0.01,-1 -1 -1,255
255,11111111,11111111,-6.1035156E-05 -6.1035156E-05 -6.1035156E-05 -6.1035156E-05,-0.0011111111 -0.0011111111 -0.0011111111,-0.01 -0.01 -0.01,-1 -1 -1,255
255,11111111,11111111,-6.1035156E-05 -6.1035156E-05 -6.1035156E-05 -6.1035156E-05,-0.0011111111 -0.0011111111 -0.0011111111,-0.01 -0.01 -0.01,-1 -1 -1,255
255,11111111,11111111,-6.1035156E-05 -6.1035156E-05 -6.1035156E-05 -6.1035156E-05,-0.0011111111 -0.0011111111 -0.0011111111,-0.01 -0.01 -0.01,-1 -1 -1,255
255,11111111,11111111,-6.1035156E-05 -6.1035156E-05 -6.1035156E-05 -6.1035156E-05,-0.0011111111 -0.0011111111 -0.0011111111,-0.01 -0.01 -0.01,-1 -1 -1,255
255,11111111,11111111,-6.1035156E-05 -6.1035156E-05 -6.1035156E-05 -6.1035156E-05,-0.0011111111 -0.0011111111 -0.0011111111,-0.01 -0.01 -0.01,-1 -1 -1,255
255,11111111,11111111,-6.1035156E-05 -6.1035156E-05 -6.1035156E-05 -6.1035156E-05,-0.0011111111 -0.0011111111 -0.0011111111,-0.01 -0.01 -0.01,-1 -1 -1,255
255,11111111,11111111,-6.1035156E-05 -6.1035156E-05 -6.1035156E-05 -6.1035156E-05,-0.0011111111 -0.0011111111 -0.0011111111,-0.01 -0.01 -0.01,-1 -1 -1,255
255,11111111,11111111,-6.1035156E-05 -6.1035156E-05 -6.1035156E-05 -6.1035156E-05,-0.0011111111 -0.0011111111 -0.0011111111,-0.01 -0.01 -0.01,-1 -1 -1,255
255,11111111,11111111,-6.1035156E-05 -6.1035156E-05 -6.1035156E-05 -6.1035156E-05,-0.0011111111 -0.0011111111 -0.0011111111,-0.01 -0.01 -0.01,-1 -1 -1,255
255,11111111,11111111,-6.1035156E-05 -6.1035156E-05 -6.1035156E-05 -6.1035156E-05,-0.0011111111 -0.0011111111 -0.0011111111,-0.01 -0.01 -0.01,-1 -1 -1,255
255,11111111,11111111,-6.1035156E-05 -6.1035156E-05 -6.1035156E-05 -6.1035156E-05,-0.0011111111 -0.0011111111 -0.0011111111,-0.01 -0.01 -0.01,-1 -1 -1,255
255,11111111,11111111,-6.1035156E-05 -6.1035156E-05 -6.1035156E-05 -6.1035156E-05,-0.0011111111 -0.0011111111 -0.0011111111,-0.01 -0.01 -0.01,-1 -1 -1,255
255,11111111,11111111,-6.1035156E-05 -6.1035156E-05 -6.1035156E-05 -6.1035156E-05,-0.0011111111 -0.0011111111 -0.0011111111,-0.01 -0.01 -0.01,-1 -1 -1,255
255,11111111,11111111,-6.1035156E-05 -6.1035156E-05 -6.1035156E-05 -6.1035156E-05,-0.0011111111 -0.0011111111 -0.0011111111,-0.01 -0.01 -0.01,-1 -1 -1,255
255,11111111,11111111,-6.1035156E-05 -6.1035156E-05 -6.1035156E-05 -6.1035156E-05,-0.0011111111 -0.0011111111 -0.0011111111,-0.01 -0.01 -0.01,-1 -1 -1,255
255,11111111,11111111,-6.1035156E-05 -6.1035156E-05 -6.1035156E-05 -6.1035156E-05,-0.0011111111 -0.0011111111 -0.0011111111,-0.01 -0.01 -0.01,-1 -1 -1,255
255,11111111,11111111,-6.1035156E-05 -6.1035156E-05 -6.1035156E-05 -6.1035156E-05,-0.0011111111 -0.0011111111 -0.0011111111,-0.01 -0.01 -0.01,-1 -1 -1,255
255,11111111,11111111,-6.1035156E-05 -6.1035156E-05 -6.1035156E-05 -6.1035156E-05,-0.0011111111 -0.0011111111 -0.0011111111,-0.01 -0.01 -0.01,-1 -1 -1,255
255,11111111,11111111,-6.1035156E-05 -6.1035156E-05 -6.1035156E-05 -6.1035156E-05,-0.0011111111 -0.0011111111 -0.0011111111,-0.01 -0.01 -0.01,-1 -1 -1,255
255,11111111,11111111,-6.1035156E-05 -6.1035156E-05 -6.1035156E-05 -6.1035156E-05,-0.0011111111 -0.0011111111 -0.0011111111,-0.01 -0.01 -0.01,-1 -1 -1,255
255,11111111,11111111,-6.1035156E-05 -6.1035156E-05 -6.1035156E-05 -6.1035156E-05,-0.0011111111 -0.0011111111 -0.0011111111,-0.01 -0.01 -0.01,-1 -1 -1,255
255,11111111,11111111,-6.1035156E-05 -6.1035156E-05 -6.1035156E-05 -6.1035156E-05,-0.0011111111 -0.0011111111 -0.0011111111,-0.01 -0.01 -0.01,-1 -1 -1,255
255,11111111,11111111,-6.1035156E-05 -6.1035156E-05 -6.1035156E-05 -6.1035156E-05,-0.0011111111 -0.0011111111 -0.0011111111,-0.01 -0.01 -0.01,-1 -1 -1,255
255,11111111,11111111,-6.1035156E-05 -6.1035156E-05 -6.1035156E-05 -6.1035156E-05,-0.0011111111 -0.0011111111 -0.0011111111,-0.01 -0.01 -0.01,-1 -1 -1,255
255,11111111,11111111,-6.1035156E-05 -6.1035156E-05 -6.1035156E-05 -6.1035156E-05,-0.0011111111 -0.0011111111 -0.0011111111,-0.01 -0.01 -0.01,-1 -1 -1,255
255,11111111,11111111,-6.1035156E-05 -6.1035156E-05 -6.1035156E-05 -6.1035156E-05,-0.0011111111 -0.0011111111 -0.0011111111,-0.01 -0.01 -0.01,-1 -1 -1,255
255,11111111,11111111,-6.1035156E-05 -6.1035156E-05 -6.1035156E-05 -6.1035156E-05,-0.0011111111 -0.0011111111 -0.0011111111,-0.01 -0.01 -0.01,-1 -1 -1,255
255,11111111,11111111,-6.1035156E-05 -6.1035156E-05 -6.1035156E-05 -6.1035156E-05,-0.0011111111 -0.0011111111 -0.0011111111,-0.01 -0.01 -0.01,-1 -1 -1,255
255,11111111,11111111,-6.1035156E-05 -6.1035156E-05 -6.1035156E-05 -6.1035156E-05,-0.0011111111 -0.0011111111 -0.0011111111,-0.01 -0.01 -0.01,-1 -1 -1,255
255,11111111,11111111,-6.1035156E-05 -6.1035156E-05 -6.1035156E-05 -6.1035156E-05,-0.0011111111 -0.0011111111 -0.0011111111,-0.01 -0.01 -0.01,-1 -1 -1,255
255,11111111,11111111,-6.1035156E-05 -6.1035156E-05 -6.1035156E-05 -6.1035156E-05,-0.0011111111 -0.0011111111 -0.0011111111,-0.01 -0.01 -0.01,-1 -1 -1,255
255,11111111,11111111,-6.1035156E-05 -6.1035156E-05 -6.1035156E-05 -6.1035156E-05,-0.0011111111 -0.0011111111 -0.0011111111,-0.01 -0.01 -0.01,-1 -1 -1,255
255,11111111,11111111,-6.1035156E-05 -6.1035156E-05 -6.1035156E-05 -6.1035156E-05,-0.0011111111 -0.0011111111 -0.0011111111,-0.01 -0.01 -0.01,-1 -1 -1,255
255,11111111,11111111,-6.1035156E-05 -6.1035156E-05 -6.1035156E-05 -6.1035156E-05,-0.0011111111 -0.0011111111 -0.0011111111,-0.01 -0.01 -0.01,-1 -1 -1,255
255,11111111,11111111,-6.1035156E-05 -6.1035156E-05 -6.1035156E-05 -6.1035156E-05,-0.0011111111 -0.0011111111 -0.0011111111,-0.01 -0.01 -0.01,-1 -1 -1,255
255,11111111,11111111,-6.1035156E-05 -6.1035156E-05 -6.1035156E-05 -6.1035156E-05,-0.0011111111 -0.0011111111 -0.0011111111,-0.01 -0.01 -0.01,-1 -1 -1,255
255,11111111,11111111,-6.1035156E-05 -6.1035156E-05 -6.1035156E-05 -6.1035156E-05,-0.0011111111 -0.0011111111 -0.0011111111,-0.01 -0.01 -0.01,-1 -1 -1,255
255,11111111,11111111,-6.1035156E-05 -6.1035156E-05 -6.1035156E-05 -6.1035156E-05,-0.0011111111 -0.0011111111 -0.0011111111,-0.01 -0.01 -0.01,-1 -1 -1,255
255,11111111,11111111,-6.1035156E-05 -6.1035156E-05 -6.1035156E-05 -6.1035156E-05,-0.0011111111 -0.0011111111 -0.0011111111,-0.01 -0.01 -0.01,-1 -1 -1,255
255,11111111,11111111,-6.1035156E-05 -6.1035156E-05 -6.1035156E-05 -6.1035156E-05,-0.0011111111 -0.0011111111 -0.0011111111,-0.01 -0.01 -0.01,-1 -1 -1,255
255,11111111,11111111,-6.1035156E-05 -6.1035156E-05 -6.1035156E-05 -6.1035156E-05,-0.0011111111 -0.0011111111 -0.0011111111,-0.01 -0.01 -0.01,-1 -1 -1,255
255,11111111,11111111,-6.1035156E-05 -6.1035156E-05 -6.1035156E-05 -6.1035156E-05,-0.0011111111 -0.0011111111 -0.0011111111,-0.01 -0.01 -0.01,-1 -1 -1,255
255,11111111,11111111,-6.1035156E-05 -6.1035156E-05 -6.1035156E-05 -6.1035156E-05,-0.0011111111 -0.0011111111 -0.0011111111,-0.01 -0.01 -0.01,-1 -1 -1,255
255,11111111,11111111,-6.1035156E-05 -6.1035156E-05 -6.1035156E-05 -6.1035156E-05,-0.0011111111 -0.0011111111 -0.0011111111,-0.01 -0.01 -0.01,-1 -1 -1,255
255,11111111,11111111,-6.1035156E-05 -6.1035156E-05 -6.1035156E-05 -6.1035156E-05,-0.0011111111 -0.0011111111 -0.0011111111,-0.01 -0.01 -0.01,-1 -1 -1,255
255,11111111,11111111,-6.1035156E-05 -6.1035156E-05 -6.1035156E-05 -6.1035156E-05,-0.0011111111 -0.0011111111 -0.0011111111,-0.01 -0.01 -0.01,-1 -1 -1,255
255,11111111,11111111,-6.1035156E-05 -6.1035156E-05 -6.1035156E-05 -6.1035156E-05,-0.0011111111 -0.0011111111 -0.0011111111,-0.01 -0.01 -0.01,-1 -1 -1,255
255,11111111,11111111,-6.1035156E-05 -6.1035156E-05 -6.1035156E-05 -6.1035156E-05,-0.0011111111 -0.0011111111 -0.0011111111,-0.01 -0.01 -0.01,-1 -1 -1,255
255,11111111,11111111,-6.1035156E-05 -6.1035156E-05 -6.1035156E-05 -6.1035156E-05,-0.0011111111 -0.0011111111 -0.0011111111,-0.01 -0.01 -0.01,-1 -1 -1,255
255,11111111,11111111,-6.1035156E-05 -6.1035156E-05 -6.1035156E-05 -6.1035156E-05,-0.0011111111 -0.0011111111 -0.0011111111,-0.01 -0.01 -0.01,-1 -1 -1,255
255,11111111,11111111,-6.1035156E-05 -6.1035156E-05 -6.1035156E-05 -6.1035156E-05,-0.0011111111 -0.0011111111 -0.0011111111,-0.01 -0.01 -0.01,-1 -1 -1,255
255,11111111,11111111,-6.1035156E-05 -6.1035156E-05 -6.1035156E-05 -6.1035156E-05,-0.0011111111 -0.0011111111 -0.0011111111,-0.01 -0.01 -0.01,-1 -1 -1,255
255,11111111,11111111,-6.1035156E-05 -6.1035156E-05 -6.1035156E-05 -6.1035156E-05,-0.0011111111 -0.0011111111 -0.0011111111,-0.01 -0.01 -0.01,-1 -1 -1,255
255,11111111,11111111,-6.1035156E-05 -6.1035156E-05 -6.1035156E-05 -6.1035156E-05,-0.0011111111 -0.0011111111 -0.0011111111,-0.01 -0.01 -0.01,-1 -1 -1,255
255,11111111,11111111,-6.1035156E-05 -6.1035156E-05 -6.1035156E-05 -6.1035156E-05,-0.0011111111 -0.0011111111 -0.0011111111,-0.01 -0.01 -0.01,-1 -1 -1,255
255,11111111,11111111,-6.1035156E-05 -6.1035156E-05 -6.1035156E-05 -6.1035156E-05,-0.0011111111 -0.0011111111 -0.0011111111,-0.01 -0.01 -0.01,-1 -1 -1,255
255,11111111,11111111,-6.1035156E-05 -6.1035156E-05 -6.1035156E-05 -6.1035156E-05,-0.0011111111 -0.0011111111 -0.0011111111,-0.01 -0.01 -0.01,-1 -1 -1,255
255,11111111,11111111,-6.1035156E-05 -6.1035156E-05 -6.1035156E-05 -6.1035156E-05,-0.0011111111 -0.0011111111 -0.0011111111,-0.01 -0.01 -0.01,-1 -1 -1,255
255,11111111,11111111,-6.1035156E-05 -6.1035156E-05 -6.1035156E-05 -6.1035156E-05,-0.0011111111 -0.0011111111 -0.0011111111,-0.01 -0.01 -0.01,-1 -1 -1,255
255,11111111,11111111,-6.1035156E-05 -6.1035156E-05 -6.1035156E-05 -6.1035156E-05,-0.0011111111 -0.0011111111 -0.0011111111,-0.01 -0.01 -0.01,-1 -1 -1,255
255,11111111,11111111,-6.1035156E-05 -6.1035156E-05 -6.1035156E-05 -6.1035156E-05,-0.0011111111 -0.0011111111 -0.0011111111,-0.01 -0.01 -0.01,-1 -1 -1,255
255,11111111,11111111,-6.1035156E-05 -6.1035156E-05 -6.1035156E-05 -6.1035156E-05,-0.0011111111 -0.0011111111 -0.0011111111,-0.01 -0.01 -0.01,-1 -1 -1,255
255,11111111,11111111,-6.1035156E-05 -6.1035156E-05 -6.1035156E-05 -6.1035156E-05,-0.0011111111 -0.0011111111 -0.0011111111,-0.01 -0.01 -0.01,-1 -1 -1,255
255,11111111,11111111,-6.1035156E-05 -6.1035156E-05 -6.1035156E-05 -6.1035156E-05,-0.0011111111 -0.0011111111 -0.0011111111,-0.01 -0.01 -0.01,-1 -1 -1,255
255,11111111,11111111,-6.1035156E-05 -6.1035156E-05 -6.1035156E-05 -6.1035156E-05,-0.0011111111 -0.0011111111 -0.0011111111,-0.01 -0.01 -0.01,-1 -1 -1,255
255,11111111,11111111,-6.1035156E-05 -6.1035156E-05 -6.1035156E-05 -6.1035156E-05,-0.0011111111 -0.0011111111 -0.0011111111,-0.01 -0.01 -0.01,-1 -1 -1,255
255,11111111,11111111,-6.1035156E-05 -6.1035156E-05 -6.1035156E-05 -6.1035156E-05,-0.0011111111 -0.0011111111 -0.0011111111,-0.01 -0.01 -0.01,-1 -1 -1,255
255,11111111,11111111,-6.1035156E-05 -6.1035156E-05 -6.1035156E-05 -6.1035156E-05,-0.0011111111 -0.0011111111 -0.0011111111,-0.01 -0.01 -0.01,-1 -1 -1,255
255,11111111,11111111,-6.1035156E-05 -6.1035156E-05 -6.1035156E-05 -6.1035156E-05,-0.0011111111 -0.0011111111 -0.0011111111,-0.01 -0.01 -0.01,-1 -1 -1,255
255,11111111,11111111,-6.1035156E-05 -6.1035156E-05 -6.1035156E-05 -6.1035156E-05,-0.0011111111 -0.0011111111 -0.0011111111,-0.01 -0.01 -0.01,-1 -1 -1,255
255,11111111,11111111,-6.1035156E-05 -6.1035156E-05 -6.1035156E-05 -6.1035156E-05,-0.0011111111 -0.0011111111 -0.0011111111,-0.01 -0.01 -0.01,-1 -1 -1,255
255,11111111,11111111,-6.1035156E-05 -6.1035156E-05 -6.1035156E-05 -6.1035156E-05,-0.0011111111 -0.0011111111 -0.0011111111,-0.01 -0.01 -0.01,-1 -1 -1,255
255,11111111,11111111,-6.1035156E-05 -6.1035156E-05 -6.1035156E-05 -6.1035156E-05,-0.0011111111 -0.0011111111 -0.0011111111,-0.01 -0.01 -0.01,-1 -1 -1,255
255,11111111,11111111,-6.1035156E-05 -6.1035156E-05 -6.1035156E-05 -6.1035156E-05,-0.0011111111 -0.0011111111 -0.0011111111,-0.01 -0.01 -0.01,-1 -1 -1,255
255,11111111,11111111,-6.1035156E-05 -6.1035156E-05 -6.1035156E-05 -6.1035156E-05,-0.0011111111 -0.0011111111 -0.0011111111,-0.01 -0.01 -0.01,-1 -1 -1,255
255,11111111,11111111,-6.1035156E-05 -6.1035156E-05 -6.1035156E-05 -6.1035156E-05,-0.0011111111 -0.0011111111 -0.0011111111,-0.01 -0.01 -0.01,-1 -1 -1,255
255,11111111,11111111,-6.1035156E-05 -6.1035156E-05 -6.1035156E-05 -6.1035156E-05,-0.0011111111 -0.0011111111 -0.0011111111,-0.01 -0.01 -0.01,-1 -1 -1,255
255,11111111,11111111,-6.1035156E-05 -6.1035156E-05 -6.1035156E-05 -6.1035156E-05,-0.0011111111 -0.0011111111 -0.0011111111,-0.01 -0.01 -0.01,-1 -1 -1,255
255,11111111,11111111,-6.1035156E-05 -6.1035156E-05 -6.1035156E-05 -6.1035156E-05,-0.0011111111 -0.0011111111 -0.0011111111,-0.01 -0.01 -0.01,-1 -1 -1,255
255,11111111,11111111,-6.1035156E-05 -6.1035156E-05 -6.1035156E-05 -6.1035156E-05,-0.0011111111 -0.0011111111 -0.0011111111,-0.01 -0.01 -0.01,-1 -1 -1,255
255,11111111,11111111,-6.1035156E-05 -6.1035156E-05 -6.1035156E-05 -6.1035156E-05,-0.0011111111 -0.0011111111 -0.0011111111,-0.01 -0.01 -0.01,-1 -1 -1,255
255,11111111,11111111,-6.1035156E-05 -6.1035156E-05 -6.1035156E-05 -6.1035156E-05,-0.0011111111 -0.0011111111 -0.0011111111,-0.01 -0.01 -0.01,-1 -1 -1,255
255,11111111,11111111,-6.1035156E-05 -6.1035156E-05 -6.1035156E-05 -6.1035156E-05,-0.0011111111 -0.0011111111 -0.0011111111,-0.01 -0.01 -0.01,-1 -1 -1,255
255,11111111,11111111,-6.1035156E-05 -6.1035156E-05 -6.1035156E-05 -6.1035156E-05,-0.0011111111 -0.0011111111 -0.0011111111,-0.01 -0.01 -0.01,-1 -1 -1,255
255,11111111,11111111,-6.1035156E-05 -6.1035156E-05 -6.1035156E-05 -6.1035156E-05,-0.0011111111 -0.0011111111 -0.0011111111,-0.01 -0.01 -0.01,-1 -1 -1,255
255,11111111,11111111,-6.1035156E-05 -6.1035156E-05 -6.1035156E-05 -6.1035156E-05,-0.0011111111 -0.0011111111 -0.0011111111,-0.01 -0.01 -0.01,-1 -1 -1,255
255,11111111,11111111,-6.1035156E-05 -6.1035156E-05 -6.1035156E-05 -6.1035156E-05,-0.0011111111 -0.0011111111 -0.0011111111,-0.01 -0.01 -0.01,-1 -1 -1,255
255,11111111,11111111,-6.1035156E-05 -6.1035156E-05 -6.1035156E-05 -6.1035156E-05,-0.0011111111 -0.0011111111 -0.0011111111,-0.01 -0.01 -0.01,-1 -1 -1,255
255,11111111,11111111,-6.1035156E-05 -6.1035156E-05 -6.1035156E-05 -6.1035156E-05,-0.0011111111 -0.0011111111 -0.0011111111,-0.01 -0.01 -0.01,-1 -1 -1,255
255,11111111,11111111,-6.1035156E-05 -6.1035156E-05 -6.1035156E-05 -6.1035156E-05,-0.0011111111 -0.0011111111 -0.0011111111,-0.01 -0.01 -0.01,-1 -1 -1,255
255,11111111,11111111,-6.1035156E-05 -6.1035156E-05 -6.1035156E-05 -6.1035156E-05,-0.0011111111 -0.0011111111 -0.0011111111,-0.01 -0.01 -0.01,-1 -1 -1,255
255,11111111,11111111,-6.1035156E-05 -6.1035156E-05 -6.1035156E-05 -6.1035156E-05,-0.0011111111 -0.0011111111 -0.0011111111,-0.01 -0.01 -0.01,-1 -1 -1,255
255,11111111,11111111,-6.1035156E-05 -6.1035156E-05 -6.1035156E-05 -6.1035156E-05,-0.0011111111 -0.0011111111 -0.0011111111,-0.01 -0.01 -0.01,-1 -1 -1,255
255,11111111,11111111,-6.1035156E-05 -6.1035156E-05 -6.1035156E-05 -6.1035156E-05,-0.0011111111 -0.0011111111 -0.0011111111,-0.01 -0.01 -0.01,-1 -1 -1,255
255,11111111,11111111,-6.1035156E-05 -6.1035156E-05 -6.1035156E-05 -6.1035156E-05,-0.0011111111 -0.0011111111 -0.0011111111,-0.01 -0.01 -0.01,-1 -1 -1,255
255,11111111,11111111,-6.1035156E-05 -6.1035156E-05 -6.1035156E-05 -6.1035156E-05,-0.0011111111 -0.0011111111 -0.0011111111,-0.01 -0.01 -0.01,-1 -1 -1,255
255,11111111,11111111,-6.1035156E-05 -6.1035156E-05 -6.1035156E-05 -6.1035156E-05,-0.0011111111 -0.0011111111 -0.0011111111,-0.01 -0.01 -0.01,-1 -1 -1,255
255,11111111,11111111,-6.1035156E-05 -6.1035156E-05 -6.1035156E-05 -6.1035156E-05,-0.0011111111 -0.0011111111 -0.0011111111,-0.01 -0.01 -0.01,-1 -1 -1,255
255,11111111,11111111,-6.1035156E-05 -6.1035156E-05 -6.1035156E-05 -6.1035156E-05,-0.0011111111 -0.0011111111 -0.0011111111,-0.01 -0.01 -0.01,-1 -1 -1,255
255,11111111,11111111,-6.1035156E-05 -6.1035156E-05 -6.1035156E-05 -6.1035156E-05,-0.0011111111 -0.0011111111 -0.0011111111,-0.01 -0.01 -0.01,-1 -1 -1,255
255,11111111,11111111,-6.1035156E-05 -6.1035156E-05 -6.1035156E-05 -6.1035156E-05,-0.0011111111 -0.0011111111 -0.0011111111,-0.01 -0.01 -0.01,-1 -1 -1,255
255,11111111,11111111,-6.1035156E-05 -6.1035156E-05 -6.1035156E-05 -6.1035156E-05,-0.0011111111 -0.0011111111 -0.0011111111,-0.01 -0.01 -0.01,-1 -1 -1,255
255,11111111,11111111,-6.1035156E-05 -6.1035156E-05 -6.1035156E-05 -6.1035156E-05,-0.0011111111 -0.0011111111 -0.0011111111,-0.01 -0.01 -0.01,-1 -1 -1,255
255,11111111,11111111,-6.1035156E-05 -6.1035156E-05 -6.1035156E-05 -6.1035156E-05,-0.0011111111 -0.0011111111 -0.0011111111,-0.01 -0.01 -0.01,-1 -1 -1,255
255,11111111,11111111,-6.1035156E-05 -6.1035156E-05 -6.1035156E-05 -6.1035156E-05,-0.0011111111 -0.0011111111 -0.0011111111,-0.01 -0.01 -0.01,-1 -1 -1,255
255,11111111,11111111,-6.1035156E-05 -6.1035156E-05 -6.1035156E-05 -6.1035156E-05,-0.0011111111 -0.0011111111 -0.0011111111,-0.01 -0.01 -0.01,-1 -1 -1,255
255,11111111,11111111,-6.1035156E-05 -6.1035156E-05 -6.1035156E-05 -6.1035156E-05,-0.0011111111 -0.0011111111 -0.0011111111,-0.01 -0.01 -0.01,-1 -1 -1,255
255,11111111,11111111,-6.1035156E-05 -6.1035156E-05 -6.1035156E-05 -6.1035156E-05,-0.0011111111 -0.0011111111 -0.0011111111,-0.01 -0.01 -0.01,-1 -1 -1,255
255,11111111,11111111,-6.1035156E-05 -6.1035156E-05 -6.1035156E-05 -6.1035156E-05,-0.0011111111 -0.0011111111 -0.0011111111,-0.01 -0.01 -0.01,-1 -1 -1,255
255,11111111,11111111,-6.1035156E-05 -6.1035156E-05 -6.1035156E-05 -6.1035156E-05,-0.0011111111 -0.0011111111 -0.0011111111,-0.01 -0.01 -0.01,-1 -1 -1,255
255,11111111,11111111,-6.1035156E-05 -6.1035156E-05 -6.1035156E-05 -6.1035156E-05,-0.0011111111 -0.0011111111 -0.0011111111,-0.01 -0.01 -0.01,-1 -1 -1,255
255,11111111,11111111,-6.1035156E-05 -6.1035156E-05 -6.1035156E-05 -6.1035156E-05,-0.0011111111 -0.0011111111 -0.0011111111,-0.01 -0.01 -0.01,-1 -1 -1,255
255,11111111,11111111,-6.1035156E-05 -6.1035156E-05 -6.1035156E-05 -6.1035156E-05,-0.0011111111 -0.0011111111 -0.0011111111,-0.01 -0.01 -0.01,-1 -1 -1,255
255,11111111,11111111,-6.1035156E-05 -6.1035156E-05 -6.1035156E-05 -6.1035156E-05,-0.0011111111 -0.0011111111 -0.0011111111,-0.01 -0.01 -0.01,-1 -1 -1,255
255,11111111,11111111,-6.1035156E-05 -6.1035156E-05 -6.1035156E-05 -6.1035156E-05,-0.0011111111 -0.0011111111 -0.0011111111,-0.01 -0.01 -0.01,-1 -1 -1,255
255,11111111,11111111,-6.1035156E-05 -6.1035156E-05 -6.1035156E-05 -6.1035156E-05,-0.0011111111 -0.0011111111 -0.0011111111,-0.01 -0.01 -0.01,-1 -1 -1,255
255,11111111,11111111,-6.1035156E-05 -6.1035156E-05 -6.1035156E-05 -6.1035156E-05,-0.0011111111 -0.0011111111 -0.0011111111,-0.01 -0.01 -0.01,-1 -1 -1,255
255,11111111,11111111,-6.1035156E-05 -6.1035156E-05 -6.1035156E-05 -6.1035156E-05,-0.0011111111 -0.0011111111 -0.0011111111,-0.01 -0.01 -0.01,-1 -1 -1,255
255,11111111,11111111,-6.1035156E-05 -6.1035156E-05 -6.1035156E-05 -6.1035156E-05,-0.0011111111 -0.0011111111 -0.0011111111,-0.01 -0.01 -0.01,-1 -1 -1,255
255,11111111,11111111,-6.1035156E-05 -6.1035156E-05 -6.1035156E-05 -6.1035156E-05,-0.0011111111 -0.0011111111 -0.0011111111,-0.01 -0.01 -0.01,-1 -1 -1,255
255,11111111,11111111,-6.1035156E-05 -6.1035156E-05 -6.1035156E-05 -6.1035156E-05,-0.0011111111 -0.0011111111 -0.0011111111,-0.01 -0.01 -0.01,-1 -1 -1,255
255,11111111,11111111,-6.1035156E-05 -6.1035156E-05 -6.1035156E-05 -6.1035156E-05,-0.0011111111 -0.0011111111 -0.0011111111,-0.01 -0.01 -0.01,-1 -1 -1,255
255,11111111,11111111,-6.1035156E-05 -6.1035156E-05 -6.1035156E-05 -6.1035156E-05,-0.0011111111 -0.0011111111 -0.0011111111,-0.01 -0.01 -0.01,-1 -1 -1,255
255,11111111,11111111,-6.1035156E-05 -6.1035156E-05 -6.1035156E-05 -6.1035156E-05,-0.0011111111 -0.0011111111 -0.0011111111,-0.01 -0.01 -0.01,-1 -1 -1,255
255,11111111,11111111,-6.1035156E-05 -6.1035156E-05 -6.1035156E-05 -6.1035156E-05,-0.0011111111 -0.0011111111 -0.0011111111,-0.01 -0.01 -0.01,-1 -1 -1,255
255,11111111,11111111,-6.1035156E-05 -6.1035156E-05 -6.1035156E-05 -6.1035156E-05,-0.0011111111 -0.0011111111 -0.0011111111,-0.01 -0.01 -0.01,-1 -1 -1,255
255,11111111,11111111,-6.1035156E-05 -6.1035156E-05 -6.1035156E-05 -6.1035156E-05,-0.0011111111 -0.0011111111 -0.0011111111,-0.01 -0.01 -0.01,-1 -1 -1,255
255,11111111,11111111,-6.1035156E-05 -6.1035156E-05 -6.1035156E-05 -6.1035156E-05,-0.0011111111 -0.0011111111 -0.0011111111,-0.01 -0.01 -0.01,-1 -1 -1,255
255,11111111,11111111,-6.1035156E-05 -6.1035156E-05 -6.1035156E-05 -6.1035156E-05,-0.0011111111 -0.0011111111 -0.0011111111,-0.01 -0.01 -0.01,-1 -1 -1,255
255,11111111,11111111,-6.1035156E-05 -6.1035156E-05 -6.1035156E-05 -6.1035156E-05,-0.0011111111 -0.0011111111 -0.0011111111,-0.01 -0.01 -0.01,-1 -1 -1,255
255,11111111,11111111,-6.1035156E-05 -6.1035156E-05 -6.1035156E-05 -6.1035156E-05,-0.0011111111 -0.0011111111 -0.0011111111,-0.01 -0.01 -0.01,-1 -1 -1,255
255,11111111,11111111,-6.1035156E-05 -6.1035156E-05 -6.1035156E-05 -6.1035156E-05,-0.0011111111 -0.0011111111 -0.0011111111,-0.01 -0.01 -0.01,-1 -1 -1,255
255,11111111,11111111,-6.1035156E-05 -6.1035156E-05 -6.1035156E-05 -6.1035156E-05,-0.0011111111 -0.0011111111 -0.0011111111,-0.01 -0.01 -0.01,-1 -1 -1,255
255,11111111,11111111,-6.1035156E-05 -6.1035156E-05 -6.1035156E-05 -6.1035156E-05,-0.0011111111 -0.0011111111 -0.0011111111,-0.01 -0.01 -0.01,-1 -1 -1,255
255,11111111,11111111,-6.1035156E-05 -6.1035156E-05 -6.1035156E-05 -6.1035156E-05,-0.0011111111 -0.0011111111 -0.0011111111,-0.01 -0.01 -0.01,-1 -1 -1,255
255,11111111,11111111,-6.1035156E-05 -6.1035156E-05 -6.1035156E-05 -6.1035156E-05,-0.0011111111 -0.0011111111 -0.0011111111,-0.01 -0.01 -0.01,-1 -1 -1,255
255,11111111,11111111,-6.1035156E-05 -6.1035156E-05 -6.1035156E-05 -6.1035156E-05,-0.0011111111 -0.0011111111 -0.0011111111,-0.01 -0.01 -0.01,-1 -1 -1,255
255,11111111,11111111,-6.1035156E-05 -6.1035156E-05 -6.1035156E-05 -6.1035156E-05,-0.0011111111 -0.0011111111 -0.0011111111,-0.01 -0.01 -0.01,-1 -1 -1,255
255,11111111,11111111,-6.1035156E-05 -6.1035156E-05 -6.1035156E-05 -6.1035156E-05,-0.0011111111 -0.0011111111 -0.0011111111,-0.01 -0.01 -0.01,-1 -1 -1,255
255,11111111,11111111,-6.1035156E-05 -6.1035156E-05 -6.1035156E-05 -6.1035156E-05,-0.0011111111 -0.0011111111 -0.0011111111,-0.01 -0.01 -0.01,-1 -1 -1,255
255,11111111,11111111,-6.1035156E-05 -6.1035156E-05 -6.1035156E-05 -6.1035156E-05,-0.0011111111 -0.0011111111 -0.0011111111,-0.01 -0.01 -0.01,-1 -1 -1,255
255,11111111,11111111,-6.1035156E-05 -6.1035156E-05 -6.1035156E-05 -6.1035156E-05,-0.0011111111 -0.0011111111 -0.0011111111,-0.01 -0.01 -0.01,-1 -1 -1,255
255,11111111,11111111,-6.1035156E-05 -6.1035156E-05 -6.1035156E-05 -6.1035156E-05,-0.0011111111 -0.0011111111 -0.0011111111,-0.01 -0.01 -0.01,-1 -1 -1,255
255,11111111,11111111,-6.1035156E-05 -6.1035156E-05 -6.1035156E-05 -6.1035156E-05,-0.0011111111 -0.0011111111 -0.0011111111,-0.01 -0.01 -0.01,-1 -1 -1,255
255,11111111,11111111,-6.1035156E-05 -6.1035156E-05 -6.1035156E-05 -6.1035156E-05,-0.0011111111 -0.0011111111 -0.0011111111,-0.01 -0.01 -0.01,-1 -1 -1,255
255,11111111,11111111,-6.1035156E-05 -6.1035156E-05 -6.1035156E-05 -6.1035156E-05,-0.0011111111 -0.0011111111 -0.0011111111,-0.01 -0.01 -0.01,-1 -1 -1,255
255,11111111,11111111,-6.1035156E-05 -6.1035156E-05 -6.1035156E-05 -6.1035156E-05,-0.0011111111 -0.0011111111 -0.0011111111,-0.01 -0.01 -0.01,-1 -1 -1,255
255,11111111,11111111,-6.1035156E-05 -6.1035156E-05 -6.1035156E-05 -6.1035156E-05,-0.0011111111 -0.0011111111 -0.0011111111,-0.01 -0.01 -0.01,-1 -1 -1,255
255,11111111,11111111,-6.1035156E-05 -6.1035156E-05 -6.1035156E-05 -6.1035156E-05,-0.0011111111 -0.0011111111 -0.0011111111,-0.01 -0.01 -0.01,-1 -1 -1,255
255,11111111,11111111,-6.1035156E-05 -6.1035156E-05 -6.1035156E-05 -6.1035156E-05,-0.0011111111 -0.0011111111 -0.0011111111,-0.01 -0.01 -0.01,-1 -1 -1,255
255,11111111,11111111,-6.1035156E-05 -6.1035156E-05 -6.1035156E-05 -6.1035156E-05,-0.0011111111 -0.0011111111 -0.0011111111,-0.01 -0.01 -0.01,-1 -1 -1,255
255,11111111,11111111,-6.1035156E-05 -6.1035156E-05 -6.1035156E-05 -6.1035156E-05,-0.0011111111 -0.0011111111 -0.0011111111,-0.01 -0.01 -0.01,-1 -1 -1,255
255,11111111,11111111,-6.1035156E-05 -6.1035156E-05 -6.1035156E-05 -6.1035156E-05,-0.0011111111 -0.0011111111 -0.0011111111,-0.01 -0.01 -0.01,-1 -1 -1,255
255,11111111,11111111,-6.1035156E-05 -6.1035156E-05 -6.1035156E-05 -6.1035156E-05,-0.0011111111 -0.0011111111 -0.0011111111,-0.01 -0.01 -0.01,-1 -1 -1,255
255,11111111,11111111,-6.1035156E-05 -6.1035156E-05 -6.1035156E-05 -6.1035156E-05,-0.0011111111 -0.0011111111 -0.0011111111,-0.01 -0.01 -0.01,-1 -1 -1,255
255,11111111,11111111,-6.1035156E-05 -6.1035156E-05 -6.1035156E-05 -6.1035156E-05,-0.0011111111 -0.0011111111 -0.0011111111,-0.01 -0.01 -0.01,-1 -1 -1,255
255,11111111,11111111,-6.1035156E-05 -6.1035156E-05 -6.1035156E-05 -6.1035156E-05,-0.0011111111 -0.0011111111 -0.0011111111,-0.01 -0.01 -0.01,-1 -1 -1,255
255,11111111,11111111,-6.1035156E-05 -6.1035156E-05 -6.1035156E-05 -6.1035156E-05,-0.0011111111 -0.0011111111 -0.0011111111,-0.01 -0.01 -0.01,-1 -1 -1,255
255,11111111,11111111,-6.1035156E-05 -6.1035156E-05 -6.1035156E-05 -6.1035156E-05,-0.0011111111 -0.0011111111 -0.0011111111,-0.01 -0.01 -0.01,-1 -1 -1,255
255,11111111,11111111,-6.1035156E-05 -6.1035156E-05 -6.1035156E-05 -6.1035156E-05,-0.0011111111 -0.0011111111 -0.0011111111,-0.01 -0.01 -0.01,-1 -1 -1,255
255,11111111,11111111,-6.1035156E-05 -6.1035156E-05 -6.1035156E-05 -6.1035156E-05,-0.0011111111 -0.0011111111 -0.0011111111,-0.01 -0.01 -0.01,-1 -1 -1,255
255,11111111,11111111,-6.1035156E-05 -6.1035156E-05 -6.1035156E-05 -6.1035156E-05,-0.0011111111 -0.0011111111 -0.0011111111,-0.01 -0.01 -0.01,-1 -1 -1,255
255,11111111,11111111,-6.1035156E-05 -6.1035156E-05 -6.1035156E-05 -6.1035156E-05,-0.0011111111 -0.0011111111 -0.0011111111,-0.01 -0.01 -0.01,-1 -1 -1,255
255,11111111,11111111,-6.1035156E-05 -6.1035156E-05 -6.1035156E-05 -6.1035156E-05,-0.0011111111 -0.0011111111 -0.0011111111,-0.01 -0.01 -0.01,-1 -1 -1,255
255,11111111,11111111,-6.1035156E-05 -6.1035156E-05 -6.1035156E-05 -6.1035156E-05,-0.0011111111 -0.0011111111 -0.0011111111,-0.01 -0.01 -0.01,-1 -1 -1,255
255,11111111,11111111,-6.1035156E-05 -6.1035156E-05 -6.1035156E-05 -6.1035156E-05,-0.0011111111 -0.0011111111 -0.0011111111,-0.01 -0.01 -0.01,-1 -1 -1,255
255,11111111,11111111,-6.1035156E-05 -6.1035156E-05 -6.1035156E-05 -6.1035156E-05,-0.0011111111 -0.0011111111 -0.0011111111,-0.01 -0.01 -0.01,-1 -1 -1,255
255,11111111,11111111,-6.1035156E-05 -6.1035156E-05 -6.1035156E-05 -6.1035156E-05,-0.0011111111 -0.0011111111 -0.0011111111,-0.01 -0.01 -0.01,-1 -1 -1,255
255,11111111,11111111,-6.1035156E-05 -6.1035156E-05 -6.1035156E-05 -6.1035156E-05,-0.0011111111 -0.0011111111 -0.0011111111,-0.01 -0.01 -0.01,-1 -1 -1,255
255,11111111,11111111,-6.1035156E-05 -6.1035156E-05 -6.1035156E-05 -6.1035156E-05,-0.0011111111 -0.0011111111 -0.0011111111,-0.01 -0.01 -0.01,-1 -1 -1,255
255,11111111,11111111,-6.1035156E-05 -6.1035156E-05 -6.1035156E-05 -6.1035156E-05,-0.0011111111 -0.0011111111 -0.0011111111,-0.01 -0.01 -0.01,-1 -1 -1,255
255,11111111,11111111,-6.1035156E-05 -6.1035156E-05 -6.1035156E-05 -6.1035156E-05,-0.0011111111 -0.0011111111 -0.0011111111,-0.01 -0.01 -0.01,-1 -1 -1,255
255,11111111,11111111,-6.1035156E-05 -6.1035156E-05 -6.1035156E-05 -6.1035156E-05,-0.0011111111 -0.0011111111 -0.0011111111,-0.01 -0.01 -0.01,-1 -1 -1,255
255,11111111,11111111,-6.1035156E-05 -6.1035156E-05 -6.1035156E-05 -6.1035156E-05,-0.0011111111 -0.0011111111 -0.0011111111,-0.01 -0.01 -0.01,-1 -1 -1,255
255,11111111,11111111,-6.1035156E-05 -6.1035156E-05 -6.1035156E-05 -6.1035156E-05,-0.0011111111 -0.0011111111 -0.0011111111,-0.01 -0.01 -0.01,-1 -1 -1,255
255,11111111,11111111,-6.1035156E-05 -6.1035156E-05 -6.1035156E-05 -6.1035156E-05,-0.0011111111 -0.0011111111 -0.0011111111,-0.01 -0.01 -0.01,-1 -1 -1,255
255,11111111,11111111,-6.1035156E-05 -6.1035156E-05 -6.1035156E-05 -6.1035156E-05,-0.0011111111 -0.0011111111 -0.0011111111,-0.01 -0.01 -0.01,-1 -1 -1,255
255,11111111,11111111,-6.1035156E-05 -6.1035156E-05 -6.1035156E-05 -6.1035156E-05,-0.0011111111 -0.0011111111 -0.0011111111,-0.01 -0.01 -0.01,-1 -1 -1,255
255,11111111,11111111,-6.1035156E-05 -6.1035156E-05 -6.1035156E-05 -6.1035156E-05,-0.0011111111 -0.0011111111 -0.0011111111,-0.01 -0.01 -0.01,-1 -1 -1,255
255,11111111,11111111,-6.1035156E-05 -6.1035156E-05 -6.1035156E-05 -6.1035156E-05,-0.0011111111 -0.0011111111 -0.0011111111,-0.01 -0.01 -0.01,-1 -1 -1,255
255,11111111,11111111,-6.1035156E-05 -6.1035156E-05 -6.1035156E-05 -6.1035156E-05,-0.0011111111 -0.0011111111 -0.0011111111,-0.01 -0.01 -0.01,-1 -1 -1,255
255,11111111,11111111,-6.1035156E-05 -6.1035156E-05 -6.1035156E-05 -6.1035156E-05,-0.0011111111 -0.0011111111 -0.0011111111,-0.01 -0.01 -0.01,-1 -1 -1,255
255,11111111,11111111,-6.1035156E-05 -6.1035156E-05 -6.1035156E-05 -6.1035156E-05,-0.0011111111 -0.0011111111 -0.0011111111,-0.01 -0.01 -0.01,-1 -1 -1,255
255,11111111,11111111,-6.1035156E-05 -6.1035156E-05 -6.1035156E-05 -6.1035156E-05,-0.0011111111 -0.0011111111 -0.0011111111,-0.01 -0.01 -0.01,-1 -1 -1,255
255,11111111,11111111,-6.1035156E-05 -6.1035156E-05 -6.1035156E-05 -6.1035156E-05,-0.0011111111 -0.0011111111 -0.0011111111,-0.01 -0.01 -0.01,-1 -1 -1,255
255,11111111,11111111,-6.1035156E-05 -6.1035156E-05 -6.1035156E-05 -6.1035156E-05,-0.0011111111 -0.0011111111 -0.0011111111,-0.01 -0.01 -0.01,-1 -1 -1,255
255,11111111,11111111,-6.1035156E-05 -6.1035156E-05 -6.1035156E-05 -6.1035156E-05,-0.0011111111 -0.0011111111 -0.0011111111,-0.01 -0.01 -0.01,-1 -1 -1,255
255,11111111,11111111,-6.1035156E-05 -6.1035156E-05 -6.1035156E-05 -6.1035156E-05,-0.0011111111 -0.0011111111 -0.0011111111,-0.01 -0.01 -0.01,-1 -1 -1,255
