index,flag1,flag2,ori,avel,acce,mp,temp ( Big-Endian )
0,01100001,00000000,0.052612305 0.7260132 -0.68377686 -0.0501709,-1.1377778 0.9122222 0.99777776,0.05 -0.98 9.86,0 0 0,20
1,01100001,00000000,0.03289795 0.6880493 -0.72198486 -0.06530762,0.9177778 -1.1911111 0.84444445,0.67 -1.63 9.49,0 0 0,20
2,01100001,00000000,0.06341553 0.6448364 -0.76031494 -0.046203613,-0.2888889 0.94777775 1.1155555,-1 -2.4 10.33,0 0 0,20
3,01100001,00000000,0.054382324 0.59832764 -0.7988281 -0.029907227,0.05 0.5144445 1.11,0.93 -1.05 9.36,0 0 0,20
4,01100001,00000000,0.042114258 0.54956055 -0.8342285 -0.016296387,0.31555554 -0.89666665 1.0144445,0.25 -1.11 9.4,0 0 0,20
5,01100001,00000000,0.05645752 0.49395752 -0.8673706 -0.020874023,-0.32777777 0.31 1.0388889,-0.48 -1.64 9.41,0 0 0,20
6,01100001,00000000,0.06201172 0.44659424 -0.89245605 -0.01586914,-0.016666668 0.32333332 0.9011111,0.08 -1.31 9.77,0 0 0,20
7,01100001,00000000,0.052124023 0.40625 -0.9121094 -0.01727295,0.28777778 -0.47666666 0.69222224,0.06 -1.63 9.68,0 0 0,20
8,01100001,00000000,0.032043457 0.37438965 -0.9265747 -0.018188477,-0.31777778 -0.11333334 0.5322222,0.31 -0.93 10.34,0 0 0,20
9,01100001,00000000,0.045837402 0.35632324 -0.9324341 -0.03918457,0.13777778 0.45444444 0.107777774,0.76 -2.2 9.51,0 0 0,20
10,01100001,00000000,0.03491211 0.37078857 -0.9279785 -0.013549805,0.23 0.08444444 -0.40666667,0.45 -1.06 9.79,0 0 0,20
11,01100001,00000000,0.06591797 0.39746094 -0.9151001 -0.016296387,0.112222224 -0.34888887 -0.67333335,-1.54 -2.14 9.86,0 0 0,20
12,01100001,00000000,0.03503418 0.43267822 -0.9003296 -0.031188965,-0.56222224 -0.29555556 -0.61444443,0.01 -1.06 9.99,0 0 0,20
13,01100001,00000000,0.030578613 0.4590454 -0.8867798 -0.04473877,-0.026666667 0.10222222 -0.40222222,0.29 -1.45 9.28,0 0 0,20
14,01100001,00000000,0.039123535 0.47088623 -0.88079834 -0.03137207,0.27 0.37333333 -0.026666667,0.1 -1.21 9.58,0 0 0,20
15,01100001,00000000,0.053649902 0.45758057 -0.8870239 -0.030395508,-0.17888889 0.055555556 0.43666667,-0.25 -1.36 9.48,0 0 0,20
16,01100001,00000000,0.05432129 0.42199707 -0.90393066 -0.042907715,-0.26222223 -0.35444444 0.7888889,0 -1.48 9.67,0 0 0,20
17,01100001,00000000,0.036621094 0.3814087 -0.9224243 -0.048339844,0.18777777 -0.3011111 0.7088889,0.01 -1.57 9.86,0 0 0,20
18,01100001,00000000,0.021118164 0.34942627 -0.9359741 -0.037597656,0.29444444 0.10333333 0.43888888,0.45 -1.29 9.62,0 0 0,20
19,01100001,00000000,0.036071777 0.33966064 -0.93927 -0.03314209,-0.11777778 0.17444444 0.022222223,-0.09 -1.25 9.4,0 0 0,20
20,01100001,00000000,0.031799316 0.35327148 -0.93359375 -0.05078125,-0.21222222 -0.26222223 -0.46,0.19 -1.45 9.79,0 0 0,20
21,01100001,00000000,0.03265381 0.3866577 -0.9194946 -0.06274414,-0.06666667 0.21777777 -0.76555556,0.05 -1.6 9.78,0 0 0,20
22,01100001,00000000,0.034484863 0.4350586 -0.8982544 -0.051330566,0.2988889 0.15666667 -0.8688889,0.1 -1.35 9.55,0 0 0,20
23,01100001,00000000,0.027526855 0.4776001 -0.87713623 -0.041870117,0.06666667 -0.026666667 -0.74777776,0 -0.96 9.53,0 0 0,20
24,01100001,00000000,0.024719238 0.50561523 -0.8605957 -0.05596924,-0.2777778 -0.12777779 -0.40444446,0.12 -1.26 9.53,0 0 0,20
25,01100001,00000000,0.015808105 0.5145874 -0.854126 -0.07122803,-0.03888889 32.71 -17.921112,0.12 -1.53 9.74,0 0 0,20
26,01100001,00000000,0.029418945 0.506958 -0.85931396 -0.061279297,0.19666667 0.23444444 0.27555555,0 -1.41 9.61,0 0 0,20
27,01100001,00000000,0.03253174 0.48791504 -0.8709717 -0.047912598,0.12666667 0.06333333 0.46,-0.05 -1.25 9.52,0 0 0,20
28,01100001,00000000,0.032470703 0.46191406 -0.88482666 -0.051757812,-0.17777778 -0.17666666 0.5411111,-0.18 -1.21 9.76,0 0 0,20
29,01100001,00000000,0.030639648 0.4333496 -0.8981323 -0.068115234,-0.08444444 -0.075555556 0.53333336,0.27 -1.59 9.99,0 0 0,20
30,01100001,00000000,0.025756836 0.4102173 -0.90960693 -0.060180664,0.31111112 -0.0033333334 0.3188889,0.01 -1.52 9.69,0 0 0,20
31,01100001,00000000,0.020690918 0.4017334 -0.91430664 -0.047302246,0.0033333334 0.107777774 0.06111111,0.13 -1.21 9.53,0 0 0,20
32,01100001,00000000,0.029418945 0.4053955 -0.9121704 -0.05255127,-0.24333334 0.112222224 -0.15,0.07 -1.32 9.74,0 0 0,20
33,01100001,00000000,0.034301758 0.41479492 -0.90704346 -0.06390381,-0.16444445 -0.05 -0.19222222,0.01 -1.42 9.74,0 0 0,20
34,01100001,00000000,0.030639648 0.42321777 -0.9030762 -0.066223145,0.10333333 -0.04 -0.11444444,-58.93 -0.01 -0.01,0 0 0,20
35,01100001,00000000,0.025024414 0.42645264 -0.90234375 -0.057922363,0.13444445 0.06666667 -0.025555555,0 -1.32 9.68,0 0 0,20
36,01100001,00000000,0.025390625 0.42590332 -0.902771 -0.05444336,-0.055555556 0.057777777 0.045555554,0.06 -1.29 9.61,0 0 0,20
37,01100001,00000000,0.029785156 0.42303467 -0.9036865 -0.059814453,-0.11333334 -0.031111112 0.052222222,0.01 -1.38 9.75,0 0 0,20
38,01100001,00000000,0.028076172 0.42053223 -0.90460205 -0.0637207,0.0011111111 -0.072222225 0.025555555,0.02 -1.4 9.68,0 0 0,20
39,01100001,00000000,0.02532959 0.4202881 -0.90496826 -0.061340332,0.094444446 -0.0033333334 -0.015555556,0.07 -1.35 9.63,0 0 0,20
40,01100001,00000001,0.99993896 0 0 0,0.033333335 0.07777778 -0.04777778,0 -1.32 9.74,0 0 0,20
41,01100001,00000000,0.99993896 -0.0026245117 -0.0006713867 -0.0038452148,-0.083333336 -0.01 -0.06666667,0.12 -1.3 9.71,0 0 0,21
42,01100001,00000000,0.9844971 -0.006591797 -0.0017089844 -0.006591797,-0.032222223 -0.04777778 -17.067778,0.04 -1.36 9.6,0 0 0,21
43,01100001,00000000,0.99993896 -0.0061035156 -0.0018310547 -0.0056152344,0.06555556 0.01 0.043333333,0 -1.4 9.63,0 0 0,21
44,01100001,00000000,1 -0.0014038086 -0.0018310547 -0.0018920898,0.07 -0.006666667 0.06111111,0.01 -1.34 9.73,0 0 0,21
45,01100001,00000000,1 -0.002746582 -0.002746582 -0.00012207031,-0.06888889 -0.036666665 -0.0022222223,0.03 -1.35 9.69,0 0 0,21
46,01100001,00000000,0.99993896 -0.0059814453 -0.00579834 -0.0021972656,-0.027777778 -0.018888889 -0.054444443,0.11 -1.39 9.57,0 0 0,21
47,01100001,00000000,0.99993896 -0.0049438477 -0.0014038086 -0.0048217773,0.046666667 0.10222222 -0.031111112,0.02 -1.35 9.69,0 0 0,21
48,01100001,00000000,0.99993896 -0.0018920898 -0.0010986328 -0.005126953,0.045555554 -0.07444444 0.013333334,0.07 -1.37 9.7,0 0 0,21
49,01100001,00000000,0.99993896 -0.0029296875 -0.002319336 -0.002319336,-0.045555554 -0.0055555557 0.06111111,0.06 -1.32 9.62,0 0 0,21
50,01110011,00000000,0.99993896 -0.0037231445 -0.0028076172 -0.0012207031,-0.03888889 -0.031111112 0.055555556,0 -1.41 9.63,0 0 0,20
51,01110011,00000000,0.99993896 -0.0040283203 -0.0037231445 -0.0006713867,-0.023333333 -0.06666667 0.043333333,0 -1.36 -0.01,5 4 5,20
52,01110011,00000000,0.9992676 0.0072021484 -0.016357422 -0.0345459,0.67333335 -0.7033333 -2.5533333,-0.77 -4.4 10.65,9 8 9,20
53,01110011,00000000,0.99212646 0.034729004 -0.050109863 -0.108947754,2.0722222 -2.4844444 -5.3355556,1.72 0.76 9.33,11 10 12,20
54,01110011,00000000,0.98327637 0.038024902 -0.06365967 -0.16589355,-0.2488889 -1.48 -6.04,2.89 3.24 7.86,9 7 13,20
55,01110011,00000000,0.9567871 0.0115356445 -0.068237305 -0.28222656,-2.028889 -0.69555557 -6.247778,2.62 -0.01 8.95,13 7 14,20
56,01110011,00000000,0.92858887 -0.0025024414 -0.062927246 -0.36566162,-1.4733334 -0.10666667 -6.0866666,2.23 -3.86 10.04,21 8 14,20
57,01110011,00000000,0.8942871 -0.0043945312 -0.05822754 -0.44354248,-0.56666666 0.14777778 -5.9666667,1.4 -2.79 9.92,28 11 14,20
58,01110011,00000000,0.85565186 -0.013427734 -0.05596924 -0.5142212,-0.90444446 -0.31111112 -5.6744447,0.3 -1.09 9.95,33 14 14,20
59,01110011,00000000,0.8126221 -0.031311035 -0.0569458 -0.57214355,-1.3011111 -0.86 -4.8144445,0.45 -1.34 9.24,38 16 14,20
60,01110011,00000000,0.78533936 -0.043762207 -0.055786133 -0.61486816,-1.0322223 -0.39 -3.6533334,1.47 -2.34 9.66,44 17 14,20
61,01110011,00000000,0.7590332 -0.049438477 -0.04815674 -0.64733887,-0.87666667 0.15666667 -2.8944445,1.8 -1.37 9.54,50 19 14,20
62,01110011,00000000,0.7379761 -0.055786133 -0.036621094 -0.67144775,-0.9711111 0.29444444 -2.14,1.35 -1.2 9.51,55 22 14,20
63,01110011,00000000,0.72442627 -0.06335449 -0.024169922 -0.6859131,-1.0711111 0.36888888 -1.3777778,-0.6 -1.55 9.83,60 25 14,20
64,01110011,00000000,0.7178345 -0.06866455 -0.01184082 -0.692688,-0.9822222 0.35555556 -0.5566667,1.39 -1.84 9.86,65 29 15,20
65,01110011,00000000,0.7172241 -0.06896973 0.0022583008 -0.69329834,-0.62666667 0.6611111 0.027777778,0.29 -2.22 10.31,70 33 16,20
66,01110011,00000000,0.71990967 -0.06298828 0.016967773 -0.69085693,-0.43222222 1.0988889 0.31444445,1.36 -1.27 9.05,74 37 17,20
67,01110011,00000000,0.7236328 -0.051879883 0.030700684 -0.6875,-0.13444445 1.1666666 0.41111112,-0.84 -1.9 9.85,77 43 18,20
68,01110011,00000000,0.7263794 -0.037963867 0.040649414 -0.6848755,0.29666665 1.1711111 0.38666666,-1.09 -1.98 304.56,72 17 19,20
69,01110011,00000000,0.72766113 -0.022338867 0.04534912 -0.68395996,0.5277778 1.0377778 0.12666667,0.44 -1.7 9.32,80 55 20,20
70,01110011,00000000,0.7268677 -0.006591797 0.04736328 -0.68499756,0.7033333 0.7866667 -0.028888889,-1.29 -1.59 9.8,80 60 21,20
71,01110011,00000000,0.7250366 0.0059814453 0.045410156 -0.6871338,0.8055556 0.5588889 -0.15666667,-0.89 -1.19 9.58,79 64 22,20
72,01110011,00000000,0.723938 0.015808105 0.03930664 -0.68847656,0.7322222 0.19777778 -0.15444444,0.21 -1.26 9.3,78 68 23,20
73,01110011,00000000,0.72454834 0.022033691 0.031066895 -0.68811035,0.75666666 -0.16666667 0.15222222,-1.31 -1.38 9.87,77 70 24,20
74,01110011,00000000,0.72888184 0.02520752 0.020446777 -0.68377686,0.6488889 -0.32333332 0.41,0.3 -0.83 9.01,75 71 25,20
75,01110011,00000000,0.73779297 0.02520752 0.008972168 -0.67437744,0.49222222 -0.6611111 0.94,-0.12 -0.51 9.26,74 72 26,20
76,01110011,00000000,0.75231934 0.004699707 0.0049438477 -0.012756348,0.48444444 -0.70444447 1.5144445,0.32 -1.51 10.25,73 72 27,20
77,01110011,00000000,0.7719116 0.019897461 -0.013793945 -0.6352539,0.29444444 -0.6611111 2.1322222,-0.53 -0.45 9.64,72 71 28,20
78,01110011,00000000,0.7953491 0.015686035 -0.02166748 -0.6054077,0.13777778 -0.58555555 2.6788888,0.4 -0.66 9.63,72 70 30,20
79,01110011,00000000,0.8218384 0.0115356445 -0.025512695 -0.5689087,-0.015555556 -0.28 3.238889,-0.75 -0.56 9.36,72 69 32,20
80,01110011,00000000,0.8496704 0.009155273 -0.024353027 -0.5266113,-0.19333333 0.032222223 3.5055556,0.41 -0.48 9.11,73 69 34,20
81,01110011,00000000,0.87646484 0.008605957 -0.018310547 -0.480896,-0.11 0.39555556 3.7366667,0.16 -0.35 8.86,74 70 36,20
82,01110011,00000000,0.90093994 0.010375977 -0.008972168 -0.43359375,-0.22222222 0.7677778 3.7455556,-0.2 -1.47 9.83,75 72 39,20
83,01110011,00000000,0.9217529 0.014160156 0.0026245117 -0.38739014,-0.1 0.8466667 3.5377777,0.34 -0.92 9.58,76 75 42,21
84,01110011,00000000,0.9383545 0.018859863 0.014770508 -0.3447876,-0.01 0.96444446 3.238889,0.57 -1.22 9.72,77 78 45,21
85,01110011,00000000,0.95129395 0.024475098 0.024780273 -0.30615234,0.014444444 0.86 2.7655556,-0.71 -0.79 9.32,109 133 -1281,21
86,01110011,00000000,0.9610596 0.030151367 0.032836914 -0.27246094,0.18666667 0.67 2.491111,-1.36 -1.13 10,77 84 49,21
87,01110011,00000000,0.9684448 0.034484863 0.03729248 -0.24377441,0.10666667 0.48555556 2.0988889,-0.52 -0.45 9.1,77 86 51,21
88,01110011,00000000,0.9746094 0.036621094 0.03753662 -0.21759033,0.016666668 0.062222224 1.851111,-0.62 -0.95 9.48,77 88 53,21
89,01110011,00000000,0.98010254 0.035705566 0.034118652 -0.19195557,-0.018888889 -0.2188889 1.8544445,-1.26 -0.89 10.11,77 89 55,21
90,01110011,00000000,0.9852295 0.033569336 0.028625488 -0.16522217,-0.19666667 -0.3122222 1.9033333,0.02 -0.31 9.27,77 89 57,21
91,01110011,00000000,0.9898071 0.029663086 0.021240234 -0.13763428,-0.24 -0.5477778 1.9855555,-0.32 -0.66 9.61,77 89 59,21
92,01110011,00000000,0.99383545 0.023620605 0.012145996 -0.10748291,-0.38222224 -0.57 2.1455555,0.88 -0.33 9.08,78 88 61,21
93,01110011,00000000,0.99609375 0.01928711 0.0052490234 -0.010803223,-0.43333334 -0.5733333 2.33,-0.91 -0.89 9.59,79 87 63,21
94,01110011,00000000,0.9990845 0.011413574 -0.0015258789 -0.04058838,-0.34555554 -0.40444446 2.42,-1 -1.13 9.93,80 86 65,21
95,01110011,00000000,0.99975586 0.007385254 -0.0044555664 -0.017456055,-0.44555557 -0.29222223 2.4122221,-1.24 -0.87 9.78,81 85 67,21
96,01110011,00000000,0.9998169 0.0025024414 -0.0068359375 0.015930176,-0.26444444 -0.08444444 2.31,-0.42 -0.89 9.52,83 85 69,21
97,01110011,00000000,0.99890137 -0.0006713867 -0.006225586 0.045837402,-0.20333333 0.11444444 1.9622222,1.15 -1.29 9.46,84 85 71,21
98,01110011,00000000,0.99694824 -0.0021362305 -0.0036010742 0.07714844,-0.011111111 0.18666667 1.5866667,0.81 -1.8 10,85 85 73,21
99,01110011,00000000,0.99572754 -0.0007324219 -0.002319336 0.09210205,0.10666667 0.028888889 1.07,0.05 -2.02 10.31,85 86 75,21
100,01110011,00000000,0.9949951 0.0015869141 -0.0015258789 0.099365234,0.15888889 0.07333333 0.5288889,-0.12 -1.06 9.3,85 86 77,21
101,01110011,00000000,0.9949341 0.003540039 -0.0006713867 0.09967041,0.16777778 0 0.05666667,0.79 -1.53 10.05,85 86 78,21
102,01110011,00000000,0.99554443 0.004272461 -0.00061035156 0.09411621,0.0022222223 -0.014444444 -0.42555556,0.28 -1.84 10.44,85 89 255,21
103,01110011,00000000,0.996521 0.0036010742 -0.0017089844 0.08325195,-0.04888889 -0.035555556 -0.8111111,-0.33 -1.86 10.53,85 86 80,21
104,01110011,00000000,0.9975586 0.0016479492 -0.0036010742 0.0692749,-0.09777778 -0.13777778 -1.0011111,-0.32 -1.72 10.36,85 86 80,21
105,01110011,00000000,0.9984741 -0.00061035156 -0.0071411133 0.05444336,-0.18888889 -0.27333334 -1.0522223,-0.5 -1.45 10.1,85 86 80,21
106,01110011,00000000,0.9990845 -0.0028076172 -0.012084961 0.04046631,-0.2188889 -0.30888888 -0.9911111,-0.11 -1.14 9.71,86 85 80,21
107,01110011,00000000,0.99938965 -0.0051879883 -0.017150879 0.028503418,-0.17777778 -0.30444443 -0.81666666,0.45 -1.77 9.83,87 85 80,21
108,01110011,00000000,0.9994507 -0.006591797 -0.019714355 0.021850586,-0.15666667 -0.26777777 -0.68666667,0.6 -1.75 9.97,88 85 80,21
109,01110011,00000000,0.99957275 -0.008972168 -0.022399902 0.012939453,-0.19555555 -0.14555556 -0.5877778,0.82 -1.63 10.03,88 85 80,21
110,01110011,00000000,0.9996338 -0.011108398 -0.0234375 -0.0107421875,-0.15444444 -0.02111111 -0.5,1.07 -1.77 9.91,89 85 80,21
111,01110011,00000000,0.9996338 -0.012023926 -0.02355957 -0.0018920898,-0.04111111 0.03888889 -0.48444444,-0.46 -1.4 9.22,89 85 80,21
112,01110011,00000000,0.99957275 -0.012268066 -0.022949219 -0.009765625,-0.011111111 0.05666667 -0.5411111,-0.38 -1.33 9.23,89 85 80,21
113,01110011,00000000,0.9995117 -0.012451172 -0.021240234 -0.018737793,-0.053333335 0.12444445 -0.6577778,0.19 -1.28 9.25,89 85 80,21
114,01110011,00000000,0.9993286 -0.012512207 -0.018432617 -0.028747559,-0.046666667 0.23222223 -0.7366667,-0.03 -1.64 9.88,89 86 80,21
115,01110011,00000000,0.9989624 -0.012634277 -0.015075684 -0.039978027,-0.018888889 0.26222223 -0.8,-0.75 -1.74 9.84,89 87 80,21
116,01110011,00000000,0.9984131 -0.013122559 -0.011657715 -0.052490234,-0.04111111 0.23333333 -0.8566667,-1.17 -1.6 9.83,89 87 80,21
117,01110011,00000000,0.9976196 -0.013916016 -0.007873535 -0.06585693,-0.101111114 0.23111111 -0.9488889,-1.23 -1.53 9.74,89 87 80,21
118,01110011,00000000,0.99664307 -0.014709473 -0.004760742 -0.079956055,-0.10666667 0.20111111 -1.0044445,1.22 -1.76 9.88,90 88 80,21
119,01110011,00000000,0.99505615 -0.0146484375 -0.002746582 -0.09814453,0.013333334 0.13444445 -0.97555554,0.51 -2.05 9.98,91 88 255,21
120,01110011,00000000,0.99365234 -0.014160156 -0.0022583008 -0.111083984,0.07666667 0.027777778 -0.9011111,-0.12 -2.06 10.03,91 88 80,21
121,01110011,00000000,0.9923096 -0.013671875 -0.0025634766 -0.12298584,0.032222223 -0.064444445 -0.82666665,0.74 -0.86 9.11,91 88 80,21
122,01110011,00000000,0.9909668 -0.012817383 -0.0037841797 -0.13311768,0.016666668 -0.07333333 -0.7277778,0.84 -0.88 8.95,91 88 80,21
123,01110011,00000000,0.9902344 -0.012268066 -0.0045166016 -0.13879395,0.07 -0.035555556 -0.5977778,0.62 -0.91 8.91,91 88 80,21
124,01110011,00000000,0.98895264 -0.010864258 -0.0059814453 -0.14770508,0.11333334 -0.055555556 -0.45555556,0.44 -1.22 9.15,91 88 80,21
125,01110011,00000000,0.9881592 -0.009643555 -0.006713867 -0.152771,0.09777778 -0.08444444 -0.37666667,-0.25 -1.32 9.93,91 88 80,21
126,01110011,00000000,0.98760986 -0.008605957 -0.006652832 -0.15600586,0.036666665 0.011111111 -0.23666666,-0.32 -1.12 9.47,91 88 80,21
127,01110011,00000000,0.9873047 -0.0073242188 -0.006286621 -0.15844727,0.08555555 0.06888889 -0.15333334,-0.64 -1.23 9.33,91 88 80,21
128,01110011,00000000,0.9869995 -0.0057373047 -0.0061035156 -0.16009521,0.1388889 0.008888889 -0.09,0.73 -1.57 9.9,91 88 80,21
129,01110011,00000000,0.9869385 -0.003967285 -0.005554199 -0.16070557,0.10333333 0.015555556 -0.064444445,0.71 -1.49 9.61,91 88 80,21
130,01110011,00000000,0.9869385 -0.0021972656 -0.0045166016 -0.16101074,0.07777778 0.094444446 -0.054444443,0.57 -1.34 9.38,91 88 80,21
131,01110011,00000000,0.9869385 -0.0008544922 -0.0036621094 -0.16088867,0.09222222 0.10666667 0,0.65 -1.3 9.35,91 88 80,21
132,01110011,00000000,0.98706055 -0.0005493164 -0.0025024414 -0.16015625,0.053333335 0.064444445 0.10333333,-0.87 -1.03 9.62,91 88 80,21
133,01110011,00000000,0.9873047 -0.0008544922 -0.0014038086 -0.1585083,-0.043333333 0.014444444 0.1388889,-0.96 -0.84 9.1,91 88 80,21
134,01110011,00000000,0.987854 -0.0026245117 -0.00018310547 -0.15496826,-0.18444444 0.06 0.23333333,-0.47 -0.36 8.72,91 88 80,21
135,01110011,00000000,0.98883057 -0.007019043 0.0025024414 -0.14874268,-0.3422222 0.18111111 0.42444444,0.11 -1.79 10.49,91 88 80,21
136,01110011,00000000,0.9899292 -0.0138549805 0.0079956055 -0.14013672,-0.47777778 0.30222222 0.61777776,-0.8 -1.53 10.38,92 89 80,21
137,01110011,00000000,0.991272 -0.024353027 0.014953613 -0.12799072,-0.7877778 0.31444445 0.8666667,-1.3 -1.02 10.22,93 90 80,21
138,01110011,00000000,0.99261475 -0.04034424 0.026062012 -0.11071777,-1.2477778 0.56 1.2344445,-0.22 -0.47 10.52,95 91 80,21
139,01110011,00000000,0.9928589 -0.06286621 0.048461914 -0.08850098,-1.8144444 1.3633333 1.6022222,1.64 -0.45 10.11,98 93 81,21
140,01110011,00000000,0.99072266 -0.08795166 0.08123779 -0.064453125,-2.0511112 2.0566666 1.77,0.77 -1.15 10.57,103 97 82,21
141,01110011,00000000,0.9864502 -0.107788086 0.11529541 -0.043884277,-1.7 2.1644444 1.5144445,-0.54 -2.68 11.8,109 103 83,21
142,01110011,00000000,0.9822998 -0.116882324 0.14263916 -0.031311035,-0.89666665 1.8155556 0.97,-1 -3.03 11.94,114 110 84,21
143,01110011,00000000,0.97998047 -0.113220215 0.16052246 -0.031188965,0.17444444 1.32 0.19,-0.28 -3.17 12.06,117 116 85,21
144,01110011,00000000,0.980896 -0.094055176 0.16265869 -0.048828125,1.5388889 0.35 -0.95555556,-0.43 -4.27 13.36,117 121 85,21
145,01110011,00000000,0.9833374 -0.057373047 0.14788818 -0.088378906,3.0744445 -0.6711111 -2.3688889,-287.19 -4.8 12.44,114 123 85,21
146,01110011,00000000,0.98150635 -0.0015869141 0.11199951 -0.15490723,4.752222 -1.9022223 -4.1633334,-1.96 -5.15 12.64,107 123 84,21
147,01110011,00000000,0.963562 0.066345215 0.066589355 -0.25024414,5.9711113 -2.33 -6.287778,0.95 -3.65 11.28,95 119 82,21
148,01110011,00000000,0.9209595 0.12121582 0.042053223 -0.3678589,4.9122224 -1.0655556 -8.3955555,2.04 -1.34 10.91,79 113 79,21
149,01110011,00000000,0.8544922 0.14929199 0.04699707 -0.49517822,2.5966666 0.14555556 -9.987778,1.58 -1.82 10.35,65 110 75,21
150,01110011,00000000,0.7680664 0.15734863 0.07501221 -0.61608887,0.84444445 0.9344444 -10.597777,1.12 -3.62 9.61,57 110 70,21
151,01110011,00000000,0.66955566 0.14971924 0.11450195 -0.71832275,-0.52444446 1.1811111 -10.328889,-0.02 -3.51 8.52,53 113 64,21
152,01110011,00000000,0.56915283 0.12573242 0.14550781 -0.79937744,-1.0388889 0.23777778 -9.52,-1.43 -4.5 8.69,53 117 58,21
153,01110011,00000000,0.46881104 0.091430664 0.15393066 -0.85913086,-0.44333333 26.452223 -5.69,-0.91 -4.24 7.3,55 119 52,21
154,01110011,00000000,0.4017334 0.062316895 0.14105225 -0.9026489,0.79 -1.7088889 -6.3755555,1.11 -4.29 7.14,56 118 47,21
155,01110011,00000000,0.33093262 0.042663574 0.115600586 -0.9355469,1.6944444 -1.3211111 -5.498889,-0.52 -2.68 6.29,54 116 43,21
156,01110011,00000000,0.2612915 0.028381348 0.08459473 -0.9610596,2.16 -1.2255555 -5.1633334,0.28 -3.01 7.55,51 114 39,21
157,01110011,00000000,0.18981934 0.014709473 0.048950195 -0.9804077,2.3833334 -1.1233333 -5.2033334,0.33 -3.45 7.8,47 112 35,21
158,01110011,00000000,0.111572266 0.004333496 0.007385254 -0.9937134,2.84 -1.1133333 -5.5311112,1.54 -3.79 8.51,43 110 31,21
159,01110011,00000000,0.023864746 0.0040893555 -0.03314209 -0.9990845,2.9366667 -0.26222223 -6.1666665,0.85 -1.69 7.84,38 107 27,21
160,01110011,00000000,-0.07080078 0.014831543 -0.060180664 -0.99554443,1.9122223 0.47555557 -6.6866665,0.05 -1.39 9.39,33 105 22,21
161,01110011,00000000,-0.16534424 0.026306152 -0.06945801 -0.98339844,0.7811111 0.46 -6.7366667,-0.65 -1.25 8.52,32 107 28,21
162,01110011,00000000,-0.24963379 0.033081055 -0.066223145 -0.9654541,-0.09555556 0.06888889 -6.113333,-100.57 -2.49 -0.01,34 109 33,21
163,01110011,00000000,-0.3151245 0.038024902 -0.05328369 -0.94677734,-0.74666667 -0.18111111 -4.84,0.68 -1.75 9.63,38 110 38,21
164,01110011,00000000,-0.36010742 0.037597656 -0.035888672 -0.9313965,-0.9388889 -0.51 -3.3533332,0.22 -1.95 9.88,43 110 43,21
165,01110011,00000000,-0.38323975 0.028137207 -0.0178833 -0.92297363,-0.91444445 -1.1 -1.7755556,-0.53 -0.89 9.21,49 109 48,21
166,01110011,00000000,-0.38580322 0.01373291 -0.0015869141 -0.9224243,-0.6 -1.4644444 -0.14666666,-1.26 -1.34 10.08,54 106 53,21
167,01110011,00000000,-0.36999512 0.0037231445 0.0115356445 -0.92889404,-0.60555553 -0.94666666 1.1911111,0.63 -0.39 9.39,58 102 59,21
168,01110011,00000000,-0.3413086 0.0021362305 0.01928711 -0.93969727,-0.51 -0.38444445 2.1633334,-0.45 -0.9 9.72,61 99 65,21
169,01110011,00000000,-0.3093872 0.0048828125 0.01965332 -0.95062256,-0.006666667 0.15777777 2.3977778,0.98 -2.18 10.76,64 97 71,21
170,01110011,00000000,-0.28100586 0.0107421875 0.014282227 -0.960083,0.18666667 0.46 5.403333,0.54 -1.3 9.71,65 97 77,21
171,01110011,00000000,-0.2546997 0.018859863 0.0044555664 -0.9667969,0.5511111 0.7022222 1.7822223,0.01 -1.95 10.08,66 97 83,21
172,01110011,00000000,-0.24029541 0.027954102 -0.009399414 -0.9701538,0.71444446 0.8711111 1.0633334,-0.37 -1.63 9.86,66 98 89,21
173,01110011,00000000,-0.23901367 0.034240723 -0.022949219 -0.9700928,0.86 0.6944444 0.052222222,-1.64 -1.1 9.74,66 100 94,21
174,01110011,00000000,-0.24786377 0.033935547 -0.031982422 -0.96765137,0.67333335 0.11 -0.6077778,-1.31 -1.21 9.57,66 102 98,21
175,01110011,00000000,-0.2626953 0.026611328 -0.036132812 -0.96380615,0.43222222 -0.49444443 -1.08,-0.61 -0.98 9.52,66 102 102,21
176,01110011,00000000,-0.27716064 0.016174316 -0.03540039 -0.960022,0.1711111 -0.7311111 -1.08,1.01 -1.06 9.75,67 101 105,21
177,01110011,00000000,-0.28729248 0.0052490234 -0.030517578 -0.9572754,-0.12222222 -0.81222224 -0.7266667,1.3 -0.42 9.39,68 100 108,21
178,01110011,00000000,-0.28808594 -0.00579834 -0.022338867 -0.9572754,-0.34333333 -0.9022222 -0.044444446,-0.65 -1.27 10.42,70 98 111,21
179,01110011,00000000,-0.27825928 -0.015319824 -0.01184082 -0.9602661,-0.51666665 -0.81777775 0.68777776,1.04 -1.32 -0.01,72 96 114,21
180,01110011,00000000,-0.2592163 -0.020263672 -0.0020141602 -0.9655762,-0.57 -0.4722222 1.41,1.77 -0.78 9.59,74 94 117,21
181,01110011,00000000,-0.2331543 -0.021484375 0.0056762695 -0.97216797,-0.46666667 -0.20444444 1.8922222,-0.25 -0.99 10.12,76 93 121,21
182,01110011,00000000,-0.20111084 -0.022521973 0.012145996 -0.979187,-0.36444443 -0.20333333 2.28,-0.4 -1.01 9.55,77 92 125,21
183,01110011,00000000,-0.16577148 -0.021118164 0.01550293 -0.9857788,-0.16666667 0.027777778 2.5244443,0.54 -0.51 8.57,78 91 129,21
184,01110011,00000000,-0.14227295 -0.016723633 0.01586914 -0.98950195,-0.024444444 0.49555555 2.5277777,1.08 -1.5 10.23,78 91 133,21
185,01110011,00000000,-0.1015625 -0.0028686523 0.014038086 -0.99468994,0.04111111 0.74 2.1022222,-0.26 -1.07 9.53,78 92 137,21
186,01110011,00000000,-0.07861328 0.004333496 0.010864258 -0.99676514,0.17777778 0.4888889 1.6322222,0.05 -1.88 10.12,78 93 141,21
187,01110011,00000000,-0.06237793 0.007873535 0.0059814453 -0.99798584,0.3211111 0.24333334 1.1855556,-0.56 -1.1 9.79,78 94 144,21
188,01110011,00000000,-0.0491333 0.010131836 0.0018920898 -0.9986572,0.25777778 0.18777777 0.89111114,0.67 -0.89 9.35,78 94 147,21
189,01110011,00000000,-0.040527344 0.011230469 0.00091552734 -0.9990845,0.04777778 0.094444446 0.6077778,-0.16 -1.29 9.79,78 94 150,21
190,01110011,00000000,-0.03277588 0.010131836 0.0015869141 -0.9993286,-0.07333333 -0.08 0.5411111,0.32 -0.92 9.03,79 94 152,21
191,01110011,00000000,-0.023620605 0.0068359375 0.0028686523 -0.9996948,-0.093333334 -0.23777778 0.59444445,-0.84 -1.31 10.34,80 94 154,21
192,01110011,00000000,-0.011169434 0.0025634766 0.0036621094 -0.9998779,-0.033333335 -0.3077778 0.8433333,-0.74 -1.39 10.39,81 93 156,21
193,01110011,00000000,0.0032958984 -0.0006713867 0.00390625 -0.99993896,-0.0011111111 -0.2188889 0.9955556,0.25 -1.2 10.04,82 92 158,21
194,01110011,00000000,0.01977539 -0.002319336 0.0038452148 -0.99975586,0 -0.10555556 1.1733333,0.24 -1.54 10.27,82 92 150,21
195,01110011,00000000,0.040405273 -0.0033569336 0.0029296875 -0.9991455,0.062222224 -0.07777778 1.5066667,-0.2 -1.6 10.54,82 92 142,21
196,01110011,00000000,0.06640625 -0.0037231445 0.00091552734 -0.99780273,0.14222223 -0.054444443 1.84,0 -0.56 95.92,66 92 135,21
197,01110011,00000000,0.10070801 -0.0017700195 -0.0021972656 -0.99487305,0.24 0.101111114 2.4333334,-0.24 -0.58 9.2,82 92 128,21
198,01110011,00000000,0.14239502 0.003112793 -0.006225586 -0.9897461,0.3288889 0.31555554 2.9188888,-1.04 -0.71 9.37,82 92 122,21
199,01110011,00000000,0.19042969 0.008666992 -0.009216309 -0.9815674,0.24333334 0.39555556 3.4011111,0.05 -1.3 10.63,82 92 117,21
200,01110011,00000000,0.2442627 0.013549805 -0.011108398 -0.96954346,0.17222223 0.36333334 3.8233333,-0.38 -1.12 10.31,82 93 112,21
201,01110011,00000000,0.28320312 0.016845703 -0.012268066 -0.95880127,0.17 0.40444446 4.3233333,0.78 -0.83 9.9,82 93 108,21
202,01110011,00000000,0.36730957 0.026977539 -0.013305664 -0.9295654,0.15333334 0.63222224 4.7466664,0.13 -1.13 10.38,82 93 105,21
203,01110011,00000000,0.41082764 0.034301758 -0.012817383 -0.9108887,0.14 0.87222224 5.016667,-2.23 -0.34 9.49,81 94 102,21
204,01110011,00000000,0.49517822 0.004760742 0.006225586 -0.010009766,0.12888889 0.8933333 5.0044446,-1.91 -0.79 9.78,80 96 100,21
205,01110011,00000000,0.553833 0.056884766 -0.008850098 -0.8305664,-0.04111111 0.7022222 4.826667,-1.92 -0.13 9.22,79 98 98,21
206,01110011,00000000,0.6105957 0.06304932 -0.0059814453 -0.7893677,-0.14 0.6511111 4.888889,0.6 -0.48 9.42,78 99 96,21
207,01110011,00000000,0.6636963 0.069885254 -0.003112793 -0.7446289,-0.096666664 0.72444445 4.8355556,0.58 -0.2 9.04,78 100 95,21
208,01110011,00000000,0.711853 0.07531738 -0.0008544922 -0.69818115,-0.09555556 0.62777776 4.66,-0.83 0.05 9.22,77 101 94,21
209,01110011,00000000,0.7565918 0.07635498 0.00061035156 -0.649292,-0.2777778 0.36555555 4.652222,-1.76 -0.3 9.67,76 102 93,21
210,01110011,00000000,0.7993164 0.07373047 0.0025634766 -0.5963135,-0.47555557 0.24444444 4.76,-0.01 -0.39 9.09,76 102 92,21
211,01110011,00000000,0.83984375 0.06921387 0.0052490234 -0.5383301,-0.6 0.21555555 4.9366665,-0.36 -0.19 8.91,76 102 92,21
212,01110011,00000000,0.87750244 0.0635376 0.009277344 -0.47521973,-0.7088889 0.29 5.101111,-0.21 -0.8 10.01,77 102 92,21
213,01110011,00000000,0.9112549 0.05670166 0.014221191 -0.40753174,-0.8055556 0.35555556 5.252222,0.21 -0.58 9.47,204 691 1535,21
214,01110011,00000000,0.9310913 0.052368164 0.017578125 -0.3604126,-0.7644445 0.4288889 5.347778,0.36 -0.39 9.03,79 103 93,21
215,01110011,00000000,0.9630127 0.04522705 0.026855469 -0.26409912,-0.74777776 0.5711111 5.3144445,-0.71 0.22 8.79,80 104 94,21
216,01110011,00000000,0.97979736 0.04046631 0.03466797 -0.19262695,-0.69222224 0.6422222 5.116667,-1.78 -0.1 8.95,81 105 95,21
217,01110011,00000000,0.9906006 0.037231445 0.04144287 -0.12451172,-0.52555555 0.5933333 4.791111,0.47 -1.23 9.89,82 106 96,21
218,01110011,00000000,0.99627686 0.035888672 0.045837402 -0.062438965,-0.34444445 0.46333334 4.331111,0.08 -0.52 9.32,83 107 97,21
219,01110011,00000000,0.99816895 0.03479004 0.047851562 -0.0061035156,-0.2888889 0.30555555 3.952222,-0.52 -0.2 9.37,83 108 98,21
220,01110011,00000000,0.99731445 0.03302002 0.047058105 0.044006348,-0.30666667 0.09777778 3.5344443,-0.79 -0.58 9.79,83 109 99,21
221,01110011,00000000,0.99450684 0.031188965 0.0060424805 -0.008972168,-0.29333332 -0.08777778 3.1855555,-0.14 -1.1 10.21,83 109 100,21
222,01110011,00000000,0.9902344 0.029724121 0.038513184 0.13061523,-0.25111112 -0.24444444 2.9544444,0.28 -1.05 9.99,83 109 101,21
223,01110011,00000000,0.9846802 0.027832031 0.032836914 0.1687622,-0.27222222 -0.27555555 2.7133334,-0.59 -0.85 9.63,83 108 102,21
224,01110011,00000000,0.97857666 0.02520752 0.026611328 0.20245361,-0.31333333 -0.30666667 2.3777778,-0.7 -0.8 9.92,83 107 103,21
225,01110011,00000000,0.97210693 0.022644043 0.019836426 0.2322998,-0.32555556 -0.33222222 2.1277778,-0.31 -1.27 10.27,84 106 104,21
226,01110011,00000000,0.96588135 0.020812988 0.012390137 0.25769043,-0.2777778 -0.40444446 1.82,1.13 -1.32 9.9,85 105 105,21
227,01110011,00000000,0.95996094 0.018920898 0.0048828125 0.27929688,-0.28777778 -0.41666666 1.5622222,0.92 -0.56 9.18,86 104 106,21
228,01110011,00000000,0.9544678 0.016113281 -0.0020141602 0.29766846,-0.3511111 -0.37777779 1.3522222,0.18 -1.3 9.65,87 102 107,21
229,01110011,00000000,0.9498291 0.012207031 -0.0087890625 0.3121338,-0.41777778 -0.33888888 1.0766667,0.53 -0.73 9.06,88 100 108,21
230,01110011,00000000,0.946167 0.008728027 -0.013916016 0.32312012,-0.34444445 -0.28444445 0.8211111,-0.29 -0.99 9.12,89 252 3839,21
231,01110011,00000000,0.9439087 0.0056762695 -0.016418457 0.3295288,-0.2611111 -0.10666667 0.49444443,0.89 -1.51 9.54,90 98 110,21
232,01110011,00000000,0.94384766 0.0034179688 -0.0178833 0.3297119,-0.17555556 -0.06555556 0.02,0.16 -1.42 9.83,91 97 110,21
233,01110011,00000000,0.94592285 0.00024414062 -0.018676758 0.3236084,-0.23 0.013333334 -0.44777778,0.01 -1.19 9.29,91 96 110,21
234,01110011,00000000,0.94976807 -0.0037841797 -0.019348145 0.31219482,-0.3077778 0.05666667 -0.8422222,-0.06 -0.87 8.76,91 95 110,21
235,01110011,00000000,0.95477295 -0.008850098 -0.01965332 0.29626465,-0.37333333 0.112222224 -1.1811111,1.42 -1.96 10.21,92 95 110,21
236,01110011,00000000,0.9603882 -0.013793945 -0.0211792 0.27734375,-0.41444445 0.012222222 -1.4111111,1.35 -1.33 9.08,93 95 110,21
237,01110011,00000000,0.96606445 -0.018188477 -0.023376465 0.25646973,-0.37666667 -0.045555554 -1.5322223,0.07 -1.39 9.2,94 94 109,21
238,01110011,00000000,0.9715576 -0.02154541 -0.025634766 -0.009643555,-0.29 -0.062222224 -1.6311111,1.03 -1.92 10.03,95 93 108,21
239,01110011,00000000,0.9768677 -0.024108887 -0.027832031 0.21032715,-0.23333333 -0.06555556 -1.7411112,0.48 -2.41 10.59,96 92 107,21
240,01110011,00000000,0.98010254 -0.02520752 -0.029418945 0.19445801,-0.14222223 -0.08444444 -1.7233334,0.94 -2.32 10.08,97 91 106,21
241,01110011,00000000,0.98602295 -0.023925781 -0.032226562 0.16156006,0.037777778 -0.096666664 -1.7955556,0.91 -1.91 9.29,97 90 105,21
242,01110011,00000000,0.99005127 -0.021728516 -0.03314209 0.1348877,0.09222222 -0.036666665 -1.9044445,0.33 -1.72 9.8,97 89 104,21
243,01110011,00000000,0.9935303 -0.01940918 -0.03289795 0.10644531,0.104444444 0.022222223 -2.0033333,-0.26 -1.56 9.31,97 88 103,21
244,01110011,00000000,0.99645996 -0.01763916 -0.032165527 0.07550049,0.06333333 0.055555556 -2.1633334,-1.19 -1.73 9.69,97 88 102,21
245,01110011,00000000,0.9984131 -0.016723633 -0.03137207 0.042114258,-0.0055555557 0.06666667 -2.3255556,1.54 -1.53 9.09,97 88 101,21
246,01110011,00000000,0.9992676 -0.016723633 -0.030578613 0.007873535,-0.07 0.083333336 -2.3911111,0.42 -1.66 9.17,97 88 100,21
247,01110011,00000000,0.99902344 -0.018310547 -0.029724121 -0.025817871,-0.17888889 0.10333333 -2.3677778,0.69 -1.78 9.72,97 88 255,21
248,01110011,00000000,0.99816895 -0.019897461 -0.028564453 -0.04748535,-0.23555556 0.1711111 -2.258889,1.91 -1.87 9.7,97 88 97,21
249,01110011,00000000,0.9953613 -0.024108887 -0.025512695 -0.0892334,-0.27333334 0.22222222 -2.1744444,-1 -1.78 9.75,98 88 96,21
250,01110011,00000000,0.9921875 -0.027282715 -0.022705078 -0.11907959,-0.28555554 0.22888888 -2.0633333,-0.15 -1.86 9.85,99 88 94,21
251,01110011,00000000,0.9883423 -0.029968262 -0.019104004 -0.14752197,-0.27222222 0.30222222 -1.9866667,0.46 -2.26 9.84,100 88 93,21
252,01110011,00000000,0.9840088 -0.032165527 -0.014587402 -0.1743164,-0.25111112 0.36777776 -1.9055556,0.62 -2.36 10.51,101 88 92,21
253,01110011,00000000,0.979126 -0.034118652 -0.010925293 -0.1998291,-0.21111111 0.31333333 -1.8288889,-0.38 -1.13 8.8,102 89 90,21
254,01110011,00000000,0.9738159 -0.034362793 -0.008911133 -0.2244873,-0.05111111 0.20333333 -1.7744445,0.56 -2.57 10.39,103 90 89,21
255,01110011,00000000,0.97003174 -0.033447266 -0.008117676 -0.24053955,0.09888889 0.14555556 -1.7055556,0.37 -2.24 9.86,103 90 88,21
0,01110011,00000000,0.961792 -0.031311035 -0.006164551 -0.27166748,0.09222222 0.18111111 -1.6366667,0.11 -1.44 9.42,103 90 87,21
1,01110011,00000000,0.9550171 -0.02947998 -0.003479004 -0.29492188,0.06555556 0.25111112 -1.6555556,-0.33 -1.51 9.12,103 90 86,21
2,01110011,00000000,0.94750977 -0.02734375 -0.0015869141 -0.31854248,0.083333336 0.19444445 -1.73,0.2 -1.75 9.6,103 91 84,21
3,01110011,00000000,0.93914795 -0.02520752 -0.00079345703 -0.3425293,0.093333334 0.13777778 -1.8211111,0.07 -1.65 9.6,103 91 82,21
4,01110011,00000000,0.93066406 -0.02355957 -0.0015869141 -0.3649292,0.093333334 0.025555555 -1.7333333,0.79 -1.82 9.86,103 91 80,21
5,01110011,00000000,0.92248535 -0.022277832 -0.002319336 -0.3852539,0.07777778 0.035555556 -1.56,0.75 -1.78 9.83,103 91 78,21
6,01110011,00000000,0.9147949 -0.02130127 -0.0029907227 -0.40325928,0.083333336 0.033333335 -1.3566667,0.19 -1.69 9.61,103 91 77,21
7,01110011,00000000,0.9077759 -0.020568848 -0.003112793 -0.41870117,0.08222222 0.02 -1.1466666,-0.48 -1.24 9.16,103 91 76,21
8,01110011,00000000,0.90374756 -0.01977539 -0.0032348633 -0.4274292,0.06111111 0.015555556 -0.96,-0.52 -1.02 8.95,103 91 75,21
9,01110011,00000000,0.8967285 -0.018066406 -0.0029296875 -0.4420166,0.02111111 0.057777777 -0.84,0.08 -0.86 9.3,103 91 74,21
10,01110011,00000000,0.8927002 -0.017211914 -0.0021362305 -0.4501953,0.006666667 0.12666667 -0.64444447,0.09 -0.74 9.02,103 91 73,21
11,01110011,00000000,0.88934326 -0.016113281 6.1035156E-05 -0.45684814,0.026666667 0.1711111 -0.5177778,0.8 -2.06 10.32,103 91 72,21
12,01110011,00000000,0.8866577 -0.014892578 0.001953125 -0.4621582,-0.017777778 0.13222222 -0.44666666,0.33 -1.69 9.73,103 91 71,21
13,01110011,00000000,0.88494873 -0.013244629 0.0036621094 -0.46539307,0.03 0.20555556 -0.28,-0.98 -1.57 10.01,103 91 70,21
14,01110011,00000000,0.8834839 -0.011413574 0.005554199 -0.46826172,0.10333333 0.18888889 -0.20555556,-1.6 -1.56 9.85,103 92 69,21
15,01110011,00000000,0.88220215 -0.009887695 0.006958008 -0.47052002,0.04222222 0.1 -0.18777777,-0.94 -1.13 9.63,102 92 68,21
16,01110011,00000000,0.88183594 -0.008483887 0.008117676 -0.47131348,0.03888889 0.17222223 -0.06,0.3 -1.32 9.89,101 92 67,21
17,01110011,00000000,0.8814697 -0.0073242188 0.009155273 -0.47198486,0.08555555 0.07444444 -0.018888889,88.8 -2.56 10.04,101 92 66,21
18,01110011,00000000,0.88183594 -0.0060424805 0.008972168 -0.47125244,0.036666665 -0.008888889 0.04888889,1.13 -0.9 9.1,100 92 66,21
19,01110011,00000000,0.8829346 -0.0048828125 0.008728027 -0.46929932,0.08111111 0.06111111 0.17666666,0.23 -1 9.04,100 92 66,21
20,01110011,00000000,0.88409424 -0.0040893555 0.009155273 -0.46704102,0.034444444 0.0033333334 0.18777777,-0.43 -1.08 9.23,99 92 66,21
21,01110011,00000000,0.8856201 -0.0032348633 0.009277344 -0.46417236,0.0022222223 0.083333336 0.19555555,-0.07 -1.78 10.05,99 92 66,21
22,01110011,00000000,0.887146 -0.0028686523 0.009521484 -0.4613037,0.064444445 0.024444444 0.24222222,-0.49 -1.94 10.3,99 92 66,21
23,01110011,00000000,0.888855 -0.0025024414 0.009155273 -0.4580078,-0.01 -0.014444444 0.21111111,0.54 -1.61 10.19,98 92 66,21
24,01110011,00000000,0.89056396 -0.0028076172 0.00793457 -0.45458984,0.06 -0.046666667 0.27666667,0.94 -1.51 9.92,98 92 66,21
25,01110011,00000000,0.89086914 -0.0028686523 0.0067749023 -0.4519043,0.045555554 -24.178888 32.994446,-0.34 -0.85 9.44,98 92 66,21
26,01110011,00000000,0.8942261 -0.0029296875 0.0052490234 -0.44744873,0.033333335 -0.08111111 0.36444443,-0.13 -0.88 9.37,98 92 66,21
27,01110011,00000000,0.8973999 -0.0036621094 0.002746582 -0.440979,0.04777778 -0.18555556 0.41555557,-1.38 -1.35 9.63,98 92 66,21
28,01110011,00000000,0.9003906 -0.0045166016 -0.0013427734 -0.43493652,0.011111111 -0.28333333 0.45666668,-1.67 -1.23 9.72,98 92 66,21
29,01110011,00000000,0.90393066 -0.006286621 -0.010314941 -0.42730713,0.18666667 -0.6011111 0.62222224,-0.56 -1.52 9.92,98 91 66,21
30,01110011,00000000,0.9086914 -0.008544922 -0.026245117 -0.41644287,0.30888888 -1.1144445 0.8,-0.83 -1.11 9.54,97 89 66,21
31,01110011,00000000,0.91522217 -0.0126953125 -0.046081543 -0.39996338,0.36 -1.33 1.2188889,-1.72 -0.86 10.31,96 86 66,21
32,01110011,00000000,0.9239502 -0.022338867 -0.066223145 -0.37597656,0.06555556 -1.58 1.7811111,-1.76 -0.16 10.11,95 82 66,21
33,01110011,00000000,0.93518066 -0.039916992 -0.09100342 -0.3397827,-0.34 -2.0422223 2.6433334,-1.89 0 9.86,95 77 67,21
34,01110011,00000000,0.9486084 -0.06304932 -0.11706543 -0.28692627,-0.44666666 -2.3566666 3.9011111,-54.94 -0.01 -0.01,96 71 68,21
35,01110011,00000000,0.9622803 -0.08917236 -0.1381836 -0.21661377,-0.71555555 -2.171111 5.096667,-1.61 -0.73 11.25,98 64 70,21
36,01110011,00000000,0.9730835 -0.11517334 -0.14813232 -0.13342285,-0.71555555 -1.4444444 5.9966664,0.45 -1 10.87,101 58 72,21
37,01110011,00000000,0.97869873 -0.13647461 -0.1463623 -0.043945312,-0.48555556 -0.7866667 6.3977776,-0.66 -0.99 10.08,104 53 75,21
38,01110011,00000000,0.97875977 -0.14660645 -0.1362915 0.0423584,0.13111112 -0.13444445 6.171111,0.14 -2.61 10.5,107 50 78,21
39,01110011,00000000,0.9755249 -0.14068604 -0.12237549 0.11608887,1.1622223 0.14 5.1866665,-0.39 -3.03 10.57,109 49 81,21
40,01110011,00000000,0.97247314 -0.11633301 -0.10925293 0.1694336,2.1844444 0.07444444 3.6255555,-1.23 -2.27 9.43,108 49 84,21
41,01110011,00000000,0.97180176 -0.079833984 -0.09631348 0.19946289,2.87 0.23222223 1.8611112,-0.49 -2.23 9.23,104 49 86,21
42,01110011,00000000,0.96875 -0.036499023 -0.084228516 0.20275879,3.1833334 0.23555556 -7.6811113,-0.75 -2.32 9.66,98 50 88,21
43,01110011,00000000,0.9807129 0.0076293945 -0.07354736 0.18048096,3.1433334 0.1388889 -1.8288889,0.22 -1.17 9.22,91 51 89,21
44,01110011,00000000,0.98773193 0.04498291 -0.060791016 0.13641357,2.478889 0.37444445 -3.3777778,1.24 -1.39 9.24,83 52 89,21
45,01110011,00000000,0.9937744 0.07354736 -0.04168701 0.07196045,1.8422222 0.8388889 -4.7044444,0.17 -1.97 8.96,77 54 88,21
46,01110011,00000000,0.99554443 0.09240723 -0.014892578 -0.008972168,1.1933334 1.3655555 -5.891111,1.47 -2.46 9.04,72 57 86,21
47,01110011,00000000,0.9891968 0.10290527 0.017822266 -0.1027832,0.6511111 1.72 -6.8522224,0.33 -2.46 9,68 62 84,21
48,01110011,00000000,0.97265625 0.09991455 0.051513672 -0.2029419,-0.17777778 1.6211112 -7.332222,0.85 -2.4 9.01,66 68 81,21
49,01110011,00000000,0.9472656 0.081604004 0.08190918 -0.2987671,-1.1033334 1.2544445 -7.2611113,-0.34 -1.6 9.06,66 74 78,21
50,01110011,00000000,0.9169922 0.049194336 0.10852051 -0.3805542,-2.07 0.75 -6.388889,0.86 -1.17 9.53,68 79 74,21
51,01110011,00000000,0.88812256 0.0059814453 0.13061523 -0.44055176,-2.8455555 0.23333333 -5.08,0.95 -1.35 -0.01,73 83 71,21
52,01110011,00000000,0.86694336 -0.036193848 0.14233398 -0.47613525,-2.718889 -0.41666666 -3.29,0.48 -2.97 11.31,81 86 68,21
53,01110011,00000000,0.85687256 -0.06732178 0.1430664 -0.49047852,-1.7988889 -0.79555553 -1.5322223,-1.28 -3.02 11.52,89 88 66,21
54,01110011,00000000,0.8567505 -0.08276367 0.13531494 -0.49053955,-0.60555553 -1.0588889 -0.12111111,1.62 -2.74 11.2,95 89 65,21
55,01110011,00000000,0.86309814 -0.083740234 0.12463379 -0.4821167,0.20333333 -0.7911111 0.6622222,-0.01 -1.42 9.88,98 89 64,21
56,01110011,00000000,0.8717041 -0.07354736 0.112976074 -0.4710083,0.99777776 -0.46 0.99777776,0.92 -1.63 9.72,99 90 64,21
57,01110011,00000000,0.8791504 -0.05407715 0.099365234 -0.4628296,1.6311111 -0.34666666 0.84444445,-0.29 -1.74 10.08,98 91 64,21
58,01110011,00000000,0.8826904 -0.030456543 0.08276367 -0.46142578,2.008889 -0.2588889 0.3122222,0.68 -1.74 10.43,95 92 64,21
59,01110011,00000000,0.8751831 -0.0079956055 0.06744385 -0.46765137,1.9688889 -0.2588889 -0.2988889,1.77 -1.06 10.14,91 93 64,21
60,01110011,00000000,0.8756714 0.009033203 0.056640625 -0.47937012,1.3888888 -0.05111111 -0.86333334,0.97 -1.44 10.6,86 94 64,21
61,01110011,00000000,0.86724854 0.019348145 0.049316406 -0.49493408,0.98888886 -0.08111111 -1.1877778,0.05 -0.6 9.8,83 95 63,21
62,01110011,00000000,0.8584595 0.024475098 0.042114258 -0.51049805,0.56333333 -0.2588889 -1.278889,-0.59 -1.37 10.15,81 96 62,21
63,01110011,00000000,0.85076904 0.026306152 0.034362793 -0.5236206,0.49888888 -0.38333333 -1.0355556,-0.82 -0.94 9.71,80 96 61,21
64,01110011,00000000,0.84558105 0.024475098 0.02709961 -0.5325928,0.18 -0.5477778 -0.7488889,-0.49 -0.65 9.38,79 95 60,21
65,01110011,00000000,0.84490967 0.01727295 0.020019531 -0.53411865,-0.12222222 -0.65555555 -0.12444445,-0.79 -0.66 9.62,79 94 59,21
66,01110011,00000000,0.8508911 0.0072631836 0.012878418 -0.5249634,-0.34888887 -0.86 0.74333334,-1.39 -1.35 10.1,79 93 59,21
67,01110011,00000000,0.8629761 -0.002746582 0.00592041 -0.5050049,-0.35 -0.74 1.6422222,-0.27 -1.01 9.76,80 91 59,21
68,01110011,00000000,0.87976074 -0.010192871 0.0006713867 -0.47521973,-0.2988889 -0.6311111 2.4077778,-0.01 -0.41 -267.41,81 8 59,21
69,01110011,00000000,0.8988037 -0.015014648 -0.0029907227 -0.43792725,-0.15555556 -0.36888888 2.988889,-0.14 -0.61 9.29,82 88 60,21
70,01110011,00000000,0.9178467 -0.015258789 -0.005065918 -0.3965454,0.031111112 -0.22333333 3.2033334,-0.96 -0.87 9.33,83 87 61,21
71,01110011,00000000,0.9349365 -0.012329102 -0.006958008 -0.35437012,0.30333334 -0.044444446 3.1955554,-0.06 -1.76 10.38,84 87 62,21
72,01110011,00000000,0.9493408 -0.0067749023 -0.007019043 -0.31378174,0.37 0.057777777 2.968889,0.17 -1.38 9.96,84 87 64,21
73,01110011,00000000,0.9607544 -0.00012207031 -0.0037231445 -0.2772827,0.4511111 0.3988889 2.6844444,0.65 -1.4 9.96,84 87 65,21
74,01110011,00000000,0.9689331 0.008056641 0.002746582 -0.2468872,0.43444446 0.5711111 2.191111,-0.22 -1.8 10.19,83 88 66,21
75,01110011,00000000,0.9741821 0.016601562 0.009033203 -0.22460938,0.49555555 0.64444447 1.6455555,0 -1.17 9.33,82 89 67,21
76,01110011,00000000,0.9772339 0.005126953 0.0053710938 -0.011108398,0.47666666 0.40222222 1.0277778,-0.48 -1.13 9.45,81 91 68,21
77,01110011,00000000,0.9786377 0.031311035 0.015808105 -0.20239258,0.37777779 0.33 0.55444443,0.54 -0.54 9.07,80 92 69,21
78,01110011,00000000,0.97924805 0.034240723 0.016540527 -0.19897461,0.2188889 0.062222224 0.25666666,-0.96 -1.38 10.11,79 93 70,21
79,01110011,00000000,0.9796753 0.03387451 0.014831543 -0.19696045,-0.04888889 -0.10222222 0.11111111,-0.39 -1.03 9.7,78 93 70,21
80,01110011,00000000,0.98046875 0.029846191 0.010314941 -0.1940918,-0.15444444 -0.36555555 0.22222222,-0.59 -1.46 10.22,78 93 70,21
81,01110011,00000000,0.9819336 0.023803711 0.0036621094 -0.1875,-0.33222222 -0.5911111 0.45444444,0.43 -0.37 8.95,78 92 70,21
82,01110011,00000000,0.984375 0.015686035 -0.0036621094 -0.1751709,-0.48222223 -0.5411111 0.8877778,-0.07 -0.66 9.35,79 91 71,21
83,01110011,00000000,0.9875488 0.006652832 -0.009399414 -0.15655518,-0.5222222 -0.51222223 1.3822222,0.44 -1.16 9.78,80 90 72,21
84,01110011,00000000,0.99108887 -0.0014038086 -0.013000488 -0.13183594,-0.5655556 -0.33444443 1.7677778,-0.49 -0.59 9.15,82 89 73,21
85,01110011,00000000,0.99438477 -0.0079956055 -0.0146484375 -0.103759766,-0.41444445 -0.14 2.0166667,0.09 -1.82 10.45,38 473 -257,21
86,01110011,00000000,0.99694824 -0.011962891 -0.014526367 -0.07525635,-0.21444444 -0.08777778 2,0.05 -1.8 10.28,85 87 75,21
87,01110011,00000000,0.9986572 -0.013366699 -0.011352539 -0.048095703,-0.11444444 0.19888888 1.8522222,0.82 -1.45 9.86,86 87 76,21
88,01110011,00000000,0.9995117 -0.013122559 -0.004699707 -0.0256958,0.05111111 0.49444443 1.5822222,1.11 -1.64 9.81,87 87 77,21
89,01110011,00000000,0.9998169 -0.010375977 0.003540039 -0.010070801,0.22333333 0.53555554 1.1344445,-0.49 -1.18 9.3,87 88 78,21
90,01110011,00000000,0.9998779 -0.0072631836 0.008911133 -0.004211426,0.28444445 0.56333333 0.5177778,0.26 -0.87 9.02,87 89 79,21
91,01110011,00000000,0.99975586 -0.0014038086 0.018371582 -0.003540039,0.27333334 0.5377778 -0.06111111,0.72 -0.82 9.14,86 90 80,21
92,01110011,00000000,0.99975586 0.0009765625 0.020324707 -0.008056641,0.29666665 0.13444445 -0.51666665,-1.37 -1.89 10.34,86 91 80,21
93,01110011,00000000,0.9996338 0.004760742 0.005432129 -0.010620117,0.29 -0.32333332 -0.7488889,-1.11 -1.61 10,85 91 80,21
94,01110011,00000000,0.9994507 0.008361816 0.010498047 -0.028808594,0.23444444 -0.6155556 -0.72444445,-0.61 -1.32 9.61,85 90 80,21
95,01110011,00000000,0.99920654 0.011169434 0 -0.037597656,0.21777777 -0.7888889 -0.5188889,-0.12 -1.31 9.74,85 89 80,21
96,01110011,00000000,0.99890137 0.013000488 -0.012023926 -0.04296875,0.16555555 -0.8755556 -0.22666667,-0.21 -0.88 9.37,85 87 80,21
97,01110011,00000000,0.9986572 0.012939453 -0.024963379 -0.04309082,-0.0033333334 -0.69666666 0.078888886,0 -0.6 8.98,85 85 80,21
98,01110011,00000000,0.99871826 0.011169434 -0.028442383 -0.0390625,-0.15666667 -0.25 0.25333333,0.43 -0.36 8.71,85 83 80,21
99,01110011,00000000,0.99902344 0.008300781 -0.025146484 -0.034057617,-0.20444444 0.26444444 0.32555556,0.62 -1.77 10.54,85 82 80,21
100,01110011,00000000,0.9993286 0.0061035156 -0.0126953125 -0.03137207,-0.12222222 0.86777776 0.19111112,0.54 -2.05 10.72,86 83 81,21
101,01110011,00000000,0.9992676 0.0063476562 0.008605957 -0.036315918,-0.02111111 1.4533334 -0.33,0.55 -2.26 10.47,86 85 82,21
102,01110011,00000000,0.9977417 0.009094238 0.03729248 -0.053649902,0.09111111 2.0066667 -1.2277777,0.42 -2.15 10.15,86 89 -8449,21
103,01110011,00000000,0.9935303 0.011169434 0.072509766 -0.08630371,0.08444444 2.5344443 -2.3411112,1.86 -2.94 10.5,86 94 82,21
104,01110011,00000000,0.9842529 0.009521484 0.11254883 -0.13555908,-0.04777778 2.8366666 -3.5344443,1.06 -2.22 9.41,86 101 81,21
105,01110011,00000000,0.96795654 0.0018310547 0.15258789 -0.19915771,-0.35 2.771111 -4.636667,0.96 -3.59 11.13,86 109 79,21
106,01110011,00000000,0.94403076 -0.013061523 0.18658447 -0.2713623,-0.72444445 2.34 -5.4155555,0.54 -2.37 9.22,87 117 77,21
107,01110011,00000000,0.91467285 -0.033935547 0.20831299 -0.3444214,-0.8922222 1.5022222 -5.667778,-0.23 -2.55 9.6,89 125 74,21
108,01110011,00000000,0.88287354 -0.05718994 0.2197876 -0.41082764,-0.8788889 0.82222223 -5.331111,-0.21 -2.71 10.14,92 131 71,21
109,01110011,00000000,0.8508301 -0.07543945 0.22241211 -0.46990967,-0.40444446 0.33888888 -4.8155556,0.83 -3.13 9.53,95 135 68,21
110,01110011,00000000,0.81884766 -0.083740234 0.21417236 -0.014160156,0.4611111 0.0022222223 -4.562222,-0.14 -3.54 9.64,97 138 65,21
111,01110011,00000000,0.7850342 -0.0836792 0.19354248 -0.58239746,1.3933333 -0.3 -4.615556,-0.55 -3.66 9.37,97 140 62,21
112,01110011,00000000,0.7435303 -0.07348633 0.16107178 -0.6447754,2.54 -0.47333333 -5.138889,2.07 -4.59 9.74,95 141 59,21
113,01110011,00000000,0.6851196 -0.054870605 0.12390137 -0.7155762,3.1477778 -0.10555556 -6.347778,0.84 -3.09 8.93,90 141 56,21
114,01110011,00000000,0.60369873 -0.034729004 0.09399414 -0.7907715,2.8644445 0.5822222 -7.653333,1.51 -2.74 8.8,84 141 52,21
115,01110011,00000000,0.49908447 -0.014282227 0.0769043 -0.86291504,1.7622222 1.5222223 -9.093333,2.96 -3.92 9.32,78 142 48,21
116,01110011,00000000,0.37408447 0.008361816 0.07196045 -0.9244995,1.0788889 2.1255555 -9.923333,1.6 -4.95 9.4,75 145 43,21
117,01110011,00000000,0.23181152 0.035461426 0.07714844 -0.96899414,0.49 2.7766666 -10.526667,1.56 -4.97 8.5,73 149 37,21
118,01110011,00000000,0.07647705 0.0657959 0.08996582 -0.9907837,0.18 3.0777779 -10.83,1.61 -5.42 8.66,72 155 31,21
119,01110011,00000000,-0.08331299 0.09716797 0.10858154 -0.9857788,-0.4722222 3.33 -11.11,1.68 -5.7 8.83,71 161 255,21
120,01110011,00000000,-0.23693848 0.12524414 0.13317871 -0.95410156,-1.0244445 3.1977777 -10.823334,1.36 -5.62 9.04,76 162 28,21
121,01110011,00000000,-0.37353516 0.14471436 0.15905762 -0.9022827,-1.3888888 2.6744444 -10.101111,0.66 -6.48 9.82,82 162 31,21
122,01110011,00000000,-0.49102783 0.15527344 0.17822266 -0.8383789,-1.0311111 2.0777779 -9.195556,1.87 -5.65 9.08,89 161 34,21
123,01110011,00000000,-0.5946655 0.15557861 0.18737793 -0.7661133,-0.25555557 1.8033333 -8.685555,2.12 -5.75 9.41,95 158 36,21
124,01110011,00000000,-0.68652344 0.15252686 0.19049072 -0.68481445,-0.13444445 1.7988889 -8.49,1.08 -4.23 8.89,99 155 38,21
125,01110011,00000000,-0.76483154 0.15563965 0.18896484 -0.5958252,-0.41555557 2.181111 -8.003333,1.26 -4.07 8.89,102 152 40,21
126,01110011,00000000,-0.829895 0.16308594 0.18078613 -0.50183105,-0.5888889 2.71 -7.582222,1.93 -4.16 8.08,106 150 41,21
127,01110011,00000000,-0.8829956 0.17504883 0.16693115 -0.40203857,-0.94 3.0233333 -7.408889,2.69 -4.78 8.91,110 150 42,21
128,01110011,00000000,-0.9237671 0.18890381 0.15032959 -0.296875,-1.0622222 3.1988888 -7.301111,1.91 -4.49 9.09,115 151 43,21
129,01110011,00000000,-0.9508667 0.20196533 0.13494873 -0.19177246,-1.3222222 3 -7.092222,1.12 -4.52 9,120 153 43,21
130,01110011,00000000,-0.96539307 0.21264648 0.119628906 -0.091308594,-1.2822223 2.6677778 -6.597778,2.42 -4.75 9.86,126 154 43,21
131,01110011,00000000,-0.9706421 0.21746826 0.10241699 0.0021362305,-0.8744444 2.671111 -6.0466666,0.82 -4.91 9.82,131 155 43,21
132,01110011,00000000,-0.9685669 0.21612549 0.08483887 0.08886719,-0.4488889 2.3411112 -5.5488887,0.72 -4.05 9.08,135 156 43,21
133,01110011,00000000,-0.9607544 0.20648193 0.072509766 0.17016602,0.21666667 2.0455556 -5.3944445,1.65 -4.66 9.73,138 157 43,21
134,01110011,00000000,-0.94818115 0.18811035 0.061706543 0.24847412,0.55222225 2.078889 -5.342222,0.53 -4.18 9.39,139 157 42,21
135,01110011,00000000,-0.92419434 0.1663208 0.053222656 0.3395996,0.6244444 2.0566666 -6.4311113,0.96 -3.43 9.48,139 157 41,21
136,01110011,00000000,-0.87823486 0.15905762 0.050964355 0.447937,-0.49333334 1.3144444 -8.26,2.5 -2.36 9.49,138 157 40,21
137,01110011,00000000,-0.8260498 0.1593628 0.03527832 0.5393677,-1.5455556 1.8111111 -7.133333,3.05 -4.26 9.44,140 156 37,21
138,01110011,00000000,-0.77227783 0.14855957 0.012268066 0.6174927,-1.0411111 2.5144444 -6.211111,1.48 -6.03 9.06,144 156 35,21
139,01110011,00000000,-0.7022095 0.1359253 0.0028076172 0.6987915,-0.4211111 1.8866667 -7.4655557,0.82 -4.44 9.55,147 158 33,21
140,01110011,00000000,-0.6288452 0.13336182 -0.0041503906 0.7659302,-0.98888886 1.0355556 -6.917778,1.17 -2.71 9.4,148 159 30,21
141,01110011,00000000,-0.5640259 0.13195801 -0.019042969 0.81481934,-1.34 1.18 -5.3933334,1.55 -3.84 9.29,150 158 27,21
142,01110011,00000000,-0.4977417 0.1282959 -0.031066895 0.85717773,-1.0855556 1.2344445 -5.3977776,0.35 -3.72 10.2,153 158 25,21
143,01110011,00000000,-0.43499756 0.124572754 -0.0423584 0.89068604,-1.0788889 1.0077778 -4.868889,1.32 -3.13 9.76,155 158 22,21
144,01110011,00000000,-0.38153076 0.11853027 -0.05291748 0.91516113,-0.8277778 1.0722222 -3.9155555,1.15 -3.26 9.68,157 158 20,21
145,01110011,00000000,-0.3287964 0.11102295 -0.059020996 0.9359741,-0.56222224 1.0588889 -3.8944445,0.02 -3.35 10.11,158 158 18,21
146,01110011,00000000,-0.2765503 0.103149414 -0.06518555 0.953125,-0.5566667 0.94555557 -3.7544444,1.94 -2.62 9.73,159 159 16,21
147,01110011,00000000,-0.22955322 0.091918945 -0.07220459 0.9661865,-0.5088889 1.2411112 -3.2477777,1.93 -2.88 9.33,160 159 14,21
148,01110011,00000000,-0.18206787 0.080444336 -0.07623291 0.9769287,-0.3888889 1.1633333 -3.3477778,1.18 -3.36 10.07,160 160 12,21
149,01110011,00000000,-0.13360596 0.07098389 -0.07879639 0.9852905,-0.23777778 0.9311111 -3.36,1.43 -2.45 9.58,160 161 10,21
150,01110011,00000000,-0.08911133 0.060791016 -0.080444336 0.9908447,-0.2211111 1.0522223 -3.0555556,1.94 -2.6 9.33,159 162 8,21
151,01110011,00000000,-0.044128418 0.049743652 -0.079833984 0.99450684,-0.08444444 1.0077778 -3.1077778,1.59 -2.92 9.61,158 163 6,21
152,01110011,00000000,0.0024414062 0.041015625 -0.078552246 0.9960327,-0.072222225 0.8277778 -3.1966667,1.21 -2.61 9.33,156 164 4,21
153,01110011,00000000,0.031433105 0.033935547 -0.07647705 0.99542236,-0.031111112 22.755556 -16.498888,0.53 -2.17 8.85,152 160 12,21
154,01110011,00000000,0.08654785 0.026977539 -0.07281494 0.99316406,0.14444445 0.65 -2.8322222,0.94 -2.25 9.06,148 156 20,21
155,01110011,00000000,0.12542725 0.02130127 -0.070129395 0.98931885,0.09111111 0.6344444 -2.701111,0.47 -1.99 8.96,144 152 27,21
156,01110011,00000000,0.15856934 0.016052246 -0.06640625 0.9849243,0.08222222 0.5477778 -2.3466666,1.11 -2.08 9.16,140 148 34,21
157,01110011,00000000,0.18762207 0.011108398 -0.061340332 0.9801636,0.28111112 0.4911111 -2.01,-0.31 -2.57 10.25,137 145 41,21
158,01110011,00000000,0.21325684 0.0071411133 -0.055786133 0.9753418,0.2988889 0.50555557 -1.8288889,-0.07 -2.11 9.68,134 142 47,21
159,01110011,00000000,0.2333374 0.0030517578 -0.05041504 0.9710083,0.22444445 0.3911111 -1.4333333,-0.49 -1.89 9.81,131 139 53,21
160,01110011,00000000,0.24914551 -0.00091552734 -0.044006348 0.9674072,0.43222222 0.4311111 -1.09,-1.08 -2.37 10.19,128 136 59,21
161,01110011,00000000,0.26116943 -0.0032958984 -0.03765869 0.96447754,0.3311111 0.34777778 -0.8922222,0.3 -1.86 9.65,125 134 65,21
162,01110011,00000000,0.26940918 -0.005004883 -0.03137207 0.9624634,0.4211111 0.19 -0.5588889,-319.61 -2.53 -0.01,123 132 70,21
163,01110011,00000000,0.2763672 -0.00579834 -0.026000977 0.9606323,0.34555554 0.23111111 -0.49444443,-1.18 -1.75 10.08,120 130 75,21
164,01110011,00000000,0.28234863 -0.006225586 -0.021484375 0.9590454,0.29444444 0.06666667 -0.43,-0.13 -1.78 9.88,118 128 80,21
165,01110011,00000000,0.2866211 -0.0067749023 -0.017944336 0.9578247,0.21777777 0.16222222 -0.3188889,0.51 -1.34 9.56,116 126 85,21
166,01110011,00000000,0.28851318 -0.008117676 -0.0154418945 0.9572754,0.18222222 0.09 -0.10333333,0.63 -1.53 9.64,114 124 89,21
167,01110011,00000000,0.2883911 -0.010009766 -0.01361084 0.9573364,0.035555556 0.17888889 -0.015555556,1.15 -1.24 9.22,113 122 93,21
168,01110011,00000000,0.28448486 -0.010314941 -0.013793945 0.95843506,-0.02 0.045555554 0.28,-0.66 -1.47 9.95,112 120 97,21
169,01110011,00000000,0.27581787 -0.0099487305 -0.017822266 0.9609375,-0.032222223 -0.05888889 0.6611111,0.55 -1.21 9.41,111 118 101,21
170,01110011,00000000,0.2501831 -0.009338379 -0.019104004 0.96466064,-0.06888889 -0.11888889 -23.325556,0.24 -1.09 9.35,110 116 105,21
171,01110011,00000000,0.24499512 -0.008666992 -0.02532959 0.9691162,-0.023333333 -0.083333336 1.27,0.44 -1.2 9.36,109 114 109,21
172,01110011,00000000,0.22338867 -0.0076293945 -0.025939941 0.9743042,-0.028888889 -0.15111111 1.5733334,-0.46 -1.36 9.65,108 112 113,21
173,01110011,00000000,0.1984253 -0.0056762695 -0.026428223 0.9796753,-0.022222223 -0.21777777 1.7988889,-0.87 -1.08 9.69,107 110 117,21
174,01110011,00000000,0.17114258 -0.0048217773 -0.02520752 0.9848633,0.10222222 -0.094444446 1.9733334,0.45 -0.66 8.8,106 108 121,21
175,01110011,00000000,0.14434814 -0.005126953 -0.023498535 0.9891968,0.16 -0.0055555557 1.9011111,-1 -1.15 9.96,105 106 125,21
176,01110011,00000000,0.117370605 -0.005065918 -0.021911621 0.9927368,0.11888889 -0.037777778 1.94,-0.66 -1.86 10.22,104 105 129,21
177,01110011,00000000,0.09094238 -0.0032958984 -0.01928711 0.99560547,0.19666667 -0.13444445 1.8444444,-1.7 -1.46 10.05,103 104 133,21
178,01110011,00000000,0.06500244 -0.0014648438 -0.016540527 0.99768066,0.19333333 -0.14222223 1.8233334,-0.08 -1.22 9.64,102 102 137,21
179,01110011,00000000,0.04071045 -0.00079345703 -0.015075684 0.99902344,0.11111111 -0.05666667 1.6944444,-1.31 -0.65 -0.01,101 101 141,21
180,01110011,00000000,0.017150879 0.00012207031 -0.014831543 0.9996948,0.02 -0.094444446 1.6411111,0 -1.71 10.55,100 100 144,21
181,01110011,00000000,-0.0064697266 0.0013427734 -0.017211914 0.99975586,-0.036666665 -0.1 1.6544445,0.57 -1.45 9.99,99 99 147,21
182,01110011,00000000,-0.030578613 0.0020141602 -0.017456055 0.9993286,-0.03 -0.08222222 1.6911111,0.4 -1.34 9.89,99 99 140,21
183,01110011,00000000,-0.056640625 0.0012817383 -0.0178833 0.99816895,-0.03888889 0.01 1.8344444,-0.82 -0.62 8.94,99 99 133,21
184,01110011,00000000,-0.076171875 -0.0008544922 -0.018249512 0.9968872,-0.027777778 0.22666667 2.1144445,-0.13 -1.57 10.39,99 99 126,21
185,01110011,00000000,-0.11077881 -0.0059814453 -0.018554688 0.9935913,0.0022222223 0.35444444 2.6411111,0.05 -0.93 9.19,99 100 120,21
186,01110011,00000000,-0.15216064 -0.012451172 -0.017944336 0.98809814,0.09111111 0.41666666 3.078889,0.44 -0.93 9.29,98 101 115,21
187,01110011,00000000,-0.21862793 -0.022888184 -0.014221191 0.975708,0.24666667 0.48 3.5855556,-0.73 -0.75 9.85,97 102 110,21
188,01110011,00000000,-0.27087402 -0.032287598 -0.009643555 0.9619751,0.35444444 0.55333334 3.88,-0.87 -1.5 10.18,95 103 106,21
189,01110011,00000000,-0.32720947 -0.041748047 -0.0040893555 0.9439697,0.40111113 0.54444444 4.1555557,0.94 -0.74 9.57,93 104 102,21
190,01110011,00000000,-0.38531494 -0.050109863 0.0010375977 0.9213867,0.35777777 0.4811111 4.37,-1.01 -0.35 9.28,91 105 99,21
191,01110011,00000000,-0.44543457 -0.05645752 0.0060424805 0.8934326,0.28555554 0.3588889 4.6666665,-1.84 -0.49 9.3,89 105 96,21
192,01110011,00000000,-0.5067749 -0.062072754 0.010559082 0.8596802,0.24555555 0.36444443 4.9166665,-0.25 -0.9 10.01,87 105 94,21
193,01110011,00000000,-0.56829834 -0.068115234 0.013305664 0.8198242,0.15222222 0.49444443 5.1477776,-0.93 -0.81 9.83,85 105 92,21
194,01110011,00000000,-0.6288452 -0.07299805 0.013916016 0.77386475,-0.0055555557 0.54444444 5.3166666,-1.46 0.02 9.16,83 105 91,21
195,01110011,00000000,-0.68774414 -0.07525635 0.0119018555 0.7218628,-0.25666666 0.55333334 5.4855556,-0.45 -0.35 9.79,82 105 90,21
196,01110011,00000000,-0.74432373 -0.07556152 0.0076293945 0.66345215,-0.4511111 0.5877778 5.6622224,-0.96 -0.31 -182.34,1 96 90,21
197,01110011,00000000,-0.7970581 -0.07678223 0.0015869141 0.59887695,-0.42333335 0.76222223 5.808889,-0.92 -0.76 10.1,81 105 90,21
198,01110011,00000000,-0.8439331 -0.079833984 -0.005493164 0.5303345,-0.33222222 0.92333335 5.7977777,-0.16 -1.14 10.13,81 106 90,21
199,01110011,00000000,-0.8841553 -0.08154297 -0.013549805 0.4597168,-0.42444444 0.93333334 5.6744447,-2.5 -0.11 9.29,81 107 91,21
200,01110011,00000000,-0.9182739 -0.07989502 -0.022033691 0.38702393,-0.6188889 0.85 5.6066666,-2.42 -0.69 10.16,81 109 92,21
201,01110011,00000000,-0.94592285 -0.07733154 -0.028259277 0.3137207,-0.5888889 0.66444445 5.457778,-1.23 -0.05 9.28,81 110 93,21
202,01110011,00000000,-0.9673462 -0.07470703 -0.03186035 0.23986816,-0.50555557 0.50555557 5.3366666,-1.13 -0.53 9.76,81 111 94,21
203,01110011,00000000,-0.98291016 -0.07147217 -0.034606934 0.16595459,-0.5188889 0.45222223 5.231111,-1.64 -0.37 9.3,81 112 95,21
204,01110011,00000000,-0.9925537 0.005432129 0.007019043 -0.008666992,-0.6 0.55 5.071111,-1.39 -0.77 9.88,81 113 96,21
205,01110011,00000000,-0.9968872 -0.06097412 -0.044311523 0.022216797,-0.68666667 0.6988889 4.9066668,-1.01 0.06 9.32,82 114 98,21
206,01110011,00000000,-0.9961548 -0.05493164 -0.049621582 -0.04626465,-0.6855556 0.69 4.7655554,0.06 -0.76 9.37,83 115 100,21
207,01110011,00000000,-0.9911499 -0.050354004 -0.051635742 -0.11047363,-0.54333335 0.42444444 4.4944444,-1.31 -0.18 8.83,84 116 102,21
208,01110011,00000000,-0.9828491 -0.04638672 -0.050476074 -0.17089844,-0.49555555 0.19555555 4.28,-1.47 -0.56 9.6,85 117 104,21
209,01110011,00000000,-0.97161865 -0.041870117 -0.04840088 -0.22735596,-0.51111114 0.12888889 4.0033336,-0.82 -0.54 9.81,86 117 106,21
210,01110011,00000000,-0.95825195 -0.036376953 -0.045532227 -0.2798462,-0.5744445 0.08777778 3.7533333,0.17 -1.08 10.1,87 117 108,21
211,01110011,00000000,-0.942688 -0.031921387 -0.04034424 -0.3295288,-0.54444444 -0.086666666 3.6088889,-1.36 -1.53 10.37,88 117 110,21
212,01110011,00000000,-0.92523193 -0.029785156 -0.032836914 -0.37664795,-0.42 -0.31555554 3.528889,0.48 -0.59 9.14,89 116 112,21
213,01110011,00000000,-0.90649414 -0.028442383 -0.02508545 -0.42041016,-0.3422222 -0.33777776 3.3477778,-0.14 -0.05 8.72,202 220 -10241,21
214,01110011,00000000,-0.8870239 -0.026123047 -0.018310547 -0.46051025,-0.37111112 -0.24222222 3.1322222,-0.88 -0.95 10.11,89 113 116,21
215,01110011,00000000,-0.8676758 -0.023010254 -0.012023926 -0.4963379,-0.39555556 -0.17777778 2.8666666,0.55 -1.21 9.99,89 112 118,21
216,01110011,00000000,-0.8485718 -0.020202637 -0.0053100586 -0.5286255,-0.40333334 -0.23666666 2.6622221,-1.12 -1.39 10.18,90 111 120,21
217,01110011,00000000,-0.8302002 -0.017028809 0.00048828125 -0.5570679,-0.3988889 -0.16888888 2.3888888,0.03 -0.78 9.2,91 110 122,21
218,01110011,00000000,-0.8134155 -0.012329102 0.0053100586 -0.5814209,-0.45777777 -0.072222225 2.0988889,-0.98 -0.47 9.28,92 109 123,21
219,01110011,00000000,-0.7988281 -0.007507324 0.008972168 -0.6013794,-0.37666667 0.006666667 1.7566667,0.09 -1.98 10.49,93 108 124,21
220,01110011,00000000,-0.7869873 -0.0037231445 0.011108398 -0.6168213,-0.2911111 0.04222222 1.3888888,-1.8 -1.33 9.9,94 107 125,21
221,01110011,00000000,-0.77874756 -0.0014648438 0.0056152344 -0.0078125,-0.17555556 0.033333335 0.9311111,0.38 -1.78 9.73,94 106 126,21
222,01110011,00000000,-0.77423096 -0.0006713867 0.013549805 -0.6326294,-0.09555556 -0.035555556 0.50222224,0.09 -1.3 9.51,94 105 127,21
223,01110011,00000000,-0.7736206 6.1035156E-05 0.01586914 -0.6333008,-0.15777777 -0.08 0.072222225,-0.33 -1.64 9.86,94 104 128,21
224,01110011,00000000,-0.7750244 0.00024414062 0.018249512 -0.6315918,-0.17 -0.18555556 -0.28333333,0.65 -1.59 9.44,94 103 128,21
225,01110011,00000000,-0.78118896 -0.0016479492 0.022766113 -0.6237793,-0.06333333 -0.25333333 -0.54444444,-0.4 -1.29 9.27,94 102 128,21
226,01110011,00000000,-0.788208 -0.0040283203 0.026428223 -0.6147461,-0.046666667 -0.29 -0.7977778,0.2 -1.2 9.58,94 100 128,21
227,01110011,00000000,-0.7963257 -0.006286621 0.030578613 -0.6039429,-0.08444444 -0.3077778 -0.9311111,0.88 -1.2 9.04,94 98 128,21
228,01110011,00000000,-0.8023071 -0.0076293945 0.03338623 -0.59588623,-0.11888889 -0.31777778 -1.0488889,-0.72 -1.12 9.29,94 96 128,21
229,01110011,00000000,-0.81500244 -0.00970459 0.039489746 -0.57788086,-0.13444445 -0.2911111 -1.1644444,0.18 -1.01 9.28,94 94 128,21
230,01110011,00000000,-0.8244629 -0.010498047 0.043395996 -0.5640259,-0.16222222 -0.23222223 -1.1566666,0.99 -1.21 8.8,94 58 -6657,21
231,01110011,00000000,-0.8340454 -0.010620117 0.046142578 -0.54956055,-0.16333333 -0.14666666 -1.1977777,-0.03 -1.62 9.81,94 90 128,21
232,01110011,00000000,-0.84368896 -0.009216309 0.048461914 -0.5344238,-0.18333334 -0.026666667 -1.2322222,0.54 -1.89 9.84,94 89 128,21
233,01110011,00000000,-0.8540039 -0.0068359375 0.048461914 -0.5178833,-0.19777778 0.12555556 -1.3566667,0.67 -1.48 9.49,94 88 127,21
234,01110011,00000000,-0.86505127 -0.0037841797 0.04840088 -0.49920654,-0.26666668 0.14333333 -1.5355556,0.67 -2.31 10.17,94 87 126,21
235,01110011,00000000,-0.8758545 0.00018310547 0.047668457 -0.48010254,-0.2911111 0.22777778 -1.5444444,1.05 -1.91 9.92,94 87 125,21
236,01110011,00000000,-0.8864746 0.0049438477 0.045959473 -0.4602661,-0.2911111 0.3122222 -1.5955555,1.79 -2.07 10.04,94 87 124,21
237,01110011,00000000,-0.8970337 0.009155273 0.044189453 -0.4395752,-0.2488889 0.29222223 -1.6244445,0.28 -2.48 10.37,95 87 123,21
238,01110011,00000000,-0.9071655 0.011962891 0.04248047 -0.008728027,-0.16555555 0.23333333 -1.6333333,-0.28 -1.63 9.62,96 87 122,21
239,01110011,00000000,-0.9169922 0.013122559 0.04058838 -0.39648438,-0.08111111 0.19222222 -1.6666666,0.86 -1.35 9.27,96 87 121,21
240,01110011,00000000,-0.92663574 0.012756348 0.038757324 -0.37353516,0.011111111 0.15333334 -1.7577778,-0.38 -1.63 9.56,96 87 120,21
241,01110011,00000000,-0.9361572 0.010986328 0.036743164 -0.34936523,0.112222224 0.13666667 -1.8566667,0.17 -2.34 10.46,96 87 119,21
242,01110011,00000000,-0.94537354 0.008422852 0.035583496 -0.3237915,0.14888889 0.05666667 -1.9511111,-0.23 -1.8 9.45,96 87 118,21
243,01110011,00000000,-0.9539795 0.00579834 0.03503418 -0.2975464,0.15333334 -0.01 -1.9477777,-0.6 -2.14 10.22,96 87 117,21
244,01110011,00000000,-0.961792 0.0032348633 0.03491211 -0.2713623,0.11333334 -0.031111112 -1.898889,-0.27 -1.9 9.63,95 86 116,21
245,01110011,00000000,-0.9688721 0.0005493164 0.034423828 -0.24475098,0.115555555 -0.007777778 -1.9333333,1.39 -1.87 9.73,95 85 115,21
246,01110011,00000000,-0.9753418 -0.0007324219 0.03326416 -0.21783447,0.04 0.06666667 -1.9622222,1.05 -1.4 9.11,94 85 114,21
247,01110011,00000000,-0.980896 -0.00036621094 0.03253174 -0.19152832,-0.07333333 0.06333333 -1.91,0.4 -1.97 9.71,94 85 255,21
248,01110011,00000000,-0.98547363 0.00048828125 0.032836914 -0.1665039,-0.11444444 0.0044444446 -1.7866666,-0.68 -1.69 9.89,94 85 112,21
249,01110011,00000000,-0.98895264 0.0017700195 0.032836914 -0.14422607,-0.14333333 0.0044444446 -1.5511111,0.07 -1.21 9.05,94 85 111,21
250,01110011,00000000,-0.9916382 0.0036010742 0.03149414 -0.124694824,-0.16777778 0.1 -1.351111,-0.59 -1.07 8.9,94 85 110,21
251,01110011,00000000,-0.9937134 0.0056152344 0.029296875 -0.10748291,-0.16666667 0.18111111 -1.2055556,-0.09 -1.56 9.43,94 85 109,21
252,01110011,00000000,-0.9953003 0.0073242188 0.027404785 -0.09246826,-0.12888889 0.16222222 -1.0544444,-0.64 -2.09 10.29,94 85 108,21
253,01110011,00000000,-0.9963989 0.008422852 0.025939941 -0.07904053,-0.08777778 0.13222222 -0.94666666,-0.53 -2 9.86,94 85 107,21
254,01110011,00000000,-0.9970703 0.0087890625 0.024719238 -0.07116699,-0.055555556 0.15222222 -0.7777778,-0.39 -1.41 9.31,94 85 106,21
255,01110011,00000000,-0.99786377 0.008728027 0.02166748 -0.060546875,-0.013333334 0.24555555 -0.71,1.18 -1.67 9.23,94 85 105,21
0,01110011,00000000,-0.99853516 0.007751465 0.017944336 -0.049804688,0.09777778 0.25 -0.76222223,0.53 -1.64 9.16,94 85 104,21
1,01110011,00000000,-0.9992676 0.004699707 0.013061523 -0.034301758,0.20777778 0.26444444 -0.82666665,0.15 -2.15 10.17,94 85 103,21
2,01110011,00000000,-0.9996948 0.0021972656 0.009155273 -0.020874023,0.20444444 0.2888889 -0.9288889,0.85 -2.06 10.49,93 86 102,21
3,01110011,00000000,-0.9998779 0.0008544922 0.0064086914 -0.0068969727,0.096666664 0.20111111 -0.9488889,-0.99 -1.05 9.18,92 87 101,21
4,01110011,00000000,-0.99993896 0.00024414062 0.0051879883 0.005859375,0.017777778 0.10333333 -0.8755556,0.08 -1.33 9.32,92 88 100,21
5,01110011,00000000,-0.9998779 -0.00012207031 0.0045776367 0.013000488,0.036666665 0.1 -0.72555554,1.32 -1.16 9.16,92 88 99,21
6,01110011,00000000,-0.99975586 -0.0008544922 0.0036621094 0.021972656,0.016666668 0.075555556 -0.5977778,-1.12 -1.82 10.12,92 88 98,21
7,01110011,00000000,-0.9995117 -0.0012207031 0.004272461 0.028503418,0.011111111 -0.07333333 -0.4211111,-0.76 -1.49 9.89,92 88 97,21
8,01110011,00000000,-0.99938965 -0.0021362305 0.0068359375 0.032409668,0.08777778 -0.17888889 -0.19444445,-0.08 -1.14 9.54,92 88 96,21
9,01110011,00000000,-0.9993286 -0.0038452148 0.008911133 0.033203125,0.10222222 -0.10333333 0.012222222,-0.2 -0.93 9.61,92 88 96,21
10,01110011,00000000,-0.99938965 -0.005554199 0.009643555 0.03161621,0.07111111 -0.016666668 0.15333334,0.82 -1.53 9.56,92 88 96,21
11,01110011,00000000,-0.9995117 -0.006713867 0.010314941 0.028015137,0.046666667 -0.055555556 0.26222223,0.85 -1.21 9.63,92 88 96,21
12,01110011,00000000,-0.99957275 -0.00793457 0.012023926 0.022949219,0.086666666 -0.10333333 0.36222222,1.03 -1.38 9.72,92 88 96,21
13,01110011,00000000,-0.9996948 -0.009399414 0.013061523 0.016845703,0.101111114 -0.017777778 0.42333335,-0.53 -1.11 9.18,92 88 96,21
14,01110011,00000000,-0.99975586 -0.010253906 0.012390137 0.010681152,0.015555556 0.112222224 0.42777777,0.33 -0.72 9.04,92 88 96,21
15,01110011,00000000,-0.9998169 -0.010498047 0.010314941 0.0049438477,-0.025555555 0.1711111 0.37111112,0.75 -0.56 9.06,92 88 96,21
16,01110011,00000000,-0.9998779 -0.010253906 0.008544922 0.00018310547,-0.05111111 0.14555556 0.3077778,1.02 -0.66 9.07,92 88 96,21
17,01110011,00000000,-0.9998779 -0.009765625 0.006713867 -0.004211426,-0.064444445 0.16666667 0.26666668,-57.06 -2.56 10.17,92 88 96,21
18,01110011,00000000,-0.9998779 -0.0087890625 0.0049438477 -0.008239746,-0.093333334 0.16111112 0.2588889,-0.11 -1.53 10.02,92 88 96,21
19,01110011,00000000,-0.9998169 -0.007385254 0.003112793 -0.012023926,-0.093333334 0.14 0.25111112,0.08 -1.2 9.87,92 88 96,21
20,01110011,00000000,-0.9998779 -0.005859375 0.0018310547 -0.015319824,-0.094444446 0.10888889 0.23555556,-0.26 -0.9 9.55,92 88 96,21
21,01110011,00000000,-0.99975586 -0.004760742 0.0008544922 -0.018737793,-0.094444446 0.101111114 0.22444445,0.56 -1.87 9.88,92 88 96,21
22,01110011,00000000,-0.9996948 -0.0044555664 0.00048828125 -0.02154541,-0.006666667 0.04 0.16111112,1.11 -1.87 10.22,92 88 96,21
23,01110011,00000000,-0.9996338 -0.004638672 0.0012207031 -0.023925781,0.022222223 -0.04 0.14222223,1.3 -1.66 10.01,92 88 96,21
24,01110011,00000000,-0.99957275 -0.005065918 0.003112793 -0.026611328,0.05 -0.11777778 0.19333333,-1.13 -1.22 9.5,92 88 96,21
25,01110011,00000000,-0.9995117 -0.005493164 0.005065918 -0.029785156,0.035555556 -0.0011111111 -0.0011111111,-0.23 -1.26 9.61,92 88 96,21
26,01110011,00000000,-0.9993286 -0.005432129 0.0072021484 -0.033691406,-0.013333334 -0.12777779 0.29333332,0.47 -1.16 9.68,92 88 96,21
27,01110011,00000000,-0.9991455 -0.005432129 0.00970459 -0.038146973,0.015555556 -0.16 0.32777777,0.63 -0.87 9.3,92 88 96,21
28,01110011,00000000,-0.9989624 -0.005859375 0.012878418 -0.043701172,0.06888889 -0.21444444 0.38555557,-0.76 -1.93 10.52,92 88 96,21
255,11111111,11111111,-6.1035156E-05 -6.1035156E-05 -6.1035156E-05 -6.1035156E-05,-0.0011111111 -0.0011111111 -0.0011111111,-0.01 -0.01 -0.01,-1 -1 -1,255
255,11111111,11111111,-6.1035156E-05 -6.1035156E-05 -6.1035156E-05 -6.1035156E-05,-0.0011111111 -0.0011111111 -0.0011111111,-0.01 -0.01 -0.01,-1 -1 -1,255
255,11111111,11111111,-6.1035156E-05 -6.1035156E-05 -6.1035156E-05 -6.1035156E-05,-0.0011111111 -0.0011111111 -0.0011111111,-0.01 -0.01 -0.01,-1 -1 -1,255
255,11111111,11111111,-6.1035156E-05 -6.1035156E-05 -6.1035156E-05 -6.1035156E-05,-0.0011111111 -0.0011111111 -0.0011111111,-0.01 -0.01 -0.01,-1 -1 -1,255
255,11111111,11111111,-6.1035156E-05 -6.1035156E-05 -6.1035156E-05 -6.1035156E-05,-0.0011111111 -0.0011111111 -0.0011111111,-0.01 -0.01 -0.01,-1 -1 -1,255
255,11111111,11111111,-6.1035156E-05 -6.1035156E-05 -6.1035156E-05 -6.1035156E-05,-0.0011111111 -0.0011111111 -0.0011111111,-0.01 -0.01 -0.01,-1 -1 -1,255
255,11111111,11111111,-6.1035156E-05 -6.1035156E-05 -6.1035156E-05 -6.1035156E-05,-0.0011111111 -0.0011111111 -0.0011111111,-0.01 -0.01 -0.01,-1 -1 -1,255
255,11111111,11111111,-6.1035156E-05 -6.1035156E-05 -6.1035156E-05 -6.1035156E-05,-0.0011111111 -0.0011111111 -0.0011111111,-0.01 -0.01 -0.01,-1 -1 -1,255
255,11111111,11111111,-6.1035156E-05 -6.1035156E-05 -6.1035156E-05 -6.1035156E-05,-0.0011111111 -0.0011111111 -0.0011111111,-0.01 -0.01 -0.01,-1 -1 -1,255
255,11111111,11111111,-6.1035156E-05 -6.1035156E-05 -6.1035156E-05 -6.1035156E-05,-0.0011111111 -0.0011111111 -0.0011111111,-0.01 -0.01 -0.01,-1 -1 -1,255
255,11111111,11111111,-6.1035156E-05 -6.1035156E-05 -6.1035156E-05 -6.1035156E-05,-0.0011111111 -0.0011111111 -0.0011111111,-0.01 -0.01 -0.01,-1 -1 -1,255
255,11111111,11111111,-6.1035156E-05 -6.1035156E-05 -6.1035156E-05 -6.1035156E-05,-0.0011111111 -0.0011111111 -0.0011111111,-0.01 -0.01 -0.01,-1 -1 -1,255
255,11111111,11111111,-6.1035156E-05 -6.1035156E-05 -6.1035156E-05 -6.1035156E-05,-0.0011111111 -0.0011111111 -0.0011111111,-0.01 -0.01 -0.01,-1 -1 -1,255
255,11111111,11111111,-6.1035156E-05 -6.1035156E-05 -6.1035156E-05 -6.1035156E-05,-0.0011111111 -0.0011111111 -0.0011111111,-0.01 -0.01 -0.01,-1 -1 -1,255
255,11111111,11111111,-6.1035156E-05 -6.1035156E-05 -6.1035156E-05 -6.1035156E-05,-0.0011111111 -0.0011111111 -0.0011111111,-0.01 -0.01 -0.01,-1 -1 -1,255
255,11111111,11111111,-6.1035156E-05 -6.1035156E-05 -6.1035156E-05 -6.1035156E-05,-0.0011111111 -0.0011111111 -0.0011111111,-0.01 -0.01 -0.01,-1 -1 -1,255
255,11111111,11111111,-6.1035156E-05 -6.1035156E-05 -6.1035156E-05 -6.1035156E-05,-0.0011111111 -0.0011111111 -0.0011111111,-0.01 -0.01 -0.01,-1 -1 -1,255
255,11111111,11111111,-6.1035156E-05 -6.1035156E-05 -6.1035156E-05 -6.1035156E-05,-0.0011111111 -0.0011111111 -0.0011111111,-0.01 -0.01 -0.01,-1 -1 -1,255
255,11111111,11111111,-6.1035156E-05 -6.1035156E-05 -6.1035156E-05 -6.1035156E-05,-0.0011111111 -0.0011111111 -0.0011111111,-0.01 -0.01 -0.01,-1 -1 -1,255
255,11111111,11111111,-6.1035156E-05 -6.1035156E-05 -6.1035156E-05 -6.1035156E-05,-0.0011111111 -0.0011111111 -0.0011111111,-0.01 -0.01 -0.01,-1 -1 -1,255
255,11111111,11111111,-6.1035156E-05 -6.1035156E-05 -6.1035156E-05 -6.1035156E-05,-0.0011111111 -0.0011111111 -0.0011111111,-0.01 -0.01 -0.01,-1 -1 -1,255
255,11111111,11111111,-6.1035156E-05 -6.1035156E-05 -6.1035156E-05 -6.1035156E-05,-0.0011111111 -0.0011111111 -0.0011111111,-0.01 -0.01 -0.01,-1 -1 -1,255
255,11111111,11111111,-6.1035156E-05 -6.1035156E-05 -6.1035156E-05 -6.1035156E-05,-0.0011111111 -0.0011111111 -0.0011111111,-0.01 -0.01 -0.01,-1 -1 -1,255
255,11111111,11111111,-6.1035156E-05 -6.1035156E-05 -6.1035156E-05 -6.1035156E-05,-0.0011111111 -0.0011111111 -0.0011111111,-0.01 -0.01 -0.01,-1 -1 -1,255
255,11111111,11111111,-6.1035156E-05 -6.1035156E-05 -6.1035156E-05 -6.1035156E-05,-0.0011111111 -0.0011111111 -0.0011111111,-0.01 -0.01 -0.01,-1 -1 -1,255
255,11111111,11111111,-6.1035156E-05 -6.1035156E-05 -6.1035156E-05 -6.1035156E-05,-0.0011111111 -0.0011111111 -0.0011111111,-0.01 -0.01 -0.01,-1 -1 -1,255
255,11111111,11111111,-6.1035156E-05 -6.1035156E-05 -6.1035156E-05 -6.1035156E-05,-0.0011111111 -0.0011111111 -0.0011111111,-0.01 -0.01 -0.01,-1 -1 -1,255
255,11111111,11111111,-6.1035156E-05 -6.1035156E-05 -6.1035156E-05 -6.1035156E-05,-0.0011111111 -0.0011111111 -0.0011111111,-0.01 -0.01 -0.01,-1 -1 -1,255
255,11111111,11111111,-6.1035156E-05 -6.1035156E-05 -6.1035156E-05 -6.1035156E-05,-0.0011111111 -0.0011111111 -0.0011111111,-0.01 -0.01 -0.01,-1 -1 -1,255
255,11111111,11111111,-6.1035156E-05 -6.1035156E-05 -6.1035156E-05 -6.1035156E-05,-0.0011111111 -0.0011111111 -0.0011111111,-0.01 -0.01 -0.01,-1 -1 -1,255
255,11111111,11111111,-6.1035156E-05 -6.1035156E-05 -6.1035156E-05 -6.1035156E-05,-0.0011111111 -0.0011111111 -0.0011111111,-0.01 -0.01 -0.01,-1 -1 -1,255
255,11111111,11111111,-6.1035156E-05 -6.1035156E-05 -6.1035156E-05 -6.1035156E-05,-0.0011111111 -0.0011111111 -0.0011111111,-0.01 -0.01 -0.01,-1 -1 -1,255
255,11111111,11111111,-6.1035156E-05 -6.1035156E-05 -6.1035156E-05 -6.1035156E-05,-0.0011111111 -0.0011111111 -0.0011111111,-0.01 -0.01 -0.01,-1 -1 -1,255
255,11111111,11111111,-6.1035156E-05 -6.1035156E-05 -6.1035156E-05 -6.1035156E-05,-0.0011111111 -0.0011111111 -0.0011111111,-0.01 -0.01 -0.01,-1 -1 -1,255
255,11111111,11111111,-6.1035156E-05 -6.1035156E-05 -6.1035156E-05 -6.1035156E-05,-0.0011111111 -0.0011111111 -0.0011111111,-0.01 -0.01 -0.01,-1 -1 -1,255
255,11111111,11111111,-6.1035156E-05 -6.1035156E-05 -6.1035156E-05 -6.1035156E-05,-0.0011111111 -0.0011111111 -0.0011111111,-0.01 -0.01 -0.01,-1 -1 -1,255
255,11111111,11111111,-6.1035156E-05 -6.1035156E-05 -6.1035156E-05 -6.1035156E-05,-0.0011111111 -0.0011111111 -0.0011111111,-0.01 -0.01 -0.01,-1 -1 -1,255
255,11111111,11111111,-6.1035156E-05 -6.1035156E-05 -6.1035156E-05 -6.1035156E-05,-0.0011111111 -0.0011111111 -0.0011111111,-0.01 -0.01 -0.01,-1 -1 -1,255
255,11111111,11111111,-6.1035156E-05 -6.1035156E-05 -6.1035156E-05 -6.1035156E-05,-0.0011111111 -0.0011111111 -0.0011111111,-0.01 -0.01 -0.01,-1 -1 -1,255
255,11111111,11111111,-6.1035156E-05 -6.1035156E-05 -6.1035156E-05 -6.1035156E-05,-0.0011111111 -0.0011111111 -0.0011111111,-0.01 -0.01 -0.01,-1 -1 -1,255
255,11111111,11111111,-6.1035156E-05 -6.1035156E-05 -6.1035156E-05 -6.1035156E-05,-0.0011111111 -0.0011111111 -0.0011111111,-0.01 -0.01 -0.01,-1 -1 -1,255
255,11111111,11111111,-6.1035156E-05 -6.1035156E-05 -6.1035156E-05 -6.1035156E-05,-0.0011111111 -0.0011111111 -0.0011111111,-0.01 -0.01 -0.01,-1 -1 -1,255
255,11111111,11111111,-6.1035156E-05 -6.1035156E-05 -6.1035156E-05 -6.1035156E-05,-0.0011111111 -0.0011111111 -0.0011111111,-0.01 -0.01 -0.01,-1 -1 -1,255
255,11111111,11111111,-6.1035156E-05 -6.1035156E-05 -6.1035156E-05 -6.1035156E-05,-0.0011111111 -0.0011111111 -0.0011111111,-0.01 -0.01 -0.01,-1 -1 -1,255
255,11111111,11111111,-6.1035156E-05 -6.1035156E-05 -6.1035156E-05 -6.1035156E-05,-0.0011111111 -0.0011111111 -0.0011111111,-0.01 -0.01 -0.01,-1 -1 -1,255
255,11111111,11111111,-6.1035156E-05 -6.1035156E-05 -6.1035156E-05 -6.1035156E-05,-0.0011111111 -0.0011111111 -0.0011111111,-0.01 -0.01 -0.01,-1 -1 -1,255
255,11111111,11111111,-6.1035156E-05 -6.1035156E-05 -6.1035156E-05 -6.1035156E-05,-0.0011111111 -0.0011111111 -0.0011111111,-0.01 -0.01 -0.01,-1 -1 -1,255
255,11111111,11111111,-6.1035156E-05 -6.1035156E-05 -6.1035156E-05 -6.1035156E-05,-0.0011111111 -0.0011111111 -0.0011111111,-0.01 -0.01 -0.01,-1 -1 -1,255
255,11111111,11111111,-6.1035156E-05 -6.1035156E-05 -6.1035156E-05 -6.1035156E-05,-0.0011111111 -0.0011111111 -0.0011111111,-0.01 -0.01 -0.01,-1 -1 -1,255
255,11111111,11111111,-6.1035156E-05 -6.1035156E-05 -6.1035156E-05 -6.1035156E-05,-0.0011111111 -0.0011111111 -0.0011111111,-0.01 -0.01 -0.01,-1 -1 -1,255
255,11111111,11111111,-6.1035156E-05 -6.1035156E-05 -6.1035156E-05 -6.1035156E-05,-0.0011111111 -0.0011111111 -0.0011111111,-0.01 -0.01 -0.01,-1 -1 -1,255
255,11111111,11111111,-6.1035156E-05 -6.1035156E-05 -6.1035156E-05 -6.1035156E-05,-0.0011111111 -0.0011111111 -0.0011111111,-0.01 -0.01 -0.01,-1 -1 -1,255
255,11111111,11111111,-6.1035156E-05 -6.1035156E-05 -6.1035156E-05 -6.1035156E-05,-0.0011111111 -0.0011111111 -0.0011111111,-0.01 -0.01 -0.01,-1 -1 -1,255
255,11111111,11111111,-6.1035156E-05 -6.1035156E-05 -6.1035156E-05 -6.1035156E-05,-0.0011111111 -0.0011111111 -0.0011111111,-0.01 -0.01 -0.01,-1 -1 -1,255
255,11111111,11111111,-6.1035156E-05 -6.1035156E-05 -6.1035156E-05 -6.1035156E-05,-0.0011111111 -0.0011111111 -0.0011111111,-0.01 -0.01 -0.01,-1 -1 -1,255
255,11111111,11111111,-6.1035156E-05 -6.1035156E-05 -6.1035156E-05 -6.1035156E-05,-0.0011111111 -0.0011111111 -0.0011111111,-0.01 -0.01 -0.01,-1 -1 -1,255
255,11111111,11111111,-6.1035156E-05 -6.1035156E-05 -6.1035156E-05 -6.1035156E-05,-0.0011111111 -0.0011111111 -0.0011111111,-0.01 -0.01 -0.01,-1 -1 -1,255
255,11111111,11111111,-6.1035156E-05 -6.1035156E-05 -6.1035156E-05 -6.1035156E-05,-0.0011111111 -0.0011111111 -0.0011111111,-0.01 -0.01 -0.01,-1 -1 -1,255
255,11111111,11111111,-6.1035156E-05 -6.1035156E-05 -6.1035156E-05 -6.1035156E-05,-0.0011111111 -0.0011111111 -0.0011111111,-0.01 -0.01 -0.01,-1 -1 -1,255
255,11111111,11111111,-6.1035156E-05 -6.1035156E-05 -6.1035156E-05 -6.1035156E-05,-0.0011111111 -0.0011111111 -0.0011111111,-0.01 -0.01 -0.01,-1 -1 -1,255
255,11111111,11111111,-6.1035156E-05 -6.1035156E-05 -6.1035156E-05 -6.1035156E-05,-0.0011111111 -0.0011111111 -0.0011111111,-0.01 -0.01 -0.01,-1 -1 -1,255
255,11111111,11111111,-6.1035156E-05 -6.1035156E-05 -6.1035156E-05 -6.1035156E-05,-0.0011111111 -0.0011111111 -0.0011111111,-0.01 -0.01 -0.01,-1 -1 -1,255
255,11111111,11111111,-6.1035156E-05 -6.1035156E-05 -6.1035156E-05 -6.1035156E-05,-0.0011111111 -0.0011111111 -0.0011111111,-0.01 -0.01 -0.01,-1 -1 -1,255
255,11111111,11111111,-6.1035156E-05 -6.1035156E-05 -6.1035156E-05 -6.1035156E-05,-0.0011111111 -0.0011111111 -0.0011111111,-0.01 -0.01 -0.01,-1 -1 -1,255
255,11111111,11111111,-6.1035156E-05 -6.1035156E-05 -6.1035156E-05 -6.1035156E-05,-0.0011111111 -0.0011111111 -0.0011111111,-0.01 -0.01 -0.01,-1 -1 -1,255
255,11111111,11111111,-6.1035156E-05 -6.1035156E-05 -6.1035156E-05 -6.1035156E-05,-0.0011111111 -0.0011111111 -0.0011111111,-0.01 -0.01 -0.01,-1 -1 -1,255
255,11111111,11111111,-6.1035156E-05 -6.1035156E-05 -6.1035156E-05 -6.1035156E-05,-0.0011111111 -0.0011111111 -0.0011111111,-0.01 -0.01 -0.01,-1 -1 -1,255
255,11111111,11111111,-6.1035156E-05 -6.1035156E-05 -6.1035156E-05 -6.1035156E-05,-0.0011111111 -0.0011111111 -0.0011111111,-0.01 -0.01 -0.01,-1 -1 -1,255
255,11111111,11111111,-6.1035156E-05 -6.1035156E-05 -6.1035156E-05 -6.1035156E-05,-0.0011111111 -0.0011111111 -0.0011111111,-0.01 -0.01 -0.01,-1 -1 -1,255
255,11111111,11111111,-6.1035156E-05 -6.1035156E-05 -6.1035156E-05 -6.1035156E-05,-0.0011111111 -0.0011111111 -0.0011111111,-0.01 -0.01 -0.01,-1 -1 -1,255
255,11111111,11111111,-6.1035156E-05 -6.1035156E-05 -6.1035156E-05 -6.1035156E-05,-0.0011111111 -0.0011111111 -0.0011111111,-0.01 -0.01 -0.01,-1 -1 -1,255
255,11111111,11111111,-6.1035156E-05 -6.1035156E-05 -6.1035156E-05 -6.1035156E-05,-0.0011111111 -0.0011111111 -0.0011111111,-0.01 -0.01 -0.01,-1 -1 -1,255
255,11111111,11111111,-6.1035156E-05 -6.1035156E-05 -6.1035156E-05 -6.1035156E-05,-0.0011111111 -0.0011111111 -0.0011111111,-0.01 -0.01 -0.01,-1 -1 -1,255
255,11111111,11111111,-6.1035156E-05 -6.1035156E-05 -6.1035156E-05 -6.1035156E-05,-0.0011111111 -0.0011111111 -0.0011111111,-0.01 -0.01 -0.01,-1 -1 -1,255
255,11111111,11111111,-6.1035156E-05 -6.1035156E-05 -6.1035156E-05 -6.1035156E-05,-0.0011111111 -0.0011111111 -0.0011111111,-0.01 -0.01 -0.01,-1 -1 -1,255
255,11111111,11111111,-6.1035156E-05 -6.1035156E-05 -6.1035156E-05 -6.1035156E-05,-0.0011111111 -0.0011111111 -0.0011111111,-0.01 -0.01 -0.01,-1 -1 -1,255
255,11111111,11111111,-6.1035156E-05 -6.1035156E-05 -6.1035156E-05 -6.1035156E-05,-0.0011111111 -0.0011111111 -0.0011111111,-0.01 -0.01 -0.01,-1 -1 -1,255
255,11111111,11111111,-6.1035156E-05 -6.1035156E-05 -6.1035156E-05 -6.1035156E-05,-0.0011111111 -0.0011111111 -0.0011111111,-0.01 -0.01 -0.01,-1 -1 -1,255
255,11111111,11111111,-6.1035156E-05 -6.1035156E-05 -6.1035156E-05 -6.1035156E-05,-0.0011111111 -0.0011111111 -0.0011111111,-0.01 -0.01 -0.01,-1 -1 -1,255
255,11111111,11111111,-6.1035156E-05 -6.1035156E-05 -6.1035156E-05 -6.1035156E-05,-0.0011111111 -0.0011111111 -0.0011111111,-0.01 -0.01 -0.01,-1 -1 -1,255
255,11111111,11111111,-6.1035156E-05 -6.1035156E-05 -6.1035156E-05 -6.1035156E-05,-0.0011111111 -0.0011111111 -0.0011111111,-0.01 -0.01 -0.01,-1 -1 -1,255
255,11111111,11111111,-6.1035156E-05 -6.1035156E-05 -6.1035156E-05 -6.1035156E-05,-0.0011111111 -0.0011111111 -0.0011111111,-0.01 -0.01 -0.01,-1 -1 -1,255
255,11111111,11111111,-6.1035156E-05 -6.1035156E-05 -6.1035156E-05 -6.1035156E-05,-0.0011111111 -0.0011111111 -0.0011111111,-0.01 -0.01 -0.01,-1 -1 -1,255
255,11111111,11111111,-6.1035156E-05 -6.1035156E-05 -6.1035156E-05 -6.1035156E-05,-0.0011111111 -0.0011111111 -0.0011111111,-0.01 -0.01 -0.01,-1 -1 -1,255
255,11111111,11111111,-6.1035156E-05 -6.1035156E-05 -6.1035156E-05 -6.1035156E-05,-0.0011111111 -0.0011111111 -0.0011111111,-0.01 -0.01 -0.01,-1 -1 -1,255
255,11111111,11111111,-6.1035156E-05 -6.1035156E-05 -6.1035156E-05 -6.1035156E-05,-0.0011111111 -0.0011111111 -0.0011111111,-0.01 -0.01 -0.01,-1 -1 -1,255
255,11111111,11111111,-6.1035156E-05 -6.1035156E-05 -6.1035156E-05 -6.1035156E-05,-0.0011111111 -0.0011111111 -0.0011111111,-0.01 -0.01 -0.01,-1 -1 -1,255
255,11111111,11111111,-6.1035156E-05 -6.1035156E-05 -6.1035156E-05 -6.1035156E-05,-0.0011111111 -0.0011111111 -0.0011111111,-0.01 -0.01 -0.01,-1 -1 -1,255
255,11111111,11111111,-6.1035156E-05 -6.1035156E-05 -6.1035156E-05 -6.1035156E-05,-0.0011111111 -0.0011111111 -0.0011111111,-0.01 -0.01 -0.01,-1 -1 -1,255
255,11111111,11111111,-6.1035156E-05 -6.1035156E-05 -6.1035156E-05 -6.1035156E-05,-0.0011111111 -0.0011111111 -0.0011111111,-0.01 -0.01 -0.01,-1 -1 -1,255
255,11111111,11111111,-6.1035156E-05 -6.1035156E-05 -6.1035156E-05 -6.1035156E-05,-0.0011111111 -0.0011111111 -0.0011111111,-0.01 -0.01 -0.01,-1 -1 -1,255
255,11111111,11111111,-6.1035156E-05 -6.1035156E-05 -6.1035156E-05 -6.1035156E-05,-0.0011111111 -0.0011111111 -0.0011111111,-0.01 -0.01 -0.01,-1 -1 -1,255
255,11111111,11111111,-6.1035156E-05 -6.1035156E-05 -6.1035156E-05 -6.1035156E-05,-0.0011111111 -0.0011111111 -0.0011111111,-0.01 -0.01 -0.01,-1 -1 -1,255
255,11111111,11111111,-6.1035156E-05 -6.1035156E-05 -6.1035156E-05 -6.1035156E-05,-0.0011111111 -0.0011111111 -0.0011111111,-0.01 -0.01 -0.01,-1 -1 -1,255
255,11111111,11111111,-6.1035156E-05 -6.1035156E-05 -6.1035156E-05 -6.1035156E-05,-0.0011111111 -0.0011111111 -0.0011111111,-0.01 -0.01 -0.01,-1 -1 -1,255
255,11111111,11111111,-6.1035156E-05 -6.1035156E-05 -6.1035156E-05 -6.1035156E-05,-0.0011111111 -0.0011111111 -0.0011111111,-0.01 -0.01 -0.01,-1 -1 -1,255
255,11111111,11111111,-6.1035156E-05 -6.1035156E-05 -6.1035156E-05 -6.1035156E-05,-0.0011111111 -0.0011111111 -0.0011111111,-0.01 -0.01 -0.01,-1 -1 -1,255
255,11111111,11111111,-6.1035156E-05 -6.1035156E-05 -6.1035156E-05 -6.1035156E-05,-0.0011111111 -0.0011111111 -0.0011111111,-0.01 -0.01 -0.01,-1 -1 -1,255
255,11111111,11111111,-6.1035156E-05 -6.1035156E-05 -6.1035156E-05 -6.1035156E-05,-0.0011111111 -0.0011111111 -0.0011111111,-0.01 -0.01 -0.01,-1 -1 -1,255
255,11111111,11111111,-6.1035156E-05 -6.1035156E-05 -6.1035156E-05 -6.1035156E-05,-0.0011111111 -0.0011111111 -0.0011111111,-0.01 -0.01 -0.01,-1 -1 -1,255
255,11111111,11111111,-6.1035156E-05 -6.1035156E-05 -6.1035156E-05 -6.1035156E-05,-0.0011111111 -0.0011111111 -0.0011111111,-0.01 -0.01 -0.01,-1 -1 -1,255
255,11111111,11111111,-6.1035156E-05 -6.1035156E-05 -6.1035156E-05 -6.1035156E-05,-0.0011111111 -0.0011111111 -0.0011111111,-0.01 -0.01 -0.01,-1 -1 -1,255
255,11111111,11111111,-6.1035156E-05 -6.1035156E-05 -6.1035156E-05 -6.1035156E-05,-0.0011111111 -0.0011111111 -0.0011111111,-0.01 -0.01 -0.01,-1 -1 -1,255
255,11111111,11111111,-6.1035156E-05 -6.1035156E-05 -6.1035156E-05 -6.1035156E-05,-0.0011111111 -0.0011111111 -0.0011111111,-0.01 -0.01 -0.01,-1 -1 -1,255
255,11111111,11111111,-6.1035156E-05 -6.1035156E-05 -6.1035156E-05 -6.1035156E-05,-0.0011111111 -0.0011111111 -0.0011111111,-0.01 -0.01 -0.01,-1 -1 -1,255
255,11111111,11111111,-6.1035156E-05 -6.1035156E-05 -6.1035156E-05 -6.1035156E-05,-0.0011111111 -0.0011111111 -0.0011111111,-0.01 -0.01 -0.01,-1 -1 -1,255
255,11111111,11111111,-6.1035156E-05 -6.1035156E-05 -6.1035156E-05 -6.1035156E-05,-0.0011111111 -0.0011111111 -0.0011111111,-0.01 -0.01 -0.01,-1 -1 -1,255
255,11111111,11111111,-6.1035156E-05 -6.1035156E-05 -6.1035156E-05 -6.1035156E-05,-0.0011111111 -0.0011111111 -0.0011111111,-0.01 -0.01 -0.01,-1 -1 -1,255
255,11111111,11111111,-6.1035156E-05 -6.1035156E-05 -6.1035156E-05 -6.1035156E-05,-0.0011111111 -0.0011111111 -0.0011111111,-0.01 -0.01 -0.01,-1 -1 -1,255
255,11111111,11111111,-6.1035156E-05 -6.1035156E-05 -6.1035156E-05 -6.1035156E-05,-0.0011111111 -0.0011111111 -0.0011111111,-0.01 -0.01 -0.01,-1 -1 -1,255
255,11111111,11111111,-6.1035156E-05 -6.1035156E-05 -6.1035156E-05 -6.1035156E-05,-0.0011111111 -0.0011111111 -0.0011111111,-0.01 -0.01 -0.01,-1 -1 -1,255
255,11111111,11111111,-6.1035156E-05 -6.1035156E-05 -6.1035156E-05 -6.1035156E-05,-0.0011111111 -0.0011111111 -0.0011111111,-0.01 -0.01 -0.01,-1 -1 -1,255
255,11111111,11111111,-6.1035156E-05 -6.1035156E-05 -6.1035156E-05 -6.1035156E-05,-0.0011111111 -0.0011111111 -0.0011111111,-0.01 -0.01 -0.01,-1 -1 -1,255
255,11111111,11111111,-6.1035156E-05 -6.1035156E-05 -6.1035156E-05 -6.1035156E-05,-0.0011111111 -0.0011111111 -0.0011111111,-0.01 -0.01 -0.01,-1 -1 -1,255
255,11111111,11111111,-6.1035156E-05 -6.1035156E-05 -6.1035156E-05 -6.1035156E-05,-0.0011111111 -0.0011111111 -0.0011111111,-0.01 -0.01 -0.01,-1 -1 -1,255
255,11111111,11111111,-6.1035156E-05 -6.1035156E-05 -6.1035156E-05 -6.1035156E-05,-0.0011111111 -0.0011111111 -0.0011111111,-0.01 -0.01 -0.01,-1 -1 -1,255
255,11111111,11111111,-6.1035156E-05 -6.1035156E-05 -6.1035156E-05 -6.1035156E-05,-0.0011111111 -0.0011111111 -0.0011111111,-0.01 -0.01 -0.01,-1 -1 -1,255
255,11111111,11111111,-6.1035156E-05 -6.1035156E-05 -6.1035156E-05 -6.1035156E-05,-0.0011111111 -0.0011111111 -0.0011111111,-0.01 -0.01 -0.01,-1 -1 -1,255
255,11111111,11111111,-6.1035156E-05 -6.1035156E-05 -6.1035156E-05 -6.1035156E-05,-0.0011111111 -0.0011111111 -0.0011111111,-0.01 -0.01 -0.01,-1 -1 -1,255
255,11111111,11111111,-6.1035156E-05 -6.1035156E-05 -6.1035156E-05 -6.1035156E-05,-0.0011111111 -0.0011111111 -0.0011111111,-0.01 -0.01 -0.01,-1 -1 -1,255
255,11111111,11111111,-6.1035156E-05 -6.1035156E-05 -6.1035156E-05 -6.1035156E-05,-0.0011111111 -0.0011111111 -0.0011111111,-0.01 -0.01 -0.01,-1 -1 -1,255
255,11111111,11111111,-6.1035156E-05 -6.1035156E-05 -6.1035156E-05 -6.1035156E-05,-0.0011111111 -0.0011111111 -0.0011111111,-0.01 -0.01 -0.01,-1 -1 -1,255
255,11111111,11111111,-6.1035156E-05 -6.1035156E-05 -6.1035156E-05 -6.1035156E-05,-0.0011111111 -0.0011111111 -0.0011111111,-0.01 -0.01 -0.01,-1 -1 -1,255
255,11111111,11111111,-6.1035156E-05 -6.1035156E-05 -6.1035156E-05 -6.1035156E-05,-0.0011111111 -0.0011111111 -0.0011111111,-0.01 -0.01 -0.01,-1 -1 -1,255
255,11111111,11111111,-6.1035156E-05 -6.1035156E-05 -6.1035156E-05 -6.1035156E-05,-0.0011111111 -0.0011111111 -0.0011111111,-0.01 -0.01 -0.01,-1 -1 -1,255
255,11111111,11111111,-6.1035156E-05 -6.1035156E-05 -6.1035156E-05 -6.1035156E-05,-0.0011111111 -0.0011111111 -0.0011111111,-0.01 -0.01 -0.01,-1 -1 -1,255
255,11111111,11111111,-6.1035156E-05 -6.1035156E-05 -6.1035156E-05 -6.1035156E-05,-0.0011111111 -0.0011111111 -0.0011111111,-0.01 -0.01 -0.01,-1 -1 -1,255
255,11111111,11111111,-6.1035156E-05 -6.1035156E-05 -6.1035156E-05 -6.1035156E-05,-0.0011111111 -0.0011111111 -0.0011111111,-0.01 -0.01 -0.01,-1 -1 -1,255
255,11111111,11111111,-6.1035156E-05 -6.1035156E-05 -6.1035156E-05 -6.1035156E-05,-0.0011111111 -0.0011111111 -0.0011111111,-0.01 -0.01 -0.01,-1 -1 -1,255
255,11111111,11111111,-6.1035156E-05 -6.1035156E-05 -6.1035156E-05 -6.1035156E-05,-0.0011111111 -0.0011111111 -0.0011111111,-0.01 -0.01 -0.01,-1 -1 -1,255
255,11111111,11111111,-6.1035156E-05 -6.1035156E-05 -6.1035156E-05 -6.1035156E-05,-0.0011111111 -0.0011111111 -0.0011111111,-0.01 -0.01 -0.01,-1 -1 -1,255
255,11111111,11111111,-6.1035156E-05 -6.1035156E-05 -6.1035156E-05 -6.1035156E-05,-0.0011111111 -0.0011111111 -0.0011111111,-0.01 -0.01 -0.01,-1 -1 -1,255
255,11111111,11111111,-6.1035156E-05 -6.1035156E-05 -6.1035156E-05 -6.1035156E-05,-0.0011111111 -0.0011111111 -0.0011111111,-0.01 -0.01 -0.01,-1 -1 -1,255
255,11111111,11111111,-6.1035156E-05 -6.1035156E-05 -6.1035156E-05 -6.1035156E-05,-0.0011111111 -0.0011111111 -0.0011111111,-0.01 -0.01 -0.01,-1 -1 -1,255
255,11111111,11111111,-6.1035156E-05 -6.1035156E-05 -6.1035156E-05 -6.1035156E-05,-0.0011111111 -0.0011111111 -0.0011111111,-0.01 -0.01 -0.01,-1 -1 -1,255
255,11111111,11111111,-6.1035156E-05 -6.1035156E-05 -6.1035156E-05 -6.1035156E-05,-0.0011111111 -0.0011111111 -0.0011111111,-0.01 -0.01 -0.01,-1 -1 -1,255
255,11111111,11111111,-6.1035156E-05 -6.1035156E-05 -6.1035156E-05 -6.1035156E-05,-0.0011111111 -0.0011111111 -0.0011111111,-0.01 -0.01 -0.01,-1 -1 -1,255
255,11111111,11111111,-6.1035156E-05 -6.1035156E-05 -6.1035156E-05 -6.1035156E-05,-0.0011111111 -0.0011111111 -0.0011111111,-0.01 -0.01 -0.01,-1 -1 -1,255
255,11111111,11111111,-6.1035156E-05 -6.1035156E-05 -6.1035156E-05 -6.1035156E-05,-0.0011111111 -0.0011111111 -0.0011111111,-0.01 -0.01 -0.01,-1 -1 -1,255
255,11111111,11111111,-6.1035156E-05 -6.1035156E-05 -6.1035156E-05 -6.1035156E-05,-0.0011111111 -0.0011111111 -0.0011111111,-0.01 -0.01 -0.01,-1 -1 -1,255
255,11111111,11111111,-6.1035156E-05 -6.1035156E-05 -6.1035156E-05 -6.1035156E-05,-0.0011111111 -0.0011111111 -0.0011111111,-0.01 -0.01 -0.01,-1 -1 -1,255
255,11111111,11111111,-6.1035156E-05 -6.1035156E-05 -6.1035156E-05 -6.1035156E-05,-0.0011111111 -0.0011111111 -0.0011111111,-0.01 -0.01 -0.01,-1 -1 -1,255
255,11111111,11111111,-6.1035156E-05 -6.1035156E-05 -6.1035156E-05 -6.1035156E-05,-0.0011111111 -0.0011111111 -0.0011111111,-0.01 -0.01 -0.01,-1 -1 -1,255
255,11111111,11111111,-6.1035156E-05 -6.1035156E-05 -6.1035156E-05 -6.1035156E-05,-0.0011111111 -0.0011111111 -0.0011111111,-0.01 -0.01 -0.01,-1 -1 -1,255
255,11111111,11111111,-6.1035156E-05 -6.1035156E-05 -6.1035156E-05 -6.1035156E-05,-0.0011111111 -0.0011111111 -0.0011111111,-0.01 -0.01 -0.01,-1 -1 -1,255
255,11111111,11111111,-6.1035156E-05 -6.1035156E-05 -6.1035156E-05 -6.1035156E-05,-0.0011111111 -0.0011111111 -0.0011111111,-0.01 -0.01 -0.01,-1 -1 -1,255
255,11111111,11111111,-6.1035156E-05 -6.1035156E-05 -6.1035156E-05 -6.1035156E-05,-0.0011111111 -0.0011111111 -0.0011111111,-0.01 -0.01 -0.01,-1 -1 -1,255
255,11111111,11111111,-6.1035156E-05 -6.1035156E-05 -6.1035156E-05 -6.1035156E-05,-0.0011111111 -0.0011111111 -0.0011111111,-0.01 -0.01 -0.01,-1 -1 -1,255
255,11111111,11111111,-6.1035156E-05 -6.1035156E-05 -6.1035156E-05 -6.1035156E-05,-0.0011111111 -0.0011111111 -0.0011111111,-0.01 -0.01 -0.01,-1 -1 -1,255
255,11111111,11111111,-6.1035156E-05 -6.1035156E-05 -6.1035156E-05 -6.1035156E-05,-0.0011111111 -0.0011111111 -0.0011111111,-0.01 -0.01 -0.01,-1 -1 -1,255
255,11111111,11111111,-6.1035156E-05 -6.1035156E-05 -6.1035156E-05 -6.1035156E-05,-0.0011111111 -0.0011111111 -0.0011111111,-0.01 -0.01 -0.01,-1 -1 -1,255
255,11111111,11111111,-6.1035156E-05 -6.1035156E-05 -6.1035156E-05 -6.1035156E-05,-0.0011111111 -0.0011111111 -0.0011111111,-0.01 -0.01 -0.01,-1 -1 -1,255
255,11111111,11111111,-6.1035156E-05 -6.1035156E-05 -6.1035156E-05 -6.1035156E-05,-0.0011111111 -0.0011111111 -0.0011111111,-0.01 -0.01 -0.01,-1 -1 -1,255
255,11111111,11111111,-6.1035156E-05 -6.1035156E-05 -6.1035156E-05 -6.1035156E-05,-0.0011111111 -0.0011111111 -0.0011111111,-0.01 -0.01 -0.01,-1 -1 -1,255
255,11111111,11111111,-6.1035156E-05 -6.1035156E-05 -6.1035156E-05 -6.1035156E-05,-0.0011111111 -0.0011111111 -0.0011111111,-0.01 -0.01 -0.01,-1 -1 -1,255
255,11111111,11111111,-6.1035156E-05 -6.1035156E-05 -6.1035156E-05 -6.1035156E-05,-0.0011111111 -0.0011111111 -0.0011111111,-0.01 -0.01 -0.01,-1 -1 -1,255
255,11111111,11111111,-6.1035156E-05 -6.1035156E-05 -6.1035156E-05 -6.1035156E-05,-0.0011111111 -0.0011111111 -0.0011111111,-0.01 -0.01 -0.01,-1 -1 -1,255
255,11111111,11111111,-6.1035156E-05 -6.1035156E-05 -6.1035156E-05 -6.1035156E-05,-0.0011111111 -0.0011111111 -0.0011111111,-0.01 -0.01 -0.01,-1 -1 -1,255
255,11111111,11111111,-6.1035156E-05 -6.1035156E-05 -6.1035156E-05 -6.1035156E-05,-0.0011111111 -0.0011111111 -0.0011111111,-0.01 -0.01 -0.01,-1 -1 -1,255
255,11111111,11111111,-6.1035156E-05 -6.1035156E-05 -6.1035156E-05 -6.1035156E-05,-0.0011111111 -0.0011111111 -0.0011111111,-0.01 -0.01 -0.01,-1 -1 -1,255
255,11111111,11111111,-6.1035156E-05 -6.1035156E-05 -6.1035156E-05 -6.1035156E-05,-0.0011111111 -0.0011111111 -0.0011111111,-0.01 -0.01 -0.01,-1 -1 -1,255
255,11111111,11111111,-6.1035156E-05 -6.1035156E-05 -6.1035156E-05 -6.1035156E-05,-0.0011111111 -0.0011111111 -0.0011111111,-0.01 -0.01 -0.01,-1 -1 -1,255
255,11111111,11111111,-6.1035156E-05 -6.1035156E-05 -6.1035156E-05 -6.1035156E-05,-0.0011111111 -0.0011111111 -0.0011111111,-0.01 -0.01 -0.01,-1 -1 -1,255
255,11111111,11111111,-6.1035156E-05 -6.1035156E-05 -6.1035156E-05 -6.1035156E-05,-0.0011111111 -0.0011111111 -0.0011111111,-0.01 -0.01 -0.01,-1 -1 -1,255
255,11111111,11111111,-6.1035156E-05 -6.1035156E-05 -6.1035156E-05 -6.1035156E-05,-0.0011111111 -0.0011111111 -0.0011111111,-0.01 -0.01 -0.01,-1 -1 -1,255
255,11111111,11111111,-6.1035156E-05 -6.1035156E-05 -6.1035156E-05 -6.1035156E-05,-0.0011111111 -0.0011111111 -0.0011111111,-0.01 -0.01 -0.01,-1 -1 -1,255
255,11111111,11111111,-6.1035156E-05 -6.1035156E-05 -6.1035156E-05 -6.1035156E-05,-0.0011111111 -0.0011111111 -0.0011111111,-0.01 -0.01 -0.01,-1 -1 -1,255
255,11111111,11111111,-6.1035156E-05 -6.1035156E-05 -6.1035156E-05 -6.1035156E-05,-0.0011111111 -0.0011111111 -0.0011111111,-0.01 -0.01 -0.01,-1 -1 -1,255
255,11111111,11111111,-6.1035156E-05 -6.1035156E-05 -6.1035156E-05 -6.1035156E-05,-0.0011111111 -0.0011111111 -0.0011111111,-0.01 -0.01 -0.01,-1 -1 -1,255
255,11111111,11111111,-6.1035156E-05 -6.1035156E-05 -6.1035156E-05 -6.1035156E-05,-0.0011111111 -0.0011111111 -0.0011111111,-0.01 -0.01 -0.01,-1 -1 -1,255
255,11111111,11111111,-6.1035156E-05 -6.1035156E-05 -6.1035156E-05 -6.1035156E-05,-0.0011111111 -0.0011111111 -0.0011111111,-0.01 -0.01 -0.01,-1 -1 -1,255
255,11111111,11111111,-6.1035156E-05 -6.1035156E-05 -6.1035156E-05 -6.1035156E-05,-0.0011111111 -0.0011111111 -0.0011111111,-0.01 -0.01 -0.01,-1 -1 -1,255
255,11111111,11111111,-6.1035156E-05 -6.1035156E-05 -6.1035156E-05 -6.1035156E-05,-0.0011111111 -0.0011111111 -0.0011111111,-0.01 -0.01 -0.01,-1 -1 -1,255
255,11111111,11111111,-6.1035156E-05 -6.1035156E-05 -6.1035156E-05 -6.1035156E-05,-0.0011111111 -0.0011111111 -0.0011111111,-0.01 -0.01 -0.01,-1 -1 -1,255
255,11111111,11111111,-6.1035156E-05 -6.1035156E-05 -6.1035156E-05 -6.1035156E-05,-0.0011111111 -0.0011111111 -0.0011111111,-0.01 -0.01 -0.01,-1 -1 -1,255
255,11111111,11111111,-6.1035156E-05 -6.1035156E-05 -6.1035156E-05 -6.1035156E-05,-0.0011111111 -0.0011111111 -0.0011111111,-0.01 -0.01 -0.01,-1 -1 -1,255
255,11111111,11111111,-6.1035156E-05 -6.1035156E-05 -6.1035156E-05 -6.1035156E-05,-0.0011111111 -0.0011111111 -0.0011111111,-0.01 -0.01 -0.01,-1 -1 -1,255
255,11111111,11111111,-6.1035156E-05 -6.1035156E-05 -6.1035156E-05 -6.1035156E-05,-0.0011111111 -0.0011111111 -0.0011111111,-0.01 -0.01 -0.01,-1 -1 -1,255
255,11111111,11111111,-6.1035156E-05 -6.1035156E-05 -6.1035156E-05 -6.1035156E-05,-0.0011111111 -0.0011111111 -0.0011111111,-0.01 -0.01 -0.01,-1 -1 -1,255
255,11111111,11111111,-6.1035156E-05 -6.1035156E-05 -6.1035156E-05 -6.1035156E-05,-0.0011111111 -0.0011111111 -0.0011111111,-0.01 -0.01 -0.01,-1 -1 -1,255
255,11111111,11111111,-6.1035156E-05 -6.1035156E-05 -6.1035156E-05 -6.1035156E-05,-0.0011111111 -0.0011111111 -0.0011111111,-0.01 -0.01 -0.01,-1 -1 -1,255
255,11111111,11111111,-6.1035156E-05 -6.1035156E-05 -6.1035156E-05 -6.1035156E-05,-0.0011111111 -0.0011111111 -0.0011111111,-0.01 -0.01 -0.01,-1 -1 -1,255
255,11111111,11111111,-6.1035156E-05 -6.1035156E-05 -6.1035156E-05 -6.1035156E-05,-0.0011111111 -0.0011111111 -0.0011111111,-0.01 -0.01 -0.01,-1 -1 -1,255
255,11111111,11111111,-6.1035156E-05 -6.1035156E-05 -6.1035156E-05 -6.1035156E-05,-0.0011111111 -0.0011111111 -0.0011111111,-0.01 -0.01 -0.01,-1 -1 -1,255
255,11111111,11111111,-6.1035156E-05 -6.1035156E-05 -6.1035156E-05 -6.1035156E-05,-0.0011111111 -0.0011111111 -0.0011111111,-0.01 -0.01 -0.01,-1 -1 -1,255
255,11111111,11111111,-6.1035156E-05 -6.1035156E-05 -6.1035156E-05 -6.1035156E-05,-0.0011111111 -0.0011111111 -0.0011111111,-0.01 -0.01 -0.01,-1 -1 -1,255
255,11111111,11111111,-6.1035156E-05 -6.1035156E-05 -6.1035156E-05 -6.1035156E-05,-0.0011111111 -0.0011111111 -0.0011111111,-0.01 -0.01 -0.01,-1 -1 -1,255
255,11111111,11111111,-6.1035156E-05 -6.1035156E-05 -6.1035156E-05 -6.1035156E-05,-0.0011111111 -0.0011111111 -0.0011111111,-0.01 -0.01 -0.01,-1 -1 -1,255
255,11111111,11111111,-6.1035156E-05 -6.1035156E-05 -6.1035156E-05 -6.1035156E-05,-0.0011111111 -0.0011111111 -0.0011111111,-0.01 -0.01 -0.01,-1 -1 -1,255
255,11111111,11111111,-6.1035156E-05 -6.1035156E-05 -6.1035156E-05 -6.1035156E-05,-0.0011111111 -0.0011111111 -0.0011111111,-0.01 -0.01 -0.01,-1 -1 -1,255
255,11111111,11111111,-6.1035156E-05 -6.1035156E-05 -6.1035156E-05 -6.1035156E-05,-0.0011111111 -0.0011111111 -0.0011111111,-0.01 -0.01 -0.01,-1 -1 -1,255
255,11111111,11111111,-6.1035156E-05 -6.1035156E-05 -6.1035156E-05 -6.1035156E-05,-0.0011111111 -0.0011111111 -0.0011111111,-0.01 -0.01 -0.01,-1 -1 -1,255
255,11111111,11111111,-6.1035156E-05 -6.1035156E-05 -6.1035156E-05 -6.1035156E-05,-0.0011111111 -0.0011111111 -0.0011111111,-0.01 -0.01 -0.01,-1 -1 -1,255
255,11111111,11111111,-6.1035156E-05 -6.1035156E-05 -6.1035156E-05 -6.1035156E-05,-0.0011111111 -0.0011111111 -0.0011111111,-0.01 -0.01 -0.01,-1 -1 -1,255
255,11111111,11111111,-6.1035156E-05 -6.1035156E-05 -6.1035156E-05 -6.1035156E-05,-0.0011111111 -0.0011111111 -0.0011111111,-0.01 -0.01 -0.01,-1 -1 -1,255
255,11111111,11111111,-6.1035156E-05 -6.1035156E-05 -6.1035156E-05 -6.1035156E-05,-0.0011111111 -0.0011111111 -0.0011111111,-0.01 -0.01 -0.01,-1 -1 -1,255
255,11111111,11111111,-6.1035156E-05 -6.1035156E-05 -6.1035156E-05 -6.1035156E-05,-0.0011111111 -0.0011111111 -0.0011111111,-0.01 -0.01 -0.01,-1 -1 -1,255
255,11111111,11111111,-6.1035156E-05 -6.1035156E-05 -6.1035156E-05 -6.1035156E-05,-0.0011111111 -0.0011111111 -0.0011111111,-0.01 -0.01 -0.01,-1 -1 -1,255
255,11111111,11111111,-6.1035156E-05 -6.1035156E-05 -6.1035156E-05 -6.1035156E-05,-0.0011111111 -0.0011111111 -0.0011111111,-0.01 -0.01 -0.01,-1 -1 -1,255
255,11111111,11111111,-6.1035156E-05 -6.1035156E-05 -6.1035156E-05 -6.1035156E-05,-0.0011111111 -0.0011111111 -0.0011111111,-0.01 -0.01 -0.01,-1 -1 -1,255
255,11111111,11111111,-6.1035156E-05 -6.1035156E-05 -6.1035156E-05 -6.1035156E-05,-0.0011111111 -0.0011111111 -0.0011111111,-0.01 -0.01 -0.01,-1 -1 -1,255
255,11111111,11111111,-6.1035156E-05 -6.1035156E-05 -6.1035156E-05 -6.1035156E-05,-0.0011111111 -0.0011111111 -0.0011111111,-0.01 -0.01 -0.01,-1 -1 -1,255
255,11111111,11111111,-6.1035156E-05 -6.1035156E-05 -6.1035156E-05 -6.1035156E-05,-0.0011111111 -0.0011111111 -0.0011111111,-0.01 -0.01 -0.01,-1 -1 -1,255
255,11111111,11111111,-6.1035156E-05 -6.1035156E-05 -6.1035156E-05 -6.1035156E-05,-0.0011111111 -0.0011111111 -0.0011111111,-0.01 -0.01 -0.01,-1 -1 -1,255
255,11111111,11111111,-6.1035156E-05 -6.1035156E-05 -6.1035156E-05 -6.1035156E-05,-0.0011111111 -0.0011111111 -0.0011111111,-0.01 -0.01 -0.01,-1 -1 -1,255
255,11111111,11111111,-6.1035156E-05 -6.1035156E-05 -6.1035156E-05 -6.1035156E-05,-0.0011111111 -0.0011111111 -0.0011111111,-0.01 -0.01 -0.01,-1 -1 -1,255
255,11111111,11111111,-6.1035156E-05 -6.1035156E-05 -6.1035156E-05 -6.1035156E-05,-0.0011111111 -0.0011111111 -0.0011111111,-0.01 -0.01 -0.01,-1 -1 -1,255
255,11111111,11111111,-6.1035156E-05 -6.1035156E-05 -6.1035156E-05 -6.1035156E-05,-0.0011111111 -0.0011111111 -0.0011111111,-0.01 -0.01 -0.01,-1 -1 -1,255
255,11111111,11111111,-6.1035156E-05 -6.1035156E-05 -6.1035156E-05 -6.1035156E-05,-0.0011111111 -0.0011111111 -0.0011111111,-0.01 -0.01 -0.01,-1 -1 -1,255
255,11111111,11111111,-6.1035156E-05 -6.1035156E-05 -6.1035156E-05 -6.1035156E-05,-0.0011111111 -0.0011111111 -0.0011111111,-0.01 -0.01 -0.01,-1 -1 -1,255
255,11111111,11111111,-6.1035156E-05 -6.1035156E-05 -6.1035156E-05 -6.1035156E-05,-0.0011111111 -0.0011111111 -0.0011111111,-0.01 -0.01 -0.01,-1 -1 -1,255
255,11111111,11111111,-6.1035156E-05 -6.1035156E-05 -6.1035156E-05 -6.1035156E-05,-0.0011111111 -0.0011111111 -0.0011111111,-0.01 -0.01 -0.01,-1 -1 -1,255
255,11111111,11111111,-6.1035156E-05 -6.1035156E-05 -6.1035156E-05 -6.1035156E-05,-0.0011111111 -0.0011111111 -0.0011111111,-0.01 -0.01 -0.01,-1 -1 -1,255
255,11111111,11111111,-6.1035156E-05 -6.1035156E-05 -6.1035156E-05 -6.1035156E-05,-0.0011111111 -0.0011111111 -0.0011111111,-0.01 -0.01 -0.01,-1 -1 -1,255
255,11111111,11111111,-6.1035156E-05 -6.1035156E-05 -6.1035156E-05 -6.1035156E-05,-0.0011111111 -0.0011111111 -0.0011111111,-0.01 -0.01 -0.01,-1 -1 -1,255
255,11111111,11111111,-6.1035156E-05 -6.1035156E-05 -6.1035156E-05 -6.1035156E-05,-0.0011111111 -0.0011111111 -0.0011111111,-0.01 -0.01 -0.01,-1 -1 -1,255
255,11111111,11111111,-6.1035156E-05 -6.1035156E-05 -6.1035156E-05 -6.1035156E-05,-0.0011111111 -0.0011111111 -0.0011111111,-0.01 -0.01 -0.01,-1 -1 -1,255
255,11111111,11111111,-6.1035156E-05 -6.1035156E-05 -6.1035156E-05 -6.1035156E-05,-0.0011111111 -0.0011111111 -0.0011111111,-0.01 -0.01 -0.01,-1 -1 -1,255
255,11111111,11111111,-6.1035156E-05 -6.1035156E-05 -6.1035156E-05 -6.1035156E-05,-0.0011111111 -0.0011111111 -0.0011111111,-0.01 -0.01 -0.01,-1 -1 -1,255
255,11111111,11111111,-6.1035156E-05 -6.1035156E-05 -6.1035156E-05 -6.1035156E-05,-0.0011111111 -0.0011111111 -0.0011111111,-0.01 -0.01 -0.01,-1 -1 -1,255
255,11111111,11111111,-6.1035156E-05 -6.1035156E-05 -6.1035156E-05 -6.1035156E-05,-0.0011111111 -0.0011111111 -0.0011111111,-0.01 -0.01 -0.01,-1 -1 -1,255
255,11111111,11111111,-6.1035156E-05 -6.1035156E-05 -6.1035156E-05 -6.1035156E-05,-0.0011111111 -0.0011111111 -0.0011111111,-0.01 -0.01 -0.01,-1 -1 -1,255
255,11111111,11111111,-6.1035156E-05 -6.1035156E-05 -6.1035156E-05 -6.1035156E-05,-0.0011111111 -0.0011111111 -0.0011111111,-0.01 -0.01 -0.01,-1 -1 -1,255
255,11111111,11111111,-6.1035156E-05 -6.1035156E-05 -6.1035156E-05 -6.1035156E-05,-0.0011111111 -0.0011111111 -0.0011111111,-0.01 -0.01 -0.01,-1 -1 -1,255
255,11111111,11111111,-6.1035156E-05 -6.1035156E-05 -6.1035156E-05 -6.1035156E-05,-0.0011111111 -0.0011111111 -0.0011111111,-0.01 -0.01 -0.01,-1 -1 -1,255
255,11111111,11111111,-6.1035156E-05 -6.1035156E-05 -6.1035156E-05 -6.1035156E-05,-0.0011111111 -0.0011111111 -0.0011111111,-0.01 -0.01 -0.01,-1 -1 -1,255
255,11111111,11111111,-6.1035156E-05 -6.1035156E-05 -6.1035156E-05 -6.1035156E-05,-0.0011111111 -0.0011111111 -0.0011111111,-0.01 -0.01 -0.01,-1 -1 -1,255
255,11111111,11111111,-6.1035156E-05 -6.1035156E-05 -6.1035156E-05 -6.1035156E-05,-0.0011111111 -0.0011111111 -0.0011111111,-0.01 -0.01 -0.01,-1 -1 -1,255
255,11111111,11111111,-6.1035156E-05 -6.1035156E-05 -6.1035156E-05 -6.1035156E-05,-0.0011111111 -0.0011111111 -0.0011111111,-0.01 -0.01 -0.01,-1 -1 -1,255
255,11111111,11111111,-6.1035156E-05 -6.1035156E-05 -6.1035156E-05 -6.1035156E-05,-0.0011111111 -0.0011111111 -0.0011111111,-0.01 -0.01 -0.01,-1 -1 -1,255
255,11111111,11111111,-6.1035156E-05 -6.1035156E-05 -6.1035156E-05 -6.1035156E-05,-0.0011111111 -0.0011111111 -0.0011111111,-0.01 -0.01 -0.01,-1 -1 -1,255
255,11111111,11111111,-6.1035156E-05 -6.1035156E-05 -6.1035156E-05 -6.1035156E-05,-0.0011111111 -0.0011111111 -0.0011111111,-0.01 -0.01 -0.01,-1 -1 -1,255
255,11111111,11111111,-6.1035156E-05 -6.1035156E-05 -6.1035156E-05 -6.1035156E-05,-0.0011111111 -0.0011111111 -0.0011111111,-0.01 -0.01 -0.01,-1 -1 -1,255
255,11111111,11111111,-6.1035156E-05 -6.1035156E-05 -6.1035156E-05 -6.1035156E-05,-0.0011111111 -0.0011111111 -0.0011111111,-0.01 -0.01 -0.01,-1 -1 -1,255
255,11111111,11111111,-6.1035156E-05 -6.1035156E-05 -6.1035156E-05 -6.1035156E-05,-0.0011111111 -0.0011111111 -0.0011111111,-0.01 -0.01 -0.01,-1 -1 -1,255
255,11111111,11111111,-6.1035156E-05 -6.1035156E-05 -6.1035156E-05 -6.1035156E-05,-0.0011111111 -0.0011111111 -0.0011111111,-0.01 -0.01 -0.01,-1 -1 -1,255
255,11111111,11111111,-6.1035156E-05 -6.1035156E-05 -6.1035156E-05 -6.1035156E-05,-0.0011111111 -0.0011111111 -0.0011111111,-0.01 -0.01 -0.01,-1 -1 -1,255
255,11111111,11111111,-6.1035156E-05 -6.1035156E-05 -6.1035156E-05 -6.1035156E-05,-0.0011111111 -0.0011111111 -0.0011111111,-0.01 -0.01 -0.01,-1 -1 -1,255
255,11111111,11111111,-6.1035156E-05 -6.1035156E-05 -6.1035156E-05 -6.1035156E-05,-0.0011111111 -0.0011111111 -0.0011111111,-0.01 -0.01 -0.01,-1 -1 -1,255
255,11111111,11111111,-6.1035156E-05 -6.1035156E-05 -6.1035156E-05 -6.1035156E-05,-0.0011111111 -0.0011111111 -0.0011111111,-0.01 -0.01 -0.01,-1 -1 -1,255
255,11111111,11111111,-6.1035156E-05 -6.1035156E-05 -6.1035156E-05 -6.1035156E-05,-0.0011111111 -0.0011111111 -0.0011111111,-0.01 -0.01 -0.01,-1 -1 -1,255
255,11111111,11111111,-6.1035156E-05 -6.1035156E-05 -6.1035156E-05 -6.1035156E-05,-0.0011111111 -0.0011111111 -0.0011111111,-0.01 -0.01 -0.01,-1 -1 -1,255
255,11111111,11111111,-6.1035156E-05 -6.1035156E-05 -6.1035156E-05 -6.1035156E-05,-0.0011111111 -0.0011111111 -0.0011111111,-0.01 -0.01 -0.01,-1 -1 -1,255
255,11111111,11111111,-6.1035156E-05 -6.1035156E-05 -6.1035156E-05 -6.1035156E-05,-0.0011111111 -0.0011111111 -0.0011111111,-0.01 -0.01 -0.01,-1 -1 -1,255
255,11111111,11111111,-6.1035156E-05 -6.1035156E-05 -6.1035156E-05 -6.1035156E-05,-0.0011111111 -0.0011111111 -0.0011111111,-0.01 -0.01 -0.01,-1 -1 -1,255
255,11111111,11111111,-6.1035156E-05 -6.1035156E-05 -6.1035156E-05 -6.1035156E-05,-0.0011111111 -0.0011111111 -0.0011111111,-0.01 -0.01 -0.01,-1 -1 -1,255
255,11111111,11111111,-6.1035156E-05 -6.1035156E-05 -6.1035156E-05 -6.1035156E-05,-0.0011111111 -0.0011111111 -0.0011111111,-0.01 -0.01 -0.01,-1 -1 -1,255
255,11111111,11111111,-6.1035156E-05 -6.1035156E-05 -6.1035156E-05 -6.1035156E-05,-0.0011111111 -0.0011111111 -0.0011111111,-0.01 -0.01 -0.01,-1 -1 -1,255
255,11111111,11111111,-6.1035156E-05 -6.1035156E-05 -6.1035156E-05 -6.1035156E-05,-0.0011111111 -0.0011111111 -0.0011111111,-0.01 -0.01 -0.01,-1 -1 -1,255
255,11111111,11111111,-6.1035156E-05 -6.1035156E-05 -6.1035156E-05 -6.1035156E-05,-0.0011111111 -0.0011111111 -0.0011111111,-0.01 -0.01 -0.01,-1 -1 -1,255
255,11111111,11111111,-6.1035156E-05 -6.1035156E-05 -6.1035156E-05 -6.1035156E-05,-0.0011111111 -0.0011111111 -0.0011111111,-0.01 -0.01 -0.01,-1 -1 -1,255
255,11111111,11111111,-6.1035156E-05 -6.1035156E-05 -6.1035156E-05 -6.1035156E-05,-0.0011111111 -0.0011111111 -0.0011111111,-0.01 -0.01 -0.01,-1 -1 -1,255
255,11111111,11111111,-6.1035156E-05 -6.1035156E-05 -6.1035156E-05 -6.1035156E-05,-0.0011111111 -0.0011111111 -0.0011111111,-0.01 -0.01 -0.01,-1 -1 -1,255
255,11111111,11111111,-6.1035156E-05 -6.1035156E-05 -6.1035156E-05 -6.1035156E-05,-0.0011111111 -0.0011111111 -0.0011111111,-0.01 -0.01 -0.01,-1 -1 -1,255
255,11111111,11111111,-6.1035156E-05 -6.1035156E-05 -6.1035156E-05 -6.1035156E-05,-0.0011111111 -0.0011111111 -0.0011111111,-0.01 -0.01 -0.01,-1 -1 -1,255
255,11111111,11111111,-6.1035156E-05 -6.1035156E-05 -6.1035156E-05 -6.1035156E-05,-0.0011111111 -0.0011111111 -0.0011111111,-0.01 -0.01 -0.01,-1 -1 -1,255
255,11111111,11111111,-6.1035156E-05 -6.1035156E-05 -6.1035156E-05 -6.1035156E-05,-0.0011111111 -0.0011111111 -0.0011111111,-0.01 -0.01 -0.01,-1 -1 -1,255
255,11111111,11111111,-6.1035156E-05 -6.1035156E-05 -6.1035156E-05 -6.1035156E-05,-0.0011111111 -0.0011111111 -0.0011111111,-0.01 -0.01 -0.01,-1 -1 -1,255
255,11111111,11111111,-6.1035156E-05 -6.1035156E-05 -6.1035156E-05 -6.1035156E-05,-0.0011111111 -0.0011111111 -0.0011111111,-0.01 -0.01 -0.01,-1 -1 -1,255
255,11111111,11111111,-6.1035156E-05 -6.1035156E-05 -6.1035156E-05 -6.1035156E-05,-0.0011111111 -0.0011111111 -0.0011111111,-0.01 -0.01 -0.01,-1 -1 -1,255
255,11111111,11111111,-6.1035156E-05 -6.1035156E-05 -6.1035156E-05 -6.1035156E-05,-0.0011111111 -0.0011111111 -0.0011111111,-0.01 -0.01 -0.01,-1 -1 -1,255
255,11111111,11111111,-6.1035156E-05 -6.1035156E-05 -6.1035156E-05 -6.1035156E-05,-0.0011111111 -0.0011111111 -0.0011111111,-0.01 -0.01 -0.01,-1 -1 -1,255
255,11111111,11111111,-6.1035156E-05 -6.1035156E-05 -6.1035156E-05 -6.1035156E-05,-0.0011111111 -0.0011111111 -0.0011111111,-0.01 -0.01 -0.01,-1 -1 -1,255
255,11111111,11111111,-6.1035156E-05 -6.1035156E-05 -6.1035156E-05 -6.1035156E-05,-0.0011111111 -0.0011111111 -0.0011111111,-0.01 -0.01 -0.01,-1 -1 -1,255
255,11111111,11111111,-6.1035156E-05 -6.1035156E-05 -6.1035156E-05 -6.1035156E-05,-0.0011111111 -0.0011111111 -0.0011111111,-0.01 -0.01 -0.01,-1 -1 -1,255
255,11111111,11111111,-6.1035156E-05 -6.1035156E-05 -6.1035156E-05 -6.1035156E-05,-0.0011111111 -0.0011111111 -0.0011111111,-0.01 -0.01 -0.01,-1 -1 -1,255
255,11111111,11111111,-6.1035156E-05 -6.1035156E-05 -6.1035156E-05 -6.1035156E-05,-0.0011111111 -0.0011111111 -0.0011111111,-0.01 -0.01 -0.01,-1 -1 -1,255
255,11111111,11111111,-6.1035156E-05 -6.1035156E-05 -6.1035156E-05 -6.1035156E-05,-0.0011111111 -0.0011111111 -0.0011111111,-0.01 -0.01 -0.01,-1 -1 -1,255
255,11111111,11111111,-6.1035156E-05 -6.1035156E-05 -6.1035156E-05 -6.1035156E-05,-0.0011111111 -0.0011111111 -0.0011111111,-0.01 -0.01 -0.01,-1 -1 -1,255
255,11111111,11111111,-6.1035156E-05 -6.1035156E-05 -6.1035156E-05 -6.1035156E-05,-0.0011111111 -0.0011111111 -0.0011111111,-0.01 -0.01 -0.01,-1 -1 -1,255
255,11111111,11111111,-6.1035156E-05 -6.1035156E-05 -6.1035156E-05 -6.1035156E-05,-0.0011111111 -0.0011111111 -0.0011111111,-0.01 -0.01 -0.01,-1 -1 -1,255
255,11111111,11111111,-6.1035156E-05 -6.1035156E-05 -6.1035156E-05 -6.1035156E-05,-0.0011111111 -0.0011111111 -0.0011111111,-0.01 -0.01 -0.01,-1 -1 -1,255
255,11111111,11111111,-6.1035156E-05 -6.1035156E-05 -6.1035156E-05 -6.1035156E-05,-0.0011111111 -0.0011111111 -0.0011111111,-0.01 -0.01 -0.01,-1 -1 -1,255
255,11111111,11111111,-6.1035156E-05 -6.1035156E-05 -6.1035156E-05 -6.1035156E-05,-0.0011111111 -0.0011111111 -0.0011111111,-0.01 -0.01 -0.01,-1 -1 -1,255
255,11111111,11111111,-6.1035156E-05 -6.1035156E-05 -6.1035156E-05 -6.1035156E-05,-0.0011111111 -0.0011111111 -0.0011111111,-0.01 -0.01 -0.01,-1 -1 -1,255
255,11111111,11111111,-6.1035156E-05 -6.1035156E-05 -6.1035156E-05 -6.1035156E-05,-0.0011111111 -0.0011111111 -0.0011111111,-0.01 -0.01 -0.01,-1 -1 -1,255
255,11111111,11111111,-6.1035156E-05 -6.1035156E-05 -6.1035156E-05 -6.1035156E-05,-0.0011111111 -0.0011111111 -0.0011111111,-0.01 -0.01 -0.01,-1 -1 -1,255
255,11111111,11111111,-6.1035156E-05 -6.1035156E-05 -6.1035156E-05 -6.1035156E-05,-0.0011111111 -0.0011111111 -0.0011111111,-0.01 -0.01 -0.01,-1 -1 -1,255
