index,flag1,flag2,ori,avel,acce,mp,temp ( Big-Endian )
0,01100001,00000000,-0.018798828 -0.97143555 0.2364502 -0.0068359375,0.23666666 -0.064444445 0.5188889,-0.4 -0.04 10.1,0 0 0,26
1,01100001,00000000,0 -0.9614258 0.2750244 0.0006713867,0.16111112 0.33555555 0.6911111,0.64 0.05 9.69,0 0 0,26
2,01100001,00000000,0.012634277 -0.96203613 0.27270508 0.003967285,0.01 -0.40222222 -0.028888889,0.77 0.66 9.69,0 0 0,26
3,01100001,00000000,0.012145996 -0.96240234 0.27044678 0.021484375,0.028888889 -0.71666664 -0.16,0.1 0.8 10.11,0 0 0,26
4,01100001,00000000,0.018005371 -0.94940186 0.31347656 -0.009033203,0.35333332 1.2577778 1.4188889,0.28 1.11 9.87,0 0 0,26
5,01100001,00000000,0.031677246 -0.92126465 0.38354492 -0.05596924,0.46444446 0.30333334 0.8211111,0.12 0.86 9.43,0 0 0,26
6,01100001,00000000,0.03338623 -0.91619873 0.39294434 -0.07104492,-0.15333334 0.083333336 -0.24666667,-0.3 1.38 9.06,0 0 0,26
7,01100001,00000000,0.036499023 -0.93292236 0.3552246 -0.046142578,0.12888889 -0.7111111 -0.8666667,-0.27 1.64 10.03,0 0 0,26
8,01100001,00000000,0.06378174 -0.93933105 0.33685303 -0.008666992,0.12222222 -0.9011111 0.10333333,-0.27 1.54 9.62,0 0 0,26
9,01100001,00000000,0.06567383 -0.9383545 0.3394165 -0.00012207031,-0.29777777 0.5177778 0.16111112,0.44 1.09 8.9,0 0 0,26
10,01100001,00000000,0.010925293 -0.9415283 0.3345337 -0.038024902,-0.52111113 0.4511111 -0.88,-1.47 0.44 10.6,0 0 0,26
11,01100001,00000000,-0.0020751953 -0.9512329 0.30773926 -0.022399902,-0.19333333 -0.37111112 -0.11,-0.78 0.5 10.22,0 0 0,26
12,01100001,00000000,0.0052490234 -0.95703125 0.289917 -0.0044555664,0.04222222 0.18555556 -0.032222223,0.36 0.63 9.21,0 0 0,26
13,01100001,00000000,-0.006713867 -0.95410156 0.29864502 -0.02166748,-0.107777774 -0.40444446 -0.5588889,-1 -0.24 10,0 0 0,26
14,01100001,00000000,-0.0099487305 -0.9680176 0.25054932 0.010131836,-0.32444444 0.41 -0.69777775,0.77 0.11 9.66,0 0 0,26
15,01100001,00000000,-0.011047363 -0.9768677 0.21252441 0.021972656,0.36666667 -1.3688889 -0.5733333,-0.31 -0.27 10.28,0 0 0,26
16,01100001,00000000,0.0146484375 -0.97717285 0.20794678 0.04046631,0.6155556 0.36333334 0.04777778,-0.44 -1.04 10.08,0 0 0,26
17,01100001,00000000,0.13781738 -0.9645996 0.21954346 0.04840088,1.2355555 -0.88555557 0.4188889,1.72 2.56 8.63,0 0 0,26
18,01100001,00000000,0.2642212 -0.95373535 0.14147949 0.022094727,2.661111 0.46666667 -1.1566666,1.81 4.63 8.65,0 0 0,26
19,01100001,00000000,0.35723877 -0.9263916 0.11859131 -0.0067749023,1.3644445 -0.9688889 0.1388889,-0.07 6.13 7.62,0 0 0,26
20,01100001,00000000,0.44177246 -0.89208984 0.08544922 0.04107666,0.9677778 -0.84444445 -0.56666666,1.51 7.31 5.57,0 0 0,26
21,01100001,00000000,0.45410156 -0.8869629 0.07800293 0.030822754,-0.25666666 0.61 0.27333334,1.38 7.55 5.91,0 0 0,26
22,01100001,00000000,0.47253418 -0.8758545 0.092041016 0.032348633,0.8188889 -0.40333334 0.1388889,0.98 8.27 5.18,0 0 0,26
23,01100001,00000000,0.5131836 -0.8518677 0.08679199 0.058166504,0.6588889 -0.4188889 0.39222223,2.41 8.67 4.43,0 0 0,26
24,01100001,00000000,0.538147 -0.8331909 0.112976074 0.05822754,0.5411111 0.101111114 0.26777777,1.2 8.06 4.43,0 0 0,26
25,01100001,00000000,0.57818604 -0.7946167 0.11401367 0.08703613,1.1522223 -1.9911112 -28.16,3.21 9.15 2.69,0 0 0,26
26,01100001,00000000,0.6367798 -0.75891113 0.08441162 0.10687256,0.73777777 -0.7888889 -0.5733333,2.68 8.8 1.77,0 0 0,26
27,01100001,00000000,0.6661377 -0.73651123 0.0038452148 0.117248535,-0.92444444 -0.74222225 -0.16222222,2.38 11.97 -0.3,0 0 0,26
28,01100001,00000000,0.47888184 -0.86328125 0.01550293 0.15887451,-4.4 0.72333336 0.8744444,2.34 4.99 5.06,0 0 0,26
29,01100001,00000000,0.36083984 -0.9165039 0.079956055 0.15301514,-1.9444444 1.1955556 2.6511111,2.8 4.19 7.28,0 0 0,26
30,01100001,00000000,0.32598877 -0.92529297 0.11920166 0.1529541,-0.66888887 0.4888889 0.49,4.7 5.3 7.63,0 0 0,26
31,01100001,00000000,0.23724365 -0.9413452 0.20263672 0.128479,-0.7588889 0.08777778 0.38111112,0.06 2.65 9.28,0 0 0,26
32,01100001,00000000,0.20233154 -0.9517212 0.19567871 0.12243652,-0.43555555 0.54 0.055555556,2.81 3.16 8.03,0 0 0,26
33,01100001,00000000,0.19537354 -0.96380615 0.13684082 0.11907959,0.01 -0.54444444 -1.5822222,3.37 3 8.07,0 0 0,26
34,01100001,00000000,0.20251465 -0.96520996 0.117004395 0.11694336,0.26777777 -0.50666666 -0.36555555,265.04 -2.5 -0.01,0 0 0,26
35,01100001,00000000,0.2199707 -0.9607544 0.111206055 0.1272583,-0.012222222 0.006666667 0.6433333,2.07 2.6 8.52,0 0 0,26
36,01100001,00000000,0.23571777 -0.95202637 0.13897705 0.13684082,-0.22444445 -0.13444445 0.2988889,3.77 5.05 8.2,0 0 0,26
37,01100001,00000000,0.23303223 -0.94940186 0.12585449 0.16870117,-0.15444444 -1.0388889 -0.53444445,3.55 4.12 7.8,0 0 0,26
38,01100001,00000000,0.21508789 -0.9494629 0.12591553 0.19067383,-0.08444444 0.17555556 0.24666667,4.34 3.34 8.86,0 0 0,26
39,01100001,00000000,0.20654297 -0.9510498 0.14202881 0.18066406,0.06 0.18555556 0.14888889,3.82 3.42 7.87,0 0 0,26
40,01100001,00000000,0.23175049 -0.944458 0.13665771 0.18878174,0.5377778 -0.5188889 -0.13444445,3.18 4.91 9.92,0 0 0,26
41,01100001,00000000,0.21746826 -0.9501953 0.117004395 0.19018555,-0.27666667 0.33555555 -0.82555556,3.5 3.65 8.66,0 0 0,26
42,01100001,00000000,0.140625 -0.9612427 0.18743896 0.14447021,-1.0766667 2.0677779 14.791111,4.81 2.73 8.74,0 0 0,26
43,01100001,00000000,-0.02722168 -0.96203613 0.27148438 -0.0010986328,-0.90555555 2.557778 1.6933334,-5.34 -3.04 14.22,0 0 0,26
44,01100001,00000000,0.0006713867 -0.92633057 0.36999512 0.07080078,0 -0.34111112 1.8633333,3.73 -0.36 7.76,0 0 0,26
45,01100001,00000000,-0.019897461 -0.8742676 0.4779663 -0.08227539,1.1966667 2.7455556 2.2666667,-0.31 0.6 7.17,0 0 0,26
46,01100001,00000000,-0.1340332 -0.7734375 0.60095215 -0.15057373,-3.4466667 2.338889 2.6633334,-0.58 0.37 8.38,0 0 0,26
47,01100001,00000000,-0.117614746 -0.6720581 0.7268677 -0.07849121,-1.1277778 -5.341111 2.4277778,-3.42 2.51 9.88,0 0 0,26
48,01100001,00000000,-0.004699707 -0.52770996 0.82421875 0.2053833,0.057777777 -2.07 2.8333333,3.07 -5.22 11.28,0 0 0,26
49,01100001,00000000,0.049987793 -0.3616333 0.92370605 0.11590576,0.63222224 0.052222222 2.991111,1.4 0.28 8.13,0 0 0,26
50,01100001,00000000,0.0005493164 -0.2006836 0.97906494 -0.03363037,4.322222 1.3544445 2.9266667,0.01 -0.18 8.74,0 0 0,26
51,01100001,00000000,-0.035583496 -0.027160645 0.9904785 -0.13018799,-1.2133334 1.8944445 2.961111,0.35 -1.95 -0.01,0 0 0,26
52,01100001,00000000,-0.048095703 -0.005126953 0.99798584 -0.040405273,-1.9122223 -0.49333334 -3.4733334,2.1 -0.93 8.54,0 0 0,26
53,01100001,00000000,-0.014282227 -0.30603027 0.94976807 0.06390381,-1.5955555 -1.3311111 -5.191111,0.62 0.19 9.15,0 0 0,26
54,01100001,00000000,-0.013977051 -0.5593872 0.82458496 0.08319092,1.0644444 2.6877778 -4.768889,1.35 -1.31 13.95,0 0 0,26
55,01100001,00000000,-0.01953125 -0.75567627 0.65423584 0.02319336,0.8922222 -1.0522223 -3.8566666,-0.62 -0.29 9.16,0 0 0,26
56,01100001,00000000,0.0045776367 -0.7615967 0.6466675 -0.04168701,1.2922223 0.30333334 2.4855556,-1.81 -0.79 10.21,0 0 0,26
57,01100001,00000000,0.054748535 -0.6206665 0.7807617 -0.046142578,-0.0044444446 1.0711111 3.5455556,2.25 -0.17 8.79,0 0 0,26
58,01100001,00000000,-0.054016113 -0.45324707 0.88739014 -0.064819336,-2.1111112 1.3055556 3.0122223,-1.48 1.49 10.11,0 0 0,26
59,01100001,00000000,-0.10925293 -0.37731934 0.918396 0.06530762,0.16111112 -1.2455555 -1.5633334,0.79 -4.01 9.93,0 0 0,26
60,01100001,00000000,-0.032714844 -0.4725952 0.87927246 0.049560547,-1.5277778 -1.1344445 -1.7777778,-0.44 1.49 8.44,0 0 0,26
61,01100001,00000000,0.045837402 -0.5611572 0.8262329 0.01751709,3.4555554 0.5788889 -1.79,0.93 -0.22 9.57,0 0 0,26
62,01100001,00000000,0.04534912 -0.63397217 0.7704468 -0.04937744,-0.30333334 0.43333334 -1.61,1.4 -0.36 8.19,0 0 0,26
63,01100001,00000000,-0.092163086 -0.6784668 0.7191162 -0.11859131,-1.7222222 2.2 -1.278889,-3.61 0.93 11.73,0 0 0,26
64,01100001,00000000,-0.056152344 -0.7249756 0.6850586 0.044067383,-0.64111114 -3.13 -1.1333333,2.2 -0.15 9.41,0 0 0,26
65,01100001,00000000,0.0018310547 -0.74523926 0.6427002 0.17767334,-0.06 -3.0533333 -0.8566667,-0.64 -1.78 9.13,0 0 0,26
66,01100001,00000000,0.0803833 -0.75738525 0.63964844 0.103393555,1.8488889 3.1977777 -0.31444445,1.41 0.69 9.65,0 0 0,26
67,01100001,00000000,0.068237305 -0.7644043 0.6401367 -0.03552246,1.8044444 1.3711112 -0.15555556,1.79 0.13 9.43,0 0 0,26
68,01100001,00000000,-0.047424316 -0.7451782 0.65393066 -0.12194824,-3.05 1.2711111 0.14444445,-2.68 1.05 142.05,0 0 0,26
69,01100001,00000000,-0.12359619 -0.7163696 0.6861572 -0.02709961,-0.15888889 0.87777776 1.0377778,2.18 -1.69 10.78,0 0 0,26
70,01100001,00000000,-0.08227539 -0.6721802 0.73498535 0.035095215,-2.3777778 -4.5733333 0.97555554,-1.11 1.2 8.28,0 0 0,26
71,01100001,00000000,-0.04333496 -0.6054077 0.78063965 0.14910889,2.2077777 0.5411111 1.2644445,-0.5 -2.53 11.36,0 0 0,26
72,01100001,00000000,0.101745605 -0.5392456 0.8265381 0.12506104,0.59 -2.1322222 1.2266667,2.44 -0.13 8.41,0 0 0,26
73,01100001,00000000,0.06414795 -0.4533081 0.88812256 -0.040649414,3.4755557 3.761111 1.5622222,0.88 -0.12 8.91,0 0 0,26
74,01100001,00000000,-0.063964844 -0.33813477 0.9263916 -0.15301514,-1.1244445 2.5 1.8188889,-0.75 1.11 11.19,0 0 0,26
75,01100001,00000000,-0.113098145 -0.22991943 0.96380615 -0.07373047,-1.7977778 0.06666667 1.6744444,0.87 -0.45 12.44,0 0 0,26
76,01100001,00000000,-0.20831299 0 0 -0.015625,-5.4766665 0.16222222 1.6522223,-3.48 2.58 13.81,0 0 0,26
77,01100001,00000000,-0.033935547 0.053833008 0.9711304 0.22991943,0.75333333 -5.2644444 1.1,-0.38 -2.86 12.53,0 0 0,26
78,01100001,00000000,0.17718506 0.16497803 0.94140625 0.23492432,-1.3822222 -3.2877777 1.2933333,0.05 -2.01 7.47,0 0 0,26
79,01100001,00000000,0.28955078 0.29504395 0.90509033 0.099731445,4.112222 -1.7855556 1.1588889,1.97 -1.09 5.19,0 0 0,26
80,01100001,00000000,0.20806885 0.40844727 0.8876343 -0.04486084,2.49 1.2266667 1.2022222,0.32 -0.22 8.87,0 0 0,26
81,01100001,00000000,-0.023254395 0.5102539 0.8347168 -0.20587158,4.33 3.2933333 0.9955556,1.46 2.92 13.3,0 0 0,26
82,01100001,00000000,-0.19390869 0.5899048 0.7711792 -0.14038086,0.24666667 3.1633334 0.95666665,0.97 0.24 12.31,0 0 0,26
83,01100001,00000000,-0.2705078 0.66674805 0.6934204 0.038024902,-3.2377777 1.9655555 0.72888887,-1.96 0.24 10.75,0 0 0,26
84,01100001,00000000,-0.171875 0.71984863 0.65356445 0.15875244,-2.228889 0.023333333 0.23666666,0.13 -0.83 9.22,0 0 0,26
85,01100001,00000000,0.024597168 0.7525635 0.63946533 0.1552124,-2.6755555 -4.48 -0.36333334,-1.14 -0.74 10.13,242 13874 -1793,26
86,01100001,00000000,0.16766357 0.7564697 0.63201904 -0.012084961,1.7177777 -2.6211112 -0.5777778,1.32 -1.38 8.76,0 0 0,26
87,01100001,00000000,0.08496094 0.7457886 0.6409912 -0.16027832,2.2044444 -0.81666666 -0.8711111,-0.02 1.08 8.45,0 0 0,26
88,01100001,00000000,0.050476074 0.7156372 0.6760254 -0.16827393,-0.11444444 2.0166667 -0.9411111,2.03 -1.74 11.04,0 0 0,26
89,01100001,00000000,-0.15533447 0.6987915 0.69433594 -0.07385254,0.30666667 4.1066666 -0.9488889,0 2.3 9.31,0 0 0,26
90,01100001,00000000,-0.13165283 0.6810303 0.7032471 0.15588379,-3.15 0.4511111 -1.26,-1.51 -1.77 10.46,0 0 0,26
91,01100001,00000000,0.011779785 0.64086914 0.7519531 0.1539917,-0.8566667 -2.8266666 -1.6777778,-0.36 -0.59 9.97,0 0 0,26
92,01100001,00000000,0.09265137 0.5811157 0.80841064 0.014343262,2.8111112 -1.3044444 -1.8833333,1.15 -1.4 10.26,0 0 0,26
93,01100001,00000000,0.022216797 0.4975586 0 -0.015625,1.54 -0.05 -1.9588889,-0.1 0.63 10.31,0 0 0,26
94,01100001,00000000,-0.044067383 0.39520264 0.90289307 -0.16333008,0.5511111 1.4511111 -1.9022223,1.37 0.47 9.03,0 0 0,26
95,01100001,00000000,-0.10784912 0.3163452 0.94055176 -0.06048584,-2.3844445 -0.24222222 -1.9177778,-1.57 0.41 8.93,0 0 0,26
96,01100001,00000000,-0.024169922 0.21655273 0.9750366 0.042053223,-1.0233333 0.044444446 -1.9166666,1.76 -1.38 9.35,0 0 0,26
97,01100001,00000000,-0.02532959 0.10809326 0.9915161 0.06719971,-0.27888888 -0.93666667 -2,-0.84 -0.01 10.25,0 0 0,26
98,01100001,00000000,-0.019104004 -0.01159668 0.9984131 0.05206299,1.0111111 1.28 -1.8911111,1.05 -0.81 6.33,0 0 0,26
99,01100001,00000000,-0.095458984 -0.032226562 0.9945679 0.026306152,0.56333333 0.04888889 1.7344445,-1.89 -2.81 14.97,0 0 0,26
100,01100001,00000000,0.02130127 0.08880615 0.9939575 -0.06085205,0.6566667 -1.6688889 2.308889,2.48 0.26 7.71,0 0 0,26
101,01100001,00000000,-0.019714355 0.22576904 0.97058105 -0.081604004,0.68 0.5777778 2.3255556,-2.07 0.14 9.62,0 0 0,26
102,01100001,00000000,0.066711426 0.3439331 0.93395996 -0.070617676,-1.0377778 0.04 2.1388888,3.32 -0.74 9.95,0 135 255,26
103,01100001,00000000,-0.022094727 0.45751953 0.8887329 0.017822266,-1.0233333 1.2311112 2.0155556,-1.47 0.08 9.32,0 0 0,26
104,01100001,00000000,-0.040771484 0.5463257 0.83532715 0.045776367,0.9255555 1.2022222 1.7333333,0.53 -0.8 10.34,0 0 0,26
105,01100001,00000000,-0.055664062 0.61639404 0.7850342 0.026489258,-0.5711111 -1.2155555 1.3633333,-0.04 -0.27 10.24,0 0 0,26
106,01100001,00000000,-0.031982422 0.67163086 0.74005127 -0.014282227,0.57222223 -0.69 1.0166667,-0.48 -0.01 9.39,0 0 0,26
107,01100001,00000000,0.01574707 0.70111084 0.7095947 -0.06817627,-0.037777778 -0.82 0.6911111,1.36 0 10.33,0 0 0,26
108,01100001,00000000,0.032226562 0.7223511 0.68969727 -0.03869629,-0.48 0.18222222 0.38,0.08 -0.54 9.4,0 0 0,26
109,01100001,00000000,0.0119018555 0.730896 0.68218994 -0.016723633,0.18555556 0.9166667 0.05888889,0.36 -0.14 9.58,0 0 0,26
110,01100001,00000000,-0.014160156 0.7244873 0.6890869 -0.015625,0.04 0.37666667 -0.3077778,0.24 -0.35 9.85,0 0 0,26
111,01100001,00000000,-0.032409668 0.7034302 0.7098999 0.014160156,0.26222223 0.04 -0.67444444,-0.06 -0.29 10.15,0 0 0,26
112,01100001,00000000,-0.022949219 0.668396 0.7434082 0.0022583008,0.026666667 -0.36555555 -0.9777778,0.08 -0.29 9.64,0 0 0,26
113,01100001,00000000,-0.007385254 0.6189575 0.7850342 -0.023864746,0.32 -0.51111114 -1.2355555,0.29 -0.13 9.92,0 0 0,26
114,01100001,00000000,0.005554199 0.5504761 0.83361816 -0.044677734,0.2888889 -0.37777779 -1.4344444,0.43 -0.18 9.81,0 0 0,26
115,01100001,00000000,-0.0028686523 0.47766113 0.87786865 -0.034240723,-0.3011111 0.36444443 -1.54,0.06 -0.35 9.45,0 0 0,26
116,01100001,00000000,-0.007019043 0.39501953 0.9185791 -0.0115356445,-0.46555555 0.36666667 -1.6511111,0.62 -0.17 9.67,0 0 0,26
117,01100001,00000000,-0.012329102 0.30541992 0.95196533 0.019042969,-0.22444445 -0.31333333 -1.7344445,-0.29 -0.55 9.66,0 0 0,26
118,01100001,00000000,-0.008972168 0.20239258 0.979187 0.013671875,0.15333334 0.37 -1.6988889,0.09 -0.4 9.87,0 0 0,26
119,01100001,00000000,-0.0134887695 0.10650635 0.99420166 -0.0067749023,0.3888889 -0.04 -1.68,0.35 -0.06 9.78,0 0 255,26
120,01100001,00000000,-0.013671875 0.042541504 0.9987793 -0.019897461,0.23777778 -0.28 0.34777778,0.04 -0.05 9.78,0 0 0,26
121,01100001,00000000,-0.02722168 0.10809326 0.99365234 -0.016601562,0.10888889 0.33555555 1.2511111,-0.47 -0.27 9.85,0 0 0,26
122,01100001,00000000,-0.0067749023 0.18023682 0.98358154 -0.009216309,-0.32222223 -0.14444445 1.1944444,0.8 -0.4 9.66,0 0 0,26
123,01100001,00000000,-0.011779785 0.2456665 0.9692993 0.0030517578,-0.20444444 -0.18777777 1.1277778,-0.11 -0.31 9.73,0 0 0,26
124,01100001,00000000,-0.008911133 0.3053589 0.9522095 0.003540039,-0.043333333 0.16555555 1.0588889,0.19 -0.2 9.64,0 0 0,26
125,01100001,00000000,-0.005004883 0.35784912 0.93377686 -0.0049438477,0.15 -0.24333334 0.9088889,0.3 -0.06 9.76,0 0 0,26
126,01100001,00000000,-0.007385254 0.40551758 0.91400146 -0.009094238,0.16555555 0.09555556 0.77,0.05 -0.2 9.93,0 0 0,26
127,01100001,00000000,-0.00012207031 0.43914795 0.89837646 -0.00970459,0.0044444446 0.0011111111 0.5877778,0.47 -0.35 9.79,0 0 0,26
128,01100001,00000000,0.0020141602 0.46307373 0.8862915 -0.0053100586,-0.14666666 -0.22555555 0.36666667,-0.01 -0.32 10.01,0 0 0,26
129,01100001,00000000,0.00592041 0.47644043 0.8791504 -0.002319336,-0.20555556 0.2988889 0.19333333,0.34 -0.09 9.85,0 0 0,26
130,01100001,00000000,0.0036010742 0.47991943 0.8772583 0.010559082,-0.15555556 0.07 -0.023333333,0.38 -0.06 9.92,0 0 0,26
131,01100001,00000000,0.004760742 0.47265625 0.8809204 0.024658203,0.094444446 0.0033333334 -0.24111111,0.15 -0.6 9.88,0 0 0,26
132,01100001,00000000,-0.0026245117 0.45562744 0.89001465 0.016845703,0.10222222 0.03888889 -0.41333333,-0.05 -0.26 9.88,0 0 0,26
133,01100001,00000000,0.013244629 0.4281006 0.9034424 -0.018676758,0.63222224 -0.77555555 -0.62666667,0.3 -0.2 9.75,0 0 0,26
134,01100001,00000000,0.029907227 0.38909912 0.91955566 -0.046447754,0.13666667 -0.08777778 -0.7133333,1.09 -0.36 9.62,0 0 0,26
135,01100001,00000000,-0.010803223 0.35229492 0.9352417 -0.03277588,-0.107777774 0.58444446 -0.77111113,-0.79 -0.23 9.59,0 0 0,26
136,01100001,00000000,-0.0010986328 0.30523682 0.9517212 -0.032836914,-0.20888889 0.64444447 -0.8577778,1.62 0.08 9.75,0 0 0,26
137,01100001,00000000,-0.038391113 0.25964355 0.96466064 0.022277832,-0.7177778 -0.2777778 -0.9611111,-1 -0.5 9.69,0 0 0,26
138,01100001,00000000,-0.014587402 0.20074463 0.979126 0.028442383,0.19888888 0.36333334 -0.98,0.56 -0.62 9.59,0 0 0,26
139,01100001,00000000,-0.0061035156 0.14227295 0.9898071 0.0004272461,0.38 -0.79555553 -1.0611111,0.53 0.07 10.14,0 0 0,26
140,01100001,00000000,-0.00012207031 0.08477783 0.99609375 -0.023925781,0.74333334 -0.27333334 -1.0166667,-0.21 -0.39 9.86,0 0 0,26
141,01100001,00000000,0.00018310547 0.04547119 0.99816895 -0.040405273,-0.14333333 0.24666667 0.17,0 0.06 9.67,0 0 0,26
142,01100001,00000000,0.0053710938 0.093566895 0.99554443 -0.011047363,-0.7677778 -0.12777779 0.8688889,0.25 -0.13 9.84,0 0 0,26
143,01100001,00000000,-0.0032958984 0.14221191 0.9898071 -0.0076904297,0.33888888 0.27555555 0.7677778,0.13 -0.01 9.9,0 0 0,26
144,01100001,00000000,-0.16174316 -0.039611816 0.9854126 -0.034851074,-0.27 -2.7066667 -4.266667,-4.78 0.84 9.03,0 0 0,26
145,01100001,00000000,-0.08856201 -0.20819092 0.9735718 -0.03149414,-0.4 2.6955554 -0.017777778,1.66 0 8.66,0 0 0,26
146,01100001,00000000,-0.19018555 -0.13952637 0.9717407 -0.010681152,0.56333333 1.4388889 -0.57222223,-5.76 -0.22 8.86,0 0 0,26
147,01100001,00000000,-0.10192871 -0.16809082 0.9804077 -0.014587402,0.115555555 -2.44 0.51555556,0 0.88 10.18,0 0 0,26
148,01100001,00000000,-0.091918945 0.021728516 0.9953003 0.022460938,-1.6111112 0.8322222 5.157778,-1.98 -0.93 9.31,0 0 0,26
149,01100001,00000000,-0.16381836 0.18218994 0.9671631 0.06750488,0.77444446 -0.9111111 -0.17666666,-6.55 0.58 9.56,0 0 0,26
150,01100001,00000000,-0.052978516 0.11706543 0.97924805 0.15661621,-0.49333334 -0.24555555 -2.1544445,-0.62 -4.69 9.29,0 0 0,26
151,01100001,00000000,-0.03491211 -0.035888672 0.9873657 0.15020752,-1.2477778 -0.1711111 -2.4322221,-0.81 -2.48 9.17,0 0 0,26
152,01100001,00000000,-0.01361084 -0.11328125 0.9777832 0.17590332,0.3888889 0.23666666 -0.42444444,1.35 -4.07 8.07,0 0 0,26
153,01100001,00000000,0 -0.12615967 0.9819946 0.14038086,0.2988889 -21.333334 -2.5633333,0.91 -2.61 8.82,0 0 0,26
154,01100001,00000000,0.0056762695 -0.13092041 0.97509766 0.17895508,-0.9777778 0.024444444 0.0044444446,0.5 -3.96 8.52,0 0 0,26
155,01100001,00000000,-0.006652832 -0.16088867 0.95007324 0.2672119,-1.3144444 0.9255555 -0.10666667,1.27 -6.44 7.86,0 0 0,26
156,01100001,00000000,-0.06768799 -0.16223145 0.94555664 0.27398682,-0.43222222 0.6311111 -0.3911111,-0.78 -5.26 8.94,0 0 0,26
157,01100001,00000000,-0.055541992 -0.18353271 0.9347534 0.29907227,-0.16888888 -0.34777778 -0.29666665,0.83 -5.86 8.31,0 0 0,26
158,01100001,00000000,-0.057861328 -0.20812988 0.92663574 0.3076172,-0.18555556 0.055555556 -0.49222222,0.08 -5.47 7.34,0 0 0,26
159,01100001,00000000,-0.03881836 -0.22497559 0.9185791 0.32263184,-0.101111114 -0.27555555 -0.4377778,1.51 -5.91 7.43,0 0 0,26
160,01100001,00000000,-0.049072266 -0.23602295 0.9165039 0.3192749,-0.12444445 0.39777777 -0.09222222,0.96 -6 7.9,0 0 0,26
161,01100001,00000000,-0.049804688 -0.24487305 0.9133301 0.32159424,0.007777778 -0.13111112 -0.11666667,1.03 -5.76 7.66,0 0 0,26
162,01100001,00000000,-0.036987305 -0.24414062 0.9122925 0.32666016,-0.12888889 -0.02 0.053333335,255.06 -0.01 -0.01,0 0 0,26
163,01100001,00000000,-0.03466797 -0.24285889 0.91015625 0.3338623,0.033333335 0.024444444 -0.05,1.33 -6.41 7.39,0 0 0,26
164,01100001,00000000,-0.037963867 -0.24481201 0.9139404 0.32141113,0.18333334 0.25333333 0.11888889,1.07 -5.74 7.69,0 0 0,26
165,01100001,00000000,-0.045043945 -0.2477417 0.91223145 0.32318115,0.057777777 0.043333333 -0.054444443,0.88 -6.67 7.63,0 0 0,26
166,01100001,00000000,-0.041931152 -0.24291992 0.91778564 0.31134033,-0.09222222 0.10222222 0.1,1.66 -5.3 7.81,0 0 0,26
167,01100001,00000000,-0.05682373 -0.24694824 0.91485596 0.3143921,0.13444445 0.28 0.04222222,0.81 -6.81 6.92,0 0 0,26
168,01100001,00000000,-0.031982422 -0.24060059 0.9300537 0.2758789,1.3033333 0.027777778 0.37666667,2.67 -5.09 8.15,0 0 0,26
169,01100001,00000000,-0.0758667 -0.23492432 0.9411621 0.23083496,0.08777778 0.57222223 0.2611111,-1.25 -5.14 8.63,0 0 0,26
170,01100001,00000000,-0.07800293 -0.23547363 0.94403076 0.21807861,0.31333333 -0.14555556 18.2,-0.28 -5.21 8.34,0 0 0,26
171,01100001,00000000,-0.049621582 -0.25372314 0.9446411 0.20214844,0.6 0.17666666 -0.38444445,0.4 -4.33 9.27,0 0 0,26
172,01100001,00000000,-0.08306885 -0.27124023 0.94085693 0.18530273,-0.35 0.4788889 0.1,-1.64 -3.48 8.28,0 0 0,26
173,01100001,00000000,-0.09802246 -0.2859497 0.9299927 0.20910645,-0.77111113 0.18444444 -0.6477778,-0.19 -4.53 8.02,0 0 0,26
174,01100001,00000000,-0.107543945 -0.3156128 0.9055786 0.26220703,-0.8066667 0.29222223 -0.22777778,0.62 -4.45 6.99,0 0 0,26
175,01100001,00000000,-0.20043945 -0.31396484 0.8666382 0.3319702,-2.6177778 1.4488889 0.015555556,-1.16 -7.37 7.42,0 0 0,26
176,01100001,00000000,-0.2965088 -0.3324585 0.78460693 0.4312744,-1.3233334 0.56666666 -0.0044444446,-3.9 -10.51 5.58,0 0 0,26
177,01100001,00000000,-0.23809814 -0.36761475 0.80737305 0.39544678,1.8111111 -0.94555557 -1.7377778,-2.26 -7.77 4.39,0 0 0,26
178,01100001,00000000,-0.2111206 -0.36053467 0.8280029 0.37390137,-0.04888889 0.07333333 0.29777777,1.09 -8.96 5.57,0 0 0,26
179,01100001,00000000,-0.19433594 -0.41229248 0.80670166 0.37615967,0.2611111 -0.10555556 -1.1377778,-0.53 -0.82 -0.01,0 0 0,26
180,01100001,00000000,-0.16412354 -0.44335938 0.7999878 0.3694458,0.15222222 0.32222223 -0.3911111,1.83 -6.56 6.56,0 0 0,26
181,01100001,00000000,-0.15283203 -0.46118164 0.7817993 0.39074707,-0.46555555 -0.74222225 -0.5977778,0.74 -6.64 6.15,0 0 0,26
182,01100001,00000000,-0.15545654 -0.46142578 0.7626953 0.42578125,-0.6066667 0.11444444 -0.08888889,3.04 -8.24 5.23,0 0 0,26
183,01100001,00000000,-0.14105225 -0.44482422 0.76849365 0.4378662,0.075555556 -0.56333333 0.078888886,2.73 -8.11 5.26,0 0 0,26
184,01100001,00000000,-0.13360596 -0.4321289 0.7868042 0.4199829,0.7644445 0.12555556 0.45333335,2.38 -8.07 5.17,0 0 0,26
185,01100001,00000000,-0.124938965 -0.4229126 0.80792236 0.39086914,0.42444444 -0.07444444 0.18555556,0.86 -7.11 6.49,0 0 0,26
186,01100001,00000000,-0.12963867 -0.40289307 0.84277344 0.33258057,1.1522223 0.4788889 1.0622222,1.61 -5.02 6.81,0 0 0,26
187,01100001,00000000,-0.14050293 -0.3982544 0.8388672 0.34851074,0 -0.48666668 0.14777778,0.99 -6.35 6.77,0 0 0,26
188,01100001,00000000,-0.12945557 -0.38897705 0.84436035 0.3449707,0.16444445 0.25666666 0.23444444,0.6 -7.66 6.64,0 0 0,26
189,01100001,00000000,-0.16741943 -0.4647827 0.76171875 0.41918945,-2.7233334 1.0177778 -2.0222223,0.69 -8 5.71,0 0 0,26
190,01100001,00000000,-0.27044678 -0.3642578 0.70947266 0.5392456,-2.7944446 -1.63 0.53555554,-1.18 -9.78 2.66,0 0 0,26
191,01100001,00000000,-0.23773193 -0.32495117 0.7593994 0.5111084,1.3455555 -0.9988889 1.3422222,-0.06 -8.33 2.95,0 0 0,26
192,01100001,00000000,-0.22045898 -0.34558105 0.77978516 0.47320557,0.4 0.5933333 0.9177778,0.98 -9.46 3.55,0 0 0,26
193,01100001,00000000,-0.25170898 -0.33898926 0.80999756 0.4069214,1.4633334 0.65 0.45444444,-0.84 -9.56 5.3,0 0 0,26
194,01100001,00000000,-0.26641846 -0.32458496 0.87524414 0.24005127,1.8477777 0.82555556 1.33,-2.88 -6.34 8.36,0 0 0,26
195,01100001,00000000,-0.28631592 -0.3164673 0.8675537 0.25543213,-1.0177778 -0.11666667 -0.16222222,-4.28 -7.23 6.24,0 0 0,26
196,01100001,00000000,-0.2208252 -0.3125 0.86260986 0.33087158,-1.6444445 0.05888889 -0.2211111,-1.56 -5.57 260.06,0 0 0,26
197,01100001,00000000,-0.2954712 -0.30377197 0.8284302 0.36621094,-0.8788889 0.7644445 0.11777778,-2.22 -7.98 3.93,0 0 0,26
198,01100001,00000000,-0.37347412 -0.26055908 0.7765503 0.4354248,-1.7322222 0.7122222 0.49333334,-2.93 -8.26 2.8,0 0 0,26
199,01100001,00000000,-0.4819336 -0.27435303 0.7111206 0.4321289,-0.44 2.1877778 0.45666668,-2.64 -8.03 -0.09,0 0 0,26
200,01100001,00000000,-0.4744873 -0.27514648 0.73205566 0.40405273,1.4311111 -2.0777779 -0.0011111111,-3.45 -8.09 1.67,0 0 0,26
201,01100001,00000000,-0.42822266 -0.2720337 0.7702637 0.38635254,-0.13111112 0.14 0.40222222,-4.94 -7.99 3.24,0 0 0,26
202,01100001,00000000,-0.43395996 -0.26763916 0.77996826 0.36297607,0.05 0.60444444 0.16,-4.44 -7.82 3.94,0 0 0,26
203,01100001,00000000,-0.44171143 -0.26409912 0.776062 0.36444092,-0.25 -0.33666667 -0.49,-5.07 -7.99 3.3,0 0 0,26
204,01100001,00000000,-0.41558838 0 0 -0.015625,0.4422222 -0.38222224 -0.101111114,-3.82 -7.87 3.46,0 0 0,26
205,01100001,00000000,-0.3998413 -0.26416016 0.8010254 0.3587036,0.21111111 -0.36333334 -0.086666666,-4.63 -7.83 4.11,0 0 0,26
206,01100001,00000000,-0.3789673 -0.24908447 0.81640625 0.35760498,-0.18222222 -0.5288889 0.9255555,-3.77 -6.23 3.72,0 0 0,26
207,01100001,00000000,-0.37854004 0.11187744 0.87597656 0.2772827,-1.0133333 -3.4677777 10.277778,-6.26 -4.97 5.02,0 0 0,26
208,01100001,00000000,-0.42114258 0.53704834 0.72247314 0.11077881,-0.72444445 0.58 6.082222,-8.56 2.62 7.3,0 0 0,26
209,01100001,00000000,-0.36224365 0.6851196 0.6289673 0.061340332,-0.9488889 -0.5477778 2.4822223,-5.87 3.78 6.76,0 0 0,26
210,01100001,00000000,-0.32318115 0.7671509 0.5517578 0.05029297,-0.82 0.3911111 0.8988889,-3.33 3.89 7.16,0 0 0,26
211,01100001,00000000,-0.32556152 0.7943115 0.50549316 0.08666992,-0.35333332 1.3444444 0.61,-3.11 5.93 7.37,0 0 0,26
212,01100001,00000000,-0.36505127 0.80133057 0.44537354 0.1619873,-0.0022222223 1.87 0.06,-7.75 5.16 7.29,0 0 0,26
213,01100001,00000000,-0.47418213 0.7307129 0.44299316 0.21228027,2.3455555 1.8122222 -1.6188889,-7.7 6.13 5.19,83 8472 11007,26
214,01100001,00000000,-0.5359497 0.61273193 0.5083618 0.28082275,0.75222224 0.2911111 -2.6766667,-7.25 4.53 3.17,0 0 0,26
215,01100001,00000000,-0.5536499 0.52124023 0.54571533 0.35211182,0.007777778 0.75777775 -0.61444443,-9 3.11 1.2,0 0 0,26
216,01100001,00000000,-0.5671387 0.48364258 0.55029297 0.37634277,0.41666666 0.55777776 -0.73333335,-9.23 1.54 0.69,0 0 0,26
217,01100001,00000000,-0.56640625 0.45159912 0.553833 0.41046143,-0.21444444 1.0588889 -0.80333334,-9.33 1.06 0.03,0 0 0,26
218,01100001,00000000,-0.5750122 0.3711548 0.5280762 0.50268555,-0.0011111111 2.661111 -2.0755556,-9.52 -1.54 -0.12,0 0 0,26
219,01100001,00000000,-0.58026123 0.159729 0.55010986 0.57891846,1.028889 1.4 -1.9844445,-7.38 -3.68 -4.31,0 0 0,26
220,01100001,00000000,-0.5751953 0.051574707 0.5180664 0.6309204,0.64111114 0.56 -1.2388889,-8.47 -5.88 -4.39,0 0 0,26
221,01100001,00000000,-0.5441284 -0.014709473 0 -0.015625,0.25333333 0.43222222 -1.0966667,-5.66 -6.21 -4.85,0 0 0,26
222,01100001,00000000,-0.5203247 -0.00024414062 0.54589844 0.6567383,-0.083333336 -0.78444445 0.40444446,-4.48 -5.09 -3.55,0 0 0,26
223,01100001,00000000,-0.50531006 0.060546875 0.5940552 0.6229248,0.66555554 -1.6911111 0.7188889,-5.4 -6.36 -2.86,0 0 0,26
224,01100001,00000000,-0.45129395 0.17102051 0.6958008 0.5319214,1.7333333 -4.178889 2.1011112,-8.2 -6.92 -1.48,0 0 0,26
225,01100001,00000000,-0.3394165 0.3708496 0.7836304 0.36499023,-0.32444444 -3.3311112 2.4566667,-6.74 -3.57 4.71,0 0 0,26
226,01100001,00000000,-0.25006104 0.49945068 0.7766113 0.29144287,-0.19444445 -1.6822222 1.4311111,-5.55 -2.1 7.11,0 0 0,26
227,01100001,00000000,-0.2033081 0.5195923 0.7940674 0.24108887,0.49555555 -1.4188889 -0.083333336,-5.5 -2.37 7.46,0 0 0,26
228,01100001,00000000,-0.14605713 0.5335083 0.819458 0.15002441,0.44444445 -1.6588889 0.10888889,-3.78 -0.51 9.45,0 0 0,26
229,01100001,00000000,-0.054504395 0.5452881 0.8311157 0.09448242,-0.92444444 -1.1377778 0.8388889,-1.6 -0.85 10.97,0 0 0,26
230,01100001,00000000,-0.05407715 0.56988525 0.81658936 0.074035645,1.1422222 0.5366667 -0.034444444,-1.68 -1.05 8.38,0 196 767,26
231,01100001,00000000,-0.01171875 0.5951538 0.79870605 0.08770752,-1.6455555 -1.4133333 0.35555556,-1.43 -1.21 8.98,0 0 0,26
232,01100001,00000000,0.034057617 0.61169434 0.788208 0.058044434,0.40444446 -0.67444444 0.10555556,0.11 -0.21 9.21,0 0 0,26
233,01100001,00000000,0.052001953 0.6090698 0.7913208 0.011413574,0.93222225 -0.46555555 -0.34111112,0.3 -1.28 9.6,0 0 0,26
234,01100001,00000000,0.028747559 0.59198 0.8051758 0.020141602,-1.9144444 0.39555556 -0.30888888,-1.56 0.88 9.71,0 0 0,26
235,01100001,00000000,-0.08154297 0.5397339 0.83374023 0.08306885,1.851111 2.6144445 -0.9955556,-1.02 -0.7 9.23,0 0 0,26
236,01100001,00000000,-0.14471436 0.48358154 0.86035156 0.07086182,-0.012222222 0.04777778 -1.1533333,-1.87 0.03 9.07,0 0 0,26
237,01100001,00000000,-0.11834717 0.4897461 0.86047363 0.07556152,-0.06333333 -0.50555557 0.4511111,-2.04 -0.8 9.18,0 0 0,26
238,01100001,00000000,-0.093933105 0.53204346 0.84039307 -0.015625,-0.2611111 -1.0222223 0.85555553,-2.4 0.67 8.85,0 0 0,26
239,01100001,00000000,-0.016052246 0.5794678 0.81170654 0.07128906,-1.2133334 0.16888888 0.7677778,-0.72 -0.98 10.23,0 0 0,26
240,01100001,00000000,-0.018798828 0.6016846 0.79522705 0.072143555,0.29222223 -0.5277778 0.16666667,-1.8 0.42 9.6,0 0 0,26
241,01100001,00000000,-0.022705078 0.59155273 0.8048096 0.04260254,0.78444445 0.18222222 -0.23444444,-0.08 -0.04 10.67,0 0 0,26
242,01100001,00000000,-0.03967285 0.5820923 0.81188965 0.021728516,-0.008888889 -0.56 -0.0055555557,-1.76 0.38 8.4,0 0 0,26
243,01100001,00000000,0.0016479492 0.5773926 0.8154907 0.039978027,-0.60555553 0.24333334 -0.39555556,-0.2 -0.71 10.54,0 0 0,26
244,01100001,00000000,-0.04699707 0.5593872 0.826355 0.04510498,1.0044445 1.0722222 -0.27333334,0.07 -0.62 10.6,0 0 0,26
245,01100001,00000000,-0.10040283 0.55908203 0.82159424 0.047790527,-0.015555556 0.35444444 0.2777778,-0.04 0.2 9.74,0 0 0,26
246,01100001,00000000,-0.063964844 0.61834717 0.7814331 0.05419922,-1.4488889 -1.9277778 1.8933333,-2.44 0.82 7.67,0 0 0,26
247,01100001,00000000,0.10180664 0.6692505 0.73205566 0.07647705,-2.0033333 -1.5555556 0.62777776,-3.28 -0.22 10.22,0 0 255,26
248,01100001,00000000,-0.020141602 0.61590576 0.78253174 0.08905029,5.0155554 4.4955554 -1.3433334,1.96 -5.89 9.68,0 0 0,26
249,01100001,00000000,-0.33709717 0.5492554 0.76446533 0.015686035,-0.87666667 -0.07444444 0.6944444,-2.5 4.55 7.18,0 0 0,26
250,01100001,00000000,0.06878662 0.6652832 0.7383423 0.08666992,-4.9533334 -5.661111 1.53,1.08 -3.21 8.19,0 0 0,26
251,01100001,00000000,0.1531372 0.70062256 0.69311523 0.07244873,1.6422222 1.1833333 0.19,-1.07 -0.41 9.73,0 0 0,26
252,01100001,00000000,-0.018554688 0.6364136 0.77056885 0.028442383,3.838889 2.728889 -2.0266666,1.07 -1.49 9.89,0 0 0,26
253,01100001,00000000,-0.2506714 0.5562134 0.79229736 0.0048828125,0.064444445 1.0077778 -0.4,-2.92 3.22 9.3,0 0 0,26
254,01100001,00000000,-0.0010986328 0.6178589 0.78430176 0.05621338,-5.1744447 -6.2022223 1.1766666,-1.8 0 7.37,0 0 0,26
255,01100001,00000000,0.18585205 0.63171387 0.7489624 0.07409668,0.88222224 1.6366667 -0.17777778,0.09 -1.99 11.19,0 0 0,26
0,01100001,00000000,-0.09240723 0.60791016 0.7871704 0.047729492,4.363333 4.4144444 -0.13333334,0.02 -0.15 10.17,0 0 0,26
1,01100001,00000000,-0.2290039 0.60736084 0.7606201 -0.00793457,-1.1666666 -1.4866667 0.94555557,-1.64 2.06 9.28,0 0 0,26
2,01100001,00000000,0.09838867 0.70544434 0.6984253 0.06982422,-6.15 -3.0233333 2.9133334,-0.66 -0.77 8.84,0 0 0,26
3,01100001,00000000,0.21099854 0.7519531 0.60827637 0.14172363,1.4966667 0.71444446 0.56666666,0.49 -0.56 8.01,0 0 0,26
4,01100001,00000000,0.10101318 0.76953125 0.62957764 -0.035461426,3.0355556 -2.0266666 -1.5755556,0.01 -0.19 10.96,0 0 0,26
5,01100001,00000000,-0.1739502 0.65625 0.7282715 -0.09283447,3.2655556 4.5644445 -2.6855555,1.1 2.35 8.77,0 0 0,26
6,01100001,00000000,-0.17523193 0.6561279 0.72332764 0.124694824,-7.1066666 0.09111111 -0.044444446,0.55 2.25 10.47,0 0 0,26
7,01100001,00000000,0.14837646 0.7114258 0.5751343 0.37561035,-4.168889 -1.9177778 1.2911111,-0.54 -4.26 9.6,0 0 0,26
8,01100001,00000000,0.26879883 0.82373047 0.48156738 0.13140869,2.2044444 -7.597778 -0.115555555,-0.78 -0.28 7.58,0 0 0,26
9,01100001,00000000,0.14459229 0.81903076 0.5285034 -0.17010498,4.408889 1.4788889 -3.2755556,2.03 0 9.26,0 0 0,26
10,01100001,00000000,-0.06561279 0.76501465 0.6404419 -0.015075684,-2.3555555 3.2633333 -2.4277778,-0.62 0.83 10.64,0 0 0,26
11,01100001,00000000,-0.063964844 0.6867676 0.7136841 0.12194824,2.3133333 2.6877778 -0.8711111,-1.66 -1.78 9.62,0 0 0,26
12,01100001,00000000,-0.49700928 0.5761719 0.6281128 0.16278076,4.957778 7.058889 1.1455555,-4.37 2.69 4.44,0 0 0,26
13,01100001,00000000,-0.7498169 0.3540039 0.55096436 0.09429932,4.266667 2.711111 -1.0333333,-7.7 2.27 -3.52,0 0 0,26
14,01100001,00000000,-0.8912964 0.15020752 0.42736816 0.021118164,2.6944444 2.3177779 0.29555556,-6.27 2.94 -6.06,0 0 0,26
15,01100001,00000000,-0.9244995 0.12878418 0.35864258 0.005493164,-0.4788889 0.69222224 0.017777778,-5.64 2.73 -7.46,0 0 0,26
16,01100001,00000000,-0.94226074 0.14471436 0.3008423 0.025390625,-0.05111111 0.9222222 -0.30555555,-4.72 2.6 -8.22,0 0 0,26
17,01100001,00000000,-0.95233154 0.13122559 0.27246094 0.039611816,0.19888888 0.31666666 -0.101111114,-300.81 1.38 -8.08,0 0 0,26
18,01100001,00000000,-0.9546509 0.14831543 0.25457764 0.042663574,-0.6677778 0.17888889 0.41333333,-3.16 2.42 -8.25,0 0 0,26
19,01100001,00000000,-0.95983887 0.1508789 0.23461914 0.029296875,0.033333335 0.2611111 0.37,-3.65 2.4 -8.49,0 0 0,26
20,01100001,00000000,-0.9696655 0.14337158 0.19665527 0.022094727,0.18222222 0.25666666 0.018888889,-2.64 2.6 -8.52,0 0 0,26
21,01100001,00000000,-0.97320557 0.14404297 0.17816162 0.020019531,-0.25333333 -0.0044444446 0.083333336,-3.1 2.74 -8.9,0 0 0,26
22,01100001,00000000,-0.97595215 0.14782715 0.15887451 0.020751953,-0.026666667 0.09222222 -0.08444444,-2.55 2.63 -8.63,0 0 0,26
23,01100001,00000000,-0.97961426 0.14135742 0.14154053 0.01763916,-0.036666665 0.4888889 0.043333333,-2.53 2.45 -8.55,0 0 0,26
24,01100001,00000000,-0.9812012 0.14794922 0.12231445 0.019348145,-0.1 0.38 0.033333335,-2.1 2.79 -9.09,0 0 0,26
25,01100001,00000000,-0.9812012 0.15252686 0.1159668 0.023742676,0.02 1.1366667 -35.83889,-1.94 2.53 -8.49,0 0 0,26
26,01100001,00000000,-0.98095703 0.13806152 0.13391113 0.026794434,0.24333334 -0.27555555 -0.101111114,-2.24 2.44 -8.93,0 0 0,26
27,01100001,00000000,-0.9753418 0.16339111 0.14398193 0.036071777,-0.66333336 -0.29444444 -0.101111114,-2.54 3.01 -8.69,0 0 0,26
28,01100001,00000000,-0.9701538 0.1765747 0.16052246 0.04321289,0.40888888 -0.022222223 -0.107777774,-2.98 2.83 -8.27,0 0 0,26
29,01100001,00000000,-0.97576904 0.15411377 0.15014648 0.040161133,0.09777778 0.28777778 -0.0011111111,-2.83 2.89 -8.27,0 0 0,26
30,01100001,00000000,-0.977417 0.15429688 0.13995361 0.03479004,0.027777778 0.054444443 0.08888889,-2.74 3.24 -8.82,0 0 0,26
31,01100001,00000000,-0.9789429 0.15002441 0.13439941 0.032287598,0.20333333 0.25111112 0.014444444,-2.43 2.87 -8.83,0 0 0,26
32,01100001,00000000,-0.98083496 0.1439209 0.1274414 0.032348633,0.07444444 0.18555556 -0.026666667,-2.5 2.81 -8.84,0 0 0,26
33,01100001,00000000,-0.9816284 0.14562988 0.11871338 0.03387451,-0.0033333334 0.25111112 0.028888889,-2.16 2.65 -8.9,0 0 0,26
34,01100001,00000000,-0.9844971 0.1352539 0.10723877 0.031555176,0.075555556 0.19444445 0.08111111,-191.48 -0.02 -0.01,0 0 0,26
35,01100001,00000000,-0.98687744 0.12890625 0.09265137 0.029052734,0.28111112 0.58 0.09777778,-2.08 2.48 -8.96,0 0 0,26
36,01100001,00000000,-0.9935913 0.10455322 0.027832031 0.032592773,0.19333333 1.23 -0.20555556,-1.43 2.56 -9.5,0 0 0,26
37,01100001,00000000,-0.9927368 0.09576416 -0.038085938 0.062438965,0.42555556 1.5 -0.9433333,1.18 1.48 -9.32,0 0 0,26
38,01100001,00000000,-0.97302246 0.099121094 -0.17749023 0.109375,-1.3077778 2.2466667 0.7777778,2.76 2.63 -9.17,0 0 0,26
39,01100001,00000000,-0.9519043 0.19378662 -0.20196533 0.12445068,-0.97 0.19111112 -0.94,4.31 3.55 -8.09,0 0 0,26
40,01100001,00000000,-0.9619751 0.13867188 -0.16906738 0.16357422,2.2144444 -0.036666665 -0.40666667,2.84 3.55 -9.31,0 0 0,26
41,01100001,00000000,-0.96435547 0.06951904 -0.16986084 0.19067383,0.18666667 0.18111111 -0.25333333,3.26 2.43 -8.76,0 0 0,26
42,01100001,00000000,-0.9626465 0.07336426 -0.15509033 0.20953369,0.39666668 -0.38 30.152222,2.71 1.85 -9.02,0 0 0,26
43,01100001,00000000,-0.963562 0.05432129 -0.1451416 0.21807861,0.29666665 0.06888889 -0.011111111,2.87 1.41 -9.24,0 0 0,26
44,01100001,00000000,-0.9636841 0.055358887 -0.13555908 0.22332764,-0.012222222 -0.33777776 -0.13111112,2.65 1.5 -9.25,0 0 0,26
45,01100001,00000000,-0.96533203 0.0546875 -0.12615967 0.22198486,0.17 0.062222224 0.031111112,2.31 1.44 -9.34,0 0 0,26
46,01100001,00000000,-0.9651489 0.05206299 -0.12719727 0.22259521,0.027777778 -0.04222222 0.0044444446,2.36 1.54 -9.38,0 0 0,26
47,01100001,00000000,-0.96502686 0.05456543 -0.120910645 0.22607422,0.07111111 -0.18333334 -0.06666667,2.11 1.7 -9.37,0 0 0,26
48,01100001,00000000,-0.9649048 0.058410645 -0.10986328 0.23120117,-0.15666667 -0.39444444 -0.33444443,2.05 2.21 -10.52,0 0 0,26
49,01100001,00000000,-0.94970703 0.1437378 -0.045837402 0.27435303,-2.1255555 -2.2277777 -1.4677777,1.19 4.31 -10.93,0 0 0,26
50,01100001,00000000,-0.86883545 0.36151123 0.09460449 0.3248291,-2.6388888 -5.6233335 -2.2666667,-3.95 4.87 -6.95,0 0 0,26
51,01100001,00000000,-0.6588745 0.5300293 0.46398926 0.26385498,-0.10555556 -9.085556 -3.021111,-4.24 -2.14 -0.01,0 0 0,26
52,01100001,00000000,-0.30950928 0.54418945 0.7786255 -0.043273926,1.11 -6.7744446 1.5655556,-4.26 0.87 9.51,0 0 0,26
53,01100001,00000000,-0.12658691 0.7538452 0.6442261 0.026550293,-5.69 0.5322222 3.5722222,-1.41 0.4 10.89,0 0 0,26
54,01100001,00000000,0.014038086 0.80737305 0.5808716 0.10266113,-0.6911111 -1.1455555 -0.6422222,0.43 -1.19 9.92,0 0 0,26
55,01100001,00000000,-0.055603027 0.7253418 0.68573 -0.024108887,2.7655556 -0.79 -2.9577777,-0.26 2.1 9.27,0 0 0,26
56,01100001,00000000,-0.070495605 0.5892334 0.8048706 -0.00091552734,-1.5322223 -1.6511111 -2.9666667,-4.88 -0.92 11.54,0 0 0,26
57,01100001,00000000,0.042053223 0.4623413 0.885376 -0.023803711,-1.0377778 0.7977778 -2.1644444,1.76 -0.31 8.15,0 0 0,26
58,01100001,00000000,0.0134887695 0.36639404 0.92993164 0.028869629,-0.79888886 1.1533333 -1.53,0.78 0.16 9.73,0 0 0,26
59,01100001,00000000,-0.01550293 0.29760742 0.95336914 0.04949951,0.05111111 0.7411111 -0.99333334,-0.31 -0.35 10.01,0 0 0,26
60,01100001,00000000,0.008300781 0.25543213 0.96661377 0.017150879,0.7588889 -0.74444443 -0.50333333,1.67 0.17 9.18,0 0 0,26
61,01100001,00000000,-0.027282715 0.24914551 0.9680786 -0.003540039,0.21111111 0.46555555 0.07333333,0.52 0.2 9.72,0 0 0,26
62,01100001,00000000,-0.06311035 0.26226807 0.9628906 0.009155273,-0.31444445 0.5188889 0.30444443,0.39 -0.01 9.67,0 0 0,26
63,01100001,00000000,-0.088378906 0.28186035 0.95440674 0.043395996,-0.63666666 -0.29666665 0.26777777,-1.17 0.25 9.58,0 0 0,26
64,01100001,00000000,-0.034362793 0.2972412 0.9529419 0.048583984,0.034444444 -0.5177778 0.16888888,-0.29 -0.46 9.93,0 0 0,26
65,01100001,00000000,-0.023376465 0.30389404 0.9523926 0.0065307617,0.85 -0.3 0.12444445,0.1 0.16 9.65,0 0 0,26
66,01100001,00000000,-0.021362305 0.3143921 0.9489136 -0.015808105,-0.025555555 0.21 0.2611111,0.41 0.29 9.63,0 0 0,26
67,01100001,00000000,-0.02746582 0.3267212 0.94470215 0.0045776367,-0.52555555 -0.034444444 0.11444444,0 0.26 9.74,0 0 0,26
68,01100001,00000001,0.99993896 0 0 0,-0.20777778 -0.053333335 -0.046666667,-0.22 0.08 163.05,0 0 0,26
69,01100001,00000000,0.9998169 -0.0036621094 -0.01727295 -0.0076293945,0.13444445 -0.12444445 -0.14444445,0.4 -0.05 9.58,0 0 0,26
70,01100001,00000000,0.9995117 0.014404297 -0.023986816 -0.011779785,0.45444444 -0.08 -0.008888889,0.01 -0.06 9.67,0 0 0,26
71,01100001,00000000,0.9991455 0.028381348 -0.026977539 -0.0067749023,0.04111111 0.046666667 0.15888889,0.06 0.36 9.71,0 0 0,26
72,01100001,00000000,0.99938965 0.020690918 -0.026550293 0.005554199,-0.27 0.17777778 0.20888889,-0.01 0.06 9.48,0 0 0,26
73,01100001,00000000,0.9995117 0.006225586 -0.024902344 0.014343262,-0.17555556 -0.016666668 0.10888889,-0.09 -0.04 9.62,0 0 0,26
74,01100001,00000000,0.99938965 0.007873535 -0.028503418 0.014953613,0.17777778 -0.16888888 -0.027777778,-0.05 0.2 9.71,0 0 0,26
75,01100001,00000000,0.99902344 0.016601562 -0.035949707 0.013244629,0.06666667 -0.053333335 -0.006666667,-0.11 0.16 9.81,0 0 0,26
76,01100001,00000000,0.9989624 0 0 -0.015625,0.017777778 0.03 0.033333335,0.01 0.05 9.73,0 0 0,26
77,01100001,00000000,0.9992676 0.0138549805 -0.031555176 0.014465332,-0.20333333 0.14 -0.045555554,0.33 0.14 9.62,0 0 0,26
78,01100001,00000000,0.9993286 0.0065307617 -0.035461426 0.0030517578,0.025555555 -0.16888888 -0.28555554,0.33 -0.11 9.69,0 0 0,26
79,01100001,00000000,0.99884033 0.020935059 -0.03869629 -0.0146484375,0.25555557 -0.11333334 -0.30222222,-0.09 0.25 9.34,0 0 0,26
80,01100001,00000000,0.99823 0.02142334 -0.045959473 -0.02935791,-0.072222225 -0.06666667 -0.19333333,0.18 0.05 10,0 0 0,26
81,01100001,00000000,0.9979248 0.020141602 -0.04650879 -0.037475586,0.054444443 -0.22444445 -0.11444444,-0.23 0.04 9.49,0 0 0,26
82,01100001,00000000,0.9973755 0.020202637 -0.04876709 -0.047790527,0.18222222 0.32555556 -0.23555556,0.32 -0.19 9.24,0 0 0,26
83,01100001,00000000,0.9970093 0.025817871 -0.02355957 -0.068359375,-0.057777777 0.53555554 -0.5222222,0.24 0.38 9.62,0 0 0,26
84,01100001,00000000,0.9890137 -0.020141602 0.05316162 -0.13635254,-2.2044444 2.33 -2.3255556,-1.79 -2.22 9.87,0 0 0,26
85,01100001,00000000,0.947937 -0.17108154 0.14880371 -0.22320557,-2.3166666 -0.08444444 -2.0666666,-1.39 -3.15 8.48,136 2250 -11009,26
86,01100001,00000000,0.83721924 -0.31311035 0.21966553 -0.39068604,-3.6233332 1.0322223 -4.346667,-2.77 -8.03 6.49,0 0 0,26
87,01100001,00000000,0.68481445 -0.46673584 0.29486084 -0.4755249,-3.2955556 1.2711111 -2.1388888,1 -9.2 2.92,0 0 0,26
88,01100001,00000000,0.5761719 -0.5150757 0.32910156 -0.54241943,0.92 1.4877778 -2.0633333,1.98 -9.88 1.92,0 0 0,26
89,01100001,00000000,0.54974365 -0.48388672 0.29779053 -0.6121826,0.17444444 -0.015555556 -0.7977778,2.91 -7.58 2.13,0 0 0,26
90,01100001,00000000,0.526062 -0.4621582 0.26416016 -0.66308594,1.2988889 0.99777776 -0.72,4.61 -9.02 2.72,0 0 0,26
91,01100001,00000000,0.5843506 -0.36376953 0.23565674 -0.6859131,1.7866666 0.12777779 2.23,2.43 -7.38 5.34,0 0 0,26
92,01100001,00000000,0.6878662 -0.2694702 0.20300293 -0.6425781,1.4677777 -0.08111111 0.034444444,1.03 -6.41 6.32,0 0 0,26
93,01100001,00000000,0.68536377 -0.2374878 0 -0.015625,1.0422223 -0.32777777 -0.32333332,2.69 -6.01 7.05,0 0 0,26
94,01100001,00000000,0.6564331 -0.22259521 0.095458984 -0.71435547,-0.21 -0.04777778 -0.8433333,2.46 -4.2 8,0 0 0,26
95,01100001,00000000,0.6401367 -0.24273682 0.10876465 -0.7206421,-0.37666667 -0.27555555 -0.63555557,2.89 -4.89 7.67,0 0 0,26
96,01100001,00000000,0.5794678 -0.3005371 0.12640381 -0.7468262,-1.4077778 -0.25666666 -1.0355556,4.36 -5.85 7.18,0 0 0,26
97,01100001,00000000,0.54870605 -0.27514648 0.12902832 -0.77874756,0.89444447 0.9688889 -0.024444444,3.79 -4.88 6.91,0 0 0,26
98,01100001,00000000,0.5311279 -0.29058838 0.14715576 -0.78204346,-0.4811111 -0.33555555 -1.0422223,2.76 -4.54 4.97,0 0 0,26
99,01100001,00000000,0.49645996 -0.36071777 0.19342041 -0.7654419,-1.7 -0.48666668 0.64444447,4.67 -7.91 6.36,0 0 0,26
100,01100001,00000000,0.56518555 -0.27508545 0.20733643 -0.7495117,1.8555555 0.83111113 2.547778,1.13 -7.77 7.16,0 0 0,26
101,01100001,00000000,0.7305908 -0.12823486 0.15881348 -0.65148926,2.481111 0.07777778 3.4322221,-0.26 -3.5 7.88,0 0 0,26
102,01100001,00000000,0.8088989 -0.07720947 0.08831787 -0.57592773,0.7511111 -0.68333334 1.4855555,1.54 -1.61 8.05,0 133 15871,26
103,01100001,00000000,0.87042236 -0.042236328 0.07910156 -0.48394775,0.48444444 -0.064444445 2.2244444,-1.91 -3.5 10.07,0 0 0,26
104,01100001,00000000,0.8883667 -0.026000977 0.038269043 -0.456604,0.28555554 -0.6188889 -0.3011111,0.22 -2.09 8.91,0 0 0,26
105,01100001,00000000,0.89489746 0.0032958984 0.0063476562 -0.44610596,0.41333333 -0.17222223 0.75222224,0.13 -0.35 10.02,0 0 0,26
106,01100001,00000000,0.9555054 0.009460449 0.01940918 -0.2939453,-0.12888889 0.6188889 5.3755555,-1.47 -0.84 9.57,0 0 0,26
107,01100001,00000000,0.9871216 0.0087890625 0.0087890625 0.15942383,-1.0588889 -2.2566667 7.8766665,-2.06 -0.45 9.18,0 0 0,26
108,01100001,00000000,0.8329468 -0.014465332 -0.04473877 0.55126953,0.8933333 0.64444447 7.097778,0.55 -0.82 9.84,0 0 0,26
109,01100001,00000000,0.5463257 -0.053710938 -0.06414795 0.833313,-2.0922222 -0.23555556 6.17,-0.29 -0.3 9.36,0 0 0,26
110,01100001,00000000,0.26287842 -0.064086914 -0.051757812 -0.015625,1.0355556 -0.59 5.062222,0.45 0.23 9.51,0 0 0,26
111,01100001,00000000,0.005065918 -0.08746338 -0.06225586 0.9941406,-0.6422222 0.28666666 4.1444445,-0.68 -1.18 10.2,0 0 0,26
112,01100001,00000000,-0.19519043 -0.05633545 -0.022460938 0.9788208,0.15666667 -0.7688889 3.1144445,0.99 0.5 9.57,0 0 0,26
113,01100001,00000000,-0.34991455 -0.05407715 -0.022094727 0.9348755,-0.09222222 -0.33444443 2.1777778,-0.64 -0.06 9.55,0 0 0,26
114,01100001,00000000,-0.43310547 -0.024291992 -0.016113281 0.9008179,0.0011111111 0.21333334 1.1688889,0.85 -0.31 9.65,0 0 0,26
115,01100001,00000000,-0.46575928 -0.03869629 -0.010314941 0.88397217,0.20555556 -0.31666666 0.19333333,-0.01 0.08 9.43,0 0 0,26
116,01100001,00000000,-0.45214844 -0.057800293 -0.008666992 0.8899536,0.14333333 0.8488889 -0.63222224,0.08 0.06 9.91,0 0 0,26
117,01100001,00000000,-0.38562012 -0.06726074 -0.010498047 0.920105,0.15 -0.18888889 -1.5411111,0.63 0.12 9.53,0 0 0,26
118,01100001,00000000,-0.2824707 -0.087402344 -0.030334473 0.95477295,-0.23666666 0.8322222 -2.0333333,-0.44 0 9.91,0 0 0,26
119,01100001,00000000,-0.23156738 -0.097229004 -0.053100586 0.96643066,0.16777778 -0.32222223 -0.15666667,-1.36 -0.56 9.51,0 0 255,26
120,01100001,00000000,-0.20776367 -0.08905029 -0.026916504 0.97369385,0.25111112 0.45 -0.36555555,-0.77 1.07 9.32,0 0 0,26
121,01100001,00000000,-0.26867676 -0.07043457 -0.024963379 0.9602661,-0.086666666 -0.6311111 1.4955555,-0.36 -0.3 9.43,0 0 0,26
122,01100001,00000000,-0.34375 -0.03466797 -0.018066406 0.9382324,-0.44444445 -0.90444446 1.8877778,-0.6 0.51 10.06,0 0 0,26
123,01100001,00000000,-0.71954346 -0.010131836 -0.023925781 0.69384766,0.9088889 -0.19333333 10.797778,-0.49 -2.99 10.08,0 0 0,26
124,01100001,00000000,-0.98272705 -0.021240234 0.026184082 0.18188477,-0.6888889 0.5977778 9.792222,0.55 0.02 9.33,0 0 0,26
125,01100001,00000000,-0.93066406 -0.00048828125 0.044128418 -0.36297607,-0.15777777 -1.5566666 8.345555,-0.87 -0.79 9.76,0 0 0,26
126,01100001,00000000,-0.6934204 0.0289917 0.0569458 -0.7175293,0.075555556 0.67444444 6.9911113,-0.22 -0.17 9.78,0 0 0,26
127,01100001,00000000,-0.40100098 0.05493164 0.06359863 -0.9121704,-0.53444445 -0.36666667 5.5266666,0.26 -0.89 9.69,0 0 0,26
128,01100001,00000000,-0.14324951 0.063964844 0.032226562 -0.98706055,0.38666666 -0.115555555 4.091111,-0.09 0.37 9.55,0 0 0,26
129,01100001,00000000,0.05822754 0.05596924 0.029174805 -0.99627686,-0.052222222 -0.19555555 2.6688888,0.11 -0.59 9.72,0 0 0,26
130,01100001,00000000,0.1586914 0.043945312 0.015197754 -0.98620605,-0.09222222 -0.19222222 1.2566667,0.39 0.09 9.62,0 0 0,26
131,01100001,00000000,0.1809082 0.04156494 0.016113281 -0.9824219,0.05 -0.034444444 -0.23777778,0.17 0.04 9.62,0 0 0,26
132,01100001,00000000,0.12738037 0.044128418 0.021118164 -0.9906006,0 0.23666666 -1.5411111,0.21 -0.17 9.79,0 0 0,26
133,01100001,00000000,-0.0115356445 0.051757812 0.030822754 -0.9980469,-0.06 0.115555555 -2.7522223,0.1 -0.17 9.75,0 0 0,26
134,01100001,00000000,-0.20550537 0.051635742 0.04083252 -0.9763794,-0.05111111 0.13111112 -3.8155556,0.1 -0.15 9.56,0 0 0,26
135,01100001,00000000,-0.444458 0.04510498 0.049072266 -0.8932495,0.12666667 0.16222222 -4.917778,0.07 -0.24 9.69,0 0 0,26
136,01100001,00000000,-0.69421387 0.034851074 0.04876709 -0.7172241,0.17666666 0.19111112 -5.7544446,-0.04 -0.33 9.6,0 0 0,26
137,01100001,00000000,-0.8991089 0.016723633 0.042785645 -0.4352417,0.16777778 0.21222222 -6.4733334,-0.05 -0.33 9.73,0 0 0,26
138,01100001,00000000,-0.9989624 -0.0015869141 0.03302002 -0.028320312,0.055555556 0.14888889 -7.091111,-0.12 -0.42 9.7,0 0 0,26
139,01100001,00000000,-0.92248535 -0.020996094 0.01965332 0.38482666,0.11777778 0.1711111 -7.6744447,-0.24 -0.52 9.79,0 0 0,26
140,01100001,00000000,-0.66186523 -0.04058838 0.0026245117 0.7484131,0.16888888 0.3211111 -8.127778,-0.04 -0.56 9.7,0 0 0,26
141,01100001,00000000,-0.24615479 -0.055908203 -0.024230957 0.9672241,0.13222222 0.25111112 -8.512222,-0.39 -0.65 9.7,0 0 0,26
142,01100001,00000000,0.28479004 -0.04815674 -0.04815674 0.9561157,0.07111111 0.16888888 -8.845555,-0.3 -0.74 9.54,0 0 0,26
143,01100001,00000000,0.7192993 -0.029174805 -0.04937744 0.6921997,0.21222222 0.39333335 -9.118889,-0.38 -0.74 9.76,0 0 0,26
144,01100001,00000000,0.9711304 -0.001953125 -0.040405273 0.23468018,0.18666667 0.20111111 -9.38,-0.25 -0.62 9.59,0 0 0,26
145,01100001,00000000,0.95477295 0.014587402 -0.017089844 -0.29626465,0.01 0.24444444 -9.507778,317.44 -1.16 9.76,0 0 0,26
146,01100001,00000000,0.6272583 0.03881836 -0.008422852 -0.77770996,0.28777778 0.15444444 -9.6,-0.22 -0.51 9.59,0 0 0,26
147,01100001,00000000,0.1305542 0.054504395 0.01739502 -0.9897461,0.21555555 0.32555556 -9.612223,-0.41 -0.86 9.73,0 0 0,26
148,01100001,00000000,-0.39868164 0.051818848 0.041137695 -0.9146118,0.013333334 0.07333333 -9.367778,-0.44 -0.67 9.67,0 0 0,26
149,01100001,00000000,-0.80023193 0.026306152 0.055236816 -0.59643555,0.12555556 0.17555556 -8.848889,-0.25 -0.66 9.67,0 0 0,26
150,01100001,00000000,-0.9920044 -0.010009766 0.042114258 -0.11804199,0.32333332 0.25555557 -8.177778,-0.32 -0.47 9.57,0 0 0,26
151,01100001,00000000,-0.9482422 -0.026794434 0.022888184 0.31536865,-0.053333335 0.03888889 -7.3722224,-0.22 -0.43 9.72,0 0 0,26
152,01100001,00000000,-0.75549316 -0.036193848 0.0038452148 0.65405273,0.04 0.10555556 -6.4677777,-0.34 -0.41 9.66,0 0 0,26
153,01100001,00000000,-0.5 -0.04058838 -0.0020141602 0.86920166,0.11666667 -1.9911112 -17.352222,0.07 -0.11 9.68,0 0 0,26
154,01100001,00000000,-0.20605469 -0.052124023 -0.013000488 0.9770508,0.14 0.17222223 -4.578889,-0.2 -0.04 9.73,0 0 0,26
155,01100001,00000000,0.01776123 -0.05340576 -0.024902344 0.9981079,-0.053333335 0.14444445 -3.4922223,0.07 -0.02 9.73,0 0 0,26
156,01100001,00000000,0.18487549 -0.055114746 -0.036499023 0.98046875,-0.07 0.0022222223 -2.5044444,-0.11 0.04 9.6,0 0 0,26
157,01100001,00000000,0.29351807 -0.049743652 -0.044067383 0.95355225,0.015555556 0.028888889 -1.5122222,0.03 0.01 9.76,0 0 0,26
158,01100001,00000000,0.34857178 -0.041870117 -0.041748047 0.93530273,0.086666666 -0.08888889 -0.5377778,0.01 0.05 9.56,0 0 0,26
159,01100001,00000000,0.3451538 -0.037475586 -0.036315918 0.9370117,0.045555554 0.04888889 0.42777777,0.1 0.03 9.56,0 0 0,26
160,01100001,00000000,0.29138184 -0.037353516 -0.029296875 0.9553833,0.012222222 -0.07777778 1.4111111,0.05 0.13 9.66,0 0 0,26
161,01100001,00000000,0.18725586 -0.044433594 -0.023986816 0.98101807,-0.012222222 0.14666666 2.2733333,-0.02 0.09 9.71,0 0 0,26
162,01100001,00000000,0.020080566 -0.047790527 -0.020996094 0.99835205,-0.10333333 -0.08111111 3.0366666,117.86 -2.53 -0.01,0 0 0,26
163,01100001,00000000,-0.1776123 -0.055480957 -0.014465332 0.98236084,-0.11333334 0.07111111 3.7477777,-0.21 0.07 9.68,0 0 0,26
164,01100001,00000000,-0.40264893 -0.049865723 -0.009033203 0.91381836,-0.08888889 -0.032222223 4.4155555,0.13 -0.18 9.66,0 0 0,26
165,01100001,00000000,-0.63153076 -0.048828125 -0.0031738281 0.7737427,-0.2911111 -0.078888886 4.9555554,-0.3 0 9.7,0 0 0,26
166,01100001,00000000,-0.8307495 -0.03265381 0.008361816 0.555542,-0.094444446 -0.18888889 5.41,-0.18 -0.22 9.88,0 0 0,26
167,01100001,00000000,-0.923645 -0.043762207 0.05657959 0.37628174,-0.7544444 0.47666666 1.8744445,1.37 2.21 8.11,0 0 0,26
168,01100001,00000000,-0.95025635 0.013671875 0.03942871 0.30841064,0.56666666 -1.0522223 1.0422223,0.25 -1.25 9.96,0 0 0,26
169,01100001,00000000,-0.97052 0.010009766 0.037902832 0.2376709,-0.075555556 0.7733333 1.2644445,0.6 -0.48 9.63,0 0 0,26
170,01100001,00000000,-0.9841919 0.0031738281 0.046081543 0.20031738,-0.2488889 0.07666667 -34.133335,0.24 0.66 9.89,0 0 0,26
171,01100001,00000000,-0.9970093 0.0014648438 0.020080566 0.07397461,0.17555556 0.6388889 2.5466666,-0.2 -0.37 9.62,0 0 0,26
172,01100001,00000000,-0.95739746 -0.03894043 -0.019104004 -0.28533936,1.2077777 1.2744445 12.015555,-1.36 0.96 9.43,0 0 0,26
173,01100010,00000000,-0.7927246 -0.039245605 -0.030639648 -0.6074219,-1.0855556 1.5755556 16.985556,-2.7 3.48 8.16,0 0 0,26
174,01100010,00000000,-0.4029541 0.016174316 0.0064086914 -0.914978,-3.0355556 0.9411111 17.742222,-4.37 0.74 8.82,0 0 0,26
175,01100010,00000000,0.00012207031 0.0413208 0.07489014 -0.99627686,-3.1233332 -1.3088889 17.20111,-5.57 -4.44 9.39,0 0 0,26
176,01100010,00000000,0.39453125 0.0072021484 0.08862305 -0.91448975,-0.7311111 -3.5677779 16.672222,-3.06 -6.35 9.08,0 0 0,26
177,01100010,00000000,0.71813965 -0.028320312 0.03564453 -0.6942749,1.4088889 -3.2133334 16.305555,1.03 -5.93 9.06,0 0 0,26
178,01100010,00000000,0.9525757 0.009399414 -0.029418945 -0.30267334,3.0355556 -0.8388889 16.055555,2.52 -2.72 9.54,0 0 0,26
179,01100010,00000000,0.9949341 0.055114746 -0.04156494 0.07208252,1.7066667 0.80444443 15.861111,0.8 -1.48 -0.01,0 0 0,26
180,01100010,00000000,0.90112305 0.026245117 -0.03527832 0.43121338,-1.5966667 1.5055555 15.651111,-1.16 1.58 8.94,0 0 0,26
181,01100010,00000000,0.63391113 -0.06726074 -0.043762207 0.769104,-2.7933333 0.9588889 15.212222,-3.97 -1.63 9.69,0 0 0,26
182,01100010,00000000,0.32824707 -0.093811035 -0.06341553 0.9376831,-1.8366667 -1.2677778 14.56,-3.49 -3.59 9.52,0 0 0,26
183,01100010,00000000,-0.0025024414 -0.06842041 -0.06121826 0.99572754,-0.17333333 -2.2133334 13.875556,-0.56 -3.98 8.87,0 0 0,26
184,01100010,00000000,-0.31982422 -0.052246094 -0.022216797 0.9456787,1.1922222 -0.7866667 13.473333,1.61 -2.87 8.17,0 0 0,26
185,01100010,00000000,-0.64312744 -0.08111572 0.036071777 0.7605591,1.8066666 0.81333333 13.161111,1.27 -1.1 7.7,0 0 0,26
186,01100010,00000000,-0.84143066 -0.10473633 0.058044434 0.52679443,0.76222223 1.4566667 12.86,-0.13 1.75 8.62,0 0 0,26
187,01100010,00000000,-0.96868896 -0.07714844 0.03729248 0.25317383,-2.2466667 1.9544444 12.3955555,-1.18 1.13 10.28,0 0 0,26
188,01100010,00000000,-0.9992676 -0.021240234 0.00390625 -0.029968262,-1.9377778 1.2811111 11.754444,-2.88 -2.23 10.81,0 0 0,26
189,01100010,00000000,-0.9389038 0.0014648438 0.02142334 -0.34332275,-0.59444445 -1.2155555 11.044444,-2.27 -1.06 5.89,0 0 0,26
190,01100010,00000000,-0.821228 0.014099121 0.07678223 -0.5651245,-1.5155555 -1.9466667 10.397778,0.64 -0.9 8.65,0 0 0,26
191,01100010,00000000,-0.66363525 0.04626465 0.084350586 -0.7418213,0.57 0.93777776 9.837778,2 -4.6 11.63,0 0 0,26
192,01100010,00000000,-0.48706055 0.038146973 0.005004883 -0.87249756,3.798889 0.47111112 9.098889,-0.72 -0.92 12.46,0 0 0,26
193,01100010,00000000,-0.26098633 0.0037841797 -0.05126953 -0.9639282,0.86777776 -0.05 8.484445,1.96 3.31 10.15,0 0 0,26
194,01100010,00000000,-0.06829834 0.042297363 -0.029052734 -0.9963379,-1.5477778 2.3633332 7.922222,-1 -1.33 11.63,0 0 0,26
195,01100010,00000000,0.10870361 0.06109619 -0.029846191 -0.9916382,0.2211111 -0.5588889 7.076667,-4.12 -1.21 11.24,0 0 0,26
196,01100010,00000000,0.258667 -0.0032348633 -0.046447754 -0.9647827,-0.5277778 -3.1455555 6.2466664,-0.3 0.58 219.24,0 0 0,26
197,01100010,00000000,0.41241455 -0.06213379 -0.01977539 -0.90856934,-1.3722222 -0.45555556 5.731111,3.83 -1.94 8.87,0 0 0,26
198,01100010,00000000,0.52349854 -0.010009766 0.0030517578 -0.8518677,1.6211112 2.988889 5.0455556,0.81 -2.45 9.82,0 0 0,26
199,01100010,00000000,0.6119995 0.068603516 -0.018249512 -0.78759766,2.5077777 1.4488889 4.3366666,-1.89 1.75 8.97,0 0 0,26
200,01100010,00000000,0.6925049 0.07824707 -0.043151855 -0.7157593,-0.20444444 -0.4811111 3.6255555,-0.41 2.58 8.86,0 0 0,26
201,01100010,00000000,0.7459717 0.046447754 -0.02178955 -0.6638794,-1.65 0.49222222 2.8655555,1.45 -1.36 10.68,0 0 0,26
202,01100010,00000000,0.7831421 0.061462402 -0.0038452148 -0.61865234,1.2366667 1.1555556 2.1155555,-0.46 -2.69 11.85,0 0 0,26
203,01100010,00000000,0.8015137 0.10852051 -0.030944824 -0.5871582,2.3111112 -0.086666666 1.3088889,-0.79 1.21 10.65,0 0 0,26
204,01100010,00000000,0.81256104 0 0 -0.015625,-0.83 -0.65444446 0.56333333,0.66 2.31 9.09,0 0 0,26
205,01100010,00000000,0.8180542 0.05529785 -0.020812988 -0.5718994,-2.3744445 0.25333333 -0.10333333,0.88 -0.16 9.5,0 0 0,26
206,01100010,00000000,0.81292725 0.030273438 0.0071411133 -0.58135986,-0.74 0.21222222 -0.75666666,-0.23 -2.05 10.06,0 0 0,26
207,01100010,00000000,0.79211426 0.028503418 -0.0049438477 -0.60961914,0.52444446 -0.67444444 -1.4155556,-0.55 -0.32 9.63,0 0 0,26
208,01100010,00000000,0.7644043 0.013427734 -0.016967773 -0.6442871,-0.4588889 -0.83 -1.9444444,0.62 1.56 9.03,0 0 0,26
209,01100010,00000000,0.7279053 -0.017089844 0 -0.6854248,-1.7088889 -0.06333333 -2.4755557,0.91 0.38 8.45,0 0 0,26
210,01100010,00000000,0.6804199 -0.0390625 0.024902344 -0.7312622,-1.0355556 0.25 -2.9544444,0.31 -1.29 9.2,0 0 0,26
211,01100010,00000000,0.6085205 -0.038330078 0.024780273 -0.79211426,0.40888888 0.14888889 -3.4477777,0 -1.1 8.93,0 0 0,26
212,01100010,00000000,0.53497314 -0.025817871 0.0079956055 -0.84436035,0.8488889 0.16111112 -3.8966668,0.23 0.24 9.02,0 0 0,26
213,01100010,00000000,0.4482422 -0.015380859 0.006286621 -0.89367676,-0.23111111 0.54444444 -4.345556,0.44 0.84 9.11,7 -1433 -16129,26
214,01100010,00000000,0.34820557 -0.0049438477 0.024353027 -0.9370117,-0.56 0.96444446 -4.728889,0.59 -0.49 9.2,0 0 0,26
215,01100010,00000000,0.21069336 0.026367188 0.03741455 -0.9764404,0.2188889 1.5122222 -5.1022224,0.3 -1.08 9.25,0 0 0,26
216,01100010,00000000,0.08850098 0.05706787 0.034973145 -0.9937744,0.94777775 0.73 -4.46,-2.21 -1.32 15.38,0 0 0,26
217,01100010,00000000,0.025390625 0.005126953 -0.0026855469 -0.9996338,0.20111111 -1.4955555 -1.9988889,3.99 3.57 6.9,0 0 0,26
218,01100010,00000000,0.013671875 0.0014038086 0.016662598 -0.9996948,-0.5733333 0.33 -0.025555555,5 0.84 8.95,0 0 0,26
219,01100010,00000000,0.01184082 0.03918457 0.0028686523 -0.9991455,0.8711111 1.8611112 -0.20111111,2.54 1.44 8.14,0 0 0,26
220,01100010,00000000,0.014160156 0.06713867 -0.03479004 -0.99694824,1.8533334 0.086666666 0.6588889,-2.88 2.03 9.72,0 0 0,26
221,01100010,00000000,-0.040161133 0.045654297 0 -0.015625,3.11 -1.0633334 -4.0733333,1.79 1.86 9.56,0 0 0,26
222,01100010,00000000,-0.18218994 0.008361816 -0.1508789 -0.9715576,1.8055556 -2.1444445 -4.637778,-1.08 5.6 9.26,0 0 0,26
223,01100010,00000000,-0.29052734 -0.030578613 -0.14196777 -0.94573975,-0.17888889 -2.2566667 -4.4133334,1.97 3.04 9.45,0 0 0,26
224,01100010,00000000,-0.38476562 -0.044921875 -0.14752197 -0.90997314,1.0722222 -0.2888889 -3.86,2.69 1.19 8.96,0 0 0,26
225,01100010,00000000,-0.444458 -0.034301758 -0.19537354 -0.8734741,2.1177778 1.2111111 -2.557778,0.18 2.96 9.27,0 0 0,26
226,01100010,00000000,-0.48266602 -0.02142334 -0.24615479 -0.84020996,1.16 0.55333334 -1.4766667,-2.4 5.37 8.38,0 0 0,26
227,01100010,00000000,-0.48760986 -0.022338867 -0.23278809 -0.84106445,-0.85 -0.5366667 0.21,-1.61 4.2 8.06,0 0 0,26
228,01100010,00000000,-0.47601318 -0.027160645 -0.20355225 -0.8550415,-0.8411111 -0.55 0.91444445,-0.48 2.4 8.37,0 0 0,26
229,01100010,00000000,-0.4541626 -0.028808594 -0.1887207 -0.8701782,-0.5733333 0.045555554 1.28,-0.25 3.21 9.26,0 0 0,26
230,01100010,00000000,-0.427063 -0.0345459 -0.1741333 -0.88653564,-0.33888888 -0.36 0.97444445,-0.31 3.76 9.53,0 201 -14849,26
231,01100010,00000000,-0.42340088 -0.04321289 -0.16339111 -0.8899536,-0.35777777 -0.4977778 -0.11,-0.02 4.67 8.81,0 0 0,26
232,01100010,00000000,-0.43414307 -0.044128418 -0.14147949 -0.88848877,-1.0011111 -0.51111114 -0.4888889,0.16 4.39 8.81,0 0 0,26
233,01100010,00000000,-0.44335938 -0.04473877 -0.118652344 -0.88726807,-0.8788889 -0.5411111 -0.055555556,0.06 3.9 8.99,0 0 0,26
234,01100010,00000000,-0.4331665 -0.064575195 -0.099487305 -0.8934326,0.13444445 -0.91 0.6522222,1.71 3.78 9.21,0 0 0,26
235,01100010,00000000,-0.43634033 -0.057922363 -0.10632324 -0.8914795,-0.09777778 0.5377778 -0.34777778,-0.3 4.17 8.89,0 0 0,26
236,01100010,00000000,-0.43322754 -0.051879883 -0.091796875 -0.89501953,-1.2577778 -0.26222223 0.4788889,-0.28 3.27 8.74,0 0 0,26
237,01100010,00000000,-0.4237671 -0.04663086 -0.061767578 -0.9024048,-0.9488889 -0.28 0.4511111,0.12 1.3 10.02,0 0 0,26
238,01100010,00000000,-0.40979004 -0.051940918 -0.044189453 -0.015625,-0.32 -0.44555557 0.62666667,0.8 1.12 9.4,0 0 0,26
239,01100010,00000000,-0.3947754 -0.061279297 -0.03149414 -0.9161377,-0.31 -0.52111113 0.74333334,1.21 1.01 8.78,0 0 0,26
240,01100010,00000000,-0.37750244 -0.064697266 -0.022583008 -0.9234009,-0.1711111 -0.028888889 0.74222225,1.34 1.15 9.49,0 0 0,26
241,01100010,00000000,-0.3623047 -0.059814453 -0.022521973 -0.9298096,-0.014444444 0.32555556 0.5222222,1.44 1.82 9.39,0 0 0,26
242,01100010,00000000,-0.34783936 -0.055725098 -0.018371582 -0.93566895,-0.3011111 0.031111112 0.6988889,1.05 2.52 9.35,0 0 0,26
243,01100010,00000000,-0.34143066 -0.054504395 -0.0020751953 -0.93829346,-0.6622222 -0.24222222 0.015555556,1.56 1.65 9.79,0 0 0,26
244,01100010,00000000,-0.34698486 -0.05291748 0.011962891 -0.9362793,-0.5277778 -0.07 -0.28111112,1.79 1.1 9.6,0 0 0,26
245,01100010,00000000,-0.35772705 -0.05029297 0.018127441 -0.932251,-0.15 0.045555554 -0.42444444,1.73 0.57 9.61,0 0 0,26
246,01100010,00000000,-0.37036133 -0.04815674 0.016906738 -0.92736816,0.036666665 0.11666667 -0.6066667,1.55 0.68 9.53,0 0 0,26
247,01100010,00000000,-0.3764038 -0.04675293 0.013000488 -0.92510986,0.13444445 0.18444444 0.011111111,1.64 0.93 9.69,0 0 255,26
248,01100010,00000000,-0.36828613 -0.045898438 0.012512207 -0.92840576,-0.107777774 -0.05111111 0.4722222,1.49 0.62 9.66,0 0 0,26
249,01100010,00000000,-0.3503418 -0.04937744 0.013122559 -0.93518066,0.19111112 -0.18888889 0.80333334,1.26 0.32 9.89,0 0 0,26
250,01100010,00000000,-0.3305664 -0.055114746 0.015380859 -0.9420166,-0.046666667 -0.19666667 0.7411111,2.17 0.68 9.53,0 0 0,26
251,01100010,00000000,-0.3274536 -0.053466797 0.016906738 -0.94311523,-0.075555556 0.24222222 -0.23888889,2.39 0.52 9.33,0 0 0,26
252,01100010,00000000,-0.34136963 -0.044311523 0.014343262 -0.9387207,-0.02 0.48222223 -0.7788889,1.33 0.57 9.63,0 0 0,26
253,01100010,00000000,-0.3609619 -0.037597656 0.009338379 -0.9317627,0.12888889 0.2 -0.7088889,0.88 1 9.72,0 0 0,26
254,01100010,00000000,-0.37316895 -0.037475586 0.003967285 -0.9269409,0.18444444 0.024444444 -0.49888888,1 1.4 9.62,0 0 0,26
255,01100010,00000000,-0.38171387 -0.03869629 0.0015258789 -0.9234009,0.008888889 -0.0022222223 -0.35222223,1.13 1.39 9.51,0 0 0,26
0,01100010,00000000,-0.38806152 -0.03765869 0.0025024414 -0.9208374,-0.14333333 0.037777778 -0.2188889,1.09 1.02 9.51,0 0 0,26
1,01100010,00000000,-0.38793945 -0.033325195 0.0056762695 -0.9210205,-0.15666667 0.14222223 0.09555556,1.25 0.67 9.37,0 0 0,26
2,01100010,00000000,-0.38861084 -0.030151367 0.0036010742 -0.9208374,0.10555556 0.104444444 -0.093333334,0.99 0.66 9.45,0 0 0,26
3,01100010,00000000,-0.38891602 -0.029907227 0.0020751953 -0.92071533,0.05 0.06555556 0.02,1.16 0.85 9.74,0 0 0,26
4,01100010,00000000,-0.3920288 -0.028442383 -0.0014648438 -0.9194336,0.1711111 0.24222222 -0.3077778,1.21 1.02 9.71,0 0 0,26
5,01100010,00000000,-0.4053955 -0.024291992 -0.0079956055 -0.9136963,0.12 0.16555555 -0.5744445,0.56 1.34 9.66,0 0 0,26
6,01100010,00000000,-0.41729736 -0.023986816 -0.0078125 -0.90838623,-0.055555556 -0.07777778 -0.5366667,0.6 1.19 9.54,0 0 0,26
7,01100010,00000000,-0.4276123 -0.026672363 -0.00579834 -0.9034424,-0.014444444 -0.19111112 -0.40333334,0.68 1.02 9.48,0 0 0,26
8,01100010,00000000,-0.43341064 -0.028259277 -0.00024414062 -0.9006958,-0.39666668 0.04222222 -0.23222223,1.19 0.92 9.46,0 0 0,26
9,01100010,00000000,-0.44854736 -0.019470215 0.0029296875 -0.8934326,-0.13111112 0.2588889 -0.73777777,0.66 0.48 9.69,0 0 0,26
10,01100010,00000000,-0.46759033 -0.014526367 -6.1035156E-05 -0.883728,0.031111112 0.107777774 -0.93222225,0.26 0.99 9.77,0 0 0,26
11,01100010,00000000,-0.48706055 -0.018127441 0.0017700195 -0.8731079,-0.08111111 -0.32 -0.8988889,0.47 1.15 9.68,0 0 0,26
12,01100010,00000000,-0.50097656 -0.0234375 0.008117676 -0.86505127,-0.11111111 -0.25444445 -0.47777778,0.98 0.82 9.64,0 0 0,26
13,01100010,00000000,-0.5027466 -0.023254395 0.007446289 -0.8640137,0.043333333 0.101111114 0.06666667,1.18 1.23 9.59,0 0 0,26
14,01100010,00000000,-0.50109863 -0.018798828 0.009155273 -0.8651123,-0.24111111 0.14555556 0.054444443,1 0.98 9.58,0 0 0,26
15,01100010,00000000,-0.5008545 -0.013671875 0.012268066 -0.8652954,-0.19888888 0.08111111 0.016666668,0.58 0.56 9.54,0 0 0,26
16,01100010,00000000,-0.49798584 -0.011474609 0.01373291 -0.86694336,-0.01 0.052222222 0.22666667,0.46 0.41 9.89,0 0 0,26
17,01100010,00000000,-0.48980713 -0.012390137 0.01171875 -0.87164307,0.09555556 -0.032222223 0.36444443,0.44 0 9.51,0 0 0,26
18,01100010,00000000,-0.48345947 -0.013305664 0.008850098 -0.8751831,0.14888889 0.046666667 0.26555556,0.66 0.97 9.75,0 0 0,26
19,01100010,00000000,-0.48010254 -0.012390137 0.005554199 -0.8770752,0.0055555557 0.08555555 0.11777778,0.59 1.19 9.46,0 0 0,26
20,01100010,00000000,-0.47705078 -0.0099487305 0.0056152344 -0.8787842,-0.017777778 0.11444444 0.16888888,0.51 0.68 9.74,0 0 0,26
21,01100010,00000000,-0.47149658 -0.009094238 0.0026855469 -0.8817749,0.08555555 0.043333333 0.24222222,0.4 0.96 9.49,0 0 0,26
22,01100010,00000000,-0.46520996 -0.008911133 0.0029907227 -0.88513184,-0.033333335 -0.033333335 0.28111112,0.33 0.72 9.59,0 0 0,26
23,01100010,00000000,-0.4586792 -0.010253906 0.004272461 -0.88848877,0.025555555 -0.075555556 0.3288889,0.37 0.62 9.49,0 0 0,26
24,01100010,00000000,-0.4533081 -0.012939453 0.004211426 -0.8911743,0.054444443 -0.09888889 0.14555556,0.42 0.85 9.6,0 0 0,26
25,01100010,00000000,-0.453125 -0.01574707 0.0060424805 -0.8922119,-0.04 23.893333 -24.746666,0.7 1.07 9.59,0 0 0,26
26,01110011,00000000,-0.4492798 -0.018066406 0.008911133 -0.8930664,0.0055555557 -0.0044444446 0.02,0.88 0.72 9.62,0 0 0,26
27,01110011,00000000,-0.4498291 -0.018432617 0.007873535 -0.89282227,0.05666667 0.012222222 -0.02111111,0.82 0.94 9.52,10 10 10,26
28,01110011,00000000,-0.44970703 -0.018066406 0.0067749023 -0.8928833,-0.031111112 0.07666667 -0.0022222223,0.78 1.06 9.48,19 18 18,26
29,01110011,00000000,-0.4492798 -0.015625 0.009216309 -0.89312744,-0.17 0.027777778 0.053333335,0.39 0.63 9.3,27 26 26,26
30,01110011,00000000,-0.4459839 -0.016418457 0.010864258 -0.8947754,0.04777778 -0.12888889 0.25111112,0.06 0.56 9.49,34 33 33,26
31,01110011,00000000,-0.44122314 -0.020812988 0.014709473 -0.89697266,-0.1388889 -0.27 0.15333334,0.46 0.76 9.63,40 39 39,26
32,01110011,00000000,-0.43981934 -0.02508545 0.020019531 -0.89746094,-0.1 -0.27888888 0.08,0.72 0.77 9.78,46 44 45,26
33,01110011,00000000,-0.4360962 -0.029907227 0.026062012 -0.8989258,-0.14444445 -0.29222223 0.18777777,1.24 0.93 10.19,51 49 50,26
34,01110011,00000000,-0.43151855 -0.033691406 0.034179688 -0.90075684,-0.27333334 -0.28666666 0.21333334,-188.07 -0.01 -0.01,56 53 54,26
35,01110011,00000000,-0.42834473 -0.034118652 0.045959473 -0.9017334,-0.46444446 -0.21222222 0.12666667,1.27 0.02 8.97,60 57 58,26
36,01110011,00000000,-0.4274292 -0.03692627 0.055419922 -0.90148926,-0.26555556 -0.31 0.04,1.01 -0.41 8.92,64 60 62,26
37,01110011,00000000,-0.42388916 -0.045043945 0.060302734 -0.90252686,0.045555554 -0.42222223 0.16555555,1.5 -0.05 9.41,67 63 65,26
38,01110011,00000000,-0.42095947 -0.053466797 0.062438965 -0.9032593,0.07111111 -0.3311111 0.08222222,1.96 0.35 9.87,70 66 68,26
39,01110011,00000000,-0.4197998 -0.058898926 0.06359863 -0.9034424,0.03888889 -0.21222222 0.04777778,1.85 0.52 9.84,73 69 71,26
40,01110011,00000000,-0.4171753 -0.06323242 0.06695557 -0.90411377,-0.06555556 -0.23666666 0.12,1.87 0.19 9.41,75 72 73,26
41,01110011,00000000,-0.41741943 -0.06768799 0.07165527 -0.9033203,-0.11333334 -0.26222223 -0.072222225,2.05 -0.02 9.17,77 74 75,26
42,01110011,00000000,-0.42175293 -0.07366943 0.07409668 -0.90197754,0.06 -0.2611111 -15.644444,2.45 -0.12 9.3,79 76 77,26
43,01110011,00000000,-0.42004395 -0.080078125 0.07366943 -0.90093994,0.12666667 -0.23111111 -0.08111111,2.77 -0.2 9.7,80 78 79,26
44,01110011,00000000,-0.41986084 -0.08459473 0.07165527 -0.90075684,0.15444444 -0.08555555 -0.013333334,2.81 0.1 9.82,81 80 81,26
45,01110011,00000000,-0.41888428 -0.08679199 0.07122803 -0.901001,0.05888889 -0.05666667 0.043333333,2.61 0.14 9.79,82 81 82,26
46,01110011,00000000,-0.41619873 -0.088378906 0.072021484 -0.9020386,0.012222222 -0.064444445 0.13666667,2.52 0.17 9.5,83 82 83,26
47,01110011,00000000,-0.41223145 -0.09106445 0.07458496 -0.90338135,-0.053333335 -0.18888889 0.18888889,2.69 0.1 9.03,84 83 84,26
48,01110011,00000000,-0.41210938 -0.0927124 0.07598877 -0.9031372,0.025555555 -0.028888889 -0.07777778,3.08 -0.22 9.55,85 84 85,26
49,01110011,00000000,-0.42175293 -0.08996582 0.07104492 -0.89941406,0.055555556 0.2488889 -0.54,3.23 0.41 9.5,86 85 86,26
50,01110011,00000000,-0.43585205 -0.08081055 0.064941406 -0.8939209,0.053333335 0.49888888 -0.5322222,2.25 0.48 9.92,88 86 87,26
51,01110011,00000000,-0.44024658 -0.07446289 0.062805176 -0.8925171,-0.07 0.24111111 -0.06666667,1.81 -2.16 -0.01,90 87 88,26
52,01110011,00000000,-0.4390869 -0.07086182 0.06213379 -0.8934326,-0.037777778 0.12222222 0.10333333,1.93 0.47 9.54,91 88 89,26
53,01110011,00000000,-0.43603516 -0.06774902 0.06512451 -0.8949585,-0.17888889 0.05 0.16222222,1.91 0.04 9.76,91 89 90,26
54,01110011,00000000,-0.4142456 -0.071777344 0.06616211 -0.9048462,0.20333333 -0.30555555 1.2333333,1.15 -0.06 10.04,91 89 91,26
55,01110011,00000000,-0.352417 -0.08673096 0.072265625 -0.9289551,0.2688889 -0.8666667 3.1688888,2.16 0.21 9.25,94 91 91,26
56,01110011,00000000,-0.28833008 -0.09851074 0.08282471 -0.9487915,0.11666667 -1.0344445 3.8533332,2.7 -0.71 10.02,112 97 91,26
57,01110011,00000000,-0.14849854 -0.120910645 0.08898926 -0.977417,1.1577778 -1.39 7.4533334,3.19 -1.51 8.69,136 100 91,26
58,01110011,00000000,0.07269287 -0.11968994 0.083740234 -0.98651123,1.4422222 -0.12222222 10.22,3.9 -1.93 7.84,196 154 92,26
59,01110011,00000000,0.3908081 -0.05041504 0.083984375 -0.9127197,1.6333333 1.6844444 12.382222,1.97 -3.28 9.57,190 194 92,26
60,01110011,00000000,0.6425171 0.030212402 0.047729492 -0.7640991,2.89 1.1055555 12.237778,-1.02 0.66 10.35,174 190 92,26
61,01110011,00000000,0.8275757 0.043701172 0.028076172 -0.5588379,-0.5288889 -0.2188889 11.597777,-0.67 2.55 8.3,162 191 92,26
62,01110011,00000000,0.94525146 0.0018310547 0.051452637 -0.32208252,-2.8177779 0.3288889 10.9366665,-1.03 -0.81 9.01,171 141 92,26
63,01110011,00000000,0.98986816 -0.01184082 0.047851562 -0.13305664,-0.23666666 -1.4011111 9.858889,-2.94 -3.79 10.19,148 4 92,26
64,01110011,00000000,0.9959717 0.007019043 -0.016296387 0.0869751,0.79 -3.2466667 8.951111,-0.64 -1.52 9.3,195 4 92,26
65,01110011,00000000,0.95562744 0.0072631836 -0.072143555 0.28527832,-0.5477778 -1.1655556 8.333333,2.75 0.19 8.58,190 14 92,26
66,01110011,00000000,0.8859253 -0.032470703 -0.061462402 0.45837402,-0.8011111 1.7555555 7.7255554,1.41 -0.55 9.16,191 17 92,26
67,01110011,00000000,0.7955322 -0.070495605 -0.024230957 0.6011963,-0.3311111 1.1588889 6.93,-1.87 -0.25 10,145 8 92,26
68,01110011,00000000,0.69421387 -0.07867432 -0.027282715 0.71484375,-0.89 -1.2344445 6.022222,-2.15 0.29 -228.51,64 1 92,26
69,01110011,00000000,0.5908203 -0.07171631 -0.06213379 0.80114746,-1.0422223 -1.5277778 5.2177777,0.66 -1.08 9.36,158 0 92,26
70,01110011,00000000,0.494812 -0.06958008 -0.06866455 0.8634033,0.38222224 -0.1 4.4644446,1.55 -1.88 9.57,194 0 92,26
71,01110011,00000000,0.41241455 -0.07128906 -0.03656006 0.90740967,1.2344445 0.41 3.708889,0.23 -0.36 9.6,187 21 92,26
72,01110011,00000000,0.34283447 -0.064086914 -0.015808105 0.9370117,0.18888889 -0.5311111 2.9088888,-0.8 1.4 9.6,168 58 92,26
73,01110011,00000000,0.28668213 -0.046325684 -0.034423828 0.9562378,-0.98 -1.2555555 2.1211112,-0.14 0.37 9.62,171 65 92,26
74,01110011,00000000,0.24676514 -0.02722168 -0.05731201 0.96691895,-0.35444444 -0.93 1.3566667,0.77 -1.3 9.73,180 54 92,26
75,01110011,00000000,0.22540283 -0.01361084 -0.048339844 0.9729004,0.9433333 -0.29222223 0.60333335,0.66 -0.77 9.71,180 55 92,26
76,01110011,00000000,0.22174072 0.0079956055 0.0040893555 -0.010070801,0.78 -0.10666667 -0.12111111,0.15 0.73 9.44,173 63 92,26
77,01110011,00000000,0.23443604 0.0012817383 -0.024658203 0.9717407,-0.25111112 -0.36888888 -0.84,-0.04 0.73 9.65,165 66 92,26
78,01110011,00000000,0.2630005 0.0053100586 -0.036071777 0.9640503,-0.45666668 0.045555554 -1.4955555,0.8 -0.22 9.68,156 70 92,26
79,01110011,00000000,0.3017578 -0.010131836 -0.037719727 0.95251465,-0.09222222 0.82666665 -1.6977777,0.1 -0.8 9.56,150 77 92,26
80,01110011,00000000,0.33496094 -0.008239746 -0.031311035 0.94158936,0.46333334 -0.28 -1.26,0.73 -0.06 9.98,153 80 92,26
81,01110011,00000000,0.36138916 0.0036621094 -0.013793945 0.93218994,1.15 -0.083333336 -1.2188889,0.91 0.18 9.63,145 78 92,26
82,01110011,00000000,0.38812256 0.013671875 0.015258789 0.9213257,1.2633333 0.17444444 -1.221111,0.66 1.6 9.42,139 71 92,26
83,01110011,00000000,0.41931152 0.013122559 0.051208496 0.90618896,1.5111111 1.0388889 -1.6822222,0.91 2.34 9.13,136 63 92,26
84,01110011,00000000,0.4328003 -0.0026245117 0.12841797 0.8922119,4.286667 2.3477778 0.46,-2.84 -1.95 10.25,143 50 92,26
85,01110011,00000000,0.44726562 0.030822754 0.27886963 0.8491821,7.211111 0.40333334 -3.3322222,-2.37 4.78 6.95,253 992 14335,26
86,01110011,00000000,0.53186035 0.0647583 0.39208984 0.74768066,4.677778 -0.5411111 -4.137778,-4.56 9.57 4.81,136 0 91,26
87,01110011,00000000,0.5584717 0.0993042 0.4387207 0.6968384,1.8733333 -0.48444444 -0.26666668,-2.45 10.43 4.3,132 10 91,26
88,01110011,00000000,0.5639038 0.10882568 0.4467163 0.6859131,0.032222223 -0.094444446 -0.31333333,-1.63 8.47 5.36,127 15 92,26
89,01110011,00000000,0.57128906 0.09454346 0.425354 0.6954346,-2.0533333 -0.19888888 0.16222222,-1.57 8.24 4.89,124 23 92,26
90,01110011,00000000,0.5614624 0.0602417 0.3684082 0.7384033,-4.0055556 -0.031111112 1.5677778,-2.37 7.38 5.6,121 28 92,26
91,01110011,00000000,0.52911377 0.026428223 0.27825928 0.80114746,-4.0277777 -0.8566667 2.4822223,-4.47 2.68 9.96,119 0 92,26
92,01110011,00000000,0.5003052 0.023925781 0.18109131 0.8463135,-3.8666666 -1.9855555 1.7655555,-2.31 4.05 8.5,130 0 92,26
93,01110011,00000000,0.48291016 0.02319336 0.0036621094 -0.010070801,-4.8933334 -2.4466667 1.0277778,-0.22 2.08 8.95,149 0 91,26
94,01110011,00000000,0.4741211 0.020629883 -0.035461426 0.87945557,-2.1411111 -1.0766667 0.26222223,2.76 -3.44 10.18,160 0 90,26
95,01110011,00000000,0.46270752 0.023925781 -0.028259277 0.88568115,1.2311112 0.58 0.85,1.99 -0.1 9.55,155 6 90,26
96,01110011,00000000,0.43756104 0.018005371 0.0065307617 0.8989258,1.0177778 0.80222225 1.2666667,0.12 2.37 9.5,146 22 90,26
97,01110011,00000000,0.41601562 0.01977539 0.019470215 0.90893555,0.14444445 -0.21 0.7311111,-0.16 3.64 9.19,134 38 90,26
98,01110011,00000000,0.40948486 0.023864746 0.0025024414 0.91192627,-1.0211111 -0.4311111 0.08888889,0.77 2.95 9.02,131 44 91,26
99,01110011,00000000,0.4105835 0.01373291 -0.031555176 0.9110718,-1.5555556 -0.08222222 0.023333333,1.02 0.81 9.95,128 49 91,26
100,01110011,00000000,0.40673828 0.0044555664 -0.05078125 0.9121094,-0.40666667 0.053333335 0.19,1.02 -1.21 9.91,125 53 91,26
101,01110011,00000000,0.4086914 0.0051879883 -0.04748535 0.9113159,0.56 0.04888889 -0.2688889,1.08 -1.38 9.63,122 57 91,26
102,01110011,00000000,0.41815186 0.010009766 -0.023254395 0.907959,1.1988889 0.47666666 -0.48222223,1.11 0.02 9.31,119 227 14079,26
103,01110011,00000000,0.4257202 0.006164551 0.0036010742 0.9047241,0.63555557 0.56 -0.20222223,0.27 1.51 9.22,118 60 91,26
104,01110011,00000000,0.42541504 0.0025634766 0.0007324219 0.90496826,-0.5933333 -0.14555556 -0.007777778,0.36 1.46 9.61,116 63 91,26
105,01110011,00000000,0.4395752 0.00048828125 -0.017944336 0.8979492,-0.63222224 -0.22666667 -1.0511111,1.06 0.01 10.07,114 66 91,26
106,01110011,00000000,0.4616089 0.0014038086 -0.02368164 0.88671875,-0.027777778 -0.07111111 -0.9033333,1.12 -0.14 9.82,111 73 91,26
107,01110011,00000000,0.47338867 -0.00018310547 -0.023132324 0.88049316,-0.0044444446 0.14777778 -0.46333334,1.12 0.28 9.5,109 75 91,26
108,01110011,00000000,0.48284912 -0.006958008 -0.018005371 0.87542725,0.08444444 0.36555555 -0.47777778,0.2 0.34 10.05,108 77 91,26
109,01110011,00000000,0.49987793 -0.0040283203 -0.0154418945 0.86590576,0.14555556 -0.14444445 -0.89,-0.08 0.85 9.73,108 79 91,26
110,01110011,00000000,0.51379395 0.0024414062 -0.020324707 -0.010070801,-0.12555556 -0.3611111 -0.64666665,0.05 0.71 9.46,106 80 91,26
111,01110011,00000000,0.5215454 0.0048828125 -0.026367188 0.85272217,-0.16111112 -0.15333334 -0.30333334,0.13 0.44 9.68,103 82 91,26
112,01110011,00000000,0.52349854 0.003112793 -0.03100586 0.8513794,-0.19111112 -0.083333336 -0.07333333,-0.02 -0.02 9.82,102 84 91,26
113,01110011,00000000,0.52648926 0.009460449 -0.032714844 0.84942627,0.13777778 -0.3011111 -0.1711111,0.79 0.83 9.27,101 85 91,26
114,01110011,00000000,0.5235596 0.012390137 -0.03704834 0.8510132,-0.1711111 -0.17888889 0.23888889,1.01 0.42 9.6,100 86 91,26
115,01110011,00000000,0.5194702 0.015563965 -0.03692627 0.8534546,0.16111112 -0.06555556 0.1388889,1.36 0.31 9.67,100 87 91,26
116,01110011,00000000,0.5227051 0.015075684 -0.03149414 0.8517456,0.16777778 0.17222223 -0.21444444,1.03 0.71 9.4,100 88 91,26
117,01110011,00000000,0.527771 0.013427734 -0.028259277 0.8487549,0.018888889 0.15222222 -0.2211111,0.81 0.64 9.57,100 88 91,26
118,01110011,00000000,0.5305176 0.012329102 -0.026733398 0.8470459,0.034444444 0.07111111 -0.13444445,0.65 0.38 9.63,100 89 91,26
119,01110011,00000000,0.53430176 0.014099121 -0.026000977 0.84472656,0.07444444 -0.07 -0.19111112,0.54 0.38 9.72,100 90 255,26
120,01110011,00000000,0.53582764 0.018249512 -0.026733398 0.8436279,0.07777778 -0.1711111 -0.034444444,0.78 0.58 9.74,99 90 91,26
121,01110011,00000000,0.5336914 0.021118164 -0.026306152 0.8449707,0.09111111 -0.06555556 0.12444445,0.86 0.55 9.6,99 90 91,26
122,01110011,00000000,0.5307007 0.022766113 -0.024108887 0.84680176,0.12555556 0.023333333 0.1711111,0.8 0.67 9.5,99 91 91,26
123,01110011,00000000,0.52508545 0.023071289 -0.022399902 0.85040283,0.05111111 0.031111112 0.3077778,0.73 0.8 9.63,99 92 91,26
124,01110011,00000000,0.52020264 0.024597168 -0.023071289 0.8533325,0.023333333 -0.1 0.19,0.97 0.61 9.73,99 92 91,26
125,01110011,00000000,0.51934814 0.02532959 -0.021484375 0.85388184,0.07333333 0.06666667 0.014444444,1.12 0.81 9.56,99 92 91,26
126,01110011,00000000,0.5213623 0.025268555 -0.020751953 0.85266113,0.011111111 0.037777778 -0.14444445,0.97 0.63 9.53,99 92 91,26
127,01110011,00000000,0.5270386 0.025634766 -0.01965332 0.8491821,0.08777778 0.04222222 -0.3288889,0.9 0.56 9.59,99 92 91,26
128,01110011,00000000,0.5327759 0.025146484 -0.014221191 0.8457031,0.17777778 0.14222223 -0.26222223,0.66 0.97 9.62,99 92 91,26
129,01110011,00000000,0.53656006 0.02557373 -0.011352539 0.84332275,0.064444445 0.032222223 -0.18111111,0.59 1.22 9.59,99 92 91,26
130,01110011,00000000,0.54071045 0.02722168 -0.012451172 0.8406372,0 -0.11888889 -0.22333333,0.64 0.82 9.74,99 92 91,26
131,01110011,00000000,0.5471802 0.029846191 -0.013305664 0.8363037,0.02111111 -0.075555556 -0.35444444,0.92 0.95 9.6,0 0 0,26
132,01110011,00000000,0.55444336 0.030883789 -0.012207031 0.83148193,0.06555556 -0.01 -0.3588889,0.76 0.89 9.66,10 10 10,26
133,01110011,00000000,0.56256104 0.032958984 -0.012451172 0.82598877,-0.013333334 -0.055555556 -0.41111112,0.95 1.17 9.5,18 18 19,26
134,01110011,00000000,0.5701294 0.032470703 -0.011962891 0.82073975,0.028888889 0.033333335 -0.38333333,0.73 0.85 9.7,26 26 27,26
135,01110011,00000000,0.57458496 0.03277588 -0.0115356445 0.817688,-0.0011111111 -0.022222223 -0.21555555,0.7 1.05 9.61,33 33 34,26
136,01110011,00000000,0.5755615 0.03302002 -0.011779785 0.81695557,0.011111111 -0.0022222223 0.09222222,0.65 1.08 9.63,39 39 40,26
137,01110011,00000000,0.5664673 0.033569336 -0.01184082 0.8232422,0.04 -0.05111111 0.72,0.54 0.92 9.73,45 45 46,26
138,01110011,00000000,0.5484619 0.035888672 -0.012207031 0.8352661,0.064444445 -0.112222224 0.9444444,0.83 1.12 9.7,50 50 51,26
139,01110011,00000000,0.52563477 0.03918457 -0.015197754 0.8496094,-0.014444444 -0.12888889 1.3444444,1.22 1.14 9.57,55 55 55,26
140,01110011,00000000,0.48638916 0.03741455 -0.0146484375 0.8727417,0.12222222 0.17444444 2.4144444,0.8 1.05 9.73,60 59 59,26
141,01110011,00000000,0.41296387 0.040161133 -0.014343262 0.90966797,0.2 -0.18666667 4.1422224,1.2 1.27 9.59,61 65 63,26
142,01110011,00000000,0.30889893 0.03656006 -0.017944336 0.9501953,-0.12777779 0.30444443 4.943333,1.46 0.94 9.23,69 73 66,26
143,01110011,00000000,0.20043945 0.014404297 -0.028320312 0.979126,-0.7277778 1.1422222 4.518889,0.54 0.01 9.68,62 71 69,26
144,01110011,00000000,0.105407715 -0.015197754 -0.0357666 0.99365234,-0.19222222 0.69555557 3.7777777,-1.1 -0.77 9.98,32 52 72,26
145,01110011,00000000,0.030395508 -0.008544922 -0.028320312 0.99902344,0.35555556 -0.7277778 2.8488889,240.13 -0.32 9.56,22 52 74,26
146,01110011,00000000,-0.027709961 0.00079345703 -0.023620605 0.9992676,0.064444445 -0.014444444 2.1744444,1.52 0.2 9.41,42 63 76,26
147,01110011,00000000,-0.06958008 -0.020935059 -0.025390625 0.99694824,-0.06 1.3688889 1.5244445,1.15 0 9.45,47 67 78,26
148,01110011,00000000,-0.09436035 -0.05291748 -0.026977539 0.9937134,0.06555556 1.0044445 0.77666664,-0.66 -0.14 9.91,39 69 80,26
149,01110011,00000000,-0.10095215 -0.057373047 -0.022705078 0.9929199,0.23444444 -0.3611111 -0.027777778,-0.74 -0.07 9.89,40 72 81,26
150,01110011,00000000,-0.089904785 -0.044677734 -0.016540527 0.994751,0.18777777 -0.42666668 -0.74333334,0.77 0.16 9.66,45 74 82,26
151,01110011,00000000,-0.06304932 -0.04937744 -0.01763916 0.99658203,-0.101111114 0.6577778 -1.3833333,1.18 0.22 9.47,48 75 83,26
152,01110011,00000000,-0.020751953 -0.06915283 -0.024353027 0.9970093,-0.08222222 0.8011111 -2.0444446,-0.4 -0.33 9.78,58 78 84,26
153,01110011,00000000,0.03137207 -0.072143555 -0.024414062 0.9963379,0.36444443 -15.6455555 -12.801111,-0.91 -0.39 9.72,72 81 85,26
154,01110011,00000000,0.11218262 -0.052368164 -0.020324707 0.9920654,0.37888888 -0.8577778 -3.3688889,0.01 0.21 9.6,69 76 86,26
155,01110011,00000000,0.1984253 -0.038208008 -0.023620605 0.9790039,-0.1 -0.17888889 -3.8855555,0.97 0.27 9.49,53 70 87,26
156,01110011,00000000,0.29486084 -0.04144287 -0.030517578 0.95410156,-0.13777778 0.34111112 -4.403333,0.17 -0.45 9.64,53 75 88,26
157,01110011,00000000,0.40045166 -0.03894043 -0.029663086 0.914978,0.48 -0.10222222 -4.958889,-0.56 -0.8 9.74,67 81 89,26
158,01110011,00000000,0.5119629 -0.019104004 -0.022888184 0.8584595,0.77111113 -0.5466667 -5.48,-0.22 -0.06 9.63,67 67 90,26
159,01110011,00000000,0.62384033 -0.00036621094 -0.019470215 0.78125,0.3077778 -0.29 -5.91,0.4 0.38 9.56,51 42 91,26
160,01110011,00000000,0.73083496 0.0020141602 -0.018859863 0.68218994,-0.1388889 0.19 -6.3033333,0.34 -0.12 9.59,44 35 91,26
161,01110011,00000000,0.8278198 -0.00048828125 -0.014587402 0.56066895,0.07777778 0.27333334 -6.711111,-0.22 -0.85 9.72,57 47 91,26
162,01110011,00000000,0.90875244 0.0072021484 -0.007080078 0.41705322,0.5088889 0.044444446 -7.1144443,-243.64 -0.34 -0.01,72 48 91,26
163,01110011,00000000,0.9671631 0.018188477 -0.0025634766 0.25323486,0.30333334 -0.11444444 -7.477778,-0.3 0.03 9.7,76 29 91,26
164,01110011,00000000,0.9970093 0.019592285 -0.0029907227 0.07366943,-0.14 -0.2211111 -7.7988887,-0.22 -0.1 9.61,72 21 91,26
165,01110011,00000000,0.993103 0.016540527 -0.0053100586 -0.115600586,-0.09777778 -0.24111111 -8.113334,-0.08 -0.65 9.66,63 36 91,26
166,01110011,00000000,0.9512329 0.019714355 -0.006286621 -0.3076172,0.26444444 -0.08 -8.408889,-0.03 -0.81 9.79,54 47 91,26
167,01110011,00000000,0.8690796 0.02911377 -0.0043945312 -0.49365234,0.3911111 0.07 -8.691112,-0.28 -0.61 9.71,54 37 91,26
168,01110011,00000000,0.74627686 0.03753662 -0.001953125 -0.66448975,0.3888889 -0.02111111 -8.988889,-0.49 -0.66 9.96,62 21 91,26
169,01110011,00000000,0.58496094 0.043823242 -0.0015258789 -0.80981445,0.4422222 -0.028888889 -9.267777,-0.28 -0.61 9.67,64 7 91,26
170,01110011,00000000,0.39068604 0.049682617 0.0029296875 -0.9191284,0.23222223 0.17333333 -13.37,-0.21 -0.45 9.57,67 9 91,26
171,01110011,00000000,0.17230225 0.05340576 0.014343262 -0.9834595,0.03 0.20777778 -9.712222,-0.46 -0.75 9.6,80 3 91,26
172,01110011,00000000,-0.05999756 0.0513916 0.024780273 -0.996521,0.16222222 0.032222223 -9.92,-0.57 -0.93 9.65,94 10 91,26
173,01110011,00000000,-0.2937622 0.04260254 0.030029297 -0.9543457,0.31777778 -0.06666667 -10.112223,-0.49 -0.83 9.73,96 8 91,26
174,01110011,00000000,-0.5145874 0.03100586 0.032287598 -0.8562012,0.31333333 -0.006666667 -10.285556,-0.42 -0.73 9.52,94 9 91,26
175,01110011,00000000,-0.7080078 0.019714355 0.032226562 -0.7050781,0.2777778 0.10222222 -10.431111,-0.4 -0.82 9.68,94 9 91,26
176,01110011,00000000,-0.86047363 0.009887695 0.028320312 -0.5084839,0.25111112 0.26222223 -10.568889,-0.37 -0.88 9.51,101 0 91,26
177,01110011,00000000,-0.9604492 0.0015869141 0.020080566 -0.27746582,0.24555555 0.37888888 -10.691112,-0.48 -1.01 9.77,118 0 91,26
178,01110011,00000000,-0.9995117 -0.0068969727 0.008911133 -0.026184082,0.28111112 0.4211111 -10.8,-0.54 -1.02 9.6,141 0 91,26
179,01110011,00000000,-0.97314453 -0.014587402 -0.0034179688 0.22924805,0.23777778 0.43 -10.874444,-0.6 -0.9 -0.01,165 0 91,26
180,01110011,00000000,-0.8814087 -0.0178833 -0.0134887695 0.4716797,0.12444445 0.26666668 -10.973333,-0.68 -0.98 9.61,188 0 91,26
181,01110011,00000000,-0.7289429 -0.018249512 -0.018676758 0.68395996,0.15777777 0.10555556 -11.061111,-0.46 -0.95 9.62,191 4 91,26
182,01110011,00000000,-0.5252075 -0.018737793 -0.024108887 0.8503418,0.13333334 0.25 -11.121111,-0.36 -1.06 9.65,189 2 91,26
183,01110011,00000000,-0.28375244 -0.022521973 -0.028747559 0.9581299,0.24555555 0.45222223 -11.178889,-0.44 -1.3 9.62,191 5 91,26
184,01110011,00000000,-0.021118164 -0.030151367 -0.029785156 0.99884033,0.34555554 0.64666665 -11.233334,-0.59 -1.08 9.57,190 9 91,26
185,01110011,00000000,0.24401855 -0.033996582 -0.03277588 0.9685669,0.14555556 0.4811111 -11.278889,-0.8 -0.92 9.64,191 12 91,26
186,01110011,00000000,0.4923706 -0.029785156 -0.03857422 0.8689575,0.015555556 0.20444444 -11.3133335,-0.57 -0.95 9.69,190 18 91,26
187,01110011,00000000,0.7033081 -0.02368164 -0.044189453 0.7062988,-0.107777774 0.22 -11.353333,-0.4 -0.89 9.72,191 25 91,26
188,01110011,00000000,0.8688965 -0.018737793 -0.046936035 0.49230957,-0.17555556 0.30333334 -11.372222,-0.46 -1.14 9.49,190 37 91,26
189,01110011,00000000,0.9690552 -0.009765625 -0.04473877 0.24230957,0.008888889 0.3011111 -11.387777,-0.55 -1.35 9.78,191 49 91,26
190,01110011,00000000,0.99890137 0.004760742 -0.037475586 -0.02545166,0.20444444 0.3311111 -11.408889,-0.52 -1.11 9.66,190 53 91,26
191,01110011,00000000,0.95617676 0.018249512 -0.025024414 -0.29089355,0.11 0.43666667 -11.383333,-0.53 -0.93 9.65,191 51 91,26
192,01110011,00000000,0.8442993 0.02532959 -0.009460449 -0.5350342,-0.11888889 0.38111112 -11.358889,-0.6 -0.96 9.58,190 53 91,26
193,01110011,00000000,0.67163086 0.027160645 0.0037841797 -0.7402954,-0.11 0.19555555 -11.336667,-0.59 -1.1 9.65,191 60 91,26
194,01110011,00000000,0.45147705 0.026062012 0.014465332 -0.8916626,-0.09 0.12111111 -11.29,-0.52 -0.95 9.7,190 69 91,26
195,01110011,00000000,0.20092773 0.022583008 0.024536133 -0.9789429,-0.11777778 0.115555555 -11.194445,-0.47 -1 9.73,189 78 91,26
196,01110011,00000000,-0.06097412 0.018371582 0.030578613 -0.9974365,0.017777778 0.15111111 -11.073334,-0.48 -1.11 -233.53,132 16 91,26
197,01110011,00000000,-0.31518555 0.0146484375 0.03125 -0.94836426,0.12888889 0.22444445 -10.904445,-0.5 -1 9.68,189 87 91,26
198,01110011,00000000,-0.54455566 0.010131836 0.029052734 -0.83813477,0.14777778 0.21333334 -10.708889,-0.58 -0.9 9.62,191 81 91,26
199,01110011,00000000,-0.7349243 0.0036010742 0.026306152 -0.67755127,0.13222222 0.11777778 -10.48,-0.57 -0.82 9.65,190 76 91,26
200,01110011,00000000,-0.87683105 -0.002380371 0.023132324 -0.48010254,0.06 0.11666667 -10.22,-0.44 -0.68 9.74,188 69 91,26
201,01110011,00000000,-0.9651489 -0.00579834 0.018981934 -0.26080322,-0.026666667 0.15444444 -9.932222,-0.39 -0.71 9.83,186 68 91,26
202,01110011,00000000,-0.9992676 -0.009216309 0.014160156 -0.03375244,0.02 0.12111111 -9.638889,-0.5 -0.78 9.62,187 72 91,26
203,01110011,00000000,-0.9819336 -0.014587402 0.012084961 0.18823242,0.13222222 -0.05111111 -9.344444,-0.56 -0.67 9.67,185 73 91,26
204,01110011,00000000,-0.9187012 0.008117676 0.003112793 -0.010070801,0.2211111 -0.09777778 -9.016666,-0.34 -0.56 9.54,173 67 91,26
205,01110011,00000000,-0.817688 -0.028015137 0.008361816 0.57476807,0.18222222 0.07666667 -8.668889,-0.2 -0.46 9.63,160 57 91,26
206,01110011,00000000,-0.71569824 -0.032958984 0.002319336 0.6975708,0.11444444 0.20222223 -8.305555,-0.3 -0.54 9.68,158 51 91,26
207,01110011,00000000,-0.5690918 -0.038391113 -0.0043945312 0.82128906,0.19 0.15333334 -7.9466667,-0.41 -0.5 9.71,162 49 91,26
208,01110011,00000000,-0.4095459 -0.041259766 -0.009338379 0.9112549,0.15333334 0.06111111 -7.577778,-0.36 -0.29 9.74,163 44 91,26
209,01110011,00000000,-0.24505615 -0.040527344 -0.0146484375 0.96850586,0.046666667 0.012222222 -7.188889,-0.23 -0.22 9.67,159 42 91,26
210,01110011,00000000,-0.08258057 -0.037597656 -0.021057129 0.99560547,-0.007777778 0 -6.7933335,-0.16 -0.26 9.64,153 45 91,26
211,01110011,00000000,0.0725708 -0.03375244 -0.025817871 0.9963989,0.07 -0.022222223 -6.391111,-0.24 -0.29 9.66,147 50 91,26
212,01110011,00000000,0.21679688 -0.027832031 -0.027770996 0.97540283,0.14 -0.09111111 -5.982222,-0.19 -0.17 9.73,141 52 91,26
213,01110011,00000000,0.347229 -0.021057129 -0.028869629 0.9370117,0.104444444 -0.07666667 -5.571111,-0.03 -0.07 9.58,4 -295 7679,26
214,01110011,00000000,0.46264648 -0.015991211 -0.029418945 0.88586426,0.08777778 0.02 -5.15,0 -0.12 9.61,126 52 91,26
215,01110011,00000000,0.5625 -0.012451172 -0.028503418 0.82611084,0.101111114 0.055555556 -4.7355556,-0.08 -0.06 9.62,124 53 91,26
216,01110011,00000000,0.64727783 -0.008972168 -0.027282715 0.7616577,0.075555556 0.025555555 -4.32,-0.1 0 9.73,123 54 91,26
217,01110011,00000000,0.71765137 -0.00592041 -0.027404785 0.69573975,0 0.006666667 -3.8933334,0 0.04 9.57,121 56 91,26
218,01110011,00000000,0.7750244 -0.005065918 -0.027832031 0.63116455,-0.09 0.075555556 -3.4633334,0.09 0.1 9.81,119 60 91,26
219,01110011,00000000,0.82073975 -0.008239746 -0.028442383 0.5704956,-0.23222223 0.14222223 -3.0244443,-0.02 0.04 9.72,118 66 91,26
220,01110011,00000000,0.85650635 -0.011047363 -0.029968262 0.51501465,-0.112222224 0.017777778 -2.6044445,-0.1 -0.18 9.72,118 73 91,26
221,01110011,00000000,0.88391113 -0.007751465 0.0053100586 -0.010070801,0.12666667 -0.06555556 -2.1877778,0.04 -0.03 9.62,116 77 91,26
222,01110011,00000000,0.90441895 -0.0034179688 -0.030395508 0.42541504,0.10333333 0.023333333 -1.7533333,0.12 0.19 9.54,113 77 91,26
223,01110011,00000000,0.91900635 -0.0020751953 -0.028747559 0.3930664,-0.006666667 0.09 -1.3222222,0.03 0.16 9.61,111 78 91,26
224,01110011,00000000,0.9281006 -0.0020141602 -0.028747559 0.3711548,-0.0055555557 -0.023333333 -0.8144444,-0.06 0.05 9.78,110 80 91,26
225,01110011,00000000,0.9328613 -0.00018310547 -0.030700684 0.35876465,0.04 -0.09222222 -0.39222223,0.03 0.12 9.62,108 82 91,26
226,01110011,00000000,0.93395996 0.00061035156 -0.032470703 0.35577393,-0.036666665 0 0.035555556,0.16 0.14 9.62,106 83 91,26
227,01110011,00000000,0.93151855 -0.00012207031 -0.032043457 0.36212158,0.026666667 0.09555556 0.45222223,0.09 0 9.62,105 84 91,26
228,01110011,00000000,0.92541504 0 -0.030273438 0.37756348,0.04888889 0.04777778 0.85444444,-0.04 0.15 9.64,104 85 91,26
229,01110011,00000000,0.91534424 -0.00079345703 -0.030700684 0.40148926,-0.043333333 -0.036666665 1.25,-0.02 0.15 9.74,103 86 91,26
230,01110011,00000000,0.90063477 -0.001953125 -0.032043457 0.4333496,0.013333334 -0.02 1.6333333,0.11 -0.02 9.7,102 164 14079,26
231,01110011,00000000,0.88061523 -0.0032958984 -0.030944824 0.47265625,0.0022222223 0.07444444 2.0066667,0.1 0.12 9.66,102 88 91,26
232,01110011,00000000,0.8544922 -0.006652832 -0.029541016 0.51849365,-0.06333333 0.055555556 2.3666666,-0.04 0.08 9.67,100 89 91,26
233,01110011,00000000,0.821228 -0.009887695 -0.030700684 0.5695801,-0.093333334 -0.08 2.702222,-0.09 0.02 9.58,99 89 91,26
234,01110011,00000000,0.77996826 -0.0119018555 -0.03338623 0.6246948,-0.08222222 -0.12666667 3.03,0.05 0.04 9.61,100 88 91,26
235,01110011,00000000,0.7298584 -0.01550293 -0.035461426 0.6824341,-0.13111112 -0.027777778 3.35,0.1 0.03 9.64,102 87 91,26
236,01110011,00000000,0.6699219 -0.0211792 -0.03552246 0.7411499,-0.12111111 0.052222222 3.6011112,0.01 -0.05 9.8,102 85 91,26
237,01110011,00000000,0.5996094 -0.026000977 -0.034851074 0.79901123,-0.09777778 -0.04222222 3.95,-0.17 -0.02 9.6,100 83 91,26
238,01110011,00000000,0.5186157 -0.028137207 -0.035827637 -0.010070801,-0.08888889 -0.18666667 4.2222223,-0.11 -0.1 9.64,101 82 91,26
239,01110011,00000000,0.42681885 -0.0289917 -0.03668213 0.9030762,-0.08444444 -0.15222222 4.4922223,0.06 -0.1 9.58,105 81 91,26
240,01110011,00000000,0.32452393 -0.031799316 -0.035705566 0.9445801,-0.06666667 -0.057777777 4.7566667,-0.01 -0.1 9.7,108 80 91,26
241,01110011,00000000,0.21240234 -0.03479004 -0.034118652 0.9758911,-0.09 -0.083333336 4.9555554,-0.14 -0.06 9.8,108 79 91,26
242,01110011,00000000,0.091796875 -0.03552246 -0.034057617 0.99450684,-0.17666666 -0.21222222 5.23,-0.17 -0.14 9.51,109 78 91,26
243,01110011,00000000,-0.03375244 -0.036743164 -0.03363037 0.99816895,-0.16222222 0.16666667 5.1855555,1.22 -0.05 9.85,115 74 91,26
244,01110011,00000000,-0.13305664 -0.07080078 -0.032348633 0.9879761,0.1711111 1.9577777 3.4255555,-0.12 0.1 9.79,108 71 91,26
245,01110011,00000000,-0.17913818 -0.10827637 -0.022277832 0.97753906,0.56 0.72444445 1.1433333,-2.69 0.63 9.74,64 77 91,26
246,01110011,00000000,-0.17840576 -0.09967041 -0.016906738 0.97869873,-0.19888888 -1 -0.62333333,-2.02 0.95 9.32,62 83 91,26
247,01110011,00000000,-0.15911865 -0.06628418 -0.025024414 0.9846802,-0.53444445 -1.3844445 -0.93333334,-0.08 -0.27 9.52,61 85 255,26
248,01110011,00000000,-0.14245605 -0.04107666 -0.024414062 0.9885864,0.086666666 -0.89666665 -0.67,1.29 -0.82 9.78,56 89 91,26
249,01110011,00000000,-0.13500977 -0.042114258 -0.008117676 0.98986816,0.81222224 0.18444444 -0.19222222,1.3 0.12 9.72,56 89 91,26
250,01110011,00000000,-0.13470459 -0.061401367 0.0026855469 0.9888916,0.4422222 0.8511111 0.04,-0.12 0.96 9.2,60 89 91,26
251,01110011,00000000,-0.1274414 -0.07543945 -0.0017089844 0.98895264,-0.19333333 0.49555555 -0.45222223,-1.24 0.57 9.84,63 90 91,26
252,01110011,00000000,-0.10638428 -0.06500244 -0.009338379 0.99212646,-0.31444445 -0.68666667 -1.028889,-1.2 0.23 9.62,68 91 91,26
253,01110011,00000000,-0.11230469 -0.059631348 -0.0060424805 0.9918213,0.25111112 0.0033333334 0.6944444,-1.03 0.58 9.65,66 94 91,26
254,01110011,00000000,-0.13128662 -0.042541504 -0.009521484 0.99035645,-0.40222222 -0.9488889 0.8155556,-0.09 0.26 9.58,69 95 91,26
255,01110011,00000000,-0.15344238 -0.022766113 -0.019226074 0.98760986,-0.5788889 -0.6288889 0.9722222,0.97 -0.04 9.5,77 93 91,26
0,01110011,00000000,-0.18078613 -0.028564453 -0.028259277 0.982605,-0.2911111 0.51111114 1.21,0.53 -0.23 9.72,83 90 91,26
1,01110011,00000000,-0.21014404 -0.044128418 -0.03173828 0.9760742,-0.054444443 0.60555553 1.3077778,-0.65 0.28 9.85,80 88 91,26
2,01110011,00000000,-0.24353027 -0.041809082 -0.035583496 0.9682617,-0.33555555 -0.28777778 1.4822222,-0.47 0.11 9.96,76 88 91,26
3,01110011,00000000,-0.2699585 -0.027282715 -0.03479004 0.961792,-0.11888889 -0.6422222 1.0255556,0.66 0.18 9.84,81 85 91,26
4,01110011,00000000,-0.28344727 -0.02130127 -0.032104492 0.9581909,0.054444443 -0.18111111 0.47444445,0.98 0.27 9.57,87 85 91,26
5,01110011,00000000,-0.29071045 -0.023803711 -0.032226562 0.9558716,-0.08555555 0.16777778 0.32777777,0.4 0.13 9.47,88 86 91,26
6,01110011,00000000,-0.3015747 -0.029418945 -0.035705566 0.9522705,-0.045555554 0.26444444 0.53444445,0.01 -0.3 9.39,88 87 91,26
7,01110011,00000000,-0.3133545 -0.03265381 -0.03173828 0.9484253,0.23777778 0.007777778 0.53444445,-0.57 -0.21 9.57,88 88 91,26
8,01110011,00000000,-0.3291626 -0.024963379 -0.020629883 0.94366455,0.30555555 -0.54333335 0.75222224,0.03 0.18 9.6,89 90 91,26
9,01110011,00000000,-0.35040283 -0.024536133 -0.015014648 0.9360962,0.17888889 0.05111111 1.0033333,0.85 0.03 9.63,92 92 91,26
10,01110011,00000000,-0.37670898 -0.041809082 -0.009155273 0.92529297,0.5511111 0.68222225 1.2644445,0.44 -0.37 9.82,92 93 91,26
11,01110011,00000000,-0.4071045 -0.05718994 0.0025024414 0.911499,0.6188889 0.31111112 1.4677777,-0.58 0.34 9.28,87 98 91,26
12,01110011,00000000,-0.44256592 -0.047668457 0.0053710938 0.89538574,-0.39444444 -0.52111113 1.6944444,-0.59 1.45 11.47,85 104 91,26
13,01110011,00000000,-0.48620605 -0.020263672 -0.024108887 0.87316895,-1.9688889 -0.31777778 2.1044445,0.29 0.53 19.89,92 99 91,26
14,01110011,00000000,-0.53448486 -0.01171875 -0.020385742 0.8447876,0.5 -0.54444444 2.3933334,-0.57 -2.48 15.54,97 72 91,26
15,01110011,00000000,-0.5862427 -0.008178711 -0.00024414062 0.80999756,0.3588889 -0.5288889 2.7077777,0.66 1.92 17.89,105 82 91,26
16,01110011,00000000,-0.64404297 0.008117676 -0.07519531 0.76116943,-3.691111 1.8922222 3.268889,1.71 2.08 19.3,113 90 91,26
17,01110011,00000000,-0.69750977 0.0022583008 -0.1315918 0.70428467,-1.1055555 1.148889 3.298889,302.08 -5.06 11.09,72 12 92,26
18,01110011,00000000,-0.75231934 -0.024291992 -0.06854248 0.65460205,3.1788888 -2.1088889 3.2222223,-2.78 -3.68 7.35,62 8 92,26
19,01110011,00000000,-0.7947998 -0.05267334 0.07312012 0.60009766,4.7577777 -4.0533333 3.1377778,-0.33 -0.73 1.46,109 83 93,26
20,01110011,00000000,-0.81781006 -0.06921387 0.20861816 0.5317993,3.9277778 -3.7722223 3.14,1.32 0.95 0.23,189 181 96,26
21,01110011,00000000,-0.83099365 -0.069885254 0.28515625 0.47235107,2.2944446 -2.4655557 3.2522223,1.84 1.39 0.31,191 184 96,26
22,01110011,00000000,-0.8578491 -0.052124023 0.31939697 0.39904785,-0.13666667 0.2188889 3.5466666,3.15 2.51 1.23,190 184 96,26
23,01110011,00000000,-0.90545654 -0.013916016 0.2675171 0.32891846,-2.0133333 3.2 3.86,2.28 1.51 1.61,176 172 96,26
24,01110011,00000000,-0.95513916 0.02557373 0.15148926 0.25305176,-2.1633334 5.131111 4.0533333,0.68 -0.16 3.24,89 114 97,26
25,01110011,00000000,-1 0.03112793 0.034057617 0.16467285,0.29333332 -28.731112 -25.602222,-3.27 -2.59 7.58,1 74 98,26
26,01110011,00000000,-0.9973755 -0.015808105 0.010620117 0.06915283,2.521111 -0.5222222 4.001111,-3.11 -0.61 6.08,9 76 98,26
27,01110011,00000000,-0.9953613 -0.06555176 0.06549072 -0.023376465,1.7866666 -2.6844444 3.9055555,-0.36 1.2 4.17,31 144 98,26
28,01110011,00000000,-0.9822998 -0.070373535 0.13134766 -0.11273193,-0.7133333 -2.0822222 4.038889,1.58 2.77 5.69,104 185 98,26
29,01110011,00000000,-0.9688721 0.0107421875 0.1427002 -0.20153809,-3.7177777 2.0155556 4.4522223,3.33 -0.62 11.5,157 157 97,26
30,01110011,00000000,-0.9491577 0.07897949 0.074645996 -0.29522705,0.5288889 2.8933334 4.4933333,-2.35 -5.4 11.31,94 43 98,26
31,01110011,00000000,-0.9178467 0.011108398 0.03173828 -0.39538574,4.5 -1.5577778 4.3233333,-3.85 -1.24 11.69,11 64 97,26
32,01110011,00000000,-0.86798096 -0.07183838 0.062194824 -0.48718262,0.82666665 -2.2177777 4.4155555,2.53 4.9 10.31,62 194 98,26
33,01110011,00000000,-0.8117676 -0.014526367 0.078308105 -0.5784302,-2.8344445 2.82 4.8944445,3.29 -0.25 10.08,81 190 98,26
34,01110011,00000000,-0.7434082 0.06829834 0.022644043 -0.66485596,0.50555557 3.2277777 4.918889,-118.14 -2.4 -0.01,1 97 99,26
35,01110011,00000000,-0.6661377 0.03729248 -0.026367188 -0.74432373,2.4322221 -1.8377777 4.7255554,-4.75 0.19 12.82,9 97 99,26
36,01110011,00000000,-0.58044434 -0.030456543 0.0076904297 -0.81365967,-0.84444445 -2.74 4.791111,2.77 2.26 10.38,73 172 99,26
37,01110011,00000000,-0.48187256 -0.009033203 0.04559326 -0.8748779,-1.2744445 1.6344445 5.0544443,3.11 -2.34 10.96,159 138 98,26
38,01110011,00000000,-0.37573242 0.039733887 0.008728027 -0.92578125,1.5766667 2 5.0444446,-1.58 -1.78 10.32,100 92 98,26
39,01110011,00000000,-0.26641846 0.027709961 -0.036010742 -0.9627075,1.1455555 -1.1344445 4.886667,-2.31 2.43 8.82,35 144 97,26
40,01110011,00000000,-0.1552124 -0.014953613 -0.0059814453 -0.98773193,-2.2833333 -1.7744445 4.8722224,0.94 2.14 7.52,76 176 97,26
41,01110011,00000000,-0.04071045 -0.017089844 0.07019043 -0.996521,-2.8888888 0.36222222 4.911111,1.53 -2.05 10.15,133 95 96,26
42,01110011,00000000,0.062561035 0.016967773 0.09277344 -0.9929199,0.50666666 1.0133333 21.902222,-0.68 -2.9 10.09,118 3 96,26
43,01110011,00000000,0.17913818 0.034423828 0.04827881 -0.9819946,2.05 -0.49 4.5877776,-0.83 0.52 10.08,85 28 96,26
44,01110011,00000000,0.28356934 0.026184082 0.019897461 -0.958374,-0.08222222 -0.4422222 4.5333333,1.2 2.04 9.16,100 96 96,26
45,01110011,00000000,0.38531494 0.030822754 0.04486084 -0.9211426,-1.3711112 0.97888887 4.5233335,0.24 -0.53 10.38,112 93 96,26
46,01110011,00000000,0.4790039 0.047302246 0.06201172 -0.8742676,0.12888889 0.2611111 4.321111,-1.8 -1.96 11.4,82 53 96,26
47,01110011,00000000,0.56256104 0.045532227 0.025390625 -0.8250122,1.2744445 -1.5788889 4.0477777,-0.5 -0.32 10.87,76 61 96,26
48,01110011,00000000,0.6373291 0.036865234 -0.010925293 -0.7695923,0.5566667 -0.43222222 3.952222,1.88 0.3 8.99,119 98 96,26
49,01110011,00000000,0.7059326 0.05102539 -0.012329102 -0.7062378,0.25777778 1.0377778 3.8966668,0.97 0.29 9.84,127 112 96,26
50,01110011,00000000,0.7671509 0.061950684 0.0004272461 -0.6383667,-0.56 0.5088889 3.728889,-1.14 0.99 12.25,98 117 96,26
51,01110011,00000000,0.8198242 0.034729004 0.0049438477 -0.5715332,-1.3566667 -0.91888887 3.4288888,-1.38 -2.5 -0.01,86 101 96,26
52,01110011,00000000,0.86151123 0.016540527 -0.0007324219 -0.50738525,0.16333333 0.08444444 3.0966666,1.84 -2.16 28.16,107 70 96,26
53,01110011,00000000,0.89453125 0.030883789 0.017028809 -0.44561768,-0.21666667 1.28 2.82,0.09 0.71 22.24,104 76 96,26
54,01110011,00000000,0.920166 0.02722168 0.044921875 -0.38781738,-0.83 0.8477778 2.4755557,-0.54 -0.14 16.46,80 74 96,26
55,01110011,00000000,0.93933105 0.023620605 0.06555176 -0.3355713,-0.6344444 1.0077778 2.2266667,1.39 0.59 8.89,68 63 96,26
56,01110011,00000000,0.95111084 0.01763916 0.123168945 -0.28240967,-1.4366666 2.8411112 2.201111,0.88 0.5 4.92,56 57 96,26
57,01110011,00000000,0.9534302 0.012145996 0.19750977 -0.22717285,-1.3555555 2.98 2.1155555,0.21 0.35 -0.23,20 40 97,26
58,01110011,00000000,0.9470215 0.009887695 0.2709961 -0.17181396,-1.148889 2.9877777 2.1111112,-0.1 0.19 -0.04,8 36 97,26
59,01110011,00000000,0.921875 0.0087890625 0.32843018 -0.11773682,-1.1555556 1.5433333 1.9811112,-3.87 0.72 1.37,9 39 97,26
60,01110011,00000000,0.93896484 -0.010070801 0.33813477 -0.06188965,-1.7655555 0.044444446 1.9488889,-0.12 0.48 -0.12,9 38 97,26
61,01110011,00000000,0.9400635 -0.035339355 0.3388672 -0.0029907227,-1.8266667 -0.11666667 2.03,0 0.17 -0.01,17 21 97,26
62,01110011,00000000,0.94158936 -0.057617188 0.3267212 0.057128906,-1.7688888 -1.86 2.0166667,-6.75 1.19 2.65,26 4 97,26
63,01110011,00000000,0.9816284 -0.05847168 0.1352539 0.12054443,-0.9711111 -10.2722225 1.7955556,-8.35 1.03 2.11,57 0 96,26
64,01110011,00000000,0.9686279 -0.034301758 -0.16918945 0.17852783,-0.7222222 -12.988889 1.85,12.48 -4.4 8.12,178 0 94,26
65,01110011,00000000,0.9440918 0.012329102 -0.22766113 0.23773193,2.5866666 -0.6677778 2.0233333,8.82 -2.33 4.46,192 8 94,26
66,01110011,00000000,0.9463501 0.058044434 -0.08673096 0.30566406,4.2144446 6.518889 2.1444445,3.65 0.9 7.01,190 48 94,26
67,01110011,00000000,0.92993164 0.058288574 0.03881836 0.36071777,0.8322222 3.998889 1.9622222,-10.63 6.49 12.66,92 112 90,26
68,01110011,00000000,0.9205322 0.020874023 -0.06585693 0.38427734,-3.8133333 -5.018889 1.0622222,-2.5 0.11 -269.66,40 16 90,26
69,01110011,00000000,0.89520264 0.0036010742 -0.2053833 0.3953247,-2.3866668 -4.8355556 0.97444445,4.7 -3.92 6.78,81 92 88,26
70,01110011,00000000,0.885376 0.018005371 -0.20196533 0.41827393,1.6266667 1.1055555 0.87222224,5.99 -2.36 7.51,112 77 87,26
71,01110011,00000000,0.8903198 0.020629883 -0.07556152 0.44836426,2.5611112 5.382222 0.89555556,-0.44 2.7 7.75,104 88 88,26
72,01110011,00000000,0.8851929 -0.018432617 -0.0030517578 0.4647827,-0.8577778 2.6166666 0.6377778,-5.41 3.37 9.28,72 104 87,26
73,01110011,00000000,0.8789673 -0.053955078 -0.066589355 0.46905518,-2.8166666 -2.6944444 0.08888889,-2.25 -1.33 9.91,64 100 88,26
74,01110011,00000000,0.8701782 -0.03704834 -0.14782715 0.4683838,-0.32333332 -3.1511111 -0.16222222,4.71 -4 10.76,69 98 88,26
75,01110011,00000000,0.87597656 -0.001953125 -0.103637695 0.47094727,2.6311111 2.1044445 -0.21111111,4.47 -0.38 8.64,68 98 89,26
76,01110011,00000000,0.88256836 0.0044555664 0.0040893555 -0.0099487305,1.8 4.6033335 -0.16888888,-2.07 2.13 8.92,74 94 89,26
77,01110011,00000000,0.88549805 -0.027893066 0.055358887 0.46038818,-0.3188889 1.1622223 -0.51111114,-5.13 1.21 11.29,81 92 88,26
78,01110011,00000000,0.8956909 -0.020080566 -0.0028076172 0.4440918,-0.77555555 -2.99 -0.93777776,-1.43 -0.43 10.1,86 93 89,26
79,01110011,00000000,0.90496826 0.002380371 -0.051208496 0.4222412,0.11111111 -1.7111111 -1.0588889,3.42 -0.35 9.94,69 98 89,26
80,01110011,00000000,0.91638184 -0.0107421875 -0.024047852 0.39935303,-0.18333334 2.078889 -1.0422223,2.75 0.16 11.79,60 97 90,26
81,01110011,00000000,0.92736816 -0.035339355 0.026184082 0.37139893,-0.016666668 2.1155555 -1.27,-2.37 -0.79 10.22,77 98 91,26
82,01110011,00000000,0.9415283 -0.0138549805 0.023071289 0.3357544,1.1311111 -1.1 -1.6655556,-2.71 -1.14 10.31,96 98 91,26
83,01110011,00000000,0.95544434 0.037719727 -0.0078125 0.2925415,1.6911111 -1.9244444 -1.9222223,1.12 0.41 11.32,84 85 92,26
84,01110011,00000000,0.96728516 0.048034668 -0.0010375977 0.24890137,0.046666667 0.62666667 -1.91,2.52 1.87 9.39,62 65 93,26
85,01110011,00000000,0.97802734 0.010620117 0.033569336 0.2052002,-1.3977778 1.7944444 -1.9977778,-0.74 0.02 11.39,111 697 -5377,26
86,01110011,00000000,0.9874878 -0.009033203 0.034240723 0.15338135,-0.4377778 -0.32555556 -2.3177779,-2.25 -1.69 10.96,98 88 94,26
87,01110011,00000000,0.99542236 0.022399902 0.0025634766 0.09265137,1.5755556 -1.61 -2.6066666,0.84 -0.75 12.34,93 95 94,26
88,01110011,00000000,0.99853516 0.041870117 0.011413574 0.029846191,0.40222222 0.7888889 -2.66,2.12 1.85 11.83,67 68 94,26
89,01110011,00000000,0.9989624 0.02331543 0.031799316 -0.021362305,-1.1244445 0.50222224 -2.838889,-1.49 0.46 16.18,83 64 94,26
90,01110011,00000000,0.9932251 0.028076172 -0.006164551 -0.111694336,1.2488889 -2.0711112 -3.297778,-1.14 -3.17 23.69,93 88 94,26
91,01110011,00000000,0.982666 0.0602417 -0.009460449 -0.17480469,1.1522223 1.2733333 -3.3811111,4.12 1.34 25.91,50 62 94,26
92,01110011,00000000,0.9647217 0.068847656 0.046203613 -0.24975586,-0.34333333 1.5777777 -3.4655557,-2.49 -0.26 21.36,82 40 94,26
93,01110011,00000000,0.9406738 0.054870605 0.012023926 -0.009521484,-0.14444445 -2.1022222 -3.71,-3.02 0.24 7.87,118 53 94,26
94,01110011,00000000,0.9076538 0.020507812 -0.034179688 -0.41766357,-0.07444444 -4.0833335 -3.6933334,-0.81 0.56 2.45,66 61 94,26
95,01110011,00000000,0.86047363 -0.01953125 -0.12261963 -0.49401855,-0.07 -4.1644444 -3.6044445,0.4 0.77 1.5,3 66 94,26
96,01110011,00000000,0.8008423 -0.056884766 -0.20129395 -0.56103516,-0.10333333 -3.7755556 -3.531111,0.25 0.49 -0.03,9 69 94,26
97,01110011,00000000,0.73028564 -0.089904785 -0.27618408 -0.6182251,0.08444444 -3.7766666 -3.4644444,0.16 0.42 -0.2,9 72 94,26
98,01110011,00000000,0.65093994 -0.11834717 -0.34960938 -0.66326904,0.3011111 -3.741111 -3.3744445,0.12 0.44 -0.22,9 74 94,26
99,01110011,00000000,0.56518555 -0.14105225 -0.41931152 -0.696167,0.45555556 -3.498889 -3.28,0.78 0.63 -0.08,9 75 94,26
100,01110011,00000000,0.49719238 -0.14508057 -0.4281006 -0.7404785,-2.5644445 0.84 -2.7244444,5.72 3.33 0.77,9 76 94,26
101,01110011,00000000,0.47558594 -0.09918213 -0.30004883 -0.82092285,-6.1811113 6.7066665 -2.1333334,6.69 2.71 1.16,32 123 94,26
102,01110011,00000000,0.46496582 0.018920898 -0.05859375 -0.8831177,-6.371111 9.696667 -2.1055555,-1.92 -4.92 4.88,120 30 -16129,26
103,01110011,00000000,0.41809082 0.122558594 0.06109619 -0.8979492,0.7633333 2.7377777 -2.3744445,-9.1 -6.93 10.32,122 190 100,26
104,01110011,00000000,0.352417 0.1104126 -0.022521973 -0.9289551,4.1755557 -4.3544445 -2.7166667,-5.36 0.22 8.78,161 169 99,26
105,01110011,00000000,0.2843628 0.014160156 -0.06951904 -0.95599365,-3.2077777 -3.6377778 -2.3455555,4.36 11.22 10.41,79 88 101,26
106,01110011,00000000,0.2341919 -0.030334473 0.0982666 -0.9666748,-8.485556 2.3788888 -1.83,5.71 -1.51 6.44,26 138 99,26
107,01110011,00000000,0.16644287 0.04034424 0.2267456 -0.95874023,-0.6577778 5.001111 -2.1666667,-0.49 -10.86 12.02,50 196 100,26
108,01110011,00000000,0.088378906 0.119506836 0.14837646 -0.97766113,6.391111 1.8255556 -2.3666666,-4.87 -4.87 9.67,84 190 100,26
109,01110011,00000000,0.011657715 0.09259033 0.009887695 -0.99554443,4.4122224 -2.8 -2.7222223,-2.31 6.56 9.17,113 82 98,26
110,01110011,00000000,-0.050231934 0.028747559 0.016418457 -0.00970459,-3.011111 -2.047778 -2.3844445,3 6.48 8.96,63 5 100,26
111,01110011,00000000,-0.10003662 0.037902832 0.12768555 -0.98602295,-4.2155557 1.5988889 -2.1055555,3.19 -3.88 10.92,35 61 99,26
112,01110011,00000000,-0.1583252 0.07623291 0.12768555 -0.9760742,2.8111112 1.6744444 -2.2666667,-1.51 -5.86 10.02,62 122 100,26
113,01110011,00000000,-0.2232666 0.06329346 0.012390137 -0.9725342,5.5155554 -0.14666666 -2.4244444,-2.21 0.95 9.64,89 78 99,26
114,01110011,00000000,-0.28289795 0.023010254 -0.049072266 -0.95751953,0.8211111 -1.4455556 -2.3577778,-0.63 5.88 8.35,88 2 99,26
115,01110011,00000000,-0.33276367 0.011657715 0.012329102 -0.942749,-3.7133334 -0.99222225 -2.0855556,1.57 0.93 10.27,85 9 99,26
116,01110011,00000000,-0.37597656 0.029907227 0.07446289 -0.9230957,-1.1655556 0.49333334 -1.9633334,1.28 -4.78 10.08,73 68 98,26
117,01110011,00000000,-0.4208374 0.0289917 0.03137207 -0.9060669,3.308889 0.8566667 -1.9488889,-0.46 -3.23 9.22,81 86 98,26
118,01110011,00000000,-0.46368408 -0.0068359375 -0.05206299 -0.8843384,3.281111 -0.41222224 -1.9322222,-1.58 3.66 9.42,93 45 97,26
119,01110011,00000000,-0.5032959 -0.033813477 -0.05090332 -0.8619385,-1.44 -1.49 -1.7322222,-0.24 4.52 8.33,88 9 255,26
120,01110011,00000000,-0.53808594 -0.017822266 0.032165527 -0.842041,-3.9477777 -0.9222222 -1.4855555,1.6 -0.34 9.15,72 34 96,26
121,01110011,00000000,-0.56622314 0.010253906 0.07324219 -0.8208618,-0.25666666 0.79444444 -1.3477777,1.15 -5.01 11.91,66 78 95,26
122,01110011,00000000,-0.5928955 -0.003479004 0.016784668 -0.8050537,3.2966666 0.67333335 -1.28,-1.69 -0.65 12.06,76 82 95,26
123,01110011,00000000,-0.61517334 -0.04827881 -0.020324707 -0.78656006,0.9011111 -1.3611112 -1.1622223,-0.94 4.86 14.36,83 56 95,26
124,01110011,00000000,-0.63409424 -0.024841309 0.025756836 -0.77233887,-3.7922223 0.92444444 -0.6577778,4.68 -0.27 21.27,74 53 95,26
125,01110011,00000000,-0.64501953 0.052490234 0.018615723 -0.7620239,0.83555555 2.6188889 -0.44111112,-4.4 -6.67 27.77,80 73 96,26
126,01110011,00000000,-0.65563965 0.007385254 -0.020996094 -0.7546387,1.9122223 -2.01 -0.43888888,-1.93 4.23 18.62,89 73 96,26
127,01110011,00000000,-0.6602173 -0.00592041 0.022094727 -0.7506714,-2.5455556 -0.67444444 -0.033333335,3.01 2.31 10.56,84 70 96,26
128,01110011,00000000,-0.6576538 0.05810547 0.054626465 -0.7489624,-2.307778 1.83 0.19333333,1.27 -1.76 5.28,85 73 96,26
129,01110011,00000000,-0.65509033 0.10662842 0.033813477 -0.74713135,0.17 2.0944445 0.23,0.06 -1.37 2.63,84 72 97,26
130,01110011,00000000,-0.65234375 0.13702393 -0.0051879883 -0.7453613,0.39555556 2.02 0.2688889,0.26 0.27 -0.06,82 75 97,26
131,01110011,00000000,-0.64733887 0.16601562 -0.043945312 -0.7424927,0.37 1.9488889 0.31111112,0.2 0.32 -0.02,80 78 97,26
132,01110011,00000000,-0.6401367 0.19366455 -0.080200195 -0.7390137,0.33333334 1.83 0.34,0.12 0.38 0,78 80 97,26
133,01110011,00000000,-0.63531494 0.19848633 -0.09698486 -0.7399292,0.3122222 -0.99 0.22222222,-3.97 0.56 3.79,76 82 97,26
134,01110011,00000000,-0.6409302 0.128479 -0.0435791 -0.75549316,0.14888889 -4.6811113 0.037777778,-4.36 0.24 4.09,79 84 97,26
135,01110011,00000000,-0.63842773 -0.010070801 0.0635376 -0.76690674,0.35777777 -7.91 0.07666667,-0.47 -0.09 3.89,82 85 97,26
136,01110011,00000000,-0.6147461 -0.1326294 0.1473999 -0.76330566,0.6666667 -5.6055555 0.4422222,4.97 -0.36 3.81,87 86 97,26
137,01110011,00000000,-0.597229 -0.1439209 0.14025879 -0.7764282,0.6888889 1.3355556 0.86777776,7.04 0.51 5.23,104 89 97,26
138,01110011,00000000,-0.58618164 -0.03100586 0.055358887 -0.8076172,0.055555556 6.9455557 1.3888888,1.14 1.27 8.95,96 93 97,26
139,01110011,00000000,-0.5597534 0.07098389 0.005004883 -0.8255005,-0.99333334 3.4477777 1.4411111,-8.12 1.2 11.53,35 94 97,26
140,01110011,00000000,-0.53302 0.036865234 0.06085205 -0.8430176,-1.2288889 -3.9266667 1.0722222,-3.53 -0.94 10.86,9 85 97,26
141,01110011,00000000,-0.5004883 -0.043640137 0.11553955 -0.8568115,0.21333334 -3.6688888 1.1811111,6.45 -2.04 10.34,44 77 96,26
142,01110011,00000000,-0.47283936 -0.010192871 0.05847168 -0.87908936,1.8544445 3.9655557 1.5833334,5.35 -0.55 11.01,77 80 96,26
143,01110011,00000000,-0.4373169 0.0769043 -0.028442383 -0.8955078,1.2711111 4.5477777 1.851111,-7.47 2.77 15.91,39 101 95,26
144,01110011,00000000,-0.40344238 0.04711914 -0.0040283203 -0.9137573,-0.9488889 -3.1866667 1.4833333,-4.09 0.29 12.6,6 112 94,26
145,01110011,00000000,-0.36730957 -0.037841797 0.040893555 -0.92840576,0.026666667 -3.76 1.58,0.18 -3.18 12.01,45 101 94,26
146,01110011,00000000,-0.32537842 -0.027404785 -0.013671875 -0.94506836,2.5566666 2.5322223 1.8555555,4.07 -0.67 10.43,88 101 94,26
147,01110011,00000000,-0.276062 0.028198242 -0.07910156 -0.95739746,1.4855555 2.92 2.0266666,-3.51 3.3 8.86,59 131 93,26
148,01110011,00000000,-0.23565674 0.022277832 -0.056274414 -0.96990967,-1.5933334 -1.2477778 1.6877778,-3.86 1.53 7.3,25 147 93,26
149,01110011,00000000,-0.24432373 -0.061401367 0.009887695 -0.96765137,-1.81 -4.6744447 -0.77,-1.34 -0.04 7.66,45 124 93,26
150,01110011,00000000,-0.2805786 -0.13220215 0.05480957 -0.9490967,-0.99777776 -2.68 -1.6788889,4.33 -0.64 8.5,27 130 92,26
151,01110011,00000000,-0.3215332 -0.09893799 0.062316895 -0.9395752,-1.13 2.2733333 -1.5777777,4.19 0.59 8.23,7 137 92,26
152,01110011,00000000,-0.36462402 -0.011047363 0.06036377 -0.92907715,-1.2455555 3.6011112 -1.6711111,-1.22 -1.23 10.55,39 144 93,26
153,01110011,00000000,-0.40625 0.005004883 0.05328369 -0.9139404,0.31111112 11.376667 17.635555,-3.91 -1.07 10.92,83 153 94,26
154,01110011,00000000,-0.41168213 -0.0435791 0.062561035 -0.90808105,0.41333333 -2.3044446 -0.24555555,-0.3 1.08 9.98,84 144 94,26
155,01110011,00000000,-0.3980713 -0.060668945 0.08331299 -0.911438,-0.67777777 -0.5288889 0.74222225,2.97 0.57 10.52,82 138 94,26
156,01110011,00000000,-0.38757324 -0.014526367 0.080078125 -0.9182129,-0.49888888 2.3611112 0.74,2.09 -0.56 9.64,86 130 94,26
157,01110011,00000000,-0.37554932 0.039001465 0.049316406 -0.92456055,0.5655556 2.3788888 0.69555557,-1.38 -0.67 10.2,76 124 94,26
158,01110011,00000000,-0.36279297 0.048034668 0.023803711 -0.9302368,0.82666665 0.26222223 0.61,-1.77 0.49 9.67,67 124 94,26
159,01110011,00000000,-0.34979248 0.029418945 0.026977539 -0.9359131,-0.08111111 -0.97555554 0.57222223,-0.16 0.95 9.28,69 124 94,26
160,01110011,00000000,-0.33581543 0.026489258 0.034606934 -0.94085693,-0.21111111 0.044444446 0.6344444,1.65 -0.79 9.94,75 121 94,26
161,01110011,00000000,-0.32489014 0.041381836 0.01763916 -0.9445801,0.9255555 1.2644445 0.66888887,0.49 -0.87 9.83,77 118 94,26
162,01110011,00000000,-0.30914307 0.056396484 -0.026550293 -0.9489136,1.3366667 0.71666664 0.63222224,300.96 -2.54 -0.01,73 120 94,26
163,01110011,00000000,-0.2991333 0.04827881 -0.03540039 -0.9522705,0.043333333 -0.64444447 0.58444446,-0.7 1.49 9.89,72 123 94,26
164,01110011,00000000,-0.28564453 0.03149414 -0.016906738 -0.95758057,-0.7266667 -0.8244445 0.61,0.79 -0.19 8.63,77 120 94,26
165,01110011,00000000,-0.2709961 0.027038574 -0.008972168 -0.96209717,0.17777778 0.101111114 0.65,0.86 -1.22 9.45,82 115 94,26
166,01110011,00000000,-0.25634766 0.028625488 -0.028564453 -0.96569824,0.9588889 0.21222222 0.6566667,-0.61 0.33 10.44,83 114 94,26
167,01110011,00000000,-0.24206543 0.017578125 -0.03753662 -0.96936035,-0.115555555 -0.71666664 0.6488889,-0.59 1.81 9.42,83 116 94,26
168,01110011,00000000,-0.22680664 0.0016479492 -0.005004883 -0.97387695,-1.87 -0.9011111 0.7022222,0.4 0.89 9.35,87 113 94,26
169,01110011,00000000,-0.21002197 0.0006713867 0.038085938 -0.9768677,-1.4277778 -0.115555555 0.72555554,0.88 -0.93 9.81,92 103 94,26
170,01110011,00000000,-0.20306396 0.007873535 0.051879883 -0.9796753,-0.18222222 0.18777777 -15.644444,0.06 -0.82 9.69,93 95 94,26
171,01110011,00000000,-0.18664551 0.006164551 0.056152344 -0.9807739,-0.3988889 -0.41777778 -0.24111111,-0.46 0.75 9.71,92 94 94,26
172,01110011,00000000,-0.20770264 -0.0057373047 0.07159424 -0.97546387,-0.33666667 -0.4311111 -1.2155555,0.6 -0.14 9.5,92 95 94,26
173,01110011,00000000,-0.2341919 -0.004638672 0.07067871 -0.96954346,0.035555556 0.49222222 -0.97444445,0.66 0.73 9.84,89 98 94,26
174,01110011,00000000,-0.24572754 0.010253906 0.06402588 -0.96710205,0.20111111 0.6855556 -0.045555554,-0.4 0.42 9.5,93 97 94,26
175,01110011,00000000,-0.23370361 0.0138549805 0.05529785 -0.97058105,0.37333333 -0.19 0.88,-0.95 0.27 9.81,93 97 94,26
176,01110011,00000000,-0.20812988 -6.1035156E-05 0.048950195 -0.9768677,0.4488889 -0.6577778 1.0855556,0.27 -0.22 9.62,94 99 94,26
177,01110011,00000000,-0.18292236 -0.007080078 0.034179688 -0.9824219,0.86444443 0.20333333 1.0933334,1.18 -0.41 9.68,99 102 94,26
178,01110011,00000000,-0.15783691 0.0051879883 0.0076293945 -0.9873657,1.0522223 0.83666664 1.0855556,0.35 0 9.66,97 107 94,26
179,01110011,00000000,-0.13336182 0.013977051 -0.016052246 -0.9907837,0.77 0.16333333 1.02,-0.72 -2.07 -0.01,91 113 94,26
180,01110011,00000000,-0.11053467 0.0040283203 -0.026306152 -0.99346924,0.29555556 -0.5711111 0.9533333,-0.17 0.34 9.7,90 116 94,26
181,01110011,00000000,-0.08843994 -0.0068969727 -0.02935791 -0.99554443,0.12444445 -0.16444445 0.94555557,0.89 0.11 9.5,94 116 94,26
182,01110011,00000000,-0.06573486 0.00012207031 -0.031982422 -0.9972534,0.046666667 0.59555554 0.94777775,0.48 0.19 9.73,95 115 94,26
183,01110011,00000000,-0.043395996 0.012878418 -0.030029297 -0.9984741,-0.24555555 0.38666666 0.8977778,-0.52 0.36 9.64,91 113 94,26
184,01110011,00000000,-0.023254395 0.010986328 -0.019897461 -0.99938965,-0.54 -0.34666666 0.81,-0.45 0.23 9.77,89 110 94,26
185,01110011,00000000,-0.004699707 0.0022583008 -0.0056762695 -0.99993896,-0.63 -0.22333333 0.77,0.72 0.07 9.53,91 106 94,26
186,01110011,00000000,0.012939453 0.0076293945 0.009887695 -0.9998169,-0.66888887 0.5144445 0.69666666,0.64 0.04 9.78,92 102 94,26
187,01110011,00000000,0.01574707 0.02154541 0.025756836 -0.9990845,-0.6677778 0.5133333 0.27666667,-0.2 0.04 9.74,90 98 94,26
188,01110011,00000000,0.026733398 0.025146484 0.041931152 -0.9984131,-0.6666667 -0.06666667 0.06666667,-0.34 -0.02 9.79,90 96 94,26
189,01110011,00000000,0.027954102 0.022277832 0.053100586 -0.9979248,-0.4811111 -0.18777777 -0.0011111111,0.32 -0.14 9.68,91 96 94,26
190,01110011,00000000,0.027648926 0.023132324 0.061767578 -0.9973755,-0.29333332 0.22555555 -0.033333335,0.49 -0.13 9.64,91 96 94,26
191,01110011,00000000,0.025268555 0.030517578 0.057617188 -0.99749756,-0.16555555 0.27333334 -0.09,-0.1 -0.08 9.63,91 96 94,26
192,01110011,00000000,0.022033691 0.02935791 0.058288574 -0.9975586,0.1 -0.27555555 -0.17555556,-0.41 -0.25 9.66,92 96 94,26
193,01110011,00000000,0.017150879 0.019897461 0.04888916 -0.9984131,0.36333334 -0.54 -0.24555555,0.16 -0.08 9.6,92 96 94,26
194,01110011,00000000,0.011047363 0.011169434 0.039123535 -0.9990845,0.43555555 -0.18222222 -0.27666667,0.58 -0.04 9.59,91 95 94,26
195,01110011,00000000,0.0038452148 0.012634277 0.026306152 -0.9995117,0.54333335 0.11666667 -0.30555555,0.11 -0.06 9.53,91 94 94,26
196,01110011,00000000,-0.004272461 0.0126953125 0.012512207 -0.9998169,0.6077778 -0.11666667 -0.3588889,-0.23 -0.03 125.03,84 72 94,26
197,01110011,00000000,-0.013671875 0.013366699 0.00048828125 -0.99975586,0.62666667 -0.33222222 -0.40666667,0.12 0.03 9.8,92 92 94,26
198,01110011,00000000,-0.02368164 0.008972168 -0.013000488 -0.99957275,0.5311111 -0.013333334 -0.41222224,0.57 0.15 9.65,91 91 94,26
199,01110011,00000000,-0.033081055 0.016052246 -0.019165039 -0.9990845,0.3588889 0.41222224 -0.40333334,0.27 0.15 9.58,91 90 94,26
200,01110011,00000000,-0.04284668 0.024230957 -0.025756836 -0.9984131,0.22 0.19111112 -0.42666668,-0.4 0.1 10.27,92 90 94,26
201,01110011,00000000,-0.053771973 0.022094727 -0.031188965 -0.99780273,0.2688889 -0.17666666 -0.45666668,0.12 -0.03 9.79,93 90 94,26
202,01110011,00000000,-0.064697266 0.020263672 -0.036987305 -0.9970093,0.15555556 0.06888889 -0.44666666,0.52 0.35 9.25,93 90 94,26
203,01110011,00000000,-0.07446289 0.02758789 -0.03503418 -0.9961548,-0.2588889 0.37111112 -0.41444445,0.13 0.36 9.88,93 90 94,26
204,01110011,00000000,-0.083862305 0.005493164 0.0057373047 -0.00982666,-0.42222223 0.06888889 -0.42222223,-0.36 0.1 9.81,94 91 94,26
205,01110011,00000000,-0.093933105 0.031311035 -0.014343262 -0.9949951,-0.48333332 -0.24333334 -0.4377778,0.1 0.22 9.32,94 93 94,26
206,01110011,00000000,-0.103759766 0.028564453 0.0017700195 -0.9941406,-0.70555556 -0.14 -0.43,0.43 0.27 9.52,93 95 94,26
207,01110011,00000000,-0.11303711 0.032836914 0.022094727 -0.99279785,-0.8811111 0.16111112 -0.41555557,0.14 0.05 9.7,93 97 94,26
208,01110011,00000000,-0.12286377 0.037597656 0.042114258 -0.9907837,-0.8244445 0.075555556 -0.4511111,-0.28 -0.1 9.72,94 99 94,26
209,01110011,00000000,-0.14013672 0.030761719 0.057678223 -0.98791504,-0.56 -0.44777778 -0.86333334,0 0.01 9.61,94 101 94,26
210,01110011,00000000,-0.15740967 0.02319336 0.066467285 -0.98498535,-0.23333333 -0.2488889 -0.72333336,0.45 0.02 9.47,92 104 94,26
211,01110011,00000000,-0.14990234 0.049865723 0.093933105 -0.98291016,-2.1866667 1.38 0.74333334,0.95 -1.38 8.06,91 104 94,26
212,01110011,00000000,-0.14886475 0.10626221 0.10827637 -0.9771118,-0.57555556 2.33 -0.24222222,-2.3 -3 9.38,85 93 95,26
213,01110011,00000000,-0.19580078 0.11236572 0.10345459 -0.9686279,0.4911111 0.02111111 -2.06,-3.52 -1.24 8.99,122 288 -16129,26
214,01110011,00000000,-0.20977783 0.07397461 0.09637451 -0.9700928,0.7177778 -1.6766666 -0.19222222,-1.95 -0.08 9.59,91 88 95,26
215,01110011,00000000,-0.17858887 0.051696777 0.0960083 -0.9777832,0.078888886 -0.84 1.5533333,0.2 -0.51 10.08,89 88 95,26
216,01110011,00000000,-0.12805176 0.045532227 0.09210205 -0.98638916,0.22444445 -0.4311111 2.1677778,0.35 -1.38 9.67,98 89 95,26
217,01110011,00000000,-0.07824707 0.028015137 0.07385254 -0.9937744,0.9177778 -0.87222224 2.0544446,1.61 -1.21 9.28,104 93 95,26
218,01110011,00000000,-0.028564453 0.02557373 0.053771973 -0.9977417,0.69777775 0.012222222 2.0955555,1.5 -0.71 8.85,114 105 95,26
219,01110011,00000000,0.0015869141 0.041381836 0.049743652 -0.99786377,-0.03888889 0.82222223 1.0144445,0.76 -1.12 9.39,112 114 95,26
220,01110011,00000000,-0.0064697266 0.055419922 0.040161133 -0.9975586,0.5188889 0.57666665 -0.55333334,-0.83 -1.48 9.56,105 112 95,26
221,01110011,00000000,-0.027770996 0.05090332 0.0068359375 -0.00982666,0.80777776 -0.40666667 -0.88555557,-2.08 -0.66 10.09,106 108 95,26
222,01110011,00000000,-0.016418457 0.028808594 0.0018920898 -0.9994507,0.8422222 -1.0544444 0.88666666,-0.61 0.66 9.67,103 102 95,26
223,01110011,00000000,0.05505371 -0.0115356445 -0.014709473 -0.99823,0.7111111 -1.9077778 3.6455555,-0.1 0.46 10.34,108 106 95,26
224,01110011,00000000,0.21350098 -0.07336426 -0.026550293 -0.9738159,0.33555555 -2.838889 7.3233333,2.51 -1.08 9.38,151 122 95,26
225,01110011,00000000,0.2947998 -0.08929443 -0.023620605 -0.95098877,-0.15333334 0.18444444 2.4077778,4.62 -0.21 8.12,194 125 95,26
226,01110011,00000000,0.23571777 -0.04711914 0.003479004 -0.97058105,-0.8322222 2.3766668 -3.6077778,1.87 -1.39 8.7,181 120 95,26
227,01110011,00000000,0.11431885 -0.00061035156 0.0154418945 -0.9932251,-0.01 1.9222223 -5.3555555,-1.51 -1.98 10.31,191 124 95,26
228,01110011,00000000,-0.002746582 0.003540039 0.008422852 -0.99993896,0.37444445 -0.22555555 -4.75,-1.87 -0.41 9.87,190 121 95,26
229,01110011,00000000,-0.087890625 -0.016601562 0.011352539 -0.99591064,-0.29222223 -0.81777775 -3.1622221,0.61 0.77 10,174 107 95,26
230,01110011,00000000,-0.11187744 0.0025634766 0.022827148 -0.9934082,-0.5466667 1.2777778 -0.38666666,1.77 -0.78 9.96,150 10 -15105,26
231,01110011,00000000,-0.13208008 0.032836914 0.03253174 -0.9901123,-0.72 1.0522223 -0.7788889,-0.63 -0.62 9.79,148 112 95,26
232,01110011,00000000,-0.1430664 0.021911621 0.031066895 -0.9888916,0.2688889 -0.7366667 -0.66555554,0.18 0.03 10.19,148 114 95,26
233,01110011,00000000,-0.15875244 0.013549805 0.024963379 -0.9868164,0.25444445 -0.026666667 -0.7511111,1.8 0.72 9.32,140 111 95,26
234,01110011,00000000,-0.18371582 0.030395508 0.028259277 -0.98205566,-0.44444445 1.1277778 -1.32,0.44 -0.07 9.55,135 108 95,26
235,01110011,00000000,-0.21813965 0.051757812 0.036743164 -0.9737549,-0.33444443 0.4422222 -1.6177778,-2.04 -2.84 10.41,140 111 95,26
236,01110011,00000000,-0.26416016 0.040649414 0.03314209 -0.96295166,0.69555557 -0.55444443 -2.1022222,-0.59 -1.33 8.42,140 113 95,26
237,01110011,00000000,-0.3069458 0.03503418 0.015991211 -0.9508667,0.8988889 0.4311111 -1.7411112,0.34 0.74 10.23,128 102 95,26
238,01110011,00000000,-0.34698486 0.040771484 -0.0012817383 -0.00982666,0.4211111 0.42444444 -1.7866666,-0.52 1.5 9.8,129 91 95,26
239,01110011,00000000,-0.38183594 0.04437256 -0.004272461 -0.9230957,0.025555555 0.101111114 -1.34,-0.81 0.67 9.7,130 86 95,26
240,01110011,00000000,-0.40356445 0.045288086 -0.0036621094 -0.9137573,0.008888889 -0.023333333 -0.80444443,-0.28 0.26 9.39,127 87 95,26
241,01110011,00000000,-0.4169922 0.044433594 -0.0038452148 -0.90771484,0.10333333 -0.023333333 -0.5366667,-0.17 -0.39 9.61,124 88 95,26
242,01110011,00000000,-0.4244995 0.042236328 -0.007385254 -0.9043579,0.2911111 -0.0033333334 -0.18,-0.18 -0.16 9.41,121 88 95,26
243,01110011,00000000,-0.42297363 0.042175293 -0.015625 -0.9049072,0.2611111 0.24 0.22333333,-0.31 0.59 9.9,118 88 95,26
244,01110011,00000000,-0.41693115 0.042663574 -0.019592285 -0.9076538,-0.014444444 -0.027777778 0.30333334,-0.64 0.71 9.6,115 89 95,26
245,01110011,00000000,-0.40881348 0.041259766 -0.015625 -0.911438,-0.12888889 -0.14666666 0.40444446,-0.55 0.1 9.49,113 90 95,26
246,01110011,00000000,-0.40081787 0.03869629 -0.01361084 -0.91516113,-0.0011111111 -0.093333334 0.33666667,-0.08 0.27 9.71,112 90 95,26
247,01110011,00000000,-0.39483643 0.03765869 -0.0146484375 -0.91778564,0.057777777 0.0033333334 0.23111111,-0.11 0.61 9.79,110 90 255,26
248,01110011,00000000,-0.39141846 0.036743164 -0.015380859 -0.9193115,0.034444444 0.04111111 0.107777774,-0.11 0.72 9.75,108 91 95,26
249,01110011,00000000,-0.38891602 0.03656006 -0.014709473 -0.9203491,-0.04222222 -0.078888886 0.15777777,-0.4 0.54 9.66,107 91 95,26
250,01110011,00000000,-0.38305664 0.036865234 -0.013061523 -0.92285156,-0.04777778 0.04222222 0.3,-0.45 0.16 9.78,106 91 95,26
251,01110011,00000000,-0.37835693 0.0368042 -0.012512207 -0.9248047,0.007777778 -0.031111112 0.12555556,-0.39 0.29 9.71,105 91 95,26
252,01110011,00000000,-0.37774658 0.037475586 -0.012023926 -0.9250488,0.015555556 0.086666666 -0.02,-0.25 0.45 9.55,104 91 95,26
253,01110011,00000000,-0.3791504 0.03930664 -0.013061523 -0.92437744,0.016666668 0.083333336 -0.078888886,-0.45 0.58 9.69,103 91 95,26
254,01110011,00000000,-0.37921143 0.039733887 -0.014038086 -0.9243164,0.11888889 0.0044444446 0.086666666,-0.53 0.5 9.75,102 91 95,26
255,01110011,00000000,-0.37670898 0.039245605 -0.01586914 -0.92529297,0.012222222 -0.011111111 0.057777777,-0.45 0.64 9.61,101 91 95,26
0,01110011,00000000,-0.37780762 0.038146973 -0.015197754 -0.9248657,0.055555556 -0.072222225 -0.06555556,-0.34 0.4 9.6,100 91 95,26
1,01110011,00000000,-0.37695312 0.03741455 -0.015808105 -0.92529297,0.064444445 0.028888889 0.11111111,-0.37 0.51 9.67,99 91 95,26
2,01110011,00000000,-0.37445068 0.035705566 -0.016418457 -0.9263916,0.07444444 -0.15555556 0.09777778,-0.5 0.59 9.75,99 91 95,26
3,01110011,00000000,-0.3718872 0.030578613 -0.015808105 -0.92755127,0.007777778 -0.15666667 0.14555556,0.07 0.95 9.69,99 91 95,26
4,01110011,00000000,-0.369812 0.030761719 -0.015014648 -0.92840576,-0.011111111 0.04222222 0.025555555,-0.2 0.39 9.63,99 91 95,26
5,01110011,00000000,-0.37023926 0.030578613 -0.015563965 -0.9282837,0.033333335 -0.014444444 -0.026666667,-0.39 0.53 9.51,99 91 95,26
6,01110011,00000000,-0.36987305 0.029968262 -0.017028809 -0.92840576,0.033333335 0.01 0.024444444,-0.18 1 9.62,99 91 95,26
7,01110011,00000000,-0.37023926 0.030273438 -0.016662598 -0.92822266,0.0011111111 -0.008888889 -0.04777778,-0.32 0.59 9.71,99 91 95,26
8,01110011,00000000,-0.3710327 0.029418945 -0.016662598 -0.9279175,0.033333335 -0.0022222223 -0.022222223,-0.01 0.66 9.7,99 91 95,26
9,01110011,00000000,-0.37097168 0.029968262 -0.016418457 -0.9279175,-0.012222222 0.07777778 0.0055555557,-0.06 0.61 9.6,99 91 95,26
10,01110011,00000000,-0.3711548 0.03137207 -0.016052246 -0.92785645,-0.008888889 0.018888889 -0.014444444,-0.31 0.57 9.61,99 91 95,26
11,01110011,00000000,-0.37078857 0.031188965 -0.014465332 -0.92803955,-0.064444445 -0.06666667 0.04,-0.3 0.69 9.74,99 91 95,26
12,01110011,00000000,-0.3696289 0.030700684 -0.012390137 -0.92852783,-0.06555556 -0.011111111 0.044444446,-0.13 0.69 9.69,99 91 95,26
13,01110011,00000000,-0.36950684 0.032470703 -0.011230469 -0.92852783,-0.05888889 0.078888886 -0.025555555,-0.34 0.55 9.7,99 91 95,26
14,01110011,00000000,-0.36968994 0.03387451 -0.010253906 -0.92840576,-0.05666667 -0.022222223 0.032222223,-0.46 0.54 9.59,99 91 95,26
15,01110011,00000000,-0.36828613 0.033325195 -0.008056641 -0.9290161,-0.046666667 -0.05666667 0.045555554,-0.23 0.41 9.59,99 91 95,26
16,01110011,00000000,-0.3684082 0.03289795 -0.0071411133 -0.9290161,0.017777778 0.018888889 -0.02111111,-0.08 0.52 9.65,99 91 95,26
17,01110011,00000000,-0.36853027 0.033447266 -0.007446289 -0.9289551,-0.032222223 -0.0055555557 0.026666667,243.2 0 9.71,99 91 95,26
18,01110011,00000000,-0.36694336 0.032592773 -0.00592041 -0.92962646,-0.015555556 -0.06666667 0.07777778,-0.19 0.44 9.58,99 91 95,26
19,01110011,00000000,-0.36639404 0.031799316 -0.0057373047 -0.9298096,0.011111111 -0.013333334 0.007777778,-0.11 0.67 9.7,99 91 95,26
20,01110011,00000000,-0.36517334 0.031799316 -0.0051879883 -0.93029785,-0.03 -0.017777778 0.07444444,-0.11 0.6 9.74,99 91 95,26
21,01110011,00000000,-0.36328125 0.032104492 -0.0043945312 -0.9310303,-0.024444444 0.015555556 0.07666667,-0.11 0.44 9.73,99 91 95,26
22,01110011,00000000,-0.36108398 0.03302002 -0.005065918 -0.93188477,0.023333333 0.06666667 0.104444444,-0.1 0.6 9.79,99 91 95,26
23,01110011,00000000,-0.35736084 0.034240723 -0.005554199 -0.9332886,-0.011111111 0.043333333 0.17777778,-0.17 0.49 9.78,99 91 95,26
24,01110011,00000000,-0.3554077 0.037231445 -0.0071411133 -0.9338989,0.05888889 0.18888889 0.057777777,-0.34 0.28 9.92,99 91 95,26
25,01110011,00000000,-0.3591919 0.041259766 -0.01184082 -0.9343262,0.11333334 -35.27222 -19.342222,-0.54 0.4 9.39,99 91 95,26
26,01110011,00000000,-0.35046387 0.044067383 -0.015808105 -0.93536377,0.13666667 0.13666667 0.14777778,-0.59 0.47 9.48,98 91 95,26
27,01110011,00000000,-0.3480835 0.043945312 -0.018249512 -0.93621826,0.09 0.0022222223 0.09777778,-0.5 0.64 9.61,98 92 95,26
28,01110011,00000000,-0.34344482 0.042419434 -0.018859863 -0.9379883,0.04888889 -0.027777778 0.26444444,-0.23 0.69 9.78,98 92 95,26
29,01110011,00000000,-0.33654785 0.042053223 -0.019165039 -0.9404907,0.0022222223 0.0011111111 0.29,-0.32 0.54 9.76,98 92 95,26
30,01110011,00000000,-0.33319092 0.040222168 -0.019104004 -0.94177246,0.083333336 -0.017777778 0.12222222,-0.07 0.67 10.02,98 92 95,26
31,01110011,00000000,-0.3300171 0.041992188 -0.025817871 -0.94262695,0.27555555 0.20777778 0.15333334,-0.6 0.7 9.68,98 92 95,26
32,01110011,00000000,-0.32922363 0.043029785 -0.034240723 -0.94262695,0.29222223 0.15222222 -0.02111111,-0.78 1.07 9.27,97 93 95,26
33,01110011,00000000,-0.33050537 0.04144287 -0.03729248 -0.94207764,0.096666664 -0.06666667 -0.04,-0.83 1.48 9.36,97 93 95,26
34,01110011,00000000,-0.32763672 0.038635254 -0.036071777 -0.9432373,-0.045555554 -0.13333334 0.17444444,153.09 -2.56 -0.01,97 93 95,26
35,01110011,00000000,-0.32373047 0.03857422 -0.035949707 -0.9445801,-0.01 0.025555555 0.15222222,-0.45 1.24 9.72,97 93 95,26
36,01110011,00000000,-0.3225708 0.039489746 -0.035827637 -0.9449463,-0.018888889 0.04888889 0.034444444,-0.39 1.11 9.56,97 93 95,26
37,01110011,00000000,-0.32226562 0.042236328 -0.038513184 -0.9448242,0.08 0.16333333 0.0011111111,-0.55 1.22 9.61,97 93 95,26
38,01110011,00000000,-0.32281494 0.043945312 -0.040405273 -0.94451904,0.036666665 0.06333333 -0.026666667,-0.7 1.31 9.44,97 93 95,26
39,01110011,00000000,-0.3222046 0.044006348 -0.04058838 -0.94470215,0 -0.016666668 0.045555554,-0.74 1.18 9.62,97 93 95,26
40,01110011,00000000,-0.32177734 0.04345703 -0.041503906 -0.9448242,0.05111111 0.01 0.006666667,-0.53 1.19 9.65,97 93 95,26
41,01110011,00000000,-0.32165527 0.04437256 -0.04260254 -0.9448242,0.02 0.064444445 0.007777778,-0.52 1.26 9.52,97 93 95,26
42,01110011,00000000,-0.328125 0.04498291 -0.0435791 -0.9451904,0.034444444 0.031111112 -17.635555,-0.58 1.13 9.5,97 93 95,26
43,01110011,00000000,-0.31860352 0.045410156 -0.044128418 -0.94573975,0.0022222223 0.013333334 0.08222222,-0.64 1.32 9.55,97 93 95,26
44,01110011,00000000,-0.31524658 0.045166016 -0.042907715 -0.9468994,-0.053333335 -0.024444444 0.15444444,-0.61 1.16 9.62,97 93 95,26
45,01110011,00000000,-0.31341553 0.045043945 -0.04309082 -0.94750977,0.015555556 0.007777778 0.055555556,-0.58 1.2 9.67,97 93 95,26
46,01110011,00000000,-0.31280518 0.046875 -0.044555664 -0.94750977,0.034444444 0.12666667 0.026666667,-0.6 1.31 9.64,97 93 95,26
47,01110011,00000000,-0.3118286 0.050231934 -0.047546387 -0.9475708,0.09 0.16666667 0.034444444,-0.83 1.23 9.68,97 93 95,26
48,01110011,00000000,-0.31243896 0.051574707 -0.050048828 -0.94714355,0.101111114 0.078888886 -0.06,-0.79 1.41 9.62,97 93 95,26
49,01110011,00000000,-0.3135376 0.05303955 -0.052734375 -0.94659424,0.107777774 0.1 -0.027777778,-0.74 1.36 9.62,97 93 95,26
50,01110011,00000000,-0.31414795 0.053955078 -0.056396484 -0.94610596,0.13444445 0.10222222 -0.04888889,-0.71 1.38 9.58,97 93 95,26
51,01110011,00000000,-0.3156128 0.05493164 -0.059936523 -0.94537354,0.15222222 0.06555556 -0.05111111,-0.8 -1.21 -0.01,97 93 95,26
52,01110011,00000000,-0.3163452 0.055786133 -0.06359863 -0.9447632,0.14333333 0.1388889 -0.027777778,-0.77 1.46 9.58,97 93 95,26
53,01110011,00000000,-0.31671143 0.057800293 -0.06866455 -0.94421387,0.20888889 0.14555556 -0.0055555557,-1.14 1.37 9.59,97 93 95,26
54,01110011,00000000,-0.3168335 0.06304932 -0.07495117 -0.9433594,0.24555555 0.39222223 -0.024444444,-1.38 1.39 9.67,97 93 95,26
55,01110011,00000000,-0.31884766 0.0680542 -0.0848999 -0.9414673,0.36444443 0.2188889 -0.15555556,-1.52 1.96 9.56,97 93 95,26
56,01110011,00000000,-0.3232422 0.068359375 -0.09069824 -0.9393921,0.14 0.03888889 -0.17777778,-1.18 2.53 9.4,97 93 95,26
57,01110011,00000000,-0.32507324 0.06915283 -0.09411621 -0.9383545,0.16555555 0.16666667 -0.031111112,-1.02 2.16 9.26,97 93 95,26
58,01110011,00000000,-0.32647705 0.072265625 -0.10241699 -0.9367676,0.3211111 0.26222223 -0.13333334,-1.29 2.38 9.19,97 93 95,26
59,01110011,00000000,-0.34375 0.07476807 -0.109375 -0.9343262,0.21333334 0.09888889 -0.20111111,-1.76 2.34 9.34,97 93 95,26
60,01110011,00000000,-0.333313 0.07458496 -0.11236572 -0.93310547,0.107777774 -0.011111111 -0.008888889,-1.75 2.08 9.34,97 93 95,26
61,01110011,00000000,-0.3312378 0.07354736 -0.11566162 -0.9334717,0.19 0.08777778 0.115555555,-1.39 1.93 9.26,97 93 95,26
62,01110011,00000000,-0.3312378 0.07470703 -0.121520996 -0.9326782,0.25111112 0.14555556 -0.08555555,-1.55 2.24 9.27,97 93 95,26
63,01110011,00000000,-0.3334961 0.07537842 -0.12689209 -0.9310303,0.24555555 0.052222222 -0.055555556,-1.8 2.3 9.17,97 93 95,26
64,01110011,00000000,-0.3338623 0.07543945 -0.13275146 -0.93011475,0.21777777 0.13222222 0.0033333334,-1.72 2.73 9.2,97 93 95,26
65,01110011,00000000,-0.33398438 0.07659912 -0.13842773 -0.92907715,0.19 0.096666664 -0.031111112,-1.8 2.99 9.04,97 93 95,26
66,01110011,00000000,-0.3361206 0.07720947 -0.14263916 -0.92767334,0.13333334 0.057777777 -0.1388889,-2.01 3 9.05,97 93 95,26
67,01110011,00000000,-0.33868408 0.07757568 -0.14556885 -0.9262085,0.115555555 0 -0.04888889,-2.12 2.87 9.12,97 93 95,26
68,01110011,00000000,-0.33935547 0.07684326 -0.1482544 -0.9256592,0.12666667 0.015555556 -0.043333333,-1.91 2.78 178.03,65 12 95,26
69,01110011,00000000,-0.34191895 0.07659912 -0.1506958 -0.9243164,0.11888889 0.018888889 -0.12111111,-1.85 2.81 9.06,97 93 95,26
70,01110011,00000000,-0.34362793 0.07659912 -0.15325928 -0.9232788,0.10888889 0.05 -0.053333335,-1.84 2.87 9.06,97 93 95,26
71,01110011,00000000,-0.34484863 0.07714844 -0.15557861 -0.9224243,0.08111111 0.05666667 -0.05666667,-1.92 2.93 9,97 93 95,26
72,01110011,00000000,-0.34509277 0.078186035 -0.1574707 -0.921875,0.064444445 0.07777778 0.008888889,-2.04 2.97 9.01,97 93 95,26
73,01110011,00000000,-0.34399414 0.07977295 -0.15979004 -0.9217529,0.057777777 0.11888889 0.044444446,-2.14 3.08 9.04,97 93 95,26
74,01110011,00000000,-0.34313965 0.081604004 -0.16174316 -0.9215698,0.054444443 0.08555555 0.011111111,-2.26 3.06 8.96,97 93 95,26
75,01110011,00000000,-0.34295654 0.082336426 -0.1640625 -0.9212036,0.104444444 0.028888889 0.022222223,-2.28 3.18 8.97,97 93 95,26
76,01110011,00000000,-0.34210205 0.00592041 0.0056762695 -0.00982666,0.096666664 0.046666667 0.03888889,-2.27 3.27 9.17,97 93 95,26
77,01110011,00000000,-0.34204102 0.08459473 -0.17071533 -0.920105,0.16555555 0.23 -0.05888889,-2.14 3.3 9.03,97 93 95,26
78,01110011,00000000,-0.34503174 0.09008789 -0.17828369 -0.9169922,0.26444444 0.34 -0.24555555,-2.44 3.58 8.79,97 93 95,26
79,01110011,00000000,-0.3493042 0.095458984 -0.1862793 -0.91326904,0.28666666 0.28444445 -0.20333333,-2.74 3.63 8.67,97 93 95,26
80,01110011,00000000,-0.3517456 0.09832764 -0.19464111 -0.9102783,0.29444444 0.2211111 -0.13777778,-2.62 3.97 8.57,97 93 95,26
81,01110011,00000000,-0.35656738 0.101867676 -0.20074463 -0.90667725,0.16444445 0.11333334 -0.25111112,-2.8 3.89 8.61,97 93 95,26
82,01110011,00000000,-0.35839844 0.10180664 -0.20281982 -0.90545654,0.08777778 0.027777778 0.015555556,-2.61 3.34 8.73,97 93 95,26
83,01110011,00000000,-0.35986328 0.10217285 -0.20562744 -0.90423584,0.16444445 0.08222222 -0.13777778,-2.41 3.24 8.72,97 93 95,26
84,01110011,00000000,-0.36279297 0.10308838 -0.20776367 -0.9024658,0.20555556 0.14555556 -0.10555556,-2.61 3.28 8.61,97 93 95,26
85,01110011,00000000,-0.36383057 0.10449219 -0.21252441 -0.90075684,0.23333333 0.14333333 -0.033333335,-2.87 3.57 8.65,171 -3697 -14593,26
86,01110011,00000000,-0.36480713 0.10595703 -0.2177124 -0.8989868,0.16333333 0.112222224 -0.04111111,-2.92 3.97 8.56,97 93 95,26
87,01110011,00000000,-0.3642578 0.107299805 -0.22235107 -0.8979492,0.16555555 0.16666667 0.0022222223,-2.98 4.04 8.36,97 93 95,26
88,01110011,00000000,-0.3656006 0.109802246 -0.2265625 -0.8959961,0.08777778 0.14 -0.12,-3.35 4.33 8.38,97 93 95,26
89,01110011,00000000,-0.3659668 0.11102295 -0.22851562 -0.89520264,0.064444445 0.04 0.025555555,-3.32 3.94 8.21,97 93 95,26
90,01110011,00000000,-0.36590576 0.11010742 -0.2298584 -0.8949585,0.06111111 -0.03 -0.006666667,-3.09 4.14 8.25,97 93 95,26
91,01110011,00000000,-0.36676025 0.10888672 -0.22918701 -0.8949585,-0.017777778 -0.08 0.0022222223,-2.95 3.88 8.21,97 93 95,26
92,01110011,00000000,-0.36566162 0.107299805 -0.22735596 -0.89611816,-0.04888889 -0.06333333 0.06666667,-2.88 3.71 8.38,97 93 95,26
93,01110011,00000000,-0.36462402 0.10595703 0.0022583008 -0.0099487305,-0.14 -0.09222222 0.07777778,-2.88 3.82 8.47,97 93 95,26
94,01110011,00000000,-0.36169434 0.10632324 -0.21795654 -0.9001465,-0.2611111 -0.018888889 0.104444444,-2.95 3.5 8.5,97 93 95,26
95,01110011,00000000,-0.36102295 0.10253906 -0.20904541 -0.9029541,-0.33888888 -0.39555556 0.06333333,-3.17 4.21 8.68,97 93 95,26
96,01110011,00000000,-0.35186768 0.08972168 -0.18878174 -0.9123535,-0.7911111 -0.8322222 0.6666667,-3.05 4.26 8.49,97 93 95,26
97,01110011,00000000,-0.32757568 0.068847656 -0.15460205 -0.92944336,-1.35 -1.2922223 1.3411111,-2.53 3.28 8.47,100 90 95,26
98,01110011,00000000,-0.30358887 0.043762207 -0.11505127 -0.9447632,-1.2911111 -1.4355556 1.1511111,-1.46 2.91 9.34,111 79 95,26
99,01110011,00000000,-0.28948975 0.020141602 -0.08166504 -0.9534302,-1.0966667 -1.3222222 0.58555555,-2.17 3.34 10.01,120 71 95,26
100,01110011,00000000,-0.27288818 -0.024841309 -0.037109375 -0.96099854,-1.3444444 -2.6388888 0.9911111,-1.95 2.97 9.66,122 69 95,26
101,01110011,00000000,-0.22003174 -0.089782715 0.020263672 -0.97106934,-1.6177778 -3.2222223 2.7344444,0.97 1.92 8.47,136 63 94,26
102,01110011,00000000,-0.15209961 -0.14764404 0.08502197 -0.97351074,-1.89 -2.958889 3.001111,4.17 -0.72 7.82,188 122 -14849,26
103,01110011,00000000,-0.109802246 -0.19494629 0.14422607 -0.96380615,-1.87 -2.3833334 1.5177778,5.91 -2.88 7.8,191 35 93,26
104,01110011,00000000,-0.105895996 -0.22949219 0.18554688 -0.9495239,-1.4622222 -1.5711111 -0.093333334,6.29 -3.37 7.47,190 34 93,26
105,01110011,00000000,-0.119018555 -0.24975586 0.20404053 -0.93896484,-0.6577778 -0.69555557 -0.5822222,6.05 -2.81 7.33,180 41 93,26
106,01110011,00000000,-0.13079834 -0.25720215 0.21356201 -0.9332886,-0.55444443 -0.27222222 -0.42444444,5.44 -2.13 7.07,169 49 93,26
107,01110011,00000000,-0.13659668 -0.26416016 0.22503662 -0.9277954,-0.5188889 -0.41777778 -0.09888889,5.5 -2.35 7.14,161 55 93,26
108,01110011,00000000,-0.13232422 -0.2753296 0.24389648 -0.9203491,-0.75222224 -0.71555555 0.32333332,6.4 -3.06 6.76,154 59 93,26
109,01110011,00000000,-0.1328125 -0.2798462 0.25775146 -0.91516113,-0.4888889 -0.17555556 -0.07,6.49 -3.62 6.57,150 61 93,26
110,01110011,00000000,-0.14538574 -0.27923584 0.2541504 -0.0099487305,0.1 0.23222223 -0.6155556,6.26 -3.32 6.58,144 65 93,26
111,01110011,00000000,-0.16186523 -0.27355957 0.23962402 -0.91729736,0.40444446 0.56333333 -0.74222225,6.38 -2.68 6.81,140 68 93,26
112,01110011,00000000,-0.17419434 -0.26306152 0.22155762 -0.9226074,0.58 0.75666666 -0.48,6.7 -2.78 7.25,138 69 93,26
113,01110011,00000000,-0.18719482 -0.24169922 0.19299316 -0.932312,0.9855555 1.4077778 -0.5966667,6.61 -2.86 7.39,136 70 93,26
114,01110011,00000000,-0.22705078 -0.21026611 0.14233398 -0.94018555,1.5344445 2.171111 -2.1088889,5.77 -2.36 7.41,137 69 93,26
115,01110011,00000000,-0.28704834 -0.16815186 0.06713867 -0.94055176,2.1511111 2.9233334 -2.8733332,4.41 -0.43 7.98,162 51 93,26
116,01110011,00000000,-0.3392334 -0.12475586 -0.010314941 -0.932312,2.1222222 2.6333334 -2.5044444,2.28 1.9 8.72,193 27 93,26
117,01110011,00000000,-0.37213135 -0.08581543 -0.059143066 -0.9222412,0.91 2 -1.4866667,0 4.27 9.46,190 28 93,26
118,01110011,00000000,-0.3776245 -0.06549072 -0.0670166 -0.9211426,-0.25555557 0.58666664 -0.02,-0.92 3.76 9.68,191 30 93,26
119,01110011,00000000,-0.36932373 -0.061523438 -0.05206299 -0.9257202,-0.6888889 -0.13444445 0.4811111,0.35 2.38 9.39,181 37 255,26
120,01110011,00000000,-0.36157227 -0.0635376 -0.03692627 -0.9293823,-0.49555555 -0.2888889 0.38,1.41 1.19 9.47,173 41 93,26
121,01110011,00000000,-0.3557129 -0.0625 -0.03173828 -0.9319458,-0.13444445 0.13222222 0.34444445,2.02 0.9 9.35,166 45 93,26
122,01110011,00000000,-0.34985352 -0.052246094 -0.036499023 -0.9345703,0.08444444 0.69222224 0.15888889,1.66 1.31 9.56,159 50 93,26
123,01110011,00000000,-0.34820557 -0.036193848 -0.042175293 -0.93566895,-0.053333335 0.5466667 -0.036666665,0.26 1.48 9.47,152 55 93,26
124,01110011,00000000,-0.35235596 -0.032470703 -0.039611816 -0.93444824,-0.20222223 -0.14444445 -0.2611111,0 1.42 9.4,146 59 93,26
125,01110011,00000000,-0.3590088 -0.033081055 -0.034240723 -0.9320679,-0.19222222 -0.18444444 -0.25111112,0.21 1.57 9.36,141 63 93,26
126,01110011,00000000,-0.3612671 -0.03515625 -0.02722168 -0.93133545,-0.31333333 -0.20222223 0.02111111,0.53 1.91 9.57,136 67 93,26
127,01110011,00000000,-0.36206055 -0.03717041 -0.019958496 -0.93115234,-0.17888889 -0.19444445 -0.11333334,0.79 1.99 9.58,132 70 93,26
128,01110011,00000000,-0.37390137 -0.03387451 -0.006713867 -0.9267578,-0.89111114 -0.011111111 -0.83444446,1.12 1.99 8.34,128 73 93,26
129,01110011,00000000,-0.4017334 -0.012878418 0.017700195 -0.9154053,-1.6333333 0.7177778 -1.44,1.26 1.52 8.57,125 80 93,26
130,01110011,00000000,-0.43518066 0.02331543 0.048950195 -0.8986206,-1.7466667 0.8155556 -1.57,-0.41 -0.84 10.6,129 97 93,26
131,01110011,00000000,-0.46868896 0.029846191 0.0625 -0.88061523,0.2588889 -0.45222223 -1.6244445,-1.14 -1.94 11.31,134 115 93,26
132,01110011,00000000,-0.50128174 -0.0026855469 0.053588867 -0.8635254,1.1111112 -1.0077778 -1.5944444,0.1 0.19 9.9,125 110 93,26
133,01110011,00000000,-0.5331421 -0.01739502 0.05596924 -0.8439331,-1.1622223 -0.21666667 -1.8077778,0.94 -0.01 8.82,112 97 93,26
134,01110011,00000000,-0.5821533 0.0029907227 0.08807373 -0.80822754,-1.4977778 0.40444446 -2.7855556,1.89 -0.58 9.77,108 110 93,26
135,01110011,00000000,-0.6268921 0.032165527 0.09509277 -0.772522,-0.71 1.1211112 -1.8344444,0.63 -1.47 10.17,114 136 93,26
136,01110011,00000000,-0.6431885 0.038330078 0.09210205 -0.75909424,0.27888888 -0.3122222 -0.23111111,-0.75 -1.24 9.96,125 140 93,26
137,01110011,00000000,-0.63378906 0.0071411133 0.09729004 -0.7672119,0.86 -1.55 0.66444445,0.38 -0.16 9.49,122 135 93,26
138,01110011,00000000,-0.61346436 -0.020385742 0.10546875 -0.7822876,0.17555556 -0.73444444 1.1466666,1.8 0.9 8.76,126 135 93,26
139,01110011,00000000,-0.58380127 -0.012390137 0.11480713 -0.80358887,-0.6766667 0.18444444 1.9077778,1 0.17 9.02,128 132 93,26
140,01110011,00000000,-0.5352173 0.0052490234 0.12817383 -0.83483887,-0.56666666 -0.17555556 2.8833334,0.11 -1.04 9.68,122 120 93,26
141,01110011,00000000,-0.4649048 0.004211426 0.13708496 -0.8746338,0.18666667 -0.81777775 3.4966667,1.26 -1.85 9.51,123 107 93,26
142,01110011,00000000,-0.41552734 0.01727295 0.1274414 -0.9003906,0.40888888 1.1244445 1.4933333,1.25 -2.92 10.18,138 110 93,26
143,01110011,00000000,-0.41308594 0.030334473 0.097595215 -0.9049072,1.2322222 0.48333332 -0.28555554,-1.48 -1.58 10.79,123 112 93,26
144,01110011,00000000,-0.4272461 0.0045166016 0.08087158 -0.90045166,0.81 -1.1511111 -0.8755556,-0.28 0.11 9.54,121 108 93,26
145,01110011,00000000,-0.4472046 -0.016113281 0.082214355 -0.8905029,-0.034444444 -0.07 -1.0555556,2.96 -2.56 8.77,112 102 93,26
146,01110011,00000000,-0.47125244 0.0076293945 0.074401855 -0.87872314,-0.22222222 1.7377778 -0.9866667,1.42 -0.68 8.89,110 102 93,26
147,01110011,00000000,-0.49194336 0.036132812 0.058654785 -0.86779785,0.20888889 0.6522222 -0.90555555,-2.78 -1.28 10.59,119 103 93,26
148,01110011,00000000,-0.49572754 0.008850098 0.07598877 -0.86499023,-0.54444444 -2.4355555 0.8433333,-1.44 0.38 9.9,120 101 93,26
149,01110011,00000000,-0.43878174 -0.018188477 0.12750244 -0.8892822,-1.35 -1.7188889 3.218889,1.57 -2.01 9.18,131 97 93,26
150,01110011,00000000,-0.36767578 -0.042236328 0.15435791 -0.9160156,0.3011111 -2.5933332 2.5666666,1.78 -2.47 9.01,163 68 93,26
151,01110011,00000000,-0.3085327 -0.107055664 0.1749878 -0.92871094,0.37 -2.728889 1.7366667,5.43 -2.57 8.79,193 75 93,26
152,01110011,00000000,-0.27886963 -0.15576172 0.1951294 -0.9272461,-0.4377778 -2.38 0.38555557,4.63 -0.75 8.26,190 78 93,26
153,01110011,00000000,-0.2810669 -0.19134521 0.22009277 -0.9182129,-0.5966667 -31.288889 -7.9655557,4.64 -1.34 8.84,186 79 93,26
154,01110011,00000000,-0.2617798 -0.20513916 0.24176025 -0.911499,-0.5833333 -0.21777777 0.06333333,6.25 -2.55 7.41,179 80 93,26
155,01110011,00000000,-0.26971436 -0.19366455 0.24053955 -0.9119873,0.13777778 0.8833333 -0.25111112,4.96 -2.46 7.53,171 81 93,26
156,01110011,00000000,-0.27386475 -0.15179443 0.21520996 -0.92492676,0.8622222 2.9066668 0.32444444,4.95 -2.57 7.56,165 82 93,26
157,01110011,00000000,-0.28631592 -0.06964111 0.15600586 -0.942749,1.7577778 4.69 -0.1,3.1 -1.71 7.85,152 85 93,26
158,01110011,00000000,-0.30395508 0.0057373047 0.09753418 -0.9475708,0.88 2.671111 -0.45,-1.43 0.83 9.88,149 85 92,26
159,01110011,00000000,-0.317688 0.015197754 0.097961426 -0.9429321,-0.6677778 -0.8977778 -0.6333333,-1.51 0.33 10.43,151 83 92,26
160,01110011,00000000,-0.32647705 -0.010498047 0.12231445 -0.9371338,-0.30222222 -0.9822222 -0.5188889,1.98 -1.44 9.48,142 87 92,26
161,01110011,00000000,-0.32989502 -0.014221191 0.11804199 -0.9364624,0.43 0.43222222 0.12444445,2 -1.29 8.8,134 89 92,26
162,01110011,00000000,-0.319458 -0.0010986328 0.09820557 -0.9423828,0.7688889 0.8577778 0.8566667,-152.68 -2.56 -0.01,130 90 92,26
163,01110011,00000000,-0.2915039 0.008544922 0.07556152 -0.9534302,0.73 0.23666666 1.5977777,-0.47 -0.19 9.81,122 95 92,26
164,01110011,00000000,-0.24645996 0.0012207031 0.070373535 -0.96655273,0.037777778 -0.6533333 2.1522222,0.2 -0.11 9.54,117 103 92,26
165,01110011,00000000,-0.19744873 -0.008483887 0.07299805 -0.977478,0.21 -0.39 1.8577778,1.54 -1.15 10.27,124 103 92,26
166,01110011,00000000,-0.16625977 -0.014831543 0.055603027 -0.98431396,1.2077777 -0.19777778 0.80777776,1.14 -0.69 10.1,126 105 92,26
167,01110011,00000000,-0.15759277 -0.017944336 0.028137207 -0.98687744,0.8288889 0.34 0.25555557,1.07 1.14 9.09,124 110 92,26
168,01110011,00000000,-0.15106201 -0.0025024414 0.024230957 -0.9881592,-0.17555556 0.7488889 0.31444445,0.03 0.79 9.25,121 110 92,26
169,01110011,00000000,-0.14447021 0.008483887 0.032104492 -0.9888916,-0.38 0.26222223 0.28,-0.62 -0.43 9.96,117 108 92,26
170,01110011,00000000,-0.140625 -0.00018310547 0.027893066 -0.9899292,0.40555555 -0.4788889 -13.938889,-0.21 -0.53 10.01,114 106 92,26
171,01110011,00000000,-0.13317871 -0.011291504 0.016296387 -0.9908447,0.5288889 -0.31 0.22777778,0.99 0.57 9.4,113 105 92,26
172,01110011,00000000,-0.12194824 -0.0020751953 0.020263672 -0.9923096,-0.50333333 0.4788889 0.6533333,0.69 0.74 9.19,112 105 92,26
173,01110011,00000000,-0.10070801 0.0025024414 0.051208496 -0.9935303,-1.43 -0.20333333 0.8466667,0.46 -1.53 10.08,108 102 92,26
174,01110011,00000000,-0.09033203 -0.010620117 0.06329346 -0.9937744,-0.22666667 -0.5822222 0.34777778,1.83 -1.28 9.51,108 93 92,26
175,01110011,00000000,-0.087402344 -0.00970459 0.060546875 -0.9942627,0.16444445 0.21777777 0.07111111,1.88 -0.29 9.6,108 93 92,26
176,01110011,00000000,-0.09564209 0.00079345703 0.06317139 -0.9934082,-0.28 0.4511111 -0.40222222,0.81 0.45 9.85,107 93 92,26
177,01110011,00000000,-0.109069824 0.006713867 0.0769043 -0.9909668,-0.62777776 0.17222223 -0.58555555,0.38 -0.26 10.12,107 94 92,26
178,01110011,00000000,-0.12414551 0.010925293 0.08294678 -0.98864746,-0.15888889 0.21444444 -0.6377778,0.01 -0.42 9.75,106 96 92,26
179,01110011,00000000,-0.13995361 0.010559082 0.07727051 -0.98706055,0.24 -0.046666667 -0.67,-0.15 -0.11 -0.01,106 97 92,26
180,01110011,00000000,-0.1560669 0.0057373047 0.06689453 -0.9854126,0.27333334 -0.28 -0.69222224,0.41 0.13 9.57,105 96 92,26
181,01110011,00000000,-0.17236328 0.003479004 0.061401367 -0.9830322,0.24 0.096666664 -0.69666666,0.9 -0.06 9.45,103 95 92,26
182,01110011,00000000,-0.18896484 0.015808105 0.050231934 -0.9805298,0.40444446 0.7488889 -0.66444445,0.39 -0.08 9.8,103 94 92,26
183,01110011,00000000,-0.20532227 0.024536133 0.03753662 -0.9776001,0.4611111 0.37444445 -0.6722222,-0.59 0.06 10,105 92 92,26
184,01110011,00000000,-0.22137451 0.016357422 0.029846191 -0.97454834,0.38111112 -0.38222224 -0.6933333,-0.26 0.19 9.51,106 90 92,26
185,01110011,00000000,-0.23370361 0.0075683594 0.025878906 -0.9719238,0.29666665 -0.23333333 -0.6577778,0.81 0.09 9.36,103 89 92,26
186,01110011,00000000,-0.24798584 0.01373291 0.017211914 -0.9684448,0.29 0.76555556 -0.57222223,0.97 0.07 9.81,101 88 92,26
187,01110011,00000000,-0.265625 0.040405273 0.0044555664 -0.9638672,0.15666667 1.0411111 -0.51666665,-0.45 0.23 9.51,103 88 92,26
188,01110011,00000000,-0.27496338 0.047058105 0.003479004 -0.9602661,-0.06111111 0.054444443 -0.52555555,-1.02 0.34 9.18,106 88 92,26
189,01110011,00000000,-0.28686523 0.031188965 0.012634277 -0.9573364,-0.16666667 -0.89666665 -0.53333336,-0.28 0.14 10.05,105 89 92,26
190,01110011,00000000,-0.29711914 0.017089844 0.024597168 -0.95428467,-0.35222223 -0.5888889 -0.45222223,0.67 0.41 9.62,101 90 92,26
191,01110011,00000000,-0.30560303 0.015808105 0.039123535 -0.9511719,-0.5977778 -0.16222222 -0.37666667,0.24 0.07 9.63,99 92 92,26
192,01110011,00000000,-0.3126831 0.019226074 0.051879883 -0.9481201,-0.53333336 0.035555556 -0.31111112,0.35 0.1 10.42,98 94 92,26
193,01110011,00000000,-0.31835938 0.03289795 0.06719971 -0.9449463,-0.8933333 0.45333335 -0.23555556,0.7 0.35 8.34,98 95 92,26
194,01110011,00000000,-0.3223877 0.05432129 0.07897949 -0.9417114,-0.8688889 1.0255556 -0.18,0.25 -0.46 9.47,98 96 92,26
195,01110011,00000000,-0.32757568 0.07446289 0.08087158 -0.93829346,0.07 0.43666667 -0.20333333,-1.06 -0.83 10.86,99 97 92,26
196,01110011,00000000,-0.3330078 0.0579834 0.07324219 -0.9382324,0.68333334 -0.94777775 -0.26222223,-0.49 -0.01 326.6,32 97 92,26
197,01110011,00000000,-0.33740234 0.0413208 0.066589355 -0.9380493,0.36777776 0.045555554 -0.16,1.81 0.26 10.91,97 96 92,26
198,01110011,00000000,-0.34124756 0.057556152 0.051208496 -0.9367676,0.47 1.1266667 -0.07444444,0.41 -0.19 8.55,97 96 92,26
199,01110011,00000000,-0.3451538 0.06274414 0.027770996 -0.9359741,1.1455555 -0.057777777 -0.11444444,-1.52 -0.5 8.2,97 96 92,26
200,01110011,00000000,-0.35021973 0.024047852 0.0061035156 -0.9362793,1.5411111 -1.9277778 -0.20777778,-1.48 -0.02 8.77,97 95 92,26
201,01110011,00000000,-0.35443115 -0.036315918 -0.0048828125 -0.9343262,1.0577778 -2.0055556 -0.15444444,0.97 0.8 9.27,94 93 93,26
202,01110011,00000000,-0.3546753 -0.05517578 -0.010559082 -0.93322754,0.20222223 0.40666667 0.05111111,2.71 0.66 9.82,92 92 94,26
203,01110011,00000000,-0.35095215 -0.021850586 -0.022521973 -0.935791,-0.112222224 1.85 0.17777778,0.33 0.27 8.82,92 92 94,26
204,01110011,00000000,-0.34649658 0.005432129 0.005432129 -0.009887695,-0.2988889 0.56333333 0.1388889,-1.82 0.35 8.75,90 92 94,26
205,01110011,00000000,-0.34527588 -0.008300781 -0.010803223 -0.9383545,-0.5377778 -1.7477778 0.033333335,-1.81 0.31 9.89,90 92 94,26
206,01110011,00000000,-0.34436035 -0.04071045 0.016235352 -0.93774414,-0.61777776 -1.0755556 0.10222222,2.29 0.04 10.57,91 92 94,26
207,01110011,00000000,-0.34069824 -0.022277832 0.02508545 -0.93951416,-0.6122222 1.6211112 0.2611111,2.12 0.07 10.16,92 92 94,26
208,01110011,00000000,-0.3352661 0.024291992 0.025939941 -0.94140625,-0.75333333 1.4477777 0.2777778,-1.31 0.25 9.93,90 91 94,26
209,01110011,00000000,-0.33007812 0.031677246 0.04486084 -0.9423218,-0.9222222 -0.93222225 0.14555556,-1.82 0.24 9.29,88 90 94,26
210,01110011,00000000,-0.32476807 0.0064697266 0.07745361 -0.9425659,-0.96555555 -1.4 0.12888889,0.87 0.11 8.94,90 90 94,26
211,01110011,00000000,-0.31988525 0.006164551 0.10107422 -0.94195557,-0.8833333 0.51111114 0.22777778,2.22 -0.12 9.2,92 90 94,26
212,01110011,00000000,-0.31707764 0.045166016 0.10491943 -0.94140625,-0.51 1.8155556 0.28666666,0.07 -0.34 9.68,92 89 94,26
213,01110011,00000000,-0.31433105 0.07269287 0.099365234 -0.94122314,0.13666667 0.37666667 0.19111112,-2.19 -0.63 10.3,243 495 -15617,26
214,01110011,00000000,-0.31011963 0.03857422 0.09710693 -0.94488525,0.71 -2.4088888 0.018888889,-2.07 -0.13 11.61,89 90 94,26
215,01110011,00000000,-0.3036499 -0.021972656 0.10424805 -0.9467163,0.27555555 -2.0511112 0.06555556,2.38 0.52 10,90 91 94,26
216,01110011,00000000,-0.29962158 -0.020935059 0.10266113 -0.9482422,0.031111112 1.6644444 0.26444444,3.95 -0.17 9.23,91 92 94,26
217,01110011,00000000,-0.29888916 0.05041504 0.070617676 -0.95025635,0.7111111 3.6755555 0.36555555,0.02 -0.65 8.75,89 92 94,26
218,01110011,00000000,-0.29742432 0.09460449 0.02746582 -0.94958496,1.4022223 0.8511111 0.20666666,-4.33 -0.09 9.97,81 94 94,26
219,01110011,00000000,-0.29858398 0.04296875 0.011962891 -0.9533081,0.99222225 -3.3577778 -0.06666667,-2.19 1.05 9.37,81 96 94,26
220,01110011,00000000,-0.29821777 -0.035827637 0.026000977 -0.9534302,0.10333333 -2.5811112 0.02111111,3.04 0.68 8.88,81 95 95,26
221,01110011,00000000,-0.29473877 -0.039733887 0.0057373047 -0.00982666,-0.14222223 1.3644445 0.23666666,3.33 -0.27 7.69,83 95 95,26
222,01110011,00000000,-0.28918457 0.020690918 0.005126953 -0.9569702,0.6533333 3.1 0.32333332,-0.43 -0.7 8.81,82 95 95,26
223,01110011,00000000,-0.28381348 0.056884766 -0.030578613 -0.95666504,1.0511111 0.66333336 0.19444445,-3.28 0.45 9.57,77 96 95,26
224,01110011,00000000,-0.28356934 0.023742676 -0.03326416 -0.9580078,-0.03888889 -2.3611112 0.035555556,-1.88 1.61 9.32,78 97 95,26
225,01110011,00000000,-0.28320312 -0.025024414 0.0020141602 -0.9586792,-1.24 -1.8155556 0.12222222,2.68 0.45 9.67,80 97 95,26
226,01110011,00000000,-0.27874756 -0.013671875 0.027038574 -0.95977783,-0.8388889 1.5244445 0.3,2.96 -1.06 9.61,83 96 95,26
227,01110011,00000000,-0.27209473 0.044006348 0.012756348 -0.9611206,0.34444445 2.568889 0.3588889,-0.72 -0.7 10.36,81 94 95,26
228,01110011,00000000,-0.26593018 0.07043457 -0.005432129 -0.96136475,0.21777777 0.1711111 0.25777778,-2.59 1.15 9.72,77 95 95,26
229,01110011,00000000,-0.260437 0.045715332 0.014526367 -0.9642334,-1.07 -1.8233334 0.18888889,-0.35 1.16 9.35,79 95 95,26
230,01110011,00000000,-0.25274658 0.0234375 0.056274414 -0.9655762,-1.5222223 -0.7211111 0.28777778,2.04 -0.25 8.97,83 105 -15873,26
231,01110011,00000000,-0.24517822 0.042114258 0.075683594 -0.96551514,-0.50333333 1.2488889 0.37333333,1.11 -1.1 9.7,86 91 95,26
232,01110011,00000000,-0.2390747 0.07696533 0.06555176 -0.9656372,0.22888888 1.3477777 0.37333333,-0.92 0.18 9.62,84 90 95,26
233,01110011,00000000,-0.2321167 0.08496094 0.0647583 -0.9667969,-0.3888889 -0.50666666 0.27,-1.79 0.92 9.65,82 91 95,26
234,01110011,00000000,-0.2232666 0.05859375 0.086242676 -0.9691162,-0.68333334 -1.5111111 0.22777778,0.79 -0.19 9.31,84 91 95,26
235,01110011,00000000,-0.21551514 0.05078125 0.09625244 -0.97039795,-0.18333334 0.083333336 0.29777777,2.04 -0.43 7.85,87 90 95,26
236,01110011,00000000,-0.21032715 0.07702637 0.08441162 -0.97088623,0.34777778 1.3288889 0.36,-0.37 -0.58 11.76,88 90 95,26
237,01110011,00000000,-0.20507812 0.0670166 0.068481445 -0.973999,0.79888886 -0.8488889 0.22666667,-2.91 0 11.3,86 91 95,26
238,01110011,00000000,-0.19824219 -0.004333496 0.064941406 -0.00982666,0.71444446 -3.3466666 0.10888889,-0.38 0.16 10.22,88 93 95,26
239,01110011,00000000,-0.18914795 -0.06628418 0.060668945 -0.9777832,0.6944444 -2.1577778 0.23333333,2.43 0.05 9.26,91 94 95,26
240,01110011,00000000,-0.17877197 -0.07183838 0.04107666 -0.9803467,0.9766667 0.42444444 0.40222222,1.81 -0.55 8.79,95 95 95,26
241,01110011,00000000,-0.16625977 -0.050476074 0.0033569336 -0.9847412,1.5466666 1.1844444 0.48222223,-0.57 -0.16 8.91,94 98 95,26
242,01110011,00000000,-0.15350342 -0.048583984 -0.03289795 -0.9863281,1.46 0.09777778 0.46444446,-0.67 0.69 7.27,90 103 95,26
243,01110011,00000000,-0.14129639 -0.057495117 -0.047851562 -0.98706055,0.46888888 -0.26222223 0.51,0.82 1.24 7.45,90 107 95,26
244,01110011,00000000,-0.12701416 -0.04498291 -0.041137695 -0.98999023,-0.48555556 0.7633333 0.62666667,1.27 0.51 8.04,91 107 95,26
245,01110011,00000000,-0.10974121 -0.007873535 -0.032287598 -0.99334717,-0.5 1.68 0.70666665,0.21 -0.25 9.08,88 104 95,26
246,01110011,00000000,-0.092041016 0.021484375 -0.028747559 -0.99505615,-0.25444445 1.0355556 0.70444447,-1.09 0.35 10.01,81 101 95,26
247,01110011,00000000,-0.07525635 0.02557373 -0.015197754 -0.99664307,-0.7311111 -0.057777777 0.68333334,-0.22 0.78 10.54,78 99 255,26
248,01110011,00000000,-0.057434082 0.028503418 0.01159668 -0.99780273,-1.2255555 0.16444445 0.74,0.68 0.05 9.34,80 95 95,26
249,01110011,00000000,-0.03869629 0.03930664 0.03161621 -0.9979248,-0.74777776 0.4 0.77111113,-0.33 -0.79 10.96,81 89 95,26
250,01110011,00000000,-0.020446777 0.036499023 0.033203125 -0.99853516,0.035555556 -0.31666666 0.75555557,-0.07 -0.1 12.21,80 86 95,26
251,01110011,00000000,-0.0010375977 0.037841797 0.03643799 -0.99853516,-0.27888888 0.23444444 0.84,1.44 0.71 12.07,83 87 95,26
252,01110011,00000000,0.020874023 0.07055664 0.05596924 -0.9956665,-0.9611111 1.5822222 0.96555555,0.76 0.31 11.08,83 86 95,26
253,01110011,00000000,0.04296875 0.101745605 0.07159424 -0.99121094,-0.5933333 1.0888889 0.9488889,-0.97 -0.45 9.91,74 81 95,26
254,01110011,00000000,0.06384277 0.10296631 0.07019043 -0.9901123,0.08555555 -0.27333334 0.8666667,-0.72 -0.27 8.76,70 79 95,26
255,01110011,00000000,0.080200195 0.09295654 0.064086914 -0.9902954,0.18888889 -0.60888886 0.8488889,0.26 0.1 9.45,74 81 95,26
0,01110011,00000000,0.10479736 0.08508301 0.05682373 -0.9891968,0.15 -0.22222222 0.8666667,0.45 -0.04 9.99,79 83 95,26
1,01110011,00000000,0.12475586 0.080444336 0.047607422 -0.98773193,0.3188889 -0.33666667 0.85444444,-0.42 -0.06 10.05,82 85 95,26
2,01110011,00000000,0.14428711 0.062561035 0.034423828 -0.98687744,0.39555556 -0.9811111 0.8155556,-0.45 0.03 9.35,85 88 95,26
3,01110011,00000000,0.16357422 0.0345459 0.020812988 -0.98565674,0.32222223 -1.3122222 0.80222225,0.04 0.14 9.93,91 91 95,26
4,01110011,00000000,0.1829834 0.0107421875 0.01184082 -0.98291016,0.15 -0.9622222 0.82666665,0.63 0.06 10.23,98 93 95,26
5,01110011,00000000,0.20251465 -0.0012207031 0.005554199 -0.979187,0.14777778 -0.47777778 0.83555555,0.33 0.09 10.08,103 94 95,26
6,01110011,00000000,0.22180176 -0.013366699 0.0025634766 -0.9749756,-0.018888889 -0.5733333 0.8233333,-0.16 0.25 9.66,105 95 95,26
7,01110011,00000000,0.2366333 -0.02532959 0.0025024414 -0.97125244,-0.19888888 -0.7133333 0.8,0.31 0.1 9.59,107 95 95,26
8,01110011,00000000,0.25494385 -0.036010742 0.004760742 -0.9661865,-0.14777778 -0.12 0.80777776,0.99 -0.04 9.65,109 94 95,26
9,01110011,00000000,0.27355957 -0.025939941 0.0095825195 -0.9614258,-0.025555555 0.76 0.8233333,0.72 0 9.42,108 93 95,26
10,01110011,00000000,0.29187012 -0.0045776367 0.016906738 -0.9562378,-0.05666667 0.93333334 0.80444443,-0.12 0.16 9.68,103 93 95,26
11,01110011,00000000,0.30895996 0.011352539 0.023803711 -0.95062256,-0.08444444 0.56 0.74,-0.14 0.02 9.96,97 93 95,26
12,01110011,00000000,0.32458496 0.024108887 0.027160645 -0.9451294,0.054444443 0.5777778 0.6888889,0.43 -0.07 9.7,94 93 95,26
13,01110011,00000000,0.33892822 0.044677734 0.030273438 -0.939209,0.18666667 1.0422223 0.66444445,0.45 0.02 9.51,92 93 95,26
14,01110011,00000000,0.35205078 0.07183838 0.0335083 -0.9324951,0.20111111 1.1022222 0.62333333,-0.24 0.1 9.4,88 94 95,26
15,01110011,00000000,0.36376953 0.089904785 0.034362793 -0.92645264,0.17444444 0.39444444 0.5311111,-0.64 0.09 9.93,84 95 95,26
16,01110011,00000000,0.3737793 0.09075928 0.0289917 -0.9225464,0.16222222 -0.26444444 0.43444446,-0.08 0.21 10.2,84 96 95,26
17,01110011,00000000,0.38269043 0.08514404 0.025390625 -0.9194946,-0.107777774 -0.18666667 0.38777778,0.42 0.33 9.61,86 96 95,26
18,01110011,00000000,0.3912964 0.08239746 0.030273438 -0.9160156,-0.33777776 0.025555555 0.35,0.04 0.15 9.48,87 96 95,26
19,01110011,00000000,0.3984375 0.074401855 0.033569336 -0.9135132,-0.20222223 -0.53555554 0.25111112,-0.53 -0.07 9.69,88 95 95,26
20,01110011,00000000,0.40338135 0.05493164 0.02508545 -0.91296387,0.083333336 -1.0488889 0.16777778,-0.12 -0.14 9.58,90 95 95,26
21,01110011,00000000,0.40667725 0.033996582 0.012878418 -0.91278076,0.057777777 -0.89555556 0.12444445,0.47 0.19 9.57,92 95 95,26
22,01110011,00000000,0.40942383 0.020202637 0.008117676 -0.91204834,-0.16333333 -0.42444444 0.11,0.52 0.22 9.83,93 95 95,26
23,01110011,00000000,0.41137695 0.011230469 0.0079956055 -0.9112549,-0.12777779 -0.36777776 0.06666667,0 -0.05 9.9,93 95 95,26
24,01110011,00000000,0.41204834 0.0016479492 0.003112793 -0.9110718,0.08555555 -0.56333333 0.0044444446,0 -0.08 9.61,93 95 95,26
25,01110011,00000000,0.40631104 -0.0076904297 -0.0040283203 -0.91119385,0.08 11.377778 -23.608889,0.51 0.18 9.4,93 95 95,26
26,01110011,00000000,0.41107178 -0.008178711 -0.003479004 -0.911499,-0.09222222 0.24111111 -0.031111112,0.69 0.15 9.58,93 95 95,26
27,01110011,00000000,0.4100952 0.0024414062 0.0028686523 -0.9119873,-0.044444446 0.61333334 -0.055555556,0.26 -0.06 9.91,93 95 95,26
28,01110011,00000000,0.40808105 0.014770508 0.007446289 -0.9127197,0.075555556 0.48222223 -0.112222224,-0.04 0 9.74,93 95 95,26
29,01110011,00000000,0.40472412 0.025878906 0.008972168 -0.9139404,0.04 0.42 -0.16555555,0.22 0.14 9.63,94 95 95,26
30,01110011,00000000,0.4005127 0.036865234 0.012878418 -0.9154053,-0.104444444 0.60333335 -0.19666667,0.34 0.15 9.7,95 95 95,26
31,01110011,00000000,0.3955078 0.050048828 0.019897461 -0.9168091,-0.075555556 0.7111111 -0.24111111,0.12 -0.05 9.69,96 95 95,26
32,01110011,00000000,0.3890381 0.06298828 0.024047852 -0.9187012,0.16888888 0.43 -0.30666667,-0.29 -0.08 9.65,97 95 95,26
33,01110011,00000000,0.38098145 0.06756592 0.020202637 -0.921875,0.13666667 0.078888886 -0.37444445,-0.01 0.21 9.58,98 95 95,26
34,01110011,00000000,0.3723755 0.06945801 0.022766113 -0.9251709,-0.18 0.17666666 -0.40111113,-25.27 -0.03 -0.01,98 95 95,26
35,01110011,00000000,0.36346436 0.07086182 0.030700684 -0.9283447,-0.2888889 0.21555555 -0.43222222,-0.04 -0.04 9.83,98 95 95,26
36,01110011,00000000,0.35327148 0.06903076 0.033813477 -0.932312,0.043333333 -0.23111111 -0.50222224,-0.41 -0.26 9.81,98 96 95,26
37,01110011,00000000,0.34136963 0.05871582 0.025024414 -0.93774414,0.25444445 -0.6533333 -0.55222225,-0.06 0.07 9.69,97 96 95,26
38,01110011,00000000,0.32891846 0.04626465 0.016540527 -0.9430542,0.14444445 -0.5088889 -0.5566667,0.42 0.18 9.63,95 95 95,26
39,01110011,00000000,0.31640625 0.04083252 0.011108398 -0.94763184,0.2 -0.1388889 -0.55,0.32 -0.05 9.93,93 94 95,26
40,01110011,00000000,0.30352783 0.039733887 0.0036621094 -0.95196533,0.37111112 -0.22333333 -0.5688889,-0.2 -0.04 9.95,93 93 95,26
41,01110011,00000000,0.289917 0.032592773 -0.0071411133 -0.9564209,0.32666665 -0.57666665 -0.5911111,-0.12 0.16 9.64,92 92 95,26
42,01110011,00000000,0.26568604 0.021240234 -0.015625 -0.96069336,0.13333334 -0.50333333 -30.721111,0.44 0.28 9.52,90 91 95,26
43,01110011,00000000,0.26330566 0.01586914 -0.017089844 -0.96435547,-0.06 -0.072222225 -0.54444444,0.47 0.13 9.76,89 91 95,26
44,01110011,00000000,0.2510376 0.018066406 -0.015319824 -0.96759033,0.008888889 0.12111111 -0.5322222,0.12 0.02 9.53,89 92 95,26
45,01110011,00000000,0.23901367 0.020141602 -0.013671875 -0.9706421,-0.11333334 0.06333333 -0.5188889,0.05 0.27 9.49,90 92 95,26
46,01110011,00000000,0.22729492 0.020507812 -0.0075683594 -0.9735718,-0.28111112 0.07 -0.50333333,0.25 0.09 9.86,91 93 95,26
47,01110011,00000000,0.21612549 0.024414062 -0.00024414062 -0.9760132,-0.23444444 0.35777777 -0.47777778,0.47 0.05 9.58,92 94 95,26
48,01110011,00000000,0.20562744 0.035339355 0.009216309 -0.9779053,-0.3511111 0.60888886 -0.45,0.09 0.22 9.46,93 95 95,26
49,01110011,00000000,0.19543457 0.04449463 0.02178955 -0.97943115,-0.46555555 0.32444444 -0.45222223,-0.41 0.22 10.15,95 96 95,26
50,01110011,00000000,0.18518066 0.04071045 0.03515625 -0.98114014,-0.6 -0.25 -0.47444445,-0.23 0.09 10.38,96 97 95,26
51,01110011,00000000,0.17486572 0.032287598 0.04711914 -0.98291016,-0.4788889 -0.10666667 -0.46,0.69 -0.08 -0.01,95 99 95,26
52,01110011,00000000,0.16442871 0.037231445 0.055908203 -0.9840088,-0.16555555 0.54 -0.4311111,0.59 -0.35 8.84,95 100 95,26
53,01110011,00000000,0.15325928 0.05218506 0.055358887 -0.9852295,0.2588889 0.6477778 -0.43666667,-0.34 -0.31 9.7,96 100 95,26
54,01110011,00000000,0.14154053 0.05670166 0.04486084 -0.9871826,0.5411111 -0.018888889 -0.46888888,-0.46 0.18 9.89,98 99 95,26
55,01110011,00000000,0.13018799 0.04852295 0.03491211 -0.989624,0.32777777 -0.43333334 -0.4722222,0.29 0.4 9.86,98 97 95,26
56,01110011,00000000,0.11975098 0.044189453 0.030517578 -0.991333,0.18 -0.10333333 -0.43222222,0.56 -0.1 9.91,96 96 95,26
57,01110011,00000000,0.10961914 0.049682617 0.02166748 -0.99243164,0.49 0.25444445 -0.39555556,0.02 -0.16 9.5,96 95 95,26
58,01110011,00000000,0.09967041 0.053833008 0.006713867 -0.99346924,0.68666667 0.043333333 -0.38444445,-0.42 0.1 9.63,97 94 95,26
59,01110011,00000000,0.078308105 0.04663086 -0.0076904297 -0.994812,0.56 -0.46222222 -0.37,-0.08 0.37 9.84,97 92 95,26
60,01110011,00000000,0.081970215 0.035888672 -0.014160156 -0.9958496,0.12444445 -0.41 -0.30444443,0.49 0.35 9.73,96 91 95,26
61,01110011,00000000,0.07611084 0.034851074 -0.014404297 -0.9963379,0.017777778 0.04888889 -0.22888888,0.36 0.11 9.66,95 91 95,26
62,01110011,00000000,0.071777344 0.037353516 -0.014099121 -0.99658203,0.01 0.086666666 -0.17444444,-0.07 0.17 9.5,95 91 95,26
63,01110011,00000000,0.068359375 0.03466797 -0.012268066 -0.99694824,-0.09 -0.17 -0.13444445,-0.02 0.19 9.31,95 91 95,26
64,01110011,00000000,0.06628418 0.03125 -0.008361816 -0.9972534,-0.16666667 -0.10222222 -0.078888886,0.44 0.15 9.54,95 91 95,26
65,01110011,00000000,0.066101074 0.036315918 -0.0015258789 -0.99713135,-0.31111112 0.32444444 -0.0011111111,0.45 0.25 9.83,95 91 95,26
66,01110011,00000000,0.06768799 0.046447754 0.009399414 -0.996521,-0.45333335 0.45777777 0.057777777,-0.04 0.14 9.97,95 91 95,26
67,01110011,00000000,0.07006836 0.05053711 0.020324707 -0.9960327,-0.44777778 0.11666667 0.08555555,-0.27 0.09 9.76,95 91 95,26
68,01110011,00000000,0.07324219 0.04663086 0.029418945 -0.99572754,-0.43555555 -0.18555556 0.112222224,0 0.11 78.83,68 88 95,26
69,01110011,00000000,0.07720947 0.04437256 0.03955078 -0.9951782,-0.43888888 -0.012222222 0.15777777,0.42 0.12 9.6,95 91 95,26
70,01110011,00000000,0.081970215 0.048828125 0.045959473 -0.99432373,-0.28 0.3122222 0.20444444,0.34 -0.15 9.72,95 91 95,26
71,01110011,00000000,0.08685303 0.055480957 0.04675293 -0.9935303,0.04222222 0.23888889 0.22222222,-0.14 -0.13 9.67,95 91 95,26
72,01110011,00000000,0.092041016 0.05456543 0.04168701 -0.99328613,0.08777778 -0.13111112 0.22666667,-0.24 0.1 9.53,95 91 95,26
73,01110011,00000000,0.09777832 0.047058105 0.035949707 -0.9934082,0.10888889 -0.34888887 0.23444444,0.02 0.01 9.68,95 92 95,26
74,01110011,00000000,0.103759766 0.04071045 0.0289917 -0.99328613,0.27333334 -0.2688889 0.25777778,0.26 -0.04 9.95,96 92 95,26
75,01110011,00000000,0.11022949 0.037231445 0.020996094 -0.9929199,0.25777778 -0.15 0.28555554,0.16 0.09 9.79,96 93 95,26
76,01110011,00000000,0.117126465 0.0056762695 0.00579834 -0.00982666,0.25444445 -0.25111112 0.3011111,-0.02 0.03 9.64,96 94 95,26
77,01110011,00000000,0.122802734 0.02758789 0.006713867 -0.99194336,0.36777776 -0.36888888 0.3122222,0.14 -0.04 9.55,96 95 95,26
78,01110011,00000000,0.13201904 0.021850586 -0.0048217773 -0.9909668,0.35777777 -0.18333334 0.34666666,0.41 0.14 9.73,97 96 95,26
79,01110011,00000000,0.14086914 0.024475098 -0.010803223 -0.989563,0.24555555 0.14 0.38777778,0.37 0.15 9.78,97 97 95,26
80,01110011,00000000,0.15045166 0.030761719 -0.013305664 -0.9879761,0.12555556 0.23888889 0.41555557,0.07 0.19 9.75,96 97 95,26
81,01110011,00000000,0.15844727 0.034484863 -0.013305664 -0.9866333,0.013333334 0.14666666 0.42555556,0.01 0.14 9.61,95 97 95,26
82,01110011,00000000,0.17077637 0.038024902 -0.011657715 -0.98443604,-0.04111111 0.13777778 0.43555555,0.2 0.12 9.46,95 97 95,26
83,01110011,00000000,0.17919922 0.041748047 -0.009521484 -0.9827881,-0.115555555 0.2588889 0.45,0.18 0.2 9.59,95 97 95,26
84,01110011,00000000,0.19012451 0.04699707 -0.0041503906 -0.9805298,-0.24333334 0.25444445 0.45666668,0.03 0.17 9.66,94 96 95,26
85,01110011,00000000,0.2008667 0.0501709 0.0020751953 -0.9782715,-0.22333333 0.16111112 0.44333333,0.09 0.01 9.68,183 111 -15617,26
86,01110011,00000000,0.21130371 0.052856445 0.0064086914 -0.9758911,-0.17333333 0.20333333 0.4377778,0.16 0.16 9.68,93 94 95,26
87,01110011,00000000,0.22167969 0.055908203 0.011962891 -0.9733887,-0.30555555 0.19333333 0.4288889,0.02 0.18 9.72,93 94 95,26
88,01110011,00000000,0.23162842 0.05609131 0.018249512 -0.97094727,-0.2611111 -0.0033333334 0.40555555,-0.09 -0.02 9.84,93 93 95,26
89,01110011,00000000,0.24078369 0.05230713 0.020385742 -0.9688721,-0.11333334 -0.15 0.37333333,0.06 -0.02 9.57,93 93 95,26
90,01110011,00000000,0.24932861 0.047790527 0.01965332 -0.96698,-0.096666664 -0.1388889 0.35666665,0.14 0.11 9.67,94 93 95,26
91,01110011,00000000,0.25732422 0.043823242 0.019104004 -0.9650879,-0.027777778 -0.16666667 0.32777777,0.04 -0.04 9.71,94 93 95,26
92,01110011,00000000,0.26446533 0.0390625 0.01550293 -0.96343994,0.086666666 -0.27888888 0.3,-0.01 0.06 9.72,94 93 95,26
93,01110011,00000000,0.270813 0.031921387 0.00579834 -0.00982666,0.04 -0.37666667 0.27,0.11 0.01 9.6,95 93 95,26
94,01110011,00000000,0.27667236 0.025268555 0.0057373047 -0.96051025,0.21555555 -0.28666666 0.24333334,0.29 -0.11 9.63,96 93 95,26
95,01110011,00000000,0.28179932 0.023742676 -0.002380371 -0.95910645,0.30888888 -0.08 0.22777778,0.28 0.13 9.68,96 94 95,26
96,01110011,00000000,0.28668213 0.025268555 -0.0075683594 -0.95758057,0.11444444 -0.04 0.21333334,0.03 0.22 9.93,96 95 95,26
97,01110011,00000000,0.2911377 0.024536133 -0.0095825195 -0.9562378,0.08777778 -0.12 0.18555556,0.11 -0.02 9.62,96 95 95,26
98,01110011,00000000,0.29492188 0.024230957 -0.013916016 -0.9550781,0.2 0.007777778 0.16555555,0.3 0.08 9.4,96 95 95,26
99,01110011,00000000,0.29852295 0.028137207 -0.015686035 -0.9537964,0.036666665 0.20444444 0.15333334,0.24 0.22 9.67,96 95 95,26
100,01110011,00000000,0.30181885 0.033813477 -0.0134887695 -0.9526367,0.02 0.23888889 0.12888889,0.07 -0.04 9.81,96 95 95,26
101,01110011,00000000,0.30413818 0.039245605 -0.013916016 -0.95166016,0.14666666 0.17333333 0.09111111,0.07 0.01 9.39,96 95 95,26
102,01110011,00000000,0.30566406 0.044311523 -0.015319824 -0.95092773,0.04777778 0.22888888 0.06,0.24 0.29 9.62,96 236 -15617,26
103,01110011,00000000,0.3071289 0.049865723 -0.010253906 -0.95025635,-0.26222223 0.31111112 0.044444446,0.1 0.34 10.02,96 95 95,26
104,01110011,00000000,0.30810547 0.052246094 -0.00048828125 -0.94989014,-0.36444443 0.1388889 0.007777778,-0.09 0.03 10.05,96 95 95,26
105,01110011,00000000,0.30810547 0.051086426 0.0063476562 -0.94989014,-0.24333334 0.006666667 -0.031111112,0.06 0.01 9.37,96 95 95,26
106,01110011,00000000,0.30725098 0.049560547 0.011230469 -0.9501953,-0.19777778 0.006666667 -0.05888889,0.13 0.08 9.38,96 95 95,26
107,01110011,00000000,0.30566406 0.048095703 0.014282227 -0.9507446,-0.09222222 -0.03888889 -0.08888889,0.04 -0.02 9.79,96 95 95,26
108,01110011,00000000,0.3032837 0.044921875 0.014160156 -0.95166016,-0.05111111 -0.19222222 -0.12555556,-0.03 0.14 9.92,96 95 95,26
109,01110011,00000000,0.3001709 0.038391113 0.013671875 -0.9529419,-0.12111111 -0.29444444 -0.15,0.07 0.1 9.72,96 95 95,26
110,01110011,00000000,0.29656982 0.031799316 0.012634277 -0.00982666,-0.0022222223 -0.24111111 -0.17,0.19 -0.04 9.66,96 95 95,26
111,01110011,00000000,0.29241943 0.028564453 0.009094238 -0.95581055,0.14888889 -0.12777779 -0.18444444,0.21 -0.01 9.5,96 95 95,26
112,01110011,00000000,0.28790283 0.027832031 0.004638672 -0.95721436,0.14333333 -0.08444444 -0.19888888,0.11 0.09 9.66,96 95 95,26
113,01110011,00000000,0.28295898 0.027282715 -6.1035156E-05 -0.9586792,0.23555556 -0.10333333 -0.21666667,0.11 -0.05 9.65,96 95 95,26
114,01110011,00000000,0.27764893 0.027648926 -0.0063476562 -0.9602051,0.23333333 -0.03888889 -0.22333333,0.2 0.16 9.64,96 95 95,26
115,01110011,00000000,0.27252197 0.029663086 -0.009338379 -0.9616089,0.10888889 0.09 -0.22333333,0.22 0.1 9.64,96 95 95,26
116,01110011,00000000,0.2672119 0.034057617 -0.011413574 -0.9628906,0.18 0.15444444 -0.22555555,0.13 0.02 9.71,96 95 95,26
117,01110011,00000000,0.26184082 0.038635254 -0.01361084 -0.96417236,0.09222222 0.14555556 -0.23222223,0.13 0.21 9.67,96 95 95,26
118,01110011,00000000,0.2565918 0.042297363 -0.012390137 -0.9654541,-0.02111111 0.16 -0.22888888,0.14 0.09 9.73,96 95 95,26
119,01110011,00000000,0.2514038 0.046203613 -0.010681152 -0.9666748,0.007777778 0.18666667 -0.22888888,0.13 0.12 9.63,96 95 255,26
120,01110011,00000000,0.24633789 0.050109863 -0.00793457 -0.96777344,-0.10666667 0.18 -0.22333333,0.08 0.2 9.69,96 95 95,26
121,01110011,00000000,0.24139404 0.05230713 -0.003479004 -0.9689331,-0.14 0.115555555 -0.22222222,0.06 0.04 9.68,96 95 95,26
122,01110011,00000000,0.23651123 0.052978516 0.0004272461 -0.9701538,-0.15777777 0.057777777 -0.21777777,0.07 0.16 9.66,96 95 95,26
123,01110011,00000000,0.23168945 0.052001953 0.0051879883 -0.9713135,-0.19111112 -0.006666667 -0.21444444,0.05 0.04 9.66,96 95 95,26
124,01110011,00000000,0.22698975 0.049865723 0.008056641 -0.9725342,-0.086666666 -0.072222225 -0.21,0.06 0.03 9.74,96 95 95,26
125,01110011,00000000,0.222229 0.04748535 0.008605957 -0.9737549,0 -0.04222222 -0.20111111,0.26 0 9.53,96 95 95,26
126,01110011,00000000,0.21783447 0.048217773 0.008422852 -0.97473145,-0.032222223 0.11333334 -0.18,0.16 0.2 9.42,0 0 0,26
127,01110011,00000000,0.21380615 0.047729492 0.010009766 -0.97558594,-0.054444443 -0.16666667 -0.18111111,-0.42 0.04 9.95,10 10 10,26
128,01110011,00000000,0.20947266 0.036071777 0.008850098 -0.97698975,-0.062222224 -0.62 -0.19444445,-0.22 0.2 9.88,18 19 18,26
129,01110011,00000000,0.20544434 0.018310547 0.008728027 -0.97839355,-0.15888889 -0.7122222 -0.17888889,0.56 0 9.76,25 27 26,26
130,01110011,00000000,0.20233154 0.013122559 0.009155273 -0.979126,-0.026666667 -0.053333335 -0.12444445,0.77 -0.08 9.5,31 34 33,26
131,01110011,00000000,0.20013428 0.021972656 0.008178711 -0.9794922,0.15444444 0.41666666 -0.08555555,-0.05 -0.08 9.7,37 40 39,26
132,01110011,00000000,0.19793701 0.026611328 0.0031738281 -0.97979736,0.26222223 0.052222222 -0.08555555,-0.41 0.13 9.59,43 45 45,26
133,01110011,00000000,0.19580078 0.021972656 -0.0028076172 -0.9803467,0.19222222 -0.32555556 -0.08444444,0.36 0.05 9.84,48 50 50,26
134,01110011,00000000,0.19445801 0.022094727 -0.0073242188 -0.9805298,0.18666667 0.08555555 -0.043333333,0.68 0.22 9.51,53 54 55,26
135,01110011,00000000,0.19458008 0.033325195 -0.0059814453 -0.98028564,-0.01 0.54333335 0.012222222,0.05 0.19 9.6,57 58 59,26
136,01110011,00000000,0.1951294 0.040405273 -0.0029907227 -0.9798584,-0.064444445 0.22444445 0.02,-0.38 -0.01 9.85,61 62 63,26
137,01110011,00000000,0.19555664 0.03845215 -0.0045776367 -0.9798584,0.09222222 -0.15777777 0.02,0.34 -0.04 9.62,64 65 66,26
138,01110011,00000000,0.19671631 0.04248047 -0.007507324 -0.97943115,0.14888889 0.2611111 0.06555556,0.69 0.26 9.82,67 68 69,26
139,01110011,00000000,0.19934082 0.05657959 -0.0045166016 -0.97821045,-0.04 0.6788889 0.11777778,0.02 0.02 9.73,70 71 72,26
140,01110011,00000000,0.2020874 0.06689453 -0.0041503906 -0.97698975,0.09888889 0.34 0.115555555,-0.36 0.18 9.27,72 73 74,26
141,01110011,00000000,0.20471191 0.065979004 -0.0043945312 -0.9765625,-0.04222222 -0.11333334 0.11111111,-0.03 0.25 9.41,74 75 76,26
142,01110011,00000000,0.20770264 0.060546875 -0.0030517578 -0.9762573,-0.104444444 -0.21222222 0.12444445,0.19 -0.02 9.94,76 77 78,26
143,01110011,00000000,0.21099854 0.058044434 -0.0034179688 -0.975708,0.0033333334 -0.07111111 0.14555556,0.22 0.16 9.93,78 79 80,26
144,01110011,00000000,0.215271 0.05633545 0 -0.9748535,-0.2211111 -0.03888889 0.17444444,-0.01 0.32 9.63,80 81 82,26
145,01110011,00000000,0.2197876 0.045776367 0.0065307617 -0.97442627,-0.4 -0.47666666 0.16555555,76.8 0.01 9.85,82 82 83,26
146,01110011,00000000,0.22406006 0.028503418 0.008728027 -0.9741211,-0.21333334 -0.7088889 0.17222223,0.13 -0.1 9.38,84 83 84,26
147,01110011,00000000,0.2286377 0.019714355 0.007446289 -0.97320557,0.008888889 -0.26222223 0.20111111,0.63 -0.08 9.44,86 84 85,26
148,01110011,00000000,0.23406982 0.020690918 0.0071411133 -0.9719238,0.0022222223 0.09111111 0.23888889,0.28 0.13 9.9,87 85 86,26
149,01110011,00000000,0.2397461 0.020385742 0.007446289 -0.97052,-0.011111111 -0.05888889 0.25,-0.15 0.02 10.03,88 86 87,26
150,01110011,00000000,0.24542236 0.015319824 0.0037231445 -0.9692383,0.11777778 -0.27666667 0.24555555,0.08 0 9.49,89 87 88,26
151,01110011,00000000,0.2515869 0.013244629 0.0008544922 -0.96765137,0.07 -0.04888889 0.27555555,0.5 0.17 9.3,90 88 89,26
152,01110011,00000000,0.258667 0.019104004 0.0030517578 -0.96569824,-0.046666667 0.33 0.31444445,0.37 0.13 9.75,91 89 90,26
153,01110011,00000000,0.265625 0.025756836 0.0029907227 -0.963562,0.10555556 5.403333 -16.213333,-0.16 -0.04 10.07,91 90 91,26
154,01110011,00000000,0.27294922 0.028320312 0.0006713867 -0.96154785,0.07111111 -0.0044444446 0.31555554,0.02 0.18 9.72,91 91 91,26
155,01110011,00000000,0.28033447 0.031066895 -0.0014648438 -0.9593506,0.14444445 0.13666667 0.32444444,0.39 -0.1 9.55,91 92 91,26
156,01110011,00000000,0.28778076 0.042114258 -0.0063476562 -0.9567261,0.38333333 0.47555557 0.34111112,0.38 -0.07 9.47,91 93 91,26
157,01110011,00000000,0.2952881 0.056518555 -0.011657715 -0.9536133,0.35777777 0.5188889 0.34444445,-0.01 0.19 9.56,90 94 91,26
158,01110011,00000000,0.3010254 0.0635376 -0.015075684 -0.95129395,0.2211111 0.19888888 0.32444444,-0.22 0.19 9.69,89 95 91,26
159,01110011,00000000,0.30792236 0.064941406 -0.018310547 -0.9489746,0.13222222 -0.0055555557 0.30888888,0.12 0.09 9.72,89 95 91,26
160,01110011,00000000,0.31469727 0.06665039 -0.020874023 -0.9465332,0.10555556 0.13666667 0.30888888,0.26 0.19 9.49,90 95 91,26
161,01110011,00000000,0.3217163 0.06768799 -0.01928711 -0.94415283,-0.14222223 0.045555554 0.29777777,-0.15 0.32 9.75,90 95 91,26
162,01110011,00000000,0.32824707 0.060302734 -0.014953613 -0.94244385,-0.3588889 -0.41333333 0.2611111,281.29 -2.56 -0.01,90 95 91,26
163,01110011,00000000,0.3340454 0.044921875 -0.0119018555 -0.9413452,-0.31111112 -0.5877778 0.23777778,0.22 0.03 9.61,91 94 91,26
164,01110011,00000000,0.33953857 0.033447266 -0.009216309 -0.9398804,-0.27 -0.25111112 0.24111111,0.52 0.09 9.59,92 94 91,26
165,01110011,00000000,0.3451538 0.028930664 -0.002746582 -0.9379883,-0.38555557 -0.025555555 0.23888889,0.15 0.2 9.69,93 94 91,26
166,01110011,00000000,0.35040283 0.022033691 0.0053710938 -0.9362793,-0.43 -0.27333334 0.20555556,-0.2 0.03 9.92,93 93 91,26
167,01110011,00000000,0.35473633 0.011352539 0.009155273 -0.9347534,-0.25777778 -0.42333335 0.17777778,0.21 -0.1 9.79,94 93 91,26
168,01110011,00000000,0.3585205 0.0048217773 0.010925293 -0.9333496,-0.13333334 -0.04 0.17,0.62 0.01 9.34,95 93 91,26
169,01110011,00000000,0.3623047 0.009277344 0.015625 -0.93182373,-0.11 0.36888888 0.16555555,0.22 0.03 9.46,95 93 91,26
170,01110011,00000000,0.35943604 0.015563965 0.018432617 -0.930542,0.06888889 0.15 -29.297777,-0.31 -0.12 9.83,95 93 91,26
171,01110011,00000000,0.36712646 0.01586914 0.012512207 -0.9298706,0.3011111 -0.21777777 0.06555556,0.02 -0.07 9.75,95 93 91,26
172,01110011,00000000,0.36810303 0.016662598 0.0041503906 -0.9295654,0.32777777 0.05888889 0.045555554,0.64 0.14 9.58,95 93 91,26
173,01110011,00000000,0.36914062 0.027709961 0.00079345703 -0.92889404,0.3011111 0.56 0.046666667,0.4 -0.01 9.51,95 93 91,26
174,01110011,00000000,0.36950684 0.043701172 -0.0029296875 -0.9281616,0.44777778 0.4677778 0.015555556,-0.27 0 9.78,95 93 91,26
175,01110011,00000000,0.3685913 0.05029297 -0.010559082 -0.9281006,0.33222222 -0.08 -0.043333333,-0.28 0.32 10.18,95 93 91,26
176,01110011,00000000,0.3670044 0.04663086 -0.015380859 -0.92889404,-0.007777778 -0.22333333 -0.06666667,0.3 0.33 10.05,95 93 91,26
177,01110011,00000000,0.3656006 0.045410156 -0.013549805 -0.9295044,-0.11 0.15 -0.064444445,0.52 0.12 9.45,95 93 91,26
178,01110011,00000000,0.36431885 0.05102539 -0.0072631836 -0.9298096,-0.18666667 0.37444445 -0.06666667,0.03 0.13 9.18,95 93 91,26
179,01110011,00000000,0.3626709 0.054504395 -0.0014038086 -0.9302368,-0.13444445 0.057777777 -0.1,-0.38 -2.56 -0.01,95 93 91,26
180,01110011,00000000,0.35992432 0.047851562 -0.0024414062 -0.9316406,0.007777778 -0.4911111 -0.14,-0.29 -0.02 9.77,95 93 91,26
181,01110011,00000000,0.3564453 0.03515625 -0.008850098 -0.9335327,0.06666667 -0.5733333 -0.14888889,0.45 0.18 10.01,95 93 91,26
182,01110011,00000000,0.35351562 0.028686523 -0.009887695 -0.9348755,-0.16222222 -0.04222222 -0.11444444,0.6 0.31 9.73,94 93 91,26
183,01110011,00000000,0.35162354 0.028747559 -0.0014038086 -0.9356079,-0.43333334 0.12555556 -0.08888889,-0.15 0.23 9.89,94 93 91,26
184,01110011,00000000,0.34979248 0.022216797 0.0067749023 -0.9364624,-0.35 -0.33444443 -0.094444446,-0.31 -0.07 9.96,94 93 91,26
185,01110011,00000000,0.3480835 0.012207031 0.007019043 -0.93725586,-0.032222223 -0.3077778 -0.06888889,0.52 -0.15 9.23,94 93 91,26
186,01110011,00000000,0.347229 0.014465332 0.0048828125 -0.9376221,0.18666667 0.3011111 -0.015555556,0.65 -0.04 9.06,94 93 91,26
187,01110011,00000000,0.34381104 0.026245117 0.003540039 -0.9373779,0.26222223 0.4188889 0.015555556,-0.05 -0.04 9.34,94 93 91,26
188,01110011,00000000,0.34698486 0.030517578 -0.004211426 -0.9373169,0.41333333 -0.20666666 -0.0044444446,-0.45 0.01 10.26,94 93 91,26
189,01110011,00000000,0.3466797 0.02746582 -0.015625 -0.9373779,0.38 -0.18444444 0.017777778,0.53 0.13 9.6,94 93 91,26
190,01110011,00000000,0.3479004 0.03515625 -0.01965332 -0.9365845,0.18444444 0.5511111 0.08222222,0.8 0.26 9.61,94 93 91,26
191,01110011,00000000,0.3505249 0.052124023 -0.016845703 -0.9349365,0.13444445 0.6722222 0.115555555,-0.27 0.04 10.16,94 93 91,26
192,01110011,00000000,0.3527832 0.0592041 -0.016906738 -0.93359375,0.06111111 0.0044444446 0.096666664,-0.5 0.17 9.61,94 93 91,26
193,01110011,00000000,0.3548584 0.054748535 -0.019226074 -0.93304443,-0.0011111111 -0.24444444 0.10555556,0.15 0.16 8.86,94 93 91,26
194,01110011,00000000,0.35784912 0.052124023 -0.01739502 -0.9320679,-0.22555555 0.078888886 0.15,0.5 0.34 9.19,94 93 91,26
195,01110011,00000000,0.36224365 0.05493164 -0.0087890625 -0.9303589,-0.27333334 0.2988889 0.19222222,0.13 -0.06 9.8,94 93 91,26
196,01110011,00000000,0.36688232 0.057678223 -0.0053100586 -0.92840576,-0.043333333 0.10333333 0.19888888,-0.27 -0.13 -264.03,78 65 91,26
197,01110011,00000000,0.37121582 0.052978516 -0.008300781 -0.9269409,0.013333334 -0.34333333 0.20444444,-0.05 0.15 10.11,94 93 91,26
198,01110011,00000000,0.3762207 0.044555664 -0.009338379 -0.925354,-0.20111111 -0.27555555 0.24,0.32 0.27 10.25,95 93 91,26
199,01110011,00000000,0.3824463 0.039245605 -0.003112793 -0.9230957,-0.39666668 -0.0011111111 0.28444445,0.32 0.17 9.29,95 93 91,26
200,01110011,00000000,0.3892212 0.03643799 0.0037231445 -0.9203491,-0.25111112 -0.057777777 0.3011111,-0.17 -0.08 9.6,95 92 91,26
201,01110011,00000000,0.39593506 0.029052734 0.0036621094 -0.91778564,-0.053333335 -0.4188889 0.29777777,-0.09 -0.06 9.86,95 92 91,26
202,01110011,00000000,0.4025879 0.020446777 -0.00048828125 -0.9151001,0.043333333 -0.30444443 0.31555554,0.43 0 9.38,96 92 91,26
203,01110011,00000000,0.40985107 0.019958496 -0.002746582 -0.91186523,0.06555556 0.10888889 0.3511111,0.43 0.14 9.81,97 92 91,26
204,01110011,00000000,0.41784668 0.00579834 0.00579834 -0.010070801,-0.006666667 0.24333334 0.37444445,0.03 0.04 9.94,97 92 91,26
205,01110011,00000000,0.42578125 0.028625488 -0.002319336 -0.9042969,0.15444444 0.08444444 0.36555555,-0.06 -0.12 9.54,96 92 91,26
206,01110011,00000000,0.43328857 0.030273438 -0.008239746 -0.90063477,0.22444445 -0.078888886 0.3588889,0.07 0.18 9.52,96 93 91,26
207,01110011,00000000,0.44091797 0.03137207 -0.011657715 -0.8968506,0.12 0.017777778 0.36444443,0.34 0.04 9.82,96 94 91,26
208,01110011,00000000,0.44873047 0.036987305 -0.013183594 -0.89276123,0.16666667 0.23444444 0.37,0.18 0.04 9.82,96 94 91,26
209,01110011,00000000,0.45629883 0.043395996 -0.014099121 -0.8885498,0.12777779 0.21444444 0.3588889,-0.01 0.15 9.58,95 95 91,26
210,01110011,00000000,0.46350098 0.045166016 -0.014892578 -0.8847656,0.036666665 0.015555556 0.33333334,0.02 0.07 9.62,95 95 91,26
211,01110011,00000000,0.47003174 0.044921875 -0.016967773 -0.8812866,0.08444444 -0.035555556 0.31333333,0.21 0.04 9.54,95 95 91,26
212,01110011,00000000,0.47625732 0.046203613 -0.017944336 -0.8778076,0.033333335 0.06333333 0.29666665,0.15 0.2 9.71,95 95 91,26
213,01110011,00000000,0.4822998 0.046569824 -0.016174316 -0.87457275,-0.078888886 0.05111111 0.2777778,0.06 0.06 9.74,124 -23 -14081,26
214,01110011,00000000,0.48760986 0.04473877 -0.014709473 -0.87176514,-0.107777774 -0.053333335 0.24555555,0 0.2 9.8,95 95 91,26
215,01110011,00000000,0.4923706 0.039794922 -0.012207031 -0.86932373,-0.22 -0.14 0.21555555,0.12 0.02 9.64,95 95 91,26
216,01110011,00000000,0.49645996 0.036376953 -0.011047363 -0.86712646,-0.08 -0.07444444 0.18666667,0.23 0 9.5,95 95 91,26
217,01110011,00000000,0.49993896 0.0357666 -0.010437012 -0.86517334,-0.052222222 0 0.16333333,0.06 0.14 9.72,95 95 91,26
218,01110011,00000000,0.50286865 0.033691406 -0.009338379 -0.8635864,-0.107777774 -0.08222222 0.13222222,0.01 0.09 9.69,95 95 91,26
219,01110011,00000000,0.505188 0.02935791 -0.008850098 -0.86242676,-0.12888889 -0.17444444 0.101111114,0.16 0 9.93,95 95 91,26
220,01110011,00000000,0.5067749 0.026367188 -0.009338379 -0.86151123,-0.027777778 -0.09777778 0.075555556,0.24 0.07 9.51,95 95 91,26
221,01110011,00000000,0.5081787 0.026062012 0.00579834 -0.010070801,-0.093333334 0.04 0.06111111,0.21 0.1 9.74,95 95 91,26
222,01110011,00000000,0.50897217 0.028137207 -0.0071411133 -0.8602295,0.024444444 0.08222222 0.033333335,0.09 -0.03 9.46,95 95 91,26
223,01110011,00000000,0.5091553 0.029052734 -0.007385254 -0.8600464,-0.05 -0.02111111 0.006666667,0.07 0.19 9.72,95 95 91,26
224,01110011,00000000,0.5090332 0.029052734 -0.0068359375 -0.86016846,0.006666667 0.028888889 -0.015555556,0.27 -0.08 9.65,95 95 91,26
225,01110011,00000000,0.50823975 0.03363037 -0.0078125 -0.8604126,0.13666667 0.16444445 -0.03888889,0.18 0.1 9.55,95 95 91,26
226,01110011,00000000,0.50701904 0.038146973 -0.0076293945 -0.8609619,0.07777778 0.15777777 -0.06,0.06 -0.03 9.61,95 95 91,26
227,01110011,00000000,0.5048828 0.04168701 -0.011047363 -0.86206055,0.20111111 0.022222223 -0.104444444,0 0.11 9.75,95 95 91,26
228,01110011,00000000,0.5022583 0.041870117 -0.012756348 -0.8635864,0.027777778 -0.03888889 -0.12666667,0.1 0.22 9.83,95 95 91,26
229,01110011,00000000,0.49920654 0.04272461 -0.013793945 -0.8652954,0.083333336 0.026666667 -0.15222222,0.21 -0.01 9.5,95 95 91,26
230,01110011,00000000,0.4956665 0.04486084 -0.014831543 -0.8671875,0.072222225 0.05 -0.17222223,0.08 0.17 9.61,95 32 -14337,26
231,01110011,00000000,0.49169922 0.044006348 -0.015014648 -0.8694458,-0.013333334 -0.06333333 -0.19666667,0.02 0.09 9.92,95 95 91,26
232,01110011,00000000,0.48718262 0.042175293 -0.016601562 -0.8720703,0.035555556 -0.112222224 -0.2188889,0.13 0.1 9.55,95 95 91,26
233,01110011,00000000,0.4824829 0.04046631 -0.016540527 -0.87475586,-0.05111111 -0.054444443 -0.22666667,0.19 0.16 9.48,95 95 91,26
234,01110011,00000000,0.47851562 0.039794922 -0.016357422 -0.8769531,0.0044444446 -0.04777778 -0.24111111,0.07 0.03 9.53,95 95 91,26
235,01110011,00000000,0.4732666 0.037719727 -0.016662598 -0.8798828,-0.052222222 -0.12222222 -0.25666666,0.05 0.13 9.78,95 95 91,26
236,01110011,00000000,0.46783447 0.035217285 -0.017211914 -0.88287354,0.012222222 -0.083333336 -0.26222223,0.21 0.02 9.72,95 95 91,26
237,01110011,00000000,0.46228027 0.034851074 -0.016784668 -0.8858032,-0.08 0.02 -0.2588889,0.18 0.24 9.56,95 95 91,26
238,01110011,00000000,0.4569702 0.034057617 -0.013305664 -0.010070801,-0.13222222 0.012222222 -0.26222223,0.09 0.01 9.8,95 95 91,26
239,01110011,00000000,0.45135498 0.034362793 -0.012756348 -0.8915405,0.07111111 0.03 -0.27,0.17 -0.02 9.83,95 95 91,26
240,01110011,00000000,0.4456787 0.036132812 -0.012084961 -0.8942871,-0.06666667 0.10222222 -0.2611111,0.19 0.28 9.43,95 95 91,26
241,01110011,00000000,0.44036865 0.03717041 -0.0072021484 -0.8969116,-0.18 0.11888889 -0.25555557,0.09 0.07 9.58,95 95 91,26
242,01110011,00000000,0.43493652 0.03753662 -0.0045166016 -0.89959717,-0.022222223 -0.0011111111 -0.26444444,0.01 0 9.73,95 95 91,26
243,01110011,00000000,0.42926025 0.03717041 -0.0045776367 -0.9022827,-0.011111111 -0.014444444 -0.26222223,0.16 0.13 9.68,95 95 91,26
244,01110011,00000000,0.42388916 0.037719727 -0.0031738281 -0.9049072,-0.054444443 0.08222222 -0.24666667,0.18 0.09 9.69,95 95 91,26
245,01110011,00000000,0.41845703 0.03942871 -0.0030517578 -0.9072876,0.11666667 0.036666665 -0.24666667,0.03 -0.05 9.67,95 95 91,26
246,01110011,00000000,0.41308594 0.041748047 -0.006652832 -0.90960693,0.19333333 0.04111111 -0.23666666,0.22 0.08 9.41,95 95 91,26
247,01110011,00000000,0.40795898 0.046081543 -0.009338379 -0.91174316,0.15222222 0.16444445 -0.2211111,0.18 0.19 9.6,95 95 255,26
248,01110011,00000000,0.40325928 0.048339844 -0.008972168 -0.9137573,-0.03888889 -0.011111111 -0.21666667,-0.14 0.16 10.03,95 95 91,26
249,01110011,00000000,0.3984375 0.045654297 -0.010192871 -0.91589355,0.09888889 -0.17222223 -0.21666667,0.1 -0.09 9.52,95 95 91,26
250,01110011,00000000,0.39361572 0.04534912 -0.015014648 -0.91796875,0.17666666 -0.02111111 -0.20333333,0.31 0.18 9.53,95 95 91,26
251,01110011,00000000,0.3894043 0.04724121 -0.015136719 -0.9196167,-0.052222222 0.08111111 -0.18,0.05 0.26 9.56,95 95 91,26
252,01110011,00000000,0.38555908 0.046325684 -0.0126953125 -0.9213257,-0.06666667 -0.08 -0.18444444,-0.06 -0.03 9.75,95 95 91,26
253,01110011,00000000,0.38146973 0.04321289 -0.014404297 -0.9232178,0.12111111 -0.16111112 -0.18666667,0.16 -0.08 9.79,95 95 91,26
254,01110011,00000000,0.37731934 0.04107666 -0.017211914 -0.9249878,-0.027777778 -0.13777778 -0.17444444,0.05 0.38 9.82,95 95 91,26
255,01110011,00000000,0.3737793 0.035095215 -0.012756348 -0.9266968,-0.36888888 -0.17888889 -0.16333333,0.15 0.14 10,95 95 91,26
0,01110011,00000000,0.3704834 0.029785156 -0.006286621 -0.9282837,-0.27222222 -0.033333335 -0.15444444,0.34 -0.11 9.52,95 95 91,26
1,01110011,00000000,0.3671875 0.03186035 -0.003479004 -0.9295044,0.09 0.23666666 -0.14666666,0.38 -0.27 9.67,95 95 91,26
2,01110011,00000000,0.3638916 0.041625977 -0.005554199 -0.93048096,0.28333333 0.39222223 -0.14,0.16 0 9.57,95 95 91,26
3,01110011,00000000,0.36053467 0.052001953 -0.008483887 -0.93115234,0.2611111 0.31777778 -0.14444445,-0.02 0.15 9.37,95 95 91,26
4,01110011,00000000,0.35687256 0.05718994 -0.010803223 -0.932251,0.096666664 0.034444444 -0.16333333,-0.21 0.32 9.55,95 95 91,26
5,01110011,00000000,0.35327148 0.051818848 -0.0087890625 -0.93395996,-0.3588889 -0.3122222 -0.17222223,-0.04 0.58 9.84,95 95 91,26
6,01110011,00000000,0.35021973 0.03930664 0.0014038086 -0.935791,-0.66333336 -0.3122222 -0.15777777,0.28 0.15 9.59,95 95 91,26
7,01110011,00000000,0.3474121 0.029846191 0.013549805 -0.93707275,-0.52555555 -0.12222222 -0.14444445,0.27 -0.18 9.64,95 96 91,26
8,01110011,00000000,0.34448242 0.025939941 0.019165039 -0.9381714,-0.12888889 -0.078888886 -0.13777778,0.05 -0.15 9.68,95 96 91,26
9,01110011,00000000,0.34155273 0.024047852 0.017578125 -0.93933105,0.03888889 -0.14888889 -0.12555556,0.12 -0.08 9.73,95 96 91,26
10,01110011,00000000,0.33892822 0.02355957 0.012573242 -0.94036865,0.27333334 -0.0033333334 -0.10333333,0.45 -0.07 10.12,95 96 91,26
11,01110011,00000000,0.3371582 0.03265381 0.010437012 -0.9407959,0.11 0.58111113 -0.044444446,0.55 0.32 10.01,95 96 91,26
12,01110011,00000000,0.33648682 0.048706055 0.015686035 -0.9402466,0.08555555 0.6 -0.02111111,-0.31 -0.09 9.74,95 96 91,26
13,01110011,00000000,0.3348999 0.05517578 0.010009766 -0.94055176,0.50222224 -0.12666667 -0.06666667,-0.58 -0.32 9.37,95 96 91,26
14,01110011,00000000,0.33215332 0.05218506 -0.008605957 -0.9416504,0.76 -0.4377778 -0.08222222,0.19 0.04 9.52,95 96 91,26
15,01110011,00000000,0.32989502 0.053588867 -0.023803711 -0.94207764,0.46222222 0.11333334 -0.04222222,0.81 0.44 11.35,95 95 91,26
16,01110011,00000000,0.32977295 0.066101074 -0.0234375 -0.94140625,0.06333333 0.6788889 -0.0022222223,0.44 0.17 10.37,95 95 91,26
17,01110011,00000000,0.3295288 0.079833984 -0.022399902 -0.9404297,0.22777778 0.33666667 -0.034444444,130.56 -0.01 9.01,95 95 91,26
18,01110011,00000000,0.3270874 0.07623291 -0.029907227 -0.9413452,0.24111111 -0.65 -0.10555556,-0.68 0.14 8.89,95 95 91,26
19,01110011,00000000,0.32299805 0.056518555 -0.04083252 -0.9437866,0.1711111 -1.0044445 -0.14,0.21 0.14 9.05,95 95 91,26
20,01110011,00000000,0.31933594 0.043395996 -0.047424316 -0.94537354,0.007777778 -0.27333334 -0.112222224,1 0.25 9.19,94 95 91,26
21,01110011,00000000,0.31750488 0.04522705 -0.042907715 -0.946167,-0.20555556 0.24222222 -0.09111111,0.14 0.29 9.53,94 95 91,26
22,01110011,00000000,0.3151245 0.042175293 -0.033935547 -0.94744873,-0.44 -0.12777779 -0.13333334,-0.58 0.31 10.23,94 95 91,26
23,01110011,00000000,0.31072998 0.022583008 -0.026000977 -0.9498291,-0.5911111 -0.81 -0.21,-0.09 0.03 11.49,94 95 91,26
24,01110011,00000000,0.30541992 0.0068969727 -0.01727295 -0.95202637,-0.54333335 -0.38111112 -0.23,1.04 0.05 9.24,93 96 91,26
25,01110011,00000000,0.29693604 0.010253906 -0.003479004 -0.95373535,-0.50222224 12.23 -4.551111,0.55 0.07 8.33,93 97 91,26
26,01110011,00000000,0.29455566 0.01953125 0.011230469 -0.95532227,-0.46444446 0.5222222 -0.27333334,-0.29 0 8.81,94 98 91,26
27,01110011,00000000,0.28686523 0.019470215 0.017578125 -0.95751953,-0.1711111 -0.04 -0.36444443,-0.13 -0.32 9.51,95 99 91,26
28,01110011,00000000,0.27722168 0.018249512 0.014282227 -0.9604492,0.17888889 -0.04777778 -0.43333334,0.63 0.07 9.6,95 99 91,26
29,01110011,00000000,0.26660156 0.02734375 0.016967773 -0.9631958,-0.064444445 0.5188889 -0.4588889,0.46 0.47 9.7,95 98 91,26
30,01110011,00000000,0.255188 0.036315918 0.029724121 -0.96569824,-0.4722222 0.45333335 -0.5144445,-0.48 0.07 9.47,97 98 91,26
31,01110011,00000000,0.24176025 0.032409668 0.036071777 -0.9690552,-0.18 -0.2188889 -0.62,-0.2 -0.62 9.92,98 99 91,26
32,01110011,00000000,0.22589111 0.030090332 0.024658203 -0.97332764,0.6388889 -0.115555555 -0.6933333,0.85 -0.46 9.05,97 99 91,26
33,01110011,00000000,0.2086792 0.047973633 0.008239746 -0.9766846,0.8844444 0.7777778 -0.70111114,0.56 0.28 9.59,96 96 91,26
34,01110011,00000000,0.190979 0.07116699 -0.00012207031 -0.9789429,0.49333334 0.82555556 -0.7366667,68.43 -0.01 -0.01,99 92 91,26
35,01110011,00000000,0.1729126 0.07232666 -0.0068969727 -0.98217773,0.34111112 -0.25666666 -0.74444443,-0.64 -0.04 9.59,102 90 91,26
36,01110011,00000000,0.15460205 0.059936523 -0.019470215 -0.9859009,0.52555555 -0.6422222 -0.73777777,0.25 0 9.81,100 89 91,26
37,01110011,00000000,0.14135742 0.057495117 -0.026977539 -0.987854,0.29 0.03 -0.6288889,0.86 0.36 10.22,96 87 91,26
38,01110011,00000000,0.12634277 0.06976318 -0.028076172 -0.9890747,0.14444445 0.5744445 -0.49888888,0.21 -0.04 9.64,96 87 91,26
39,01110011,00000000,0.115478516 0.07720947 -0.031677246 -0.9897461,0.23333333 0.15111111 -0.44666666,-0.58 0.11 9.59,98 87 91,26
40,01110011,00000000,0.10522461 0.06719971 -0.03277588 -0.99157715,0.011111111 -0.5777778 -0.40666667,-0.35 0.45 9.62,98 87 91,26
41,01110011,00000000,0.09863281 0.05407715 -0.028869629 -0.99316406,-0.3511111 -0.5977778 -0.30888888,0.56 0.31 9.98,96 88 91,26
42,01110011,00000000,0.078186035 0.04876709 -0.018066406 -0.9942627,-0.5133333 0.104444444 -21.617777,0.73 0.16 9.71,95 89 91,26
43,01110011,00000000,0.08758545 0.05340576 -0.0053710938 -0.9946289,-0.46888888 0.18222222 -0.25666666,-0.39 -0.02 9.92,95 90 91,26
44,01110011,00000000,0.079711914 0.045715332 0.0045776367 -0.99572754,-0.31 -0.43222222 -0.31,-0.43 0.04 9.49,95 91 91,26
45,01110011,00000000,0.07208252 0.028686523 0.010009766 -0.9968872,-0.2688889 -0.7355555 -0.34111112,0.13 0.24 9.58,94 92 91,26
46,01110011,00000000,0.06463623 0.01751709 0.01940918 -0.99749756,-0.45 -0.32 -0.32444444,0.77 0.06 9.58,93 93 91,26
47,01110011,00000000,0.05731201 0.019958496 0.028442383 -0.99768066,-0.33666667 0.23111111 -0.3077778,0.28 -0.08 9.75,93 94 91,26
48,01110011,00000000,0.049682617 0.022094727 0.033447266 -0.9979248,-0.17222223 0.035555556 -0.3288889,-0.34 -0.02 9.91,94 95 91,26
49,01110011,00000000,0.043151855 0.016906738 0.03479004 -0.99823,-0.014444444 -0.31444445 -0.3611111,0.21 -0.1 9.18,94 95 91,26
50,01110011,00000000,0.034729004 0.0138549805 0.03161621 -0.99871826,0.22666667 0.11888889 -0.34888887,0.86 -0.08 9.19,93 95 91,26
51,01110011,00000000,0.026489258 0.02734375 0.02557373 -0.99890137,0.25333333 0.85444444 -0.30888888,0.45 -2.45 -0.01,93 94 91,26
52,01110011,00000000,0.018432617 0.044555664 0.019897461 -0.9985962,0.30333334 0.52444446 -0.32,-0.44 -0.04 10,95 94 91,26
53,01110011,00000000,0.009887695 0.047729492 0.011474609 -0.99871826,0.39777777 -0.06555556 -0.34777778,-0.23 0.04 9.84,96 93 91,26
54,01110011,00000000,0.0014648438 0.046875 0.0033569336 -0.99884033,0.31555554 0.1 -0.32666665,0.52 0.16 9.73,96 92 91,26
55,01110011,00000000,-0.0059814453 0.055847168 -0.001953125 -0.99835205,0.23222223 0.59555554 -0.28666666,0.52 0.08 9.44,96 92 91,26
56,01110011,00000000,-0.013000488 0.0692749 -0.007751465 -0.9974365,0.29555556 0.49222222 -0.28666666,-0.28 0.03 9.77,97 92 91,26
57,01110011,00000000,-0.020446777 0.072631836 -0.0134887695 -0.9970093,0.21333334 -0.10888889 -0.30444443,-0.45 0.22 9.33,98 92 91,26
58,01110011,00000000,-0.027954102 0.06335449 -0.0146484375 -0.9974365,0.007777778 -0.50666666 -0.30444443,-0.09 0.27 9.88,97 92 91,26
59,01110011,00000000,-0.046813965 0.054016113 -0.013061523 -0.99780273,-0.037777778 -0.24333334 -0.2688889,0.56 0.09 9.67,96 92 91,26
60,01110011,00000000,-0.040405273 0.053955078 -0.011047363 -0.9976196,-0.09777778 0.13666667 -0.22333333,0.3 0.2 9.68,95 92 91,26
61,01110011,00000000,-0.045166016 0.053894043 -0.005126953 -0.9974365,-0.31777778 -0.23555556 -0.21555555,-0.52 0.26 9.87,95 92 91,26
62,01110011,00000000,-0.05029297 0.04034424 0.0021362305 -0.99786377,-0.2 -0.71555555 -0.22777778,0.05 -0.05 10.4,95 93 91,26
63,01110011,00000000,-0.054992676 0.027893066 0.00592041 -0.99798584,-0.09 -0.3188889 -0.18222222,0.68 0.05 9.96,94 93 91,26
64,01110011,00000000,-0.058288574 0.028137207 0.010864258 -0.99780273,-0.32666665 0.12 -0.12222222,0.29 0.36 9.6,94 93 91,26
65,01110011,00000000,-0.06072998 0.026062012 0.022094727 -0.9975586,-0.5088889 -0.39 -0.11777778,-0.61 0.15 9.17,94 93 91,26
66,01110011,00000000,-0.062805176 0.007507324 0.033996582 -0.9973755,-0.38444445 -0.94555557 -0.11444444,0.13 -0.05 8.8,94 94 91,26
67,01110011,00000000,-0.064208984 -0.0021972656 0.03955078 -0.9970703,-0.055555556 0.1711111 -0.037777778,1.79 -0.36 9.13,93 94 91,26
68,01110011,00000000,-0.0647583 0.026000977 0.03326416 -0.99694824,0.30444443 1.7144444 0.06111111,0.71 -0.1 -272.08,20 16 91,26
69,01110011,00000000,-0.06451416 0.060424805 0.022888184 -0.99572754,0.31777778 0.9722222 0.052222222,-1.51 0.23 10.06,93 94 91,26
70,01110011,00000000,-0.064697266 0.056762695 0.018920898 -0.99609375,0.07333333 -0.7922222 -0.024444444,-1.1 0.32 9.61,93 94 91,26
71,01110011,00000000,-0.064697266 0.036071777 0.018981934 -0.9970093,0.083333336 -0.56222224 0.0044444446,1.48 -0.08 9.68,93 94 91,26
72,01110011,00000000,-0.0637207 0.046325684 0.012573242 -0.99676514,0.35666665 1.0711111 0.09,1.22 -0.22 9.62,93 94 91,26
73,01110011,00000000,-0.06225586 0.074157715 -0.00018310547 -0.99523926,0.50222224 0.9577778 0.08444444,-0.94 0.01 10.01,93 94 91,26
74,01110011,00000000,-0.0625 0.07299805 -0.011108398 -0.99523926,0.39222223 -0.69222224 -0.012222222,-1.14 0.35 9.8,93 94 91,26
75,01110011,00000000,-0.06390381 0.047180176 -0.014587402 -0.9967041,0.10888889 -1.0244445 -0.023333333,0.82 0.28 9.5,93 94 91,26
76,01110011,00000000,-0.0635376 0.0056152344 0.0057373047 -0.010070801,-0.032222223 0.26555556 0.04777778,1.33 0.1 9.47,93 94 91,26
77,01110011,00000000,-0.061523438 0.055908203 -0.014709473 -0.9963989,-0.031111112 0.65555555 0.075555556,-0.3 0.1 9.4,93 94 91,26
78,01110011,00000000,-0.060424805 0.055603027 -0.013244629 -0.99645996,-0.09777778 -0.56222224 0.017777778,-1.09 0.19 9.73,93 94 91,26
79,01110011,00000000,-0.060424805 0.03112793 -0.007446289 -0.9976196,-0.23888889 -1.1233333 0.008888889,0.41 0.22 10.03,93 94 91,26
80,01110011,00000000,-0.059143066 0.021240234 0.00091552734 -0.99798584,-0.3911111 0.22333333 0.086666666,1.82 0.17 9.85,93 94 91,26
81,01110011,00000000,-0.055786133 0.04473877 0.009887695 -0.99731445,-0.4511111 1.1422222 0.14555556,-0.39 0.1 9.64,93 94 91,26
82,01110011,00000000,-0.05291748 0.054748535 0.019226074 -0.9968872,-0.38666666 -0.30222222 0.06,-1.57 0.04 9.72,92 94 91,26
83,01110011,00000000,-0.051635742 0.029174805 0.028259277 -0.99780273,-0.27555555 -1.37 0.0033333334,0 -0.01 9.24,92 94 91,26
84,01110011,00000000,-0.0501709 0.010070801 0.034301758 -0.9980469,-0.17555556 -0.18777777 0.06333333,1.88 -0.05 9.46,92 94 91,26
85,01110011,00000000,-0.048217773 0.02923584 0.034973145 -0.9977417,0.013333334 1.2633333 0.13222222,0.52 -0.13 9.6,137 -229 -16129,26
86,01110011,00000000,-0.04626465 0.05328369 0.030761719 -0.99694824,0.19111112 0.56333333 0.09,-1.32 -0.05 10.04,91 94 91,26
87,01110011,00000000,-0.045532227 0.043884277 0.025817871 -0.9976196,0.20777778 -0.9088889 0.0033333334,-0.46 0.21 10.06,91 94 91,26
88,01110011,00000000,-0.045043945 0.02319336 0.023498535 -0.9984131,0.10222222 -0.5511111 0.02111111,1.31 0.1 9.62,91 94 91,26
89,01110011,00000000,-0.043701172 0.030090332 0.020568848 -0.998291,0.13444445 0.8111111 0.08888889,1.04 -0.02 9.22,91 94 91,26
90,01110011,00000000,-0.042053223 0.05267334 0.0138549805 -0.9976196,0.31444445 0.80222225 0.083333336,-0.81 -0.06 9.59,91 94 91,26
91,01110011,00000000,-0.041625977 0.054748535 0.0045166016 -0.9975586,0.41333333 -0.37444445 0.012222222,-0.68 0.08 9.72,91 94 91,26
92,01110011,00000000,-0.041992188 0.039367676 -0.0032958984 -0.998291,0.2911111 -0.6066667 0.0033333334,0.59 0.23 9.85,91 94 91,26
93,01110011,00000000,-0.0413208 0.038146973 0.0057373047 -0.010070801,0.09555556 0.42555556 0.06666667,0.8 0.17 9.53,91 94 91,26
94,01110011,00000000,-0.039611816 0.05078125 -0.0099487305 -0.99786377,0.104444444 0.43333334 0.06666667,-0.34 0.04 8.75,91 94 91,26
95,01110011,00000000,-0.038757324 0.04925537 -0.013671875 -0.9979248,0.17555556 -0.24444444 0.03,-0.76 0.1 9.44,91 94 91,26
96,01110011,00000000,-0.039001465 0.03338623 -0.015563965 -0.99853516,0.08111111 -0.69777775 0.01,0.72 0.16 10.35,91 94 91,26
97,01110011,00000000,-0.03753662 0.036621094 -0.014099121 -0.9984741,-0.11888889 0.40333334 0.07333333,1.16 0.36 10.04,91 94 91,26
98,01110011,00000000,-0.034606934 0.05810547 -0.006591797 -0.9976196,-0.4 0.9355556 0.09555556,-0.24 0.15 9.29,91 94 91,26
99,01110011,00000000,-0.03326416 0.06298828 0.0010986328 -0.9973755,-0.30444443 -0.06 0.013333334,-1.2 -0.05 9.64,91 94 91,26
100,01110011,00000000,-0.034362793 0.040527344 0.0056762695 -0.99853516,-0.12222222 -1.1211112 -0.075555556,0.08 -0.02 9.66,91 94 91,26
101,01110011,00000000,-0.035827637 0.024230957 0.008422852 -0.9989624,-0.093333334 -0.4911111 -0.06888889,1.19 0.13 9.02,91 94 91,26
102,01110011,00000000,-0.03692627 0.030578613 0.010498047 -0.9987793,-0.075555556 0.41777778 -0.037777778,0.5 -0.12 8.15,91 48 -16129,26
103,01110011,00000000,-0.03857422 0.03845215 0.005004883 -0.9984741,0.30444443 0.2588889 -0.06666667,-0.59 -0.13 10.59,92 94 91,26
104,01110011,00000000,-0.0413208 0.03314209 -0.0037841797 -0.99853516,0.38666666 -0.3 -0.10666667,0.14 0.12 10.18,92 94 91,26
105,01110011,00000000,-0.043395996 0.034362793 -0.007019043 -0.9984131,0.045555554 0.20555556 -0.07111111,1.01 0.63 9.98,92 94 91,26
106,01110011,00000000,-0.04321289 0.054260254 0.004272461 -0.99749756,-0.6622222 0.9266667 -0.008888889,-0.12 0.59 10.76,92 94 91,26
107,01110011,00000000,-0.043029785 0.061584473 0.024047852 -0.9968262,-0.8244445 -0.0055555557 -0.057777777,-1.3 -0.27 10.94,92 94 91,26
108,01110011,00000000,-0.044555664 0.041503906 0.0345459 -0.99749756,-0.28111112 -1 -0.12444445,0.17 -0.37 9.68,92 94 91,26
109,01110011,00000000,-0.046447754 0.030090332 0.03692627 -0.9977417,-0.055555556 -0.27333334 -0.09111111,1.19 0.11 8.77,92 94 91,26
110,01110011,00000000,-0.04815674 0.041870117 0.039978027 -0.010070801,-0.18111111 0.65444446 -0.04777778,0.17 0.2 9.92,92 94 91,26
111,01110011,00000000,-0.0501709 0.047912598 0.045410156 -0.996521,-0.23222223 0.045555554 -0.09888889,-1 -0.11 10.23,92 94 91,26
112,01110011,00000000,-0.053100586 0.032104492 0.045166016 -0.9970093,0.13333334 -0.7722222 -0.16444445,-0.16 -0.25 9.52,92 94 91,26
113,01110011,00000000,-0.056640625 0.02368164 0.037597656 -0.99731445,0.36888888 -0.14666666 -0.14888889,1.08 0.05 8.57,91 94 91,26
114,01110011,00000000,-0.060058594 0.03491211 0.02947998 -0.9970703,0.3 0.61777776 -0.112222224,0.35 0.11 9.24,91 94 91,26
115,01110011,00000000,-0.0637207 0.041259766 0.021362305 -0.9968262,0.34444445 0.14666666 -0.14222223,-0.64 -0.03 10.13,92 94 91,26
116,01110011,00000000,-0.068359375 0.030639648 0.009033203 -0.9970703,0.60333335 -0.5188889 -0.18888889,-0.02 0.03 10.05,92 94 91,26
117,01110011,00000000,-0.072631836 0.025024414 -0.0013427734 -0.9970093,0.40555555 -0.055555556 -0.15333334,0.93 0.34 9.48,92 93 91,26
118,01110011,00000000,-0.07513428 0.038208008 -0.007751465 -0.9963379,0.20777778 0.69666666 -0.09222222,0.46 0.07 9.78,92 93 91,26
119,01110011,00000000,-0.07745361 0.049804688 -0.015014648 -0.99560547,0.28111112 0.40444446 -0.094444446,-0.57 0.13 9.71,93 93 255,26
120,01110011,00000000,-0.080200195 0.046325684 -0.018371582 -0.9954834,0.1388889 -0.26666668 -0.107777774,-0.27 0.25 9.37,93 93 91,26
121,01110011,00000000,-0.08227539 0.0413208 -0.016845703 -0.99554443,-0.09888889 -0.15 -0.07666667,0.63 0.38 9.16,93 93 91,26
122,01110011,00000000,-0.082458496 0.051086426 -0.012390137 -0.9951172,-0.22444445 0.5288889 -0.013333334,0.46 -0.01 9.74,93 93 91,26
123,01110011,00000000,-0.079589844 0.060058594 -0.01159668 -0.99487305,-0.04111111 0.23 0.17888889,-0.8 0.36 10.76,93 93 91,26
124,01110011,00000000,-0.0725708 0.059692383 -0.01940918 -0.9953003,0.37 0.035555556 0.30222222,-0.42 0.85 9.74,93 93 91,26
125,01110011,00000000,-0.066589355 0.059692383 -0.02178955 -0.99572754,-0.028888889 0.01 0.33777776,-0.21 0.96 9.23,93 94 91,26
126,01110011,00000000,-0.057617188 0.060791016 -0.020507812 -0.9962158,-0.16 0 0.35,-0.51 0.9 9.75,93 94 91,26
127,01110011,00000000,-0.05114746 0.05883789 -0.016540527 -0.99676514,-0.15666667 -0.13222222 0.21111111,-0.27 0.38 9.51,93 94 91,26
128,01110011,00000000,-0.047851562 0.054504395 -0.014038086 -0.9971924,-0.07666667 -0.20222223 0.09222222,-0.16 0.47 9.87,93 94 91,26
129,01110011,00000000,-0.045898438 0.050476074 -0.013366699 -0.99749756,0.031111112 -0.104444444 0.09,0.15 0.31 9.63,93 94 91,26
130,01110011,00000000,-0.042114258 0.050842285 -0.014099121 -0.99768066,-0.02111111 0.107777774 0.21555555,0.04 0.82 9.85,93 94 91,26
131,01110011,00000000,-0.035339355 0.055786133 -0.0119018555 -0.99768066,-0.16777778 0.24222222 0.29333332,-0.1 0.6 9.37,93 94 91,26
132,01110011,00000000,-0.030090332 0.059509277 -0.0073242188 -0.9977417,-0.23555556 0.037777778 0.107777774,-0.58 0.56 9.75,93 94 91,26
133,01110011,00000000,-0.031921387 0.055603027 -0.001953125 -0.99786377,-0.17333333 -0.29 -0.21222222,-0.32 0.1 9.71,93 94 91,26
134,01110011,00000000,-0.03942871 0.047729492 0 -0.9980469,0.031111112 -0.2988889 -0.36,0.21 0 9.81,93 94 91,26
135,01110011,00000000,-0.045898438 0.04626465 -0.0014648438 -0.99780273,0.05666667 0.075555556 -0.19222222,0.35 0.34 9.61,93 94 91,26
136,01110011,00000000,-0.04852295 0.050354004 -0.0006713867 -0.99749756,-0.1 0.18333334 -0.08888889,-0.09 0.48 9.66,93 94 91,26
137,01110011,00000000,-0.052246094 0.05218506 0.0020751953 -0.9972534,-0.094444446 -0.026666667 -0.22777778,-0.36 0.2 9.62,93 94 91,26
138,01110011,00000000,-0.06011963 0.048461914 0.0034179688 -0.99694824,0.026666667 -0.23222223 -0.39222223,-0.18 0.08 9.63,93 94 91,26
139,01110011,00000000,-0.06982422 0.041503906 0.0033569336 -0.99664307,0.043333333 -0.3 -0.39,0.02 0.26 9.63,93 94 91,26
140,01110011,00000000,-0.076538086 0.035461426 0.004272461 -0.9963379,-0.055555556 -0.19888888 -0.19555555,0.24 0.31 9.63,92 94 91,26
141,01110011,00000000,-0.07745361 0.03314209 0.0067749023 -0.9963379,-0.08222222 -0.013333334 0.05111111,0.44 -0.03 9.76,92 94 91,26
142,01110011,00000000,-0.07385254 0.035339355 0.0065307617 -0.99658203,0.036666665 0.13333334 0.20555556,0.25 0.06 9.61,92 94 91,26
143,01110011,00000000,-0.068237305 0.037353516 0.0063476562 -0.9968872,-0.05666667 0.031111112 0.24,-0.03 0.38 9.62,92 94 91,26
144,01110011,00000000,-0.06298828 0.036376953 0.009033203 -0.9972534,-0.15111111 -0.101111114 0.20333333,0.08 0.18 9.56,92 94 91,26
145,01110011,00000000,-0.05847168 0.033081055 0.013000488 -0.9976196,-0.16555555 -0.17444444 0.16555555,0.21 0 9.64,92 94 91,26
146,01110011,00000000,-0.054504395 0.028930664 0.016845703 -0.9979248,-0.14 -0.17444444 0.16333333,0.36 -0.04 9.7,92 94 91,26
147,01110011,00000000,-0.050048828 0.025390625 0.019897461 -0.99816895,-0.112222224 -0.14444445 0.18888889,0.42 -0.1 9.56,92 94 91,26
148,01110011,00000000,-0.04534912 0.02178955 0.022583008 -0.9984131,-0.09555556 -0.16444445 0.19666667,0.43 -0.2 9.77,92 94 91,26
149,01110011,00000000,-0.039611816 0.018798828 0.024108887 -0.9986572,0.012222222 -0.05111111 0.27666667,0.7 -0.39 9.83,93 94 91,26
150,01110011,00000000,-0.030700684 0.020324707 0.022644043 -0.99902344,0.08777778 0.15444444 0.44777778,0.59 -0.17 9.75,93 94 91,26
151,01110011,00000000,-0.018371582 0.02545166 0.021057129 -0.9992676,-0.0033333334 0.20666666 0.55444443,0.29 0.08 9.45,93 94 91,26
152,01110011,00000000,-0.0063476562 0.028381348 0.022644043 -0.9992676,-0.13444445 0.017777778 0.45444444,0.09 0.03 9.63,92 94 91,26
153,01110011,00000000,0 0.025878906 0.026184082 -0.9992676,-0.15777777 -23.608889 -16.498888,0.24 -0.22 9.59,92 94 91,26
154,01110011,00000000,0.0076293945 0.020202637 0.029418945 -0.9992676,-0.12 -0.24444444 0.21555555,0.55 -0.41 9.67,93 94 91,26
155,01110011,00000000,0.013549805 0.01574707 0.031677246 -0.9992676,-0.10333333 -0.15888889 0.26666668,0.58 -0.34 9.61,94 94 91,26
156,01110011,00000000,0.020690918 0.012390137 0.034484863 -0.9990845,-0.13222222 -0.14888889 0.30555555,0.57 -0.41 9.71,94 94 91,26
157,01110011,00000000,0.028625488 0.008911133 0.037353516 -0.99884033,-0.12111111 -0.1711111 0.33666667,0.6 -0.54 9.68,94 94 91,26
158,01110011,00000000,0.037475586 0.005065918 0.03942871 -0.9984741,-0.05 -0.16222222 0.39444444,0.74 -0.72 9.66,94 94 91,26
159,01110011,00000000,0.04840088 0.002380371 0.0390625 -0.99798584,0.04888889 -0.112222224 0.50222224,0.74 -0.65 9.52,95 94 91,26
160,01110011,00000000,0.06213379 -0.0006713867 0.0390625 -0.9972534,-0.072222225 -0.18 0.62777776,0.67 -0.32 9.58,95 94 91,26
161,01110011,00000000,0.080078125 -0.0025634766 0.041748047 -0.9958496,-0.09222222 0.013333334 0.84555554,1.18 -0.92 9.73,96 94 91,26
162,01110011,00000000,0.10253906 0.0034179688 0.041931152 -0.9937744,0.04 0.29 1.01,264.6 -0.01 -0.01,96 94 91,26
163,01110011,00000000,0.1251831 0.0107421875 0.04095459 -0.99121094,0.062222224 0.19777778 0.91444445,0.41 -0.54 9.54,94 94 91,26
164,01110011,00000000,0.14355469 0.013122559 0.039916992 -0.98864746,0.02 -0.027777778 0.6888889,0.4 -0.53 9.5,93 94 91,26
165,01110011,00000000,0.15655518 0.010314941 0.039733887 -0.9868164,-0.078888886 -0.21222222 0.46333334,0.47 -0.46 9.57,93 94 91,26
166,01110011,00000000,0.16595459 0.0060424805 0.04071045 -0.9852295,-0.022222223 -0.107777774 0.36444443,1.02 -0.99 9.65,94 94 91,26
167,01110011,00000000,0.1741333 0.007385254 0.03942871 -0.9838257,0.096666664 0.13333334 0.33444443,0.84 -0.73 9.74,94 94 91,26
168,01110011,00000000,0.18054199 0.012390137 0.037597656 -0.98272705,0.08555555 0.19 0.23333333,0.51 -0.48 9.49,94 94 91,26
169,01110011,00000000,0.18292236 0.01373291 0.038513184 -0.98223877,-0.12888889 -0.046666667 0.0055555557,0.23 -0.2 9.41,94 94 91,26
170,01110011,00000000,0.1720581 0.009094238 0.043029785 -0.982605,-0.26777777 -0.19333333 -15.6455555,0.64 -0.74 9.61,94 94 91,26
171,01110011,00000000,0.17407227 0.005004883 0.04724121 -0.9835205,-0.1711111 -0.09888889 -0.2888889,0.82 -1.02 9.68,94 94 91,26
172,01110011,00000000,0.1652832 0.003540039 0.048583984 -0.98498535,-0.026666667 -0.018888889 -0.40444446,0.67 -1.01 9.64,94 94 91,26
173,01110011,00000000,0.15405273 0.002319336 0.047668457 -0.98687744,0.034444444 -0.05 -0.4977778,0.51 -0.74 9.58,94 94 91,26
174,01110011,00000000,0.14434814 -0.00061035156 0.047180176 -0.9883423,-0.008888889 -0.18111111 -0.5288889,0.66 -0.97 9.71,94 94 91,26
175,01110011,00000000,0.13006592 -0.005493164 0.041870117 -0.99053955,0.27888888 -0.15222222 -0.5088889,0.89 -1.33 9.64,93 94 91,26
176,01110011,00000000,0.12286377 -0.006713867 0.03277588 -0.9918213,0.4488889 -0.096666664 -0.27,0.72 -0.24 9.57,93 93 91,26
177,01110011,00000000,0.12487793 -0.00592041 0.02557373 -0.99176025,0.16444445 0.046666667 0.22333333,0.96 -0.17 9.45,93 92 91,26
178,01110011,00000000,0.1383667 0.00036621094 0.024353027 -0.99005127,0.07333333 0.28777778 0.6588889,0.75 -0.49 9.7,93 93 91,26
179,01110011,00000000,0.15753174 0.008728027 0.021911621 -0.9871826,0.18555556 0.3077778 0.85333335,0.5 -0.54 -0.01,92 94 91,26
180,01110011,00000000,0.17858887 0.015136719 0.01751709 -0.98358154,0.19888888 0.18777777 0.91888887,0.37 -0.07 9.68,91 95 91,26
181,01110011,00000000,0.20117188 0.020385742 0.014221191 -0.979187,0.15555556 0.18666667 0.98777777,0.55 -0.22 9.65,90 96 91,26
182,01110011,00000000,0.22515869 0.028381348 0.011047363 -0.9737549,0.18333334 0.33555555 1.0522223,0.54 -0.2 9.85,89 97 91,26
183,01110011,00000000,0.24859619 0.03967285 0.006652832 -0.9677124,0.28 0.44666666 1.0144445,0.24 -0.04 9.61,87 98 91,26
184,01110011,00000000,0.2682495 0.049621582 0.0028076172 -0.9619751,0.20444444 0.33333334 0.8233333,-0.2 0.41 9.78,85 100 91,26
185,01110011,00000000,0.28308105 0.051696777 0.0018920898 -0.9576416,-0.055555556 0.0033333334 0.61444443,-0.25 0.65 9.45,84 101 91,26
186,01110011,00000000,0.29577637 0.04724121 0.0065307617 -0.9539795,-0.31444445 -0.115555555 0.5277778,0.29 0.2 9.23,85 100 91,26
187,01110011,00000000,0.2970581 0.049804688 0.010620117 -0.9510498,-0.07111111 0.24555555 0.33444443,0.31 0.01 9.41,86 98 91,26
188,01110011,00000000,0.3027954 0.050354004 0.016113281 -0.9515381,-0.2911111 -0.0011111111 -0.21333334,-0.55 0.41 9.96,86 98 91,26
189,01110011,00000000,0.28729248 0.042297363 0.015991211 -0.9567261,0.04 -0.38555557 -0.81222224,-0.04 -0.73 9.68,87 98 91,26
190,01110011,00000000,0.26037598 0.034118652 0.009399414 -0.9647827,0.18888889 -0.41444445 -1.2555555,0.16 0.06 9.76,86 97 91,26
191,01110011,00000000,0.23028564 0.027038574 0.0071411133 -0.97265625,0.055555556 -0.27222222 -1.2944444,0.43 -0.01 9.69,84 95 91,26
192,01110011,00000000,0.20300293 0.024230957 0.006713867 -0.9788208,0.013333334 -0.075555556 -1.1444445,0.43 -0.04 9.7,83 95 91,26
193,01110011,00000000,0.17871094 0.023254395 0.006591797 -0.9835205,0.035555556 -0.04888889 -1.0211111,0.21 -0.13 9.63,84 95 91,26
194,01110011,00000000,0.15673828 0.020141602 0.0051879883 -0.98742676,0.06111111 -0.18444444 -0.9166667,0.15 -0.03 9.66,85 95 91,26
195,01110011,00000000,0.13970947 0.015258789 0.0045776367 -0.99005127,-0.015555556 -0.22888888 -0.66888887,0.37 0.16 9.58,85 95 91,26
196,01110011,00000000,0.1315918 0.011779785 0.0072021484 -0.99121094,-0.16222222 -0.10555556 -0.26222223,0.55 0.12 309.03,1 8 91,26
197,01110011,00000000,0.1328125 0.00982666 0.013916016 -0.9909668,-0.33777776 -0.057777777 0.12111111,0.4 0.06 9.53,86 95 91,26
198,01110011,00000000,0.1395874 0.00579834 0.0211792 -0.98986816,-0.30555555 -0.15111111 0.31,0.55 -0.61 9.85,87 95 91,26
199,01110011,00000000,0.14916992 0.0022583008 0.021911621 -0.9885254,0.015555556 -0.15222222 0.42666668,0.69 -0.74 9.74,88 94 91,26
200,01110011,00000000,0.15997314 0.00024414062 0.019897461 -0.98687744,0.07777778 -0.1 0.6611111,0.75 -0.24 9.61,89 94 91,26
201,01110011,00000000,0.18035889 0.0005493164 0.020629883 -0.9833374,-0.11666667 0.072222225 1.0033333,0.82 -0.12 9.48,90 94 91,26
202,01110011,00000000,0.20654297 0.0032958984 0.026123047 -0.97802734,-0.2588889 0.17222223 1.1844444,0.72 -0.48 9.65,90 93 91,26
203,01110011,00000000,0.23321533 0.0067749023 0.03161621 -0.97180176,-0.16333333 0.12555556 1.0966667,0.52 -0.76 9.62,89 91 91,26
204,01110011,00000000,0.25506592 0.005554199 0.0056152344 -0.010070801,-0.0055555557 -0.07 0.8322222,0.51 -0.85 9.7,89 90 91,26
205,01110011,00000000,0.2711792 0.005432129 0.030700684 -0.9619751,0.107777774 -0.12666667 0.63666666,0.69 -0.67 9.63,90 90 91,26
206,01110011,00000000,0.28515625 0.005126953 0.027526855 -0.9580078,0.10555556 0.017777778 0.61444443,0.83 -0.56 9.6,91 91 91,26
207,01110011,00000000,0.29901123 0.008483887 0.026428223 -0.95373535,0.018888889 0.15888889 0.60555553,0.56 -0.36 9.58,91 92 91,26
208,01110011,00000000,0.3109131 0.011657715 0.027893066 -0.94989014,-0.06555556 0.107777774 0.45444444,0.43 -0.57 9.58,91 92 91,26
209,01110011,00000000,0.31744385 0.012207031 0.02911377 -0.9476929,-0.028888889 -0.032222223 0.17333333,0.35 -0.65 9.64,91 92 91,26
210,01110011,00000000,0.3178711 0.010131836 0.028198242 -0.94763184,0.036666665 -0.09888889 -0.062222224,0.56 -0.67 9.59,91 92 91,26
211,01110011,00000000,0.31518555 0.009277344 0.026733398 -0.94854736,0.025555555 -0.006666667 -0.14,0.62 -0.52 9.65,91 92 91,26
212,01110011,00000000,0.31134033 0.010009766 0.026855469 -0.9498291,-0.02 0.04888889 -0.19555555,0.46 -0.46 9.54,91 92 91,26
213,01110011,00000000,0.30548096 0.010253906 0.027832031 -0.95166016,-0.0022222223 0.008888889 -0.30555555,0.45 -0.83 9.74,34 367 -15617,26
214,01110011,00000000,0.29638672 0.0107421875 0.024353027 -0.9546509,0.26666668 -0.034444444 -0.45666668,0.45 -0.83 9.71,91 92 91,26
215,01110011,00000000,0.2852173 0.011230469 0.016784668 -0.9581909,0.30666667 -0.08444444 -0.48,0.37 -0.23 9.56,91 92 91,26
216,01110011,00000000,0.27630615 0.010803223 0.012084961 -0.96087646,0.093333334 -0.04111111 -0.30555555,0.5 0.03 9.41,91 91 91,26
217,01110011,00000000,0.2727661 0.010803223 0.013549805 -0.961853,-0.2 0.031111112 -0.064444445,0.42 -0.1 9.56,91 91 91,26
218,01110011,00000000,0.27313232 0.010192871 0.019165039 -0.96173096,-0.18 0.045555554 0.016666668,0.57 -0.71 9.69,91 91 91,26
219,01110011,00000000,0.272583 0.010437012 0.020568848 -0.961792,0.015555556 -0.0044444446 -0.046666667,0.43 -0.69 9.73,91 91 91,26
220,01110011,00000000,0.27148438 0.010009766 0.019042969 -0.96209717,0.078888886 -0.04777778 -0.035555556,0.51 -0.49 9.62,91 91 91,26
221,01110011,00000000,0.27209473 0.0095825195 0.0056152344 -0.010070801,0.0055555557 -0.033333335 0.072222225,0.45 -0.27 9.62,91 91 91,26
222,01110011,00000000,0.27459717 0.009033203 0.017944336 -0.9613037,-0.01 -0.008888889 0.12666667,0.6 -0.5 9.64,91 91 91,26
223,01110011,00000000,0.27789307 0.009887695 0.01751709 -0.96032715,0.04222222 0.046666667 0.15444444,0.59 -0.44 9.64,91 91 91,26
224,01110011,00000000,0.28167725 0.011657715 0.017211914 -0.9592285,0.015555556 0.07111111 0.17222223,0.52 -0.36 9.57,91 91 91,26
225,01110011,00000000,0.2852173 0.013061523 0.018005371 -0.9581299,-0.046666667 0.04111111 0.13444445,0.45 -0.32 9.54,91 91 91,26
226,01110011,00000000,0.28686523 0.012084961 0.019958496 -0.9576416,-0.13777778 -0.08222222 0.024444444,0.35 -0.31 9.65,91 91 91,26
227,01110011,00000000,0.28588867 0.0087890625 0.020507812 -0.9579468,0.08111111 -0.13777778 -0.093333334,0.57 -1.15 9.96,91 91 91,26
228,01110011,00000000,0.28289795 0.0076904297 0.011291504 -0.9589844,0.48777777 -0.16 -0.12,0.56 -0.81 9.84,91 91 91,26
229,01110011,00000000,0.28338623 0.010009766 -0.001953125 -0.9588623,0.58 0.036666665 0.15777777,0.78 -0.15 9.53,91 91 91,26
230,01110011,00000000,0.29248047 0.018127441 -0.0115356445 -0.9559326,0.37777779 0.31444445 0.57,0.61 0.43 9.66,91 5 -14593,26
231,01110011,00000000,0.30999756 0.028442383 -0.014404297 -0.9501343,0.14444445 0.42 0.87777776,0.29 0.4 9.55,90 94 91,26
232,01110011,00000000,0.3314209 0.03729248 -0.0138549805 -0.9425659,0.025555555 0.34444445 0.9711111,0.07 0.29 9.88,88 95 91,26
233,01110011,00000000,0.352417 0.041259766 -0.00982666 -0.93481445,-0.24333334 0.15 0.89555556,-0.01 0.27 10.35,87 95 91,26
234,01110011,00000000,0.37121582 0.04058838 -0.003967285 -0.9276123,-0.23888889 0.08111111 0.8011111,0.24 -0.04 10.38,87 94 91,26
235,01110011,00000000,0.38775635 0.04309082 0.0010986328 -0.9206543,-0.17222223 0.28777778 0.7122222,0.33 0.02 10.47,87 93 91,26
236,01110011,00000000,0.40203857 0.047729492 0.0048217773 -0.91430664,-0.0044444446 0.14888889 0.6,-0.2 -0.18 9.85,86 92 91,26
237,01110011,00000000,0.41290283 0.047180176 -0.0020751953 -0.90948486,0.41333333 -0.29 0.45333335,-0.04 -0.31 9.32,86 92 91,26
238,01110011,00000000,0.42041016 0.046142578 -0.017028809 -0.010070801,0.5588889 -0.22222222 0.33444443,0.46 0.07 8.92,88 94 91,26
239,01110011,00000000,0.4260254 0.048339844 -0.024719238 -0.9030762,0.06555556 0.064444445 0.23777778,0.34 0.83 8.64,89 95 91,26
240,01110011,00000000,0.43017578 0.045288086 -0.016113281 -0.9013672,-0.63 -0.043333333 0.12222222,-0.16 0.55 9.09,90 95 91,26
241,01110011,00000000,0.4315796 0.03100586 -0.004638672 -0.90148926,-0.5555556 -0.5177778 -0.024444444,-0.13 -0.55 9.35,91 94 91,26
242,01110011,00000000,0.42895508 0.018920898 -0.012268066 -0.9029541,0.46222222 -0.5688889 -0.17222223,0.51 -0.6 9.55,91 94 91,26
243,01110011,00000000,0.42364502 0.019226074 -0.027832031 -0.90509033,0.51111114 -0.031111112 -0.2588889,0.72 0.52 9.8,91 94 91,26
244,01110011,00000000,0.41729736 0.024902344 -0.027526855 -0.907959,-0.16444445 0.2988889 -0.34111112,0.27 0.46 10.25,91 93 91,26
245,01110011,00000000,0.4081421 0.031066895 -0.020690918 -0.9121094,-0.02111111 0.42222223 -0.51,0.54 -0.4 9.62,92 94 91,26
246,01110011,00000000,0.3947754 0.04711914 -0.016906738 -0.9173584,0.18333334 0.7488889 -0.65555555,0.31 0.25 9.34,94 94 91,26
247,01110011,00000000,0.37774658 0.058776855 -0.0053100586 -0.9239502,-0.38777778 0.51222223 -0.83666664,-0.48 0.85 9.21,97 93 255,26
248,01110011,00000000,0.35766602 0.0546875 0.01550293 -0.9320679,-0.89 0.10555556 -0.98777777,0.05 0.03 9.66,100 95 91,26
249,01110011,00000000,0.33294678 0.05029297 0.028076172 -0.9411011,-0.2888889 -0.01 -1.1822222,0.45 -1.6 10.73,100 101 91,26
250,01110011,00000000,0.30151367 0.06213379 0.009216309 -0.951355,1.2855556 0.30333334 -1.3755555,0.27 -0.72 10.2,99 103 91,26
251,01110011,00000000,0.2647705 0.07733154 -0.018249512 -0.9609375,1.3088889 0.18111111 -1.5455556,-0.51 1.21 10.02,101 91 91,26
252,01110011,00000000,0.22619629 0.068847656 -0.020507812 -0.9713745,-0.21555555 -0.61777776 -1.6855556,-0.61 1.26 9.78,102 78 91,26
253,01110011,00000000,0.18536377 0.0368042 -0.003479004 -0.9819336,-0.9822222 -1.3411111 -1.8211111,0.32 -0.52 9.73,95 82 91,26
254,01110011,00000000,0.14068604 0.013305664 -0.0043945312 -0.9899292,0.23 -0.82 -1.9322222,1.21 -1.62 9.12,79 95 91,26
255,01110011,00000000,0.09283447 0.018127441 -0.03515625 -0.99487305,1.5311111 0.20555556 -2.0255556,0.69 -0.36 8.34,71 92 91,26
0,01110011,00000000,0.04321289 0.026123047 -0.05505371 -0.9971924,0.63222224 0.104444444 -2.088889,-0.75 2.24 10.11,76 72 91,26
1,01110011,00000000,-0.0075683594 0.010803223 -0.028442383 -0.9994507,-1.4855555 -0.97333336 -2.1477778,-0.63 1.18 10.5,79 66 91,26
2,01110011,00000000,-0.0602417 -0.023498535 0.016845703 -0.9977417,-1.8522222 -1.6088889 -2.2077777,1.23 -0.98 12.98,67 90 91,26
3,01110011,00000000,-0.1126709 -0.032287598 0.036315918 -0.9923706,-0.48 0.26222223 -2.1844444,2.03 -0.89 10,47 117 91,26
4,01110011,00000000,-0.16442871 0.0016479492 0.028442383 -0.9859009,0.19555555 1.7844445 -2.1444445,0.81 -0.57 7.33,55 122 91,26
5,01110011,00000000,-0.20587158 0.030639648 0.013366699 -0.9779663,0.6433333 1.3733333 -2.201111,-1.58 -0.19 7.97,83 117 91,26
6,01110011,00000000,-0.27044678 0.023803711 -0.0004272461 -0.96240234,0.55 -0.7977778 -2.3588889,-2.07 0.57 9.76,103 106 91,26
7,01110011,00000000,-0.32476807 -0.00036621094 0.013305664 -0.9456787,-0.47555557 -0.9822222 -2.4033334,1.5 1.19 9.73,90 96 91,26
8,01110011,00000000,-0.3779297 0.029174805 0.029663086 -0.9248657,-1.21 1.4855555 -2.37,2.49 0.35 8.36,75 103 91,26
9,01110011,00000000,-0.43096924 0.0770874 0.031799316 -0.8984375,-0.62 1.8333334 -2.4455554,-1.04 -1.26 10.53,99 121 92,26
10,01110011,00000000,-0.4883423 0.08526611 0.006591797 -0.8684082,1.4666667 0.8655556 -2.6622221,-0.1 -2.4 9.77,127 128 92,26
11,01110011,00000000,-0.5498047 0.06982422 -0.032104492 -0.83166504,1.9011111 0.21444444 -2.9233334,-0.86 0.56 8.17,138 99 92,26
12,01110011,00000000,-0.61151123 0.044799805 -0.024597168 -0.7895508,0.13777778 -1.4411111 -3.1555555,-2.39 2.83 9.4,138 62 92,26
13,01110011,00000000,-0.66760254 0.026794434 0.043640137 -0.74261475,-2.0122223 -2.291111 -3.1522222,1.64 1.18 10.06,105 62 92,26
14,01110011,00000000,-0.71795654 0.046020508 0.07659912 -0.69018555,-1.4555556 0.39444444 -3.0177777,2.38 -1.03 10.17,58 107 92,26
15,01110011,00000000,-0.7659302 0.045654297 0.088012695 -0.63513184,-0.06666667 -0.4211111 -3.1144445,-1.89 -1.37 9.68,69 134 92,26
16,01110011,00000000,-0.809021 0.0013427734 0.10424805 -0.57836914,1.0711111 -1.5222223 -3.1888888,0.7 -0.42 9.69,63 131 92,26
17,01110011,00000000,-0.8493042 -0.014343262 0.08282471 -0.5210571,0.6711111 1.1433333 -2.958889,0 0.16 11.07,35 105 93,26
18,01110011,00000000,-0.8847046 -0.002380371 0.058410645 -0.4623413,-0.4077778 0.98 -2.8455555,-1.26 1.3 10.25,63 91 93,26
19,01110011,00000000,-0.9141846 0.019470215 0.05731201 -0.40057373,-1.0555556 0.5566667 -2.81,1.11 0.29 8.61,84 99 93,26
20,01110011,00000000,-0.9394531 0.051208496 0.023620605 -0.3378296,-0.6677778 2.3255556 -2.7,1.3 -0.75 9.09,95 118 93,26
21,01110011,00000000,-0.9550171 0.071899414 -0.0014648438 -0.28753662,-0.7022222 1.1677778 -2.6755555,-2.03 0.61 9.56,135 127 93,26
22,01110011,00000000,-0.96972656 0.089416504 0.007873535 -0.22680664,-0.55777776 -0.40444446 -2.63,-0.01 -0.79 10.5,151 136 93,26
23,01110011,00000000,-0.9816284 0.08795166 0.013000488 -0.16851807,0.31111112 0.33888888 -2.43,0.6 -0.48 9.75,139 141 93,26
24,01110011,00000000,-0.99053955 0.0748291 0.014404297 -0.1138916,0.74777776 -0.36888888 -2.27,-1.16 -0.47 8.97,140 131 93,26
25,01110011,00000000,-1 0.04626465 0.028808594 -0.064331055,1.2355555 -32.996666 18.48889,1.42 0.07 8.15,130 116 93,26
26,01110011,00000000,-0.99938965 0.022399902 0.0126953125 -0.020324707,0.74 1.1855556 -1.7222222,0.51 0.62 8.21,122 97 93,26
27,01110011,00000000,-0.99975586 0.0107421875 0.0008544922 0.017578125,0.38444445 -0.3311111 -1.5222223,-2.3 0.39 8.92,132 88 93,26
28,01110011,00000000,-0.9980469 0.004760742 0.0357666 0.05041504,0.22555555 -1.7011111 -1.278889,0.81 0.3 9.39,125 85 93,26
29,01110011,00000000,-0.9958496 0.0008544922 0.051757812 0.074523926,0.09111111 0.14444445 -0.85333335,1.7 0.29 9.58,108 84 93,26
30,01110011,00000000,-0.9951172 -0.001159668 0.0413208 0.0892334,0.03 0.24555555 -0.48777777,-0.8 0.06 9.65,107 85 93,26
31,01110011,00000000,-0.9937134 0.005004883 0.054626465 0.09741211,-0.6488889 -1.1766666 -0.23666666,-1.04 1.7 8.83,107 86 93,26
32,01110011,00000000,-0.9908447 0.041870117 0.079589844 0.09991455,-1.69 -0.65555555 0.1388889,2.46 -0.45 10.47,104 88 93,26
33,01110011,00000000,-0.993103 0.04650879 0.054016113 0.09222412,1.0766667 1.9322222 0.56,1.39 -3.19 10.87,104 87 93,26
34,01110011,00000000,-0.9970093 -0.009765625 0.018188477 0.074401855,2.44 1.1244445 0.8188889,-55.25 -2.5 -0.01,96 92 93,26
35,01110011,00000000,-0.9977417 -0.04046631 0.013061523 0.050598145,0.53444445 0.045555554 1.0966667,-0.09 1.35 9.67,90 105 93,26
36,01110011,00000000,-0.9986572 -0.044311523 0.014282227 0.020507812,0.16444445 -0.032222223 1.3577778,-0.06 -0.13 9.28,90 108 93,26
37,01110011,00000000,-0.99853516 -0.046020508 0.022460938 -0.013977051,-0.12888889 -0.47 1.5311111,-0.29 0.77 9.51,91 108 93,26
38,01110011,00000000,-0.9974365 -0.03363037 0.035095215 -0.051635742,-0.6811111 -0.23222223 1.6922222,0.98 0.4 9.2,96 105 93,26
39,01110011,00000000,-0.99505615 -0.012023926 0.02911377 -0.093566895,-0.8922222 0.64444447 1.8422222,0.33 0.25 9.43,98 96 93,26
40,01110011,00000000,-0.9902344 0.012329102 0.019042969 -0.13745117,-0.9711111 0.34111112 1.9033333,-0.48 0.29 9.55,90 85 93,26
41,01110011,00000000,-0.98236084 0.038208008 0.018859863 -0.18206787,-1.028889 0.064444445 1.9422222,0.06 -0.19 9.92,86 74 93,26
42,01110011,00000000,-0.9841919 0.057006836 0.017822266 -0.22711182,-0.52555555 0.101111114 -12.8,-0.07 -0.36 10.13,86 63 93,26
43,01110011,00000000,-0.9597168 0.066101074 0.020751953 -0.27209473,-0.39666668 -0.37333333 1.94,-0.41 0.03 9.84,86 59 93,26
44,01110011,00000000,-0.94555664 0.070251465 0.032226562 -0.315979,-0.16333333 -0.5588889 1.8777778,0.31 -0.42 9.62,92 58 93,26
45,01110011,00000000,-0.9310303 0.06213379 0.038879395 -0.35742188,0.56666666 -0.6011111 1.7433333,-0.13 -0.5 9.47,99 60 93,26
46,01110011,00000000,-0.9163208 0.040527344 0.047912598 -0.39526367,0.76 -0.86777776 1.5866667,0.17 0.06 9.63,105 70 93,26
47,01110011,00000000,-0.9014282 0.022277832 0.053649902 -0.42889404,0.58555555 -0.35555556 1.4422222,0.83 0.09 9.95,113 80 93,26
48,01110011,00000000,-0.8873291 0.012329102 0.04888916 -0.45819092,0.42222223 0.086666666 1.2711111,0.41 0.25 9.79,114 87 93,26
49,01110011,00000000,-0.8748169 0.009887695 0.043701172 -0.48236084,0.15888889 0.08888889 1.0444444,0.07 0.2 9.57,111 91 93,26
50,01110011,00000000,-0.8643799 0.010192871 0.0390625 -0.5010376,0.055555556 0.3 0.8088889,0.56 0.22 9.64,109 92 93,26
51,01110011,00000000,-0.8568115 0.016235352 0.02923584 -0.51434326,-0.014444444 0.47333333 0.5466667,0 -2.44 -0.01,106 93 93,26
52,01110011,00000000,-0.85253906 0.021484375 0.025634766 -0.5214844,-0.20888889 0.08888889 0.23111111,-0.14 0.35 10.09,103 93 93,26
53,01110011,00000000,-0.85180664 0.029418945 0.026428223 -0.52227783,-0.3211111 0.25666666 -0.06888889,0.49 -0.01 9.49,102 93 93,26
54,01110011,00000000,-0.85498047 0.0357666 0.018676758 -0.5170288,0.19555555 0.50222224 -0.34888887,0.28 -0.59 9.31,101 93 93,26
55,01110011,00000000,-0.86157227 0.03277588 0.0052490234 -0.5064087,0.4677778 0.3988889 -0.6066667,-0.12 -0.05 10.2,102 93 93,26
56,01110011,00000000,-0.87060547 0.029541016 0.004760742 -0.49102783,-0.13222222 -0.36 -0.8377778,-0.58 0.53 9.69,103 91 93,26
57,01110011,00000000,-0.8807373 0.029968262 0.020019531 -0.4720459,-0.41333333 -0.45777777 -0.96555555,0.55 0.2 9.44,100 92 93,26
58,01110011,00000000,-0.89141846 0.033691406 0.026916504 -0.4508667,-0.17444444 0.0044444446 -1.0177778,0.4 -0.1 9.08,97 95 93,26
59,01110011,00000000,-0.90625 0.036071777 0.03314209 -0.42852783,-0.3188889 -0.3422222 -1.0644444,-0.39 0.42 9.07,97 96 93,26
60,01110011,00000000,-0.91186523 0.03717041 0.047546387 -0.40582275,-0.24222222 -0.39444444 -1.0411111,0.64 -0.15 9.39,94 98 93,26
61,01110011,00000000,-0.9210205 0.04058838 0.04626465 -0.38446045,-0.13333334 0.5 -0.91444445,0.76 0.03 9.93,91 99 93,26
62,01110011,00000000,-0.92871094 0.048583984 0.04119873 -0.36505127,-0.36444443 0.06111111 -0.8233333,-0.83 0.29 10.32,94 99 93,26
63,01110011,00000000,-0.93444824 0.051635742 0.053771973 -0.34796143,-0.22777778 -0.5366667 -0.73333335,0.15 -0.25 9.77,94 101 93,26
64,01110011,00000000,-0.93963623 0.045532227 0.05731201 -0.33422852,0.47333333 0.19444445 -0.57,1.11 -0.64 9.14,92 101 93,26
65,01110011,00000000,-0.9446411 0.033325195 0.033691406 -0.32434082,0.89555556 0.9911111 -0.40222222,0.17 -0.21 9.84,93 99 93,26
66,01110011,00000000,-0.94781494 0.014343262 0.0073242188 -0.3182373,1.1633333 0.67 -0.24666667,-0.66 -0.01 9.98,96 96 93,26
67,01110011,00000000,-0.9489746 -0.005859375 -0.0012817383 -0.31518555,0.79444444 -0.044444446 -0.10333333,-0.38 1.26 9.58,97 94 93,26
68,01110011,00000000,-0.94873047 -0.0048828125 0.009033203 -0.31585693,-0.39444444 -0.48666668 0.06666667,-0.03 0.8 -190.78,0 70 93,26
69,01110011,00000000,-0.9470215 0.011169434 0.027038574 -0.31958008,-0.9811111 -0.46555555 0.21444444,0.47 0.26 9.38,97 94 93,26
70,01110011,00000000,-0.94403076 0.032409668 0.03967285 -0.32580566,-0.9811111 -0.18222222 0.32666665,0.05 -0.18 9.91,97 93 93,26
71,01110011,00000000,-0.9401245 0.045959473 0.0513916 -0.33361816,-0.6711111 -0.30444443 0.37555555,0.2 -0.15 9.92,97 91 93,26
72,01110011,00000000,-0.9361572 0.05419922 0.057556152 -0.34240723,-0.3211111 -0.08222222 0.41666666,0.55 -0.46 9.67,98 90 93,26
73,01110011,00000000,-0.93310547 0.049194336 0.05279541 -0.35229492,0.22333333 0.28444445 0.45,0.26 -0.34 9.6,98 90 93,26
74,01110011,00000000,-0.9300537 0.0390625 0.04034424 -0.3630371,0.66555554 0.32555556 0.47666666,-0.03 -0.26 10.19,97 91 93,26
75,01110011,00000000,-0.9262085 0.024475098 0.03363037 -0.37451172,0.6388889 -0.093333334 0.5,-0.56 0.49 9.56,96 93 93,26
76,01110011,00000000,-0.9213867 0.00579834 0.0057373047 -0.0099487305,0.41444445 -0.54333335 0.51222223,0.62 0.17 9.3,96 95 93,26
77,01110011,00000000,-0.9163208 0.0067749023 0.03668213 -0.39855957,0.17222223 0.25333333 0.5655556,0.78 0.49 9.58,98 96 93,26
78,01110011,00000000,-0.9110718 0.0146484375 0.028381348 -0.4109497,-0.21111111 0.40333334 0.57555556,-0.42 0.25 9.75,97 97 93,26
79,01110011,00000000,-0.9057617 0.022338867 0.030761719 -0.42193604,-0.35555556 -0.05 0.50333333,0.15 0.16 9.41,95 96 93,26
80,01110011,00000000,-0.901001 0.031555176 0.032836914 -0.43133545,-0.37888888 0.13444445 0.4377778,0.41 -0.11 9.6,95 95 93,26
81,01110011,00000000,-0.89733887 0.03656006 0.029052734 -0.43878174,-0.027777778 0.21 0.34111112,-0.23 -0.22 9.77,95 94 93,26
82,01110011,00000000,-0.89489746 0.03125 0.029174805 -0.4440918,0.21333334 -0.15444444 0.21222222,-0.09 -0.09 9.82,95 94 93,26
83,01110011,00000000,-0.89349365 0.021911621 0.03173828 -0.44732666,0.28 -0.21333334 0.115555555,0.21 0.11 9.59,95 94 93,26
84,01110011,00000000,-0.89276123 0.014587402 0.035217285 -0.4487915,0.062222224 -0.13444445 0.03888889,0.17 0.29 9.54,95 94 93,26
85,01110011,00000000,-0.89282227 0.012939453 0.039123535 -0.44836426,-0.09 -0.11888889 -0.035555556,0.07 0.2 9.55,154 364 -6401,26
86,01110011,00000000,-0.8935547 0.013183594 0.04498291 -0.44628906,-0.13222222 -0.21 -0.112222224,0.09 0 9.73,95 94 93,26
87,01110011,00000000,-0.8953247 0.01361084 0.049804688 -0.4423828,-0.12777779 -0.14333333 -0.19222222,0.18 0.11 10.08,95 94 93,26
88,01110011,00000000,-0.89764404 0.013427734 0.05255127 -0.43725586,-0.06666667 -0.046666667 -0.25,0.4 0.05 9.82,95 94 93,26
89,01110011,00000000,-0.9008789 0.018066406 0.046142578 -0.43115234,-0.09111111 0.46333334 -0.28111112,0.54 0.13 9.61,95 94 93,26
90,01110011,00000000,-0.90441895 0.023071289 0.03894043 -0.4241333,-0.05111111 0.31 -0.3288889,-0.26 0 9.55,96 94 93,26
91,01110011,00000000,-0.9081421 0.022155762 0.03765869 -0.41625977,0.05888889 0.01 -0.37333333,0.11 0.03 9.61,97 94 93,26
92,01110011,00000000,-0.9121094 0.022460938 0.031555176 -0.40802002,0.09222222 0.3422222 -0.37666667,0.53 0.05 9.58,97 94 93,26
93,01110011,00000000,-0.9159546 0.023254395 0.005493164 -0.0099487305,0.05 0.24222222 -0.38666666,-0.29 0.07 9.73,98 94 93,26
94,01110011,00000000,-0.91967773 0.020080566 0.030029297 -0.3909912,0.012222222 -0.34555554 -0.40666667,-0.26 0.23 9.65,98 94 93,26
95,01110011,00000000,-0.92303467 0.017944336 0.038879395 -0.38226318,-0.09222222 -0.33222222 -0.40222222,0.32 0.17 9.54,97 94 93,26
96,01110011,00000000,-0.9254761 0.020629883 0.046569824 -0.37524414,-0.47111112 -0.38 -0.3911111,-0.17 0.68 10.02,96 94 93,26
97,01110011,00000000,-0.9276123 0.028259277 0.0690918 -0.36590576,-0.58555555 -0.9777778 -0.42222223,-0.24 -0.57 10.39,95 95 93,26
98,01110011,00000000,-0.9299927 0.015808105 0.08538818 -0.3571167,0.80222225 -0.4677778 -0.43888888,1.17 -1.16 9.53,92 97 93,26
99,01110011,00000000,-0.93395996 -0.01184082 0.06854248 -0.35040283,1.5266666 0.70111114 -0.39444444,1.01 -0.27 9.16,91 95 93,26
100,01110011,00000000,-0.93725586 -0.035095215 0.034606934 -0.3449707,1.1344445 1.0755556 -0.32555556,0.06 0.99 9.53,93 91 93,26
101,01110011,00000000,-0.93969727 -0.036315918 0.008544922 -0.3399048,-0.04111111 0.94555557 -0.25333333,0 0.95 9.4,95 89 93,26
102,01110011,00000000,-0.94177246 -0.017700195 -0.008117676 -0.3355713,-0.7733333 0.9588889 -0.20777778,0.21 0.71 9.01,97 150 -4609,26
103,01110011,00000000,-0.94317627 0.011962891 -0.020751953 -0.33129883,-1.0455556 0.79 -0.2211111,-0.49 -0.01 9.63,98 92 93,26
104,01110011,00000000,-0.94470215 0.03314209 -0.018005371 -0.32562256,-0.75222224 -0.30888888 -0.31111112,-1.03 -0.07 10.19,99 94 93,26
105,01110011,00000000,-0.9468994 0.04168701 0.00592041 -0.31848145,-0.5877778 -0.96444446 -0.37,0.15 -0.06 9.94,98 96 93,26
106,01110011,00000000,-0.94903564 0.04486084 0.025817871 -0.3109131,-0.22666667 -0.59 -0.3588889,0.37 -0.32 9.73,95 97 93,26
107,01110011,00000000,-0.95092773 0.038879395 0.044921875 -0.30358887,0.11666667 -1.1277778 -0.36555555,-0.67 -0.15 9.67,94 97 93,26
108,01110011,00000000,-0.951416 0.023803711 0.078125 -0.29675293,0.13222222 -1.59 -0.34666666,0.27 0.26 9.5,91 97 93,26
109,01110011,00000000,-0.9510498 0.0126953125 0.103027344 -0.2909546,0.18111111 -0.6988889 -0.25333333,1.2 -0.15 9.36,88 97 93,26
110,01110011,00000000,-0.9522095 0.0014038086 0.101623535 -0.0099487305,0.6522222 0.2611111 -0.15444444,0.66 -0.31 9.76,88 97 93,26
111,01110011,00000000,-0.9539795 -0.014099121 0.084106445 -0.28735352,0.91444445 0.6611111 -0.062222224,0.43 -0.01 9.86,89 96 93,26
112,01110011,00000000,-0.95513916 -0.025390625 0.057739258 -0.2892456,0.59555554 1.1311111 0.04777778,0.6 0.59 9.57,90 96 93,26
113,01110011,00000000,-0.95562744 -0.021911621 0.024108887 -0.29266357,0.107777774 1.4933333 0.12555556,0 0.51 9.82,90 96 93,26
114,01110011,00000000,-0.95495605 -0.008056641 -0.004272461 -0.29638672,-0.42 1.1477778 0.14888889,-0.42 0.63 9.96,89 96 93,26
115,01110011,00000000,-0.9537964 0.0138549805 -0.013183594 -0.2998047,-0.94555557 0.21666667 0.12555556,-0.88 0.32 9.89,89 95 93,26
116,01110011,00000000,-0.95269775 0.027160645 -0.0041503906 -0.30230713,-0.29222223 -0.27555555 0.08888889,0.45 -0.82 9.33,89 94 93,26
117,01110011,00000000,-0.95214844 0.026123047 -0.0040283203 -0.30438232,0.11666667 0.10222222 0.093333334,0.09 0.1 9.31,90 94 93,26
118,01110011,00000000,-0.9515991 0.024169922 0.0026855469 -0.30615234,-0.11333334 -0.73888886 0.03888889,-1.04 0.29 9.85,90 94 93,26
119,01110011,00000000,-0.95111084 0.018066406 0.031188965 -0.30664062,-0.086666666 -1.3244444 -0.02111111,0.46 -0.04 10.03,91 94 255,26
120,01110011,00000000,-0.9503174 0.010803223 0.05303955 -0.30645752,0.08777778 -0.7022222 -0.027777778,0.56 -0.12 9.73,91 94 93,26
121,01110011,00000000,-0.9498291 0.00079345703 0.06555176 -0.30566406,0.31666666 -0.6944444 -0.07777778,-0.12 -0.04 9.42,91 94 93,26
122,01110011,00000000,-0.9493408 -0.010131836 0.07928467 -0.30371094,0.11666667 -0.56666666 -0.10888889,0.68 0.62 9.18,91 94 93,26
123,01110011,00000000,-0.9498291 -0.007751465 0.08514404 -0.30078125,-0.28444445 0.033333335 -0.11444444,0.62 0.1 9.28,91 94 93,26
124,01110011,00000000,-0.951355 -0.00048828125 0.07910156 -0.29760742,-0.16777778 0.52444446 -0.12,0.53 0 9.74,91 94 93,26
125,01110011,00000000,-0.95336914 0.007080078 0.06347656 -0.2947998,-0.06666667 0.8377778 -0.10888889,0.32 -0.1 9.87,92 94 93,26
126,01110011,00000000,-0.95526123 0.012390137 0.041870117 -0.29241943,0.054444443 1.0455556 -0.086666666,0.27 -0.01 9.65,93 94 93,26
127,01110011,00000000,-0.95654297 0.016845703 0.017333984 -0.29040527,0.11444444 1.0377778 -0.06666667,-0.12 0.06 9.64,94 94 93,26
128,01110011,00000000,-0.9571533 0.01940918 -6.1035156E-05 -0.2886963,0.09111111 0.44555557 -0.06333333,-0.47 0.12 9.79,95 94 93,26
129,01110011,00000000,-0.9576416 0.01727295 -0.00061035156 -0.2871704,0.044444446 -0.11 -0.06666667,-0.33 0.06 9.69,95 94 93,26
130,01110011,00000000,-0.9580078 0.01171875 0.008666992 -0.28607178,0.09888889 -0.44555557 -0.05,-0.17 0.05 9.65,95 94 93,26
131,01110011,00000000,-0.95806885 0.0041503906 0.023986816 -0.2854004,0.107777774 -0.82222223 -0.026666667,-0.24 0.05 9.66,95 94 93,26
132,01110011,00000000,-0.9572754 -0.0034179688 0.046325684 -0.28527832,-0.043333333 -1.0544444 0.0055555557,0.04 0.22 9.68,95 94 93,26
133,01110011,00000000,-0.9556885 -0.008056641 0.068725586 -0.28588867,-0.08555555 -0.8433333 0.05666667,0.45 0.09 9.58,95 94 93,26
134,01110011,00000000,-0.9540405 -0.00982666 0.082458496 -0.28771973,-0.10666667 -0.40555555 0.11444444,0.52 0.08 9.61,95 94 93,26
135,01110011,00000000,-0.9528198 -0.008422852 0.086242676 -0.2906494,-0.07777778 -0.06666667 0.15444444,0.4 -0.07 9.77,95 94 93,26
136,01110011,00000000,-0.95202637 -0.0059814453 0.08227539 -0.29455566,-0.06333333 0.32666665 0.18888889,0.55 0.08 9.57,95 94 93,26
137,01110011,00000000,-0.95166016 -0.00048828125 0.068115234 -0.29937744,-0.057777777 0.8088889 0.22555555,0.5 0.12 9.58,95 94 93,26
138,01110011,00000000,-0.9512329 0.007446289 0.04840088 -0.30444336,-0.035555556 0.8933333 0.23,0.05 0.03 9.68,94 94 93,26
139,01110011,00000000,-0.9503174 0.012207031 0.030029297 -0.30944824,0.06 0.72444445 0.2188889,-0.07 0.1 9.75,93 94 93,26
140,01110011,00000000,-0.9490967 0.0134887695 0.017456055 -0.31396484,0.11888889 0.5188889 0.20111111,-0.06 -0.02 9.64,92 94 93,26
141,01110011,00000000,-0.947876 0.0107421875 0.010375977 -0.31799316,0.19444445 0.30333334 0.17333333,-0.16 0.02 9.68,92 94 93,26
142,01110011,00000000,-0.9468384 0.0048828125 0.010253906 -0.3213501,0.24555555 -0.11777778 0.13666667,-0.4 0.03 9.67,92 94 93,26
143,01110011,00000000,-0.9458008 -0.0037231445 0.01965332 -0.32385254,0.2 -0.56222224 0.10222222,0.01 0.19 9.35,92 94 93,26
144,01110011,00000000,-0.94470215 -0.0107421875 0.02911377 -0.32629395,0.15333334 -0.41666666 0.11111111,0.42 -0.01 9.5,93 94 93,26
145,01110011,00000000,-0.9433594 -0.018005371 0.03466797 -0.3291626,0.23333333 -0.32777777 0.12555556,-94.7 -0.03 9.9,93 94 93,26
146,01110011,00000000,-0.9417114 -0.026855469 0.047180176 -0.33184814,0.15 -0.6988889 0.12555556,0.06 0.43 8.68,93 94 93,26
147,01110011,00000000,-0.94018555 -0.021240234 0.060424805 -0.33447266,-0.5888889 -0.32 0.16555555,0.91 1.37 8.94,94 94 93,26
148,01110011,00000000,-0.9390869 0.005493164 0.06781006 -0.336792,-0.9688889 -0.028888889 0.16555555,-0.68 -0.91 11.12,94 93 93,26
149,01110011,00000000,-0.9368286 0.016723633 0.088012695 -0.33789062,-0.71555555 -0.87333333 0.072222225,-0.2 0.35 10.62,94 92 93,26
150,01110011,00000000,-0.9356079 0.029541016 0.1026001 -0.3363037,-0.6722222 -0.11333334 -0.022222223,1.5 -0.51 9.44,95 92 93,26
151,01110011,00000000,-0.9381714 0.0357666 0.09136963 -0.33166504,0.055555556 0.5877778 -0.22222222,-0.68 -1.06 9.6,95 92 93,26
152,01110011,00000000,-0.9420166 0.018005371 0.08746338 -0.32330322,0.82222223 -0.20333333 -0.49888888,0.77 0.59 9.14,96 92 93,26
153,01110011,00000000,-0.9529419 0.009033203 0.06616211 -0.31079102,0.58666664 -9.386666 -29.014444,1.12 -0.71 9.58,95 90 93,26
154,01110011,00000000,-0.9552002 -0.004699707 0.026123047 -0.29455566,1.1411111 1.3866667 -0.79444444,-0.85 0.37 8.96,99 88 93,26
155,01110011,00000000,-0.96173096 -0.026245117 0.007385254 -0.27252197,1.1377778 0.24 -1.0388889,-0.37 -0.04 9.52,106 83 93,26
156,01110011,00000000,-0.9682007 -0.045288086 -0.006652832 -0.24591064,0.79555553 0.45444444 -1.1955556,0.76 0.9 9.16,106 76 93,26
157,01110011,00000000,-0.9747925 -0.0413208 -0.021057129 -0.21795654,-0.21555555 0.50666666 -1.2522222,-1.25 0.43 9.49,108 72 93,26
158,01110011,00000000,-0.9818115 -0.038024902 0.0018920898 -0.18554688,-0.27333334 -1.4355556 -1.39,-2.09 0.02 9.92,111 76 93,26
159,01110011,00000000,-0.9859619 -0.036010742 0.062683105 -0.15014648,-0.7022222 -2.7055554 -1.3766667,0.43 1.07 9.81,97 80 93,26
160,01110011,00000000,-0.98791504 -0.011779785 0.10015869 -0.117370605,-1.4655555 -1.0377778 -1.2066667,1.9 0.28 9.83,73 88 93,26
161,01110011,00000000,-0.99017334 0.0060424805 0.10736084 -0.08856201,-0.6811111 -0.10333333 -1.1333333,0.2 -1.05 10.22,67 100 93,26
162,01110011,00000000,-0.9920044 0.0032348633 0.10876465 -0.06347656,0.12888889 -0.031111112 -1.0388889,-283.57 -2.55 -0.01,69 105 93,26
163,01110011,00000000,-0.994812 0.0017089844 0.091918945 -0.04156494,-0.101111114 0.9444444 -0.88666666,0.84 0.78 9.58,71 103 93,26
164,01110011,00000000,-0.9967041 0.018493652 0.07470703 -0.02178955,-0.8811111 0.6022222 -0.7488889,-0.77 0.43 9.72,79 103 93,26
165,01110011,00000000,-0.99749756 0.032409668 0.062072754 -0.0048217773,-0.48 0.7544444 -0.62666667,1.7 -1.32 10.05,83 106 93,26
166,01110011,00000000,-0.9996338 0.011047363 0.023742676 0.006225586,1.2055556 1.7611111 -0.42,-0.01 -1.32 10.43,87 107 93,26
167,01110011,00000000,-0.99957275 -0.023132324 -0.0053710938 0.012207031,1.3311111 1.0833334 -0.22666667,-0.5 1.18 10.22,93 103 93,26
168,01110011,00000000,-0.9989624 -0.03845215 -0.017700195 0.013793945,0.5477778 0.34444445 -0.036666665,-0.67 -0.16 9.64,95 100 93,26
169,01110011,00000000,-0.99816895 -0.055847168 -0.018676758 0.011657715,0.7322222 0.06333333 0.13777778,0.5 0.31 9.19,95 99 93,26
170,01110011,00000000,-0.9998169 -0.06298828 -0.014892578 0.0036621094,0.083333336 -0.4422222 -1.7066667,-1.5 0.79 9.4,95 99 93,26
171,01110011,00000000,-0.99853516 -0.04309082 0.030334473 -0.010314941,-1.2855556 -2.088889 0.7977778,-0.58 2.44 8.84,96 99 93,26
172,01110011,00000000,-0.9967041 0.005432129 0.06903076 -0.04058838,-1.8655555 -1.4066666 1.5755556,0.66 -1.16 9.92,107 92 93,26
173,01110011,00000000,-0.9926758 0.029846191 0.084228516 -0.08062744,-1.0422223 -0.40111113 2.45,1.22 -0.3 9.38,120 73 93,26
174,01110011,00000000,-0.98535156 0.042175293 0.072387695 -0.14794922,0.4311111 0.71666664 3.1577778,0.28 -1.43 9.99,124 59 93,26
175,01110011,00000000,-0.9714966 0.031677246 0.051879883 -0.22875977,0.95666665 0.44 3.6211112,-0.35 -0.37 9.69,107 71 93,26
176,01110011,00000000,-0.94750977 0.007385254 0.039611816 -0.31713867,1.2622222 -0.20222223 3.942222,-0.54 0.36 9.44,96 96 93,26
177,01110011,00000000,-0.9116821 -0.012939453 0.04034424 -0.4085083,0.6888889 -0.44555557 4.1855555,-0.05 0.62 9.38,101 128 93,26
178,01110011,00000000,-0.8648071 -0.02331543 0.047912598 -0.4991455,0.36777776 -0.47333333 4.3433332,0.19 0.04 9.47,112 143 93,26
179,01110011,00000000,-0.80633545 -0.024108887 0.050842285 -0.5886841,-0.034444444 0.50666666 4.592222,1.32 -1.18 -0.01,123 149 93,26
180,01110011,00000000,-0.73876953 -0.0009765625 0.059387207 -0.67126465,-0.98 0.011111111 4.4555554,-0.28 -0.18 10.23,105 143 93,26
181,01110011,00000000,-0.66748047 0.023071289 0.07171631 -0.74072266,-0.9122222 0.3122222 4.092222,0.65 -0.19 9.85,104 110 93,26
182,01110011,00000000,-0.5994873 0.04083252 0.07324219 -0.7959595,-0.046666667 0.086666666 3.5044444,-0.25 -1.05 10.12,95 84 93,26
183,01110011,00000000,-0.53637695 0.03918457 0.06201172 -0.84069824,0.74333334 0.01 3.1233332,0.66 -0.61 9.28,93 84 93,26
184,01110011,00000000,-0.4777832 0.038085938 0.039367676 -0.876709,0.77444446 0.33333334 2.7677777,0.32 0.11 9.64,93 100 93,26
185,01110011,00000000,-0.425354 0.038085938 0.018615723 -0.9039917,0.73888886 0.24444444 2.3822222,0.22 -0.1 10.02,87 113 93,26
186,01110011,00000000,-0.37548828 0.03265381 0.013366699 -0.9260864,-0.44333333 -0.57666665 2.2844443,-0.69 1.68 9.96,84 123 93,26
187,01110011,00000000,-0.32800293 0.026367188 0.034606934 -0.9451294,-0.7133333 -0.5777778 2.297778,0 -0.33 9.6,93 114 93,26
188,01110011,00000000,-0.27111816 0.017700195 0.04925537 -0.9610596,-0.26222223 -0.5588889 2.2622223,0.52 -0.68 9.21,102 101 93,26
189,01110011,00000000,-0.21832275 0.00982666 0.042785645 -0.9748535,0.8988889 -0.35666665 2.3244445,-0.21 -1.81 9.53,109 97 93,26
190,01110011,00000000,-0.15679932 -0.0052490234 0.01184082 -0.9874878,0.9311111 -0.23888889 2.95,1.08 2.2 8.07,113 110 93,26
191,01110011,00000000,-0.07006836 0.009216309 0.0041503906 -0.9974365,-0.035555556 1.2777778 4.171111,1.66 0.86 9.18,116 126 93,26
192,01110011,00000000,0.04058838 0.062438965 0.012939453 -0.99713135,-0.9766667 2.6355555 4.918889,0.16 1.1 9.57,80 122 93,26
193,01110011,00000000,0.16070557 0.120910645 0.03930664 -0.97869873,-1.4233333 2.2166667 5.0555553,-1.16 -0.04 9.44,2 89 94,26
194,01110011,00000000,0.27563477 0.15454102 0.057617188 -0.94696045,-0.9822222 0.95111114 4.8022223,-1.26 -0.51 9.24,9 88 94,26
195,01110011,00000000,0.37976074 0.15716553 0.060546875 -0.9095459,-0.95111114 -0.41222224 4.39,-1.1 0.1 10.28,9 79 94,26
196,01110011,00000000,0.47039795 0.13641357 0.062683105 -0.8695679,-1.12 -0.9166667 3.781111,-0.68 -0.73 209.82,1 16 94,26
197,01110011,00000000,0.5392456 0.09832764 0.048950195 -0.83483887,-0.6622222 -2.2277777 2.721111,-1.2 0.01 10.29,58 30 94,26
198,01110011,00000000,0.5810547 0.02557373 0.021850586 -0.8130493,-1.25 -3.7733333 1.3966666,0.88 -0.56 8.64,100 25 94,26
199,01110011,00000000,0.59277344 -0.029907227 -0.013427734 -0.80462646,0.39 -1.9177778 -0.008888889,3.31 0.74 8.89,133 21 93,26
200,01110011,00000000,0.58306885 -0.035217285 -0.020507812 -0.81134033,0.09555556 0.42444444 -0.79,1.11 -0.4 9.43,129 28 93,26
201,01110011,00000000,0.55999756 -0.016784668 -0.018005371 -0.82806396,0.5477778 0.9533333 -1.6411111,1.4 -0.92 9.09,128 34 93,26
202,01110011,00000000,0.5178833 0.024841309 -0.014831543 -0.85491943,0.90555555 1.6177778 -2.3588889,-0.94 -0.04 9.1,135 34 93,26
203,01110011,00000000,0.4691162 0.051452637 -0.018005371 -0.8814087,0.5555556 0.67777777 -2.1222222,0.83 0.34 8.8,155 26 93,26
204,01110011,00000000,0.4437256 0.007507324 0.0033569336 -0.0099487305,-0.22 0.2588889 -0.3422222,-1.16 1.5 9.88,158 25 93,26
205,01110011,00000000,0.46722412 0.06317139 0.006713867 -0.8817749,-1.1466666 0.59444445 1.9477777,1.01 0.14 9.33,152 32 93,26
206,01110011,00000000,0.5272827 0.070617676 0.031799316 -0.84606934,-0.8322222 0.70666665 3.2944446,-0.42 0.23 10.06,139 24 93,26
207,01110011,00000000,0.5974121 0.070129395 0.035339355 -0.79797363,-0.07111111 -0.17555556 3.7044444,0.23 -0.57 9.62,120 13 93,26
208,01110011,00000000,0.66589355 0.0657959 0.023803711 -0.7426758,-0.054444443 -0.66555554 3.6088889,-0.7 -0.05 9.63,122 19 93,26
209,01110011,00000000,0.7213745 0.049804688 0.0040893555 -0.6906738,0.05888889 -0.88555557 2.9388888,1.07 -0.74 9.4,135 25 93,26
210,01110011,00000000,0.75598145 0.04309082 -0.010253906 -0.6529541,-0.0033333334 -0.5222222 1.5133333,0.36 0.13 9.55,148 33 93,26
211,01110011,00000000,0.760437 0.0256958 -0.025146484 -0.64837646,-0.23555556 -1.1177778 -0.50666666,0.39 -0.08 9.53,148 39 93,26
212,01110011,00000000,0.73724365 0.0041503906 -0.03857422 -0.67437744,-0.4377778 -0.98444444 -1.8877778,0.68 0.14 9.63,139 45 93,26
213,01110011,00000000,0.7005615 -0.009887695 -0.04522705 -0.71203613,-0.19888888 -0.38666666 -2.2222223,0.8 -0.08 9.69,182 -66 -10753,26
214,01110011,00000000,0.6658325 0.007446289 -0.027282715 -0.74554443,-0.08888889 1.8311111 -1.9344444,1.47 -0.23 9.9,115 62 93,26
215,01110011,00000000,0.63549805 0.046447754 0.006591797 -0.77056885,-0.0055555557 2.2722223 -1.5222223,0.32 0.06 9.55,136 66 93,26
216,01110011,00000000,0.61486816 0.081726074 0.04473877 -0.78302,-0.39666668 1.8877778 -0.7111111,-0.67 0.35 9.82,154 69 93,26
217,01110011,00000000,0.61187744 0.101867676 0.06097412 -0.7819214,0.23888889 0.6811111 0.37777779,-0.71 -0.22 9.82,157 73 93,26
218,01110011,00000000,0.63153076 0.10864258 0.053344727 -0.7657471,0.2611111 -0.46555555 1.5833334,-1.27 0.16 9.61,149 76 93,26
219,01110011,00000000,0.6693115 0.09429932 0.029907227 -0.7362671,0.09888889 -1.1822222 2.218889,-0.26 0.41 9.67,148 81 93,26
220,01110011,00000000,0.71173096 0.07147217 0.008911133 -0.69866943,-0.21666667 -1.1977777 2.4488888,0.4 -0.44 9.85,159 84 93,26
221,01110011,00000000,0.74890137 0.054870605 0.0043945312 -0.0099487305,-0.25111112 -0.6933333 2.2366667,0.43 0.54 9.77,171 82 93,26
222,01110011,00000000,0.80145264 0.04724121 -0.014587402 -0.59594727,0.21666667 -0.43 4.3566666,-0.69 2.78 7.84,173 80 93,26
223,01110011,00000000,0.90649414 0.028808594 -0.029052734 -0.42004395,-0.33888888 -0.7077778 9.667778,-0.96 -0.26 9.05,177 88 93,26
224,01110011,00000000,0.9812622 0.004333496 -0.029174805 -0.19018555,-0.7866667 0.20777778 9.976666,1.19 -0.85 8.77,192 77 93,26
225,01110011,00000000,0.9996948 -0.0057373047 -0.008605957 -0.021240234,-0.29555556 0.7222222 6.213333,-2.21 -3.37 9.65,169 28 93,26
226,01110011,00000000,0.9938965 0.0053710938 -0.016540527 0.10852051,0.5377778 -0.37333333 5.5466666,-0.27 -0.81 9.87,133 23 93,26
227,01110011,00000000,0.9729614 0.014343262 -0.032287598 0.22802734,0.2688889 -0.70111114 5.0455556,0.63 -0.05 9.49,142 50 93,26
228,01110011,00000000,0.94366455 0.014404297 -0.036132812 0.32836914,0.12111111 0.036666665 4.1944447,0.83 -0.15 9.05,160 63 93,26
229,01110011,00000000,0.9189453 0.010681152 -0.034057617 0.39263916,-0.05111111 0.06666667 2.5322223,-0.19 0.27 9.48,153 70 93,26
230,01110011,00000000,0.90600586 0.0008544922 -0.046447754 0.4206543,-0.65555555 -0.37 1.0633334,0.46 0.19 9.49,146 194 2047,26
231,01110011,00000000,0.9019165 -0.014282227 -0.057922363 0.42749023,-0.7733333 -0.12555556 0.21666667,0.41 -0.02 9.81,143 70 93,26
232,01110011,00000000,0.90631104 -0.030151367 -0.06793213 0.41577148,-0.85555553 -0.06666667 -0.67,0.12 -1.39 10.13,138 71 93,26
233,01110011,00000000,0.9196167 -0.02734375 -0.07720947 0.38391113,-0.04888889 -0.4188889 -1.6722223,-0.33 0.39 9.35,133 77 93,26
234,01110011,00000000,0.9381714 -0.023498535 -0.082214355 0.33514404,-0.012222222 0.112222224 -2.2944446,1.36 -1.8 9.75,125 79 93,26
235,01110011,00000000,0.9586792 0.006164551 -0.051879883 0.2793579,1.8166667 1.0311111 -2.63,-0.28 -0.64 9.78,124 81 93,26
236,01110011,00000000,0.9743042 0.03186035 -0.022766113 0.22149658,0.91555554 0.8244445 -2.5322223,-0.57 1.57 9.6,138 51 93,26
237,01110011,00000000,0.9850464 0.036865234 -0.010009766 0.16766357,0.24333334 0.28333333 -2.2777777,-0.96 0.5 9.85,147 40 93,26
238,01110011,00000000,0.9920654 0.021362305 -0.023925781 -0.0099487305,-1.0866667 -0.71666664 -1.8577778,-0.57 1.14 9.74,146 42 93,26
239,01110011,00000000,0.99505615 -0.0009765625 -0.04888916 0.08538818,-1.0277778 -0.97333336 -1.3722222,0.09 -0.32 9.55,132 60 93,26
240,01110011,00000000,0.9957886 -0.011169434 -0.059570312 0.068237305,-0.34777778 -0.18444444 -0.5,0.79 -0.81 9.19,120 73 93,26
241,01110011,00000000,0.9961548 -0.0053100586 -0.046203613 0.07354736,0.4422222 0.7322222 0.38777778,0.47 -0.37 9.64,117 76 93,26
242,01110011,00000000,0.99487305 0.0009765625 -0.034606934 0.0947876,0.27333334 0.29777777 0.9955556,-0.66 0.26 9.8,113 79 93,26
243,01110011,00000000,0.991272 0.0028686523 -0.039733887 0.12524414,0.078888886 -0.32666665 1.3411111,-0.04 -0.13 9.5,109 82 93,26
244,01110011,00000000,0.98620605 0.015075684 -0.05230713 0.15600586,0.64444447 -0.7 1.25,-0.68 -0.86 9.47,110 84 93,26
245,01110011,00000000,0.98254395 0.03668213 -0.05444336 0.17382812,0.8522222 0.19222222 0.5366667,1.9 0.69 9.5,114 90 93,26
246,01110011,00000000,0.9842529 0.03302002 -0.03894043 0.16906738,-0.32222223 0.8688889 -0.6188889,-0.19 0.01 9.78,111 93 93,26
247,01110011,00000000,0.99035645 0.01574707 -0.012268066 0.13665771,-0.5377778 1.0588889 -1.3488889,-0.46 -0.28 9.76,113 94 255,26
248,01110011,00000000,0.99523926 0.006286621 -0.0010375977 0.09674072,-0.26444444 0.35666665 -1.7677778,0.04 -0.31 9.59,120 99 93,26
249,01110011,00000000,0.9980469 -0.00024414062 0.008911133 0.061340332,-0.24444444 0.49888888 -1.9433334,-0.35 -0.44 9.62,122 102 93,26
250,01110011,00000000,0.9998779 -0.007446289 -0.00024414062 0.00018310547,-0.28111112 -0.81 -2.2344444,-1.22 0.21 9.95,125 104 93,26
251,01110011,00000000,0.9985962 -0.0076904297 -0.026794434 -0.0435791,0.25111112 -1.4166666 -2.3177779,0.12 -0.65 9.61,110 107 93,26
252,01110011,00000000,0.99383545 0.006713867 -0.057495117 -0.093933105,0.80777776 -1.03 -2.0033333,1.03 -0.32 9.58,88 102 93,26
253,01110011,00000000,0.98809814 0.027160645 -0.07543945 -0.13098145,0.7922222 -0.52555555 -1.33,0.25 0.44 9.72,76 91 93,26
254,01110011,00000000,0.98461914 0.04058838 -0.08319092 -0.14764404,0.38333333 -0.13333334 -0.29444444,-0.19 0.75 9.82,73 85 93,26
255,01110011,00000000,0.98669434 0.050354004 -0.07867432 -0.13269043,0.56 0.7811111 1.221111,1 -0.04 9.86,75 85 93,26
0,01110011,00000000,0.9926758 0.061584473 -0.05633545 -0.08685303,0.31555554 1.21 2.2244444,0.12 0.72 9.35,71 90 93,26
1,01110011,00000000,0.9975586 0.05895996 -0.028869629 -0.020080566,-0.35222223 1.4377778 3.0711112,0.33 0.83 9.33,56 95 93,26
2,01110011,00000000,0.99676514 0.04333496 -0.0009765625 0.06695557,-0.70555556 1.2033334 3.9922223,-0.63 0.48 9.75,32 88 93,26
3,01110011,00000000,0.98443604 0.024597168 0.010314941 0.17321777,-0.69 0.43666667 4.78,-0.75 -0.19 10.24,8 70 93,26
4,01110011,00000000,0.95666504 0.014282227 -0.00061035156 0.29058838,-0.44666666 -0.75 5.231111,-1.17 -0.67 9.56,9 60 93,26
5,01110011,00000000,0.9130249 -0.00036621094 -0.019836426 0.40722656,-1.1611111 0.008888889 5.2233334,1.29 0.66 9.35,43 48 93,26
6,01110011,00000000,0.8599243 -0.027404785 -0.033447266 0.5085449,-0.89 -0.64111114 4.462222,-1.4 -1.34 9.96,48 13 93,26
7,01110011,00000000,0.80914307 -0.038513184 -0.054382324 0.5836792,-1.0622222 -0.5322222 3.3011112,0.07 0.56 9.45,71 0 93,26
8,01110011,00000000,0.77337646 -0.053649902 -0.07952881 0.6265259,-0.8322222 -0.32666665 1.72,1.68 -1.04 10.47,85 0 93,26
9,01110011,00000000,0.7636719 -0.062316895 -0.07647705 0.63793945,-0.06666667 -0.09555556 -0.13333334,-1.15 -0.2 10.94,90 0 93,26
10,01110011,00000000,0.79125977 -0.053222656 -0.07940674 0.60388184,0.48222223 0.68333334 -3.1355555,1.29 -0.6 8.93,90 10 93,26
11,01110011,00000000,0.8505249 -0.025878906 -0.051086426 0.5227051,2.2833333 0.5555556 -4.5555553,-1.16 -1.17 9.66,104 9 93,26
12,01110011,00000000,0.90374756 0.020690918 -0.004211426 0.42749023,1.98 0.77666664 -4.638889,-1.18 2.52 9.05,119 0 93,26
13,01110011,00000000,0.94537354 0.030883789 0.018920898 0.32373047,0.107777774 0.56666666 -4.7555556,0.01 1.02 9.75,140 0 93,26
14,01110011,00000000,0.9761963 0.018493652 0.022827148 0.21466064,-0.5511111 -0.32555556 -4.832222,-1.28 0.33 9.21,153 6 93,26
15,01110011,00000000,0.99468994 -0.0017700195 0 0.10211182,-1.0822222 -1.0888889 -4.7855554,-0.41 0.19 9.5,137 32 93,26
16,01110011,00000000,0.9991455 -0.020629883 -0.034118652 -0.0073242188,-0.9022222 -1.29 -4.4122224,-0.05 0.3 9.61,100 72 93,26
17,01110011,00000000,0.99383545 -0.022949219 -0.039123535 -0.10015869,0.29444444 0.85333335 -3.6166666,0.01 -2.43 8.99,63 100 93,26
18,01110011,00000000,0.9847412 0.0025024414 -0.022827148 -0.17230225,1.0333333 0.5311111 -2.66,-0.96 -0.06 10.13,86 93 93,26
19,01110011,00000000,0.97558594 0.033813477 -0.014770508 -0.2163086,1.1266667 0.74333334 -1.3844445,0.1 0.46 9.97,96 75 93,26
20,01110011,00000000,0.97216797 0.05706787 -0.010864258 -0.22680664,0.6911111 -0.05666667 0.13777778,-0.77 0.97 9.22,102 67 93,26
21,01110011,00000000,0.9768677 0.06591797 -0.015991211 -0.20269775,0.39 -0.07111111 1.6311111,-0.48 -0.07 9.47,101 70 93,26
22,01110011,00000000,0.9862671 0.06652832 -0.027404785 -0.1484375,0.017777778 -0.7088889 2.8022223,-0.85 0.3 10.6,101 77 93,26
23,01110011,00000000,0.9945679 0.05810547 -0.055419922 -0.065979004,-0.057777777 -1.2088889 4.116667,-1.62 -0.42 10.72,113 79 93,26
24,01110011,00000000,0.9916382 0.05041504 -0.10620117 0.051940918,0.17444444 -1.7144444 5.83,1.12 -0.62 11.1,143 79 93,26
25,01110011,00000000,0.95336914 0.044677734 -0.12145996 0.22930908,0.54333335 -8.817778 5.118889,-0.14 1.99 10.56,195 87 93,26
26,01110011,00000000,0.88323975 -0.025512695 -0.105407715 0.45611572,-2.1544445 2.1777778 10.982223,-1.8 -5.15 9.34,167 119 93,26
27,01110011,00000000,0.7578125 -0.012756348 -0.051879883 0.6502075,2.9666667 1.2644445 9.383333,2.37 0.38 7.92,42 0 94,26
28,01110011,00000000,0.6105957 0.010437012 0.017333984 0.791626,3.001111 0.8622222 8.135555,0.12 -0.97 8.39,5 110 94,26
29,01110011,00000000,0.4678955 0.04864502 0.08013916 0.87872314,3.0133333 0.61333334 6.4677777,3.76 -0.34 8.65,9 126 94,26
30,01110011,00000000,0.333313 0.05883789 0.12524414 0.93255615,-0.3211111 1.36 5.7066665,0.77 7.48 7.66,9 168 94,26
31,01110011,00000000,0.21514893 0.004333496 0.036499023 0.9758911,-5.881111 1.7311112 4.6822224,-1.52 1.7 8.9,9 159 94,26
32,01110011,00000000,0.12939453 -0.047668457 -0.053466797 0.98895264,-2.6955554 1.8033333 2.958889,2.52 -1.39 9.34,9 121 94,26
33,01110011,00000000,0.081848145 -0.12426758 -0.1015625 0.98358154,-2.3522222 2.6822221 1.3888888,-2.55 -1.2 11.54,9 105 94,26
34,01110011,00000000,0.06915283 -0.14312744 -0.14404297 0.9766846,-1.8 -0.09111111 -0.35,34.06 -0.04 -0.01,9 96 94,26
35,01110011,00000000,0.095703125 -0.1486206 -0.1762085 0.9682617,-0.70444447 0.07111111 -1.8811111,-2.44 -0.94 9.85,17 100 94,26
36,01110011,00000000,0.15130615 -0.10498047 -0.16864014 0.9682617,2.26 -1.6877778 -2.9444444,0.73 -2.72 8.72,26 108 94,26
37,01110011,00000000,0.2298584 -0.050231934 -0.10064697 0.96661377,4.092222 -0.93 -3.5511112,0.3 -1.51 8.75,7 71 95,26
38,01110011,00000000,0.31726074 -0.008911133 0 0.9482422,4.6022224 0.2588889 -3.8022223,1.02 0.79 8.66,9 42 95,26
39,01110011,00000000,0.3970337 -0.005554199 0.08319092 0.9139404,2.3655555 1.0233333 -3.4288888,-1.31 2.32 10.26,24 0 95,26
40,01110011,00000000,0.45898438 -0.013061523 0.10772705 0.88171387,-0.17777778 0.22222222 -2.5911112,-0.59 3.48 9.01,53 0 95,26
41,01110011,00000000,0.49871826 -0.03125 0.059265137 0.8640747,-2.4944444 -0.6588889 -1.73,-0.58 0.31 9.76,61 13 95,26
42,01110011,00000000,0.5158081 -0.028625488 -0.0134887695 0.8520508,-2.53 -2.0333333 -17.353333,-0.35 0.23 9.11,57 49 95,26
43,01110011,00000000,0.53375244 -0.02142334 -0.08013916 0.8414917,-2.088889 -1.5577778 -0.61777776,0.61 -0.49 9.3,46 72 94,26
44,01110011,00000000,0.53326416 -0.027038574 -0.12310791 0.8364258,-1.5666667 -0.4977778 0.031111112,0.96 -1.06 10,45 83 94,26
45,01110011,00000000,0.515625 -0.03479004 -0.13800049 0.84484863,-0.45444444 -0.20444444 1.0355556,0.06 -0.28 10.38,50 84 94,26
46,01110011,00000000,0.47180176 -0.04522705 -0.1385498 0.86950684,-0.055555556 0.15222222 2.4677777,-0.06 -0.88 10.07,56 82 94,26
47,01110011,00000000,0.3824463 -0.057006836 -0.11199951 0.91534424,1.0522223 0.46 4.821111,0.84 -0.35 8.37,58 82 94,26
48,01110011,00000000,0.22235107 -0.07720947 -0.05126953 0.970459,2.181111 0.8711111 7.9966664,-1.42 -0.4 10.37,48 116 94,26
49,01110011,00000000,0.002380371 -0.06628418 -0.0025024414 0.9977417,1.0077778 -0.85333335 9.775556,-1.27 0.88 10.06,20 198 94,26
50,01110011,00000000,-0.24328613 -0.03491211 -0.0010375977 0.9692383,-1.1577778 -1.19 10.58,-0.23 0.55 10.07,29 190 94,26
51,01110011,00000000,-0.47912598 0.0071411133 -0.026794434 0.8772583,-1.9177778 -1.3944445 10.676666,-0.16 -0.79 -0.01,116 101 94,26
52,01110011,00000000,-0.67962646 0.018615723 -0.03338623 0.73254395,-0.17222223 -0.4288889 10.355556,0.47 -1.95 8.82,198 0 94,26
53,01110011,00000000,-0.82403564 0.0076904297 -0.0256958 0.5657959,0.46222222 -0.26666668 8.9788885,0.49 -0.04 8.43,190 9 94,26
54,01110011,00000000,-0.91052246 -0.011962891 -0.022766113 0.41241455,0.91333336 0.33555555 7.088889,0.17 -2.22 9.05,191 35 94,26
55,01110011,00000000,-0.9532471 -0.034973145 -0.011779785 0.29992676,0.64444447 -0.12222222 4.4855556,1.14 1.43 9.34,166 83 94,26
56,01110011,00000000,-0.9625244 -0.038513184 -0.012512207 0.2680664,0.26666668 0.016666668 0.6077778,-1.22 -2.07 10.38,162 103 94,26
57,01110011,00000000,-0.9406128 -0.042419434 0.010437012 0.33654785,0.33 -1.09 -3.8788888,1.06 -0.79 10.02,155 103 94,26
58,01110011,00000000,-0.88391113 -0.064575195 0.01763916 0.46276855,1.1922222 -0.033333335 -6.2044444,0.24 -0.82 9.47,122 94 94,26
59,01110011,00000000,-0.81243896 -0.07476807 0.0073242188 0.5958252,-0.11666667 0.09111111 -6.7255554,-0.55 1.86 9.68,118 46 94,26
60,01110011,00000000,-0.69940186 -0.059692383 -0.0078125 0.71209717,-0.5988889 -0.2988889 -6.4688888,-0.1 -0.3 9.57,120 56 94,26
61,01110011,00000000,-0.58984375 -0.04626465 -0.006286621 0.8060913,0.19888888 -0.7633333 -5.958889,-0.86 -0.95 9.85,105 85 94,26
62,01110011,00000000,-0.4821167 -0.033935547 -0.00061035156 0.8753662,-0.06666667 -0.5588889 -5.23,0.38 0.87 9.8,75 78 94,26
63,01110011,00000000,-0.38183594 -0.02722168 -0.003479004 0.9237671,-0.05666667 -0.18888889 -4.5466666,0.17 -0.1 9.7,58 82 94,26
64,01110011,00000000,-0.29382324 -0.031433105 -0.01751709 0.95513916,-0.51222223 0.5188889 -3.788889,0.39 0.36 9.88,56 85 94,26
65,01110011,00000000,-0.22259521 -0.04083252 -0.029785156 0.97351074,-0.13777778 0.5466667 -2.9222221,-0.01 -0.28 9.83,72 99 94,26
66,01110011,00000000,-0.17126465 -0.049743652 -0.041015625 0.9830322,-0.33222222 0.48666668 -2.02,-0.49 0.14 9.67,84 101 94,26
67,01110011,00000000,-0.13970947 -0.04815674 -0.04815674 0.98779297,-0.23777778 -0.075555556 -1.1988889,-0.28 0.13 9.28,91 105 94,26
68,01110011,00000000,-0.12347412 -0.04534912 -0.049743652 0.98999023,0.018888889 -0.07333333 -0.58,-0.38 -0.38 -49.4,83 8 94,26
69,01110011,00000000,-0.11834717 -0.046203613 -0.043518066 0.99090576,0.2588889 0.13333334 -0.12,0.74 0.41 9.47,91 105 94,26
70,01110011,00000000,-0.11987305 -0.044921875 -0.038391113 0.9909668,0.3611111 -0.4677778 0.16111112,-0.43 -0.25 9.16,92 104 94,26
71,01110011,00000000,-0.12756348 -0.032043457 -0.028381348 0.9908447,0.23888889 -0.4488889 0.4377778,1.48 0.01 9.85,93 103 94,26
72,01110011,00000000,-0.14038086 -0.036621094 -0.023742676 0.9890747,0.12777779 0.20222223 0.5933333,0.18 0.23 10.16,94 103 94,26
73,01110011,00000000,-0.15447998 -0.043884277 -0.023010254 0.98669434,-0.036666665 0.4 0.6122222,1.01 0.17 9.8,93 103 94,26
74,01110011,00000000,-0.16900635 -0.062194824 -0.028503418 0.9831543,-0.115555555 0.8144444 0.6377778,-0.6 -0.32 9.67,92 102 94,26
75,01110011,00000000,-0.18139648 -0.080566406 -0.024047852 0.9797363,0.58111113 0.8211111 0.51666665,0.34 -0.56 9.7,89 101 94,26
76,01110011,00000000,-0.18896484 0.0048828125 0.005859375 -0.009887695,0.4722222 0.0022222223 0.3077778,-1.1 0.87 10.21,87 102 94,26
77,01110011,00000000,-0.19506836 -0.08087158 -0.013305664 0.97735596,-0.86444443 -0.8377778 0.23,-0.63 1.28 8.95,88 102 94,26
78,01110011,00000000,-0.20428467 -0.05218506 -0.033935547 0.9768677,-1.0655556 -1.0588889 0.36888888,-0.36 -0.03 9.54,90 100 94,26
79,01110011,00000000,-0.21807861 -0.027893066 -0.053222656 0.97406006,-1.1077778 -0.40333334 0.61,0.9 -0.13 9.53,93 97 94,26
80,01110011,00000000,-0.23535156 -0.016601562 -0.06427002 0.9696045,-0.052222222 -0.72 0.72555554,-0.32 -0.66 9.96,95 92 94,26
81,01110011,00000000,-0.2545166 -0.0025024414 -0.064208984 0.96484375,-0.5088889 -0.41222224 0.8877778,0.52 0.91 9.81,98 92 94,26
82,01110011,00000000,-0.28198242 -0.00024414062 -0.076049805 0.9562988,-0.23888889 0.29444444 1.3966666,0.89 -0.59 10.3,100 89 94,26
83,01110011,00000000,-0.31347656 -0.036315918 -0.068847656 0.9463501,0.74 1.6911111 1.5277778,0.58 0.47 9.43,97 87 94,26
84,01110011,00000000,-0.3435669 -0.062316895 -0.06982422 0.9343872,0.15666667 0.20222223 1.3011111,-2.18 -0.65 9.15,80 95 94,26
85,01110011,00000000,-0.36114502 -0.061828613 -0.034851074 0.92974854,1.9644444 -0.77444446 0.5144445,-0.06 -1.72 10.16,146 -277 15103,26
86,01110011,00000000,-0.3590088 -0.064086914 -0.007873535 0.9310303,0.56333333 -0.11666667 -0.4077778,-0.49 0.74 9.48,84 102 94,26
87,01110011,00000000,-0.336792 -0.06341553 0.013977051 0.93927,1.0044445 -0.49 -1.2188889,-0.2 0.04 8.96,85 100 94,26
88,01110011,00000000,-0.3065796 -0.055480957 0.01928711 0.9499512,-0.41111112 -0.62666667 -1.1844444,-1.35 1.79 9.63,82 92 94,26
89,01110011,00000000,-0.29345703 -0.04534912 0.011352539 0.9547119,-0.19777778 0.06 -0.21555555,0.93 -0.66 10.07,79 95 94,26
90,01110011,00000000,-0.30133057 -0.056030273 -0.0017700195 0.95184326,-0.66555554 0.7688889 0.6,0 0.69 10.04,81 95 94,26
91,01110011,00000000,-0.32208252 -0.0637207 -0.014831543 0.944397,-0.27555555 0.26777777 1.0522223,-0.44 -0.31 9.88,79 92 94,26
92,01110011,00000000,-0.350708 -0.06274414 -0.021362305 0.934021,-0.41 -0.017777778 1.38,-0.03 0.08 9.68,79 90 94,26
93,01110011,00000000,-0.3857422 -0.05529785 0.007446289 -0.009887695,-0.046666667 -0.28333333 1.7322222,0.5 -0.3 9.51,81 87 94,26
94,01110011,00000000,-0.43029785 -0.053466797 -0.022094727 0.90075684,-0.39 0.053333335 2.2533333,0.35 0.97 9.46,86 87 94,26
95,01110011,00000000,-0.48217773 -0.050048828 -0.024719238 0.87420654,-0.10333333 -0.16444445 2.5266666,-0.42 -0.05 9.24,86 82 94,26
96,01110011,00000000,-0.5338745 -0.028686523 -0.025634766 0.8446045,-1.22 -1.09 2.4355555,-0.42 1.46 9.39,90 82 94,26
97,01110011,00000000,-0.579834 0.002319336 -0.030212402 0.8140869,-0.46888888 -0.8844444 2.18,0.41 -1.13 9.37,107 64 94,26
98,01110011,00000000,-0.6209717 0.010864258 -0.026123047 0.78326416,0.22555555 -0.12222222 2.1522222,1.11 -1.06 10.01,118 60 94,26
99,01110011,00000000,-0.66223145 -0.009094238 -0.01586914 0.74902344,1.0522223 0.4511111 2.3588889,0.06 0.02 10.25,117 67 94,26
100,01110011,00000000,-0.7034912 -0.034484863 -0.0016479492 0.70977783,1.2044444 0.43333334 2.51,0.41 -0.06 9.75,108 86 94,26
101,01110011,00000000,-0.7456665 -0.058410645 0.0119018555 0.6635132,0.92333335 0.22444445 2.691111,-0.23 0.28 9.58,100 107 94,26
102,01110011,00000000,-0.78619385 -0.0725708 0.027770996 0.6129761,0.6311111 -0.04777778 2.7855556,-0.34 0.68 9.65,96 72 -5121,26
103,01110011,00000000,-0.82855225 -0.06958008 0.04034424 0.5539551,-0.09888889 -0.29 3.4011111,0.08 0.18 9.87,97 131 94,26
104,01110011,00000000,-0.87908936 -0.056274414 0.04547119 0.4710083,-0.67333335 -0.04222222 4.6433334,0.06 0.84 9.25,103 125 94,26
105,01110011,00000000,-0.9328613 -0.034851074 0.038757324 0.35614014,-0.9 0.36777776 5.7822223,-0.05 0.21 9.49,103 102 94,26
106,01110011,00000000,-0.975647 -0.016235352 0.027526855 0.21697998,-0.5288889 0.32333332 6.286667,-0.78 -0.74 9.64,89 67 94,26
107,01110011,00000000,-0.99713135 -0.013061523 0.024719238 0.07006836,0.30555555 0.2211111 6.178889,0.24 -0.7 10.13,77 48 94,26
108,01110011,00000000,-0.9970093 -0.012573242 0.02142334 -0.07171631,-0.025555555 0.17666666 5.851111,-0.24 -0.63 10.04,70 65 94,26
109,01110011,00000000,-0.9781494 -0.011108398 0.02532959 -0.20581055,0.04777778 -0.27333334 5.5322223,-0.22 -0.48 9.62,66 67 94,26
110,01110011,00000000,-0.94537354 -0.011352539 0.034118652 -0.009887695,-0.015555556 -0.2211111 4.861111,0.71 0.15 9.58,79 72 94,26
111,01110011,00000000,-0.9069824 -0.006164551 0.038635254 -0.4192505,-0.12888889 -0.16 3.9433334,-0.02 0.04 9.95,87 74 94,26
112,01110011,00000000,-0.8710327 0.0016479492 0.0513916 -0.48846436,-0.5188889 -0.4611111 3.0955555,0.08 -0.15 9.54,92 73 94,26
113,01110011,00000000,-0.84503174 0.011962891 0.06463623 -0.53045654,-0.57 -0.21222222 1.84,0.93 -0.43 9.39,101 65 94,26
114,01110011,00000000,-0.83569336 0.01727295 0.0637207 -0.54504395,0.13444445 0.21222222 0.16222222,0.7 -0.55 9.2,103 61 94,26
115,01110011,00000000,-0.8449707 0.012634277 0.052368164 -0.5319824,0.56666666 0.40333334 -0.94777775,0.4 -0.05 9.44,102 65 94,26
116,01110011,00000000,-0.86743164 0.009460449 0.035095215 -0.4961548,0.36222222 0.6377778 -1.9533334,1.54 0.28 8.96,104 65 94,26
117,01110011,00000000,-0.8956909 0.022583008 0.013000488 -0.44384766,-0.21333334 1.0322223 -2.6233332,-1.66 0.74 9.71,111 63 94,26
118,01110011,00000000,-0.92578125 0.022766113 0.0234375 -0.37646484,0.012222222 -0.54333335 -3.2455556,-0.62 -2.29 10.21,127 70 94,26
119,01110011,00000000,-0.9553833 -0.013061523 0.03314209 -0.29309082,1.3155556 -0.80333334 -3.9033334,0.99 1.61 9.49,113 72 255,26
120,01110011,00000000,-0.9793701 -0.026672363 0.03564453 -0.19689941,0.23888889 -0.2688889 -4.266667,0.17 -0.95 10.15,91 41 94,26
121,01110011,00000000,-0.9945679 -0.04083252 0.03552246 -0.088378906,0.2988889 -0.19777778 -4.712222,-0.52 0.76 10.31,84 40 94,26
122,01110011,00000000,-0.9972534 -0.050476074 0.04248047 0.032470703,0.29222223 -0.5744445 -5.18,-0.07 -0.11 9.82,79 36 94,26
123,01110011,00000000,-0.98480225 -0.05859375 0.02923584 0.16033936,0.0022222223 0.68666667 -5.4877777,1.74 0.22 9.54,62 32 94,26
124,01110011,00000000,-0.95654297 -0.040649414 0.023071289 0.2876587,-1.0144445 -0.63666666 -5.4555554,-0.65 -0.58 9.47,89 38 94,26
125,01110011,00000000,-0.9192505 -0.023925781 0.03314209 0.39141846,-0.61777776 -0.82 -4.322222,-0.6 0.74 9.11,68 80 94,26
126,01110011,00000000,-0.8915405 -0.0021972656 0.056762695 0.4492798,-0.33555555 -1.4088889 -2.1677778,-0.73 -0.12 9.63,48 99 94,26
127,01110011,00000000,-0.8932495 0.012268066 0.08099365 0.44195557,-0.07777778 -1.08 1.0222223,1.2 0.46 9.37,33 103 94,26
128,01110011,00000000,-0.93096924 0.009399414 0.06488037 0.35913086,0.22555555 1.16 4.4955554,0.54 -0.44 9.8,46 102 94,26
129,01110011,00000000,-0.97613525 -0.018798828 0.03515625 0.21313477,1.2588888 1.7711111 6.77,0.71 -0.81 9.98,18 108 94,26
130,01110011,00000000,-0.9976196 -0.057250977 0.021911621 0.030090332,1.7155555 0.7511111 7.886667,-1.41 0.36 10.07,8 120 94,26
131,01110011,00000000,-0.9824829 -0.07397461 0.04071045 -0.16583252,0.6244444 -0.45777777 8.392222,-0.66 0.65 9.54,9 136 94,26
132,01110011,00000000,-0.9254761 -0.056152344 0.06439209 -0.36901855,-0.58111113 -0.16444445 9.157778,0.15 -0.02 9.2,42 166 94,26
133,01110011,00000000,-0.81884766 -0.020996094 0.06689453 -0.5695801,-0.56222224 0.9588889 9.788889,1.05 -0.65 9.56,57 124 94,26
134,01110011,00000000,-0.6682739 0.022399902 0.038146973 -0.7425537,-0.06555556 1.851111 9.694445,-0.22 -0.75 10.12,4 87 94,26
135,01110011,00000000,-0.510376 0.049194336 0.0015869141 -0.8585205,0.52111113 1.4055556 7.9444447,0 -0.49 10.18,9 88 94,26
136,01110011,00000000,-0.38916016 0.06188965 -0.026550293 -0.91864014,0.40555555 0.7677778 5.18,-0.44 0.4 9.11,9 92 94,26
137,01110011,00000000,-0.33605957 0.054748535 -0.030883789 -0.93969727,0.06 -0.35666665 1.7044444,-0.3 0.03 8.68,9 97 94,26
138,01110011,00000000,-0.359375 0.031677246 -0.01751709 -0.9324341,-0.17555556 -1.09 -1.7122222,1.29 0.12 8.66,21 97 94,26
139,01110011,00000000,-0.45074463 0.013305664 0.013061523 -0.892395,-0.81777775 -1.3266667 -4.831111,-0.24 -1.22 8.91,17 99 94,26
140,01110011,00000000,-0.5778198 0.0018310547 0.038757324 -0.8151245,-0.7411111 -0.57222223 -6.5355554,2.19 0.34 9.93,8 109 94,26
141,01110011,00000000,-0.7080078 0.00079345703 0.07977295 -0.7015991,-1.6633333 -1.2477778 -7.4544444,-1.27 0.07 11.03,9 118 94,26
142,01110011,00000000,-0.79888916 -0.008605957 0.12670898 -0.58776855,-1.8377777 -1.9511111 -7.68,-0.54 -0.14 10.75,9 128 94,26
143,01110011,00000000,-0.8843994 -0.030456543 0.1640625 -0.43579102,-0.6622222 -0.53333336 -7.0633335,2.06 -0.8 9.6,9 133 94,26
144,01110011,00000000,-0.9411011 -0.041931152 0.15142822 -0.29925537,-0.23888889 1.0177778 -5.5677776,0.8 -0.6 9.07,9 141 94,26
145,01110011,00000000,-0.97247314 -0.03717041 0.103881836 -0.20507812,-0.68 2.6033332 -3.1944444,0.72 0 8.42,54 145 94,26
146,01110011,00000000,-0.9854126 0.004760742 0.04296875 -0.1642456,-1.7111111 2.85 -0.82,-0.32 0.59 9.54,111 154 94,26
147,01110011,00000000,-0.98431396 0.06048584 -0.0052490234 -0.1651001,-2.1044445 1.7844445 0.68333334,-2.05 0.2 9.84,124 157 95,26
148,01110011,00000000,-0.9748535 0.1060791 -0.022277832 -0.19464111,-1.4122223 0.55 1.6955556,-0.72 -1.28 9.9,113 141 96,26
149,01110011,00000000,-0.96533203 0.089904785 -0.028503418 -0.24310303,1.6788889 -0.6888889 2.4044445,-1.04 -0.21 10.14,105 121 96,26
150,01110011,00000000,-0.9507446 0.041503906 -0.015991211 -0.3065796,1.8888888 -1.2577778 2.952222,0.85 -0.52 9.94,115 145 96,26
151,01110011,00000000,-0.92614746 -0.009643555 0.0068359375 -0.3768921,1.2811111 -2.2466667 3.228889,-1.08 0.94 10,137 176 96,26
152,01110011,00000000,-0.8912964 -0.047973633 0.060302734 -0.44665527,0.14777778 -2.6655555 3.3344445,0.54 1.33 8.8,174 192 96,26
153,01110011,00000000,-0.8592529 -0.052124023 0.11584473 -0.51153564,-0.8333333 -7.3966665 -3.4133334,1.63 -0.49 8.87,192 184 96,26
154,01110011,00000000,-0.80773926 -0.03387451 0.14465332 -0.5704346,-0.8088889 -0.28777778 2.91,0.61 -2.48 8.49,190 171 96,26
155,01110011,00000000,-0.7817383 -0.0068359375 0.12402344 -0.6109619,0.22444445 1.9744444 1.6555556,0.31 0.32 9.62,186 148 96,26
156,01110011,00000000,-0.77215576 0.020690918 0.06976318 -0.63116455,0.9822222 2.5433333 0.84444445,-0.41 -0.71 10.43,156 145 96,26
157,01110011,00000000,-0.7633667 0.03668213 0.0040283203 -0.6447754,1.3788888 2.5133333 0.76555556,-0.36 -0.17 9.78,136 145 96,26
158,01110011,00000000,-0.75531006 0.026672363 -0.04333496 -0.6533203,1.3911111 0.57222223 0.51,-1.44 1.24 10.15,120 147 95,26
159,01110011,00000000,-0.7473755 0.0052490234 -0.050598145 -0.6623535,0.3288889 -0.89444447 0.51,-1.11 1.86 8.77,116 146 95,26
160,01110011,00000000,-0.74401855 -0.010498047 -0.034118652 -0.6671753,0.13111112 -0.6311111 0.17444444,0.7 1.48 9.39,117 142 95,26
161,01110011,00000000,-0.73864746 -0.009460449 -0.03515625 -0.67303467,0.037777778 0.3588889 0.48444444,-1.02 1.39 9.61,116 137 95,26
162,01110011,00000000,-0.72869873 -0.001953125 -0.043823242 -0.6833496,-0.12111111 0.65555555 0.6188889,-141.85 -2.55 -0.01,113 133 95,26
163,01110011,00000000,-0.71698 0.013061523 -0.046569824 -0.69537354,-0.41444445 0.25111112 0.73777777,-1.44 1.28 9.78,109 129 95,26
164,01110011,00000000,-0.70703125 0.0079956055 -0.037902832 -0.7060547,0.01 -0.66333336 0.3888889,-0.97 0.84 10.14,106 124 95,26
165,01110011,00000000,-0.71240234 0.00030517578 -0.022888184 -0.701355,-0.36777776 -0.6166667 -0.6766667,-0.36 1.42 9.8,107 121 95,26
166,01110011,00000000,-0.7246704 0.0028686523 -0.009277344 -0.6889038,-0.5288889 -0.14777778 -0.6311111,-0.55 1.56 9.36,103 120 95,26
167,01110011,00000000,-0.7294922 0.00982666 -0.005065918 -0.68377686,-0.12555556 0.25444445 -0.01,-0.63 1.12 9.42,102 120 95,26
168,01110011,00000000,-0.7262573 0.0138549805 -0.015808105 -0.6870117,0.28333333 0.5188889 0.2588889,-0.67 1.22 9.79,101 118 95,26
169,01110011,00000000,-0.7225342 0.01586914 -0.021972656 -0.6907959,-0.19 -0.096666664 0.22888888,-1.37 1.92 9.54,100 116 95,26
170,01110011,00000000,-0.71875 0.017822266 -0.009643555 -0.6973877,-0.31333333 -0.45444444 -31.574444,-0.46 0 9.83,100 114 95,26
171,01110011,00000000,-0.70666504 0.011779785 0.004638672 -0.7073364,-0.3077778 -0.69666666 0.5788889,-0.62 0.7 9.16,101 111 95,26
172,01110011,00000000,-0.694397 0.002319336 0.022094727 -0.7191162,-0.078888886 -0.82222223 0.82555556,-0.24 0 9.3,103 108 95,26
173,01110011,00000000,-0.6724243 -0.005065918 0.036865234 -0.7390747,-0.47333333 -0.54 1.5988889,0.14 1.37 9.02,107 106 95,26
174,01110011,00000000,-0.6311035 0.002746582 0.055786133 -0.7736206,-0.8522222 -0.21222222 2.76,0 0.45 8.91,111 100 95,26
175,01110011,00000000,-0.56726074 0.021118164 0.070617676 -0.8201294,-0.6788889 0.11333334 3.6622221,-0.31 -0.85 10.03,113 84 95,26
176,01110011,00000000,-0.48840332 0.029724121 0.06958008 -0.8692627,0.14222223 -0.062222224 4.0677776,-0.41 -0.16 10,109 69 95,26
177,01110011,00000000,-0.39923096 0.031799316 0.06842041 -0.9136963,-0.06111111 -0.16555555 4.288889,0.26 0.04 10.62,109 75 95,26
178,01110011,00000000,-0.3013916 0.04034424 0.066467285 -0.9503174,-0.07111111 0.14444445 4.48,0.09 -0.29 9.53,112 75 95,26
179,01110011,00000000,-0.20013428 0.049072266 0.05847168 -0.9767456,0.26666668 0.08 4.37,-0.01 -0.42 -0.01,106 75 95,26
180,01110011,00000000,-0.1071167 0.046691895 0.026428223 -0.9927368,2.0611112 0.05888889 3.5944445,1.57 -2.59 10.27,103 85 95,26
181,01110011,00000000,-0.04711914 0.050109863 -0.012084961 -0.99749756,0.75222224 0.045555554 1.9766667,0.01 1.4 8.98,101 134 95,26
182,01110011,00000000,-0.021850586 0.048095703 -0.016235352 -0.9984131,-0.044444446 0.031111112 0.4511111,1.03 -0.3 9.87,100 140 95,26
183,01110011,00000000,-0.03741455 0.048339844 -0.013671875 -0.99798584,-0.32555556 -0.2488889 -1.4011111,-0.34 0.76 9.44,99 135 95,26
184,01110011,00000000,-0.08892822 0.03930664 0.01184082 -0.9951782,-1.2711111 -0.37444445 -2.6822221,0.9 0.26 9.14,96 134 95,26
185,01110011,00000000,-0.16461182 0.03857422 0.043518066 -0.98461914,-1.1244445 0.07444444 -3.671111,0.48 -0.31 9.96,90 152 95,26
186,01110011,00000000,-0.2623291 0.03857422 0.07501221 -0.9612427,-1.2522222 -0.04888889 -4.4722223,-0.32 0.23 9.87,92 173 95,26
187,01110011,00000000,-0.39050293 0.028442383 0.108947754 -0.91955566,-1.1411111 -0.38555557 -5.34,0.21 -1.02 10.13,91 192 95,26
188,01110011,00000000,-0.49902344 0.01171875 0.119140625 -0.85821533,-0.014444444 -0.013333334 -5.938889,0.86 -1.59 10.04,89 190 95,26
189,01110011,00000000,-0.6235962 0.0007324219 0.09075928 -0.7763672,1.0866667 1.1411111 -6.3755555,0.53 -0.72 9.47,89 181 95,26
190,01110011,00000000,-0.7402344 -0.0020751953 0.057128906 -0.66986084,0.6577778 1.1066667 -6.711111,0.27 -0.28 9.62,136 127 95,26
191,01110011,00000000,-0.83514404 0.01965332 0.020263672 -0.54919434,-0.32666665 2.3311112 -6.2455554,0.41 -0.15 9.86,179 95 95,26
192,01110011,00000000,-0.8899536 0.036987305 -0.016296387 -0.4541626,0.56 1.4088889 -4.071111,-4.92 -0.14 9.99,192 98 95,26
193,01110011,00000000,-0.90582275 0.0018310547 -0.015319824 -0.42315674,1.3733333 -0.81222224 -0.8622222,-1.87 2.13 9.74,190 94 95,26
194,01110011,00000000,-0.9005127 -0.048583984 0.013366699 -0.43170166,1.5077778 -2.3144445 0.62222224,-0.79 0.82 9.36,176 86 95,26
195,01110011,00000000,-0.8953247 -0.103759766 0.034729004 -0.43164062,1.6311111 -1.3655555 -0.12444445,1.67 2.43 9.05,177 93 96,26
196,01110011,00000000,-0.89624023 -0.12451172 0.020202637 -0.4251709,0.9522222 0.36555555 -0.31555554,-0.02 1.78 -46.64,128 92 96,26
197,01110011,00000000,-0.89105225 -0.13848877 -0.019836426 -0.43170166,1.3033333 1.4577777 0.18444444,-0.73 2.84 10.07,161 90 96,26
198,01110011,00000000,-0.88153076 -0.15252686 -0.057861328 -0.4428711,1.2677778 1.1844444 0.4677778,-1.3 4.09 9.77,153 92 96,26
199,01110011,00000000,-0.8673706 -0.16357422 -0.07324219 -0.46411133,0.7133333 0.34555554 1.1077778,0.32 3.37 9.61,144 96 96,26
200,01110011,00000000,-0.8477783 -0.17907715 -0.09484863 -0.48986816,1.0688889 0.7411111 1.1544445,-0.31 4.05 8.53,137 101 96,26
201,01110011,00000000,-0.8302002 -0.19030762 -0.12084961 -0.5097046,0.99666667 1.0044445 0.8611111,-0.41 4.73 8.22,127 108 96,26
202,01110011,00000000,-0.8161011 -0.19470215 -0.14074707 -0.52545166,0.54 0.6988889 0.6755555,-0.57 4.12 8.48,118 112 96,26
203,01110011,00000000,-0.8050537 -0.20239258 -0.15478516 -0.5355835,0.5133333 0.38666666 0.44333333,-0.52 4.94 8.14,113 113 96,26
204,01110011,00000000,-0.7992554 0.0061035156 0.006164551 -0.009765625,0.21666667 0.34111112 0.18555556,-0.55 5.14 7.99,110 113 96,26
205,01110011,00000000,-0.7977295 -0.19726562 -0.16766357 -0.5444946,-0.2211111 0.43555555 -0.0033333334,-0.42 5.29 7.81,108 111 96,26
206,01110011,00000000,-0.7969971 -0.18133545 -0.16601562 -0.55163574,-0.6344444 0.21111111 0.20555556,-1.59 4.88 7.92,107 109 96,26
207,01110011,00000000,-0.79248047 -0.17401123 -0.16375732 -0.5609741,-0.2888889 0.28555554 0.40222222,-0.31 5.02 7.98,106 107 96,26
208,01110011,00000000,-0.78692627 -0.17523193 -0.16357422 -0.5684204,0.13222222 -0.09777778 0.3588889,-1.35 4.94 8.31,104 105 96,26
209,01110011,00000000,-0.78204346 -0.18267822 -0.16210938 -0.5732422,0.18888889 -0.036666665 0.33444443,-0.03 5.63 8.02,103 104 96,26
210,01110011,00000000,-0.78027344 -0.1920166 -0.16027832 -0.5731201,0.32222223 -0.40666667 0.033333335,-1.06 5.37 8.32,102 104 96,26
211,01110011,00000000,-0.7793579 -0.2033081 -0.1586914 -0.57092285,0.38111112 -0.30888888 0.06888889,-0.84 5.21 8.3,101 103 96,26
212,01110011,00000000,-0.77801514 -0.21832275 -0.16082764 -0.5665283,0.5911111 -0.29 -0.054444443,-0.66 5.26 8.06,101 102 96,26
213,01110011,00000000,-0.7798462 -0.22363281 -0.16455078 -0.5609131,0.2911111 -0.044444446 -0.25777778,-0.6 5.13 7.84,153 -2068 -8705,26
214,01110011,00000000,-0.7825928 -0.22045898 -0.17041016 -0.55651855,0.035555556 0.2588889 -0.26444444,-0.7 5.2 7.71,99 100 96,26
215,01110011,00000000,-0.78582764 -0.2121582 -0.17041016 -0.5552368,-0.36222222 0.11888889 -0.13222222,-0.82 5.43 7.77,99 99 96,26
216,01110011,00000000,-0.7893677 -0.20611572 -0.16363525 -0.55462646,-0.4422222 -0.16777778 -0.10333333,-0.42 5.11 7.95,99 99 96,26
217,01110011,00000000,-0.7929077 -0.20098877 -0.16156006 -0.55200195,-0.08777778 0.09222222 -0.20111111,-0.58 4.79 7.77,98 99 96,26
218,01110011,00000000,-0.79626465 -0.19451904 -0.159729 -0.5500488,-0.45777777 0.054444443 -0.17555556,-0.63 5.02 7.68,98 99 96,26
219,01110011,00000000,-0.803772 -0.17834473 -0.14904785 -0.5475464,-1.0111111 -0.107777774 -0.29666665,-0.85 4.68 8.25,98 99 96,26
220,01110011,00000000,-0.8119507 -0.16156006 -0.13647461 -0.5439453,-0.70666665 -0.10333333 -0.3588889,-0.56 3.61 8.21,97 101 96,26
221,01110011,00000000,-0.82244873 -0.15032959 0.009155273 -0.00982666,-0.5 -0.035555556 -0.8788889,-0.41 3.09 8,97 102 96,26
222,01110011,00000000,-0.8414917 -0.13348389 -0.120666504 -0.5093994,-1.1066667 -0.45666668 -1.5188888,-0.79 3.03 8.42,97 104 96,26
223,01110011,00000000,-0.87054443 -0.09790039 -0.08770752 -0.47406006,-2.54 -0.9288889 -2.0155556,-0.71 2.85 9.18,92 114 96,26
224,01110011,00000000,-0.89904785 -0.04071045 -0.028381348 -0.43493652,-3.3722222 -1.61 -1.8933333,-1.23 1.46 10.78,80 145 96,26
225,01110011,00000000,-0.9168091 -0.018615723 0.0256958 -0.39794922,-0.6755555 -1.5355556 -1.46,0.09 -0.22 11.7,62 182 95,26
226,01110011,00000000,-0.92596436 -0.030639648 0.057250977 -0.37182617,0.016666668 -1.5066667 -0.95,-0.84 0.87 10.74,51 180 95,26
227,01110011,00000000,-0.92907715 -0.045410156 0.10021973 -0.35302734,-0.36666667 -2.008889 -0.5922222,0.13 1.35 9.9,46 171 95,26
228,01110011,00000000,-0.92852783 -0.0357666 0.13702393 -0.34301758,-1.278889 -0.6888889 -0.03,1.37 1.22 8.98,43 165 95,26
229,01110011,00000000,-0.92858887 -0.006713867 0.1395874 -0.34375,-0.93222225 0.98 0.36,1.5 0.08 9.06,48 158 95,26
230,01110011,00000000,-0.9293823 0.017822266 0.10760498 -0.35253906,-0.18444444 1.8544445 0.51555556,0.3 0.11 9.76,50 243 -5633,26
231,01110011,00000000,-0.92889404 0.031555176 0.06793213 -0.36254883,0.25666666 1.6422222 0.46888888,-0.1 -0.16 10.11,48 144 95,26
232,01110011,00000000,-0.9279785 0.033996582 0.03338623 -0.36938477,0.56666666 1.1777778 0.21777777,-0.25 -0.49 9.81,48 140 95,26
233,01110011,00000000,-0.9291992 0.023986816 0.008117676 -0.36865234,0.8888889 0.6066667 -0.20444444,-0.24 -0.36 9.48,51 136 95,26
234,01110011,00000000,-0.9336548 0.006286621 -0.0036010742 -0.35791016,0.79555553 -0.1 -0.5788889,-0.67 0.38 9.62,56 131 95,26
235,01110011,00000000,-0.9373169 -0.010498047 0.0045166016 -0.34820557,0.41333333 -0.8622222 -0.2888889,-0.59 0.29 9.86,60 124 95,26
236,01110011,00000000,-0.93743896 -0.026428223 0.024230957 -0.3460083,0.21333334 -1.0666667 0.027777778,-0.05 0.82 9.53,62 120 95,26
237,01110011,00000000,-0.9360962 -0.030578613 0.04675293 -0.34692383,-0.34333333 -0.85 0.05888889,0.23 0.43 9.55,65 118 95,26
238,01110011,00000000,-0.9360962 -0.02746582 0.06439209 -0.00982666,-0.4211111 -0.46888888 -0.17777778,0.5 0.32 9.62,68 116 95,26
239,01110011,00000000,-0.9390259 -0.017944336 0.07342529 -0.3352661,-0.6011111 -0.093333334 -0.48222223,0.22 0.27 10.23,70 114 95,26
240,01110011,00000000,-0.94299316 -0.006713867 0.07757568 -0.3234253,-0.37 0.022222223 -0.44444445,0.09 -0.15 9.75,72 114 95,26
241,01110011,00000000,-0.94555664 -0.00091552734 0.070617676 -0.31756592,-0.05888889 0.5711111 -0.101111114,0.26 0.09 9.63,74 113 95,26
242,01110011,00000000,-0.9453125 0.0010375977 0.05444336 -0.3215332,0.22333333 0.7266667 0.35,0.23 0.38 9.81,76 111 95,26
243,01110011,00000000,-0.9412842 0.0052490234 0.03540039 -0.33551025,0.09555556 0.77666664 0.76111114,-0.41 0.03 9.75,76 110 95,26
244,01110011,00000000,-0.93481445 0.004333496 0.024108887 -0.354187,0.19555555 0.23111111 0.8833333,-0.4 0.18 9.63,74 109 95,26
245,01110011,00000000,-0.9266968 0.008544922 0.019958496 -0.37493896,-0.30888888 0.23888889 0.9444444,-0.25 0.07 9.62,75 109 95,26
246,01110011,00000000,-0.9188843 0.025939941 0.026367188 -0.39257812,-1.0211111 -0.12555556 0.64666665,-1.01 -0.38 9.72,76 106 95,26
247,01110011,00000000,-0.91571045 0.047973633 0.0335083 -0.39746094,-0.8322222 0.34111112 -0.033333335,-0.19 -1.5 9.4,78 101 255,26
248,01110011,00000000,-0.9194336 0.064697266 0.025878906 -0.38690186,-0.35444444 0.6722222 -0.6333333,-0.86 -1.55 9.25,80 101 95,26
249,01110011,00000000,-0.923584 0.08178711 0.020507812 -0.3737793,-0.88555557 0.43 -0.36222222,-1.5 -0.69 9.75,84 102 95,26
250,01110011,00000000,-0.9211426 0.10858154 0.020812988 -0.3731079,-1.0311111 0.40444446 0.25666666,-1.34 -1.63 9.72,86 103 95,26
251,01110011,00000000,-0.91552734 0.13311768 0.016174316 -0.37921143,-0.80333334 0.72444445 0.37444445,-0.83 -2.18 9.34,86 100 95,26
252,01110011,00000000,-0.91296387 0.15740967 0.0057373047 -0.37628174,-0.80444443 0.74333334 -0.30555555,-1.57 -2.07 9.28,85 98 95,26
253,01110011,00000000,-0.9143677 0.17956543 -0.0006713867 -0.362854,-0.74 0.6311111 -0.50222224,-1.88 -2.24 8.99,87 99 95,26
254,01110011,00000000,-0.9135132 0.1963501 -0.0020751953 -0.3560791,-0.50666666 0.18 -0.012222222,-2.05 -2.49 8.75,90 101 95,26
255,01110011,00000000,-0.91052246 0.20147705 0.0010375977 -0.36083984,-0.39777777 -0.11666667 0.20888889,-1.88 -2.54 8.82,91 100 95,26
0,01110011,00000000,-0.90771484 0.20422363 0.00793457 -0.36621094,-0.24555555 -0.31 0.12888889,-1.92 -2.75 8.72,92 99 95,26
1,01110011,00000000,-0.9071045 0.19952393 0.015563965 -0.3701172,0.09888889 -0.39 0.05888889,-1.69 -2.8 8.64,93 98 95,26
2,01110011,00000000,-0.91015625 0.18640137 0.020141602 -0.3692627,0.49555555 -0.34777778 -0.15333334,-1.82 -2.68 8.8,93 98 95,26
3,01110011,00000000,-0.91278076 0.1694336 0.021972656 -0.37078857,0.66444445 -0.34666666 0.026666667,-1.77 -2.66 9,93 97 95,26
4,01110011,00000000,-0.9144287 0.15496826 0.024353027 -0.37298584,0.45444444 -0.34 0.02111111,-1.88 -2.47 9.54,93 97 95,26
5,01110011,00000000,-0.9135742 0.14465332 0.026184082 -0.37908936,0.36 -0.2688889 0.2911111,-1.73 -2.65 9.08,93 97 95,26
6,01110011,00000000,-0.9116211 0.13519287 0.020874023 -0.38745117,0.50555557 0.06333333 0.35777777,-1.26 -2.48 8.94,94 97 95,26
7,01110011,00000000,-0.91259766 0.12799072 0.012634277 -0.38806152,0.38555557 0.19888888 -0.018888889,-1.54 -1.85 9.46,94 98 95,26
8,01110011,00000000,-0.91241455 0.12567139 0.011352539 -0.38928223,0.054444443 -0.08222222 0.101111114,-1.65 -2.06 9.28,94 98 95,26
9,01110011,00000000,-0.91052246 0.123535156 0.013549805 -0.3942871,0.035555556 -0.15222222 0.22,-1.36 -1.96 9.06,94 98 95,26
10,01110011,00000000,-0.90808105 0.12084961 0.016601562 -0.40057373,0.036666665 -0.20777778 0.28333333,-1.48 -1.28 9.42,94 98 95,26
11,01110011,00000000,-0.9000244 0.11462402 0.024536133 -0.41955566,0.101111114 -0.61444443 0.9955556,-1.39 -1.75 9.47,94 98 95,26
12,01110011,00000000,-0.8859253 0.09655762 0.030822754 -0.4524536,0.62222224 -0.7311111 1.5122222,-1.11 -1.44 9.21,98 98 95,26
13,01110011,00000000,-0.87609863 0.08325195 0.036987305 -0.47332764,0.27333334 -0.5277778 0.7088889,-0.79 -1.38 9.45,105 104 95,26
14,01110011,00000000,-0.8772583 0.07678223 0.041931152 -0.47198486,0.14222223 -0.26222223 -0.27,-0.83 -1.33 9.43,106 104 95,26
15,01110011,00000000,-0.88287354 0.07647705 0.042419434 -0.4613037,0.0055555557 0.052222222 -0.54333335,-0.86 -1.37 9.62,104 103 95,26
16,01110011,00000000,-0.88739014 0.07373047 0.03930664 -0.45324707,0.24 0.054444443 -0.31777778,-0.61 -1.37 9.31,103 102 95,26
17,01110011,00000000,-0.888855 0.06384277 0.03112793 -0.45251465,0.58666664 0.13444445 0.011111111,-15.36 -0.59 9.7,102 101 95,26
18,01110011,00000000,-0.88812256 0.05834961 0.030578613 -0.4547119,0.09 -0.15333334 0.09777778,-1.01 -0.44 9.84,101 100 95,26
19,01110011,00000000,-0.88653564 0.057800293 0.039978027 -0.45715332,-0.21444444 -0.41777778 0.08888889,-0.62 -0.82 9.55,100 100 95,26
20,01110011,00000000,-0.8850708 0.056518555 0.045837402 -0.45959473,0.0033333334 -0.20555556 0.11333334,-0.41 -1 9.47,100 99 95,26
21,01110011,00000000,-0.8841553 0.05267334 0.046325684 -0.461792,0.16111112 -0.10555556 0.07444444,-0.6 -0.8 9.59,100 99 95,26
22,01110011,00000000,-0.8840332 0.049560547 0.046691895 -0.46228027,0.057777777 -0.08111111 0.0033333334,-0.54 -0.56 9.73,100 99 95,26
23,01110011,00000000,-0.8842163 0.048339844 0.04724121 -0.46203613,0.04777778 -0.053333335 -0.027777778,-0.51 -0.81 9.57,100 99 95,26
24,01110011,00000000,-0.8847656 0.045288086 0.044433594 -0.46166992,0.19777778 0.07444444 -0.022222223,-0.52 -0.72 9.52,99 99 95,26
25,01110011,00000000,-0.8904419 0.042785645 0.040649414 -0.4616089,0.13777778 -9.103333 -16.498888,-0.46 -0.56 9.69,99 99 95,26
26,01110011,00000000,-0.88586426 0.043701172 0.038635254 -0.4602661,-0.02 0.06333333 -0.08555555,-0.58 -0.59 9.62,99 99 95,26
27,01110011,00000000,-0.88690186 0.0435791 0.038208008 -0.45825195,0.033333335 0.023333333 -0.08222222,-0.42 -0.75 9.53,99 99 95,26
28,01110011,00000000,-0.88775635 0.044006348 0.036499023 -0.45666504,-0.012222222 0.07333333 -0.08777778,-0.55 -0.38 9.71,99 99 95,26
29,01110011,00000000,-0.8902588 0.04663086 0.040527344 -0.4510498,-0.2188889 -0.13222222 -0.3,-0.5 -0.49 9.66,99 99 95,26
30,01110011,00000000,-0.8919678 0.046813965 0.044189453 -0.4473877,-0.023333333 -0.112222224 -0.13222222,-0.43 -0.78 9.49,98 99 95,26
31,01110011,00000000,-0.8918457 0.044433594 0.04425049 -0.44781494,0.10888889 -0.04888889 0.036666665,-0.49 -0.71 9.52,98 99 95,26
32,01110011,00000000,-0.89178467 0.041381836 0.042419434 -0.44836426,0.15666667 0.014444444 0.015555556,-0.46 -0.68 9.59,98 99 95,26
33,01110011,00000000,-0.8919678 0.038757324 0.04095459 -0.44854736,0.18333334 -0.01 0.0055555557,-0.4 -0.64 9.46,98 99 95,26
34,01110011,00000000,-0.8922119 0.034179688 0.038330078 -0.4486084,0.19888888 0.007777778 -0.026666667,186.52 -0.01 -0.01,98 99 95,26
35,01110011,00000000,-0.8930664 0.03161621 0.04046631 -0.44696045,-0.014444444 -0.21444444 -0.115555555,-0.46 -0.27 9.77,98 99 95,26
36,01110011,00000000,-0.89349365 0.02923584 0.045288086 -0.44561768,0.007777778 -0.19888888 -0.013333334,-0.24 -0.43 9.59,98 99 95,26
37,01110011,00000000,-0.8930664 0.026977539 0.047546387 -0.44659424,0.086666666 -0.09 0.037777778,-0.2 -0.51 9.61,98 99 95,26
38,01110011,00000000,-0.8935547 0.023132324 0.046813965 -0.44586182,0.18666667 -0.017777778 -0.104444444,-0.16 -0.37 9.6,98 99 95,26
39,01110011,00000000,-0.89538574 0.019714355 0.045043945 -0.44250488,0.13222222 -0.0033333334 -0.18888889,-0.28 -0.24 9.71,98 98 95,26
40,01110011,00000000,-0.8970947 0.016113281 0.0446167 -0.43914795,0.15666667 -0.052222222 -0.14,-0.12 -0.26 9.62,98 98 95,26
41,01110011,00000000,-0.8983154 0.013000488 0.04345703 -0.43688965,0.13222222 -0.0033333334 -0.11111111,-0.09 -0.2 9.58,98 98 95,26
42,01110011,00000000,-0.9061279 0.008911133 0.041931152 -0.43359375,0.23555556 0.0033333334 -13.9377775,0.09 -0.21 9.51,98 98 95,26
43,01110011,00000000,-0.90270996 0.0029296875 0.038269043 -0.42834473,0.29333332 0.025555555 -0.27333334,-0.18 0.01 9.74,98 97 95,26
44,01110011,00000000,-0.9043579 -0.002380371 0.039367676 -0.42474365,0.064444445 -0.26222223 -0.075555556,-0.37 0.3 9.94,98 96 95,26
45,01110011,00000000,-0.90283203 -0.0045776367 0.047668457 -0.42718506,-0.10888889 -0.43 0.23666666,-0.17 0.07 9.8,98 96 95,26
46,01110011,00000000,-0.89923096 -0.0053100586 0.055358887 -0.43377686,-0.06111111 -0.19888888 0.33222222,0.26 -0.2 9.56,98 96 95,26
47,01110011,00000000,-0.89642334 -0.004638672 0.056518555 -0.4393921,0.0044444446 0.054444443 0.19,0.21 -0.09 9.59,98 96 95,26
48,01110011,00000000,-0.89575195 -0.0028076172 0.053466797 -0.44122314,-0.027777778 0.16888888 0.036666665,0.07 0.08 9.68,98 96 95,26
49,01110011,00000000,-0.895813 0.0009765625 0.049804688 -0.4414673,-0.09888889 0.23333333 -0.02111111,0.07 0.11 9.63,98 96 95,26
50,01110011,00000000,-0.89697266 0.0048828125 0.04510498 -0.43963623,-0.014444444 0.28333333 -0.115555555,0.12 -0.03 9.57,98 96 95,26
51,01110011,00000000,-0.89849854 0.008666992 0.038391113 -0.43707275,-0.07666667 0.43222222 -0.09555556,0.25 -2.39 -0.01,98 96 95,26
52,01110011,00000000,-0.8989258 0.012084961 0.03277588 -0.43658447,0.036666665 0.06666667 0.013333334,-0.69 -0.11 9.82,98 96 95,26
53,01110011,00000000,-0.89959717 0.0087890625 0.036987305 -0.43499756,0.017777778 -0.30888888 -0.16222222,-0.05 -0.06 9.6,98 96 95,26
54,01110011,00000000,-0.90130615 0.0056152344 0.041931152 -0.4309082,0.054444443 -0.20888889 -0.16333333,-0.14 -0.18 9.57,97 96 95,26
55,01110011,00000000,-0.9011841 0.0040893555 0.04650879 -0.4309082,-0.09888889 -0.20777778 0.11888889,-0.19 -0.04 9.72,97 96 95,26
56,01110011,00000000,-0.89886475 0.0053710938 0.051452637 -0.43499756,-0.115555555 -0.14666666 0.19666667,0.08 -0.15 9.64,97 96 95,26
57,01110011,00000000,-0.89801025 0.0067749023 0.052856445 -0.43670654,-0.03 0.06666667 0.014444444,0.23 -0.19 9.55,97 96 95,26
58,01110011,00000000,-0.89782715 0.006225586 0.050048828 -0.4373169,0.12888889 0.078888886 0.09777778,-0.01 -0.04 9.55,97 96 95,26
59,01110011,00000000,-0.9061279 0.005004883 0.045898438 -0.44274902,0.08777778 0.19666667 0.35333332,0.13 0.15 9.6,97 96 95,26
60,01110011,00000000,-0.89086914 0.005554199 0.04144287 -0.4522705,0.09111111 0.08111111 0.48333332,-0.25 0 9.79,96 96 95,26
61,01110011,00000000,-0.885437 0.0028686523 0.041625977 -0.46276855,0.12222222 -0.11777778 0.4911111,0.12 0 9.68,96 96 95,26
62,01110011,00000000,-0.8800049 0.00018310547 0.04083252 -0.4730835,0.11111111 0.055555556 0.4788889,0.37 0.15 9.39,96 96 95,26
63,01110011,00000000,-0.87475586 0.0028076172 0.03552246 -0.4831543,-0.015555556 0.38 0.48666668,0.24 0.15 9.3,96 96 95,26
64,01110011,00000000,-0.86920166 0.006225586 0.03289795 -0.49316406,-0.101111114 -0.15777777 0.4722222,-0.72 0.22 10.01,95 96 95,26
65,01110011,00000000,-0.8630371 0.0065307617 0.045654297 -0.50286865,-0.3511111 -0.5366667 0.49222222,0.15 0.1 9.86,95 96 95,26
66,01110011,00000000,-0.8562622 0.0063476562 0.059509277 -0.51293945,-0.13333334 -0.5655556 0.50666666,-0.1 -0.41 9.81,97 95 95,26
67,01110011,00000000,-0.84936523 -0.0045776367 0.0715332 -0.52282715,0.34888887 -0.7788889 0.43444446,0.09 -0.26 9.79,99 95 95,26
68,01110011,00000000,-0.8432617 -0.018554688 0.07867432 -0.53118896,0.29666665 -0.34444445 0.36222222,0.9 0.31 -261.87,64 0 95,26
69,01110011,00000000,-0.83966064 -0.018188477 0.07470703 -0.5375366,0.0055555557 0.43888888 0.2588889,0.65 0.17 9.28,101 97 95,26
70,01110011,00000000,-0.83843994 -0.008056641 0.061828613 -0.54125977,-0.08444444 0.8055556 0.12888889,0.33 0.12 9.4,100 97 95,26
71,01110011,00000000,-0.8390503 0.006286621 0.04522705 -0.5419922,-0.12888889 0.95444447 0.0055555557,0.16 0 9.65,99 97 95,26
72,01110011,00000000,-0.84020996 0.019714355 0.028808594 -0.5410156,-0.09555556 0.75 -0.053333335,-0.42 0.1 9.95,99 97 95,26
73,01110011,00000000,-0.84161377 0.024108887 0.026855469 -0.5387573,-0.104444444 -0.26222223 -0.13444445,-0.9 0.03 10.01,99 97 95,26
74,01110011,00000000,-0.8430786 0.015808105 0.040893555 -0.5358887,0.012222222 -0.8244445 -0.15888889,-0.04 0 9.73,98 97 95,26
75,01110011,00000000,-0.8441162 0.0038452148 0.055480957 -0.5331421,0.13666667 -0.74444443 -0.14777778,0.15 0.02 9.45,97 97 95,26
76,01110011,00000000,-0.84521484 0.005859375 0.005859375 -0.00982666,0.028888889 -0.64666665 -0.16888888,0.4 0.24 9.55,96 97 95,26
77,01110011,00000000,-0.847229 -0.009033203 0.07537842 -0.52563477,-0.06666667 -0.18 -0.23444444,0.32 -0.08 9.69,95 97 95,26
78,01110011,00000000,-0.850708 -0.011413574 0.07598877 -0.5199585,0.10333333 -0.08777778 -0.30444443,0.24 -0.21 9.84,95 97 95,26
79,01110011,00000000,-0.8545532 -0.013061523 0.070129395 -0.51434326,0.17222223 0.22666667 -0.28777778,0.5 0.11 9.71,95 97 95,26
80,01110011,00000000,-0.857666 -0.009277344 0.058654785 -0.5106201,0.08555555 0.53444445 -0.17222223,0.13 0.14 9.61,95 96 95,26
81,01110011,00000000,-0.85931396 -0.0021972656 0.04675293 -0.50927734,-0.025555555 0.5911111 -0.043333333,0.08 0.16 9.57,96 96 95,26
82,01110011,00000000,-0.85913086 0.006652832 0.036132812 -0.5102539,-0.11 0.5744445 0.083333336,-0.08 0.08 9.65,96 96 95,26
83,01110011,00000000,-0.85772705 0.012756348 0.030395508 -0.5128784,-0.08222222 0.26222223 0.14222223,-0.26 0.02 9.75,96 96 95,26
84,01110011,00000000,-0.85595703 0.015014648 0.032470703 -0.515625,-0.15555556 -0.096666664 0.13444445,-0.21 0.17 9.69,96 96 95,26
85,01110011,00000000,-0.85443115 0.014526367 0.041137695 -0.51763916,-0.16 -0.37333333 0.086666666,-0.12 0.01 9.61,223 590 -7937,26
86,01110011,00000000,-0.85369873 0.010192871 0.052246094 -0.51794434,-0.06666667 -0.5144445 -0.008888889,0.04 -0.19 9.61,96 96 95,26
87,01110011,00000000,-0.8544922 0.0029907227 0.061157227 -0.5158081,0.07111111 -0.45777777 -0.14,0.26 0.02 9.68,96 96 95,26
88,01110011,00000000,-0.8567505 -0.0032958984 0.066467285 -0.51123047,0.11888889 -0.31444445 -0.25555557,0.22 -0.13 9.72,95 96 95,26
89,01110011,00000000,-0.86016846 -0.010253906 0.06689453 -0.50531006,0.26222223 -0.15555556 -0.31333333,0.22 -0.04 9.71,94 96 95,26
90,01110011,00000000,-0.86376953 -0.014770508 0.06390381 -0.49951172,0.17888889 0.022222223 -0.29333332,0.3 0.25 9.67,94 95 95,26
91,01110011,00000000,-0.8665161 -0.013244629 0.059143066 -0.4953003,-0.0033333334 0.22666667 -0.18777777,0.29 0.19 9.57,94 95 95,26
92,01110011,00000000,-0.8679199 -0.0067749023 0.051940918 -0.49389648,-0.094444446 0.41111112 -0.037777778,0 0.01 9.78,94 95 95,26
93,01110011,00000000,-0.8675537 -0.0009765625 0.00579834 -0.00982666,-0.043333333 0.3588889 0.09222222,0.02 0.05 9.69,94 95 95,26
94,01110011,00000000,-0.8656616 0.0045166016 0.038391113 -0.49908447,-0.06 0.3511111 0.20888889,0.07 0.11 9.67,94 95 95,26
95,01110011,00000000,-0.86273193 0.010620117 0.033813477 -0.50427246,-0.14 0.2611111 0.26555556,-0.17 0.15 9.71,94 95 95,26
96,01110011,00000000,-0.8597412 0.0126953125 0.03717041 -0.5090332,-0.14777778 -0.18 0.22888888,-0.3 0.17 9.8,94 95 95,26
97,01110011,00000000,-0.8569946 0.00970459 0.049438477 -0.5126953,-0.112222224 -0.58444446 0.17222223,-0.04 -0.2 9.73,94 95 95,26
98,01110011,00000000,-0.8543091 0.0038452148 0.058044434 -0.5163574,0.072222225 -0.35444444 0.18,0.56 -0.26 9.63,95 95 95,26
99,01110011,00000000,-0.85180664 -0.0051879883 0.057678223 -0.52056885,0.41222224 -0.17777778 0.18111111,0.1 -0.18 9.72,95 95 95,26
100,01110011,00000000,-0.8497925 -0.0134887695 0.058288574 -0.5236206,0.20777778 -0.2211111 0.11888889,0.33 0.33 9.5,95 95 95,26
101,01110011,00000000,-0.8496094 -0.012023926 0.058166504 -0.52386475,-0.11444444 0.101111114 -0.011111111,0.5 0.11 9.35,95 95 95,26
102,01110011,00000000,-0.8522949 -0.0044555664 0.05126953 -0.5204468,-0.13777778 0.50666666 -0.20555556,0.42 0.12 9.59,95 135 -6145,26
103,01110011,00000000,-0.85717773 0.011474609 0.040771484 -0.5131836,-0.44444445 0.8066667 -0.36555555,0.06 0.22 9.81,96 95 95,26
104,01110011,00000000,-0.86383057 0.025756836 0.03515625 -0.50177,-0.36666667 0.43333334 -0.57,-0.5 -0.16 10.08,98 96 95,26
105,01110011,00000000,-0.8722534 0.024597168 0.038085938 -0.48687744,0.053333335 -0.21111111 -0.75666666,-0.26 -0.3 9.86,99 97 95,26
106,01110011,00000000,-0.881897 0.008911133 0.041870117 -0.46929932,0.5933333 -0.45333335 -0.9,-0.01 -0.3 9.65,98 97 95,26
107,01110011,00000000,-0.8900757 -0.010375977 0.04260254 -0.45361328,1.0555556 -0.4811111 -1.0044445,0.03 -0.61 9.6,95 93 95,26
108,01110011,00000000,-0.90008545 -0.047729492 0.032470703 -0.4317627,1.6222222 -0.14555556 -1.13,0.31 1.01 9.3,92 86 95,26
109,01110011,00000000,-0.9108887 -0.06085205 0.025817871 -0.40722656,-0.27222222 0.037777778 -1.1477778,0.04 1.98 9.18,91 75 95,26
110,01110011,00000000,-0.92248535 -0.037902832 0.034362793 -0.00982666,-1.4322222 -0.043333333 -1.0822222,-0.12 0.55 9.49,92 79 95,26
111,01110011,00000000,-0.9324951 -0.0051879883 0.047912598 -0.35784912,-1.5266666 0.094444446 -1.0077778,0.58 0.02 9.8,92 91 95,26
112,01110011,00000000,-0.9401245 0.018066406 0.051818848 -0.33618164,-0.5088889 0.13444445 -0.8411111,-0.27 -0.77 9.91,93 101 95,26
113,01110011,00000000,-0.94525146 0.016967773 0.051208496 -0.32159424,0.31555554 -0.05 -0.50666666,-0.29 -0.18 9.97,94 103 95,26
114,01110011,00000000,-0.94714355 0.0021362305 0.05065918 -0.3166504,0.67444444 -0.24555555 -0.05,-0.35 0.13 9.48,94 101 95,26
115,01110011,00000000,-0.94421387 -0.009521484 0.05065918 -0.32525635,0.3588889 -0.017777778 0.6477778,0.24 0.12 9.66,94 100 95,26
116,01110011,00000000,-0.9345093 -0.017333984 0.039367676 -0.35321045,0.9288889 0.56666666 1.6366667,0.2 -1.67 9.96,94 101 95,26
117,01110011,00000000,-0.9146118 -0.03656006 0.018249512 -0.4020996,0.6511111 0.50333333 2.5833333,-0.62 1.45 9.6,88 110 95,26
118,01110011,00000000,-0.88391113 -0.027038574 0.020996094 -0.4663086,-0.87222224 -0.024444444 3.1877778,-0.46 1.17 9.14,80 119 95,26
119,01110011,00000000,-0.8442993 0.0068969727 0.033203125 -0.53466797,-1.4933333 0.51555556 3.5066667,0.19 0.07 9.11,82 98 255,26
120,01110011,00000000,-0.7944946 0.034484863 0.036132812 -0.60510254,-0.57222223 0.19777778 3.7266667,-0.58 -0.52 9.79,72 64 95,26
121,01110011,00000000,-0.7376709 0.041992188 0.03955078 -0.6725464,-0.23555556 -0.26444444 3.6544445,-0.17 0.03 10.14,70 53 95,26
122,01110011,00000000,-0.6802368 0.037597656 0.044799805 -0.73065186,0.07111111 -0.6911111 3.2177777,-0.58 0.01 9.85,79 52 95,26
123,01110011,00000000,-0.6300049 0.015625 0.053588867 -0.7744751,0.5288889 -1.2666667 2.3633332,-0.11 -0.16 9.6,95 58 95,26
124,01110011,00000000,-0.59887695 -0.0063476562 0.061401367 -0.7984009,0.20222223 -0.71555555 1.0444444,0.86 0.2 9.29,114 70 95,26
125,01110011,00000000,-0.59368896 -0.011779785 0.06109619 -0.80218506,0.16777778 0.09555556 -0.20555556,0.54 0.1 9.33,117 74 95,26
126,01110011,00000000,-0.60723877 -0.011047363 0.053466797 -0.79260254,0.27333334 0.38777778 -0.9688889,0.68 -0.06 9.67,115 76 95,26
127,01110011,00000000,-0.63061523 -0.007751465 0.03753662 -0.77508545,0.46333334 0.55444443 -1.36,-0.03 0.25 9.73,115 76 95,26
128,01110011,00000000,-0.65734863 -0.010864258 0.022399902 -0.75305176,0.6588889 0.21555555 -1.4855555,-0.08 -0.05 9.96,118 74 95,26
129,01110011,00000000,-0.68151855 -0.017333984 0.010559082 -0.73150635,0.17777778 0.107777774 -1.2622222,0.04 1.58 9.37,118 70 95,26
130,01110011,00000000,-0.69903564 -0.010314941 0.021240234 -0.71466064,-0.8333333 -0.32777777 -0.8422222,-0.51 0.81 9.68,117 71 95,26
131,01110011,00000000,-0.7081299 0.00018310547 0.045410156 -0.7045288,-1.2677778 -0.31555554 -0.35666665,0.42 1.06 9.2,113 78 95,26
132,01110011,00000000,-0.7110596 0.022521973 0.07098389 -0.69903564,-1.49 0.045555554 -0.16555555,0.48 0.59 9.5,110 83 95,26
133,01110011,00000000,-0.7150879 0.04547119 0.09088135 -0.6914673,-1.0344445 0.007777778 -0.46888888,-0.13 -0.26 9.61,109 86 95,26
134,01110011,00000000,-0.7298584 0.041259766 0.097473145 -0.67529297,0.68333334 -0.38111112 -1.2822223,-0.14 -1.59 10.6,108 90 95,26
135,01110011,00000000,-0.7553711 -0.00036621094 0.080200195 -0.6502075,2.2155557 -0.56 -1.8433334,-0.03 -0.71 10.33,104 85 95,26
136,01110011,00000000,-0.7836914 -0.052734375 0.05029297 -0.61676025,2.2233334 -0.13111112 -2.0755556,0.88 0.77 9.33,97 59 95,26
137,01110011,00000000,-0.8093872 -0.07244873 0.021118164 -0.5822754,0.49333334 0.70111114 -1.76,0.64 1.92 8.64,95 33 95,26
138,01110011,00000000,-0.8291626 -0.050048828 0.0048217773 -0.5565796,-0.87333333 1.2033334 -1.1277778,0.36 0.74 9.29,103 34 95,26
139,01110011,00000000,-0.8397827 -0.010253906 -0.0021362305 -0.5427246,-1.4888889 0.8977778 -0.52111113,-1.05 0.8 9.63,111 47 95,26
140,01110011,00000000,-0.8444824 0.01763916 0.018249512 -0.5348511,-1.2844445 -0.64666665 -0.37111112,-0.7 -0.15 10.33,112 57 95,26
141,01110011,00000000,-0.84936523 0.02520752 0.051086426 -0.5246582,-0.8066667 -1.08 -0.60555553,0.13 -0.42 9.77,109 64 95,26
142,01110011,00000000,-0.85736084 0.014892578 0.07324219 -0.5092163,0.29666665 -0.86777776 -0.86,0.41 -0.58 9.52,103 70 95,26
143,01110011,00000000,-0.8668213 -0.004699707 0.07727051 -0.4923706,0.60555553 -0.2588889 -0.8433333,0.56 0.31 9.37,97 71 95,26
144,01110011,00000000,-0.8753052 -0.016296387 0.07232666 -0.47772217,0.37777779 0.07111111 -0.6722222,0.3 0.31 9.39,95 70 95,26
145,01110011,00000000,-0.88153076 -0.019836426 0.06085205 -0.46765137,0.33444443 0.55222225 -0.40333334,0.32 0.04 9.62,95 71 95,26
146,01110011,00000000,-0.8848877 -0.02130127 0.043762207 -0.46313477,0.37888888 0.5911111 -0.15888889,0.01 0.17 9.79,96 73 95,26
147,01110011,00000000,-0.885437 -0.02368164 0.030883789 -0.46295166,0.28111112 0.29 0.043333333,-0.18 0.38 9.73,96 75 95,26
148,01110011,00000000,-0.8840332 -0.02319336 0.026489258 -0.46600342,-0.045555554 0.16777778 0.18222222,0.23 0.38 9.5,96 77 95,26
149,01110011,00000000,-0.8821411 -0.017456055 0.024353027 -0.4699707,-0.25333333 0.18111111 0.17666666,0.01 0.51 9.64,96 79 95,26
150,01110011,00000000,-0.8807373 -0.008422852 0.028015137 -0.4725952,-0.40222222 -0.072222225 0.10222222,-0.16 -0.06 9.86,96 80 95,26
151,01110011,00000000,-0.8800659 -0.0071411133 0.0368042 -0.4732666,-0.13444445 -0.4377778 -0.013333334,-0.07 0.17 9.89,96 81 95,26
152,01110011,00000000,-0.8805542 -0.0095825195 0.048583984 -0.47125244,-0.15222222 -0.48444444 -0.10555556,0.16 0.26 9.71,96 82 95,26
153,01110011,00000000,-0.89056396 -0.0119018555 0.059509277 -0.46661377,-0.14 -11.094444 -21.05,0.24 0.58 9.41,96 83 95,26
154,01110011,00000000,-0.8859253 -0.006286621 0.06921387 -0.45843506,-0.46333334 -0.19 -0.37666667,0.39 0.18 9.33,95 84 95,26
155,01110011,00000000,-0.89068604 -0.0028686523 0.0692749 -0.4491577,-0.057777777 0.15444444 -0.4311111,0.53 -0.46 9.57,95 86 95,26
156,01110011,00000000,-0.89489746 -0.014221191 0.049560547 -0.44311523,1.03 0.63222224 -0.31111112,0.34 -0.69 10.1,95 87 95,26
157,01110011,00000000,-0.8972168 -0.029418945 0.028930664 -0.43945312,0.8288889 0.39222223 -0.20777778,-0.28 0.52 10.08,96 86 95,26
158,01110011,00000000,-0.8983154 -0.034729004 0.02130127 -0.43737793,0.18888889 0.15666667 -0.08777778,-0.06 1 9.97,96 86 95,26
159,01110011,00000000,-0.899353 -0.028076172 0.025756836 -0.43548584,-0.41666666 -0.10666667 -0.08777778,-0.27 0.21 9.39,96 87 95,26
160,01110011,00000000,-0.9012451 -0.024658203 0.035339355 -0.4310913,-0.26444444 -0.32333332 -0.21,0.47 -0.01 9.11,96 88 95,26
161,01110011,00000000,-0.9043579 -0.016235352 0.03704834 -0.42474365,-0.4288889 0.22 -0.29777777,0.63 0.48 9.05,95 89 95,26
162,01110011,00000000,-0.9082031 -0.005126953 0.033447266 -0.41693115,-0.2777778 0.31777778 -0.36333334,-292.07 -2.56 -0.01,95 90 95,26
163,01110011,00000000,-0.9121094 -0.0041503906 0.03503418 -0.4083252,-0.08111111 -0.12777779 -0.39444444,-0.18 0.07 10.49,96 91 95,26
164,01110011,00000000,-0.91534424 -0.0078125 0.042541504 -0.40020752,0.035555556 -0.3888889 -0.36555555,0 -0.19 10,96 92 95,26
165,01110011,00000000,-0.91778564 -0.014709473 0.048095703 -0.3937378,0.16888888 -0.28444445 -0.27555555,0.3 0.12 9.61,95 92 95,26
166,01110011,00000000,-0.9192505 -0.020507812 0.051086426 -0.38970947,0.18666667 -0.20222223 -0.17222223,0.12 0.05 9.61,95 92 95,26
167,01110011,00000000,-0.9199219 -0.020141602 0.05279541 -0.38787842,-0.18111111 0.012222222 -0.04888889,0.21 0.47 9.42,95 92 95,26
168,01110011,00000000,-0.920166 -0.013427734 0.054748535 -0.3873291,-0.26777777 0.022222223 -0.0055555557,0.04 -0.29 9.84,95 92 95,26
169,01110011,00000000,-0.9199829 -0.011291504 0.053894043 -0.3880005,-0.045555554 0.104444444 0.05111111,0.31 0.03 9.55,95 92 95,26
170,01110011,00000000,-0.9216919 -0.008056641 0.0491333 -0.39093018,-0.033333335 0.25 -6.2577777,0.05 0 9.81,95 92 95,26
171,01110011,00000000,-0.9169922 -0.0087890625 0.041015625 -0.3965454,0.23 0.35222223 0.27333334,0.58 -0.09 9.79,95 92 95,26
172,01110011,00000000,-0.9133911 -0.0053710938 0.026367188 -0.4060669,0.10222222 0.63666666 0.4611111,-0.14 0.1 9.56,94 93 95,26
173,01110011,00000000,-0.9086914 -0.0079956055 0.02331543 -0.41662598,0.19666667 -0.045555554 0.48444444,-0.38 -0.08 10.3,92 94 95,26
174,01110011,00000000,-0.9039917 -0.02130127 0.03302002 -0.4255371,0.37111112 -0.76111114 0.39444444,-0.55 0.15 9.89,92 95 95,26
175,01110011,00000000,-0.90026855 -0.025756836 0.05822754 -0.430542,-0.5222222 -1.0422223 0.24555555,0.34 1.51 9.92,94 96 95,26
176,01110011,00000000,-0.8991089 0.0013427734 0.09039307 -0.4281006,-1.8677778 -0.6422222 -0.024444444,0.63 0.72 9.69,96 95 95,26
177,01110011,00000000,-0.90130615 0.025024414 0.097717285 -0.42108154,-0.6288889 0.4211111 -0.24222222,1.48 -2.58 8.65,96 95 95,26
178,01110011,00000000,-0.90740967 0.0064697266 0.052246094 -0.41674805,1.9466667 1.6122222 -0.29777777,0.35 -1.17 8.94,97 96 95,26
179,01110011,00000000,-0.91119385 -0.015625 0.012878418 -0.41131592,1.23 0.9211111 -0.31444445,-1.05 -0.7 -0.01,100 92 95,26
180,01110011,00000000,-0.9140625 -0.02142334 0.019348145 -0.4043579,-0.08555555 -0.73 -0.32444444,-1.12 0.72 9.97,101 90 95,26
181,01110011,00000000,-0.916687 -0.029541016 0.0368042 -0.39666748,0.11888889 -0.69777775 -0.3311111,1.11 -0.5 9.33,99 91 95,26
182,01110011,00000000,-0.9192505 -0.034729004 0.033569336 -0.390625,0.2188889 0.12888889 -0.28444445,0.18 0.41 8.98,97 91 95,26
183,01110011,00000000,-0.92163086 -0.032287598 0.032714844 -0.38513184,-0.18666667 0.05666667 -0.34666666,0.07 0.2 9.5,97 91 95,26
184,01110011,00000000,-0.92541504 -0.025756836 0.034851074 -0.3762207,-0.41444445 -0.08222222 -0.43,-0.32 0.37 9.74,97 92 95,26
185,01110011,00000000,-0.9295654 -0.016723633 0.046813965 -0.36517334,-0.6433333 -0.45777777 -0.49444443,-0.04 0.26 9.8,97 93 95,26
186,01110011,00000000,-0.9337158 -0.0076293945 0.059265137 -0.35290527,-0.43 -0.24444444 -0.52555555,0.3 -0.54 10.03,95 95 95,26
187,01110011,00000000,-0.953125 -0.0075683594 0.05731201 -0.34222412,0.21 0.41 -0.40888888,0.8 -0.09 10.14,94 96 95,26
188,01110011,00000000,-0.94073486 -0.010864258 0.04168701 -0.33618164,0.49444443 0.46555555 -0.24111111,-0.46 -0.33 9.52,95 95 95,26
189,01110011,00000000,-0.9421387 -0.022949219 0.036621094 -0.33221436,0.46666667 -0.2588889 -0.18333334,-0.26 0.36 9.04,96 94 95,26
190,01110011,00000000,-0.9435425 -0.026855469 0.03668213 -0.32788086,-0.13777778 0.32 -0.21555555,0.99 0.8 9.11,96 94 95,26
191,01110011,00000000,-0.9470825 -0.01184082 0.021728516 -0.31988525,-0.4511111 0.9444444 -0.5,-0.01 -0.06 10.04,96 94 95,26
192,01110011,00000000,-0.9529419 0.00024414062 0.010375977 -0.30273438,-0.21666667 0.25333333 -0.9033333,-0.71 -0.28 10.05,99 96 95,26
193,01110011,00000000,-0.95947266 0.0004272461 0.01739502 -0.28100586,-0.20555556 -0.52111113 -0.93222225,-0.3 0.92 9.82,100 97 95,26
194,01110011,00000000,-0.96343994 0.006958008 0.047180176 -0.2633667,-0.7211111 -1.6422222 -0.56333333,-0.93 -0.15 10.63,96 98 95,26
195,01110011,00000000,-0.96087646 -0.002380371 0.07873535 -0.2654419,0.86444443 -0.9311111 0.60333335,0.66 -2.25 9.19,90 100 95,26
196,01110011,00000000,-0.9527588 -0.043701172 0.05871582 -0.2946167,1.9655555 0.94 1.1844444,0.98 0.41 266.96,78 66 95,26
197,01110011,00000000,-0.9429321 -0.062561035 0.024536133 -0.32598877,0.81333333 1.1822222 1.2911111,-0.15 0.97 8.82,87 117 95,26
198,01110011,00000000,-0.93188477 -0.055664062 -0.0040893555 -0.35821533,-0.38333333 1.1833333 1.3788888,-0.47 1.64 9.5,78 122 95,26
199,01110011,00000000,-0.9210205 -0.027404785 -0.013793945 -0.3880005,-1.0011111 0.75666666 1.2244444,0 -0.1 10.01,69 116 95,26
200,01110011,00000000,-0.9116821 0.0020141602 -0.013549805 -0.41052246,-1.4388889 0.2688889 0.8422222,-0.51 0.92 10.3,66 106 95,26
201,01110011,00000000,-0.90509033 0.030639648 0.00579834 -0.42388916,-1.0311111 -0.56 0.4488889,-0.52 -1.29 10.3,67 97 95,26
202,01110011,00000000,-0.90167236 0.030761719 0.030700684 -0.43011475,-0.2211111 -1.1411111 0.15333334,-0.18 -0.26 9.47,71 94 95,26
203,01110011,00000000,-0.89923096 0.020568848 0.051818848 -0.43377686,0.12444445 -0.79888886 0.19888888,0.32 -0.08 8.56,75 94 95,26
204,01110011,00000000,-0.895874 0.006652832 0.008361816 -0.00982666,0.44555557 -0.59 0.19555555,-0.12 -0.06 9.23,78 94 95,26
205,01110011,00000000,-0.8947754 0.005432129 0.06866455 -0.44110107,-0.40222222 -0.13666667 -0.055555556,-0.32 0.13 9.95,80 95 95,26
206,01110011,00000000,-0.89733887 0.003967285 0.074157715 -0.4348755,0.27333334 -0.075555556 -0.45555556,0.49 -0.86 9.88,81 95 95,26
207,01110011,00000000,-0.9042969 -0.0079956055 0.06890869 -0.42108154,0.61777776 0.10666667 -0.8188889,0.07 -0.24 9.91,82 94 95,26
208,01110011,00000000,-0.9147949 -0.029052734 0.045837402 -0.40020752,1.4688889 0.9 -1.221111,0.77 -0.13 9.89,84 91 95,26
209,01110011,00000000,-0.9282837 -0.038513184 0.013977051 -0.36938477,0.30222222 0.95555556 -1.6477778,-0.38 1.05 9.19,92 80 95,26
210,01110011,00000000,-0.94421387 -0.020324707 -0.0065307617 -0.3284912,-1.0222223 1.3477777 -1.9933333,1.26 1.4 8.29,102 78 95,26
211,01110011,00000000,-0.95874023 0.016418457 -0.016357422 -0.28320312,-1.6211112 -0.15555556 -2.0711112,-2.27 0.91 9.3,118 93 95,26
212,01110011,00000000,-0.9692383 0.06304932 0.0095825195 -0.23754883,-1.9544444 -0.28333333 -1.87,1.18 -1.87 9.66,114 115 95,26
213,01110011,00000000,-0.97631836 0.06994629 0.012756348 -0.20391846,0.6766667 0.10888889 -1.1177778,0.01 -1.87 10.09,255 994 -8705,26
214,01110011,00000000,-0.98132324 0.030883789 0.013244629 -0.18908691,2.03 -0.9288889 -0.38777778,-1.98 -0.17 10.12,108 128 95,26
215,01110011,00000000,-0.98010254 -0.027038574 0.04840088 -0.19036865,2.0422223 -2.238889 0.27222222,0.14 0.61 9.56,104 120 95,26
216,01110011,00000000,-0.9729004 -0.064819336 0.073791504 -0.20910645,1.01 -0.7033333 1.1311111,1.2 0.77 8.71,107 121 96,26
217,01110011,00000000,-0.9628906 -0.07342529 0.08428955 -0.24523926,-0.07111111 -0.20555556 1.8655555,0.88 1.28 8.81,111 126 96,26
218,01110011,00000000,-0.949646 -0.049926758 0.08660889 -0.2966919,-1.0355556 0.57555556 2.6066666,0.65 0.83 9.59,112 122 96,26
219,01110011,00000000,-0.92785645 0.007873535 0.095825195 -0.3602295,-3.1322222 0.08 3.338889,-1.32 2.19 10.2,101 102 96,26
220,01110011,00000000,-0.89282227 0.041931152 0.08709717 -0.43969727,1.6 0.97444445 4.0844445,0 -4.23 10.96,99 33 96,26
221,01110011,00000000,-0.84295654 0.0345459 0.0099487305 -0.009765625,0.5922222 0.37 4.6222224,0.74 -1.52 10.02,73 82 96,26
222,01110011,00000000,-0.77941895 0.014404297 0.030090332 -0.6254883,1.8855555 0.09 4.6666665,-0.48 0.33 9.88,64 101 96,26
223,01110011,00000000,-0.70928955 -6.1035156E-05 0.013916016 -0.7047119,0.43666667 0.07777778 4.2577777,-0.12 0.73 9.13,64 158 96,26
224,01110011,00000000,-0.6437988 -0.023986816 0.0005493164 -0.7647705,1.2988889 -0.7022222 3.3788888,0.14 2.51 8.49,65 164 96,26
225,01110011,00000000,-0.59173584 -0.034729004 0.011657715 -0.8052368,-0.32555556 -0.57 2.3488889,-0.05 -0.27 9.15,83 186 96,26
226,01110011,00000000,-0.56073 -0.03717041 0.038635254 -0.8261719,-1.4911112 -0.61 1.1233333,1.28 1.65 9.05,93 172 96,26
227,01110011,00000000,-0.5541992 -0.0119018555 0.07495117 -0.8288574,-1.6988889 0.06666667 -0.14555556,-0.35 0.13 10.18,98 153 96,26
228,01110011,00000000,-0.5732422 0.01550293 0.117004395 -0.810791,-2.4188888 0.32222223 -1.5011111,1.73 -1.67 10.13,98 149 96,26
229,01110011,00000000,-0.61657715 0.039489746 0.12652588 -0.776001,-0.17666666 1.0388889 -2.6277778,1.04 -1.93 9.78,101 167 96,26
230,01110011,00000000,-0.67767334 0.045410156 0.093566895 -0.72784424,1.4622222 1.7277777 -3.4677777,0.19 -2.05 9.54,118 94 -4353,26
231,01110011,00000000,-0.7453613 0.034973145 0.030639648 -0.664917,2.2433333 1.9122223 -3.8933334,-0.46 0.01 9.82,154 123 96,26
232,01110011,00000000,-0.8076782 0.026916504 -0.019592285 -0.588562,1.5355556 1.3722222 -4.13,-1.86 0.54 10.37,194 65 95,26
233,01110011,00000000,-0.86157227 0.023132324 -0.0134887695 -0.5067749,-0.47 -0.83 -4.1066666,-0.12 0.9 9.58,190 61 95,26
234,01110011,00000000,-0.9038086 0.02947998 0.020202637 -0.42626953,-0.6788889 -0.95555556 -3.8111112,0.2 -0.04 8.47,159 77 95,26
235,01110011,00000000,-0.930542 0.029174805 0.021911621 -0.36419678,0.16111112 0.42666668 -2.5177777,0.71 -0.94 8.15,129 96 95,26
236,01110011,00000000,-0.9429321 0.021362305 -0.018981934 -0.33166504,1.02 1.6211112 -1.2111111,-1.17 0.33 9.45,132 93 95,26
237,01110011,00000000,-0.95184326 0.017333984 -0.032348633 -0.30407715,0.08 0.06555556 -1.2288889,-0.78 -0.06 9.9,141 85 95,26
238,01110011,00000000,-0.9610596 0.0057373047 -0.017333984 -0.00982666,0.44555557 -0.89555556 -1.2233334,-0.61 -0.1 9.73,137 85 95,26
239,01110011,00000000,-0.965271 -0.014099121 0.00036621094 -0.2607422,0.6388889 -0.8922222 -0.4377778,-0.13 -0.72 9.58,126 82 95,26
240,01110011,00000000,-0.9624634 -0.03894043 -0.0013427734 -0.26849365,1.0355556 -0.06 0.4888889,-0.69 0.87 9.52,120 81 95,26
241,01110011,00000000,-0.95684814 -0.042541504 -0.005065918 -0.28710938,0.09888889 0.11 0.8666667,-1.14 -0.18 10.36,118 86 95,26
242,01110011,00000000,-0.9494629 -0.03387451 0.00018310547 -0.31195068,-0.60333335 -0.04888889 1.1344445,-0.81 0.76 9.91,115 87 95,26
243,01110011,00000000,-0.9389038 -0.01171875 0.008666992 -0.34375,-1.0133333 0.062222224 1.5144445,0.42 -0.43 9.64,113 83 95,26
244,01110011,00000000,-0.92303467 0.0021972656 0.0067749023 -0.38452148,-0.38111112 0.24444444 1.8944445,-0.76 -0.36 10.09,111 74 95,26
245,01110011,00000000,-0.90338135 -0.004272461 0.011962891 -0.42852783,0.36333334 -0.43444446 2.06,-0.35 -0.31 9.66,106 71 95,26
246,01110011,00000000,-0.8764038 -0.008300781 0.02734375 -0.48059082,-0.26555556 -0.7355555 2.5844445,-0.52 0.65 9.72,111 78 95,26
247,01110011,00000000,-0.84088135 -0.0021362305 0.052978516 -0.5385132,-0.75333333 -0.79888886 2.931111,-0.34 0.69 9.41,121 75 255,26
248,01110011,00000000,-0.80792236 0.010620117 0.07861328 -0.5838623,-0.86333334 -0.56 2.1644444,0.59 -0.81 9.62,133 63 95,26
249,01110011,00000000,-0.7993164 0.030639648 0.07043457 -0.59588623,-0.26444444 0.94 0.3011111,-0.07 -1.32 9.84,137 54 95,26
250,01110011,00000000,-0.8101196 0.03375244 0.032165527 -0.5843506,1.0733334 1.4811112 -0.72888887,-0.3 -1.17 10,131 58 95,26
251,01110011,00000000,-0.82543945 0.036010742 -0.008239746 -0.5631714,0.71444446 1.45 -1.08,-0.77 0.81 9.63,134 57 95,26
252,01110011,00000000,-0.83935547 0.04486084 -0.031982422 -0.5406494,0.23666666 1.0011111 -1.1044445,-0.58 0.01 9.43,140 56 95,26
253,01110011,00000000,-0.85131836 0.05859375 -0.03930664 -0.51989746,-0.34888887 0.47666666 -0.9355556,-1.5 0.37 9.1,143 58 95,26
254,01110011,00000000,-0.85406494 0.06829834 -0.026123047 -0.51483154,-0.7633333 -0.38666666 -0.14333333,-1.37 0.72 8.89,141 64 95,26
255,01110011,00000000,-0.8516846 0.072509766 -0.006225586 -0.5187988,-0.59444445 -0.8433333 0.16777778,-1.33 -0.32 9.73,136 68 95,26
0,01110011,00000000,-0.84747314 0.076293945 0.013366699 -0.5250244,-0.42666668 -0.38777778 0.23555556,-1.3 -0.5 9.47,133 70 95,26
1,01110011,00000000,-0.8395386 0.050354004 0.005065918 -0.5408325,1.4755555 -0.38333333 0.8744444,-1.33 -0.54 10.07,130 72 95,26
2,01110011,00000000,-0.82128906 0.010925293 -0.009216309 -0.5701294,1.7388889 -0.5277778 1.6455555,-1.08 -0.03 9.98,129 83 95,26
3,01110011,00000000,-0.7932739 -0.019897461 -0.0051879883 -0.6084595,0.6255556 -0.9166667 2.07,-0.73 1.7 9.31,131 103 95,26
4,01110011,00000000,-0.7692871 -0.022338867 0.008483887 -0.63830566,-0.41555557 -0.37333333 1.4611111,0.16 0.62 9.14,139 111 95,26
5,01110011,00000000,-0.75909424 -0.01586914 0.012268066 -0.65057373,-0.19777778 0.19666667 0.5511111,0 0.07 9.26,138 105 95,26
6,01110011,00000000,-0.75860596 -0.009765625 0.009887695 -0.65130615,0.02 0.16333333 -0.2588889,-0.34 0 9.54,133 103 95,26
7,01110011,00000000,-0.7659302 -0.009887695 0.010498047 -0.64263916,0.014444444 -0.13222222 -0.5833333,-0.19 0.23 9.83,129 102 95,26
8,01110011,00000000,-0.77575684 -0.010803223 0.019104004 -0.6305542,-0.40111113 -0.39222223 -0.6677778,-0.15 0.51 10.04,125 101 95,26
9,01110011,00000000,-0.7840576 -0.0072631836 0.031188965 -0.61968994,-0.38666666 -0.22444445 -0.4611111,-0.04 0.13 9.79,120 102 95,26
10,01110011,00000000,-0.789917 -0.0030517578 0.039611816 -0.6118164,-0.5188889 -0.14777778 -0.47555557,-0.01 0.73 10.15,117 102 95,26
11,01110011,00000000,-0.7996216 0.008422852 0.05029297 -0.5982666,-0.8088889 0.078888886 -0.75555557,0.22 0.48 9.91,114 103 95,26
12,01110011,00000000,-0.81085205 0.022949219 0.05340576 -0.5822754,-0.32777777 0.40555555 -0.7822222,-0.01 -0.22 9.74,112 106 95,26
13,01110011,00000000,-0.82214355 0.022583008 0.040161133 -0.56726074,0.7355555 0.43333334 -0.78444445,-0.19 -0.32 9.45,112 107 95,26
14,01110011,00000000,-0.83306885 0.008972168 0.020812988 -0.55255127,0.9766667 0.33222222 -0.74777776,0.06 -0.02 9.65,112 102 95,26
15,01110011,00000000,-0.84246826 -0.009216309 -0.0025024414 -0.5385132,1.2422222 0.40333334 -0.72555554,-0.03 0 9.72,112 97 95,26
16,01110011,00000000,-0.85150146 -0.029907227 -0.022277832 -0.5228882,0.98777777 0.008888889 -0.7811111,-0.72 1.01 9.65,112 91 95,26
17,01110011,00000000,-0.8602905 -0.04663086 -0.01776123 -0.50720215,0.18888889 -0.9166667 -0.66444445,204.18 0 9.37,110 86 95,26
18,01110011,00000000,-0.8668213 -0.05029297 0.008850098 -0.4958496,-0.7788889 -1.0277778 -0.35666665,0.36 0.85 8.68,105 86 95,26
19,01110011,00000000,-0.8691406 -0.038330078 0.03515625 -0.49176025,-1.0177778 -0.5 0.007777778,0.43 0.31 8.55,102 89 95,26
20,01110011,00000000,-0.8671875 -0.00970459 0.053344727 -0.49487305,-1.76 0.2777778 0.38333333,1.05 1.22 6.9,101 90 95,26
21,01110011,00000000,-0.86016846 0.050842285 0.061035156 -0.5036621,-2.55 1.4733334 0.75777775,1.17 0.33 8.25,100 86 95,26
22,01110011,00000000,-0.8479614 0.10876465 0.036987305 -0.517395,-0.08 2.0911112 1.23,-1.17 -4.53 10.6,92 74 96,26
23,01110011,00000000,-0.8275757 0.06591797 0.007080078 -0.557251,3.041111 -1.7466667 2.4011111,-2.59 -0.86 13.09,76 75 96,26
24,01110011,00000000,-0.79119873 -0.035583496 0.03527832 -0.609375,1.6955556 -4.383333 2.6166666,-0.78 2.43 12.45,105 125 97,26
25,01110011,00000000,-0.7498779 -0.08892822 0.12017822 -0.6477051,-1.0711111 13.084444 -25.884445,1.99 1.33 9.77,177 151 98,26
26,01110011,00000000,-0.7194824 -0.11114502 0.17633057 -0.6623535,-0.44777778 -1.5533333 0.61444443,3.8 -0.04 8.71,192 138 97,26
27,01110011,00000000,-0.7199707 -0.11279297 0.16448975 -0.6646118,0.7911111 1.2122222 -0.14333333,2.2 0.44 7.82,188 132 97,26
28,01110011,00000000,-0.7244873 -0.09301758 0.09692383 -0.67596436,1.6644444 3.307778 0.25111112,1.34 -0.4 8.7,180 128 97,26
29,01110011,00000000,-0.7180786 -0.06640625 0.013549805 -0.69262695,1.7266667 2.7222223 0.77111113,-2.16 0.81 8.71,166 127 96,26
30,01110011,00000000,-0.6975708 -0.048706055 -0.04058838 -0.713562,0.59444445 1.8111111 1.1677778,0.77 1.38 10.15,146 132 95,26
31,01110011,00000000,-0.6807251 -0.025817871 -0.05596924 -0.7298584,-0.8277778 0.4888889 0.41222224,0.4 1.71 10.68,127 133 95,26
32,01110011,00000000,-0.6868286 -0.0010375977 -0.02911377 -0.72613525,-1.7655555 -0.037777778 -0.69222224,1.39 0.55 8.9,123 127 95,26
33,01110011,00000000,-0.7038574 0.028564453 0.0053100586 -0.7097168,-1.7755556 -0.25111112 -1.19,0.28 0.17 9.18,120 132 95,26
34,01110011,00000000,-0.72106934 0.045410156 0.030944824 -0.6906738,-0.94 -0.19888888 -0.9,317.67 -2.56 -0.01,116 142 95,26
35,01110011,00000000,-0.7319946 0.04925537 0.048950195 -0.67767334,-0.44333333 -0.5655556 -0.83444446,0.9 -0.04 10.32,113 143 95,26
36,01110011,00000000,-0.7491455 0.034423828 0.07220459 -0.65740967,-0.12888889 -1.5455556 -1.4644444,-0.1 0.35 10.49,108 141 95,26
37,01110011,00000000,-0.7718506 -0.0028686523 0.1027832 -0.6273804,0.4722222 -1.8155556 -1.81,0.97 -0.15 9.11,92 138 95,26
38,01110011,00000000,-0.793396 -0.028381348 0.1060791 -0.5986328,0.6855556 -0.018888889 -1.4411111,1.22 -0.09 8.89,71 128 95,26
39,01110011,00000000,-0.8110962 -0.036315918 0.07678223 -0.5786743,0.92333335 1.3088889 -1.02,0.86 0.26 8.86,73 118 95,26
40,01110011,00000000,-0.8230591 -0.02545166 0.03149414 -0.5664673,0.5566667 2.0433333 -0.5555556,0.11 0.22 9.33,84 110 95,26
41,01110011,00000000,-0.82525635 -0.01361084 -0.005493164 -0.5644531,0.2588889 1.2888889 0.15111111,0.19 0.64 10.1,92 106 95,26
42,01110011,00000000,-0.8280029 -0.0014648438 -0.010498047 -0.5701904,-0.55444443 -0.14777778 -18.204445,-0.32 0.61 10.52,91 105 95,26
43,01110011,00000000,-0.8201904 0.014099121 0.0146484375 -0.5716553,-1.5833334 -0.55444443 0.104444444,0.38 0.94 9.4,92 104 95,26
44,01110011,00000000,-0.81573486 0.0390625 0.047058105 -0.5749512,-1.44 -0.63555557 0.26444444,-0.26 -0.54 9.7,93 102 95,26
45,01110011,00000000,-0.8101196 0.047729492 0.06854248 -0.58026123,-0.35777777 -0.41222224 0.3211111,0.59 -0.91 9.95,94 99 95,26
46,01110011,00000000,-0.8053589 0.03930664 0.07141113 -0.58703613,0.47111112 -0.39444444 0.3011111,0.1 -0.05 10.52,95 98 95,26
47,01110011,00000000,-0.800354 0.033447266 0.0670166 -0.5946655,0.2211111 -0.011111111 0.42555556,-0.16 0.31 9.78,96 99 95,26
48,01110011,00000000,-0.7943115 0.012573242 0.06774902 -0.6035156,1.0766667 -0.72 0.37555555,0.16 -0.08 9.53,96 99 95,26
49,01110011,00000000,-0.78723145 -0.015808105 0.05859375 -0.6135254,1.3233334 -0.14777778 0.4677778,0.13 -0.2 9.48,98 101 95,26
50,01110011,00000000,-0.77734375 -0.030578613 0.04260254 -0.62683105,0.71 0.21222222 0.73777777,-0.34 0.89 9.4,98 104 95,26
51,01110011,00000000,-0.7642822 -0.022644043 0.03186035 -0.6435547,-0.31111112 0.70444447 0.97,-0.05 -1.64 -0.01,97 107 95,26
52,01110011,00000000,-0.744812 -0.003112793 0.026062012 -0.666687,-0.42222223 0.7177778 1.4022223,0.09 0.04 9.75,92 104 95,26
53,01110011,00000000,-0.71087646 0.008056641 0.014465332 -0.7030029,0.15222222 0.6166667 2.2666667,-0.12 0.68 10.08,86 99 95,26
54,01110011,00000000,-0.6625366 0.0115356445 0.008422852 -0.7487793,0.046666667 0.14222223 2.9188888,-0.29 1.15 9.76,78 101 95,26
55,01110011,00000000,-0.6044922 0.010192871 0.015197754 -0.7963257,-0.23222223 -0.3422222 3.2033334,0.21 0.59 10.09,77 101 95,26
56,01110011,00000000,-0.5454712 0.0064697266 0.020935059 -0.8378296,-0.053333335 -0.29666665 2.9555554,0.51 0.8 9.54,86 96 95,26
57,01110011,00000000,-0.4935913 0.0006713867 0.020263672 -0.86938477,0.38777778 -0.22555555 2.4555554,1.34 0.18 9.68,92 95 95,26
58,01110011,00000000,-0.453125 0.0041503906 0.02154541 -0.8911133,-0.48555556 -0.028888889 1.7444445,-1.33 1.43 9.25,96 101 95,26
59,01110011,00000000,-0.453125 -0.0012207031 0.047668457 -0.8973999,-0.7211111 -0.7177778 0.35333332,3.24 -2.04 9.58,96 95 95,26
60,01110011,00000000,-0.4578247 0.029663086 0.02722168 -0.8880615,0.2888889 2.0811112 -1.1533333,0.34 0.29 9.01,98 93 95,26
61,01110011,00000000,-0.5012207 0.06768799 0.0072021484 -0.86260986,0.05666667 1.7311112 -2.238889,0.02 0.27 9.41,113 91 95,26
62,01110011,00000000,-0.55340576 0.09698486 0.00048828125 -0.82714844,-0.31666666 1.1777778 -2.7,-1.04 -0.57 9.74,136 91 95,26
63,01110011,00000000,-0.6085205 0.10308838 -0.012023926 -0.7866821,0.85555553 0.74333334 -2.8144445,-0.32 -0.77 9.74,152 97 95,26
64,01110011,00000000,-0.6622925 0.08630371 -0.014038086 -0.7440796,0.5711111 -0.8888889 -2.8711112,-1.97 0.79 10.11,160 81 95,26
65,01110011,00000000,-0.7073364 0.043640137 0.016662598 -0.70526123,0.47111112 -2.17 -2.4644444,-0.39 0.86 9.05,137 72 95,26
66,01110011,00000000,-0.7359009 0.0010986328 0.05267334 -0.6749878,0.23666666 -2.2277777 -1.6177778,-0.42 -0.04 9.44,99 67 95,26
67,01110011,00000000,-0.74816895 -0.040405273 0.077819824 -0.6575928,0.5322222 -1.7477778 -0.82222223,1.68 0.82 9.2,76 67 95,26
68,01110011,00000000,-0.75042725 -0.0501709 0.07849121 -0.65423584,0.39333335 -0.035555556 -0.078888886,0.7 -0.75 -266.82,68 0 95,26
69,01110011,00000000,-0.74890137 -0.026062012 0.070373535 -0.6583252,-0.99777776 1.2744445 0.29777777,1.72 2.13 9.61,72 70 95,26
70,01110011,00000000,-0.7409668 0.006713867 0.061157227 -0.66864014,-0.47777778 0.7966667 0.70555556,-1.54 -0.44 9.28,72 71 95,26
71,01110011,00000000,-0.72491455 0.015930176 0.049743652 -0.68670654,0.12777779 0.51666665 1.1611111,0.91 0.14 10.38,71 71 95,26
72,01110011,00000000,-0.71533203 0.0045166016 0.04559326 -0.6972046,0.63555557 -0.42333335 0.35,0.37 -0.5 9.73,70 74 95,26
73,01110011,00000000,-0.711792 -0.0018310547 0.039978027 -0.7011719,0.25666666 0.14222223 0.22444445,1.07 0.45 8.99,73 78 95,26
74,01110011,00000000,-0.70233154 -0.015808105 0.027160645 -0.7110596,0.98 -0.17555556 0.6255556,-0.11 -0.06 9.26,75 80 95,26
75,01110011,00000000,-0.6816406 -0.03302002 0.0068359375 -0.73083496,1.2922223 0.15222222 1.33,0.58 -0.69 9.84,78 85 95,26
76,01110011,00000000,-0.6437378 0.006958008 0.0045166016 -0.009765625,0.4077778 0.46666667 2.2955556,0.18 1.83 10.05,78 97 95,26
77,01110011,00000000,-0.5997925 -0.0146484375 -0.009765625 -0.7998657,-1.2455555 1.2922223 3.2144444,0.75 1.83 9.4,73 103 95,26
78,01110011,00000000,-0.51641846 0.057678223 0.002380371 -0.8543091,-1.9511111 2.1366668 3.5344443,0.71 0.25 9.45,49 76 95,26
79,01110011,00000000,-0.4625244 0.10632324 0.011413574 -0.8800659,-1.3522222 1.2222222 2.2166667,-0.55 -0.65 9.85,6 33 96,26
80,01110011,00000000,-0.4350586 0.111328125 0.0076293945 -0.8933716,0.19888888 -0.15111111 1.1044445,-1.49 0.04 9.99,9 32 96,26
81,01110011,00000000,-0.40270996 0.08154297 0.012573242 -0.91156006,0.15222222 -1.5111111 1.6633333,-0.29 0.68 10.23,19 40 96,26
82,01110011,00000000,-0.3468628 0.05529785 0.01928711 -0.93603516,-0.07777778 -1.1444445 2.71,0.35 0.44 9.68,43 47 96,26
83,01110011,00000000,-0.2960205 0.03387451 0.024414062 -0.95422363,0.21555555 -1.28 2.798889,0.45 -0.99 9.97,68 50 96,26
84,01110011,00000000,-0.22686768 0.0068359375 0.016113281 -0.97369385,0.58 -1.0411111 3.1766667,0.16 0.12 8.61,93 58 96,26
85,01110011,00000000,-0.14813232 -0.02355957 0.0060424805 -0.9885864,0.85 -1.3577778 3.452222,0.28 -0.62 9.09,87 59 -16129,26
86,01110011,00000000,-0.061340332 -0.040039062 -0.010620117 -0.9972534,0.7677778 0.027777778 3.7744443,1.62 0.36 8.57,142 95 96,26
87,01110011,00000000,0.028930664 -0.024658203 -0.018981934 -0.9990845,0.3288889 1.1244445 3.6422222,1.39 0.28 10.07,137 114 96,26
88,01110011,00000000,0.10089111 0.0072021484 -0.019470215 -0.9946289,-0.07111111 1.38 2.4366667,0.76 1.08 10.72,107 120 96,26
89,01110011,00000000,0.12976074 0.03387451 -0.00036621094 -0.9909668,-0.88555557 0.93777776 0.36888888,0.1 0.06 10.89,84 116 96,26
90,01110011,00000000,0.11682129 0.051818848 0.021728516 -0.9915161,-0.1388889 0.44444445 -1.0511111,0.16 -1.12 9.57,83 112 96,26
91,01110011,00000000,0.08532715 0.056884766 0.022705078 -0.9944458,0.015555556 0.24444444 -1.4511111,0.41 -0.01 8.74,87 111 96,26
92,01110011,00000000,0.04852295 0.06640625 0.020690918 -0.9963379,0.41555557 0.56 -1.5988889,0.4 -0.71 9.29,90 109 96,26
93,01110011,00000000,0.0068969727 0.08355713 0.0057373047 -0.00982666,0.96666664 0.7722222 -1.7555555,0.04 -0.43 9.53,96 103 96,26
94,01110011,00000000,-0.039733887 0.10076904 -0.018615723 -0.9938965,1.2555555 0.4811111 -1.9288889,-1.64 0.03 10.61,105 91 96,26
95,01110011,00000000,-0.09100342 0.07965088 -0.039123535 -0.9918213,0.9311111 -1.4144444 -2.0611112,0.27 1.32 9.83,110 76 96,26
96,01110011,00000000,-0.13824463 0.043029785 -0.03100586 -0.9888916,-0.72444445 -2.471111 -1.82,-2.79 1.91 10.61,90 65 96,26
97,01110011,00000000,-0.17364502 -0.023254395 0.010253906 -0.98443604,-1.3111111 -2.7166667 -1.2066667,1.68 -0.1 8.76,62 77 96,26
98,01110011,00000000,-0.19232178 -0.05255127 0.039611816 -0.97906494,-0.91888887 -0.67777777 -0.5377778,1.31 0.12 8.32,44 89 95,26
99,01110011,00000000,-0.19787598 -0.04046631 0.049987793 -0.97802734,-0.093333334 1.2688888 0.0011111111,2.06 -1.25 8.27,47 93 95,26
100,01110011,00000000,-0.19586182 0.0068359375 0.0256958 -0.9802246,0.8188889 2.461111 0.23555556,0.38 0.54 9.43,52 93 95,26
101,01110011,00000000,-0.19293213 0.06378174 0.01586914 -0.9789429,-0.6433333 2.3033333 0.037777778,-0.36 0.39 10.17,53 94 95,26
102,01110011,00000000,-0.19989014 0.11462402 0.013061523 -0.9729004,-0.054444443 2.1577778 -0.50333333,-0.11 0.3 9.4,57 227 -15617,26
103,01110011,00000000,-0.21514893 0.15258789 0.02130127 -0.96429443,-0.9766667 0.88 -0.8244445,-1.61 0.28 10.02,68 94 95,26
104,01110011,00000000,-0.23168945 0.15100098 0.040283203 -0.960083,-0.26222223 -0.78 -0.79333335,-0.99 -0.49 9.36,75 99 95,26
105,01110011,00000000,-0.24725342 0.10925293 0.045410156 -0.9616699,0.84444445 -2.35 -0.6811111,-0.42 -1.28 9.84,73 100 95,26
106,01110011,00000000,-0.25964355 0.04333496 0.031677246 -0.96417236,1.2355555 -2.4377778 -0.43666667,0.48 0.67 9.56,65 96 95,26
107,01110011,00000000,-0.26623535 -0.007080078 0.02154541 -0.963562,0.87333333 -1.5577778 -0.29333332,0.6 0.31 9.86,61 92 95,26
108,01110011,00000000,-0.27423096 -0.031555176 0.015930176 -0.9609375,0.16888888 -0.14 -0.47666666,1.38 0.41 9.15,61 91 95,26
109,01110011,00000000,-0.28668213 -0.021728516 0.0053100586 -0.95770264,0.44111112 0.86777776 -0.5477778,0.71 -0.31 9.44,64 91 95,26
110,01110011,00000000,-0.29644775 0.0041503906 -0.010131836 -0.00982666,0.054444443 1.4188889 -0.33777776,0.5 0.74 9.56,70 90 95,26
111,01110011,00000000,-0.29901123 0.039611816 -0.011291504 -0.9533081,-0.66555554 1.4466667 -0.016666668,0.16 0.8 9.75,76 90 95,26
112,01110011,00000000,-0.2954712 0.07366943 -0.0020141602 -0.9524536,-0.94222224 1.02 0.15555556,-0.49 0.52 10.1,78 91 95,26
113,01110011,00000000,-0.28930664 0.09503174 0.016174316 -0.9522705,-0.95444447 0.35444444 0.17777778,-0.49 -0.16 9.73,79 90 95,26
114,01110011,00000000,-0.28601074 0.095458984 0.03302002 -0.95288086,-0.5222222 -0.5288889 -0.014444444,-0.58 -0.36 9.93,80 89 95,26
115,01110011,00000000,-0.28710938 0.07861328 0.04534912 -0.95355225,-0.04 -0.8488889 -0.17,0.26 -0.88 9.41,81 90 95,26
116,01110011,00000000,-0.296875 0.062927246 0.030944824 -0.9522705,1.1155555 -0.16111112 -0.6244444,0.5 -0.24 9.88,81 91 95,26
117,01110011,00000000,-0.32330322 0.055236816 0.01184082 -0.94451904,0.6577778 -0.018888889 -1.4477777,-0.14 0.69 9.75,82 87 95,26
118,01110011,00000000,-0.36590576 0.038146973 0.013000488 -0.9296875,0.21555555 -0.82222223 -2.1266668,0.33 -0.23 9.46,83 82 95,26
119,01110011,00000000,-0.41046143 0.028137207 0.020019531 -0.91119385,-0.2688889 -0.33333334 -1.8877778,-0.16 0.36 8.68,73 80 255,26
120,01110011,00000000,-0.4399414 0.030456543 0.020935059 -0.89715576,0.093333334 0.49888888 -0.8566667,0.55 0.07 8.46,71 85 95,26
121,01110011,00000000,-0.4212036 0.04699707 0.0036010742 -0.9057007,0.5377778 1.5211111 2.3,1.54 -0.26 6.99,76 85 95,26
122,01110011,00000000,-0.33117676 0.08850098 -0.041992188 -0.9384155,0.8877778 2.21 5.0255556,-1.78 0.35 11.01,56 94 95,26
123,01110011,00000000,-0.19818115 0.07946777 -0.048583984 -0.975647,-1.53 -1.2144444 6.387778,-1.95 2.81 11.67,4 117 95,26
124,01110011,00000000,-0.026184082 0.0513916 0.011413574 -0.99823,-3.2966666 -1.3644445 7.654444,-0.61 -0.9 10.01,62 51 95,26
125,01110011,00000000,0.17175293 0.033569336 0.07598877 -0.9815674,-2.66 -0.45444444 8.564445,-0.02 -2.65 9.06,132 0 94,26
126,01110011,00000000,0.37408447 0.040222168 0.10144043 -0.92089844,-0.99222225 -0.3077778 8.9777775,-1.55 -1.28 9.36,153 0 94,26
127,01110011,00000000,0.5623779 0.045898438 0.08917236 -0.8206787,0.5888889 -0.96666664 8.904445,-1.1 -2.57 9.2,165 0 94,26
128,01110011,00000000,0.7160034 0.042297363 0.036071777 -0.69573975,0.8977778 -2.1866667 7.9155555,-0.67 -1.09 9.67,193 31 94,26
129,01110011,00000000,0.81726074 0.022338867 -0.029052734 -0.5750122,0.9411111 -2.5977778 6.3333335,1.07 -1.16 9.51,190 40 94,26
130,01110011,00000000,0.871521 -0.0014648438 -0.070373535 -0.48510742,-0.13333334 -1.5988889 4.0033336,1.57 0.5 9.51,191 49 94,26
131,01110011,00000000,0.89190674 -0.019348145 -0.08502197 -0.44354248,-0.086666666 -0.76111114 1.4866667,0.66 -1.03 9.62,190 53 94,26
132,01110011,00000000,0.89141846 -0.022277832 -0.07891846 -0.44555664,-0.45777777 0.58666664 -0.43333334,1.84 0.67 9.08,188 56 94,26
133,01110011,00000000,0.8745117 -0.012878418 -0.05480957 -0.48168945,0.07666667 1.0488889 -1.9744444,0.12 -2.45 10.07,180 61 94,26
134,01110011,00000000,0.8458252 0.0017089844 -0.028076172 -0.5326538,-0.67333335 1.2833333 -2.5344443,0.46 1.44 9.39,185 63 94,26
135,01110011,00000000,0.8121948 -0.0033569336 -0.0040893555 -0.5831909,-0.44 0.45555556 -2.5344443,0.02 -1.23 9.81,191 74 94,26
136,01110011,00000000,0.77246094 0.0020751953 0.0044555664 -0.63494873,-0.17444444 0.56 -2.808889,1.27 0.29 9.35,189 83 94,26
137,01110011,00000000,0.72436523 0.016906738 0.017333984 -0.6889038,0.35444444 0.7644445 -3.0955555,-0.62 -0.42 9.91,190 87 94,26
138,01110011,00000000,0.6677246 0.0289917 0.01159668 -0.7435913,0.65555555 0.054444443 -3.338889,-1.34 -0.09 9.8,191 83 94,26
139,01110011,00000000,0.6022339 0.03112793 -0.02368164 -0.79730225,1.6111112 -1.1544445 -3.57,1.22 -1.15 9.18,183 70 94,26
140,01110011,00000000,0.53186035 0.05255127 -0.056396484 -0.8432617,1.4966667 -0.10555556 -3.4833333,0.09 2.05 8.75,148 35 94,26
141,01110011,00000000,0.46765137 0.05645752 -0.047180176 -0.88079834,-0.60555553 0.12888889 -3.05,-0.22 0.98 9.52,140 7 94,26
142,01110011,00000000,0.4144287 0.04486084 -0.013549805 -0.9088135,-1.6111112 0.053333335 -2.4644444,0.24 0.83 9.81,138 28 94,26
143,01110011,00000000,0.37316895 0.025756836 0.02545166 -0.92700195,-1.6788889 -0.22333333 -1.8411111,0.2 -1.13 10.59,135 61 94,26
144,01110011,00000000,0.34484863 0.016052246 0.039611816 -0.9376831,-0.41555557 -0.064444445 -1.1422222,0.57 -0.51 9.7,128 85 94,26
145,01110011,00000000,0.33258057 0.018310547 0.042114258 -0.94189453,-0.017777778 0.12555556 -0.39222223,38.33 0 9.56,124 89 94,26
146,01110011,00000000,0.33544922 0.01727295 0.04046631 -0.940979,0.09888889 -0.14 0.24444444,0.08 -0.18 9.56,121 90 94,26
147,01110011,00000000,0.35046387 0.017089844 0.0357666 -0.93566895,0.11111111 -0.13444445 0.7733333,0.14 -0.07 9.71,119 91 94,26
148,01110011,00000000,0.3743286 0.017456055 0.026306152 -0.9266968,0.39777777 -0.2211111 1.1455555,0.06 -0.62 9.94,117 92 94,26
149,01110011,00000000,0.40423584 0.030639648 0.008056641 -0.9140625,0.98777777 0.38444445 1.4533334,0.86 -0.08 9.92,116 95 94,26
150,01110011,00000000,0.4397583 0.04827881 -0.004638672 -0.8967285,0.6155556 0.41555557 1.7255555,-0.26 0.52 9.03,110 104 94,26
151,01110011,00000000,0.477417 0.062194824 -0.007446289 -0.8764038,0.18111111 0.6622222 1.8211111,0.86 0.56 8.76,104 110 94,26
152,01110011,00000000,0.5144043 0.05657959 -0.00061035156 -0.85565186,-0.8433333 -0.40555555 1.7322222,-2.28 1.8 9.62,95 111 94,26
153,01110011,00000000,0.53131104 0.024902344 -0.026306152 -0.8381958,0.6166667 -10.525556 -15.93,0.28 -1.91 9.99,99 100 94,26
154,01110011,00000000,0.56707764 0.0134887695 -0.053527832 -0.8217163,0.5222222 -0.71444446 1.1833333,1.32 1.12 9.4,115 105 94,26
155,01110011,00000000,0.5855713 0.008605957 -0.05065918 -0.8088989,-0.29 0.072222225 0.89666665,0.56 0.22 9.75,118 108 94,26
156,01110011,00000000,0.5977173 0.008300781 -0.04437256 -0.800354,-0.19444445 0.16444445 0.5466667,0.09 0.02 10.08,115 105 94,26
157,01110011,00000000,0.60321045 0.01550293 -0.028686523 -0.796875,-0.36 0.80222225 0.18666667,0.83 0.04 9.71,112 103 94,26
158,01110011,00000000,0.6018677 0.027160645 -0.007507324 -0.79803467,-0.4188889 0.88555557 -0.17555556,-0.08 0.05 9.55,109 102 94,26
159,01110011,00000000,0.5966797 0.035705566 0.011047363 -0.8015747,-0.51 0.98333335 -0.43555555,0.24 0.04 9.54,109 102 94,26
160,01110011,00000000,0.585083 0.04449463 0.02911377 -0.80914307,-0.20555556 0.51222223 -0.7111111,-0.32 -0.35 9.81,110 103 94,26
161,01110011,00000000,0.5689087 0.0501709 0.03503418 -0.8200073,0.043333333 0.21444444 -0.88555557,-0.38 -0.07 9.74,111 103 94,26
162,01110011,00000000,0.5498657 0.04827881 0.030395508 -0.83325195,0.34444445 -0.47111112 -1.0222223,-74.82 -0.01 -0.01,111 102 94,26
163,01110011,00000000,0.52819824 0.036865234 0.008483887 -0.84820557,0.68666667 -1.1455555 -1.0955555,-0.27 -0.1 9.13,106 99 94,26
164,01110011,00000000,0.50579834 0.024902344 -0.019470215 -0.8619995,0.7966667 -0.8811111 -1.0377778,0.54 0.04 10.05,97 94 94,26
165,01110011,00000000,0.48516846 0.022277832 -0.04119873 -0.8731079,0.6433333 -0.4311111 -0.90444446,0.35 0.41 9.79,91 89 94,26
166,01110011,00000000,0.46850586 0.020141602 -0.046447754 -0.881958,-0.18111111 -0.10222222 -0.69555557,0.24 0.75 8.89,89 86 94,26
167,01110011,00000000,0.45690918 0.01727295 -0.037597656 -0.88848877,-0.40111113 0.15888889 -0.47444445,0.4 -0.1 9.5,89 88 94,26
168,01110011,00000000,0.44995117 0.022094727 -0.027832031 -0.89227295,-0.2777778 0.46666667 -0.27,0.31 0.29 10.15,90 90 94,26
169,01110011,00000000,0.44714355 0.033691406 -0.008911133 -0.8937378,-0.61 1.0111111 -0.101111114,0.38 0.22 10.01,91 91 94,26
170,01110011,00000000,0.43762207 0.04840088 0.01574707 -0.8932495,-0.6077778 0.9855555 -15.36,-0.17 -0.15 9.51,92 92 94,26
171,01110011,00000000,0.44555664 0.0592041 0.026916504 -0.89282227,0.11777778 0.28555554 -0.06666667,-0.65 -0.66 9.47,93 92 94,26
172,01110011,00000000,0.4432373 0.057678223 0.020507812 -0.8942261,0.09777778 -0.4611111 -0.112222224,-0.48 0.63 9.25,93 92 94,26
173,01110011,00000000,0.44067383 0.04058838 0.01574707 -0.8965454,-0.22222222 -0.8511111 -0.16111112,-0.02 0.17 9.66,93 92 94,26
174,01110011,00000000,0.43725586 0.018981934 0.011291504 -0.8989868,-0.16222222 -0.8977778 -0.19,0.21 -0.26 9.97,92 93 94,26
175,01110011,00000000,0.4331665 0.006225586 0.0018310547 -0.9012451,0.3211111 -0.45222223 -0.19777778,0.56 -0.38 10.04,91 93 94,26
176,01110011,00000000,0.42895508 0.0087890625 -0.012573242 -0.9031372,0.76666665 -0.007777778 -0.18111111,0.44 -0.13 9.59,91 93 94,26
177,01110011,00000000,0.42529297 0.018737793 -0.02545166 -0.90441895,0.49555555 0.2 -0.15,0.2 0.63 9.27,91 92 94,26
178,01110011,00000000,0.4225464 0.026306152 -0.02746582 -0.90545654,0.11444444 0.26666668 -0.11444444,0.1 0.2 9.62,92 92 94,26
179,01110011,00000000,0.42053223 0.034606934 -0.024230957 -0.90625,-0.06 0.50666666 -0.09888889,0.52 -2.32 -0.01,92 92 94,26
180,01110011,00000000,0.4189453 0.04888916 -0.014404297 -0.90649414,-0.101111114 0.7888889 -0.094444446,0 -0.03 9.74,93 92 94,26
181,01110011,00000000,0.416687 0.06060791 -0.0053710938 -0.9069214,-0.17333333 0.42777777 -0.14,-0.39 0.15 9.59,94 92 94,26
182,01110011,00000000,0.4133911 0.0592041 0.0034179688 -0.90856934,-0.5222222 -0.107777774 -0.20222223,-0.21 0.56 9.6,94 92 94,26
183,01110011,00000000,0.40966797 0.04675293 0.017028809 -0.91082764,-0.7488889 -0.30666667 -0.22888888,0.04 -0.19 9.86,94 93 94,26
184,01110011,00000000,0.40490723 0.035583496 0.023498535 -0.9133301,-0.17444444 -0.32222223 -0.25111112,0.03 -0.46 9.84,94 94 94,26
185,01110011,00000000,0.39990234 0.027954102 0.019592285 -0.91589355,0.08222222 -0.38555557 -0.22,0.06 0.24 9.46,94 94 94,26
186,01110011,00000000,0.39593506 0.019165039 0.01727295 -0.9178467,-0.093333334 -0.38555557 -0.17555556,-0.12 -0.1 9.92,94 94 94,26
187,01110011,00000000,0.3908081 0.010559082 0.0065307617 -0.9194946,0.58 -0.50666666 -0.12666667,0.38 -0.58 9.66,94 94 94,26
188,01110011,00000000,0.39093018 0.014770508 -0.015014648 -0.920105,1.0266666 0.027777778 -0.032222223,0.43 0.22 9.61,94 94 94,26
189,01110011,00000000,0.3912964 0.026123047 -0.02935791 -0.9193115,0.42444444 0.27 0.07,0.05 1 9.37,94 94 94,26
190,01110011,00000000,0.39440918 0.03173828 -0.024597168 -0.9180298,-0.45444444 0.33555555 0.17333333,0.26 0.8 9.43,94 94 94,26
191,01110011,00000000,0.39978027 0.032104492 -0.004211426 -0.9159546,-0.86777776 0.22777778 0.23222223,-0.21 -0.26 10.2,94 94 94,26
192,01110011,00000000,0.40570068 0.03656006 0.007385254 -0.913147,-0.08444444 0.5477778 0.28333333,0.51 -0.48 9.59,94 93 94,26
193,01110011,00000000,0.4121704 0.0501709 0.009521484 -0.90960693,0.23222223 0.48222223 0.32222223,-0.17 -0.08 9.69,93 93 94,26
194,01110011,00000000,0.4189453 0.057800293 0.0072631836 -0.9060669,0.13222222 0.052222222 0.32,-0.44 0.27 9.75,92 94 94,26
195,01110011,00000000,0.4248047 0.053100586 -0.00018310547 -0.9036865,0.34888887 -0.5133333 0.25111112,-0.32 -0.54 9.72,92 94 94,26
196,01110011,00000000,0.42822266 0.04864502 -0.01953125 -0.9020996,0.7222222 -0.40111113 0.1711111,0.43 -0.04 53.09,5 80 94,26
197,01110011,00000000,0.4303589 0.045166016 -0.03265381 -0.9008789,0.13333334 -0.39555556 0.11333334,-0.03 0.84 9.58,94 96 94,26
198,01110011,00000000,0.43255615 0.034973145 -0.030212402 -0.9003906,-0.50222224 -0.29222223 0.101111114,0.21 0.49 9.54,94 96 94,26
199,01110011,00000000,0.43530273 0.026306152 -0.015625 -0.89971924,-0.8066667 0.12 0.112222224,0.48 0.14 9.61,94 96 94,26
200,01110011,00000000,0.43756104 0.024353027 -0.0029296875 -0.8987427,-0.20555556 0.112222224 0.062222224,-0.08 -0.77 9.8,94 95 94,26
201,01110011,00000000,0.43743896 0.028137207 -0.003967285 -0.8987427,0.20222223 0.14888889 -0.053333335,0.08 0.05 9.49,94 95 94,26
202,01110011,00000000,0.4338379 0.028503418 -0.008850098 -0.9003906,0.26444444 -0.2 -0.23444444,0.03 -0.23 9.72,94 95 94,26
203,01110011,00000000,0.42681885 0.03253174 -0.01586914 -0.9035034,0.38 0.112222224 -0.33333334,0.43 0.38 9.18,94 95 94,26
204,01110011,00000000,0.41918945 0.00592041 0.0053710938 -0.009887695,-0.5377778 0.094444446 -0.37777779,-0.27 0.97 9.61,94 94 94,26
205,01110011,00000000,0.4100952 0.023376465 0.012573242 -0.91156006,-0.9255555 0.03 -0.47,0.58 -0.48 9.75,94 95 94,26
206,01110011,00000000,0.39733887 0.030761719 0.022949219 -0.9168091,-0.04 0.58444446 -0.60888886,0.46 -1.03 9.57,94 98 94,26
207,01110011,00000000,0.37878418 0.046875 0.015686035 -0.92407227,0.68666667 0.41777778 -0.86777776,-0.92 -0.61 9.9,96 98 94,26
208,01110011,00000000,0.35473633 0.024291992 0.008666992 -0.9345703,-0.6988889 -1.5388889 -1.1311111,1.44 1.26 10.12,98 94 94,26
209,01110011,00000000,0.33166504 0.039978027 0.010559082 -0.94244385,0.81222224 1.4377778 -0.9677778,2.06 -2.6 8.34,87 99 94,26
210,01110011,00000000,0.30737305 0.081726074 -0.016235352 -0.947876,1.6477778 0.9 -0.9722222,-3.18 1.84 10.35,97 93 94,26
211,01110011,00000000,0.28381348 0.06378174 -0.030517578 -0.95617676,0.14666666 -1.2088889 -0.9711111,1.27 1.3 9.24,102 83 94,26
212,01110011,00000000,0.26715088 0.062805176 -0.012512207 -0.9614868,-0.88666666 0.5833333 -0.7266667,1.12 0.44 9.69,94 83 94,26
213,01110011,00000000,0.25280762 0.060668945 0.0053100586 -0.9655762,-0.5411111 -0.3122222 -0.6755555,-1.49 -0.58 10.18,103 -314 -15873,26
214,01110011,00000000,0.23822021 0.036010742 0.0028076172 -0.970459,-0.08 -1.0233333 -0.6244444,1.56 -0.15 9.44,95 91 94,26
215,01110011,00000000,0.2276001 0.03778076 0.002319336 -0.9729614,0.075555556 0.30666667 -0.4211111,0.07 0.13 9.75,91 92 94,26
216,01110011,00000000,0.22027588 0.034240723 0.0036010742 -0.9747925,-0.12888889 -0.33888888 -0.29777777,-0.72 0.3 9.37,92 92 94,26
217,01110011,00000000,0.21551514 0.014709473 0.0030517578 -0.97631836,-0.1388889 -0.87222224 -0.18555556,-0.03 -0.15 9.05,92 93 94,26
218,01110011,00000000,0.2133789 -0.0053100586 -0.0037231445 -0.9769287,0.15888889 -0.86777776 -0.06666667,0.78 -0.07 9.8,91 93 94,26
219,01110011,00000000,0.21490479 -0.0073242188 -0.013427734 -0.9764404,0.45777777 0.034444444 0.096666664,0.93 -0.13 9.87,91 93 94,26
220,01110011,00000000,0.22039795 0.009765625 -0.021606445 -0.97509766,0.49888888 0.76555556 0.25666666,0.67 0.01 9.36,91 93 94,26
221,01110011,00000000,0.22924805 0.037109375 0.005004883 -0.009887695,0.33 1.1588889 0.38777778,0.31 0.31 8.83,90 94 94,26
222,01110011,00000000,0.23931885 0.0647583 -0.028381348 -0.9682617,0.46222222 1.0644444 0.43444446,-0.27 -0.42 9.98,88 95 94,26
223,01110011,00000000,0.24865723 0.09069824 -0.039367676 -0.963501,0.7111111 0.99777776 0.43,0.4 0.09 9.6,86 96 94,26
224,01110011,00000000,0.25726318 0.1126709 -0.048461914 -0.95843506,0.5466667 0.6944444 0.3888889,-1.08 0.51 10.18,84 98 94,26
225,01110011,00000000,0.26464844 0.09820557 -0.042419434 -0.958313,-0.7966667 -0.80444443 0.2777778,-0.87 1.81 9.13,83 99 94,26
226,01110011,00000000,0.27142334 0.06274414 -0.014526367 -0.9602051,-1.6277778 -1.1144445 0.17777778,0.1 -0.45 9.51,86 97 94,26
227,01110011,00000000,0.2763672 0.023986816 -0.0049438477 -0.96069336,-0.6666667 -1.4811112 0.17555556,-5.51 1.42 7.26,88 95 94,26
228,01110011,00000000,0.30718994 -0.050109863 0.004699707 -0.95025635,-1.1977777 -3.0344443 1.5977777,-0.25 1.01 11.04,90 94 94,26
229,01110011,00000000,0.3630371 -0.041748047 0.024291992 -0.93048096,-0.07666667 1.9844445 2.7433333,5.71 -2.44 12.35,121 82 94,26
230,01110011,00000000,0.36566162 0.019104004 -0.0064697266 -0.93048096,2.5177777 1.5744444 -0.59,2.02 0.36 8.07,84 185 -14593,26
231,01110011,00000000,0.37677002 0.09741211 -0.026550293 -0.92071533,1.8266667 2.95 0.9988889,0.27 0.95 6.56,91 74 93,26
232,01110011,00000000,0.4074707 0.1508789 -0.003540039 -0.90063477,-1.028889 2.02 1.3288889,-3.11 3.36 7.69,73 88 92,26
233,01110011,00000000,0.42681885 0.1295166 0.017333984 -0.8947754,-1.1277778 -1.6511111 0.7355555,-3.69 -2.29 10.86,58 80 93,26
234,01110011,00000000,0.43603516 0.07324219 -0.032226562 -0.89630127,1.7433333 -3.2033334 0.44777778,0.35 -1.5 10.3,69 76 93,26
235,01110011,00000000,0.44866943 0.039001465 -0.07446289 -0.88964844,0.031111112 -1.1344445 0.9222222,1.86 2.7 9.87,81 83 94,26
236,01110011,00000000,0.46240234 0.01727295 -0.067993164 -0.88378906,-0.74666667 -0.66333336 0.49333334,-0.24 -0.4 7.99,89 84 94,26
237,01110011,00000000,0.45910645 -0.02709961 -0.0692749 -0.8851929,-1.1044445 -2.1477778 -0.38111112,0.02 0.41 11.85,92 83 94,26
238,01110011,00000000,0.43927002 -0.05053711 -0.05883789 -0.009887695,-0.6677778 0.47666666 -1.1144445,2.86 -0.78 10.9,87 87 94,26
239,01110011,00000000,0.40911865 -0.013427734 -0.04168701 -0.9113159,0.3122222 1.9422222 -1.7411112,0.72 -0.51 9.49,91 93 94,26
240,01110011,00000000,0.368042 0.024353027 -0.020080566 -0.9291992,-1.1566666 1.2677778 -2.0133333,-0.89 3.23 7.72,113 90 94,26
241,01110011,00000000,0.31555176 0.032958984 0.03668213 -0.9475708,-1.8444444 1.2077777 -2.6322222,0.57 -1.73 9.93,127 106 94,26
242,01110011,00000000,0.24780273 0.055419922 0.062194824 -0.96520996,-0.0022222223 1.2811111 -3.088889,-0.29 -1.46 9.39,144 137 94,26
243,01110011,00000000,0.16925049 0.057800293 0.061279297 -0.98187256,0.20777778 -0.6577778 -3.5266666,-2.11 0.41 11.23,164 133 94,26
244,01110011,00000000,0.08544922 0.02746582 0.042114258 -0.9949951,1.4511111 -1.2011111 -3.6033332,0.09 -1.4 11.53,142 124 94,26
245,01110011,00000000,-0.00036621094 0.0061035156 0.00091552734 -0.99993896,1.778889 -0.62333333 -3.6,0.37 0.23 8.99,110 87 94,26
246,01110011,00000000,-0.0826416 0.008300781 -0.024108887 -0.9962158,0.58444446 0.49555555 -3.3511112,0.63 0.92 9.37,94 46 94,26
247,01110011,00000000,-0.15686035 0.022705078 -0.022644043 -0.98706055,-0.48222223 0.39 -3.0422223,-0.27 0.81 10.04,105 38 255,26
248,01110011,00000000,-0.22357178 0.034057617 -0.007080078 -0.973999,-0.56333333 0.3211111 -2.8355556,0.35 -0.43 9.67,112 53 94,26
249,01110011,00000000,-0.28735352 0.042053223 -0.009521484 -0.9567871,0.52444446 0.33888888 -2.6977777,-0.25 -0.78 9.55,116 68 94,26
250,01110011,00000000,-0.34472656 0.03717041 -0.026550293 -0.9375,0.98 -0.025555555 -2.3977778,0.35 -0.26 9.62,120 61 94,26
251,01110011,00000000,-0.39453125 0.03515625 -0.046325684 -0.9169922,0.82 0.31333333 -2.1211112,0.32 -0.14 9.81,117 49 94,26
252,01110011,00000000,-0.4329834 0.037353516 -0.05206299 -0.89904785,-0.46666667 -0.2688889 -1.4144444,-0.76 1.88 9.19,119 42 94,26
253,01110011,00000000,-0.45788574 0.047668457 -0.015136719 -0.8875122,-1.8488889 -0.30666667 -1.1755556,-0.04 -0.06 9.99,114 52 94,26
254,01110011,00000000,-0.48028564 0.059570312 0.025878906 -0.8746338,-1.4577777 -0.39777777 -1.1566666,-0.28 -0.84 9.2,110 70 94,26
255,01110011,00000000,-0.50079346 0.058288574 0.049987793 -0.8621216,-0.5144445 -0.47666666 -0.95666665,-0.11 -0.49 9.46,106 83 94,26
0,01110011,00000000,-0.50842285 0.048828125 0.070007324 -0.8568115,-0.46555555 -1.0488889 -0.06555556,-0.77 -0.55 9.05,102 87 94,26
1,01110011,00000000,-0.49993896 0.03540039 0.08416748 -0.861145,0.017777778 -0.43333334 0.50666666,0.97 -1.06 9.28,101 88 94,26
2,01110011,00000000,-0.49157715 0.039367676 0.076049805 -0.86657715,0.26555556 0.6388889 0.39,0.37 0.08 10.07,102 89 94,26
3,01110011,00000000,-0.48736572 0.059448242 0.05206299 -0.86950684,0.69222224 1.6466666 0.2588889,0.52 -0.32 9.4,100 90 94,26
4,01110011,00000000,-0.4873047 0.08526611 0.018615723 -0.8687744,0.6944444 1.2355555 -0.046666667,-1.46 0.07 9.1,97 92 94,26
5,01110011,00000000,-0.49353027 0.07684326 0.008728027 -0.866272,0.50555557 -0.74333334 -0.30666667,0.1 -0.28 10.66,97 92 94,26
6,01110011,00000000,-0.49822998 0.05657959 -0.009094238 -0.86505127,1.55 -0.11777778 -0.057777777,0.32 -0.63 10.28,95 91 94,26
7,01110011,00000000,-0.50250244 0.03765869 -0.03527832 -0.8629761,1.0544444 -0.24666667 -0.24666667,-0.34 0.54 9.2,95 91 94,26
8,01110011,00000000,-0.5159302 0.020874023 -0.04321289 -0.8552246,0.4611111 -0.57 -0.93,-0.28 0.63 9.68,95 90 94,26
9,01110011,00000000,-0.54522705 0.010009766 -0.034179688 -0.8374634,-0.4511111 -0.39333335 -1.7711111,1.36 0.84 9.57,92 88 94,26
10,01110011,00000000,-0.5925293 0.018310547 -0.024719238 -0.8048706,-0.25666666 0.055555556 -2.9,-0.35 -0.1 9.78,88 94 94,26
11,01110011,00000000,-0.6577759 0.013366699 -0.0043945312 -0.7529907,-0.4911111 -1.1544445 -3.8655555,0.39 0 9.53,90 99 94,26
12,01110011,00000000,-0.72869873 0.010070801 0.017089844 -0.68444824,-0.62222224 -0.18222222 -4.2822223,0.79 -0.23 9.61,62 111 94,26
13,01110011,00000000,-0.78271484 0.012634277 0.028930664 -0.62145996,-0.41 -0.4677778 -2.5266666,-0.52 0.43 9.79,60 127 94,26
14,01110011,00000000,-0.79467773 0.0146484375 0.047973633 -0.6048584,-0.73777777 -0.40888888 0.086666666,0.77 0.82 9.39,56 131 94,27
15,01110011,00000000,-0.7827759 0.036071777 0.060058594 -0.6182251,-0.9811111 0.41666666 1.1922222,0.68 -0.12 9.03,60 127 94,27
16,01110011,00000000,-0.7619629 0.059753418 0.06390381 -0.64160156,-0.7077778 0.23555556 1.3644445,0.19 -0.65 9.47,60 116 94,27
17,01110011,00000000,-0.7406006 0.06964111 0.0670166 -0.66485596,-0.12888889 -0.026666667 1.2688888,0.01 -0.88 9.8,61 108 94,27
18,01110011,00000000,-0.7194824 0.06854248 0.057617188 -0.68865967,0.47777778 0.16111112 1.3888888,0.54 -0.66 9.51,65 106 94,27
19,01110011,00000000,-0.70269775 0.05731201 0.04827881 -0.7074585,0.5911111 -0.5 0.9066667,-0.72 -0.25 9.37,67 109 94,27
20,01110011,00000000,-0.6903076 0.036987305 0.045715332 -0.7210083,0.72555554 -0.37111112 0.64555556,1.72 -0.68 9.68,73 111 94,27
21,01110011,00000000,-0.6887207 0.026184082 0.024414062 -0.72406006,0.9444444 0.34888887 -0.0022222223,0.34 -0.9 9.57,77 112 94,27
22,01110011,00000000,-0.7030029 0.017089844 0.0067749023 -0.71087646,0.64444447 0.35222223 -1.0177778,-0.04 1.28 9.8,79 110 94,27
23,01110011,00000000,-0.72662354 0.031555176 0.010559082 -0.6861572,-0.69666666 0.44111112 -1.6666666,1.65 -0.62 9.3,83 104 94,27
24,01110011,00000000,-0.7593994 0.059509277 0.017150879 -0.647583,-1.2 0.6611111 -2.171111,-0.36 -0.65 9.63,89 111 94,27
25,01110011,00000000,-0.7967529 0.08154297 0.027404785 -0.6164551,-0.8566667 -5.688889 -12.516666,0.22 -0.44 9.88,99 126 94,27
26,01110011,00000000,-0.8031006 0.08868408 0.02947998 -0.5883179,-0.03 0.18 -1.4555556,-0.13 -0.81 9.84,102 131 94,27
27,01110011,00000000,-0.82562256 0.07385254 0.02532959 -0.5586548,0.8011111 -0.09555556 -1.5811111,0.04 -0.72 9.75,103 128 94,27
28,01110011,00000000,-0.84802246 0.046081543 0.012573242 -0.5276489,1.3933333 -0.08111111 -1.59,0.02 -0.1 9.49,101 116 94,27
29,01110011,00000000,-0.8676758 0.017211914 -0.0026855469 -0.4967041,1.34 -0.008888889 -1.5122222,-0.25 0.42 9.7,100 99 94,27
30,01110011,00000000,-0.87994385 -0.006958008 -0.009887695 -0.47479248,0.9633333 -0.25 -0.8933333,-0.1 0.73 9.83,99 85 94,27
31,01110011,00000000,-0.88391113 -0.015136719 -0.009643555 -0.46722412,0.12444445 -0.14 -0.22666667,0.37 1.13 9.42,97 80 94,27
32,01110011,00000000,-0.8822632 -0.002746582 -0.0018920898 -0.47058105,-0.7788889 0.008888889 0.24333334,-0.2 0.49 9.86,97 81 94,27
33,01110011,00000000,-0.8748169 0.017700195 0.013977051 -0.48382568,-1.1411111 -0.23222223 0.7188889,-0.34 0.24 9.59,97 81 94,27
34,01110011,00000000,-0.8613281 0.038391113 0.035095215 -0.505249,-1.19 -0.39 1.14,-263.2 -2.52 -0.01,98 77 94,27
35,01110011,00000000,-0.84295654 0.05895996 0.04333496 -0.532959,-0.8333333 0.19666667 1.4755555,0.53 -0.19 9.74,101 70 94,27
36,01110011,00000000,-0.82128906 0.07293701 0.039611816 -0.56427,-0.28111112 0.31111112 1.6644444,-0.19 -0.71 9.74,99 64 94,27
37,01110011,00000000,-0.80267334 0.07006836 0.028686523 -0.5914917,0.6677778 0.22666667 1.8088889,0.08 -0.42 9.59,95 64 94,27
38,01110011,00000000,-0.77130127 0.05267334 0.0073242188 -0.6342163,0.9811111 0.0022222223 1.9211111,-0.12 -0.15 9.76,92 75 94,27
39,01110011,00000000,-0.74786377 0.03692627 -0.0063476562 -0.6627197,1.0144445 -0.07 1.9844445,0.21 0.19 9.55,92 89 94,27
40,01110011,00000000,-0.71014404 0.015686035 -0.010620117 -0.70373535,0.40333334 -0.75222224 1.9422222,-1.3 0.36 9.76,93 103 94,27
41,01110011,00000000,-0.6850586 -0.0013427734 -0.00079345703 -0.72839355,0.21222222 -0.75333333 1.8022223,1.43 -0.04 9.69,102 107 94,27
42,01110011,00000000,-0.67181396 -0.005554199 0.0036010742 -0.75323486,-0.23333333 -0.25666666 -15.36,-0.11 0.33 9.39,110 108 94,27
43,01110011,00000000,-0.6427002 0.0013427734 0.009521484 -0.7659912,-0.4977778 0.38777778 0.49444443,0.92 0.34 9.31,111 105 94,27
44,01110011,00000000,-0.64556885 0.02960205 0.017822266 -0.7628174,-1.0144445 0.5833333 -0.41444445,0.09 0.34 9.68,108 102 94,27
45,01110011,00000000,-0.6641846 0.056518555 0.029968262 -0.744751,-1.1055555 0.55777776 -1.2522222,0.02 -0.12 9.71,108 104 94,27
46,01110011,00000000,-0.69488525 0.07342529 0.037475586 -0.71429443,-0.4911111 0.40666667 -1.9511111,0.16 -1.02 10.39,111 112 94,27
47,01110011,00000000,-0.72698975 0.07659912 0.03253174 -0.68151855,0.37444445 0.49 -2.5811112,0.09 -0.86 9.9,114 117 94,27
48,01110011,00000000,-0.78619385 0.061279297 0.016113281 -0.614563,1.0766667 0.16333333 -3.3022223,-0.57 -0.5 9.12,120 109 94,27
49,01110011,00000000,-0.8276367 0.043151855 0.004638672 -0.5595093,1.2644445 0.23222223 -3.6855555,0.47 -0.25 9.32,121 84 94,27
50,01110011,00000000,-0.87402344 0.02758789 -0.011962891 -0.48480225,0.73444444 0.24444444 -3.6255555,-0.92 0.24 9.66,124 55 94,27
51,01110011,00000000,-0.91259766 0.012573242 -0.009643555 -0.40838623,0.4377778 -0.55 -3.538889,0.04 -1.87 -0.01,127 42 94,27
52,01110011,00000000,-0.9411621 0.004760742 -6.1035156E-05 -0.3378296,0.05888889 -0.49333334 -2.7944446,-0.23 0.46 9.47,111 37 94,27
53,01110011,00000000,-0.9536133 0.011169434 0.007446289 -0.30047607,-0.61777776 -0.037777778 -0.8811111,-0.46 0.14 9.4,101 42 94,27
54,01110011,00000000,-0.9555054 0.02142334 0.012390137 -0.29364014,-0.25 0.06333333 -0.2988889,1.06 -0.22 9.06,100 51 94,27
55,01110011,00000000,-0.9581299 0.034423828 0.0004272461 -0.28393555,-0.57666665 1.03 -0.34333333,0.68 0.9 9.43,100 56 94,27
56,01110011,00000000,-0.9606323 0.058410645 -0.015930176 -0.27093506,-0.64444447 0.64444447 -0.6311111,-1.1 -0.47 10.03,102 61 94,27
57,01110011,00000000,-0.9650879 0.06274414 -0.010864258 -0.25378418,0.013333334 -0.43666667 -0.8422222,-0.47 -0.36 10.03,104 67 94,27
58,01110011,00000000,-0.97094727 0.050048828 0.007751465 -0.23358154,0.52444446 -0.94222224 -0.99666667,-0.16 -0.38 9.81,101 70 94,27
59,01110011,00000000,-0.9842529 0.030395508 0.022644043 -0.20892334,0.64 -0.46444446 -1.2066667,0.88 0.21 9.74,94 69 94,27
60,01110011,00000000,-0.9840088 0.006652832 0.034362793 -0.1743164,1.6088889 -1.1633333 -1.6644444,-2.83 -5.58 9.94,91 67 94,27
61,01110011,00000000,-0.98791504 -0.017822266 0.06390381 -0.13977051,-0.7311111 -0.80333334 -1.3133334,2.26 3.95 9.02,79 52 94,27
62,01110011,00000000,-0.9909668 0.0032348633 0.0579834 -0.11993408,-0.08 0.37 -0.50222224,-0.7 -2.57 10.8,74 63 94,27
63,01110011,00000000,-0.9916382 -0.010253906 0.061523438 -0.11236572,0.67 -0.41222224 -0.24555555,0.38 -0.15 9.76,77 66 94,27
64,01110011,00000000,-0.9921875 -0.01928711 0.056152344 -0.109436035,-0.02111111 0.62777776 -0.06555556,1.15 1.26 9.35,78 68 94,27
65,01110011,00000000,-0.99334717 -0.004699707 0.032409668 -0.109802246,-0.61 1.0233333 0.053333335,-0.39 0.07 8.69,80 71 94,27
66,01110011,00000000,-0.99334717 0.008728027 0.015625 -0.11303711,-0.47333333 0.68666667 0.23222223,0.09 0.25 10.35,81 73 94,27
67,01110011,00000000,-0.9918823 0.034362793 -0.008972168 -0.12133789,-1.4944445 1.66 0.42333335,1.35 1.53 9.6,81 74 94,27
68,01110011,00000000,-0.9888916 0.06591797 -0.036315918 -0.12738037,-0.6611111 0.88222224 0.16666667,-0.71 -1.25 2.48,68 64 94,27
69,01110011,00000000,-0.98895264 0.06774902 -0.038146973 -0.12548828,0.17444444 -0.30444443 -0.21333334,-0.55 -0.34 9.62,79 74 94,27
70,01110011,00000000,-0.99139404 0.057617188 -0.017150879 -0.11602783,0.44 -1.2144444 -0.60888886,-0.19 -0.28 9.57,80 76 94,27
71,01110011,00000000,-0.9946289 0.033203125 0.010253906 -0.09686279,1.0833334 -1.1755556 -1.0222223,0.3 -0.11 9.67,77 76 94,27
72,01110011,00000000,-0.99694824 0.010681152 0.031921387 -0.06939697,0.73888886 -0.67333335 -1.2955556,1.09 0.04 9.73,71 71 94,27
73,01110011,00000000,-0.998291 -0.015808105 0.040100098 -0.03778076,1.1377778 -0.56666666 -1.3933333,-0.25 0.79 9.94,68 67 94,27
74,01110011,00000000,-0.99871826 -0.026489258 0.04083252 -0.006652832,0.13777778 0.096666664 -1.2666667,0.04 0.24 9.66,66 59 94,27
75,01110011,00000000,-0.9984741 -0.03338623 0.038208008 0.020812988,0.25111112 0.07111111 -1.1244445,0.07 0.33 9.49,70 61 94,27
76,01110011,00000000,-0.99780273 0.005554199 0.0063476562 -0.009887695,-0.39777777 0.032222223 -0.94555557,0.22 0.77 9.18,73 63 94,27
77,01110011,00000000,-0.9970703 -0.012878418 0.038024902 0.06500244,-0.80333334 -0.23222223 -0.6933333,0.68 -0.16 9.46,75 69 94,27
78,01110011,00000000,-0.9963989 0.011962891 0.032165527 0.07684326,-1.4544444 0.41 -0.28111112,0.74 1.06 9.55,76 75 94,27
79,01110011,00000000,-0.9953613 0.051452637 0.013977051 0.07928467,-1.6122222 0.6588889 0.11888889,-0.03 -0.71 9.68,79 80 94,27
80,01110011,00000000,-0.99468994 0.07312012 0.00018310547 0.07128906,-0.5411111 0.35666665 0.5366667,-0.2 -0.71 9.81,80 80 94,27
81,01110011,00000000,-0.9960327 0.06945801 -0.005126953 0.054626465,0.48444444 0.112222224 0.8244445,0.01 -0.31 9.69,80 80 94,27
82,01110011,00000000,-0.9980469 0.052978516 -0.006164551 0.03186035,0.8055556 -0.04888889 1.0555556,0.04 -0.12 9.6,81 84 94,27
83,01110011,00000000,-0.9995117 0.028808594 -0.0012817383 0.0038452148,0.9022222 -0.16666667 1.2533333,-0.02 -0.02 9.71,83 91 94,27
84,01110011,00000000,-0.9995117 0.0099487305 0.0064697266 -0.027893066,0.63555557 -0.52555555 1.3466667,-0.18 0.14 9.65,86 99 94,27
85,01110011,00000000,-0.99798584 -0.0033569336 0.018615723 -0.059265137,0.45444444 -0.5288889 1.29,-0.11 0.52 9.61,247 -140 -1537,27
86,01110011,00000000,-0.9954834 -0.008483887 0.03265381 -0.088256836,0.12 -0.6422222 1.16,0.04 0.08 9.66,96 107 94,27
87,01110011,00000000,-0.9924927 -0.008056641 0.04510498 -0.11260986,-0.16888888 -0.37666667 0.9411111,0.49 0.45 9.76,101 107 94,27
88,01110011,00000000,-0.99017334 0.0007324219 0.04901123 -0.1307373,-0.38777778 0.03888889 0.67777777,0.24 -0.17 9.62,103 105 94,27
89,01110011,00000000,-0.98883057 0.011047363 0.046081543 -0.1408081,-0.42555556 0.35555556 0.3077778,0.73 0.12 9.57,102 102 94,27
90,01110011,00000000,-0.9888916 0.022094727 0.03387451 -0.14257812,-0.29444444 0.6377778 -0.03888889,0.24 -0.27 9.61,101 100 94,27
91,01110011,00000000,-0.99005127 0.027832031 0.019226074 -0.1359253,-0.19333333 0.76666665 -0.39555556,0.28 0.22 9.33,101 100 94,27
92,01110011,00000000,-0.99194336 0.03338623 0.004699707 -0.12182617,-0.11111111 0.59444445 -0.6344444,-0.32 -0.4 9.85,102 100 94,27
93,01110011,00000000,-0.99432373 0.028625488 0.00579834 -0.009887695,0.25333333 0.19111112 -0.8711111,0.1 -0.12 9.88,104 100 94,27
94,01110011,00000000,-0.99676514 0.016906738 0.0021362305 -0.078186035,0.42555556 -0.014444444 -1.0522223,-0.14 -0.06 9.86,104 98 94,27
95,01110011,00000000,-0.9985962 0.005554199 0.008117676 -0.051208496,0.41 -0.30333334 -1.1555556,-0.13 0.31 9.61,103 95 94,27
96,01110011,00000000,-0.99957275 -0.0020751953 0.020935059 -0.020019531,0.2188889 -0.52444446 -1.3577778,0.12 0.29 9.66,100 92 94,27
97,01110011,00000000,-0.9992676 -0.0049438477 0.0335083 0.015563965,0.034444444 -0.52111113 -1.5277778,0.09 -0.35 9.59,95 90 94,27
98,01110011,00000000,-0.99731445 -0.014221191 0.043395996 0.056640625,0.38333333 -0.32222223 -1.8188889,0.32 1.16 9.33,90 90 94,27
99,01110011,00000000,-0.9935913 -0.00970459 0.045043945 0.10284424,-0.40111113 -0.06666667 -1.9622222,0.17 0.38 9.42,87 86 94,27
100,01110011,00000000,-0.987854 -0.004699707 0.04144287 0.14923096,-0.2777778 0.17777778 -1.9511111,-0.27 -0.58 9.83,87 92 94,27
101,01110011,00000000,-0.98272705 -0.007751465 0.038635254 0.18035889,0.15777777 0.13333334 -1.1,0.08 0.55 10.12,90 96 94,27
102,01110011,00000000,-0.982666 -0.011230469 0.035888672 0.18103027,0.14333333 0.11111111 0.17333333,0.14 0.09 9.96,91 202 2047,27
103,01110011,00000000,-0.98431396 -0.016357422 0.034362793 0.17224121,0.14 0.16333333 0.39555556,-0.68 1.04 9.5,91 95 94,27
104,01110011,00000000,-0.98602295 -0.007385254 0.034362793 0.16253662,-0.43333334 -0.054444443 0.41444445,0.66 0.3 9.55,91 95 94,27
105,01110011,00000000,-0.9871216 -0.0006713867 0.030944824 0.15673828,-0.24666667 0.14 0.20555556,0.73 0.01 9.7,92 94 94,27
106,01110011,00000000,-0.9866333 -0.006164551 0.031921387 0.15917969,0.25111112 0.043333333 -0.17333333,0.07 -0.01 9.77,92 94 94,27
107,01110011,00000000,-0.9867554 -0.011352539 0.03338623 0.15838623,0.15222222 -0.06111111 0.15333334,0.44 0.3 9.67,92 94 94,27
108,01110011,00000000,-0.9882202 -0.014465332 0.030212402 0.14868164,0.10555556 0.2211111 0.44333333,0.57 0.5 9.73,92 94 94,27
109,01110011,00000000,-0.99035645 -0.013183594 0.026489258 0.13513184,-0.078888886 0.10222222 0.59555554,0.1 0.1 9.8,92 94 94,27
110,01110011,00000000,-0.99194336 -0.01763916 0.029846191 -0.009887695,0.3011111 -0.15888889 0.5466667,0.09 0.02 10.03,92 94 94,27
111,01110011,00000000,-0.9924927 -0.0178833 0.036193848 0.11505127,-0.046666667 -0.25111112 0.21,0.41 0.39 9.79,93 95 94,27
112,01110011,00000000,-0.99212646 -0.014038086 0.034118652 0.11920166,-0.18 0.2188889 -0.25666666,1.28 -0.06 8.74,94 95 94,27
113,01110011,00000000,-0.9907837 -0.0064086914 0.029907227 0.13165283,-0.43333334 0.06888889 -0.57666665,0.38 0.15 10.02,94 95 94,27
114,01110011,00000000,-0.98864746 0.001159668 0.018432617 0.14874268,-0.38555557 0.52444446 -0.74444443,0.36 -0.22 10.38,94 97 94,27
115,01110011,00000000,-0.9859009 0.0028076172 0.009033203 0.16705322,-0.06555556 0.30444443 -0.77555555,-0.24 -0.24 9.82,97 99 94,27
116,01110011,00000000,-0.9828491 0.0024414062 0.004699707 0.18408203,-0.04111111 0.18 -0.7111111,0.19 0.2 9.56,98 99 94,27
117,01110011,00000000,-0.98028564 -0.00036621094 -0.0021362305 0.19732666,0.075555556 0.35444444 -0.52555555,0.09 -0.02 10.3,99 99 94,27
118,01110011,00000000,-0.9786377 -0.005004883 0.0004272461 0.20532227,0.23666666 -0.23555556 -0.28666666,-0.7 0.33 10.53,100 98 94,27
119,01110011,00000000,-0.97857666 -0.0015869141 0.006286621 0.2055664,-0.13111112 -0.14777778 0.06,0.96 0.04 8.88,99 97 255,27
120,01110011,00000000,-0.9803467 -0.011230469 -0.0032958984 0.19665527,0.46 0.59 0.46333334,0.13 -0.38 9.45,99 97 94,27
121,01110011,00000000,-0.9836426 -0.02520752 -0.006286621 0.17803955,0.5477778 0.13444445 0.87222224,-0.1 -0.06 8.89,97 98 94,27
122,01110011,00000000,-0.9874878 -0.041931152 -0.010131836 0.15142822,0.6622222 0.38777778 1.19,0.4 0.23 9.03,96 101 94,27
123,01110011,00000000,-0.9906616 -0.049560547 -0.015258789 0.12567139,0.09222222 0.41444445 1.4311111,0.39 1.02 9.44,93 106 94,27
124,01110011,00000000,-0.9942627 -0.04534912 -0.027770996 0.0925293,-0.42777777 0.59444445 1.2577778,-0.04 0.87 9.66,89 106 94,27
125,01110011,00000000,-0.99713135 -0.024169922 -0.020385742 0.06866455,-1.2333333 -1.1422222 0.9011111,-1.57 0.88 12.48,85 101 94,27
126,01110011,00000000,-0.99816895 0.020080566 0.03515625 0.04425049,-1.9688889 -3.3911111 1.1333333,-1.86 0.29 11.04,93 93 94,27
127,01110011,00000000,-0.98999023 0.07055664 0.12164307 0.010437012,-1.6933334 -3.6066666 1.6466666,0.62 -0.79 10.41,118 79 93,27
128,01110011,00000000,-0.9746094 0.10583496 0.19262695 -0.041259766,-0.7633333 -2.921111 2.4466667,0.82 -1.26 10.77,153 62 92,27
129,01110011,00000000,-0.9603882 0.12402344 0.2220459 -0.113098145,0.24111111 -0.5411111 3.3044446,2.65 -1.51 9.47,193 53 92,27
130,01110011,00000000,-0.9559326 0.11401367 0.18304443 -0.19891357,2.37 1.9644444 3.7577777,2.45 -2.53 9.62,190 60 92,27
131,01110011,00000000,-0.94989014 0.061767578 0.08905029 -0.2930298,3.9 3.0344443 3.9644444,0.34 0.73 10.3,134 122 92,27
132,01110011,00000000,-0.9246216 0.00982666 0.005859375 -0.3805542,3.1166666 1.8844445 3.6855555,-0.32 0.09 9.74,71 197 91,27
133,01110011,00000000,-0.8892212 -0.046691895 -0.057495117 -0.45135498,3.3144445 1.4188889 3.0822222,0.35 0.35 9.52,72 190 91,27
134,01110011,00000000,-0.8539429 -0.09112549 -0.10003662 -0.50231934,1.4888889 0.43555555 2.248889,-0.86 2.32 9.05,70 191 91,27
135,01110011,00000000,-0.8327637 -0.10266113 -0.09875488 -0.5348511,-0.30333334 -0.18444444 1.2811111,0.33 1.47 9.1,70 190 91,27
136,01110011,00000000,-0.8276367 -0.079956055 -0.07751465 -0.54992676,-2.0266666 -0.112222224 0.21777777,0.4 1.57 9,74 178 91,27
137,01110011,00000000,-0.83618164 -0.02368164 -0.038330078 -0.54644775,-3.3044446 -0.18777777 -0.76,-0.22 0.53 7.66,76 167 91,27
138,01110011,00000000,-0.852417 0.036621094 0.016967773 -0.52124023,-3.261111 -0.8611111 -1.6655556,-0.06 -0.57 8.4,77 176 91,27
139,01110011,00000000,-0.87323 0.0758667 0.07293701 -0.475708,-1.87 -1.0011111 -2.538889,0.7 -1.75 9.51,73 192 91,27
140,01110011,00000000,-0.9016113 0.07165527 0.09460449 -0.41589355,0.60333335 -0.26222223 -3.0433333,0.87 -2.26 8.75,71 190 91,27
141,01110011,00000000,-0.9335327 0.032348633 0.08081055 -0.3475952,1.8911111 0.51111114 -3.3977778,0.75 -0.69 7.92,68 169 91,27
142,01110011,00000000,-0.9614258 -0.003479004 0.045532227 -0.2709961,1.4277778 1.26 -3.5555556,0 0.6 7.68,82 120 91,27
143,01110011,00000000,-0.98132324 -0.02355957 0.030761719 -0.18811035,0.45222223 -0.56 -3.6577778,-2.53 0.97 10.76,112 84 91,27
144,01110011,00000000,-0.99298096 -0.030822754 0.050720215 -0.10180664,-0.25 -0.37666667 -3.5811112,2.19 0.48 13.31,97 74 91,27
145,01110011,00000000,-0.9990845 -0.01751709 0.030151367 -0.021911621,-0.9111111 1.0522223 -3.2244444,-279.03 0.36 9.77,88 82 91,27
146,01110011,00000000,-0.99853516 0.0068359375 0.017089844 0.0501709,-1.1711111 0.26666668 -2.8744445,-0.15 0.15 7.99,110 102 92,27
147,01110011,00000000,-0.99298096 0.034118652 0.005859375 0.1126709,-1.2588888 0.60333335 -2.4244444,0.56 0.11 8.59,113 123 92,27
148,01110011,00000000,-0.9841919 0.06506348 -0.016906738 0.16339111,-1.53 0.99222225 -1.9266666,0.26 0.07 8.98,121 140 92,27
149,01110011,00000000,-0.9741821 0.09100342 -0.036254883 0.20300293,-0.80333334 0.46333334 -1.5333333,-0.6 -1.12 9.28,131 155 93,27
150,01110011,00000000,-0.9672241 0.08581543 -0.03375244 0.2364502,0.98444444 -0.15222222 -1.3811111,-0.55 -1.55 10.23,132 157 93,27
151,01110011,00000000,-0.9623413 0.055847168 -0.004699707 0.26568604,1.7033334 -1.1533333 -1.221111,-0.56 -0.11 9.97,127 142 93,27
152,01110011,00000000,-0.95684814 0.01586914 0.029296875 0.28857422,2.191111 -0.36888888 -0.9522222,1.47 -0.39 9.87,115 124 94,27
153,01110011,00000000,-0.953125 -0.037841797 0.04034424 0.30426025,2.258889 -30.151112 -24.463333,-0.25 0.17 10.51,111 108 94,27
154,01110011,00000000,-0.944458 -0.0793457 0.048828125 0.3149414,1.2333333 0.29222223 -0.46888888,0.84 1.63 9.39,111 97 94,27
155,01110011,00000000,-0.94281006 -0.08947754 0.032104492 0.3192749,-0.4788889 0.9811111 -0.14888889,0.2 1.48 8.61,110 93 94,27
156,01110011,00000000,-0.94537354 -0.0690918 0.009277344 0.31811523,-1.4377778 0.2911111 0.11777778,-0.72 0.74 8.84,109 94 94,27
157,01110011,00000000,-0.9495239 -0.032348633 -0.0040893555 0.3118286,-1.7322222 0.06888889 0.39666668,0.25 0.21 9.4,107 93 94,27
158,01110011,00000000,-0.95422363 0.0048217773 -0.01928711 0.29840088,-1.5866667 0.04888889 0.67333335,-0.45 -0.39 9.54,106 89 94,27
159,01110011,00000000,-0.9593506 0.030944824 -0.01965332 0.27960205,-0.6788889 -0.52555555 0.86777776,-0.24 -0.83 10.09,105 83 94,27
160,01110011,00000000,-0.96551514 0.03881836 -0.008850098 0.256958,0.09111111 -0.61333334 1.02,-0.12 -0.6 10.06,107 80 94,27
161,01110011,00000000,-0.9718628 0.041931152 0.020019531 0.23065186,0.023333333 -1.83 1.1344445,-1.19 0.78 10.42,110 82 94,27
162,01110011,00000000,-0.9760742 0.057373047 0.061828613 0.20007324,-0.045555554 -1.4477777 1.3055556,-161.77 -2.55 -0.01,122 83 94,27
163,01110011,00000000,-0.9837036 0.03540039 0.057922363 0.16619873,1.6688889 1.4477777 1.4488889,2.76 -1.34 8.7,131 84 94,27
164,01110011,00000000,-0.991272 -0.012756348 0.012634277 0.13031006,1.4111111 2.191111 1.4888889,-0.65 1.96 9.67,114 101 94,27
165,01110011,00000000,-0.99487305 -0.021850586 -0.023864746 0.09539795,-0.47111112 1.3055556 1.4,-0.29 1.05 9.93,91 114 94,27
166,01110011,00000000,-0.99645996 -0.017211914 -0.0501709 0.06378174,0.06666667 0.94 1.2266667,-0.39 -1.12 9.93,80 108 94,27
167,01110011,00000000,-0.9970703 -0.03161621 -0.05706787 0.03869629,0.6488889 0.11 1.0266666,-0.81 0.41 10.44,74 107 94,27
168,01110011,00000000,-0.99823 -0.03692627 -0.042053223 0.019470215,0.027777778 -0.7177778 0.8066667,-0.02 0.43 10.05,75 110 94,27
169,01110011,00000000,-0.9992676 -0.03363037 -0.017456055 0.0041503906,-0.14 -1.1277778 0.64111114,-0.54 0.42 9.44,81 109 94,27
170,01110011,00000000,-0.9998779 -0.018005371 0.016540527 -0.0072021484,-0.8088889 -1.4288889 -9.955556,0.67 1.86 13.1,87 107 94,27
171,01110011,00000000,-0.99786377 0.042114258 0.044677734 -0.018432617,-3.0555556 -1.1433333 0.56666666,-0.6 0.49 12.46,92 103 94,27
172,01110011,00000000,-0.99090576 0.10028076 0.08288574 -0.03265381,-2.0133333 -1.7 0.6344444,0.14 -3.79 9.85,96 91 94,27
173,01110011,00000000,-0.98950195 0.07244873 0.11175537 -0.054748535,1.9977778 -1.1988889 0.69777775,1.5 -1.67 8.58,103 83 94,27
174,01110011,00000000,-0.9906006 0.02154541 0.11114502 -0.076049805,2.521111 0.28666666 0.85333335,1.34 2.08 8.49,108 93 94,27
175,01110011,00000000,-0.99121094 -0.0068359375 0.083984375 -0.10101318,0.8388889 1.4766667 0.9355556,1.11 0.64 7.14,105 107 94,27
176,01110011,00000000,-0.9915161 -0.014465332 0.035583496 -0.12371826,0.5688889 2.2322223 0.8611111,0.21 0.21 7.65,95 111 94,27
177,01110011,00000000,-0.98876953 -0.020446777 -0.026428223 -0.14520264,0.46222222 2.0266666 0.64555556,-0.69 0.2 9.92,83 113 94,27
178,01110011,00000000,-0.9859619 -0.022155762 -0.05682373 -0.15496826,0.17777778 1.07 0.3311111,-0.57 0.99 9.08,76 113 94,27
179,01110011,00000000,-0.9859619 -0.010559082 -0.057556152 -0.15631104,-0.6111111 -0.20444444 -0.05888889,-1.96 -2.45 -0.01,76 112 94,27
180,01110011,00000000,-0.98913574 0.00012207031 -0.01361084 -0.14611816,-0.76666665 -2.078889 -0.55333334,-0.6 0.27 9.58,78 111 94,27
181,01110011,00000000,-0.9906006 0.011169434 0.050964355 -0.12579346,-0.82222223 -2.6377778 -0.9033333,1.65 0.47 10.77,72 112 94,27
182,01110011,00000000,-0.9907837 0.045776367 0.075927734 -0.10205078,-1.8755555 -0.39 -0.9111111,1.74 0.96 8.54,59 115 94,27
183,01110011,00000000,-0.9911499 0.08862305 0.06317139 -0.07507324,-1.6522223 1.0988889 -0.9611111,1.82 -1.21 9.28,60 124 94,27
184,01110011,00000000,-0.9977417 0.04498291 0.009521484 -0.04736328,3.1266668 2.3444445 -1.0766667,-0.41 -5.69 12.28,70 131 94,27
185,01110011,00000000,-0.9984741 -0.03894043 -0.033569336 -0.019348145,3.0033333 1.5977777 -1.1511111,-0.52 4.16 10.69,89 105 93,27
186,01110011,00000000,-0.99871826 -0.03338623 -0.036254883 0.0072021484,-0.7122222 -0.44111112 -1.1377778,-2.21 1.98 10.32,101 81 92,27
187,01110011,00000000,-0.99993896 -0.016479492 -0.0049438477 0.035095215,-0.56666666 -1.4533334 -1.1511111,0 -0.04 10.06,97 88 92,27
188,01110011,00000000,-0.9975586 0.009216309 0.027893066 0.062072754,-1.2033334 -1.4455556 -1.0966667,0.24 0.87 10.95,86 93 92,27
189,01110011,00000000,-0.99450684 0.045654297 0.03338623 0.087402344,-1.5677778 0.09111111 -1.0011111,2.2 -0.33 11.76,77 102 92,27
190,01110011,00000000,-0.99243164 0.05053711 0.003112793 0.1116333,-0.011111111 1.47 -0.9388889,0.12 -1.49 11.09,79 112 92,27
191,01110011,00000000,-0.9908447 0.0010375977 -0.0045166016 0.13433838,2.71 0.30222222 -0.9311111,-1.4 -3.4 12.71,89 110 92,27
192,01110011,00000000,-0.9840088 -0.08496094 0.006713867 0.1560669,3.5422223 0.10666667 -0.92777777,0.47 1.51 10.63,91 92 92,27
193,01110011,00000000,-0.9777832 -0.11010742 0.022705078 0.17681885,0.6388889 -0.88222224 -0.8144444,-1.14 2.04 9.49,92 71 92,27
194,01110011,00000000,-0.97576904 -0.090148926 0.038146973 0.1954956,-1.0488889 -0.68222225 -0.64,1.79 1.89 7.83,88 70 92,27
195,01110011,00000000,-0.9768677 -0.04333496 0.020263672 0.20812988,-2.2522223 0.40333334 -0.47444445,0.15 0.53 7.16,86 77 92,27
196,01110011,00000000,-0.9760742 -0.0010375977 0.010131836 0.21697998,-2.1944444 -0.05888889 -0.43444446,0.37 -0.27 -201.25,72 20 92,27
197,01110011,00000000,-0.9744873 0.035827637 -0.00018310547 0.22113037,-1.1333333 0.07 -0.035555556,0 -0.36 8.84,89 93 92,27
198,01110011,00000000,-0.9724121 0.04925537 0.010375977 0.22753906,0.027777778 -0.92444444 -0.54,0 -0.26 8.47,90 93 92,27
199,01110011,00000000,-0.96850586 0.039001465 0.031433105 0.24365234,0.83444446 -0.41 -0.8511111,1.39 0.53 6.89,87 93 92,27
200,01110011,00000000,-0.96435547 0.020019531 0.036193848 0.26135254,0.6933333 0.22333333 -0.6666667,0.75 0.83 6.88,86 89 92,27
201,01110011,00000000,-0.96343994 0.007446289 0.027526855 0.26635742,0.20777778 0.69 0.1388889,0.96 1.28 7.69,88 87 92,27
202,01110011,00000000,-0.96765137 0.0015869141 0.006591797 0.25195312,-0.06666667 1.01 0.85,0.62 0.86 9.35,88 88 92,27
203,01110011,00000000,-0.9741821 -0.0078125 -0.012084961 0.22509766,0.5411111 0.6255556 1.3911111,-0.06 -0.2 9.89,83 88 92,27
204,01110011,00000000,-0.980896 0.01159668 0.00793457 -0.00970459,1.4166666 -0.064444445 1.4877778,0.63 0.67 9.99,79 94 92,27
205,01110011,00000000,-0.9830322 -0.07281494 0.012939453 0.16784668,1.8455555 -1.0344445 0.5988889,0.01 0.49 9.54,81 108 92,27
206,01110011,00000000,-0.97998047 -0.10333252 0.043518066 0.1638794,1.0333333 -0.9088889 0.07666667,1.13 2.25 8.37,86 114 93,27
207,01110011,00000000,-0.97509766 -0.11431885 0.07556152 0.17376709,0.23777778 -1.3466667 -0.75,2.36 3.3 9.07,87 113 93,27
208,01110011,00000000,-0.97143555 -0.10656738 0.095581055 0.18902588,1.5133333 -1.8733333 0.033333335,-0.06 0.84 8.16,81 110 93,27
209,01110011,00000000,-0.9638672 -0.13201904 0.1673584 0.15966797,1.44 -2.54 2.2666667,3.69 2.61 5.9,83 109 94,27
210,01110011,00000000,-0.9498291 -0.13989258 0.24645996 0.13165283,0.9266667 -4.417778 1.0011111,0.19 3.37 5.96,121 129 95,27
211,01110011,00000000,-0.89727783 -0.12817383 0.40374756 0.12365723,0.84555554 -8.074445 1.4011111,2.68 2.46 3.59,147 132 96,27
212,01110011,00000000,-0.80255127 -0.10357666 0.5782471 0.10308838,0.5222222 -7.7644444 1.46,10.98 4.2 -0.1,195 134 97,27
213,01110011,00000000,-0.7102051 -0.08306885 0.689209 0.11657715,-0.5144445 -5.1566668 -0.56,11.2 2.9 -1.04,81 11945 4863,27
214,01110011,00000000,-0.64642334 -0.09063721 0.741333 0.15570068,-0.32555556 -1.9744444 -2.441111,11.83 2.52 -0.94,162 128 96,27
215,01110011,00000000,-0.6121216 -0.12988281 0.7564087 0.19030762,0.44555557 -1.6077778 -1.4433334,9.57 5.05 -1.62,125 130 96,27
216,01110011,00000000,-0.5827637 -0.13824463 0.77441406 0.20361328,-0.27666667 -1.2555555 -0.5733333,10.28 5.76 -2.82,107 122 96,27
217,01110011,00000000,-0.56427 -0.13659668 0.7809448 0.22998047,-0.8433333 -0.6433333 -0.76222223,10.61 4.94 -3.08,101 120 96,27
218,01110011,00000000,-0.55804443 -0.14447021 0.77752686 0.25109863,-0.23444444 0.18666667 -0.8988889,9.77 4.62 -2.58,97 122 96,27
219,01110011,00000000,-0.5649414 -0.16430664 0.7644043 0.26324463,-0.107777774 0.8844444 -0.85444444,9.09 6.04 -1.84,98 121 96,27
220,01110011,00000000,-0.58117676 -0.17785645 0.7451172 0.274292,-0.64111114 1.1644444 -0.6344444,8.35 6.24 -1.82,103 119 96,27
221,01110011,00000000,-0.59539795 -0.19122314 0.0072021484 -0.009765625,-0.14888889 0.58 -0.72,6.5 6 -1.12,107 119 96,27
222,01110011,00000000,-0.5949707 -0.20373535 0.7196045 0.29431152,0.24111111 0.2588889 -0.61777776,6.94 6.49 -1.55,108 117 96,27
223,01110011,00000000,-0.5875244 -0.22906494 0.7138672 0.3043213,0.5188889 -0.05666667 -1.39,6.71 6.47 -1.53,108 114 96,27
224,01110011,00000000,-0.57110596 -0.2510376 0.7180176 0.30847168,0.35666665 -0.44333333 -0.91,6.51 8.28 -1.74,106 107 96,27
225,01110011,00000000,-0.5501709 -0.24963379 0.7191162 0.34301758,-1.0555556 -0.88666666 -1.1866666,8.75 8.16 -1.17,102 104 96,27
226,01110011,00000000,-0.539978 -0.25756836 0.710083 0.37109375,-0.3888889 0.30555555 -0.99222225,7.38 7.13 -0.78,95 111 96,27
227,01110011,00000000,-0.5466919 -0.26586914 0.69610596 0.3817749,-0.53333336 0.35 -0.37,5.95 7.42 -0.54,97 112 96,27
228,01110011,00000000,-0.5441284 -0.27069092 0.68566895 0.40057373,-0.6 -0.11777778 -0.99222225,5.47 7.86 -0.22,98 112 96,27
229,01110011,00000000,-0.53375244 -0.27868652 0.6746826 0.4267578,-0.7366667 -0.24555555 -1.1422222,4.96 8.86 -0.23,97 114 96,27
230,01110011,00000000,-0.52789307 -0.2816162 0.66070557 0.45318604,-0.70555556 -0.035555556 -0.72444445,4.62 8.7 -0.08,95 36 8191,27
231,01110011,00000000,-0.5250244 -0.2805786 0.6574707 0.46173096,-0.3 -0.094444446 0.013333334,4.82 8.87 -0.3,95 119 96,27
232,01110011,00000000,-0.5229492 -0.2786255 0.65704346 0.46594238,-0.17888889 -0.22444445 -0.22888888,4.85 9.24 -0.42,95 117 96,27
233,01110011,00000000,-0.52160645 -0.27526855 0.6535034 0.47436523,-0.4722222 0.043333333 0.037777778,4.98 8.99 0.11,95 115 96,27
234,01110011,00000000,-0.532959 -0.2677002 0.6444702 0.47839355,-0.61777776 0.3988889 0.27333334,4.54 8.94 0.78,95 113 96,27
235,01110011,00000000,-0.54382324 -0.260437 0.63604736 0.48138428,-0.5188889 0.22666667 0.29444444,4.75 9 0.89,94 110 96,27
236,01110011,00000000,-0.55737305 -0.25195312 0.62823486 0.48065186,-0.46333334 0.49333334 0.5288889,4.83 8.63 1.07,94 108 96,27
237,01110011,00000000,-0.57440186 -0.24267578 0.61608887 0.48101807,-0.77 0.5288889 0.39555556,5.38 8.72 1.24,92 105 96,27
238,01110011,00000000,-0.585083 -0.23382568 0.60510254 -0.009765625,-0.78 0.30888888 0.15333334,5.07 8.43 1.31,91 102 96,27
239,01110011,00000000,-0.5906372 -0.22583008 0.59350586 0.49780273,-0.77111113 0.12888889 -0.11,5.08 8.22 1.76,91 101 96,27
240,01110011,00000000,-0.5967407 -0.22253418 0.5866089 0.5001831,-0.42666668 0.4 0.18555556,5.1 8.26 1.95,91 101 96,27
241,01110011,00000000,-0.60546875 -0.22210693 0.5753784 0.50286865,-0.57222223 0.59555554 0.05,4.49 8.43 1.98,91 100 96,27
242,01110011,00000000,-0.6176758 -0.22320557 0.55688477 0.5083618,-0.58111113 0.8388889 -0.05111111,5.63 7.95 2.69,91 99 96,27
243,01110011,00000000,-0.631897 -0.23083496 0.53167725 0.51446533,-0.61444443 1.0922222 -0.39,4.57 7.43 3.71,92 99 96,27
244,01110011,00000000,-0.64001465 -0.24273682 0.505249 0.5253296,-0.5477778 0.99777776 -0.56,4.92 8.08 4.26,95 100 96,27
245,01110011,00000000,-0.65026855 -0.2489624 0.4804077 0.53308105,-0.5 0.82666665 -0.22666667,3.49 7.98 5.13,99 101 96,27
246,01110011,00000000,-0.6547241 -0.2559204 0.46850586 0.53497314,-0.09888889 0.4611111 -0.27888888,3.67 8.75 5.18,100 101 96,27
247,01110011,00000000,-0.645813 -0.26208496 0.47039795 0.54107666,0.23888889 -0.26777777 -0.5411111,3.83 9.23 4.48,100 101 255,27
248,01110011,00000000,-0.63549805 -0.2678833 0.47149658 0.5494385,0.09 -0.18555556 -0.5222222,3.37 9.32 4.18,99 100 96,27
249,01110011,00000000,-0.63256836 -0.26989746 0.47381592 0.5498657,-0.014444444 0.0033333334 0.05666667,3.41 9.4 4.2,98 99 96,27
250,01110011,00000000,-0.62994385 -0.2775879 0.47210693 0.5504761,0.052222222 0.24555555 -0.29444444,2.94 9.04 3.96,98 99 96,27
251,01110011,00000000,-0.62561035 -0.286438 0.47131348 0.55163574,0.21666667 0.12 -0.23,2.99 9.07 4.08,98 98 96,27
252,01110011,00000000,-0.6308594 -0.29779053 0.46673584 0.54345703,0.29777777 0.8377778 0.15111111,3.03 8.25 4.61,98 97 96,27
253,01110011,00000000,-0.6397705 -0.30700684 0.45336914 0.5391846,-0.17222223 0.5288889 -0.25111112,2.6 7.61 5.15,97 97 96,27
254,01110011,00000000,-0.61486816 -0.32940674 0.44726562 0.55963135,0.39222223 -0.13444445 -2.3933334,1.94 7.59 4.29,98 97 96,27
255,01110011,00000000,-0.6060791 -0.33947754 0.44195557 0.5673828,0.28555554 -0.07333333 -0.50222224,1.34 8.83 4.68,96 91 96,27
0,01110011,00000000,-0.6029053 -0.34136963 0.4491577 0.5640259,0.18 -0.10555556 0.10555556,1.61 8.84 4.44,96 90 96,27
1,01110011,00000000,-0.60687256 -0.33776855 0.44476318 0.56536865,-0.35333332 0.115555555 0.11888889,0.96 9.4 4.28,96 91 96,27
2,01110011,00000000,-0.6194458 -0.3355713 0.4335327 0.5617676,-0.48444444 0.5711111 0.2911111,1.48 8.59 4.28,96 91 96,27
3,01110011,00000000,-0.6273804 -0.33337402 0.4189453 0.5654297,-0.58111113 0.4 -0.15888889,0.96 8.83 4.97,95 90 96,27
4,01110011,00000000,-0.637146 -0.34204102 0.38684082 0.5720825,-0.8933333 1.4011111 -0.6488889,3.22 8.88 3.56,95 91 96,27
5,01110011,00000000,-0.64837646 -0.3499756 0.33789062 0.5855713,-1.4611111 1.0344445 -1.0633334,-0.04 7.21 4.99,101 95 96,27
6,01110011,00000000,-0.6365967 -0.36553955 0.31103516 0.6034546,0.32333332 0.9866667 -1.5544444,1.52 4.44 3.78,107 105 96,27
7,01110011,00000000,-0.6208496 -0.38909912 0.28948975 0.6157837,-0.10555556 0.45 -1.3066666,-0.44 7.48 4.3,116 101 96,27
8,01110011,00000000,-0.60601807 -0.39501953 0.2741089 0.63360596,-0.15 0.08111111 -1.2277777,-0.16 6.18 4.35,118 101 96,27
9,01110011,00000000,-0.58795166 -0.41204834 0.2543335 0.64782715,0.025555555 0.6422222 -1.3566667,-0.59 6.18 5.13,116 102 96,27
10,01110011,00000000,-0.5673828 -0.4121704 0.2642212 0.6619873,0.6588889 -1.1311111 -0.58666664,-3.99 8.44 7.14,119 101 96,27
11,01110011,00000000,-0.55181885 -0.40649414 0.27618408 0.673645,0.16333333 -0.53555554 -0.41333333,-3.07 11.36 8.44,112 98 96,27
12,01110011,00000000,-0.5470581 -0.4130249 0.27056885 0.6759033,0.10222222 0.42555556 -0.47444445,-3.97 8.96 6.91,109 97 96,27
13,01110011,00000000,-0.5410156 -0.4260254 0.258667 0.6772461,-0.06555556 0.61 -0.6166667,-3.63 7.04 6.31,109 96 96,27
14,01110011,00000000,-0.53356934 -0.4352417 0.25097656 0.6802368,0.35222223 -0.057777777 -0.51,-5.12 6.37 7.13,110 96 96,27
15,01110011,00000000,-0.5153198 -0.44128418 0.25585938 0.68859863,0.41666666 -0.45666668 -0.80444443,-5.16 7.81 8.48,108 95 96,27
16,01110011,00000000,-0.49645996 -0.43927002 0.25952148 0.7022095,0.30333334 -0.62333333 -0.6722222,-3.16 6.55 6.95,104 93 96,27
17,01110011,00000000,-0.47698975 -0.43859863 0.2685547 0.7126465,0.5922222 -0.69777775 -0.6244444,124.48 5.12 5.92,100 92 96,27
18,01110011,00000000,-0.46209717 -0.43408203 0.27301025 0.7233887,-0.20777778 -0.25555557 -0.68222225,-3.18 7.41 7.37,97 90 96,27
19,01110011,00000000,-0.4477539 -0.4475708 0.24029541 0.7357178,-0.5222222 0.9577778 -1.648889,-5.32 4.11 6.62,96 91 96,27
20,01110011,00000000,-0.4263916 -0.44934082 0.23474121 0.74902344,0.22666667 -1.0388889 -0.7822222,-6.33 3.56 7.1,106 97 96,27
21,01110011,00000000,-0.39916992 -0.44274902 0.23059082 0.76898193,0.20444444 -0.5733333 -1.4233333,-5.9 2.54 6.08,100 96 96,27
22,01110011,00000000,-0.36431885 -0.43029785 0.2456665 0.7883911,0.9688889 -1.77 -0.85333335,-4.55 2.54 5.58,94 94 96,27
23,01110011,00000000,-0.3326416 -0.40246582 0.28076172 0.8052368,1.3288889 -2.6077778 -0.083333336,-4.63 2.93 4.53,84 89 96,27
24,01110011,00000000,-0.3010254 -0.347229 0.33636475 0.8218994,1.2822223 -3.6211112 0.6422222,-3.38 6.23 4.56,84 89 96,27
25,01110011,00000000,-0.28125 -0.29626465 0.38830566 0.82733154,1.6088889 27.02 -8.814445,-2.7 9.13 5.12,100 95 97,27
26,01110011,00000000,-0.24395752 -0.29309082 0.40649414 0.83013916,0.39555556 -0.43 -1.4477777,-2.82 11.21 7.41,100 96 97,27
27,01110011,00000000,-0.20977783 -0.31915283 0.39331055 0.8362427,0.08444444 0.6377778 -1.9677777,-0.82 7.01 5.65,96 92 97,27
28,01110011,00000000,-0.18066406 -0.33563232 0.38494873 0.8404541,0.1711111 -0.13444445 -1.0855556,-1.61 6.23 6.32,104 91 97,27
29,01110011,00000000,-0.15423584 -0.33892822 0.3829956 0.8453369,0.40111113 -0.62222224 -1.0211111,-3 5.23 7.69,102 90 97,27
30,01110011,00000000,-0.12994385 -0.31713867 0.38354492 0.8574829,-0.61333334 -1.7233334 -0.48222223,-4.98 10.59 10.37,97 88 97,27
31,01110011,00000000,-0.09661865 -0.30078125 0.34191895 0.88494873,-1.9377778 -0.8322222 -2.44,0.1 6.62 6.59,92 91 97,27
32,01110011,00000000,-0.06512451 -0.2715454 0.3163452 0.9065552,-0.38666666 -2.7033334 -0.12444445,-2.84 7.71 7.49,79 122 97,27
33,01110011,00000000,-0.05218506 -0.22686768 0.30413818 0.923645,-0.98333335 -1.3122222 -0.23666666,-4.08 10.46 7.45,78 120 97,27
34,01110011,00000000,-0.045288086 -0.21160889 0.2915039 0.9316406,-0.2188889 -0.28555554 -0.33888888,-189.13 -2.53 -0.01,78 119 97,27
35,01110011,00000000,-0.03729248 -0.22772217 0.2927246 0.92785645,0.34111112 0.97444445 -0.37333333,-1.42 4.45 2.58,79 117 97,27
36,01110011,00000000,-0.04852295 -0.2576294 0.2993164 0.9173584,0.23444444 1.5266666 0.43888888,-2.05 3.55 2.6,83 114 97,27
37,01110011,00000000,-0.07086182 -0.2849121 0.30841064 0.90478516,0.3611111 1.4077778 0.7588889,-2.87 6.63 4.21,80 113 97,27
38,01110011,00000000,-0.094177246 -0.3079834 0.3043213 0.89642334,-0.36666667 1.5788889 0.17222223,-2.04 6.18 3.61,75 113 97,27
39,01110011,00000000,-0.101623535 -0.33215332 0.31134033 0.8843994,0.67333335 0.23888889 0.5144445,-4.88 10.6 7.96,75 111 97,27
40,01110011,00000000,-0.12188721 -0.33062744 0.32165527 0.8787842,-0.28 0.66888887 0.9988889,-5.46 14.1 11.77,76 112 97,27
41,01110011,00000000,-0.14746094 -0.36291504 0.29504395 0.8713989,-1.1622223 2.1577778 -0.09222222,-1.93 6.9 9.84,74 108 97,27
42,01110011,00000000,-0.18743896 -0.39434814 0.27868652 0.8563843,-0.74444443 1.8666667 7.3977776,-0.51 2.76 8.6,77 107 97,27
43,01110011,00000000,-0.20483398 -0.41485596 0.28546143 0.8392334,0.6711111 0.63222224 0.5988889,-0.37 1.45 9.14,66 101 97,27
44,01110011,00000000,-0.21972656 -0.41107178 0.27001953 0.8424072,-1.8922222 -0.15888889 0.035555556,-2.71 2.52 8.65,66 103 97,27
45,01110011,00000000,-0.22241211 -0.38476562 0.24713135 0.86102295,-0.8611111 -1.4755555 -0.17555556,-4.29 7.05 7.35,69 102 97,27
46,01110011,00000000,-0.22735596 -0.35791016 0.22784424 0.87646484,-1.1233333 -0.29666665 -0.22888888,-6.71 9.37 8.2,70 102 97,27
47,01110011,00000000,-0.22259521 -0.35058594 0.22961426 0.88012695,0.77444446 -0.8155556 0.3011111,-7.48 8.76 7.76,72 103 97,27
48,01110011,00000000,-0.21948242 -0.35040283 0.25646973 0.8735962,0.89444447 0.65444446 0.11888889,0.47 8.46 4.79,76 104 97,27
49,01110011,00000000,-0.21838379 -0.37530518 0.260437 0.86224365,0.60333335 0.7811111 -0.31111112,-3.47 6.52 3.29,77 104 97,27
50,01110011,00000000,-0.215271 -0.3809204 0.2649536 0.8591919,-0.27555555 0.08 0.25111112,-0.32 7.52 3.1,80 102 97,27
51,01110011,00000000,-0.23248291 -0.38793945 0.24707031 0.8569336,-1.0488889 0.7411111 0.028888889,-4.51 -0.1 -0.01,81 101 97,27
52,01110011,00000000,-0.2600708 -0.39733887 0.21551514 0.85321045,-1.6455555 1.1277778 0.9688889,-5.59 5.34 5.55,82 100 97,27
53,01110011,00000000,-0.28466797 -0.40270996 0.21002197 0.8441162,0.66 0.16444445 1.0066667,-9.29 7.26 7.81,76 89 97,27
54,01110011,00000000,-0.30413818 -0.3920288 0.24945068 0.831604,0.64111114 0.31555554 1.3277777,0.01 10.25 9.92,77 94 97,27
55,01110011,00000000,-0.33312988 -0.40423584 0.24554443 0.8156128,-0.62777776 1.0211111 1.1111112,-1.38 5.97 9.73,76 100 97,27
56,01110011,00000000,-0.36584473 -0.40942383 0.23590088 0.8016968,-0.5988889 0.9 1.0588889,-2.73 -0.21 8.06,71 95 97,27
57,01110011,00000000,-0.38067627 -0.38409424 0.2524414 0.8023071,0.022222223 -1.4455556 1.1244445,-2.41 0.6 8.11,67 91 97,27
58,01110011,00000000,-0.38616943 -0.32824707 0.26574707 0.8200073,-0.94 -2.3944445 0.44444445,-2.62 4.24 6.43,80 92 97,27
59,01110011,00000000,-0.39050293 -0.31848145 0.24658203 0.8347168,-0.7022222 0.38333333 -0.9911111,-4.01 7.79 6.5,88 90 96,27
60,01110011,00000000,-0.37390137 -0.32556152 0.2581787 0.82910156,0.8888889 -0.06 0.24444444,-2.97 10.67 6,91 95 96,27
61,01110011,00000000,-0.3720703 -0.35290527 0.26202393 0.8175049,0.81 1.21 -0.064444445,-4.65 9.08 6.01,91 96 96,27
62,01110011,00000000,-0.36132812 -0.37652588 0.2680664 0.8097534,0.7188889 0.5977778 -0.6077778,-2.92 7.73 6.11,92 96 96,27
63,01110011,00000000,-0.34942627 -0.381958 0.25836182 0.81555176,-0.35777777 -0.018888889 -0.6188889,-1.27 6.11 3.43,95 93 96,27
64,01110011,00000000,-0.35968018 -0.35961914 0.23937988 0.8269043,-1.4611111 -0.6155556 0.31444445,-4.93 8.36 0.09,95 95 96,27
65,01110011,00000000,-0.3772583 -0.34387207 0.20288086 0.8355713,-2.0333333 0.8622222 -0.2688889,-2.76 7.36 2.26,96 92 96,27
66,01110011,00000000,-0.39318848 -0.34655762 0.17333984 0.8336792,-0.7544444 0.30222222 0.25,-7.87 5.66 6.95,97 96 96,27
67,01110011,00000000,-0.40301514 -0.3501587 0.19555664 0.82250977,1.0133333 0.0044444446 0.91333336,-1.12 9.77 7.85,96 95 96,27
68,01110011,00000000,-0.40533447 -0.3973999 0.15856934 0.80773926,-0.6333333 3.0911112 -1.028889,-1.79 2.39 55.09,64 97 96,27
69,01110011,00000000,-0.4050293 -0.43481445 0.16082764 0.78796387,1.3655555 0.9122222 0.4811111,-3.09 0.07 9.69,116 105 96,27
70,01110011,00000000,-0.39746094 -0.42712402 0.18151855 0.7914429,0.21666667 -0.9688889 -0.07444444,-3.42 4.66 10.91,111 108 96,27
71,01110011,00000000,-0.38842773 -0.40185547 0.152771 0.8149414,-1.6544445 -0.8111111 -1.2688888,-2.96 3.42 6.73,109 107 96,27
72,01110011,00000000,-0.39556885 -0.38208008 0.1486206 0.82177734,-0.22 -0.89555556 0.7811111,-8.77 5.8 7.19,101 119 96,27
73,01110011,00000000,-0.39331055 -0.3786621 0.17327881 0.8196411,1.2166667 -0.40666667 -0.18222222,-8.01 8.67 7.51,105 115 96,27
74,01110011,00000000,-0.35614014 -0.4086914 0.17327881 0.8222046,0.88666666 1.0966667 -1.6133333,-3.03 7.01 5.4,104 112 96,27
75,01110011,00000000,-0.33068848 -0.4329834 0.20501709 0.8130493,2.2666667 -0.02 0.093333334,-3.35 5.78 5.84,114 101 96,27
76,01110011,00000000,-0.31689453 0.009521484 0.01159668 -0.00970459,3.0122223 -0.58 1.1855556,-0.51 9.15 5.56,112 102 96,27
77,01110011,00000000,-0.32495117 -0.42871094 0.3145752 0.7819824,0.58555555 -0.39 1.1166667,-3.17 9.3 4.62,115 125 96,27
78,01110011,00000000,-0.33337402 -0.43493652 0.2911377 0.78411865,-1.1155555 0.9066667 -0.61444443,-3.21 6.56 1.89,116 126 96,27
79,01110011,00000000,-0.34661865 -0.45715332 0.24450684 0.7816162,-1.5855556 1.6988889 -0.6122222,-7.44 6.7 3.32,117 127 96,27
80,01110011,00000000,-0.34423828 -0.489563 0.21185303 0.77246094,-0.04111111 1.6066667 -1.0422223,-8.48 4.9 6.06,121 130 96,27
81,01110011,00000000,-0.33850098 -0.51342773 0.19683838 0.76348877,-0.012222222 0.9011111 -0.41111112,-6.16 3.38 9.92,129 127 96,27
82,01110011,00000000,-0.37371826 -0.4794922 0.27130127 0.74609375,1.8622222 -2.468889 4.3922224,-8.64 -0.46 10.49,128 124 96,27
83,01110011,00000000,-0.3555298 -0.4453125 0.2567749 0.7805176,-2.2177777 -0.6755555 -3.078889,-4.31 0.74 5.98,194 174 97,27
84,01110011,00000000,-0.2994995 -0.4232788 0.18615723 0.83447266,-2.1866667 -3.2577777 -4.95,-11.93 -4.61 1.57,176 192 97,27
85,01110011,00000000,-0.1484375 -0.38360596 0.11218262 0.90448,-0.55444443 -1.0522223 -7.537778,-8.9 -0.79 7.9,71 -1482 13567,27
86,01110011,00000000,-0.04095459 -0.39300537 0.057434082 0.91674805,-0.052222222 -0.12555556 -4.5266666,-18.34 -0.77 9.73,131 191 97,27
87,01110011,00000000,0.046691895 -0.4232788 0.021972656 0.90448,-0.10222222 1.4244444 -3.001111,-10.42 -2.3 9.21,124 183 97,27
88,01110011,00000000,0.09820557 -0.43884277 0.001953125 0.89312744,0.18222222 0.3211111 -2.4322221,-8.4 -2.42 4.3,148 176 97,27
89,01110011,00000000,0.16070557 -0.4293213 -0.013366699 0.8885498,0.7922222 -0.6944444 -2.8244445,-10.06 -0.02 3.63,148 165 97,27
90,01110011,00000000,0.23449707 -0.4222412 -0.04144287 0.87457275,-0.19333333 0.6255556 -3.68,-6.51 1.88 3.71,130 143 97,27
91,01110011,00000000,0.2854004 -0.45306396 -0.072753906 0.8413086,-0.60444444 1.4266666 -1.7422222,-9.75 -2.67 5.29,141 143 97,27
92,01110011,00000000,0.29077148 -0.4784546 -0.08795166 0.8237915,-0.71555555 0.88 0.044444446,-10.8 -5.7 4.99,152 145 97,27
93,01110011,00000000,0.29449463 -0.48950195 0.0053710938 -0.00970459,0.23666666 0.48444444 -0.7033333,-8.12 -6.31 4.47,146 140 97,27
94,01110011,00000000,0.31469727 -0.4935913 -0.08581543 0.8060913,0.4588889 0.25777778 -0.58,-2.69 -6.15 3.42,143 134 97,27
95,01110011,00000000,0.3361206 -0.49206543 -0.0847168 0.7984619,0.56333333 0.46333334 -1.1877778,-2.64 -5.55 1.52,139 128 97,27
96,01110011,00000000,0.38391113 -0.49798584 -0.08868408 0.7723999,0.7177778 0.9766667 -2.5433333,-4.13 -5.17 0.61,138 120 97,27
97,01110011,00000000,0.44476318 -0.51312256 -0.089904785 0.7285156,1.0066667 1.92 -2.228889,-4.8 -9.97 0.9,150 106 97,27
98,01110011,00000000,0.47485352 -0.52789307 -0.07678223 0.69989014,0.23444444 1.3588889 -0.8333333,-10.82 -10.51 1.71,172 90 97,27
99,01110011,00000000,0.5004883 -0.53723145 -0.050048828 0.6769409,1.5622222 1.0577778 -0.27666667,-11.32 -9.59 3.33,172 89 97,27
100,01110011,00000000,0.52563477 -0.5423584 -0.020629883 0.65496826,1.0477778 1.8666667 -0.9,-8.96 -4.18 3.39,166 87 97,27
101,01110011,00000000,0.5477295 -0.5790405 -0.001953125 0.6038208,-0.53333336 2.8066666 -1.2722223,-5 -2.02 1.81,170 82 97,27
102,01110011,00000000,0.5788574 -0.59173584 0.023010254 0.5604248,2.5333333 1.1566666 -1.1944444,-6.91 -3.81 0.74,185 18 6655,27
103,01110011,00000000,0.6394043 -0.54364014 0.03930664 0.5420532,2.7844443 -0.61777776 -1.5644444,-5.15 -2.4 2.38,185 69 96,27
104,01110011,00000000,0.67633057 -0.5336914 0.04449463 0.50567627,0.38333333 1.3911111 -1.3744445,-4.71 -4.42 1.8,170 43 96,27
105,01110011,00000000,0.6880493 -0.53686523 0.06427002 0.48388672,0.23333333 0.46222222 0.06333333,-11.66 -8.29 6.94,175 45 96,27
106,01110011,00000000,0.6717529 -0.5631714 0.028442383 0.48016357,-2.1311111 0.4511111 -1.1722223,-7.32 -10.53 4.35,167 50 96,27
107,01110011,00000000,0.6588135 -0.59814453 0.017028809 0.45581055,-1.0544444 0.23111111 -0.37888888,-4.14 -12.86 2.07,163 71 96,27
108,01110011,00000000,0.66571045 -0.5953369 -0.0006713867 0.4498291,0.61444443 -0.26222223 -1.0555556,-3.89 -7.05 1.87,157 76 96,27
109,01110011,00000000,0.6869507 -0.58654785 -0.020080566 0.42840576,0.007777778 0.12555556 -1.4822222,-0.87 -4.25 0.68,149 74 96,27
110,01110011,00000000,0.7122803 -0.5811157 -0.036743164 -0.009765625,1.2022222 -0.093333334 -2.7577777,-6 -4.6 1.72,145 76 96,27
111,01110011,00000000,0.7508545 -0.5534668 -0.06933594 0.35333252,0.6422222 -0.15333334 -1.6622223,-0.18 -7.07 4.66,138 56 96,27
112,01110011,00000000,0.7473755 -0.56274414 -0.07171631 0.34552002,-0.83666664 0.11 0.35777777,-5.41 -11.47 3.96,132 53 96,27
113,01110011,00000000,0.7304077 -0.57232666 -0.07208252 0.36547852,-0.60888886 -0.06 0.9311111,-6.23 -8.65 2.2,128 55 96,27
114,01110011,00000000,0.7269287 -0.57403564 -0.05908203 0.3720703,0.67444444 -0.14666666 0.3888889,-5.04 -6.09 3.58,125 55 96,27
115,01110011,00000000,0.7322998 -0.55895996 -0.055786133 0.38482666,0.38 -0.33 0.24555555,-3.4 -3.84 4.93,122 61 96,27
116,01110011,00000000,0.74224854 -0.54608154 -0.06793213 0.38220215,0.38666666 -0.91888887 -0.9022222,-4.85 -2.67 6.78,120 65 96,27
117,01110011,00000000,0.73864746 -0.54644775 -0.09472656 0.38293457,-1.0033333 -0.4911111 -0.19,-1.83 -5.39 6.64,112 66 96,27
118,01110011,00000000,0.71832275 -0.56188965 -0.11218262 0.39453125,-1.1855556 -0.9533333 0.56333333,-2.54 -9.36 6.67,110 70 96,27
119,01110011,00000000,0.6992798 -0.56707764 -0.12402344 0.41705322,-0.4422222 -1.0077778 0.6755555,-1.62 -9.6 7.75,112 68 255,27
120,01110011,00000000,0.6779785 -0.5716553 -0.13806152 0.4407959,-1.1088889 -0.7311111 0.83555555,0.53 -8.01 4.37,115 69 96,27
121,01110011,00000000,0.64941406 -0.5946655 -0.1449585 0.4510498,-1.2988889 0.045555554 0.72333336,-0.87 -6.6 0.87,117 66 96,27
122,01110011,00000000,0.6333618 -0.6102295 -0.15362549 0.45025635,-1.0266666 0.08888889 -0.44555557,-5.78 -3.31 6.18,115 63 96,27
123,01110011,00000000,0.62493896 -0.62890625 -0.1796875 0.4260254,-1.4666667 0.19666667 -1.0111111,-2.97 -5.57 8.21,113 69 96,27
124,01110011,00000000,0.59368896 -0.6515503 -0.19195557 0.43133545,-1.8333334 -0.2888889 1.2944444,-4.79 -10.79 6.11,112 81 96,27
125,01110011,00000000,0.55737305 -0.65875244 -0.20568848 0.46136475,-0.83 -1.94 0.88666666,-6.9 -13.15 6.52,113 67 96,27
126,01110011,00000000,0.53015137 -0.65509033 -0.22192383 0.4902954,-0.97 -0.8933333 0.46888888,-8.12 -12.69 6.36,122 65 96,27
127,01110011,00000000,0.51989746 -0.638916 -0.2515869 0.5079346,-0.1711111 -1.8455555 -0.44,-5.01 -7.7 3.8,122 65 96,27
128,01110011,00000000,0.51568604 -0.6187744 -0.28704834 0.5182495,-0.35 -1.3466667 -0.96666664,-5.62 -4.8 0.27,114 68 96,27
129,01110011,00000000,0.53167725 -0.56811523 -0.33233643 0.53289795,0.9222222 -2.4233334 -1.9022223,-3.21 -4.03 -0.46,104 73 96,27
130,01110011,00000000,0.54559326 -0.5182495 -0.38085938 0.5371704,0.27222222 -1.9922222 -1.9633334,0.18 -8.54 1.35,74 64 96,27
131,01110011,00000000,0.53582764 -0.50213623 -0.40740967 0.54278564,-0.5133333 -1.1733333 -0.06888889,-0.66 -10.9 3.92,51 64 96,27
132,01110011,00000000,0.52783203 -0.5239258 -0.40698242 0.53015137,-0.9677778 1.1422222 0.18666667,-1.31 -11.57 1.98,55 67 96,27
133,01110011,00000000,0.5338745 -0.5270996 -0.41015625 0.5184326,-0.19 0.16222222 -0.38,5.19 -8.93 0.38,58 69 96,27
134,01110011,00000000,0.5395508 -0.51348877 -0.4133911 0.5236206,0.9411111 -1.0044445 -0.61333334,-3.07 -7.44 -2.06,62 72 96,27
135,01110011,00000000,0.5671997 -0.47338867 -0.44055176 0.5098877,0.22888888 -0.07666667 -2.2033334,-0.58 -3.9 -2.25,61 71 96,27
136,01110011,00000000,0.5999756 -0.4625244 -0.45947266 0.463562,-0.5277778 1.2088889 -2.4955556,1.42 -5.58 -2.23,63 70 96,27
137,01110011,00000000,0.63061523 -0.44677734 -0.46636963 0.43017578,0.74 0.25333333 -1.7011111,2.22 -8.57 3.18,85 81 96,27
138,01110011,00000000,0.6368408 -0.47027588 -0.45428467 0.4083252,-1.1922222 1.9477777 0.57222223,2.47 -14.93 -0.49,89 74 96,27
139,01110011,00000000,0.6357422 -0.49517822 -0.43273926 0.4039917,-0.22777778 0.98333335 0.55,0.99 -12.81 1.16,83 72 96,27
140,01110011,00000000,0.6407471 -0.5108032 -0.41601562 0.39404297,-0.15555556 0.96444446 0.33222222,2.65 -8.83 1.5,81 73 96,27
141,01110011,00000000,0.64746094 -0.52124023 -0.39178467 0.39440918,0.37111112 0.9255555 0.62,0.73 -9.07 1.02,80 75 96,27
142,01110011,00000000,0.65374756 -0.5418701 -0.37182617 0.37493896,-0.76 1.5388889 -0.07,-2.55 -5.98 4.88,78 78 96,27
143,01110011,00000000,0.6773071 -0.5321655 -0.38311768 0.33343506,0.63666666 0.30555555 -2.3233333,-2.52 -12.14 2.18,80 80 96,27
144,01110011,00000000,0.6951904 -0.5060425 -0.40716553 0.30786133,-0.15666667 0.2588889 -2.0355556,5.84 -9.02 4.72,86 72 96,27
145,01110011,00000000,0.6992798 -0.5059204 -0.41418457 0.28863525,-0.033333335 -0.2188889 0.028888889,5.12 -9.78 -0.5,90 76 96,27
146,01110011,00000000,0.69140625 -0.5097046 -0.40667725 0.31097412,0.064444445 -0.14333333 1.0966667,3.87 -9.32 1.25,91 78 96,27
147,01110011,00000000,0.68603516 -0.508728 -0.41101074 0.3187256,0.16555555 -0.71555555 -0.19888888,-0.95 -7.67 -1.06,92 80 96,27
148,01110011,00000000,0.68927 -0.50823975 -0.4251709 0.29278564,-0.93 0.6577778 -1.1744444,2.7 -3.01 -2.28,91 81 96,27
149,01110011,00000000,0.689209 -0.50146484 -0.44476318 0.2750244,-0.17888889 -0.5277778 -1.0388889,2.65 -4.97 -1.24,96 90 96,27
150,01110011,00000000,0.68426514 -0.5067749 -0.44787598 0.27246094,-0.3211111 0.022222223 0.25111112,-0.09 -11.29 1.29,92 92 96,27
151,01110011,00000000,0.6769409 -0.5131836 -0.45031738 0.2746582,-0.53444445 -0.12777779 0.34555554,6.03 -15.11 1.34,92 92 96,27
152,01110011,00000000,0.67352295 -0.53704834 -0.4348755 0.26226807,-0.57 1.1877778 0.3011111,5.76 -15.93 -0.92,93 91 96,27
153,01110011,00000000,0.671875 -0.5326538 -0.4260254 0.2522583,0.62777776 -6.826667 -11.38,3.04 -6.84 3.61,91 90 96,27
154,01110011,00000000,0.69104004 -0.5248413 -0.42541504 0.2565918,0.115555555 -0.03888889 0.14777778,1.95 -4.94 4.23,92 89 96,27
155,01110011,00000000,0.68969727 -0.5204468 -0.42993164 0.2616577,0.37 -0.59555554 -0.5466667,-0.13 -2.73 1.7,92 90 96,27
156,01110011,00000000,0.69366455 -0.5093384 -0.43255615 0.2687378,0.65555555 -0.08222222 0.63666666,4.69 -7.24 0.87,90 89 96,27
157,01110011,00000000,0.6939697 -0.5142822 -0.41363525 0.2874756,0.14444445 0.58555555 1.2044444,3.83 -14.11 3.97,91 92 96,27
158,01110011,00000000,0.685791 -0.5115967 -0.4091797 0.3168335,0.7122222 -1.22 0.91555554,5.65 -15.34 4.13,87 93 96,27
159,01110011,00000000,0.6786499 -0.5185547 -0.38763428 0.34643555,0.20666666 0.6011111 1.4077778,1.78 -12.96 3.78,95 97 96,27
160,01110011,00000000,0.677124 -0.526062 -0.37805176 0.34881592,-0.006666667 0.032222223 0.045555554,0.88 -8.64 0.57,90 99 96,27
161,01110011,00000000,0.68078613 -0.51849365 -0.38311768 0.34747314,0.25333333 -0.16111112 -0.48444444,1.75 -5.48 0.37,90 99 96,27
162,01110011,00000000,0.680603 -0.52075195 -0.38989258 0.336792,-0.77111113 0.11 -0.33888888,-222.33 -0.02 -0.01,90 98 96,27
163,01110011,00000000,0.673584 -0.5515747 -0.38500977 0.3060913,-1.68 1.6588889 -0.32555556,-1.53 -6.08 -0.56,91 99 96,27
164,01110011,00000000,0.6706543 -0.56689453 -0.37768555 0.293396,0.18333334 0.55444443 1.2388889,2.1 -8.5 -0.23,95 102 96,27
165,01110011,00000000,0.6769409 -0.5696411 -0.3255005 0.33343506,0.99333334 -0.38555557 1.6422222,-5.55 -10.58 4.56,91 103 96,27
166,01110011,00000000,0.6798096 -0.5643921 -0.3007202 0.35876465,1.2444445 1.2377778 1.3288889,1 -13.52 2.72,95 113 96,27
167,01110011,00000000,0.69854736 -0.5638428 -0.24005127 0.36914062,1.4777777 1.5644444 1.1677778,-4.62 -9.5 4.49,85 122 96,27
168,01110011,00000000,0.710083 -0.5620117 -0.20739746 0.36975098,0.07444444 0.63222224 0.06333333,-3.28 -6.9 2.83,74 131 96,27
169,01110011,00000000,0.7128296 -0.55804443 -0.21160889 0.36816406,0.34777778 0.11444444 -0.28666666,-0.62 -7.15 2.7,76 127 96,27
170,01110011,00000000,0.71875 -0.5488281 -0.19445801 0.36132812,0.97888887 0.2888889 -11.096666,-3.17 -7.05 3.89,78 123 96,27
171,01110011,00000000,0.7486572 -0.5319214 -0.18530273 0.34942627,1.0011111 0.93 -0.61333334,-0.63 -6.81 4.1,80 118 96,27
172,01110011,00000000,0.7686157 -0.51605225 -0.18414307 0.32989502,0.67 -0.31555554 -1.4222223,-3.44 -5.56 6.01,85 112 96,27
173,01110011,00000000,0.7751465 -0.50823975 -0.19116211 0.32263184,0.18666667 0.81666666 0.5288889,0.8 -8.58 4.33,83 104 96,27
174,01110011,00000000,0.7807007 -0.515625 -0.16455078 0.31219482,0.09777778 0.21222222 -0.5277778,-7.98 -7.58 6.63,81 104 96,27
175,01110011,00000000,0.7852783 -0.505249 -0.17590332 0.3114624,0.3588889 0.32666665 -0.06666667,2.4 -11.15 2.86,83 103 96,27
176,01110011,00000000,0.79577637 -0.5061035 -0.15252686 0.29534912,0.41 0.40111113 -0.23888889,-5.21 -8.33 4.62,84 102 96,27
177,01110011,00000000,0.802124 -0.48553467 -0.175354 0.29992676,0.41555557 -1.0444444 -0.89444447,-2.7 -7.2 4.37,86 101 96,27
178,01110011,00000000,0.81048584 -0.4743042 -0.1963501 0.2819214,0.18111111 -0.43666667 -1.3422222,-1.91 -6.49 3.2,81 98 96,27
179,01110011,00000000,0.8192749 -0.45855713 -0.2241211 0.2611084,0.11777778 -0.64555556 -1.6233333,-0.05 -0.35 -0.01,79 96 96,27
180,01110011,00000000,0.82891846 -0.45446777 -0.23773193 0.2230835,-0.49222222 1.1422222 -1.4533334,3.22 -6.37 3.37,74 95 96,27
181,01110011,00000000,0.8331299 -0.46514893 -0.23699951 0.18255615,-0.75333333 0.15777777 -1.6355555,-0.28 -7.23 4.8,87 100 96,27
182,01110011,00000000,0.82940674 -0.47180176 -0.25115967 0.16223145,-0.4722222 0.73 -0.19888888,3.12 -10.21 2.03,89 108 96,27
183,01110011,00000000,0.8409424 -0.47735596 -0.21313477 0.13928223,0.3011111 1.8922222 -0.21666667,-4.34 -8.41 4.23,91 107 96,27
184,01110011,00000000,0.84454346 -0.48065186 -0.2006836 0.1239624,-0.31555554 0.6388889 -0.16777778,0.35 -9.21 3.26,94 105 96,27
185,01110011,00000000,0.85180664 -0.48651123 -0.16748047 0.097717285,-0.052222222 1.8033333 -0.73333335,-3.26 -10.35 7.02,95 104 96,27
186,01110011,00000000,0.85272217 -0.48132324 -0.1907959 0.06817627,-0.29777777 -0.9622222 -1.8433334,0.34 -9.09 6.82,103 103 96,27
187,01110011,00000000,0.84375 -0.4804077 -0.23443604 0.033569336,-0.5411111 -0.96666664 -2.3066666,1 -7.95 4.47,91 106 96,27
188,01110011,00000000,0.8339844 -0.47735596 -0.27642822 -0.005432129,-0.54444444 -0.69777775 -2.201111,3.12 -8.29 3.26,77 113 96,27
189,01110011,00000000,0.8275757 -0.47247314 -0.29882812 -0.050720215,-0.58111113 0.07444444 -2.1511111,2.36 -7.77 4.66,69 119 96,27
190,01110011,00000000,0.8126831 -0.47729492 -0.31896973 -0.09899902,-1.28 0.34888887 -1.7655555,5.07 -7.86 4.85,73 125 96,27
191,01110011,00000000,0.80267334 -0.48553467 -0.32006836 -0.13183594,-0.63222224 0.52111113 -0.5733333,6.06 -7.85 7.01,79 137 96,27
192,01110011,00000000,0.79766846 -0.5 -0.3012085 -0.15136719,-1.0633334 0.85333335 -0.027777778,5.38 -10.07 4.76,83 135 96,27
193,01110011,00000000,0.7932129 -0.5130005 -0.2849121 -0.16223145,-0.6844444 0.6122222 0.21111111,5.35 -9.3 4.45,84 131 96,27
194,01110011,00000000,0.7874756 -0.5230713 -0.27514648 -0.17443848,-0.6522222 0.25333333 -0.23333333,2.91 -6.6 3.88,84 126 96,27
195,01110011,00000000,0.77716064 -0.53167725 -0.28009033 -0.18658447,-0.6122222 -0.025555555 -0.58111113,3.58 -5.87 1.94,85 124 96,27
196,01110011,00000000,0.7666626 -0.5394287 -0.28363037 -0.20147705,-0.62666667 -0.075555556 -0.54333335,3.46 -6.12 295.77,82 114 96,27
197,01110011,00000000,0.75439453 -0.5476074 -0.2942505 -0.21026611,-0.48444444 -0.36555555 -0.42666668,6.56 -6.14 -0.7,87 122 96,27
198,01110011,00000000,0.75531006 -0.54919434 -0.2826538 -0.21899414,-0.19555555 0.82555556 0.01,3.91 -6.24 0.61,87 121 96,27
199,01110011,00000000,0.7557373 -0.54473877 -0.28607178 -0.22375488,0.16 -0.07666667 -0.26555556,5.29 -6.36 3.13,88 118 96,27
200,01110011,00000000,0.7491455 -0.548645 -0.2783203 -0.24542236,-0.82666665 0.7266667 -0.6311111,4.57 -7.69 0.73,89 115 96,27
201,01110011,00000000,0.7539673 -0.54748535 -0.25830078 -0.25494385,-0.036666665 1.0788889 0.44555557,4.37 -11.11 1.92,93 116 96,27
202,01110011,00000000,0.76623535 -0.53466797 -0.22210693 -0.27844238,0.06666667 2.0722222 0.023333333,2.47 -9.63 4.88,90 114 96,27
203,01110011,00000000,0.7647095 -0.52630615 -0.20037842 -0.31304932,-0.42 1.5166667 -1.0866667,4.18 -7.04 3.92,90 112 96,27
204,01110011,00000000,0.7484741 0.00579834 0.0071411133 -0.009765625,-1.2166667 1.3333334 -1.3544445,6.96 -6.38 3.9,101 113 96,27
205,01110011,00000000,0.7492676 -0.5144043 -0.1899414 -0.37121582,0.5822222 0.043333333 -0.27333334,5.54 -5.92 4.77,112 122 96,27
206,01110011,00000000,0.74279785 -0.50860596 -0.19622803 -0.3885498,-0.22222222 0.13222222 -1.0722222,1.89 -3.84 6.28,110 118 96,27
207,01110011,00000000,0.7272339 -0.5155029 -0.23565674 -0.3869629,0.21333334 -1.6433333 -0.8522222,8.59 -4.47 2.39,109 117 96,27
208,01110011,00000000,0.73065186 -0.5058594 -0.21313477 -0.40582275,-0.27888888 2.2122223 0.027777778,10.71 -4.89 4.31,99 114 96,27
209,01110011,00000000,0.7424927 -0.4944458 -0.19854736 -0.40582275,0.51222223 0.14666666 0.5177778,8.81 -5.34 5.73,98 112 96,27
210,01110011,00000000,0.7611084 -0.48199463 -0.19073486 -0.38964844,0.83444446 0.46222222 0.97333336,6.96 -9.34 1.92,97 112 96,27
211,01110011,00000000,0.7783203 -0.47155762 -0.18469238 -0.3710327,0.6533333 0.04222222 0.86444443,2.21 -10.52 1.77,94 116 96,27
212,01110011,00000000,0.7750244 -0.47155762 -0.18414307 -0.37805176,-0.41333333 0.12666667 -0.6122222,-1.83 -7.52 3.02,94 118 96,27
213,01110011,00000000,0.7576294 -0.4817505 -0.18536377 -0.39935303,-0.8466667 0.062222224 -0.93777776,1.24 -6.46 4.02,8 -3723 -6657,27
214,01110011,00000000,0.73461914 -0.5135498 -0.19677734 -0.39715576,-1.1777778 -1.3744445 -0.21444444,3.29 -8.37 3.03,95 120 96,27
215,01110011,00000000,0.72021484 -0.5214844 -0.2052002 -0.40875244,-0.38555557 0.05111111 -0.6666667,7.84 -9.35 4.66,93 119 96,27
216,01110011,00000000,0.7237549 -0.51239014 -0.20648193 -0.41326904,0.25666666 0.15666667 -0.11333334,7.34 -6.49 8.78,93 118 96,27
217,01110011,00000000,0.7182617 -0.51867676 -0.20471191 -0.41601562,-0.56 -0.15222222 -0.12888889,6.55 -6.61 4.54,93 116 96,27
218,01110011,00000000,0.7076416 -0.5298462 -0.2142334 -0.4152832,-0.36 -0.6566667 -0.29222223,6.28 -4.9 0.7,93 114 96,27
219,01110011,00000000,0.6925049 -0.543396 -0.21643066 -0.42211914,-0.9022222 -0.17888889 -0.36,4.61 -3.09 0.2,92 113 96,27
220,01110011,00000000,0.6916504 -0.5383911 -0.23248291 -0.42138672,1.3311111 -0.48444444 -0.82,7.48 -4.98 4.53,92 113 96,27
221,01110011,00000000,0.70843506 -0.520813 0.007446289 -0.009765625,0.57555556 0.65 1.2266667,8.7 -3.03 8.64,90 104 96,27
222,01110011,00000000,0.7301636 -0.51239014 -0.2166748 -0.39660645,0.65444446 0.36666667 0.93222225,8.69 -6.69 3.85,85 108 96,27
223,01110011,00000000,0.7522583 -0.49969482 -0.20928955 -0.37469482,1.2833333 0.22666667 1.2311112,9.82 -7.05 1.7,84 111 96,27
224,01110011,00000000,0.7883911 -0.47009277 -0.19543457 -0.3451538,1.8122222 0.68333334 1.6411111,6.42 -5.42 3.8,83 120 96,27
225,01110011,00000000,0.81604004 -0.45178223 -0.18328857 -0.31030273,0.8711111 -0.054444443 1.6777778,4.37 -4.27 4.42,77 137 96,27
226,01110011,00000000,0.8288574 -0.4553833 -0.17266846 -0.27496338,-0.2211111 -0.29 1.4944445,3.03 -2.93 5.26,79 142 96,27
227,01110011,00000000,0.82940674 -0.47808838 -0.15332031 -0.24487305,-1.1244445 -0.6755555 1.5088888,1.28 -8.26 3.79,83 135 96,27
228,01110011,00000000,0.83258057 -0.48413086 -0.16381836 -0.2133789,1.0422223 -0.12444445 0.8488889,8.06 -10 4.66,91 120 96,27
229,01110011,00000000,0.8463745 -0.46636963 -0.1605835 -0.2006836,1.3322222 -0.66555554 0.22444445,4.34 -11.69 7.01,92 123 96,27
230,01110011,00000000,0.8574829 -0.43493652 -0.19091797 -0.19744873,1.4744444 -0.5788889 -1.21,6.07 -8.72 6.9,93 251 -2561,27
231,01110011,00000000,0.8547363 -0.411438 -0.22955322 -0.21746826,0.58666664 -1.23 -1.85,6.16 -4.39 7.24,89 108 96,27
232,01110011,00000000,0.83758545 -0.40411377 -0.2756958 -0.24291992,-0.096666664 -1.1133333 -1.8544445,7.17 0.22 4.92,75 100 96,27
233,01110011,00000000,0.8204346 -0.4052124 -0.31488037 -0.25183105,0.053333335 -1.91 -0.7311111,4.66 0.39 4.14,64 101 96,27
234,01110011,00000000,0.80737305 -0.41131592 -0.3515625 -0.23492432,0.6 -1.07 0.5411111,7.35 -4.33 1.15,58 100 96,27
235,01110011,00000000,0.8218384 -0.383667 -0.35845947 -0.22070312,1.4655555 -0.04888889 -0.28111112,9.12 -4.56 5.28,65 102 96,27
236,01110011,00000000,0.8278198 -0.3656006 -0.3729248 -0.20458984,1.2266667 -0.47111112 0.52111113,10.87 -6.07 4.84,68 99 96,27
237,01110011,00000000,0.84033203 -0.34625244 -0.37573242 -0.18084717,1.08 0.05111111 0.69666666,8.03 -5.52 4.15,72 103 96,27
238,01110011,00000000,0.84820557 -0.34222412 -0.37261963 -0.009765625,0.31555554 -0.3 0.8833333,3.81 -4.68 3.93,74 107 96,27
239,01110011,00000000,0.84625244 -0.35388184 -0.37329102 -0.13824463,-0.43888888 -0.31 0.79888886,2.41 -4.19 4.78,78 108 96,27
240,01110011,00000000,0.8444214 -0.37756348 -0.3616333 -0.11627197,-0.55777776 0.09555556 1.7466667,2.84 -7.51 4.66,81 104 96,27
241,01110011,00000000,0.8500366 -0.38909912 -0.34228516 -0.09307861,0.23333333 0.54 0.7688889,4.46 -7.93 8.22,81 97 96,27
242,01110011,00000000,0.8579712 -0.38537598 -0.3242798 -0.10058594,0.04111111 1.1655556 -0.34666666,7.57 -6.1 8,80 98 96,27
243,01110011,00000000,0.8635254 -0.375 -0.31451416 -0.12133789,0.21555555 0.27888888 -0.91333336,7.17 -4.66 5.49,84 98 96,27
244,01110011,00000000,0.857605 -0.36553955 -0.33459473 -0.13677979,0.11 -0.62 -1.0177778,6.57 -2 3.86,87 96 96,27
245,01110011,00000000,0.8510132 -0.35827637 -0.3531494 -0.15032959,0.014444444 -0.56666666 -0.8233333,4.62 -0.9 4.78,84 95 96,27
246,01110011,00000000,0.8413086 -0.35565186 -0.37994385 -0.14575195,0.29555556 -1.4177778 -0.03,4.05 -0.84 7.84,82 95 96,27
247,01110011,00000000,0.8411255 -0.36071777 -0.38012695 -0.13330078,0.09555556 1.0655556 0.85555553,8.88 -3.58 6.2,83 95 255,27
248,01110011,00000000,0.8562012 -0.35510254 -0.3538208 -0.12445068,0.50666666 0.37666667 0.2988889,8.58 -7.62 7.56,78 96 96,27
249,01110011,00000000,0.8635254 -0.3433838 -0.3491211 -0.12017822,0.5222222 0.5566667 0.027777778,9.76 -4.12 8.7,79 97 96,27
250,01110011,00000000,0.86932373 -0.33154297 -0.34674072 -0.11828613,0.4788889 -0.12555556 -0.04111111,7.42 -4.31 5.76,81 97 96,27
251,01110011,00000000,0.87023926 -0.32452393 -0.3517456 -0.1159668,0.2688889 -0.17333333 -0.14,4.02 -3.54 4.6,82 97 96,27
252,01110011,00000000,0.86834717 -0.32366943 -0.35723877 -0.11627197,-0.11777778 -0.16666667 0.0055555557,2.33 -3.85 5.65,83 97 96,27
253,01110011,00000000,0.87145996 -0.3307495 -0.34375 -0.11315918,-0.42666668 0.91888887 0.50222224,2.43 -5.3 6.23,84 97 96,27
254,01110011,00000000,0.87402344 -0.34594727 -0.31555176 -0.12963867,-1.0111111 1.2911111 -0.15111111,5.29 -4.1 6.89,82 95 96,27
255,01110011,00000000,0.87908936 -0.35229492 -0.28997803 -0.1373291,-0.21777777 0.9677778 0.29666665,7.01 -5 7.94,85 96 96,27
0,01110011,00000000,0.8796997 -0.35772705 -0.28076172 -0.13867188,-0.28777778 0.0011111111 0.15,6.65 -3.54 7.96,84 95 96,27
1,01110011,00000000,0.87628174 -0.3637085 -0.28961182 -0.12579346,0.09555556 -0.8 0.54444444,5.19 -5.43 5.85,85 95 96,27
2,01110011,00000000,0.8739624 -0.36798096 -0.29919434 -0.105773926,0.014444444 -0.65444446 0.75777775,3.77 -5.15 7.07,89 95 96,27
3,01110011,00000000,0.87768555 -0.3711548 -0.2929077 -0.078186035,0.47777778 0.3288889 1.2733333,3.35 -4.61 7.36,93 95 96,27
4,01110011,00000000,0.8858032 -0.37158203 -0.27044678 -0.06335449,0.017777778 0.6155556 0.67777777,2.7 -4.15 7.33,91 99 96,27
5,01110011,00000000,0.8862915 -0.37176514 -0.2701416 -0.05633545,0.12888889 -0.44555557 0.007777778,4.24 -5.6 5.4,89 99 96,27
6,01110011,00000000,0.8851929 -0.36846924 -0.2779541 -0.057739258,0.11333334 -0.17888889 -0.2588889,5.26 -5.26 5.5,90 99 96,27
7,01110011,00000000,0.88897705 -0.35864258 -0.2775879 -0.06225586,0.39666668 0.25 -0.27888888,4.95 -4.98 6.56,90 98 96,27
8,01110011,00000000,0.89282227 -0.34960938 -0.276062 -0.0657959,0.34 0.09111111 -0.13777778,5.32 -5.12 7.36,91 97 96,27
9,01110011,00000000,0.89941406 -0.3397827 -0.26812744 -0.060791016,0.51222223 0.44666666 0.27222222,4.93 -5.02 7.51,91 96 96,27
10,01110011,00000000,0.90112305 -0.33862305 -0.26391602 -0.05999756,-0.027777778 0.016666668 0.023333333,4.47 -4.99 6.79,91 97 96,27
11,01110011,00000000,0.89953613 -0.3435669 -0.26306152 -0.059631348,-0.26222223 0.044444446 0.08777778,3.94 -4.83 5.93,91 97 96,27
12,01110011,00000000,0.8983154 -0.3474121 -0.26202393 -0.059509277,-0.08222222 -0.02 0.046666667,3.91 -5.83 5.41,91 97 96,27
13,01110011,00000000,0.90045166 -0.34454346 -0.25836182 -0.05987549,0.15444444 0.2488889 0.01,4.16 -5.59 6.67,91 97 96,27
14,01110011,00000000,0.9036865 -0.3395996 -0.25317383 -0.06097412,0.20444444 0.25444445 -0.018888889,3.94 -4.83 7.94,91 97 96,27
15,01110011,00000000,0.9036865 -0.34014893 -0.25280762 -0.059936523,-0.06555556 -0.094444446 0.05888889,3.84 -5.49 7.24,91 97 96,27
16,01110011,00000000,0.90216064 -0.3427124 -0.25463867 -0.061279297,-0.13444445 -0.043333333 -0.08888889,3.86 -5.39 6.82,91 97 96,27
17,01110011,00000000,0.9016113 -0.34173584 -0.25720215 -0.06439209,-0.10888889 -0.14666666 -0.12888889,1.5 -5.4 6.54,91 97 96,27
18,01110011,00000000,0.90026855 -0.34161377 -0.26141357 -0.06530762,-0.04888889 -0.15666667 -0.07777778,4.18 -5.44 6.44,91 97 96,27
19,01110011,00000000,0.89971924 -0.34020996 -0.2654419 -0.06506348,0.01 -0.16888888 -0.007777778,4.2 -5.61 6.27,91 97 96,27
20,01110011,00000000,0.8986206 -0.340271 -0.2687378 -0.06573486,-0.06111111 -0.15111111 -0.115555555,3.7 -5.96 6.28,91 97 96,27
21,01110011,00000000,0.89611816 -0.34057617 -0.27661133 -0.06628418,-0.078888886 -0.41222224 -0.14,4 -5.58 6.18,91 97 96,27
22,01110011,00000000,0.8936157 -0.340271 -0.2843628 -0.068115234,-0.0033333334 -0.22333333 -0.22333333,4.48 -5.74 6.11,91 97 96,27
23,01110011,00000000,0.8930664 -0.3381958 -0.2878418 -0.0713501,0.04 -0.07777778 -0.15888889,4.64 -4.99 6.74,91 97 96,27
24,01110011,00000000,0.8942871 -0.33465576 -0.288208 -0.07086182,0.05111111 -0.027777778 0.043333333,4.57 -5.4 6.44,91 97 96,27
25,01110011,00000000,0.890625 -0.3322754 -0.28948975 -0.07080078,0.05 -1.1366667 31.285555,4.71 -5.43 6.36,91 97 96,27
26,01110011,00000000,0.89660645 -0.32678223 -0.28936768 -0.07397461,0.011111111 0.0011111111 -0.12,4.62 -5.16 6.62,91 97 96,27
27,01110011,00000000,0.89733887 -0.32244873 -0.29144287 -0.07550049,0.034444444 -0.06888889 -0.05666667,4.97 -5.26 6.52,91 97 96,27
28,01110011,00000000,0.8982544 -0.31848145 -0.2927246 -0.07672119,0.07444444 -0.031111112 -0.06888889,4.78 -5.16 6.42,91 97 96,27
29,01110011,00000000,0.89923096 -0.31451416 -0.29345703 -0.07904053,0.05111111 0.035555556 -0.086666666,4.98 -5.01 6.39,91 97 96,27
30,01110011,00000000,0.89971924 -0.31188965 -0.29418945 -0.08111572,0.05111111 -0.032222223 -0.12111111,4.71 -5.25 6.48,91 97 96,27
31,01110011,00000000,0.9003906 -0.30871582 -0.2946167 -0.08355713,0.0022222223 0.031111112 -0.09888889,4.94 -5.02 6.68,91 97 96,27
32,01110011,00000000,0.9008179 -0.30737305 -0.2944336 -0.0848999,-0.05888889 -0.06333333 -0.028888889,4.68 -4.98 6.67,91 97 96,27
33,01110011,00000000,0.90063477 -0.30773926 -0.29418945 -0.08618164,-0.09222222 0.07 -0.045555554,4.87 -5.01 6.4,91 97 96,27
34,01110011,00000000,0.9003296 -0.30841064 -0.29382324 -0.088256836,-0.053333335 0 -0.08555555,-82.25 -0.01 -0.01,91 97 96,27
35,01110011,00000000,0.90045166 -0.3078003 -0.293396 -0.09094238,0.013333334 0.09 -0.08444444,5.01 -5.08 6.19,91 97 96,27
36,01110011,00000000,0.901062 -0.30621338 -0.29248047 -0.09307861,0.0022222223 0.06666667 -0.033333335,5.06 -4.83 6.42,91 97 96,27
37,01110011,00000000,0.9019165 -0.30419922 -0.2915039 -0.094177246,0.025555555 0.09222222 0.007777778,4.98 -4.79 6.46,91 97 96,27
38,01110011,00000000,0.90289307 -0.30255127 -0.29016113 -0.09442139,0.052222222 0.045555554 0.006666667,4.86 -5.03 6.29,91 97 96,27
39,01110011,00000000,0.9036865 -0.3010254 -0.2892456 -0.09429932,0.07666667 0.075555556 -0.0033333334,4.91 -5.42 6.35,91 97 96,27
40,01110011,00000000,0.9047241 -0.29901123 -0.2880249 -0.09503174,0.072222225 0.04888889 -0.033333335,4.81 -5.26 6.59,91 97 96,27
41,01110011,00000000,0.9052124 -0.29718018 -0.288208 -0.09509277,0.04 -0.008888889 -0.017777778,5.01 -5.09 6.84,91 97 96,27
42,01110011,00000000,0.890625 -0.29681396 -0.2878418 -0.096069336,-0.024444444 0.04 -31.86111,4.87 -5.1 6.63,91 97 96,27
43,01110011,00000000,0.90527344 -0.29699707 -0.2876587 -0.09698486,-0.034444444 -0.0033333334 -0.04222222,4.74 -5.16 6.47,91 97 96,27
44,01110011,00000000,0.9047241 -0.29693604 -0.28881836 -0.09875488,0.0022222223 -0.06666667 -0.107777774,5.02 -5.21 6.39,91 97 96,27
45,01110011,00000000,0.90460205 -0.2965088 -0.28900146 -0.10058594,0.008888889 0.086666666 -0.045555554,5.22 -5.22 6.39,91 97 96,27
46,01110011,00000000,0.9047241 -0.29614258 -0.28863525 -0.10131836,-0.0033333334 -0.007777778 -0.012222222,5.07 -4.99 6.53,91 97 96,27
47,01110011,00000000,0.9049072 -0.29595947 -0.28833008 -0.101501465,0.016666668 0.036666665 0.013333334,5.05 -5.01 6.41,91 97 96,27
48,01110011,00000000,0.9055786 -0.29431152 -0.2880249 -0.10131836,0.10888889 0.09111111 0.008888889,5.3 -5.07 6.47,91 97 96,27
49,01110011,00000000,0.9069214 -0.29327393 -0.28485107 -0.10119629,-0.0044444446 0.12888889 0.062222224,4.8 -5.07 6.73,91 97 96,27
50,01110011,00000000,0.90722656 -0.2930298 -0.28460693 -0.099853516,0.04777778 -0.036666665 0.04111111,4.87 -5.02 6.61,91 97 96,27
51,01110011,00000000,0.90753174 -0.2925415 -0.28405762 -0.099731445,0.035555556 0.016666668 -0.037777778,4.65 -0.03 -0.01,91 97 96,27
52,01110011,00000000,0.9077759 -0.29156494 -0.2841797 -0.10015869,0.028888889 0.016666668 -0.013333334,4.82 -5.02 6.69,91 97 96,27
53,01110011,00000000,0.9085083 -0.29003906 -0.28356934 -0.099975586,0.072222225 0.023333333 0.006666667,4.88 -4.98 6.9,91 97 96,27
54,01110011,00000000,0.9089966 -0.28881836 -0.28338623 -0.099243164,0.031111112 0.022222223 0.05,5.19 -4.91 7.03,91 97 96,27
55,01110011,00000000,0.9093628 -0.28936768 -0.2822876 -0.097595215,-0.057777777 -0.012222222 0.13333334,4.88 -4.91 6.85,91 97 96,27
56,01110011,00000000,0.90911865 -0.2911377 -0.28216553 -0.09503174,-0.023333333 -0.02 0.094444446,4.79 -5.18 6.46,91 97 96,27
57,01110011,00000000,0.90893555 -0.29205322 -0.2824707 -0.09277344,0.024444444 -0.094444446 0.072222225,4.61 -5.29 6.42,91 97 96,27
58,01110011,00000000,0.9088745 -0.291687 -0.2833252 -0.09161377,0.03888889 0.012222222 0.0022222223,4.66 -5.15 6.53,91 97 96,27
59,01110011,00000000,0.9063721 -0.2906494 -0.28375244 -0.09118652,0.06555556 -0.054444443 -0.034444444,4.58 -5.11 6.63,91 97 96,27
60,01110011,00000000,0.9091797 -0.28955078 -0.28442383 -0.09240723,0.024444444 -0.027777778 -0.09222222,4.58 -5.07 6.74,91 97 96,27
61,01110011,00000000,0.90875244 -0.2886963 -0.28607178 -0.09362793,0.0055555557 -0.046666667 -0.06333333,4.88 -5.06 6.75,91 97 96,27
62,01110011,00000000,0.9081421 -0.28857422 -0.28771973 -0.09515381,-0.006666667 -0.04777778 -0.09555556,5.02 -5.21 6.58,91 97 96,27
63,01110011,00000000,0.90789795 -0.28845215 -0.2883911 -0.09625244,-0.008888889 0.043333333 -0.02,5.08 -5.09 6.49,91 97 96,27
64,01110011,00000000,0.907959 -0.28875732 -0.28735352 -0.09765625,-0.032222223 0.036666665 -0.062222224,4.83 -5.15 6.6,91 97 96,27
65,01110011,00000000,0.90802 -0.28875732 -0.28649902 -0.09991455,-0.012222222 0.072222225 -0.107777774,4.74 -5.2 6.65,91 97 96,27
66,01110011,00000000,0.90771484 -0.28894043 -0.2857666 -0.104003906,-0.08222222 0.013333334 -0.20444444,4.37 -5.14 6.72,91 97 96,27
67,01110011,00000000,0.90649414 -0.2878418 -0.28796387 -0.111694336,-0.04777778 0.02 -0.43,4.55 -5.06 6.35,91 97 96,27
68,01110011,00000000,0.904541 -0.28479004 -0.29187012 -0.12371826,0.04222222 -0.05 -0.62666667,4.97 -5.32 -244.55,9 97 96,27
69,01110011,00000000,0.9030762 -0.27886963 -0.2960205 -0.13763428,0.013333334 0.04777778 -0.71666664,5.16 -4.79 6.46,91 97 96,27
70,01110011,00000000,0.8999634 -0.2741089 -0.30004883 -0.15765381,-0.12888889 0.13666667 -1.0177778,5.14 -4.87 6.11,92 97 96,27
71,01110011,00000000,0.8970337 -0.26849365 -0.2984619 -0.18450928,-0.21777777 0.4911111 -1.0866667,4.69 -4.87 5.89,93 98 96,27
72,01110011,00000000,0.89434814 -0.26342773 -0.29156494 -0.21362305,-0.27333334 0.6844444 -1.1033334,3.97 -5.68 6.13,97 99 96,27
73,01110011,00000000,0.89367676 -0.25079346 -0.27575684 -0.24938965,-0.011111111 1.3344444 -1.6044445,2.71 -6.68 8.43,102 101 96,27
74,01110011,00000000,0.8850708 -0.23590088 -0.2685547 -0.2977295,-0.24555555 0.3311111 -2.1633334,1.82 -4.49 9.78,115 101 96,27
75,01110011,00000000,0.86932373 -0.23034668 -0.27264404 -0.34173584,-0.43444446 0.20888889 -1.85,4.75 -3.74 8.06,118 104 96,27
76,01110011,00000000,0.8539429 0.0095825195 0.007080078 -0.009765625,-0.85555553 1.0966667 -2.0366666,4.46 -3.94 6.48,118 108 96,27
77,01110011,00000000,0.83569336 -0.22064209 -0.2322998 -0.4459839,-1.0144445 1.3088889 -2.0511112,4.43 -5.47 5.7,130 118 96,27
78,01110011,00000000,0.80822754 -0.20166016 -0.2211914 -0.506958,-0.24111111 0.9433333 -2.9866667,3.82 -2.61 7.57,144 129 96,27
79,01110011,00000000,0.7681885 -0.18139648 -0.2175293 -0.57403564,-0.41333333 0.81666666 -3.2166667,6.41 0.82 8.92,157 130 96,27
80,01110011,00000000,0.7380371 -0.16345215 -0.20013428 -0.62316895,-0.5788889 1.1444445 -2.18,5.32 -0.07 7.02,168 135 96,27
81,01110011,00000000,0.71099854 -0.15026855 -0.1998291 -0.6571655,0.16333333 0.033333335 -1.7555555,4.98 0.87 8.53,177 139 96,27
82,01110011,00000000,0.6954956 -0.14648438 -0.2175293 -0.6688843,0.43555555 -0.55777776 -0.80333334,6.2 0.2 8.41,169 133 96,27
83,01110011,00000000,0.69158936 -0.110961914 -0.20678711 -0.6829834,0.60555553 2.0233333 -0.76111114,6.96 -4.16 9.58,159 127 96,27
