index,flag1,flag2,ori,avel,acce,mp,temp ( Big-Endian )
0,01100001,00000000,-0.017089844 -0.6333008 0.7713623 0.06097412,0.044444446 -0.055555556 0.026666667,0.44 -1.19 9.75,0 0 0,23
1,01100001,00000000,-0.019714355 -0.631897 0.7723999 0.060546875,-0.075555556 0.08555555 0.033333335,0.32 -1.16 9.81,0 0 0,23
2,01100001,00000000,-0.024230957 -0.6307373 0.7730713 0.06311035,-0.036666665 -0.0011111111 0.016666668,0.33 -1.2 9.61,0 0 0,23
3,01100001,00000000,-0.021240234 -0.6305542 0.7734375 0.061584473,0.08444444 -0.016666668 -0.0055555557,0.32 -1.14 9.74,0 0 0,23
4,01100001,00000000,-0.014160156 -0.6314087 0.77301025 0.059570312,0.09222222 0.013333334 -0.028888889,0.43 -1.16 9.71,0 0 0,23
5,01100001,00000000,-0.016174316 -0.6329346 0.7719116 0.05682373,-0.09222222 0.05 -0.026666667,0.38 -1.03 9.69,0 0 0,23
6,01100001,00000000,-0.023071289 -0.6335449 0.770874 0.061401367,-0.12555556 0.02 -0.0055555557,0.4 -1.2 9.7,0 0 0,23
7,01100001,00000000,-0.021362305 -0.6333008 0.77111816 0.062683105,0.07666667 -0.023333333 0.016666668,0.39 -1.18 9.74,0 0 0,23
8,01100001,00000000,-0.01373291 -0.6322632 0.7720947 0.06311035,0.075555556 -0.02 0.02111111,0.56 -1.16 9.6,0 0 0,23
9,01100001,00000000,-0.016113281 -0.6314087 0.7729492 0.06036377,-0.04777778 0.13222222 0.027777778,0.51 -1.14 9.8,0 0 0,23
10,01100001,00000001,1.000061 0 0 0,-0.014444444 0.055555556 0.018888889,0.42 -1.21 9.7,0 0 0,23
11,01100001,00000000,1 0.0008544922 -0.0017700195 0.00036621094,0.01 -0.11444444 0.007777778,0.45 -1.14 9.79,0 0 0,23
12,01100001,00000000,1 0.00079345703 -0.008178711 0.00024414062,0.0011111111 -0.054444443 -0.013333334,0.43 -1.19 9.67,0 0 0,23
13,01100001,00000000,1 0.001159668 -0.008117676 -0.0014038086,0.025555555 0.094444446 -0.033333335,0.48 -1.27 9.69,0 0 0,23
14,01100001,00000000,1 0.0032348633 -0.0024414062 -0.0031738281,0.031111112 0.11333334 -0.022222223,0.46 -1.15 9.66,0 0 0,23
15,01100001,00000000,1 0.0015869141 -0.0024414062 -0.0038452148,-0.062222224 -0.012222222 0.0044444446,0.48 -1.14 9.68,0 0 0,23
16,01100001,00000000,0.99993896 0.0006713867 -0.006225586 -0.0033569336,0.01 -0.046666667 0.02111111,0.47 -1.16 9.82,0 0 0,23
17,01100001,00000000,1 0.0018310547 -0.008483887 -0.0018310547,0.015555556 -0.05111111 0.026666667,0.49 -1.17 9.65,0 0 0,23
18,01100001,00000000,0.99993896 0.0025634766 -0.0056762695 -0.00030517578,-0.017777778 0.054444443 0.022222223,0.45 -1.16 9.69,0 0 0,23
19,01100001,00000000,1 -6.1035156E-05 -0.003479004 0.00091552734,-0.04888889 -0.0033333334 0.016666668,0.37 -1.2 9.74,0 0 0,23
20,01100001,00000000,1 0.00048828125 -0.0045776367 0.0018310547,0.031111112 -0.043333333 0.006666667,0.15 -1.17 9.71,0 0 0,23
21,01100001,00000000,0.99993896 0.0029296875 -0.008239746 0.0020141602,0.055555556 -0.025555555 -0.0033333334,0.3 -1.22 9.75,0 0 0,23
22,01100001,00000000,1 0.0048217773 -0.0061035156 0.0020751953,-0.008888889 0.086666666 0.0033333334,0.44 -1.13 9.73,0 0 0,23
23,01100001,00000000,1 0.0009765625 -0.0045166016 0.0020751953,-0.09888889 0.01 0.007777778,0.54 -1.15 9.63,0 0 0,23
24,01100001,00000000,1 -0.003112793 -0.007751465 0.0020751953,-0.033333335 -0.05888889 0.0055555557,0.47 -1.25 9.68,0 0 0,23
25,01100001,00000000,0.9845581 0.00012207031 -0.009887695 0.0021362305,0.12111111 -33.84889 -15.93,0.47 -1.21 9.77,0 0 0,23
26,01100001,00000000,0.99993896 0.0059814453 -0.008300781 0.0021972656,0.04777778 0.013333334 0.0011111111,0.43 -1.12 9.73,0 0 0,23
27,01100001,00000000,0.99993896 0.0040893555 -0.0056152344 0.0021972656,-0.09555556 -0.007777778 -0.0011111111,0.36 -1.15 9.73,0 0 0,23
28,01100001,00000000,1 0.0004272461 -0.0061035156 0.0021972656,-0.014444444 0.0011111111 0.0044444446,0.45 -1.19 9.65,0 0 0,23
29,01100001,00000000,0.99993896 0.0018310547 -0.009216309 0.0021972656,0.023333333 -0.06888889 0.01,0.52 -1.16 9.74,0 0 0,23
30,01100001,00000000,0.99993896 0.0012207031 -0.0107421875 0.0025634766,0.0022222223 0.07111111 0.017777778,0.52 -1.2 9.72,0 0 0,23
31,01100001,00000000,0.99993896 0.0025024414 -0.0078125 0.0036621094,0.07333333 0.032222223 0.024444444,0.64 -1.19 9.73,0 0 0,23
32,01100001,00000000,0.99993896 0.0040283203 -0.00390625 0.0051879883,-0.04 -0.026666667 0.028888889,0.36 -1.12 9.66,0 0 0,23
33,01100001,00000000,1 0.0005493164 -0.0075683594 0.00579834,-0.018888889 -0.027777778 0.0055555557,0.36 -1.26 9.83,0 0 0,23
34,01100001,00000000,0.99993896 0.0021362305 -0.009277344 0.0056152344,0.045555554 -0.027777778 -0.017777778,41.38 -2.56 -0.01,0 0 0,23
35,01100001,00000000,0.99993896 0.0026245117 -0.009216309 0.004333496,-0.008888889 0.008888889 -0.026666667,0.5 -1.2 9.67,0 0 0,23
36,01100001,00000000,1 0.001953125 -0.0071411133 0.0028686523,-0.011111111 -0.06888889 -0.025555555,0.59 -1.18 9.74,0 0 0,23
37,01100001,00000000,1 0.0012817383 -0.0045166016 0.0028686523,-0.035555556 -0.04 0.0022222223,0.44 -1.14 9.72,0 0 0,23
38,01100001,00000000,0.99993896 -0.0006713867 -0.003112793 0.003967285,-0.006666667 0.0055555557 0.026666667,0.28 -1.14 9.79,0 0 0,23
39,01100001,00000000,0.99993896 -0.00024414062 -0.008361816 0.0057373047,0.017777778 -0.107777774 0.024444444,0.31 -1.22 9.68,0 0 0,23
40,01100001,00000000,0.99993896 0.0031738281 -0.010559082 0.006958008,0.07333333 0.064444445 0.015555556,0.32 -1.25 9.81,0 0 0,23
41,01100001,00000000,0.99993896 0.0064697266 -0.005065918 0.00793457,0.0044444446 0.11777778 0.013333334,0.28 -1.17 9.76,0 0 0,23
42,01100001,00000000,0.9845581 0.0029907227 -0.0021972656 0.008972168,-0.08888889 0.0033333334 -14.792222,0.44 -1.15 9.59,0 0 0,23
43,01100001,00000000,0.99993896 -0.004760742 -0.006958008 0.0095825195,-0.072222225 -0.086666666 0.01,0.66 -1.28 9.68,0 0 0,23
44,01100001,00000000,0.99993896 0.00079345703 -0.008483887 0.009216309,0.17 -0.016666668 -0.015555556,0.52 -1.17 9.73,0 0 0,23
45,01100001,00000000,0.99993896 0.0076904297 -0.0064086914 0.0079956055,0.04222222 0.08 -0.023333333,0.39 -1.11 9.67,0 0 0,23
46,01100001,00000000,1 0.0022583008 -0.005004883 0.0067749023,-0.15777777 0.024444444 -0.012222222,0.46 -1.17 9.67,0 0 0,23
47,01100001,00000000,0.99993896 -0.0034179688 -0.0056152344 0.0059814453,0.0011111111 -0.025555555 -0.01,0.43 -1.24 9.79,0 0 0,23
48,01100001,00000000,0.99993896 0.0017700195 -0.0073242188 0.00592041,0.09 -0.03 0.0044444446,0.33 -1.19 9.68,0 0 0,23
49,01100001,00000000,0.99993896 0.002319336 -0.008300781 0.0065307617,-0.06888889 0.05888889 0.018888889,0.32 -1.13 9.72,0 0 0,23
50,01100001,00000000,0.99993896 0.0021972656 -0.0078125 0.007446289,0.104444444 0.12666667 0.02,0.48 -1.2 9.71,0 0 0,23
51,01100001,00000000,0.99993896 0.005554199 -0.005004883 0.007873535,-0.044444446 -0.0044444446 0.008888889,0.48 -1.15 -0.01,0 0 0,23
52,01100001,00000000,1 -0.0004272461 -0.006286621 0.0076904297,-0.08555555 0.064444445 -0.0044444446,0.58 -1.21 9.69,0 0 0,23
53,01100001,00000000,1 -0.0015258789 -0.004760742 0.00592041,0.023333333 0.022222223 -0.037777778,0.47 -1.23 9.72,0 0 0,23
54,01100001,00000000,1 0.0016479492 -0.005004883 0.0032348633,0.037777778 -0.096666664 -0.04777778,0.37 -1.17 9.8,0 0 0,23
55,01100001,00000000,1 0.003479004 -0.0068969727 0.0009765625,0.025555555 -0.012222222 -0.03,0.43 -1.17 9.7,0 0 0,23
56,01100001,00000000,0.99993896 0.0025634766 -0.0068969727 0.00036621094,-0.031111112 -0.026666667 0,0.41 -1.2 9.66,0 0 0,23
57,01100001,00000000,0.99993896 0.002319336 -0.006225586 0.0014648438,-0.0022222223 0.036666665 0.034444444,0.4 -1.14 9.68,0 0 0,23
58,01100001,00000000,1 6.1035156E-05 -0.0071411133 0.003967285,-0.05111111 0.011111111 0.053333335,0.51 -1.18 9.67,0 0 0,23
59,01110011,00000000,1 -0.00048828125 -0.0065307617 0.0048828125,-0.026666667 0.028888889 0.046666667,0.36 -1.15 9.72,0 0 0,23
60,01110011,00000000,1 -0.0007324219 -0.0065307617 0.005493164,-0.0055555557 -0.023333333 0.03888889,0.38 -1.24 9.81,5 5 5,23
61,01110011,00000000,0.9996338 0.009216309 -0.013793945 -0.020385742,1.5522223 -1.3 -3.768889,-3.26 -5.73 11.84,9 9 9,23
62,01110011,00000000,0.99316406 0.037841797 -0.045776367 -0.099975586,2.1522222 -2.4066668 -5.637778,3.43 2.82 8.41,19 0 12,23
63,01110011,00000000,0.97888184 0.037231445 -0.057861328 -0.19268799,-0.25111112 -1.14 -6.49,3.17 1.98 8.02,43 0 13,23
64,01110011,00000000,0.9546509 0.012512207 -0.05218506 -0.2927246,-2.238889 -0.30555555 -7.076667,2.37 -3.4 10.27,59 4 13,23
65,01110011,00000000,0.9192505 -0.00018310547 -0.045715332 -0.39093018,-0.5977778 0.10222222 -7.188889,1.83 -5.58 9.98,70 38 13,23
66,01110011,00000000,0.8737793 0.0134887695 -0.045166016 -0.48413086,0.65555555 0.3611111 -7.2555556,0.88 -3.34 9.95,71 48 12,23
67,01110011,00000000,0.8140259 0.023986816 -0.048217773 -0.5783081,0.08222222 -0.6244444 -7.866667,-1.29 0.61 9.59,65 41 11,23
68,01110011,00000000,0.7561035 0.0033569336 -0.057739258 -0.65185547,-1.3133334 -2.1188889 -5.867778,0.3 0.73 216.64,73 32 10,23
69,01110011,00000000,0.70202637 -0.027648926 -0.060913086 -0.70892334,-1.7433333 -1.5233333 -4.9344444,2.47 -0.98 9.26,103 51 9,23
70,01110011,00000000,0.6612549 -0.045898438 -0.055908203 -0.74658203,-1.2533333 -0.30888888 -3.5222223,3.11 -2.57 9.79,121 65 8,23
71,01110011,00000000,0.6225586 -0.05053711 -0.04498291 -0.77960205,-0.9722222 0.20666666 -3.2622223,0.1 -0.37 9.35,125 73 8,23
72,01110011,00000000,0.5932007 -0.06317139 -0.038269043 -0.8016968,-1.1077778 -0.7588889 -2.2922223,0.15 -0.38 9.49,125 80 8,23
73,01110011,00000000,0.57373047 -0.085754395 -0.03753662 -0.81365967,-1.1 -1.2655555 -1.0233333,0.45 -0.97 10,131 83 8,23
74,01110011,00000000,0.5686035 -0.09680176 -0.023071289 -0.8165283,-0.92 0.23666666 -0.093333334,4.2 -0.79 8.5,136 82 8,23
75,01110011,00000000,0.5698242 -0.085632324 0.0009765625 -0.8173218,-0.9622222 1.7277777 0.26222223,1.76 -0.85 9,138 83 9,23
76,01110011,00000000,0.56585693 0.006713867 0.006652832 -0.015197754,-0.68333334 1.5133333 -0.33666667,-0.55 -1.91 9.54,141 87 10,23
77,01110011,00000000,0.55926514 -0.06402588 0.026794434 -0.8260498,0.031111112 0.7633333 -0.48,1.73 -2.29 10.11,141 92 11,23
78,01110011,00000000,0.5493164 -0.04901123 0.030395508 -0.83361816,0.3188889 1.0788889 -0.8333333,1.5 -1.88 10.09,139 94 11,23
79,01110011,00000000,0.5313721 -0.028015137 0.041503906 -0.8456421,0.12777779 1.7222222 -1.4322222,2.41 -1.38 9.38,135 96 11,23
80,01110011,00000000,0.5041504 -0.0119018555 0.05419922 -0.8618164,-0.13444445 1.61 -2.1677778,-1.41 -2.01 9.92,128 100 11,23
81,01110011,00000000,0.47381592 -0.0044555664 0.059143066 -0.8786621,-0.02 0.7322222 -2.4177778,-0.11 -1.96 9.6,120 105 11,23
82,01110011,00000000,0.4428711 -0.0026245117 0.05822754 -0.8946533,0.23888889 0.14333333 -2.3933334,0.35 -1.75 9.87,115 107 10,23
83,01110011,00000000,0.41314697 -0.0014038086 0.05822754 -0.90875244,0.06555556 0.26555556 -2.3011112,1.71 -1.73 9.68,113 107 9,23
84,01110011,00000000,0.3857422 -0.0018920898 0.058166504 -0.92077637,0.006666667 0.043333333 -2.0911112,0.02 -1.32 8.96,111 108 8,23
85,01110011,00000000,0.3626709 -0.009155273 0.05279541 -0.9303589,0.24111111 -0.51666665 -1.7522222,-0.56 -1.38 9.93,246 -74 -15361,23
86,01110011,00000000,0.34674072 -0.019592285 0.04248047 -0.9367676,0.37666667 -0.8811111 -1.2655555,0.09 -1.28 9.63,110 107 6,23
87,01110011,00000000,0.3371582 -0.02734375 0.032104492 -0.9404907,0.5288889 -0.7922222 -0.7133333,0.89 -1.73 10.55,111 104 6,23
88,01110011,00000000,0.3320923 -0.03137207 0.023498535 -0.9423828,0.4722222 -0.3911111 -0.39222223,-0.11 -1.38 10.27,110 101 6,23
89,01110011,00000000,0.32958984 -0.033996582 0.015319824 -0.9433594,0.44333333 -0.39666668 -0.23444444,0.71 -1 9.57,109 100 6,23
90,01110011,00000000,0.3300171 -0.036254883 0.0076904297 -0.94317627,0.51555556 -0.35666665 0.04888889,0.62 -1.62 10.11,108 99 6,23
91,01110011,00000000,0.33239746 -0.03515625 0.0015258789 -0.9425049,0.40888888 -0.016666668 0.14,-0.17 -1.29 9.83,107 98 6,23
92,01110011,00000000,0.33465576 -0.028930664 -0.0009765625 -0.94189453,0.34111112 0.29777777 0.15222222,0.89 -0.7 8.86,106 98 6,23
93,01110011,00000000,0.33496094 -0.020141602 0.0064086914 -0.015197754,0.23 0.6333333 0.025555555,1.19 -1.5 9.99,105 98 6,23
94,01110011,00000000,0.33392334 -0.011779785 0.0020751953 -0.9425049,-0.034444444 0.61777776 -0.112222224,0.73 -1.29 9.59,104 99 6,23
95,01110011,00000000,0.3324585 -0.003479004 0.0072021484 -0.94311523,-0.078888886 0.6288889 -0.09111111,1.82 -0.61 9.38,104 100 6,23
96,01110011,00000000,0.3314209 0.004638672 0.013916016 -0.9433594,-0.25777778 0.77444446 -0.086666666,-0.15 -0.63 8.92,103 101 6,23
97,01110011,00000000,0.33129883 0.012451172 0.021972656 -0.94317627,-0.36666667 0.66555554 -0.03,-0.35 -0.78 9.46,103 103 6,23
98,01110011,00000000,0.33306885 0.016601562 0.02923584 -0.9423218,-0.32666665 0.4422222 0.14444445,0.63 -0.87 9.03,103 104 6,23
99,01110011,00000000,0.3388672 0.01763916 0.034057617 -0.94000244,-0.35777777 0.19888888 0.39222223,0.14 -0.97 9.58,103 105 6,23
100,01110011,00000000,0.34899902 0.01776123 0.037109375 -0.93621826,-0.19111112 -0.008888889 0.7677778,-0.28 -1.88 10.22,103 105 6,23
101,01110011,00000000,0.3635254 0.015686035 0.036987305 -0.9307251,-0.053333335 -0.107777774 1.0855556,1.45 -1.12 9.66,102 105 6,23
102,01110011,00000000,0.38250732 0.012573242 0.03363037 -0.9232178,0.055555556 -0.34444445 1.3844445,-0.53 -0.78 9.42,101 218 -13057,23
103,01110011,00000000,0.40515137 0.0087890625 0.027954102 -0.9137573,0.28 -0.4677778 1.7233334,-0.78 -0.49 9.15,99 104 8,23
104,01110011,00000000,0.4309082 0.005493164 0.021118164 -0.9020996,0.28 -0.40222222 1.95,0.59 -0.48 9.07,96 104 9,23
105,01110011,00000000,0.45855713 0.0040283203 0.014587402 -0.8885498,0.3311111 -0.38555557 2.1544445,-0.69 -0.56 9.28,93 104 10,23
106,01110011,00000000,0.48693848 0.0025024414 0.009216309 -0.87335205,0.29666665 -0.26222223 2.2844443,0.03 -0.49 9.57,90 104 11,23
107,01110011,00000000,0.51641846 0.0018310547 0.0049438477 -0.85632324,0.15777777 -0.19 2.3688889,0.2 -0.26 8.82,88 104 12,23
108,01110011,00000000,0.5460205 0.0025634766 0.003112793 -0.83776855,0.15333334 -0.08444444 2.4955556,-0.07 -0.55 9.79,87 104 13,23
109,01110011,00000000,0.56536865 0.0043945312 0.0026855469 -0.8248291,0.13333334 0.2211111 2.4388888,0.23 -1.14 10.23,86 104 15,23
110,01110011,00000000,0.6010132 0.010925293 0.0020141602 -0.013977051,0.19555555 0.25555557 2.298889,0.54 -1.49 10.53,87 105 16,23
111,01110011,00000000,0.62493896 0.015014648 0.0015258789 -0.7805176,0.2188889 0.22555555 2.181111,-0.81 -1.27 10.71,88 106 18,23
112,01110011,00000000,0.6470947 0.018493652 0.00018310547 -0.76220703,0.14444445 0.17666666 2.02,-0.09 -0.76 9.32,88 107 19,23
113,01110011,00000000,0.6670532 0.02331543 -0.00018310547 -0.7446289,0.23555556 0.20777778 1.91,-0.77 -0.41 9.3,88 107 20,23
114,01110011,00000000,0.6845093 0.027954102 -0.00036621094 -0.7285156,0.22444445 0.31666666 1.6888889,-0.71 -1.29 10.27,88 108 21,23
115,01110011,00000000,0.7001953 0.030639648 -0.00091552734 -0.71325684,0.083333336 0.104444444 1.5144445,-0.18 -1.23 10.17,88 109 22,23
116,01110011,00000000,0.7154541 0.030761719 -0.001159668 -0.69799805,0.04888889 -0.0033333334 1.5455556,1.14 -0.58 9.27,88 109 23,23
117,01110011,00000000,0.7310791 0.02935791 -0.0006713867 -0.6816406,-0.16111112 0.04 1.5488889,-0.1 -0.38 9.28,87 108 24,23
118,01110011,00000000,0.74749756 0.027954102 0.0015258789 -0.6636963,-0.2188889 0.023333333 1.6944444,0.3 -0.96 9.48,87 107 25,23
119,01110011,00000000,0.76452637 0.02557373 0.0048217773 -0.64404297,-0.2777778 0.14 1.8277777,-0.17 0.02 8.67,87 106 255,23
120,01110011,00000000,0.78240967 0.022949219 0.0076293945 -0.6222534,-0.36888888 0.054444443 1.9322222,-1.33 -0.97 9.86,88 105 29,23
121,01110011,00000000,0.8007202 0.019958496 0.010070801 -0.5985718,-0.2688889 -0.023333333 2.1144445,-0.61 -0.36 9.29,89 103 31,23
122,01110011,00000000,0.81933594 0.0178833 0.0126953125 -0.572876,-0.28555554 0.13666667 2.2066667,0.77 -1.07 9.96,89 101 33,23
123,01110011,00000000,0.8312988 0.01763916 0.015136719 -0.55529785,-0.22555555 0.19666667 2.2177777,-0.43 -1.52 10.23,90 100 35,23
124,01110011,00000000,0.85339355 0.018554688 0.020874023 -0.5205078,-0.12444445 0.29555556 2.1644444,0.48 -0.91 9.64,91 99 37,23
125,01110011,00000000,0.86846924 0.018737793 0.021972656 -0.49493408,-0.12222222 0.107777774 2.0511112,-0.61 -0.92 10.21,92 99 39,23
126,01110011,00000000,0.8823242 0.019470215 0.021362305 -0.4697876,0.043333333 -0.07 2.0322223,-0.17 -1.65 10.57,92 99 41,23
127,01110011,00000000,0.8946533 0.020935059 0.019836426 -0.44580078,0.11666667 0.026666667 1.8966666,0.58 -0.93 9.62,91 99 43,23
128,01110011,00000000,0.90563965 0.022888184 0.018310547 -0.4230957,0.08777778 -0.034444444 1.7411112,-0.41 -0.75 10.15,90 99 45,23
129,01110011,00000000,0.9152832 0.023376465 0.01586914 -0.40167236,0.12888889 -0.14 1.6755556,0.02 -1.42 10.36,89 99 47,23
130,01110011,00000000,0.92437744 0.023132324 0.011779785 -0.38061523,0.033333335 -0.19 1.5866667,-0.29 -0.79 9.78,88 99 48,23
131,01110011,00000000,0.9328613 0.022216797 0.008361816 -0.359375,0.017777778 -0.28444445 1.6,-0.01 -0.6 9.89,87 98 49,23
132,01110011,00000000,0.94091797 0.020568848 0.005004883 -0.33789062,-0.0044444446 -0.19222222 1.6255555,-0.09 -1.49 10.59,86 97 50,23
133,01110011,00000000,0.9486084 0.018554688 0.0020141602 -0.31585693,-0.12222222 -0.21 1.5988889,-0.18 -0.52 9.44,85 96 52,23
134,01110011,00000000,0.95581055 0.015563965 -0.00012207031 -0.29345703,-0.10555556 -0.22777778 1.6777778,1.01 -1.19 9.81,85 95 53,23
135,01110011,00000000,0.9625244 0.012939453 -0.0012817383 -0.270813,-0.15888889 -0.03888889 1.6544445,0.28 -0.68 9.9,84 94 55,23
136,01110011,00000000,0.9685669 0.010437012 -0.0012207031 -0.24847412,-0.19222222 -0.05888889 1.6288888,-0.17 -1.42 10.6,84 93 57,23
137,01110011,00000000,0.97369385 0.0076904297 -0.00061035156 -0.22772217,-0.14777778 0.027777778 1.5588889,1 -1.17 10.23,84 92 58,23
138,01110011,00000000,0.9777832 0.0056762695 0.00030517578 -0.20947266,-0.21444444 0.06555556 1.33,0.62 -1.64 10.56,85 92 59,23
139,01110011,00000000,0.9807739 0.004211426 0.0017089844 -0.19494629,-0.09888889 0.03 1.0933334,-0.61 -0.85 9.44,86 92 60,23
140,01110011,00000000,0.98291016 0.0033569336 0.0032348633 -0.18414307,-0.11111111 0.14444445 0.79,-0.12 -0.66 9.27,86 92 61,23
141,01110011,00000000,0.9840088 0.0025634766 0.0052490234 -0.17797852,-0.09888889 0.07333333 0.45444444,-0.35 -1.3 10.14,87 92 62,23
142,01110011,00000000,0.9842529 0.0018920898 0.0056762695 -0.1765747,-0.064444445 0.07444444 0.07777778,1.22 -1.08 9.4,87 92 63,23
143,01110011,00000000,0.98376465 0.00079345703 0.0052490234 -0.17907715,-0.07777778 -0.09555556 -0.20888889,0.34 -1.15 9.4,87 92 64,23
144,01110011,00000000,0.98327637 -0.00024414062 0.004333496 -0.18225098,-0.08444444 -0.08777778 -0.38333333,0.8 -0.6 8.75,87 92 65,23
145,01110011,00000000,0.9816284 -0.0026855469 0.0006713867 -0.19067383,-0.07333333 -0.27333334 -0.5,0 -1.04 9.21,87 92 65,23
146,01110011,00000000,0.9801636 -0.0045166016 -0.0036010742 -0.19812012,-0.06888889 -0.26666668 -0.56333333,0.78 -1.37 10.15,88 91 65,23
147,01110011,00000000,0.97857666 -0.0064697266 -0.008300781 -0.20568848,-0.031111112 -0.40222222 -0.5277778,0.29 -1.93 10.48,89 90 65,23
148,01110011,00000000,0.97698975 -0.00793457 -0.013122559 -0.21276855,-0.06666667 -0.31444445 -0.53555554,0.29 -1.49 10,90 89 65,23
149,01110011,00000000,0.97528076 -0.008850098 -0.015808105 -0.22009277,0.014444444 -0.22555555 -0.49333334,0.41 -1.02 9.77,91 88 65,23
150,01110011,00000000,0.9741821 -0.009399414 -0.015563965 -0.22509766,-0.07111111 -0.06888889 -0.5877778,0.5 -0.61 9.44,91 87 65,23
151,01110011,00000000,0.97125244 -0.009643555 -0.016479492 -0.23736572,0.016666668 -0.017777778 -0.6711111,0.47 -0.82 9.42,91 87 65,23
152,01110011,00000000,0.9686279 -0.009765625 -0.016296387 -0.24768066,-0.06666667 -0.0055555557 -0.7888889,-0.46 -1.29 9.55,91 87 65,23
153,01110011,00000000,0.9532471 -0.010192871 -0.015625 -0.25524902,-0.06333333 -36.40889 -16.783333,1.95 -1.59 10.17,91 87 65,23
154,01110011,00000000,0.963501 -0.011291504 -0.014221191 -0.26715088,-0.12222222 0.086666666 -0.90444446,1.23 -1.83 10.49,91 87 65,23
155,01110011,00000000,0.9585571 -0.012573242 -0.0107421875 -0.2843628,-0.11777778 0.21777777 -0.9577778,1.11 -1.42 9.85,91 87 65,23
156,01110011,00000000,0.95428467 -0.013793945 -0.007873535 -0.2984619,-0.12777779 0.12666667 -1.0011111,0.86 -1.69 9.87,91 88 65,23
157,01110011,00000000,0.94970703 -0.015197754 -0.0059814453 -0.3128662,-0.19777778 0.15111111 -1.0855556,1.03 -0.76 9.26,91 88 65,23
158,01110011,00000000,0.94470215 -0.016784668 -0.0036621094 -0.3274536,-0.12888889 0.12222222 -1.0733334,0.84 -1.13 9.35,91 89 65,23
159,01110011,00000000,0.9394531 -0.018005371 -0.0016479492 -0.34210205,-0.18 0.14444445 -1.148889,-0.01 -1.17 9.21,91 90 65,23
160,01110011,00000000,0.934021 -0.019714355 -0.00036621094 -0.3567505,-0.094444446 0.086666666 -1.0888889,0.93 -1.97 10.66,91 91 65,23
161,01110011,00000000,0.9284668 -0.020568848 -0.00036621094 -0.3708496,-0.075555556 -0.04888889 -1.0755556,1.15 -1.07 9.08,91 91 65,23
162,01110011,00000000,0.9227905 -0.021240234 -0.0015258789 -0.38476562,0.006666667 -0.033333335 -1.0333333,128.89 -0.03 -0.01,92 91 65,23
163,01110011,00000000,0.91711426 -0.020935059 -0.002319336 -0.39813232,0.026666667 -0.075555556 -1.0144445,0.09 -1.85 10.07,92 91 64,23
164,01110011,00000000,0.913208 -0.020385742 -0.0029296875 -0.4069214,0.05111111 0.04 -1.0477778,1.53 -0.8 9.05,92 91 63,23
165,01110011,00000000,0.90527344 -0.018615723 -0.0036010742 -0.42437744,0.10555556 0.0033333334 -1.0144445,0.58 -1.17 9.28,92 91 62,23
166,01110011,00000000,0.899292 -0.016845703 -0.0038452148 -0.43701172,0.06555556 0.09555556 -1.0355556,-0.12 -0.95 8.92,92 91 61,23
167,01110011,00000000,0.89276123 -0.015136719 -0.003967285 -0.45025635,0.16222222 0.04111111 -1.0488889,0.77 -2.19 10.64,92 91 60,23
168,01110011,00000000,0.8864136 -0.013427734 -0.004333496 -0.46258545,0.072222225 0.04 -1.0177778,0.73 -1.48 10.07,92 91 59,23
169,01110011,00000000,0.88031006 -0.012451172 -0.004272461 -0.47418213,0.112222224 0.036666665 -0.8977778,1.11 -1.53 9.65,92 91 58,23
170,01110011,00000000,0.875 -0.011291504 -0.003112793 -0.48388672,-0.018888889 0.09888889 1.4211111,0.83 -1.73 10.06,92 91 58,23
171,01110011,00000000,0.8701782 -0.010803223 -0.001159668 -0.4925537,0.013333334 0.14222223 -0.6611111,-0.1 -1.15 9.69,92 91 58,23
172,01110011,00000000,0.86590576 -0.010314941 0.00061035156 -0.5001221,-0.09111111 0.11333334 -0.62777776,-0.84 -1.17 9.53,92 91 58,23
173,01110011,00000000,0.8619385 -0.010559082 0.0025024414 -0.50683594,-0.03888889 0.09555556 -0.5188889,-0.19 -1.09 9.52,92 91 58,23
174,01110011,00000000,0.85876465 -0.0107421875 0.004211426 -0.51220703,-0.14 0.11111111 -0.47444445,1.29 -0.97 9.13,92 91 58,23
175,01110011,00000000,0.85583496 -0.011291504 0.0065307617 -0.5170288,-0.06666667 0.096666664 -0.38333333,0.71 -1.12 9.33,92 91 58,23
176,01110011,00000000,0.85357666 -0.0115356445 0.008178711 -0.520813,-0.11666667 0.12555556 -0.35666665,0.36 -0.96 8.98,92 91 58,23
177,01110011,00000000,0.85150146 -0.011352539 0.00982666 -0.5241089,0.01 0.053333335 -0.25666666,1.05 -0.77 9.18,92 91 58,23
178,01110011,00000000,0.8497925 -0.0107421875 0.010314941 -0.52685547,0 0.09222222 -0.25777778,0.37 -1.29 9.82,92 91 58,23
179,01110011,00000000,0.8480835 -0.010009766 0.010437012 -0.5296631,0.08 -0.033333335 -0.20555556,0.17 -1.85 -0.01,92 91 58,23
180,01110011,00000000,0.84661865 -0.0107421875 0.013305664 -0.5319214,0.03 0.028888889 -0.2211111,0.89 -1.37 9.79,92 91 58,23
181,01110011,00000000,0.84490967 -0.009216309 0.012878418 -0.53466797,0.12 -0.033333335 -0.18888889,-0.58 -1.04 9.4,92 91 58,23
182,01110011,00000000,0.8430786 -0.00793457 0.01159668 -0.5375366,0.12888889 0.011111111 -0.23111111,-0.33 -0.71 9.04,92 91 58,23
183,01110011,00000000,0.84161377 -0.006958008 0.00970459 -0.53985596,0.11333334 -0.1388889 -0.18111111,-0.88 -1.5 9.9,92 91 58,23
184,01110011,00000000,0.8404541 -0.005859375 0.007446289 -0.5418091,0.16 -0.05 -0.13333334,0.28 -0.96 9.69,92 91 58,23
185,01110011,00000000,0.8394165 -0.0045776367 0.006164551 -0.543396,0.078888886 -0.06555556 -0.15666667,0.58 -1.13 9.14,92 91 58,23
186,01110011,00000000,0.8383789 -0.003540039 0.0049438477 -0.545105,0.14333333 -0.0033333334 -0.12888889,1.14 -0.83 9.01,92 91 58,23
187,01110011,00000000,0.8282471 -0.0026245117 0.0037841797 -0.5463257,0.046666667 -0.054444443 -0.13444445,0.78 -1.09 9.54,92 91 58,23
188,01110011,00000000,0.83709717 -0.0024414062 0.0030517578 -0.54711914,0.09777778 -0.02111111 -0.036666665,-0.28 -1.7 10.26,92 91 58,23
189,01110011,00000000,0.83709717 -0.002319336 0.005126953 -0.54693604,-0.013333334 0.04888889 -0.013333334,0.3 -1.28 9.84,92 91 58,23
190,01110011,00000000,0.8373413 -0.0015258789 0.007019043 -0.54663086,0.036666665 0.12666667 0.078888886,1.19 -1.6 10.12,92 91 58,23
191,01110011,00000000,0.8374634 -0.00024414062 0.009399414 -0.54644775,-0.07444444 0.20111111 0.022222223,-0.02 -0.83 9.04,92 91 58,23
192,01110011,00000000,0.83721924 0.0017089844 0.013977051 -0.5466919,-0.017777778 0.3 0.036666665,-0.13 -0.96 9.33,92 92 58,23
193,01110011,00000000,0.83618164 0.00579834 0.02319336 -0.5479126,-0.17 0.74 -0.1,1.47 -1.8 9.92,92 93 58,23
194,01110011,00000000,0.83251953 0.01171875 0.039001465 -0.5524292,-0.23222223 1.1144445 -0.36,0.87 -1.21 9.71,92 95 58,23
195,01110011,00000000,0.8256836 0.017944336 0.058410645 -0.56085205,-0.40444446 1.4588889 -0.7677778,1.27 -1.83 9.61,91 98 57,23
196,01110011,00000000,0.81500244 0.023864746 0.07720947 -0.5737915,-0.32 1.3088889 -1.17,0.21 -1.81 -146.16,80 5 56,23
197,01110011,00000000,0.80181885 0.027404785 0.09460449 -0.58935547,-0.38222224 1.2455555 -1.4511111,-0.54 -1.46 10.42,86 108 55,23
198,01110011,00000000,0.788147 0.025634766 0.11425781 -0.604187,-0.79888886 1.0588889 -1.471111,0.31 -1.12 10.01,83 113 54,23
199,01110011,00000000,0.77770996 0.016052246 0.13226318 -0.6142578,-1.18 0.7322222 -1.1155555,-0.55 -1.68 10.45,82 119 53,23
200,01110011,00000000,0.77593994 -0.00030517578 0.13952637 -0.6151123,-1.2733333 -0.3 -0.31444445,-0.61 -1.7 9.94,83 125 52,23
201,01110011,00000000,0.78118896 -0.013000488 0.13336182 -0.6097412,-0.53555554 -1.6377778 0.7922222,-1.32 -1.37 9.29,87 126 51,23
202,01110011,00000000,0.8067627 -0.03668213 0.09350586 -0.5823364,0.23333333 -2.7622223 1.9366666,-0.64 -1.76 9.53,86 122 51,23
203,01110011,00000000,0.8353882 -0.050231934 0.048217773 -0.545166,0.95666665 -3.48 3.0766666,0.3 -1.1 10.32,76 117 52,23
204,01110011,00000000,0.8684082 0.00024414062 0.008056641 -0.011230469,1.0344445 -3.8633332 4.1844444,-1.77 1.04 9.99,55 114 53,23
205,01110011,00000000,0.9038696 -0.09112549 -0.0501709 -0.41497803,0.25111112 -4.1355557 5.618889,-0.25 0 10.53,25 112 55,23
206,01110011,00000000,0.9381714 -0.11956787 -0.08917236 -0.31243896,-0.06666667 -3.9044445 7.411111,0.01 -1.33 10.11,3 106 57,23
207,01110011,00000000,0.96520996 -0.13409424 -0.116760254 -0.19158936,0.62333333 -2.9622223 8.488889,1.27 -2.44 10.51,4 105 59,23
208,01110011,00000000,0.98065186 -0.13183594 -0.12738037 -0.068481445,1.4877778 -1.7955556 8.46,1.09 -0.78 9.68,4 104 61,23
209,01110011,00000000,0.9837036 -0.11975098 -0.12713623 0.04284668,1.9022223 -0.8755556 7.653333,-0.71 -1.56 10.03,4 106 63,23
210,01110011,00000000,0.9786377 -0.09857178 -0.121276855 0.13348389,2.2133334 -0.50666666 6.111111,0.1 -1.23 9.6,4 112 65,23
211,01110011,00000000,0.97106934 -0.06689453 -0.11224365 0.19995117,2.988889 -0.18777777 3.7633333,-0.32 -2.09 10.29,4 121 68,23
212,01110011,00000000,0.96606445 -0.022949219 -0.101623535 0.2364502,3.558889 -0.12 1.4688889,1.64 -2.32 10.48,4 130 70,23
213,01110011,00000000,0.9663696 0.023925781 -0.09295654 0.2387085,3.1377778 -0.19777778 -0.9711111,1.31 -0.34 9.33,240 -637 767,23
214,01110011,00000000,0.9724121 0.057250977 -0.080322266 0.21148682,1.7333333 0.5988889 -2.7255557,3.49 0.09 9.65,4 126 73,23
215,01110011,00000000,0.98217773 0.06500244 -0.061401367 0.16503906,-0.07444444 1.1977777 -3.6877778,0.38 0.13 9.53,4 120 74,23
216,01110011,00000000,0.99438477 0.042785645 -0.03100586 0.09106445,-1.4133333 1.6388888 -4.03,2.16 -1.2 10.04,4 119 74,23
217,01110011,00000000,0.99902344 0.010437012 -0.015258789 0.039245605,-2.2333333 1.1711111 -3.66,0.12 -1.27 11.02,4 123 74,23
218,01110011,00000000,0.9994507 -0.030029297 -0.016540527 0.0022583008,-2.931111 -0.052222222 -2.5611112,-1.19 -0.46 10.46,5 140 73,23
219,01110011,00000000,0.99676514 -0.07397461 -0.030395508 -0.008911133,-3.1244445 -0.94666666 -0.82222223,-0.28 -0.97 10.93,16 152 73,23
220,01110011,00000000,0.9926758 -0.11328125 -0.041503906 0.007080078,-2.7166667 -0.9633333 1.2288889,2.23 -1.21 9.86,30 151 73,23
221,01110011,00000000,0.98895264 -0.13922119 0.0036010742 -0.011230469,-1.7655555 0.36222222 2.4133334,1.85 -2.66 9.96,39 138 74,23
222,01110011,00000000,0.9869995 -0.14562988 -0.0067749023 0.06750488,-0.34888887 1.5844444 2.3055556,2.74 -3.41 10.02,50 128 76,23
223,01110011,00000000,0.9883423 -0.13018799 0.017028809 0.07763672,1.2722223 1.48 0.95666665,-1.13 -3.81 10.21,63 128 78,23
224,01110011,00000000,0.9932251 -0.09631348 0.026123047 0.059570312,2.47 0.5411111 -1.1088889,0.19 -3.3 9.21,67 132 79,23
225,01110011,00000000,0.998291 -0.05340576 0.023498535 0.009033203,3.1155555 -0.052222222 -3.5344443,0.69 -3.22 9.45,63 126 79,23
226,01110011,00000000,0.9967041 -0.015625 0.027832031 -0.074523926,2.838889 0.5777778 -5.768889,1.43 -1.7 8.71,58 103 78,23
227,01110011,00000000,0.9817505 0.0045776367 0.05053711 -0.18328857,1.5077778 1.7855556 -7.67,3.19 -2.53 8.44,47 72 76,23
228,01110011,00000000,0.9476929 0.011230469 0.084350586 -0.30767822,0.40555555 2.5244443 -9.025556,-0.56 -4.82 8.88,19 55 73,23
229,01110011,00000000,0.89019775 0.0134887695 0.11260986 -0.4411621,0.38 2.1777778 -10.204445,-0.34 -5.33 9.02,4 57 72,23
230,01110011,00000000,0.8092041 0.009216309 0.12805176 -0.5733032,0.46333334 1.3955555 -10.856667,-1.3 -3.67 8.77,4 60 -15873,23
231,01110011,00000000,0.7105713 -0.010925293 0.13311768 -0.69085693,-0.18777777 0.23 -10.878889,-0.69 -2.18 9.78,4 60 72,23
232,01110011,00000000,0.6057129 -0.05041504 0.12750244 -0.78375244,-0.95555556 -1.1822222 -10.216666,-1.18 -2.1 9.79,4 69 66,23
233,01110011,00000000,0.5048218 -0.09063721 0.117492676 -0.8503418,-0.8488889 -1.3544445 -8.327778,2.46 -2.6 9.44,35 89 60,23
234,01110011,00000000,0.41296387 -0.1171875 0.10913086 -0.8965454,-0.63666666 -0.8477778 -7.4122224,2.16 -2.8 9.24,63 102 54,23
235,01110011,00000000,0.33026123 -0.12945557 0.10180664 -0.9293823,-0.37333333 -0.044444446 -6.3522224,1.25 -2.58 9.22,81 111 49,23
236,01110011,00000000,0.25732422 -0.13397217 0.09094238 -0.95269775,0.15888889 0.20777778 -5.3722224,1.56 -2.87 9.14,86 117 44,23
237,01110011,00000000,0.19085693 -0.13427734 0.077697754 -0.9692993,0.30444443 0.30666667 -4.8744445,2.23 -2.2 9.84,87 117 40,23
238,01110011,00000000,0.1281128 -0.128479 0.072631836 -0.0119018555,-0.052222222 0.72555554 -4.448889,1.41 -0.52 8.42,87 116 36,23
239,01110011,00000000,0.06890869 -0.113708496 0.07867432 -0.9879761,-0.84444445 1.4966667 -4.0544443,0.87 -1.5 9.14,85 119 32,23
240,01110011,00000000,0.013183594 -0.09094238 0.092041016 -0.9915161,-1.2622222 1.9533334 -3.6333334,1.9 -2.38 9.39,79 130 28,23
241,01110011,00000000,-0.03894043 -0.066467285 0.10461426 -0.9915161,-1.18 2.1344445 -3.3511112,0.78 -2.75 9.11,72 144 24,23
242,01110011,00000000,-0.087890625 -0.044555664 0.11340332 -0.98864746,-0.96 1.8144444 -3.2155557,0.3 -2.18 9.07,60 151 31,23
243,01110011,00000000,-0.13317871 -0.023254395 0.121276855 -0.9833374,-0.78555554 1.7422222 -2.958889,1.28 -1.72 8.9,51 155 38,23
244,01110011,00000000,-0.17401123 -0.0015869141 0.12939453 -0.9761963,-0.87333333 1.7066667 -2.5733333,1.54 -3.19 9.99,44 157 44,23
245,01110011,00000000,-0.21099854 0.0178833 0.13311768 -0.9682007,-0.3511111 1.5555556 -2.3855555,0.01 -3.37 9.84,40 159 50,23
246,01110011,00000000,-0.24609375 0.03112793 0.12902832 -0.960083,0.2188889 1.19 -2.4244444,0.81 -3.29 10.07,37 157 56,23
247,01110011,00000000,-0.28289795 0.036987305 0.119506836 -0.95098877,0.49888888 0.9488889 -2.5744445,-0.69 -2.99 10.1,34 152 255,23
248,01110011,00000000,-0.32489014 0.036621094 0.10876465 -0.93878174,0.78 0.50666666 -2.9944444,-0.14 -2.14 9.6,32 146 66,23
249,01110011,00000000,-0.37200928 0.029968262 0.09777832 -0.9225464,0.85333335 0.27333334 -3.49,-0.22 -2.67 9.81,31 137 70,23
250,01110011,00000000,-0.4263916 0.022399902 0.084472656 -0.9003296,1.028889 0.19111112 -4.1222224,0.96 -2.77 9.82,31 127 74,23
251,01110011,00000000,-0.48791504 0.015991211 0.070739746 -0.86987305,0.9411111 0.39222223 -5.0444446,-0.33 -2.42 9.17,31 115 77,23
252,01110011,00000000,-0.55462646 0.010986328 0.05822754 -0.82995605,0.83444446 0.44444445 -5.4511113,1.4 -2.49 9.28,28 104 79,23
253,01110011,00000000,-0.62194824 0.005859375 0.048950195 -0.78149414,0.5511111 0.39777777 -5.8433332,0.16 -2.57 9.64,25 94 81,23
254,01110011,00000000,-0.6859741 0.0024414062 0.042297363 -0.72631836,0.39444444 0.3588889 -5.937778,-0.26 -2.16 9.52,23 87 82,23
255,01110011,00000000,-0.74365234 0.00061035156 0.03869629 -0.66748047,0.10888889 0.22888888 -5.7966666,0.46 -2.08 9.48,21 83 83,23
0,01110011,00000000,-0.791626 0.0014038086 0.038024902 -0.60980225,-0.20888889 0.19111112 -5.3055553,1.49 -2.1 9.45,22 82 83,23
1,01110011,00000000,-0.8296509 0.004211426 0.040771484 -0.5567627,-0.42 0.14 -4.5688887,-0.84 -1.85 9.99,24 84 83,23
2,01110011,00000000,-0.85717773 0.0076293945 0.047180176 -0.51275635,-0.5322222 -0.17555556 -3.6522222,-0.11 -1.7 10.1,27 88 83,23
3,01110011,00000000,-0.8753052 0.010864258 0.053100586 -0.48059082,-0.5 -0.18777777 -2.5677779,0 -1.51 9.68,33 91 84,23
4,01110011,00000000,-0.88604736 0.014709473 0.056396484 -0.4598999,-0.43 -0.034444444 -1.6622223,0.66 -1.28 9.93,38 92 85,23
5,01110011,00000000,-0.89123535 0.018920898 0.057800293 -0.44940186,-0.37 0.12888889 -0.75666666,0.66 -1.33 9.89,42 92 86,23
6,01110011,00000000,-0.8925171 0.020568848 0.056640625 -0.44702148,-0.10222222 0.20111111 -0.15777777,0.18 -1.56 9.75,45 92 87,23
7,01110011,00000000,-0.8912964 0.021118164 0.052124023 -0.44995117,0.09111111 0.29777777 0.3011111,0.4 -1.32 9.08,48 91 89,23
8,01110011,00000000,-0.88848877 0.019897461 0.0435791 -0.4564209,0.3588889 0.43666667 0.46555555,0.72 -1.43 9.23,50 91 91,23
9,01110011,00000000,-0.8858032 0.015197754 0.03149414 -0.46276855,0.65444446 0.59 0.50333333,0.71 -1.3 9.37,52 91 93,23
10,01110011,00000000,-0.8841553 0.0087890625 0.018676758 -0.4666748,0.81 0.6077778 0.23,-0.13 -0.91 9.02,53 92 95,23
11,01110011,00000000,-0.883728 0.0020751953 0.0073242188 -0.4678955,0.7733333 0.51666665 0.107777774,0.35 -1.49 10.01,53 93 96,23
12,01110011,00000000,-0.88397217 -0.0031738281 -0.0021972656 -0.46759033,0.6666667 0.4488889 -0.07,-0.53 -0.7 9.29,53 94 97,23
13,01110011,00000000,-0.88397217 -0.0068969727 -0.010314941 -0.46740723,0.51555556 0.39444444 0.03,-0.5 -0.94 9.7,53 95 98,23
14,01110011,00000000,-0.8831177 -0.009521484 -0.015563965 -0.46881104,0.37777779 0.25333333 0.10222222,-0.78 -1 9.85,54 96 99,23
15,01110011,00000000,-0.88067627 -0.012084961 -0.017700195 -0.47332764,0.23111111 0.045555554 0.4211111,1.1 -0.91 9.9,55 97 100,23
16,01110011,00000000,-0.8756714 -0.015808105 -0.016540527 -0.48236084,0.20666666 -0.16555555 0.7322222,0.15 -0.91 9.5,56 97 101,23
17,01110011,00000000,-0.8675537 -0.021240234 -0.012573242 -0.49664307,0.20111111 -0.4288889 1.1988889,0.01 -2.45 9.85,57 97 102,23
18,01110011,00000000,-0.8555908 -0.025878906 -0.0068969727 -0.5169678,0.10555556 -0.4511111 1.6566666,0.43 -0.29 9.49,57 96 104,23
19,01110011,00000000,-0.83880615 -0.026733398 -0.00079345703 -0.5437622,-0.14666666 -0.35444444 2.2655556,0.28 -0.51 10.01,56 95 106,23
20,01110011,00000000,-0.8170166 -0.024230957 0.005004883 -0.5760498,-0.3288889 -0.15 2.7244444,-0.4 -0.99 10.26,56 93 108,23
21,01110011,00000000,-0.7897949 -0.020080566 0.010131836 -0.6129761,-0.39777777 -0.07666667 3.248889,0.62 -1.41 10.44,57 91 110,23
22,01110011,00000000,-0.7573242 -0.016235352 0.012145996 -0.65270996,-0.22333333 0.11888889 3.5711112,-1.23 -0.67 9.51,59 88 113,23
23,01110011,00000000,-0.7218628 -0.012817383 0.009765625 -0.6918335,-0.01 0.29555556 3.721111,-0.46 -1.18 10.29,62 87 116,23
24,01110011,00000000,-0.6849365 -0.009155273 0.0045166016 -0.7285156,0.13777778 0.47555557 3.6122222,-0.5 -0.55 9.79,65 88 119,23
25,01110011,00000000,-0.6560669 -0.007385254 -0.0009765625 -0.7606201,0.22333333 -5.121111 -12.232223,-1.37 -0.69 9.6,69 90 122,23
26,01110011,00000000,-0.6151123 -0.008056641 -0.0059814453 -0.78845215,0.33222222 0.18333334 3.0766666,0.89 -0.47 9.07,72 92 125,23
27,01110011,00000000,-0.5830078 -0.010375977 -0.010681152 -0.8123169,0.36777776 0.11444444 2.8433332,-0.02 -0.86 9.69,73 94 128,23
28,01110011,00000000,-0.5540161 -0.013305664 -0.015014648 -0.8322754,0.36333334 0.03 2.4677777,1.5 -0.57 9.46,73 96 131,23
29,01110011,00000000,-0.5272217 -0.015136719 -0.016723633 -0.84942627,0.17555556 0.014444444 2.2044444,-0.74 -0.52 9.78,73 98 133,23
30,01110011,00000000,-0.5005493 -0.014465332 -0.013977051 -0.8654785,-0.18444444 0.012222222 2.171111,-1.18 -0.15 9.52,73 99 135,23
31,01110011,00000000,-0.47113037 -0.01171875 -0.00592041 -0.881897,-0.65444446 -0.09111111 2.4722223,0.15 -0.59 9.59,74 98 137,23
32,01110011,00000000,-0.43615723 -0.0079956055 0.0049438477 -0.8998413,-0.77444446 -0.12222222 2.7277777,0.11 -1.27 10.3,76 94 139,23
33,01110011,00000000,-0.39569092 0.00061035156 0.014282227 -0.9182739,-0.79 0.26444444 3.1122222,-0.06 -0.14 8.8,78 89 142,23
34,01110011,00000000,-0.35253906 0.013000488 0.023498535 -0.93536377,-0.95 0.5511111 3.291111,95.88 -2.55 -0.01,82 85 145,23
35,01110011,00000000,-0.3088379 0.014770508 0.030029297 -0.9505615,-0.5222222 -0.14888889 3.268889,-0.64 -2.05 10.33,88 80 148,23
36,01110011,00000000,-0.26690674 0.0025634766 0.024414062 -0.96343994,0.6388889 -0.8333333 3.08,0.53 -2.47 10.16,89 76 151,23
37,01110011,00000000,-0.23138428 -0.016418457 0.008605957 -0.9727173,1.4777777 -1.0655556 2.5566666,0.2 -1.55 9.89,83 78 154,23
38,01110011,00000000,-0.20233154 -0.036071777 -0.0020141602 -0.9786377,1.1133333 -1.2133334 1.9977778,0.66 0.65 9.7,74 83 157,23
39,01110011,00000000,-0.17272949 -0.0423584 0.0015258789 -0.9840088,-0.09888889 -0.4488889 2.1177778,1.66 0 9.88,67 85 159,23
40,01110011,00000000,-0.14447021 -0.030578613 0.0099487305 -0.9890137,-0.69222224 0.74333334 2.0755556,1.97 -1.97 9.85,65 84 161,23
41,01110011,00000000,-0.12487793 -0.010864258 0.004333496 -0.99212646,0.24555555 1.4577777 1.47,0.84 -3.77 10.19,70 83 163,23
42,01110011,00000000,-0.125 0.00030517578 -0.01184082 -0.9926758,1.0866667 0.9222222 -17.352222,-2 -1.99 10.05,74 87 165,23
43,01110011,00000000,-0.12670898 -0.0041503906 -0.01928711 -0.99176025,0.58444446 -0.25 -0.55,-0.74 0.41 10.11,73 90 166,23
44,01110011,00000000,-0.1315918 -0.018371582 -0.0068969727 -0.99108887,-0.73777777 -1.1577778 -0.34,0.63 1.42 8.77,73 89 167,23
45,01110011,00000000,-0.12310791 -0.023254395 0.018615723 -0.99194336,-1.7522222 -0.63666666 0.6844444,2.31 0.16 9.35,76 87 168,23
46,01110011,00000000,-0.10430908 -0.007873535 0.04119873 -0.99365234,-1.7166667 0.8744444 1.4333333,3.07 -2.39 9.36,79 83 169,23
47,01110011,00000000,-0.08856201 0.013427734 0.048217773 -0.994812,-0.6377778 1.4633334 1.1711111,-1.31 -3.2 10.03,86 79 171,23
48,01110011,00000000,-0.082214355 0.019165039 0.042419434 -0.99554443,0.37333333 0.43666667 0.46555555,-3.23 -2.32 10.05,91 80 173,23
49,01110011,00000000,-0.08300781 0.008300781 0.030883789 -0.9960327,0.9177778 -0.7544444 -0.052222222,0.58 -1.37 10.03,91 81 174,23
50,01110011,00000000,-0.08758545 -0.0005493164 0.024658203 -0.9958496,0.50333333 -0.6122222 -0.31666666,0.61 0.62 8.92,89 79 175,23
51,01110011,00000000,-0.094055176 0.0009765625 0.028686523 -0.9951782,-0.32555556 0.11 -0.4422222,1.82 -0.49 -0.01,88 77 176,23
52,01110011,00000000,-0.10040283 0.0022583008 0.03515625 -0.99432373,-0.5 0.08111111 -0.47444445,-0.79 -2.5 10.46,89 77 177,23
53,01110011,00000000,-0.107421875 -0.005432129 0.031555176 -0.9937134,0.33 -0.5222222 -0.51555556,-0.69 -2.5 10.27,90 77 177,23
54,01110011,00000000,-0.11773682 -0.016296387 0.020324707 -0.9927368,0.90555555 -0.67777777 -0.75,1.34 -1.28 9.47,90 75 177,23
55,01110011,00000000,-0.13018799 -0.024291992 0.013977051 -0.99108887,0.48666668 -0.47333333 -0.94,0.16 -0.2 9.79,88 72 177,23
56,01110011,00000000,-0.14129639 -0.031982422 0.01550293 -0.98931885,-0.057777777 -0.5477778 -0.84,-0.16 -1.04 10.26,87 71 177,23
57,01110011,00000000,-0.14709473 -0.035827637 0.016845703 -0.9883423,-0.07444444 -0.3511111 -0.5733333,0.82 -0.87 9.57,87 70 177,23
58,01110011,00000000,-0.15789795 -0.034118652 0.016113281 -0.98669434,0.024444444 0.20555556 -0.5933333,1.45 -1.33 9.5,87 70 177,23
59,01110011,00000000,-0.171875 -0.028808594 0.017944336 -0.9852295,-0.19888888 0.39444444 -0.71555555,1.42 -1.34 10.29,86 71 177,23
60,01110011,00000000,-0.1776123 -0.02722168 0.022094727 -0.9834595,-0.34 0.064444445 -0.6755555,1.01 -1.08 9.38,85 73 177,23
61,01110011,00000000,-0.18469238 -0.02758789 0.02734375 -0.9819946,-0.37555555 -0.072222225 -0.5277778,-0.35 -0.71 9.44,85 74 177,23
62,01110011,00000000,-0.18933105 -0.024108887 0.034179688 -0.98101807,-0.51666665 0.16 -0.29222223,0.89 -1.05 9.27,85 74 177,23
63,01110011,00000000,-0.19244385 -0.016357422 0.040527344 -0.9803467,-0.57666665 0.47333333 -0.16,1.26 -1.78 9.17,86 75 177,23
64,01110011,00000000,-0.19506836 -0.011169434 0.04522705 -0.9796753,-0.39333335 0.34333333 -0.18222222,-0.39 -2.17 9.78,87 76 177,23
65,01110011,00000000,-0.19580078 -0.018615723 0.050048828 -0.979187,-0.2211111 -0.56666666 -0.04888889,-1.95 -1.16 9.17,88 76 177,23
66,01110011,00000000,-0.18658447 -0.042907715 0.05883789 -0.9797363,-0.24444444 -1.8388889 0.55,-1.99 0.52 8.38,88 74 177,23
67,01110011,00000000,-0.15802002 -0.07873535 0.079589844 -0.9810791,-0.8433333 -2.8755555 1.8533334,-1.46 1.69 9.12,86 69 178,23
68,01110011,00000000,-0.10247803 -0.10864258 0.1104126 -0.982666,-1.4766667 -2.8666666 3.8966668,2.34 -0.29 9.96,8 0 179,23
69,01110011,00000000,-0.031188965 -0.09613037 0.13720703 -0.9854126,-1.3311111 0.12222222 5.308889,5.52 -1.06 9.61,56 39 181,23
70,01110011,00000000,0.029785156 -0.04309082 0.15551758 -0.9864502,-0.93 3.161111 4.8966665,0.94 -2.51 10.56,59 24 184,23
71,01110011,00000000,0.06866455 0.007446289 0.15661621 -0.9852295,0.104444444 3.1077778 3.2466667,-1.37 -4.43 11.56,94 30 176,23
72,01110011,00000000,0.085754395 0.04058838 0.13922119 -0.9857178,1.3777778 1.9633334 1.5588889,0.4 -2.6 10.27,113 45 168,23
73,01110011,00000000,0.081604004 0.072631836 0.11260986 -0.98760986,2.1144445 2.0711112 0.09111111,0.86 -1.49 11.04,113 60 160,23
74,01110011,00000000,0.057434082 0.105163574 0.09893799 -0.987854,1.2633333 2.4011111 -1.3711112,-0.24 -0.47 10.63,105 70 151,23
75,01110011,00000000,0.02508545 0.12414551 0.08929443 -0.98791504,0.89444447 1.4833333 -2.0822222,-0.65 -2.86 10.72,92 76 142,23
76,01110011,00000000,-0.020385742 0.00024414062 0 -0.008056641,2.7744443 1.3155556 -2.7066667,2.69 -5.47 10.48,80 79 133,23
77,01110011,00000000,-0.08917236 0.16760254 0.012451172 -0.98168945,3.738889 2.3233333 -4.2744446,-0.61 -2.83 9.97,71 66 135,23
78,01110011,00000000,-0.14727783 0.1819458 -0.011169434 -0.97216797,3.2444444 1.6966667 -5.881111,-2.07 -2.64 10.2,49 41 135,23
79,01110011,00000000,-0.27972412 0.18170166 -0.0423584 -0.94177246,2.8633332 0.12888889 -6.8766665,-1.81 -3.29 11.03,29 10 135,23
80,01110011,00000000,-0.3847046 0.17352295 -0.05883789 -0.9046631,2.7177777 -0.10666667 -7.4266667,1.71 -3.05 9.95,28 0 134,23
81,01110011,00000000,-0.49273682 0.16894531 -0.07598877 -0.8502197,2.738889 0.41555557 -8.1877775,0.83 -3.91 10.65,30 0 133,23
82,01110011,00000000,-0.59942627 0.16833496 -0.095947266 -0.7766113,2.8811111 0.9588889 -8.626667,-0.13 -3.91 10.11,24 0 131,23
83,01110011,00000000,-0.7017212 0.16973877 -0.11199951 -0.6828003,2.671111 1.1622223 -9.453333,-0.82 -3.38 9.91,8 0 128,23
84,01110011,00000000,-0.7942505 0.17388916 -0.11920166 -0.5697632,2.1122222 1.148889 -9.953333,-0.1 -3.34 9.81,4 0 126,23
85,01110011,00000000,-0.869812 0.18475342 -0.12017822 -0.44140625,1.45 1.4022223 -10.342222,0.99 -3.14 8.56,43 -1738 11775,23
86,01110011,00000000,-0.92456055 0.19708252 -0.11895752 -0.3036499,1.0488889 1.6777778 -10.264444,0.69 -3.88 8.49,4 1 122,23
87,01110011,00000000,-0.9593506 0.20245361 -0.11437988 -0.1595459,1.2155555 1.52 -10.241111,0.26 -5.65 9.05,4 4 120,23
88,01110011,00000000,-0.9752197 0.19329834 -0.107177734 -0.011962891,1.9688889 1.3877778 -10.172222,-0.47 -5.04 7.93,4 6 118,23
89,01110011,00000000,-0.97021484 0.16937256 -0.10253906 0.1395874,2.7155557 1.7844445 -10.342222,1 -5.39 8.95,4 5 116,23
90,01110011,00000000,-0.94036865 0.1385498 -0.09838867 0.2946167,2.9266667 2.0988889 -10.66,0.16 -4.98 9.12,4 4 114,23
91,01110011,00000000,-0.8838501 0.10882568 -0.09136963 0.4456787,2.431111 1.99 -11.092222,-0.71 -3.67 8.42,4 4 112,23
92,01110011,00000000,-0.8017578 0.08215332 -0.09020996 0.58496094,1.6566666 2.5944445 -11.082222,1.47 -3.87 9.26,4 4 110,23
93,01110011,00000000,-0.6972046 0.05810547 0.0031738281 -0.009765625,0.43555555 3.518889 -10.865556,0.99 -4.08 9.01,4 6 109,23
94,01110011,00000000,-0.576416 0.04046631 -0.13269043 0.80529785,-0.4288889 3.3011112 -10.497778,0.04 -3.76 8.86,4 10 108,23
95,01110011,00000000,-0.4510498 0.032592773 -0.15472412 0.87835693,-0.6433333 2.4288888 -9.626667,-0.44 -4.34 9.98,4 15 107,23
96,01110011,00000000,-0.2919922 0.03277588 -0.17523193 0.93963623,-0.72333336 1.7344445 -8.706667,-0.11 -3.5 9.56,4 21 105,23
97,01110011,00000000,-0.18579102 0.035217285 -0.18652344 0.9641113,-0.74222225 1.4322222 -7.463333,0.8 -3 9.87,4 28 103,23
98,01110011,00000000,-0.09680176 0.041503906 -0.19494629 0.9751587,-0.6788889 0.91888887 -6.2633333,-0.8 -2.08 9.34,4 35 101,23
99,01110011,00000000,-0.02746582 0.051696777 -0.19897461 0.9782715,-0.5511111 0.26555556 -4.8977776,0.21 -3.2 10.59,4 45 97,23
100,01110011,00000000,0.024963379 0.05480957 -0.19439697 0.97906494,0.11444444 0.5133333 -3.6333334,2.27 -2.74 9.3,9 59 89,23
101,01110011,00000000,0.06744385 0.046203613 -0.1819458 0.97991943,0.69 1.2144444 -2.8588889,1.34 -2.62 9.72,8 55 93,23
102,01110011,00000000,0.103027344 0.03161621 -0.16394043 0.9805298,1.1866666 1.6266667 -2.2222223,-0.1 -2.85 10.05,4 228 15615,23
103,01110011,00000000,0.1373291 0.015380859 -0.14263916 0.9800415,1.26 1.6477778 -2.1777778,1.45 -2.09 9.52,4 52 97,23
104,01110011,00000000,0.17230225 0 -0.12231445 0.97735596,1.1888889 1.64 -2.3522222,0.08 -1.14 9.32,4 52 98,23
105,01110011,00000000,0.20758057 -0.01550293 -0.107788086 0.97216797,0.7133333 1.5322223 -2.3544445,-0.09 -1.98 10.36,4 52 99,23
106,01110011,00000000,0.24053955 -0.030029297 -0.09967041 0.96502686,0.3122222 1.4055556 -2.2255557,0.17 -1.37 9.47,4 53 100,23
107,01110011,00000000,0.26660156 -0.04071045 -0.09661865 0.95806885,0.0033333334 0.9866667 -1.8655555,-0.38 -1.6 10.2,4 54 102,23
108,01110011,00000000,0.2838745 -0.045288086 -0.09490967 0.95306396,-0.006666667 0.49555555 -1.1766666,-0.98 -2.07 10.53,6 56 105,23
109,01110011,00000000,0.29248047 -0.045654297 -0.092163086 0.9507446,0.18888889 0.12888889 -0.62333333,0.03 -1.46 9.83,10 57 108,23
110,01110011,00000000,0.29241943 -0.04119873 -0.08709717 -0.0072021484,0.39444444 -0.16444445 -0.011111111,-0.27 -1.29 9.8,15 56 111,23
111,01110011,00000000,0.28497314 -0.033569336 -0.07696533 0.954834,0.81222224 -0.38777778 0.5688889,1.19 -1.43 9.43,19 55 114,23
112,01110011,00000000,0.27496338 -0.021484375 -0.062927246 0.9591675,1.2722223 -0.48222223 0.75777775,0.6 -1.72 9.68,21 55 117,23
113,01110011,00000000,0.2626953 -0.009399414 -0.0423584 0.9638672,1.6088889 -0.50333333 0.86333334,0.56 -1.41 10,21 56 120,23
114,01110011,00000000,0.25109863 0.0026855469 -0.018554688 0.96777344,1.8633333 -0.41777778 0.9266667,-0.32 -1.18 9.69,20 58 123,23
115,01110011,00000000,0.24053955 0.01574707 0.0052490234 0.97052,1.8866667 -0.46444446 0.6755555,-0.27 -0.41 9.24,18 62 126,23
116,01110011,00000000,0.23022461 0.028503418 0.024780273 0.9724121,1.5344445 -0.53555554 0.7544444,0.16 0 9.39,16 65 129,23
117,01110011,00000000,0.21765137 0.038757324 0.036987305 0.9746094,1.0488889 -0.48666668 0.8466667,0.34 0.48 8.91,15 68 132,23
118,01110011,00000000,0.20196533 0.044921875 0.042297363 0.977478,0.46222222 -0.28 1.1366667,0.32 -0.86 9.99,14 71 135,23
119,01110011,00000000,0.18182373 0.04736328 0.040405273 0.9813843,-0.018888889 -0.11888889 1.4388889,0.27 -0.48 9.51,15 73 255,23
120,01110011,00000000,0.15484619 0.047729492 0.032592773 0.9862671,-0.4911111 -0.037777778 1.95,0.2 -0.3 9.56,17 75 141,23
121,01110011,00000000,0.12017822 0.043640137 0.020874023 0.99157715,-0.7355555 0.26222223 2.488889,0.91 -0.31 8.99,20 75 144,23
122,01110011,00000000,0.07910156 0.034362793 0.007385254 0.9962158,-0.93 0.59444445 2.9355555,0.29 -0.81 9.74,25 73 147,23
123,01110011,00000000,0.03326416 0.021728516 -0.005859375 0.99920654,-0.8755556 0.86333334 3.2555556,-0.24 -0.97 9.37,33 70 150,23
124,01110011,00000000,-0.014587402 0.0072631836 -0.015991211 0.99975586,-0.68777776 0.94222224 3.411111,0.81 -1.55 10.23,43 67 154,23
125,01110011,00000000,-0.062561035 -0.007446289 -0.021606445 0.99780273,-0.34666666 1.0144445 3.3755555,-0.28 -1.28 9.75,53 66 147,23
126,01110011,00000000,-0.10913086 -0.021850586 -0.024230957 0.9935303,-0.14 0.9222222 3.3244445,-1.56 -1.05 10.01,62 68 140,23
127,01110011,00000000,-0.15734863 -0.033325195 -0.024841309 0.98669434,-0.08555555 0.7633333 3.3888888,-1.04 -0.95 9.72,69 71 134,23
128,01110011,00000000,-0.20959473 -0.042175293 -0.020812988 0.97662354,0.26555556 0.46666667 3.7533333,-1.42 -0.98 10.15,74 74 128,23
129,01110011,00000000,-0.2675171 -0.049621582 -0.012756348 0.96221924,0.44444445 0.37888888 4.2055554,-0.11 -0.37 9.52,76 78 123,23
130,01110011,00000000,-0.33184814 -0.054870605 -0.001953125 0.9417114,0.60555553 0.15222222 4.786667,-0.39 -0.64 9.69,77 83 119,23
131,01110011,00000000,-0.4017334 -0.057128906 0.00970459 0.9139404,0.5744445 -0.035555556 5.306667,-0.57 -0.09 9.75,76 89 115,23
132,01110011,00000000,-0.47753906 -0.056030273 0.01953125 0.8765869,0.29555556 -0.12666667 5.9333334,-0.23 -0.13 9.51,74 95 112,23
133,01110011,00000000,-0.55804443 -0.053833008 0.026550293 0.82769775,0.12222222 -0.07 6.65,0.6 0.21 9.22,71 97 110,23
134,01110011,00000000,-0.64086914 -0.052368164 0.028381348 0.7653198,-0.13666667 0.20888889 7.308889,0.36 0.23 9.57,70 97 109,23
135,01110011,00000000,-0.722229 -0.053527832 0.02368164 0.689209,-0.35 0.7177778 7.7855554,1.01 -0.46 9.89,73 95 108,23
136,01110011,00000000,-0.7965698 -0.059265137 0.0138549805 0.6014404,-0.33888888 1.2488889 8.027778,1.03 -0.36 9.45,84 91 108,23
137,01110011,00000000,-0.859375 -0.06951904 0.0018310547 0.5065918,-0.12222222 1.5633334 7.9322224,-0.39 -0.33 9.51,103 88 108,23
138,01110011,00000000,-0.90808105 -0.08300781 -0.008911133 0.4104004,0.24333334 1.59 7.4944444,-1.52 -0.19 10.17,125 90 109,23
139,01110011,00000000,-0.9430542 -0.095581055 -0.018554688 0.31799316,0.2688889 1.5066667 6.846667,-1.7 -0.43 10.56,144 97 110,23
140,01110011,00000000,-0.96643066 -0.105895996 -0.026794434 0.23236084,0.25111112 1.3144444 6.152222,-0.21 0.13 9.45,158 104 111,23
141,01110011,00000000,-0.9807739 -0.11303711 -0.036865234 0.15490723,0.052222222 1.3655555 5.441111,0.36 0.03 9.86,167 110 112,23
142,01110011,00000000,-0.9884033 -0.115234375 -0.047851562 0.0869751,-0.20888889 1.2977778 4.6811113,0.41 0.72 8.9,175 113 113,23
143,01110011,00000000,-0.9916992 -0.11218262 -0.057250977 0.026550293,-0.51111114 1.0955555 4.13,-0.44 -0.42 10.53,181 114 114,23
144,01110011,00000000,-0.99194336 -0.105285645 -0.064941406 -0.028015137,-0.7077778 0.9344444 3.7266667,0.97 -0.09 9.79,184 112 114,23
145,01110011,00000000,-0.9898071 -0.09436035 -0.07165527 -0.07849121,-0.95444447 0.8711111 3.4288888,0 0 9.44,186 109 115,23
146,01110011,00000000,-0.9855957 -0.080078125 -0.07714844 -0.12701416,-1.1722223 0.81333333 3.2777777,-1.1 -0.16 9.7,187 105 116,23
147,01110011,00000000,-0.979126 -0.06518555 -0.07879639 -0.17553711,-1.2522222 0.55777776 3.3255556,-0.66 -0.57 9.67,188 100 117,23
148,01110011,00000000,-0.9697876 -0.05041504 -0.07672119 -0.22595215,-1.2777778 0.31 3.4966667,-0.36 0.18 9.31,188 94 118,23
149,01110011,00000000,-0.95654297 -0.03643799 -0.072143555 -0.28015137,-1.2566667 0.15555556 3.8377779,-2.11 0.04 9.21,187 87 119,23
150,01110011,00000000,-0.93829346 -0.022460938 -0.06726074 -0.33850098,-1.2622222 0.20333333 4.2244444,0.59 0 9.05,186 79 120,23
151,01110011,00000000,-0.914917 -0.008361816 -0.061950684 -0.39874268,-1.2911111 0.17555556 4.5655556,-1.58 -0.26 9.35,185 71 121,23
152,01110011,00000000,-0.88623047 0.0056762695 -0.056884766 -0.45965576,-1.3055556 0.2688889 4.708889,-0.1 -0.18 9.19,185 62 123,23
153,01110011,00000000,-0.85931396 0.018432617 -0.05255127 -0.51934814,-1.1233333 -25.885555 -14.792222,-1.05 -0.63 9.2,186 53 125,23
154,01110011,00000000,-0.8164673 0.028320312 -0.0513916 -0.57440186,-0.74222225 0.3588889 4.4733334,-1.39 -1 9.63,187 46 127,23
155,01110011,00000000,-0.78009033 0.03387451 -0.050720215 -0.62268066,-0.5311111 0.13333334 4.0744443,-1.45 -1.08 9.42,188 44 129,23
156,01110011,00000000,-0.74420166 0.034240723 -0.048583984 -0.6652832,-0.38 -0.096666664 3.8966668,-0.48 -1.21 9.97,186 43 131,23
157,01110011,00000000,-0.7081299 0.03186035 -0.047180176 -0.70373535,-0.12 -0.15111111 3.711111,-1.21 -0.66 9.6,182 43 133,23
158,01110011,00000000,-0.6734619 0.028259277 -0.04510498 -0.7373047,-0.14222223 -0.22444445 3.3488889,-1.14 -0.97 10.35,177 45 135,23
159,01110011,00000000,-0.638916 0.02178955 -0.04034424 -0.7678833,-0.086666666 -0.5311111 3.28,-1.03 -0.44 9.28,172 47 137,23
160,01110011,00000000,-0.602417 0.014221191 -0.03338623 -0.7973633,-0.17333333 -0.6522222 3.2655556,-0.35 -0.76 9.73,165 48 139,23
161,01110011,00000000,-0.5640259 0.007446289 -0.026794434 -0.82525635,-0.21111111 -0.5411111 3.3611112,-0.46 -0.68 9.57,158 48 141,23
162,01110011,00000000,-0.5239258 0.004333496 -0.018737793 -0.85150146,-0.4888889 -0.40222222 3.3455555,-235.78 -2.53 -0.01,152 48 143,23
163,01110011,00000000,-0.4824829 0.0016479492 -0.010498047 -0.8758545,-0.42777777 -0.4211111 3.3711112,-0.92 -0.97 10.01,148 46 145,23
164,01110011,00000000,-0.44073486 -0.00091552734 -0.0029296875 -0.897583,-0.34444445 -0.37 3.278889,1.01 -0.98 9.45,143 45 147,23
165,01110011,00000000,-0.38635254 -0.002746582 0.006958008 -0.92230225,-0.4677778 -0.29 3.0844445,0.11 -0.39 8.87,139 44 149,23
166,01110011,00000000,-0.34832764 -0.0016479492 0.014160156 -0.93725586,-0.4788889 -0.15555556 2.9377778,-0.42 -0.92 9.43,136 43 151,23
167,01110011,00000000,-0.31433105 0.0016479492 0.01940918 -0.9490967,-0.40222222 0.06666667 2.5022223,0.68 -1.63 9.71,134 42 153,23
168,01110011,00000000,-0.28637695 0.0056762695 0.022277832 -0.9578247,-0.27666667 0.17222223 2.0455556,0.83 -1.25 9.31,133 42 155,23
169,01110011,00000000,-0.26519775 0.008361816 0.024169922 -0.9638672,-0.16777778 0.093333334 1.5833334,0.38 -1.95 10.58,132 43 157,23
170,01110011,00000000,-0.265625 0.0095825195 0.024963379 -0.96765137,-0.05888889 0.043333333 -3.9833333,-0.05 -1.11 9.84,131 44 159,23
171,01110011,00000000,-0.24291992 0.009521484 0.026184082 -0.9696655,-0.11666667 -0.032222223 0.5477778,-0.41 -1.59 10.08,129 46 160,23
172,01110011,00000000,-0.24023438 0.0073242188 0.028320312 -0.9702759,-0.09777778 -0.20555556 0.21666667,0.19 -1.8 10.31,128 47 161,23
173,01110011,00000000,-0.24151611 0.0026245117 0.029663086 -0.9699707,0.0011111111 -0.33333334 -0.14444445,-0.4 -1.29 9.5,126 48 162,23
174,01110011,00000000,-0.24560547 -0.0037231445 0.030212402 -0.9688721,0.05111111 -0.44 -0.3122222,0.22 -1.65 10.53,124 49 163,23
175,01110011,00000000,-0.25164795 -0.010986328 0.031188965 -0.9672241,0.05888889 -0.51111114 -0.42333335,-0.24 -0.66 9.21,122 49 164,23
176,01110011,00000000,-0.25927734 -0.018432617 0.031433105 -0.9650879,0.115555555 -0.48555556 -0.5966667,1.25 -1.38 9.83,120 49 165,23
177,01110011,00000000,-0.2687378 -0.02532959 0.03137207 -0.9623413,0.08 -0.44111112 -0.7077778,0.37 -0.87 9.21,118 49 165,23
178,01110011,00000000,-0.27947998 -0.032165527 0.03161621 -0.9590454,0.11666667 -0.46222222 -0.77,1.79 -0.82 9.24,116 49 165,23
179,01110011,00000000,-0.2906494 -0.038635254 0.03277588 -0.9555054,0.013333334 -0.42666668 -0.86777776,0.54 -1.68 -0.01,114 49 165,23
180,01110011,00000000,-0.30218506 -0.043029785 0.034301758 -0.95166016,-0.06111111 -0.31555554 -0.8466667,1.39 -1.03 9.53,112 49 165,23
181,01110011,00000000,-0.3145752 -0.044067383 0.039855957 -0.9473877,-0.22 -0.12888889 -0.87777776,1.59 -1.45 9.82,110 50 165,23
182,01110011,00000000,-0.32751465 -0.043701172 0.0435791 -0.94281006,-0.3011111 -0.02 -0.9811111,0.11 -1.38 9.66,109 51 165,23
183,01110011,00000000,-0.34143066 -0.042114258 0.046813965 -0.9378052,-0.32666665 0.04777778 -1.0077778,0.32 -1.18 9.35,108 52 165,23
184,01110011,00000000,-0.3569336 -0.037719727 0.049804688 -0.93200684,-0.34777778 0.2488889 -1.1155555,0.49 -1.78 10.26,107 54 165,23
185,01110011,00000000,-0.37451172 -0.03161621 0.052734375 -0.9251709,-0.41777778 0.37888888 -1.3222222,0.78 -1.53 9.57,106 56 165,23
186,01110011,00000000,-0.39434814 -0.026733398 0.056518555 -0.9168701,-0.39666668 0.34444445 -1.4555556,0.39 -1.97 10.02,104 58 165,23
187,01110011,00000000,-0.42175293 -0.022949219 0.06011963 -0.90722656,-0.33444443 0.25444445 -1.6,1.11 -1.68 9.52,103 60 165,23
188,01110011,00000000,-0.43780518 -0.018798828 0.062194824 -0.8967285,-0.3288889 0.2911111 -1.7388889,0.77 -1.21 9.5,102 62 164,23
189,01110011,00000000,-0.4529419 -0.016601562 0.06512451 -0.8890381,-0.38222224 0.25555557 -1.7333333,0.83 -1.5 9.74,101 64 163,23
190,01110011,00000000,-0.4833374 -0.013793945 0.06732178 -0.8727417,-0.18333334 0.17333333 -1.8033333,0.37 -2.6 10.31,100 66 162,23
191,01110011,00000000,-0.50549316 -0.014831543 0.066833496 -0.8600464,-0.044444446 0.044444446 -1.778889,0.33 -1.6 9.35,99 67 161,23
192,01110011,00000000,-0.52752686 -0.017089844 0.06524658 -0.8468628,0.15666667 0.043333333 -1.7955556,1.88 -2.13 10.33,98 67 160,23
193,01110011,00000000,-0.5494995 -0.018981934 0.0625 -0.8329468,0.11777778 0.083333336 -1.8433334,1.19 -1.25 9.22,97 66 159,23
194,01110011,00000000,-0.56414795 -0.020446777 0.060546875 -0.82318115,0.19 0.07666667 -1.8655555,0.52 -1.68 10.07,96 66 158,23
195,01110011,00000000,-0.5930786 -0.023620605 0.05529785 -0.8029175,0.22 0.094444446 -1.8888888,0.57 -1.07 9.32,95 65 157,23
196,01110011,00000000,-0.61468506 -0.026184082 0.051696777 -0.7866211,0.23888889 0.05666667 -1.9188889,1.12 -0.96 -77.92,65 0 156,23
197,01110011,00000000,-0.6359253 -0.028442383 0.04852295 -0.7696533,0.14888889 0.04888889 -1.9166666,-0.73 -1.39 9.65,91 63 155,23
198,01110011,00000000,-0.6564331 -0.02923584 0.04547119 -0.7524414,0.12777779 0.12111111 -1.898889,0.76 -1.28 9.44,90 63 154,23
199,01110011,00000000,-0.6755371 -0.028381348 0.042907715 -0.73553467,-0.018888889 0.18666667 -1.7866666,0.62 -1.85 10.5,89 63 153,23
200,01110011,00000000,-0.6930542 -0.027282715 0.041931152 -0.7191162,-0.06111111 0.107777774 -1.6944444,-0.15 -1.14 9.78,88 64 152,23
201,01110011,00000000,-0.7085571 -0.025939941 0.0423584 -0.70391846,-0.18777777 0.046666667 -1.5111111,0.06 -1.71 10.35,87 65 151,23
202,01110011,00000000,-0.7218628 -0.0234375 0.0435791 -0.6902466,-0.22444445 0.07777778 -1.3377777,0.96 -1.26 9.76,87 66 150,23
203,01110011,00000000,-0.73291016 -0.020324707 0.044189453 -0.67858887,-0.26222223 0.13222222 -1.1277778,0.71 -1.97 10.63,87 67 149,23
204,01110011,00000000,-0.7420044 0.0051879883 0.0045776367 -0.006958008,-0.19777778 0.09777778 -0.93777776,1 -1.52 9.44,87 68 148,23
205,01110011,00000000,-0.7489624 -0.014343262 0.04473877 -0.6608887,-0.20333333 0.16444445 -0.72333336,1.51 -0.92 9.14,87 69 147,23
206,01110011,00000000,-0.7546997 -0.010009766 0.04260254 -0.65460205,-0.13777778 0.32555556 -0.6066667,1.58 -1.74 9.97,87 70 146,23
207,01110011,00000000,-0.7597046 -0.006958008 0.040222168 -0.6489258,-0.086666666 0.28111112 -0.5222222,1.48 -1.03 9.21,87 71 145,23
208,01110011,00000000,-0.7626953 -0.005554199 0.038330078 -0.64556885,0.032222223 0.26555556 -0.49333334,1.34 -1.72 10.23,87 72 144,23
209,01110011,00000000,-0.7687988 -0.0034179688 0.033569336 -0.63861084,0.06111111 0.28111112 -0.48333332,0.68 -1.26 9.82,87 73 143,23
210,01110011,00000000,-0.7730713 -0.0029907227 0.029846191 -0.63360596,0.13111112 0.2588889 -0.50333333,0.31 -1.51 9.76,87 74 142,23
211,01110011,00000000,-0.77679443 -0.005065918 0.026916504 -0.6291504,0.24222222 0.06666667 -0.37444445,0.29 -2.06 10.62,87 75 142,23
212,01110011,00000000,-0.77948 -0.009155273 0.024475098 -0.6258545,0.29777777 -0.033333335 -0.3188889,-0.78 -1.34 9.91,86 75 142,23
213,01110011,00000000,-0.7819824 -0.014038086 0.022338867 -0.62268066,0.37555555 -0.086666666 -0.29555556,0.33 -0.59 8.8,99 428 -9985,23
214,01110011,00000000,-0.7845459 -0.018249512 0.019714355 -0.61938477,0.32222223 -0.037777778 -0.25444445,1.28 -0.99 9.13,84 75 142,23
215,01110011,00000000,-0.78692627 -0.021606445 0.018249512 -0.616333,0.22888888 -0.054444443 -0.29444444,0.62 -0.54 9.25,83 75 142,23
216,01110011,00000000,-0.7890625 -0.025146484 0.01776123 -0.6135254,0.22444445 -0.14666666 -0.22666667,-0.41 -1.25 9.64,82 75 142,23
217,01110011,00000000,-0.7905884 -0.027709961 0.017333984 -0.6114502,0.14 -0.10666667 -0.16666667,1.28 -1.59 10.4,81 75 142,23
218,01110011,00000000,-0.7914429 -0.028808594 0.01751709 -0.6102295,0.052222222 -0.05666667 -0.14,1.07 -1.11 9.94,81 75 142,23
219,01110011,00000000,-0.791626 -0.028808594 0.018249512 -0.6100464,-0.015555556 -0.05 -0.02,0.48 -0.99 9.73,81 75 142,23
220,01110011,00000000,-0.7904663 -0.028503418 0.01965332 -0.61151123,-0.08888889 -0.064444445 0.11777778,0.34 -1.01 9.7,81 75 142,23
221,01110011,00000000,-0.788147 -0.026977539 0.004211426 -0.006958008,-0.15666667 -0.018888889 0.23888889,-0.39 -0.7 9.41,81 75 142,23
222,01110011,00000000,-0.78479004 -0.024414062 0.023376465 -0.6187744,-0.20111111 0.02111111 0.4288889,1 -1.34 10.06,81 75 142,23
223,01110011,00000000,-0.7805786 -0.021362305 0.024719238 -0.62420654,-0.23444444 0.06333333 0.50333333,0.47 -1.03 9.92,81 75 142,23
224,01110011,00000000,-0.7755127 -0.017822266 0.025512695 -0.63049316,-0.21444444 0.11666667 0.5688889,0.96 -1 9.28,82 75 142,23
225,01110011,00000000,-0.77008057 -0.014526367 0.02545166 -0.63726807,-0.16 0.13666667 0.65555555,0.23 -0.61 9.25,83 75 142,23
226,01110011,00000000,-0.7644043 -0.014953613 0.025878906 -0.64404297,0.0033333334 -0.037777778 0.5877778,1.14 -1.05 9.31,84 75 142,23
227,01110011,00000000,-0.7583618 -0.02355957 0.028259277 -0.65075684,0.39666668 -0.50333333 0.58,0.28 -2.03 10.35,84 75 142,23
228,01110011,00000000,-0.7506714 -0.043945312 0.03564453 -0.6582031,0.77555555 -1.3333334 0.72555554,-1.06 -1.33 9.76,82 74 142,23
229,01110011,00000000,-0.73883057 -0.07501221 0.048217773 -0.66796875,1.1088889 -2.078889 0.99222225,-2.21 -0.94 10.21,78 72 142,23
230,01110011,00000000,-0.7200928 -0.11456299 0.066345215 -0.68115234,1.3566667 -2.78 1.5111111,-1.19 -0.17 9.4,70 223 -14081,23
231,01110011,00000000,-0.69177246 -0.16107178 0.09020996 -0.6981201,1.5188888 -3.45 2.2277777,-0.34 -0.47 10.03,57 66 143,23
232,01110011,00000000,-0.65148926 -0.20898438 0.11798096 -0.7196655,1.5133333 -3.6533334 3.3211112,-0.58 0.67 9.54,37 64 144,23
233,01110011,00000000,-0.60131836 -0.2475586 0.14367676 -0.7459717,1.3888888 -2.7766666 3.981111,1.86 -0.57 10.43,8 64 146,23
234,01110011,00000000,-0.5489502 -0.2670288 0.15789795 -0.77612305,1.24 -0.9588889 4.0333333,2.36 -1.07 10.32,4 66 144,23
235,01110011,00000000,-0.50531006 -0.25860596 0.15588379 -0.80841064,0.82666665 1.5211111 3.4177778,3.41 -0.47 8.96,4 68 142,23
236,01110011,00000000,-0.479187 -0.215271 0.13562012 -0.8399658,0.4488889 3.4622223 2.721111,4.26 -1.2 8.67,10 75 144,23
237,01110011,00000000,-0.47753906 -0.13378906 0.09527588 -0.86309814,-0.08555555 6.558889 1.0933334,4.7 -2.45 8.11,26 83 146,23
238,01110011,00000000,-0.50549316 -0.031188965 0.03894043 -0.0075683594,-0.25333333 8.396667 -1.5677778,1.75 -4.88 9.09,40 96 147,23
239,01110011,00000000,-0.55877686 0.06689453 -0.011169434 -0.8265381,-0.5744445 7.87 -4.37,-1.75 -4.08 10.36,17 115 147,23
240,01110011,00000000,-0.6237793 0.14605713 -0.026916504 -0.767334,-1.7711111 5.4755554 -6.2022223,-2.21 -2.79 10.57,4 120 145,23
241,01110011,00000000,-0.6812744 0.20129395 -0.004211426 -0.7037964,-3.0333333 1.6811111 -6.0255556,-0.39 -3.13 10.92,4 121 142,23
242,01110011,00000000,-0.72332764 0.23046875 0.030029297 -0.6502075,-1.9977778 0.16333333 -4.6855555,1.04 -4.48 10.29,4 140 140,23
243,01110011,00000000,-0.7559204 0.23376465 0.051757812 -0.60931396,-0.08777778 -0.37777779 -3.6377778,-0.09 -4.55 10.16,16 156 138,23
244,01110011,00000000,-0.7949829 0.20147705 0.070007324 -0.5678711,1.3044444 -1.3133334 -3.1388888,0.37 -3.5 9.79,27 151 136,23
245,01110011,00000000,-0.82281494 0.15966797 0.0826416 -0.5390625,2.1022222 -1.8533334 -3.0822222,-0.36 -2.17 9.42,39 135 135,23
246,01110011,00000000,-0.8510742 0.12011719 0.08618164 -0.50372314,2.288889 -1.2155555 -3.3988888,2.36 -1.4 8.94,51 114 134,23
247,01110011,00000000,-0.8811035 0.09564209 0.07495117 -0.45703125,1.8133334 0.43555555 -3.8677778,2.37 -1.41 9.32,58 93 255,23
248,01110011,00000000,-0.91156006 0.08154297 0.060180664 -0.39855957,1.23 0.9855555 -4.6144443,0.28 -1.7 8.59,54 79 130,23
249,01110011,00000000,-0.9401245 0.06774902 0.04498291 -0.33081055,1.1866666 1.0933334 -5.088889,0.06 -3.54 10.18,46 70 127,23
250,01110011,00000000,-0.96502686 0.057800293 0.025817871 -0.25445557,0.9988889 1.4555556 -5.596667,1.11 -2.38 10.05,36 61 124,23
251,01110011,00000000,-0.98309326 0.059692383 0.006958008 -0.1729126,0.093333334 1.7044444 -5.7777777,-0.15 -1.26 9.45,22 54 121,23
252,01110011,00000000,-0.993042 0.06945801 -0.0048828125 -0.0949707,-0.53555554 1.2466667 -5.5288887,-0.05 -2.44 10.18,8 59 118,23
253,01110011,00000000,-0.99664307 0.07739258 -0.011962891 -0.025939941,-0.46555555 0.8755556 -4.7433333,0.55 -2.87 9.89,4 67 115,23
254,01110011,00000000,-0.9960327 0.080444336 -0.016357422 0.03326416,-0.17 0.6533333 -4.1755557,1.7 -2.88 9.91,4 73 112,23
255,01110011,00000000,-0.99438477 0.079956055 -0.016906738 0.06732178,0.16111112 0.27 -3.4277778,-1.06 -2.38 9.82,5 77 109,23
0,01110011,00000000,-0.9898071 0.072143555 -0.013366699 0.12225342,0.51111114 0.064444445 -2.797778,0.6 -2.04 9.38,9 78 106,23
1,01110011,00000000,-0.986084 0.059509277 -0.0115356445 0.15478516,0.89444447 0.15777777 -2.2855556,0.52 -1.94 9.59,13 76 104,23
2,01110011,00000000,-0.98217773 0.042297363 -0.0115356445 0.18310547,1.22 0.29555556 -1.9777777,0.26 -2.63 10.3,15 73 102,23
3,01110011,00000000,-0.97753906 0.021972656 -0.013183594 0.20922852,1.3766667 0.44444445 -1.8055556,0.68 -1.72 9.78,16 70 100,23
4,01110011,00000000,-0.9717407 0.0012817383 -0.015380859 0.23547363,1.44 0.5288889 -1.9166666,-0.59 -1.05 9.05,15 67 98,23
5,01110011,00000000,-0.9651489 -0.0178833 -0.01763916 0.26049805,1.3033333 0.46666667 -1.7344445,0.67 -1.55 9.93,13 64 96,23
6,01110011,00000000,-0.95843506 -0.033935547 -0.019836426 0.2826538,1.0788889 0.46 -1.6544445,-0.55 -0.6 9.29,12 62 94,23
7,01110011,00000000,-0.95233154 -0.045837402 -0.022705078 0.30065918,0.7922222 0.39444444 -1.3022223,0.46 -1.05 9.9,11 61 92,23
8,01110011,00000000,-0.947937 -0.053100586 -0.024353027 0.3131714,0.45444444 0.2777778 -0.95111114,-0.74 -1.36 10.35,11 62 90,23
9,01110011,00000000,-0.94641113 -0.055480957 -0.023864746 0.31713867,0.18777777 0.012222222 -0.29555556,0.48 -0.51 9.34,12 64 89,23
10,01110011,00000000,-0.9487915 -0.053710938 -0.021484375 0.3106079,-0.10888889 -0.13444445 0.48777777,0.57 -0.3 9.38,14 66 88,23
11,01110011,00000000,-0.9550781 -0.04815674 -0.018432617 0.29174805,-0.33777776 -0.2488889 1.3722222,-0.2 -0.21 9.48,17 67 87,23
12,01110011,00000000,-0.9645996 -0.04083252 -0.016113281 0.2600708,-0.5322222 -0.17555556 2.3522222,0.09 -1.17 9.83,20 67 87,23
13,01110011,00000000,-0.97546387 -0.034362793 -0.017211914 0.21673584,-0.48333332 0.06 3.1011112,-0.25 -1.45 10.27,23 66 87,23
14,01110011,00000000,-0.98565674 -0.02960205 -0.020507812 0.16497803,-0.45333335 0.26222223 3.751111,-0.67 -0.74 9.95,27 65 88,23
15,01110011,00000000,-0.99365234 -0.027038574 -0.023925781 0.106933594,-0.28555554 0.27333334 4.06,-0.01 -0.82 10.06,33 64 89,23
16,01110011,00000000,-0.99823 -0.028198242 -0.026855469 0.04559326,-0.07666667 0.29777777 4.37,0 -0.43 9.15,38 64 90,23
17,01110011,00000000,-0.99890137 -0.031921387 -0.029296875 -0.016540527,0.11 0.3 4.288889,0 -2.47 9.76,43 66 92,23
18,01110011,00000000,-0.9958496 -0.03704834 -0.030944824 -0.076660156,0.21333334 0.27333334 4.2844443,-0.41 -0.62 9.67,47 69 94,23
19,01110011,00000000,-0.98950195 -0.04248047 -0.030700684 -0.13482666,0.26222223 0.15333334 4.0455556,-0.18 -1.5 10.73,50 73 96,23
20,01110011,00000000,-0.98010254 -0.04748535 -0.029296875 -0.19055176,0.24444444 0.06111111 4.041111,-1.22 -0.79 9.77,52 77 98,23
21,01110011,00000000,-0.96795654 -0.051513672 -0.026184082 -0.2444458,0.17777778 -0.046666667 3.8355556,-1.06 -0.17 9.39,53 80 100,23
22,01110011,00000000,-0.953125 -0.053710938 -0.022766113 -0.2966919,0.078888886 -0.045555554 3.8788888,0 -0.14 9.26,53 82 102,23
23,01110011,00000000,-0.93585205 -0.053466797 -0.018676758 -0.3477173,-0.17333333 -0.06888889 3.7655556,-0.35 -0.4 9.48,53 83 104,23
24,01110011,00000000,-0.9160156 -0.050964355 -0.014221191 -0.397583,-0.25555557 -0.008888889 3.7833333,0.57 0.17 9.06,54 82 106,23
25,01110011,00000000,-0.90625 -0.046203613 -0.009887695 -0.44683838,-0.35444444 -26.17 -20.481112,0.16 -0.18 8.92,55 81 108,23
26,01110011,00000000,-0.8678589 -0.039855957 -0.006591797 -0.4951172,-0.46444446 0.15777777 3.8866668,0.66 -1.23 10.17,57 79 110,23
27,01110011,00000000,-0.8397827 -0.032958984 -0.005065918 -0.5418091,-0.41222224 0.33777776 3.781111,-0.03 -0.17 9.04,60 77 112,23
28,01110011,00000000,-0.81036377 -0.026428223 -0.005004883 -0.5852661,-0.34 0.35 3.6944444,0.13 -0.74 9.65,64 75 114,23
29,01110011,00000000,-0.78045654 -0.021728516 -0.006164551 -0.62475586,-0.18555556 0.35333332 3.48,0.4 -1.4 9.9,68 74 117,23
30,01110011,00000000,-0.7518921 -0.018859863 -0.008056641 -0.65893555,-0.072222225 0.2911111 3.1322222,-0.87 -0.63 9.82,71 74 119,23
31,01110011,00000000,-0.7253418 -0.017700195 -0.008911133 -0.6880493,0.027777778 0.14333333 2.7144444,0.32 -0.77 9.34,73 75 121,23
32,01110011,00000000,-0.70092773 -0.017700195 -0.008666992 -0.71295166,0.0033333334 0.034444444 2.5066667,0.87 -0.72 9.65,74 76 123,23
33,01110011,00000000,-0.67822266 -0.018249512 -0.0078125 -0.73461914,-0.02 -0.028888889 2.1844444,0.19 -1.37 10.7,75 77 125,23
34,01110011,00000000,-0.65686035 -0.019836426 -0.005004883 -0.75372314,-0.03888889 -0.17666666 1.9677777,56.13 -2.52 -0.01,75 78 127,23
35,01110011,00000000,-0.63726807 -0.022827148 -0.0015869141 -0.7702637,-0.018888889 -0.29555556 1.8444444,1.21 -1.09 9.75,75 78 129,23
36,01110011,00000000,-0.61883545 -0.026367188 0.0017089844 -0.7850952,-0.011111111 -0.31555554 1.6777778,-0.07 -1.44 10.55,74 78 131,23
37,01110011,00000000,-0.6015625 -0.029052734 0.005126953 -0.7982788,-0.032222223 -0.27888888 1.4944445,0.16 -0.72 9.4,73 78 133,23
38,01110011,00000000,-0.585022 -0.03149414 0.010070801 -0.81036377,-0.12666667 -0.33555555 1.46,0.82 -1 9.68,72 78 135,23
39,01110011,00000000,-0.5687866 -0.034179688 0.016418457 -0.82159424,-0.22666667 -0.38777778 1.4022223,-0.54 -1.49 10.4,72 77 137,23
40,01110011,00000000,-0.55255127 -0.03527832 0.022277832 -0.83239746,-0.24111111 -0.2911111 1.38,0.18 -0.63 9.43,72 76 139,23
41,01110011,00000000,-0.5376587 -0.03302002 0.02734375 -0.842041,-0.31444445 -0.07666667 1.2633333,1.02 -0.86 9.3,72 75 140,23
42,01110011,00000000,-0.53125 -0.029418945 0.034118652 -0.8505249,-0.40555555 0.043333333 -12.232223,0.3 -1.47 9.82,73 74 141,23
43,01110011,00000000,-0.5116577 -0.025024414 0.038879395 -0.85791016,-0.31777778 0.14333333 1.0111111,-0.87 -1.53 9.95,74 73 142,23
44,01110011,00000000,-0.50128174 -0.021057129 0.040283203 -0.8640137,-0.17444444 0.15111111 0.8844444,0.7 -1.96 10.34,75 73 143,23
45,01110011,00000000,-0.4940796 -0.016113281 0.04046631 -0.86834717,-0.17777778 0.2688889 0.6155556,-0.42 -1.33 9.93,76 73 144,23
46,01110011,00000000,-0.4897461 -0.012023926 0.04034424 -0.8708496,-0.14 0.26777777 0.3188889,1.04 -1.46 10.1,77 73 145,23
47,01110011,00000000,-0.4887085 -0.009765625 0.039367676 -0.87145996,0.0044444446 0.16555555 0.06666667,-0.68 -1.2 9.47,78 73 146,23
48,01110011,00000000,-0.491333 -0.009033203 0.038146973 -0.8701172,0.016666668 0.08 -0.16888888,0.57 -1.01 9.21,78 73 147,23
49,01110011,00000000,-0.49713135 -0.009094238 0.037475586 -0.86676025,0.04111111 0.023333333 -0.5088889,1.1 -1.37 9.85,78 73 148,23
50,01110011,00000000,-0.5053711 -0.009887695 0.037719727 -0.8619995,0.01 -0.055555556 -0.6622222,0.47 -1.36 10.04,78 73 148,23
51,01110011,00000000,-0.5140991 -0.0115356445 0.038269043 -0.8567505,0.016666668 -0.112222224 -0.7122222,0.27 -1.23 -0.01,78 73 148,23
52,01110011,00000000,-0.5231323 -0.015380859 0.039001465 -0.8511963,0.052222222 -0.2488889 -0.76222223,0.9 -1.58 10.02,78 73 148,23
53,01110011,00000000,-0.5317383 -0.02130127 0.040283203 -0.8456421,0.12666667 -0.36777776 -0.7877778,0.59 -1.77 10.68,78 72 148,23
54,01110011,00000000,-0.53930664 -0.028320312 0.04156494 -0.8406372,0.16444445 -0.45777777 -0.61444443,1.13 -1.43 10.34,78 71 148,23
55,01110011,00000000,-0.5456543 -0.033996582 0.042297363 -0.8362427,0.11444444 -0.34444445 -0.54333335,0.39 -1.7 9.99,78 70 148,23
56,01110011,00000000,-0.5516968 -0.037353516 0.0423584 -0.8320923,0.11111111 -0.19777778 -0.52555555,-0.58 -1.34 9.89,78 69 148,23
57,01110011,00000001,0.99993896 0 0 0,0.055555556 -0.075555556 -0.48555556,-0.12 -0.74 8.96,78 69 148,23
58,01110011,00000000,0.99993896 -0.00030517578 0.0017089844 -0.006591797,-0.024444444 0.1388889 -0.52111113,0.46 -1.03 9.22,79 70 145,23
59,01110011,00000000,0.9844971 -0.0017700195 0.005065918 -0.013671875,-0.09111111 0.24333334 -0.48222223,0.5 -1.63 10.02,79 71 142,23
60,01110011,00000000,0.9996948 -0.0036621094 0.008056641 -0.019958496,-0.15555556 0.22 -0.4511111,-0.58 -1.55 10.12,80 73 139,23
61,01110011,00000000,0.9996338 -0.0049438477 0.010070801 -0.022949219,-0.11444444 0.21222222 -0.26555556,0.79 -1.82 10.15,81 75 136,23
62,01110011,00000000,0.9994507 -0.007080078 0.014465332 -0.026489258,-0.13222222 0.21555555 -0.17444444,-0.41 -1.42 10.14,82 76 134,23
63,01110011,00000000,0.9994507 -0.008728027 0.017578125 -0.025146484,-0.11777778 0.22 0.037777778,-0.18 -0.53 9.1,83 77 132,23
64,01110011,00000000,0.9995117 -0.00982666 0.019836426 -0.021972656,-0.12555556 0.24222222 0.39222223,1.24 -0.74 9.04,84 78 130,23
65,01110011,00000000,0.9994507 -0.011291504 0.02368164 -0.014709473,-0.11 0.2588889 0.5411111,0.13 -0.63 9.46,85 79 128,23
66,01110011,00000000,0.9995117 -0.011657715 0.026611328 -0.0049438477,-0.031111112 0.18444444 0.7366667,0.51 -1.02 9.58,86 80 126,23
67,01110011,00000000,0.9994507 -0.010314941 0.028625488 0.006958008,0.14 0.11777778 0.9122222,0.43 -1.36 9.89,87 81 125,23
68,01110011,00000000,0.9992676 -0.007080078 0.029296875 0.019714355,0.20666666 0.012222222 0.9288889,-0.75 -0.84 71.16,23 2 124,23
69,01110011,00000000,0.99884033 -0.0014038086 0.028808594 0.037963867,0.27 -0.05111111 0.98,1.08 -0.57 9.13,87 83 123,23
70,01110011,00000000,0.99816895 0.003112793 0.028076172 0.051879883,0.31111112 -0.08 1,0.92 -1.35 10.1,86 84 122,23
71,01110011,00000000,0.9974365 0.0076904297 0.026794434 0.06567383,0.28 -0.12111111 1.0033333,-0.44 -0.69 9.25,85 85 121,23
72,01110011,00000000,0.9963989 0.011474609 0.024902344 0.07940674,0.21555555 -0.14 0.9411111,-0.4 -0.32 8.9,84 86 120,23
73,01110011,00000000,0.9951782 0.014099121 0.022644043 0.093688965,0.16 -0.15777777 0.98,0 -1.05 9.98,83 87 119,23
74,01110011,00000000,0.9937744 0.016052246 0.020202637 0.10839844,0.12111111 -0.18444444 1.0377778,-0.05 -1.19 10.14,82 88 118,23
75,01110011,00000000,0.99194336 0.017089844 0.018310547 0.12414551,0.033333335 -0.11888889 1.1166667,0.19 -0.6 9.58,81 88 117,23
76,01110011,00000000,0.989624 0.0053100586 0.0056152344 -0.008483887,-0.04222222 -0.017777778 1.1955556,-0.8 -0.85 9.89,81 88 117,23
77,01110011,00000000,0.9869995 0.016723633 0.017211914 0.15856934,-0.06111111 0.026666667 1.2122222,0.1 -0.32 9.07,81 88 117,23
78,01110011,00000000,0.98413086 0.015380859 0.017333984 0.17590332,-0.08888889 0.05666667 1.2444445,-0.58 -0.67 9.53,81 88 117,23
79,01110011,00000000,0.980896 0.013366699 0.018249512 0.19281006,-0.15 0.11111111 1.2311112,0.39 -1.15 10.09,82 88 117,23
80,01110011,00000000,0.97772217 0.011169434 0.019836426 0.20861816,-0.15111111 0.13222222 1.1622223,0.54 -1.67 10.59,83 88 117,23
81,01110011,00000000,0.9744873 0.009460449 0.0211792 0.22302246,-0.11777778 0.12 1.0277778,0.81 -0.94 9.27,84 88 117,23
82,01110011,00000000,0.9714966 0.007446289 0.022460938 0.23583984,-0.14222223 0.1388889 0.87222224,1.18 -0.49 8.82,85 89 117,23
83,01110011,00000000,0.9686279 0.0053710938 0.024108887 0.24719238,-0.12666667 0.16666667 0.7811111,0.36 -1.01 9.74,86 90 117,23
84,01110011,00000000,0.96698 0.004211426 0.02520752 0.25341797,-0.101111114 0.14222223 0.66,1.22 -1.07 9.17,87 91 117,23
85,01110011,00000000,0.9642334 0.0028686523 0.025390625 0.26348877,-0.04222222 0.017777778 0.55333334,0.15 -1.11 9.44,24 26 5119,23
86,01110011,00000000,0.9627075 0.0036621094 0.023254395 0.2692871,-0.015555556 -0.15111111 0.44666666,-0.11 -0.77 9.78,87 92 117,23
87,01110011,00000000,0.9613037 0.005065918 0.019958496 0.2744751,0.0044444446 -0.25111112 0.39444444,-0.15 -1.38 10.47,87 92 117,23
88,01110011,00000000,0.960022 0.0064086914 0.016845703 0.27911377,0.02111111 -0.23444444 0.34777778,0.34 -0.76 9.82,87 92 117,23
89,01110011,00000000,0.9588623 0.0078125 0.013183594 0.2833252,0.022222223 -0.26666668 0.29777777,1.16 -0.96 9.28,87 92 117,23
90,01110011,00000000,0.95758057 0.009643555 0.008483887 0.28753662,0.024444444 -0.35444444 0.2988889,0.71 -0.8 9.41,87 92 117,23
91,01110011,00000000,0.95635986 0.011230469 0.004333496 0.29180908,0.033333335 -0.33222222 0.31666666,-0.59 -1.21 10.1,87 91 117,23
92,01110011,00000000,0.9552002 0.011657715 0.0020751953 0.29571533,0.0033333334 -0.16444445 0.3,0.14 -1.44 10,87 90 117,23
93,01110011,00000000,0.95428467 0.011657715 0.006713867 -0.009033203,-0.013333334 -0.037777778 0.20777778,-0.61 -1.38 9.72,87 90 117,23
94,01110011,00000000,0.9539795 0.012268066 0.0015258789 0.29925537,0.024444444 -0.011111111 0.054444443,1.55 -0.56 9.11,87 90 117,23
95,01110011,00000000,0.95440674 0.013122559 0.002746582 0.29803467,0.06333333 0.053333335 -0.08777778,0.67 -1.56 9.95,87 90 117,23
96,01110011,00000000,0.95581055 0.015075684 0.006713867 0.29327393,0.21444444 0.21777777 -0.36222222,1.34 -1.47 9.76,87 90 117,23
97,01110011,00000000,0.9588623 0.017333984 0.015991211 0.28271484,0.34555554 0.57 -0.7977778,1.32 -1.16 9.26,86 90 117,23
98,01110011,00000000,0.96398926 0.01940918 0.032409668 0.2631836,0.48444444 1.0388889 -1.4477777,1.08 -2.06 9.89,84 91 116,23
99,01110011,00000000,0.97106934 0.020874023 0.058288574 0.23028564,0.6722222 1.6544445 -2.3766668,2.96 -3.33 11.2,80 93 115,23
100,01110011,00000000,0.97875977 0.016296387 0.09631348 0.18005371,0.5288889 2.5855556 -3.6122222,3.33 -2.5 10.4,71 95 113,23
101,01110011,00000000,0.98358154 -0.0012207031 0.14074707 0.11224365,-0.18777777 3.2122223 -4.891111,0.75 -2.22 9.22,53 99 111,23
102,01110011,00000000,0.98309326 -0.02734375 0.1776123 0.03265381,-0.72555554 2.7655556 -5.733333,-1.35 -3.15 9.88,25 26 -7169,23
103,01110011,00000000,0.9772949 -0.05480957 0.19824219 -0.050476074,-0.8211111 1.6933334 -6.0633335,-0.66 -3.5 10.11,3 125 105,23
104,01110011,00000000,0.9671631 -0.07965088 0.20373535 -0.12896729,-0.65444446 0.7788889 -5.76,-0.18 -3.07 10.11,4 126 104,23
105,01110011,00000000,0.9555054 -0.10217285 0.19390869 -0.19720459,-0.54333335 -0.33444443 -5.092222,-0.39 -2.03 9.16,4 134 101,23
106,01110011,00000000,0.94525146 -0.11651611 0.17077637 -0.25231934,0.012222222 -1.21 -4.228889,-0.65 -3.18 10.19,15 140 98,23
107,01110011,00000000,0.93743896 -0.11584473 0.13586426 -0.2987671,1.1388888 -1.8388889 -3.4455554,0.06 -3.37 9.82,31 138 95,23
108,01110011,00000000,0.9290161 -0.10089111 0.09173584 -0.34375,2.2877777 -2.1644444 -3.3844445,1.27 -2.96 9.66,46 126 92,23
109,01110011,00000000,0.91516113 -0.0758667 0.04473877 -0.3932495,2.9777777 -2.0611112 -3.692222,-0.84 -2.41 9.46,59 106 89,23
110,01110011,00000000,0.8911743 -0.042541504 6.1035156E-05 -0.012512207,3.4433334 -1.63 -4.578889,2.23 -3.07 10.37,69 80 86,23
111,01110011,00000000,0.85284424 -0.00030517578 -0.032287598 -0.5210571,3.547778 -0.5277778 -5.6422224,2.1 -2.44 9.76,77 46 83,23
112,01110011,00000000,0.79693604 0.042907715 -0.048828125 -0.60046387,2.998889 0.42666668 -6.9744444,1.52 -2 9.51,75 7 79,23
113,01110011,00000000,0.7241211 0.081848145 -0.05456543 -0.68255615,2.17 0.8577778 -8.036667,0.28 -2.07 9.26,62 0 74,23
114,01110011,00000000,0.63708496 0.11218262 -0.051330566 -0.7608032,1.2188889 0.80777776 -8.357778,0.24 -0.76 9.24,43 0 69,23
115,01110011,00000000,0.54559326 0.12408447 -0.03338623 -0.82806396,-0.46888888 0.34555554 -7.863333,0.06 -0.55 9.48,27 0 64,23
116,01110011,00000000,0.48828125 0.119506836 -0.016418457 -0.8642578,-1.2833333 -0.25444445 -7.0322223,-0.73 -2.41 10.23,30 5 65,23
117,01110011,00000000,0.41644287 0.10076904 0.0029907227 -0.9035034,-1.028889 -1.1244445 -5.247778,1.68 -3.06 9.3,37 26 60,23
118,01110011,00000000,0.34503174 0.08068848 0.005493164 -0.9350586,-0.016666668 -0.98444444 -3.9355555,1.08 -2.6 9.2,51 37 55,23
119,01110011,00000000,0.30621338 0.070007324 -0.0053710938 -0.9492798,0.74 -1.0133333 -2.7755556,0.14 -1.82 9.66,58 38 255,23
120,01110011,00000000,0.2802124 0.05432129 -0.023132324 -0.95806885,0.9488889 -1.5022222 -1.88,-0.38 -1.09 9.81,61 34 48,23
121,01110011,00000000,0.26660156 0.035705566 -0.046569824 -0.9619751,1.28 -1.7355555 -0.8422222,0.53 -0.98 9.1,64 29 45,23
122,01110011,00000000,0.26385498 0.020202637 -0.06951904 -0.961792,1.2611111 -1.5066667 -0.08,0.86 0.24 8.98,64 25 43,23
123,01110011,00000000,0.27069092 0.005493164 -0.08483887 -0.9588623,0.8111111 -1.2066667 0.63222224,-0.79 -0.42 10.1,62 23 41,23
124,01110011,00000000,0.28796387 -0.012023926 -0.093322754 -0.9529419,0.20333333 -1.2244444 1.3411111,0.93 0.33 9.21,60 22 39,23
125,01110011,00000000,0.31622314 -0.03186035 -0.093688965 -0.9434204,-0.22777778 -1.2088889 2.2633333,-0.15 -0.21 9.82,58 21 38,23
126,01110011,00000000,0.35650635 -0.04937744 -0.084472656 -0.9291382,-0.8111111 -0.68777776 3.078889,0.63 -0.29 9.82,56 18 37,23
127,01110011,00000000,0.40673828 -0.059020996 -0.06286621 -0.9094238,-1.4122223 0.107777774 3.9266667,1.75 0.06 8.73,57 13 37,23
128,01110011,00000000,0.46258545 -0.057800293 -0.032348633 -0.8840332,-1.5177778 1.0933334 4.48,-0.44 -1.65 10.06,64 5 37,23
129,01110011,00000000,0.51849365 -0.045410156 -0.0029296875 -0.8538208,-1.1833333 1.7911111 4.4755554,-0.01 -2.09 10.61,80 0 38,23
130,01110011,00000000,0.5682373 -0.024902344 0.020935059 -0.82214355,-0.52555555 1.9388889 4.2966666,0.24 -1.38 9.57,100 0 39,23
131,01110011,00000000,0.6092529 -0.00024414062 0.037719727 -0.7920532,0.104444444 2.028889 3.6288888,-0.48 -1.18 10.68,117 5 40,23
132,01110011,00000000,0.63964844 0.024902344 0.05102539 -0.7664795,0.20111111 1.8955555 2.778889,0.52 -0.89 10,129 16 41,23
133,01110011,00000000,0.65979004 0.046447754 0.059936523 -0.7475586,0.4211111 1.36 1.7233334,-0.21 -0.89 10.02,136 26 42,23
134,01110011,00000000,0.67266846 0.0625 0.060180664 -0.73480225,0.62 0.89555556 1.278889,-0.74 -1.13 10.54,136 35 42,23
135,01110011,00000000,0.6810303 0.07196045 0.05255127 -0.7267456,0.76 -0.06666667 0.83666664,-0.69 -0.39 9.45,133 43 42,23
136,01110011,00000000,0.6893921 0.072753906 0.042053223 -0.7194214,0.55 -0.4422222 0.87222224,-0.64 -0.03 9.43,127 48 42,23
137,01110011,00000000,0.7022705 0.066223145 0.031555176 -0.70806885,0.07777778 -0.80777776 1.1711111,-0.12 -0.12 9.94,122 51 42,23
138,01110011,00000000,0.72180176 0.053771973 0.021911621 -0.6895752,-0.23777778 -1.09 1.9044445,-0.26 -0.27 9.48,117 52 42,23
139,01110011,00000000,0.74938965 0.037109375 0.013916016 -0.6608887,-0.61444443 -1.1 2.82,-0.63 -0.07 9.33,111 51 43,23
140,01110011,00000000,0.7839966 0.01940918 0.010437012 -0.6203003,-0.89666665 -0.98 3.6855555,-0.59 0.1 9.43,105 47 44,23
141,01110011,00000000,0.82263184 0.0015869141 0.013977051 -0.5683594,-1.1944444 -0.52555555 4.571111,0.43 -0.91 9.9,99 41 46,23
142,01110011,00000000,0.86151123 -0.0138549805 0.024047852 -0.50683594,-1.4 -0.046666667 5.1077776,-0.5 -0.59 9.15,97 32 48,23
143,01110011,00000000,0.8972168 -0.024719238 0.03894043 -0.43902588,-1.2555555 0.34555554 5.363333,-0.41 -1.33 9.66,100 21 50,23
144,01110011,00000000,0.92681885 -0.026550293 0.05328369 -0.3706665,-0.7 0.70666665 5.2755556,-0.61 -2.4 9.93,107 13 53,23
145,01110011,00000000,0.9493408 -0.020080566 0.064331055 -0.30688477,-0.08777778 0.6522222 4.801111,135.4 -2.56 9.66,115 12 56,23
146,01110011,00000000,0.965271 -0.008911133 0.07141113 -0.25079346,0.4188889 0.56 4.148889,-0.15 -2.04 10.49,120 18 59,23
147,01110011,00000000,0.9727783 0.00036621094 0.07373047 -0.21954346,0.63 0.38 3.3,0.37 -1.23 10.23,122 28 61,23
148,01110011,00000000,0.982666 0.01739502 0.071899414 -0.16986084,0.73333335 -0.052222222 2.6333334,0.58 -1.06 9.86,121 37 63,23
149,01110011,00000000,0.9873047 0.028564453 0.06414795 -0.14208984,0.7188889 -0.32666665 1.9933333,0.44 -1.05 10.42,117 45 65,23
150,01110011,00000000,0.9906616 0.036865234 0.053649902 -0.119384766,0.5477778 -0.67444444 1.6833333,1 -0.55 9.72,112 50 67,23
151,01110011,00000000,0.9934082 0.039916992 0.042114258 -0.09838867,0.2611111 -0.69 1.5377778,-0.87 -0.56 9.75,107 53 68,23
152,01110011,00000000,0.99591064 0.03765869 0.029907227 -0.076171875,-0.11 -0.8055556 1.5433333,0.19 -0.73 9.98,103 55 69,23
153,01110011,00000000,0.98443604 0.033691406 0.017333984 -0.051879883,-0.26777777 31.003334 -22.187778,0.41 -0.31 9.12,100 55 70,23
154,01110011,00000000,0.9992676 0.02722168 0.006652832 -0.024841309,-0.40222222 -0.7722222 1.9244444,0.82 0.05 8.92,97 54 72,23
155,01110011,00000000,0.9998169 0.01727295 0.00048828125 0.005065918,-0.7633333 -0.35333332 2.0655556,0.79 -1.14 9.17,95 52 74,23
156,01110011,00000000,0.9993286 0.005859375 0.0010375977 0.03527832,-0.75777775 0.06666667 2.2133334,-0.04 -1.2 9.26,95 50 76,23
157,01110011,00000000,0.99853516 -0.0014648438 0.0036621094 0.05340576,-0.76222223 0.31555554 1.8155556,0.75 -1.69 10.12,97 49 78,23
158,01110011,00000000,0.9963379 -0.01550293 0.0068969727 0.08319092,-0.77555555 0.21222222 1.5111111,-0.04 -0.44 9.44,100 49 80,23
159,01110011,00000000,0.9944458 -0.027404785 0.012145996 0.10076904,-0.7788889 0.36666667 1.3144444,1.86 -1.15 8.73,102 49 81,23
160,01110011,00000000,0.9927368 -0.03717041 0.0256958 0.111206055,-0.6288889 1.0111111 0.72888887,1.74 -2.09 9.45,105 50 82,23
161,01110011,00000000,0.99243164 -0.03942871 0.037231445 0.11010742,-0.101111114 0.90555555 -0.09111111,-0.19 -2.62 10.6,108 54 83,23
162,01110011,00000000,0.99346924 -0.03564453 0.036987305 0.10101318,0.34888887 -0.04222222 -0.59444445,-77.02 -0.05 -0.01,108 59 84,23
163,01110011,00000000,0.9949341 -0.031982422 0.03265381 0.08905029,0.31111112 -0.37777779 -0.86444443,0.61 -1.18 9.94,107 61 84,23
164,01110011,00000000,0.9956665 -0.033325195 0.03387451 0.07952881,-0.21 0.29555556 -1.0588889,1.18 -0.72 9.77,107 62 84,23
165,01110011,00000000,0.99658203 -0.04058838 0.04724121 0.053100586,-0.31444445 0.9088889 -1.4222223,1.56 -2.14 10.17,107 65 84,23
166,01110011,00000000,0.99749756 -0.040893555 0.049926758 0.025756836,0.08555555 0.35222223 -1.9522222,-2.2 -1.96 9.57,105 70 84,23
167,01110011,00000000,0.99871826 -0.03515625 0.036132812 -0.0029907227,0.55222225 -0.95 -2.0133333,-1.07 -1.01 9.3,104 72 84,23
168,01110011,00000000,0.9991455 -0.028381348 0.014709473 -0.025512695,0.5477778 -1.5322223 -1.6455555,0.73 -1.12 9.92,106 69 83,23
169,01110011,00000000,0.99884033 -0.019104004 -0.00012207031 -0.04345703,0.6622222 -1.0144445 -1.2577778,1.88 -2.03 11.99,109 65 83,23
170,01110011,00000000,0.98443604 -0.011962891 -0.0059814453 -0.059509277,0.52111113 -0.30222222 -3.4144444,2.04 -0.6 11.19,109 62 83,23
171,01110011,00000000,0.9970703 -0.013427734 -0.009399414 -0.074035645,-0.09888889 -0.21222222 -0.9766667,0.45 -0.63 10.75,108 61 83,23
172,01110011,00000000,0.9961548 -0.020202637 -0.008605957 -0.08465576,-0.4722222 -0.04 -0.75555557,2.19 -1.81 10.35,108 62 83,23
173,01110011,00000000,0.99487305 -0.023803711 0.010070801 -0.097229004,-0.38444445 1.2633333 -0.7911111,3.98 -2.51 10.03,109 64 83,23
174,01110011,00000000,0.99121094 -0.023986816 0.044128418 -0.12194824,-0.27222222 2.5222223 -1.7322222,0.59 -2.87 10.36,108 69 83,23
175,01110011,00000000,0.9841919 -0.021362305 0.06536865 -0.1630249,0.10666667 1.6922222 -2.8622222,-2.58 -3.3 11.45,100 78 82,23
176,01110011,00000000,0.97595215 -0.016357422 0.054992676 -0.21020508,0.7588889 -0.5911111 -3.4133334,-0.9 -2.03 12,90 83 81,23
177,01110011,00000000,0.9671631 -0.0134887695 0.034423828 -0.2514038,0.67777777 -1.37 -2.9166667,0.44 -0.94 10.09,92 78 79,23
178,01110011,00000000,0.9578247 -0.010925293 0.020080566 -0.28631592,0.44444445 -0.9166667 -2.5877779,2.48 -1.98 11.42,98 72 77,23
179,01110011,00000000,0.9483032 -0.005493164 0.01361084 -0.31695557,0.5133333 -0.23333333 -2.2622223,0.33 -1.65 -0.01,101 69 76,23
180,01110011,00000000,0.9383545 0.0037231445 0.004760742 -0.34552002,0.8277778 -0.3188889 -2.0644445,-0.47 -2.08 9.45,100 67 75,23
181,01110011,00000000,0.9273071 0.015930176 -0.01184082 -0.37365723,1.3 -0.85 -2.1366668,0.96 -1.06 10.4,99 64 74,23
182,01110011,00000000,0.91674805 0.022460938 -0.022949219 -0.3980713,0.73333335 -0.6588889 -1.8388889,1.7 1.43 7.85,99 58 73,23
183,01110011,00000000,0.9089966 0.015014648 -0.016784668 -0.41601562,-0.75666666 0.18444444 -1.3755555,2.66 -0.03 8.01,99 55 72,23
184,01110011,00000000,0.90374756 0.0012817383 0.0067749023 -0.42785645,-1.5611111 1.1088889 -0.89444447,1.73 -1.75 9.03,100 59 71,23
185,01110011,00000000,0.90075684 -0.0056152344 0.028442383 -0.43322754,-1.5766667 1.7766666 -0.64,0.45 -2.37 8.93,101 66 70,23
186,01110011,00000000,0.89294434 -0.011169434 0.05883789 -0.4459839,-0.8088889 1.2255555 -0.8422222,-0.91 -3.02 8.5,102 74 69,23
187,01110011,00000000,0.8751221 -0.010681152 0.06384277 -0.4569702,-0.06 0.3511111 -0.8744444,-0.44 -1.84 8.49,102 80 68,23
188,01110011,00000000,0.8812256 -0.005859375 0.066101074 -0.4678955,0.32777777 0.28111112 -0.8277778,0.35 -2.12 9.79,101 83 67,23
189,01110011,00000000,0.87561035 -0.003479004 0.06585693 -0.4784546,0.13111112 0.15111111 -0.8611111,0.18 -1.72 10.42,99 85 66,23
190,01110011,00000000,0.87268066 -0.0061035156 0.05505371 -0.48510742,0.26777777 -0.7266667 -0.5188889,-2.41 -2.16 10.67,98 87 65,23
191,01110011,00000000,0.87384033 -0.0072631836 0.03161621 -0.4850464,0.7122222 -1.56 0.053333335,-0.36 -0.76 9.11,98 86 64,23
192,01110011,00000000,0.87835693 -0.0060424805 0.006958008 -0.47784424,0.90555555 -1.4377778 0.5911111,0.19 -1.06 9.71,96 83 64,23
193,01110011,00000000,0.8857422 -0.0043945312 -0.012939453 -0.46392822,0.7877778 -1.1955556 1.0833334,-0.27 -0.72 10.19,92 81 64,23
194,01110011,00000000,0.8953247 -0.0053100586 -0.034179688 -0.4439087,0.63222224 -1.3 1.5222223,-0.42 -0.59 9.5,88 80 64,23
195,01110011,00000000,0.90734863 -0.009094238 -0.05493164 -0.41656494,0.54 -1.4811112 2.1388888,0.4 -0.38 9.26,83 79 64,23
196,01110011,00000000,0.9215088 -0.010986328 -0.059936523 -0.38342285,0.11777778 -0.34444445 2.5077777,1.51 0.05 -88.14,72 4 65,23
197,01110011,00000000,0.9352417 -0.011962891 -0.04156494 -0.35125732,-0.35777777 1.2677778 2.471111,1.43 0.18 8.65,75 76 66,23
198,01110011,00000000,0.9454346 -0.014831543 -0.015197754 -0.3250122,-0.79888886 1.6766666 1.9855555,0.07 -1.29 9.47,83 77 67,23
199,01110011,00000000,0.95196533 -0.015136719 0.006591797 -0.305542,-0.48777777 1.4811112 1.5144445,-0.02 -2.01 10.88,92 78 68,23
200,01110011,00000000,0.9553833 -0.008483887 0.01940918 -0.29437256,0.14444445 0.9677778 0.8277778,-0.69 -2.01 11.27,98 81 69,23
201,01110011,00000000,0.9567261 -0.0033569336 0.018859863 -0.29016113,0.36333334 0.14222223 0.28,-2.4 -0.75 10.5,99 84 69,23
202,01110011,00000000,0.958374 -0.007385254 0.0015258789 -0.28527832,0.09888889 -1.3155556 0.38444445,-2.82 -0.49 10.06,98 85 69,23
203,01110011,00000000,0.9621582 -0.014587402 -0.030639648 -0.2703247,0.08222222 -2.328889 1.0355556,-0.45 -1.56 10.12,97 82 69,23
204,01110011,00000000,0.9674072 0.0022583008 0.004699707 -0.010192871,0.69222224 -2.8988888 2,-1.77 -1.9 10.43,92 77 70,23
205,01110011,00000000,0.9723511 -0.015380859 -0.12176514 -0.19866943,1.2344445 -3.3877778 2.931111,-1.21 -0.76 9.84,80 72 71,23
206,01110011,00000000,0.97491455 -0.013977051 -0.17053223 -0.14215088,1.3188889 -3.3377779 3.8744445,-0.24 -0.14 9.32,59 70 73,23
207,01110011,00000000,0.975647 -0.01965332 -0.20452881 -0.07611084,0.7722222 -2.498889 4.62,1.58 -0.02 8.8,33 70 75,23
208,01110011,00000000,0.9753418 -0.03265381 -0.21807861 -0.0064697266,0.11666667 -1.0644444 4.9255557,1.21 -1.26 9.34,12 68 78,23
209,01110011,00000000,0.9737549 -0.043395996 -0.21484375 0.05999756,0.31 0.05888889 4.8,0.19 -2.21 9.49,6 64 81,23
210,01110011,00000000,0.97180176 -0.0446167 -0.20056152 0.114868164,0.8377778 0.76 3.8144445,1.27 -1.49 9.37,11 64 84,23
211,01110011,00000000,0.97106934 -0.044128418 -0.17852783 0.15197754,0.6344444 1.59 2.18,0.87 -0.48 9.41,19 70 86,23
212,01110011,00000000,0.9725342 -0.04650879 -0.15179443 0.16992188,0.34 1.8744445 1.3211111,1.16 -1.15 9.72,29 74 88,23
213,01110011,00000000,0.97558594 -0.047729492 -0.12988281 0.17022705,0.18888889 1.3366667 -0.29777777,0.24 -2.27 10.29,208 -1024 -1793,23
214,01110011,00000000,0.9794922 -0.04559326 -0.11590576 0.15777588,0.25333333 0.94 -0.86444443,0.83 -1.27 9.35,39 78 89,23
215,01110011,00000000,0.98394775 -0.0423584 -0.107543945 0.13580322,0.12 0.6166667 -1.5644444,1.03 -1.47 9.46,40 78 89,23
216,01110011,00000000,0.9883423 -0.03955078 -0.10064697 0.1071167,0.034444444 0.55 -2.0822222,0.89 -2.16 10.35,41 78 89,23
217,01110011,00000000,0.9923706 -0.03302002 -0.09362793 0.0725708,0.22777778 0.5877778 -2.3955555,0.57 -2.16 10.23,42 78 89,23
218,01110011,00000000,0.9954834 -0.022338867 -0.085876465 0.032043457,0.52555555 0.6344444 -2.942222,0.05 -1.66 9.44,42 77 88,23
219,01110011,00000000,0.9967041 -0.010986328 -0.077819824 -0.01574707,0.56333333 0.62777776 -3.3788888,0.21 -2.16 10.27,40 75 87,23
220,01110011,00000000,0.99542236 -0.0018310547 -0.066711426 -0.068237305,0.37666667 0.8066667 -3.7033334,1.21 -1.96 10.03,37 72 86,23
221,01110011,00000000,0.9908447 0.004699707 0.007751465 -0.011413574,0.115555555 1.1711111 -3.9922223,1.71 -2.23 10.08,33 71 84,23
222,01110011,00000000,0.9824219 0.007019043 -0.025939941 -0.18481445,-0.2211111 1.6255555 -4.3177776,0.53 -1.76 9.97,27 73 82,23
223,01110011,00000000,0.96972656 0.0029907227 -0.00024414062 -0.24401855,-0.8433333 1.5966667 -4.2377777,-0.57 -1.5 9.11,17 79 80,23
224,01110011,00000000,0.9543457 -0.005554199 0.019897461 -0.29779053,-0.8977778 1.0355556 -3.7544444,-0.24 -2.63 10.5,10 90 78,23
225,01110011,00000000,0.9382324 -0.015014648 0.034851074 -0.34381104,-0.85888886 0.7877778 -3.2133334,0.1 -1.93 10.65,9 99 76,23
226,01110011,00000000,0.9187622 -0.029541016 0.053833008 -0.39001465,-1.0388889 0.68222225 -2.5344443,0.47 -1.32 10.28,11 106 74,23
227,01110011,00000000,0.9075928 -0.04058838 0.07122803 -0.41168213,-1.16 0.95111114 -1.7511111,0.6 -1.46 10.07,15 113 72,23
228,01110011,00000000,0.8998413 -0.04876709 0.09088135 -0.42370605,-1.0266666 1.1055555 -0.96444446,1.17 -1.99 10.63,19 119 71,23
229,01110011,00000000,0.8968506 -0.053100586 0.10467529 -0.42633057,-0.99666667 1.1366667 -0.19222222,1.29 -1.83 12.11,24 124 70,23
230,01110011,00000000,0.89593506 -0.060791016 0.13421631 -0.41888428,-1.1022222 1.1866666 0.48,1.24 -1.75 11.3,30 206 -4353,23
231,01110011,00000000,0.8983154 -0.061157227 0.15808105 -0.40527344,-0.84555554 1.4777777 1.0455556,1.24 -2.27 11.59,38 129 69,23
232,01110011,00000000,0.9015503 -0.055114746 0.18206787 -0.38861084,-0.42 1.5422223 1.3166667,0.02 -1.47 11.32,47 132 69,23
233,01110011,00000000,0.9053955 -0.046203613 0.19891357 -0.37194824,-0.15333334 1.2377778 1.3366667,0.11 -1.57 10.72,55 136 69,23
234,01110011,00000000,0.9116211 -0.03918457 0.2041626 -0.35443115,0.11666667 0.38555557 1.3633333,-1.3 -1.09 10.8,61 140 69,23
235,01110011,00000000,0.9199219 -0.032043457 0.20166016 -0.33465576,0.25 -0.2211111 1.6044445,0.51 -1.04 10.43,64 143 69,23
236,01110011,00000000,0.92858887 -0.023010254 0.19769287 -0.31292725,0.36333334 -0.19 1.6722223,1.48 -1.14 10.83,65 144 70,23
237,01110011,00000000,0.93670654 -0.013366699 0.19470215 -0.29058838,0.4311111 -0.11111111 1.83,-1.33 -1.2 10.12,65 146 71,23
238,01110011,00000000,0.9445801 -0.003112793 0.18835449 -0.010437012,0.4811111 -0.37111112 1.6877778,-0.38 0.14 9.76,65 148 72,23
239,01110011,00000000,0.9530029 0.0045776367 0.17700195 -0.24542236,0.42555556 -0.66555554 1.7944444,-1.41 -0.36 9.5,64 149 73,23
240,01110011,00000000,0.9616089 0.011962891 0.16375732 -0.21966553,0.43222222 -0.91333336 2.01,0.87 -0.16 9.03,62 149 74,23
241,01110011,00000000,0.96990967 0.017028809 0.15014648 -0.1906128,0.18555556 -0.8922222 2.0822222,1.26 -0.03 9.87,59 149 75,23
242,01110011,00000000,0.9784546 0.016296387 0.13635254 -0.1538086,-0.24 -0.94666666 2.6666667,-0.76 -0.46 10.44,56 148 76,23
243,01110011,00000000,0.98669434 0.0138549805 0.12133789 -0.10687256,-0.48333332 -1.1644444 3.308889,0.7 -0.91 9.78,53 144 77,23
244,01110011,00000000,0.99279785 0.016296387 0.10656738 -0.052001953,-0.072222225 -0.93666667 4.0477777,-0.28 -0.67 9.36,48 138 79,23
245,01110011,00000000,0.9951782 0.020935059 0.095214844 0.007751465,-0.08777778 -0.6311111 4.2766666,-1.19 -0.3 9.26,43 135 81,23
246,01110011,00000000,0.9935303 0.026000977 0.08581543 0.06945801,-0.045555554 -0.58 4.3533335,-1.06 0.14 8.65,40 132 83,23
247,01110011,00000000,0.987854 0.03112793 0.0758667 0.13165283,-0.09777778 -0.59555554 4.401111,0.32 0.11 8.79,37 130 255,23
248,01110011,00000000,0.97784424 0.03564453 0.066711426 0.19500732,-0.072222225 -0.44666666 4.5244446,1.16 -0.8 9.94,34 127 88,23
249,01110011,00000000,0.96362305 0.037231445 0.062316895 0.2571411,-0.16111112 -0.12888889 4.516667,0.12 0.05 9.11,32 125 91,23
250,01110011,00000000,0.94537354 0.031982422 0.06512451 0.31762695,-0.49555555 0.4977778 4.3966665,-0.03 0.6 9.87,33 123 94,23
251,01110011,00000000,0.923645 0.017150879 0.07775879 0.37493896,-0.9388889 1.3655555 4.192222,2.21 0.07 9.78,41 119 97,23
252,01110011,00000000,0.8991089 -0.0029907227 0.10089111 0.42590332,-1.0044445 2.27 3.8255556,0.8 -1.59 11.02,56 115 100,23
253,01110011,00000000,0.87615967 -0.019592285 0.1326294 0.4628296,-0.38222224 2.6855555 2.91,-0.65 -2.78 12.11,77 113 103,23
254,01110011,00000000,0.86083984 -0.027770996 0.16320801 0.48101807,0.28777778 2.3233333 1.5866667,-0.07 -2.52 11.47,94 119 105,23
255,01110011,00000000,0.8563843 -0.028869629 0.18701172 0.48028564,0.7544444 1.5333333 0.1388889,-0.7 -1.08 10.69,101 127 107,23
0,01110011,00000000,0.8619385 -0.028381348 0.20172119 0.4640503,0.73777777 0.86 -1.1544445,1.09 -1.76 10.54,100 133 108,23
1,01110011,00000000,0.8751221 -0.025817871 0.2078247 0.43603516,0.7588889 0.17888889 -2.0911112,-0.51 -2.5 10.79,96 135 108,23
2,01110011,00000000,0.89276123 -0.019592285 0.20928955 0.39831543,1.0044445 -0.27555555 -2.7566667,0.89 -1.7 9.06,94 134 108,23
3,01110011,00000000,0.9126587 -0.011230469 0.20751953 0.35180664,1.1722223 -0.56 -3.3477778,0.19 -2.04 10.22,93 130 107,23
4,01110011,00000000,0.9332886 -0.0017700195 0.20025635 0.29803467,1.2122222 -0.9588889 -3.8355556,-0.46 -2.02 10.3,94 123 106,23
5,01110011,00000000,0.9519043 0.0072021484 0.18884277 0.24108887,1.1366667 -1.2 -3.9822223,0.4 -1.13 8.94,98 114 105,23
6,01110011,00000000,0.9672241 0.016418457 0.1762085 0.18182373,1.1722223 -1.2655555 -4.0866666,0.34 -2.48 10.72,104 105 103,23
7,01110011,00000000,0.97821045 0.027282715 0.1663208 0.120666504,1.3555555 -1.0255556 -4.1244445,0.93 -2.14 10.2,110 95 101,23
8,01110011,00000000,0.98461914 0.039489746 0.16021729 0.05633545,1.5377778 -0.7322222 -4.2944446,1 -2.21 9.93,113 85 99,23
9,01110011,00000000,0.9859009 0.05102539 0.15875244 -0.012145996,1.5833334 -0.34777778 -4.588889,0.56 -1.85 10.41,113 74 97,23
10,01110011,00000000,0.9835205 0.05670166 0.16046143 -0.060180664,1.3711112 0.0022222223 -4.943333,0.87 -2.06 11.06,110 63 95,23
11,01110011,00000000,0.97039795 0.06201172 0.17059326 -0.15911865,1.0611111 0.45 -5.1833334,2 -2.43 11.14,105 54 92,23
12,01110011,00000000,0.9525757 0.06262207 0.18206787 -0.23547363,0.88222224 0.69222224 -5.4466667,0.82 -3.26 11.32,96 49 89,23
13,01110011,00000000,0.9281616 0.06323242 0.19122314 -0.3128662,1.0444444 0.51222223 -5.601111,0.47 -3.41 11.69,85 47 86,23
14,01110011,00000000,0.89715576 0.06573486 0.19628906 -0.39001465,1.2577778 0.4722222 -5.668889,1.1 -2.63 10.83,76 43 83,23
15,01110011,00000000,0.8592529 0.0703125 0.2000122 -0.46539307,1.4 0.57666665 -5.791111,-0.16 -3.54 11.5,67 36 80,23
16,01110011,00000000,0.8133545 0.079711914 0.20202637 -0.5396118,1.8033333 0.7111111 -5.811111,1.22 -3.85 11.19,57 28 76,23
17,01110011,00000000,0.7576294 0.09399414 0.20202637 -0.6134033,2.228889 0.91888887 -6.15,0.08 -4.16 12.24,45 16 72,23
18,01110011,00000000,0.68969727 0.11218262 0.20159912 -0.6862793,2.458889 1.2066667 -6.5277777,0.97 -3.86 11.2,29 0 68,23
19,01110011,00000000,0.6088867 0.13311768 0.20288086 -0.755188,2.5522223 1.6477778 -6.9566665,1.24 -3.1 10.72,9 0 64,23
20,01110011,00000000,0.51446533 0.15386963 0.20922852 -0.8171387,2.31 2.1944444 -7.5055556,1 -3.58 11.85,4 0 64,23
21,01110011,00000000,0.40734863 0.1716919 0.22271729 -0.86883545,1.5977777 2.5966666 -8.108889,-0.08 -3.11 11.16,4 2 65,23
22,01110011,00000000,0.2902832 0.18408203 0.24035645 -0.90771484,1.2777778 2.6133332 -8.371111,0.43 -3.25 11.13,4 5 66,23
23,01110011,00000000,0.16436768 0.19073486 0.26098633 -0.93188477,0.84555554 2.7066667 -8.668889,0.65 -4.21 11.83,4 9 67,23
24,01110011,00000000,0.032836914 0.19360352 0.2822876 -0.93896484,0.55333334 2.6855555 -8.941112,1.2 -3.48 10.72,4 13 68,23
25,01110011,00000000,-0.109375 0.19329834 0.30187988 -0.92803955,0.27 27.875555 0.2822222,0.6 -4 11.14,4 17 68,23
26,01110011,00000000,-0.23187256 0.19152832 0.3182373 -0.8989258,0.1388889 2.9366667 -9.055555,1.49 -4.24 10.92,4 20 69,23
27,01110011,00000000,-0.3587036 0.19104004 0.3305664 -0.8517456,-0.14777778 3.1955554 -8.934444,1.93 -4.21 10.81,4 23 70,23
28,01110011,00000000,-0.47784424 0.19537354 0.3397827 -0.78601074,-0.56222224 3.7366667 -8.898889,3.1 -3.78 10.2,4 27 71,23
29,01110011,00000000,-0.5873413 0.2074585 0.34429932 -0.7023926,-1.1788889 4.2255554 -8.608889,1.28 -3.95 10.49,4 31 72,23
30,01110011,00000000,-0.68115234 0.22357178 0.34545898 -0.6054077,-1.7255555 4.4877777 -8.315556,1.38 -3.95 10.41,4 35 73,23
31,01110011,00000000,-0.7564697 0.24060059 0.34509277 -0.5007324,-2.1255555 4.2055554 -7.8188887,0.48 -3.95 11.02,4 40 74,23
32,01110011,00000000,-0.8121948 0.26000977 0.34265137 -0.39385986,-2.6366668 3.9288888 -7.161111,1.44 -3.55 10.63,4 45 75,23
33,01110011,00000000,-0.850647 0.28149414 0.335083 -0.2911377,-2.7733333 3.8555555 -5.998889,1.75 -3.69 10.51,4 51 76,23
34,01110011,00000000,-0.8773804 0.30181885 0.3180542 -0.19451904,-2.54 4.038889 -5.28,-257.45 -0.12 -0.01,4 57 77,23
35,01110011,00000000,-0.89678955 0.3180542 0.28979492 -0.10266113,-2.2944446 4.287778 -4.9155555,1.98 -3.5 9.06,4 63 77,23
36,01110011,00000000,-0.9098511 0.3287964 0.25250244 -0.013793945,-1.9266666 4.7588887 -4.658889,0.83 -3.73 9.53,4 68 77,23
37,01110011,00000000,-0.9151001 0.33569336 0.21087646 0.07318115,-1.8 4.78 -4.4955554,0.92 -3.76 10.65,4 72 77,23
38,01110011,00000000,-0.9119873 0.33984375 0.16772461 0.1564331,-1.7833333 4.628889 -4.248889,0.76 -3.01 9.17,4 76 77,23
39,01110011,00000000,-0.90234375 0.3395996 0.12402344 0.23425293,-1.66 4.5522223 -4.12,0.27 -3.95 10.47,4 80 77,23
40,01110011,00000000,-0.8865967 0.33587646 0.08087158 0.30737305,-1.4644444 4.4544444 -3.838889,0.62 -3.14 9.38,4 84 77,23
41,01110011,00000000,-0.8656616 0.3303833 0.03857422 0.3741455,-1.4311111 4.16 -3.6777778,1.13 -3.42 10.21,4 88 77,23
42,01110011,00000000,-0.84350586 0.32232666 -0.0009765625 0.4336548,-1.1911111 3.8888888 34.985554,0.22 -2.96 9.77,4 92 77,23
43,01110011,00000000,-0.8153076 0.31121826 -0.039245605 0.48669434,-1.0377778 3.7377777 -2.958889,1 -3.34 10.16,4 96 77,23
44,01110011,00000000,-0.78826904 0.29840088 -0.0736084 0.532959,-0.82555556 3.297778 -2.7233334,-0.19 -3.14 11.02,4 101 77,23
45,01110011,00000000,-0.76312256 0.2857666 -0.10064697 0.57073975,-0.58555555 2.74 -2.2144444,0.61 -2.52 11.5,4 106 76,23
46,01110011,00000000,-0.74139404 0.27453613 -0.12347412 0.5996704,-0.49333334 2.2266667 -1.6855556,0.03 -2.47 11.36,4 115 74,23
47,01110011,00000000,-0.72540283 0.26409912 -0.140625 0.619751,-0.19666667 1.6366667 -1.0733334,-1.01 -1.96 11.28,8 123 72,23
48,01110011,00000000,-0.71759033 0.25256348 -0.14996338 0.6314697,0.29444444 1.1466666 -0.41555557,-0.72 -1.76 11.01,15 128 70,23
49,01110011,00000000,-0.71777344 0.23614502 -0.15545654 0.63623047,0.7866667 1.1 0.23111111,0.86 -2.22 11.38,22 132 68,23
50,01110011,00000000,-0.72180176 0.21569824 -0.15673828 0.6386719,1.0933334 1.0177778 0.3422222,-0.85 -1.76 11.23,29 136 67,23
51,01110011,00000000,-0.72875977 0.19158936 -0.15039062 0.6398926,1.7255555 0.6711111 0.41,0.83 -2.18 -0.01,35 140 66,23
52,01110011,00000000,-0.73498535 0.1642456 -0.13952637 0.6428833,1.9577777 0.6788889 0.29222223,0.25 -1.55 10.78,38 144 65,23
53,01110011,00000000,-0.73651123 0.13598633 -0.12475586 0.6506958,2.248889 0.5477778 -0.42,0.65 -2.56 12.06,40 147 64,23
54,01110011,00000000,-0.73291016 0.10882568 -0.10723877 0.66296387,2.2422223 0.43888888 -0.7488889,1.04 -1.98 11.77,40 146 63,23
55,01110011,00000000,-0.7252197 0.08648682 -0.089538574 0.677124,2.047778 0.36222222 -1.0555556,-1.53 -0.99 10.55,39 143 62,23
56,01110011,00000000,-0.7155762 0.070739746 -0.07342529 0.690979,1.5922222 -0.0044444446 -1.1788889,0.21 -0.47 9.95,38 139 60,23
57,01110011,00000000,-0.70825195 0.061157227 -0.0579834 0.70080566,1.2255555 -0.15666667 -0.88,-0.63 -0.62 10.01,38 134 58,23
58,01110011,00000000,-0.70654297 0.055114746 -0.04522705 0.7039795,0.9633333 -0.40111113 -0.27888888,1.22 -0.85 10.01,39 131 57,23
59,01110011,00000000,-0.7186279 0.050109863 -0.0335083 0.69921875,0.7911111 -0.30222222 0.49333334,0.54 -1.06 10.23,41 128 56,23
60,01110011,00000000,-0.7252197 0.045410156 -0.023254395 0.6865845,0.7922222 -0.4211111 1.2355555,-0.58 -0.23 9.44,42 127 55,23
61,01110011,00000000,-0.74468994 0.04095459 -0.013366699 0.6659546,0.6988889 -0.32555556 1.9822222,-0.55 -0.51 9.26,42 127 55,23
62,01110011,00000000,-0.7692261 0.03552246 -0.0053100586 0.6378784,0.7222222 -0.3422222 2.578889,1.04 -0.9 9.88,42 127 55,23
63,01110011,00000000,-0.79644775 0.027832031 0.0014038086 0.6040039,0.7722222 -0.037777778 3.0755556,-1.3 -0.61 9.5,42 128 56,23
64,01110011,00000000,-0.82421875 0.017700195 0.0067749023 0.56585693,0.8388889 0.013333334 3.2555556,-0.47 -0.24 8.99,43 131 57,23
65,01110011,00000000,-0.85046387 0.0078125 0.012084961 0.52575684,0.8744444 0.06666667 3.41,0.49 -0.75 9.4,44 134 58,23
66,01110011,00000000,-0.87542725 6.1035156E-05 0.01763916 0.48291016,0.6755555 -0.046666667 3.411111,-0.55 0.01 9.04,45 138 59,23
67,01110011,00000000,-0.8989868 -0.00390625 0.021850586 0.4373169,0.48777777 -0.12888889 3.6433334,0.04 0.14 8.7,45 140 60,23
68,01110011,00000000,-0.92211914 -0.004333496 0.02331543 0.38616943,0.10333333 0.032222223 3.8866668,-0.46 0.68 -326.9,4 140 62,23
69,01110011,00000000,-0.9439697 -0.0018920898 0.020141602 0.32928467,-0.12444445 0.11666667 4.3044443,1.05 0.02 8.87,47 138 64,23
70,01110011,00000000,-0.96429443 0.004272461 0.012268066 0.26434326,-0.52555555 0.48333332 4.7577777,1.52 0.57 8.68,50 134 66,23
71,01110011,00000000,-0.98132324 0.014282227 -0.001953125 0.19134521,-0.85 0.70666665 5.2933335,-0.24 0.91 8.94,58 128 68,23
72,01110011,00000000,-0.99334717 0.025878906 -0.020141602 0.109802246,-1.0966667 1.08 5.7966666,-0.11 -0.54 9.6,69 119 71,23
73,01110011,00000000,-0.99823 0.03363037 -0.04248047 0.022399902,-0.79 1.2611111 6.2011113,-0.65 -0.72 10.29,85 108 74,23
74,01110011,00000000,-0.9949341 0.03527832 -0.068115234 -0.064697266,-0.46444446 1.6233333 6.16,0.21 0.36 9.31,103 101 77,23
75,01110011,00000000,-0.98413086 0.03668213 -0.095214844 -0.14526367,-0.33333334 1.7733333 5.7855554,-0.33 1.02 9.37,123 100 81,23
76,01110011,00000000,-0.96765137 0.0119018555 0 -0.008483887,-0.53333336 1.4133333 5.3444443,-1.43 0.26 9.66,142 102 84,23
77,01110011,00000000,-0.9476929 0.040283203 -0.12976074 -0.2886963,-0.51111114 0.90555555 4.958889,-0.85 -0.34 10.58,156 101 87,23
78,01110011,00000000,-0.9237671 0.040649414 -0.1373291 -0.3550415,-0.49 0.5144445 4.9344444,-0.38 -0.34 10.36,163 100 90,23
79,01110011,00000000,-0.8953247 0.044006348 -0.14300537 -0.4194336,-0.75555557 0.5177778 4.85,-1.36 1.09 9.22,166 99 93,23
80,01110011,00000000,-0.8609619 0.053710938 -0.14093018 -0.48571777,-1.4977778 0.3188889 5.0133333,-2.73 1.63 8.84,170 95 96,23
81,01110011,00000000,-0.8153076 0.06512451 -0.12805176 -0.56085205,-2.088889 -0.2 5.903333,-0.46 0.38 9.61,174 84 100,23
82,01110011,00000000,-0.75250244 0.07562256 -0.11242676 -0.6444702,-2.25 -0.3077778 7.1144443,-1.19 0.62 9.04,174 62 104,23
83,01110011,00000000,-0.66986084 0.091308594 -0.10058594 -0.72991943,-2.4144444 0.29444444 8.09,-2.83 0.5 9.91,173 34 109,23
84,01110011,00000000,-0.5687866 0.12011719 -0.089904785 -0.80859375,-3.0633333 1.2155555 8.673333,-3.73 0.79 9.68,181 1 114,23
85,01110011,00000000,-0.45495605 0.1560669 -0.0736084 -0.87353516,-3.7666667 1.5822222 8.765555,-2.31 0.11 9.66,18 -340 -14849,23
86,01110011,00000000,-0.33538818 0.18310547 -0.059570312 -0.92211914,-3.3411112 1.2677778 8.602222,-3.69 -2.52 10.81,195 0 117,23
87,01110011,00000000,-0.2185669 0.2041626 -0.05883789 -0.9523926,-2.0988889 1.4177778 8.26,-1.63 -1.26 9.94,195 0 117,23
88,01110011,00000000,-0.111816406 0.22888184 -0.061157227 -0.96502686,-1.7922223 2.01 7.2388887,-0.77 -0.47 10.33,195 0 117,23
89,01110011,00000000,-0.01751709 0.2501831 -0.05706787 -0.9663086,-1.9988889 1.8188889 6.271111,-2.26 -1.08 10.39,195 2 117,23
90,01110011,00000000,0.06829834 0.25891113 -0.051086426 -0.96209717,-1.91 0.9777778 5.64,-2.66 -0.48 9.73,195 4 117,23
91,01110011,00000000,0.15142822 0.2597046 -0.047607422 -0.95251465,-1.7288889 0.5144445 5.596667,-1.36 -1.54 10.39,195 0 114,23
92,01110011,00000000,0.23486328 0.25909424 -0.04168701 -0.93585205,-1.851111 0.6188889 5.67,-1.29 0.2 9.67,192 0 111,23
93,01110011,00000000,0.32226562 0.2541504 0.00018310547 -0.009338379,-2.3888888 0.61 5.8966665,-2.45 -0.15 10.12,191 0 108,23
94,01110011,00000000,0.41619873 0.2420044 -0.016723633 -0.8762207,-2.7766666 0.32444444 6.5855556,-1.55 -0.15 9.38,192 0 106,23
95,01110011,00000000,0.5162964 0.22741699 -0.0028076172 -0.82562256,-2.8855555 0.44555557 7.4533334,-2.23 -0.28 10.13,192 0 104,23
96,01110011,00000000,0.61621094 0.21569824 0.014770508 -0.7572632,-3.01 1.0833334 7.9966664,-2.22 0.01 9.41,195 0 103,23
97,01110011,00000000,0.7073364 0.20800781 0.03656006 -0.67456055,-2.971111 1.7 8.163333,-1.93 -1.54 10.32,195 0 103,23
98,01110011,00000000,0.7828369 0.20227051 0.057128906 -0.58551025,-2.5766666 1.8933333 7.7188888,-2.3 -1.47 10.25,195 0 103,23
99,01110011,00000000,0.84155273 0.1986084 0.07165527 -0.4970703,-2.018889 1.6911111 7.0255556,-3.4 -1.85 10.43,195 0 103,23
100,01110011,00000000,0.8845825 0.1977539 0.08129883 -0.41430664,-1.4344444 1.4655555 6.291111,-0.75 -1.99 10.57,195 0 103,23
101,01110011,00000000,0.9151001 0.19781494 0.087524414 -0.34014893,-1.0133333 1.2533333 5.3977776,-1.9 -0.79 9.15,195 1 103,23
102,01110011,00000000,0.9369507 0.1973877 0.08654785 -0.27478027,-0.6511111 0.47777778 4.596667,-1.8 -1.17 10.4,195 165 3583,23
103,01110011,00000000,0.9538574 0.19567871 0.07647705 -0.21429443,-0.48444444 -0.12666667 4.386667,-0.58 -1.14 10.07,192 4 103,23
104,01110011,00000000,0.96728516 0.19317627 0.061401367 -0.15234375,-0.42333335 -0.29777777 4.538889,-1.21 -0.02 9.16,183 5 103,23
105,01110011,00000000,0.9770508 0.18804932 0.047607422 -0.08709717,-0.74333334 -0.07111111 4.7588887,-0.78 -0.5 10.25,173 6 104,23
106,01110011,00000000,0.98327637 0.17687988 0.03778076 -0.018920898,-1.17 0.22333333 4.811111,-0.31 -0.04 9.27,166 4 105,23
107,01110011,00000000,0.9848633 0.16265869 0.031066895 0.050476074,-1.1566666 0.37888888 4.8522224,-0.76 -0.96 9.89,164 0 106,23
108,01110011,00000000,0.9812012 0.15130615 0.02935791 0.11578369,-0.8977778 0.68777776 4.5344443,-0.69 -2.37 10.44,163 0 107,23
109,01110011,00000000,0.9741211 0.14355469 0.034362793 0.1708374,-0.51222223 1.0166667 3.8355556,0.16 -1.38 9.46,165 0 109,23
110,01110011,00000000,0.9663086 0.13702393 0.043884277 -0.0087890625,-0.3288889 1.2077777 2.8588889,-0.21 -1.37 10.06,167 4 110,23
111,01110011,00000000,0.96032715 0.12957764 0.054260254 0.24090576,-0.41111112 1.1233333 1.8166667,-0.16 -1.72 10.31,168 10 111,23
112,01110011,00000000,0.9567871 0.12194824 0.061828613 0.2565918,-0.43333334 0.7822222 1.0455556,-0.06 -0.86 9.28,166 16 112,23
113,01110011,00000000,0.95532227 0.1159668 0.06542969 0.2637329,-0.33888888 0.41333333 0.3988889,0.56 -1.09 9.83,162 22 112,23
114,01110011,00000000,0.95513916 0.110839844 0.06378174 0.2670288,-0.40666667 -0.0044444446 0.20555556,-0.2 -1.15 10.57,157 27 112,23
115,01110011,00000000,0.9547119 0.107177734 0.057556152 0.27124023,-0.3511111 -0.33333334 0.35444444,-0.39 -1.31 9.91,152 31 112,23
116,01110011,00000000,0.95306396 0.10455322 0.050842285 0.27941895,-0.30333334 -0.31111112 0.5822222,-0.18 -1.26 9.8,147 34 112,23
117,01110011,00000000,0.9503784 0.103149414 0.046081543 0.2897339,-0.23111111 -0.20333333 0.7822222,0.13 -2.08 10.63,143 37 112,23
118,01110011,00000000,0.94714355 0.103271484 0.042541504 0.3005371,-0.05666667 -0.17222223 0.8144444,0.01 -1.79 10.41,139 40 112,23
119,01110011,00000000,0.9437866 0.10046387 0.037902832 0.31256104,0.086666666 -0.043333333 0.86444443,0.63 -1.48 9.86,134 43 255,23
120,01110011,00000000,0.9402466 0.10070801 0.040893555 0.3225708,0.086666666 0.26222223 0.7511111,1.84 -1.25 10.08,130 46 112,23
121,01110011,00000000,0.9382324 0.09454346 0.048339844 0.3291626,-0.22666667 0.69666666 0.4211111,0.97 -1.27 9.95,126 50 112,23
122,01110011,00000000,0.9378052 0.08520508 0.057373047 0.33154297,-0.41666666 0.8622222 0.035555556,0.48 -1.66 10.66,123 54 112,23
123,01110011,00000000,0.9389038 0.074401855 0.0647583 0.32946777,-0.56666666 0.7111111 -0.23222223,0.64 -0.95 9.44,121 59 112,23
124,01110011,00000000,0.94104004 0.062194824 0.06896973 0.32531738,-0.69555557 0.5144445 -0.40222222,0.77 -1.16 9.35,119 64 112,23
125,01110011,00000000,0.9428711 0.051757812 0.07086182 0.32128906,-0.6166667 0.34333333 -0.40666667,-0.4 -1.27 10.26,118 68 112,23
126,01110011,00000000,0.9446411 0.039001465 0.06762695 0.3184204,-0.6611111 0.19444445 -0.22666667,0.79 -1.64 10.19,117 72 112,23
127,01110011,00000000,0.94506836 0.030395508 0.06567383 0.31866455,-0.6111111 0.07666667 -0.05888889,1.27 -2.03 10.67,116 75 112,23
128,01110011,00000000,0.94433594 0.024169922 0.0647583 0.3213501,-0.46222222 0.07777778 0.18111111,0.02 -0.83 9.4,116 77 112,23
129,01110011,00000000,0.94262695 0.015991211 0.066101074 0.32666016,-0.5188889 0.28333333 0.3288889,1.32 -1.28 10.16,115 79 112,23
130,01110011,00000000,0.9401245 0.0045776367 0.07092285 0.33312988,-0.6766667 0.5888889 0.46444446,0.83 -0.66 9.67,115 81 112,23
131,01110011,00000000,0.9371948 -0.009094238 0.0791626 0.3394165,-0.72444445 0.9011111 0.38666666,0 -0.67 9.81,116 84 112,23
132,01110011,00000000,0.93426514 -0.025634766 0.08935547 0.3441162,-0.8622222 1.0922222 0.31555554,0.83 -1.42 10.2,117 87 112,23
133,01110011,00000000,0.9316406 -0.041931152 0.10021973 0.3466797,-0.8611111 1.1266667 0.15555556,1.5 -1.82 10.66,119 91 112,23
134,01110011,00000000,0.92993164 -0.05529785 0.10882568 0.3468628,-0.67333335 0.91 -0.044444446,0.17 -1.83 10.65,121 95 112,23
135,01110011,00000000,0.9291382 -0.06427002 0.113220215 0.34594727,-0.46333334 0.49444443 -0.093333334,0.4 -1 9.09,122 99 112,23
136,01110011,00000000,0.9291992 -0.06652832 0.115722656 0.34454346,-0.05888889 0.21222222 -0.06666667,0.19 -1.73 10.02,123 102 112,23
137,01110011,00000000,0.92974854 -0.06524658 0.1171875 0.34283447,0.23777778 0.10222222 -0.15111111,0.18 -1.63 10.08,123 104 112,23
138,01110011,00000000,0.9317627 -0.05987549 0.11993408 0.33728027,0.36 0.033333335 -0.2988889,1.42 -0.98 10.05,122 106 112,23
139,01110011,00000000,0.9334717 -0.058532715 0.12121582 0.33233643,0.18111111 0.04888889 -0.36555555,0 -0.12 9.67,121 107 112,23
140,01110011,00000000,0.9337158 -0.06536865 0.12182617 0.32989502,-0.44555557 0.19222222 -0.2211111,0.16 -0.48 9.77,120 108 112,23
141,01110011,00000000,0.9326782 -0.07421875 0.1237793 0.33032227,-0.56333333 0.35222223 -0.015555556,0.52 -2.14 10.09,121 110 112,23
142,01110011,00000000,0.9320679 -0.076293945 0.12658691 0.3305664,-0.07777778 0.28333333 0.026666667,-1.5 -2.6 10.83,122 112 112,23
143,01110011,00000000,0.9336548 -0.06707764 0.123291016 0.3293457,0.5366667 -0.42222223 -0.062222224,0.33 -2.51 10.44,122 114 112,23
144,01110011,00000000,0.93652344 -0.04852295 0.113098145 0.32806396,1.0144445 -1.1455555 -0.04,0.68 -1.52 9.15,120 114 112,23
145,01110011,00000000,0.93829346 -0.030944824 0.10076904 0.32928467,0.87333333 -1.2511111 0.13222222,-263.67 0.04 9.09,117 112 112,23
146,01110011,00000000,0.9378052 -0.018737793 0.088378906 0.33514404,0.47666666 -1.1244445 0.47666666,-0.67 -0.77 9.89,114 110 112,23
147,01110011,00000000,0.9345703 -0.0107421875 0.07836914 0.3466797,0.2588889 -0.84555554 0.88,2.03 -0.55 9.86,111 109 112,23
148,01110011,00000000,0.92852783 -0.012329102 0.074157715 0.36346436,-0.3 -0.22444445 1.2377778,0.84 -0.19 9.63,108 108 112,23
149,01110011,00000000,0.91967773 -0.026306152 0.07910156 0.3834839,-0.9 0.7277778 1.4533334,2.09 -0.39 9.63,108 107 113,23
150,01110011,00000000,0.90930176 -0.047302246 0.08929443 0.40356445,-1.2488889 1.2688888 1.4766667,0.55 -1.11 9.99,112 107 114,23
151,01110011,00000000,0.8991699 -0.06365967 0.097595215 0.42163086,-0.94555557 1 1.3622222,0.07 -1.74 10.75,118 107 115,23
152,01110011,00000000,0.88964844 -0.07531738 0.101745605 0.4387207,-0.75333333 0.5888889 1.3033333,-0.69 -0.99 10.59,123 108 116,23
153,01110011,00000000,0.87506104 -0.08856201 0.10095215 0.45648193,-1.0388889 8.817778 -18.773333,0.31 -0.75 10.93,126 109 117,23
154,01110011,00000000,0.8670044 -0.10101318 0.092041016 0.47912598,-1.3322222 -0.19888888 1.6444445,-0.68 -0.32 10.03,129 108 118,23
155,01110011,00000000,0.84973145 -0.10473633 0.075683594 0.5111084,-1.1066667 -1.0211111 2.3911111,-1.87 -0.48 11.61,132 104 119,23
156,01110011,00000000,0.82421875 -0.101379395 0.057800293 0.5539551,-0.8288889 -1.4033333 3.3633332,0.75 0.02 10.96,130 97 120,23
157,01110011,00000000,0.7885742 -0.09899902 0.043701172 0.60528564,-0.85 -1.1277778 4.288889,-1.39 0.35 11.46,123 89 122,23
158,01110011,00000000,0.74243164 -0.101745605 0.032348633 0.6612549,-1.1344445 -0.72888887 4.9844446,-1.65 -0.12 11.06,116 80 124,23
159,01110011,00000000,0.6870117 -0.10266113 0.022338867 0.7189331,-1.0388889 -0.79333335 5.518889,-0.75 -0.62 10.34,113 68 127,23
160,01110011,00000000,0.6237793 -0.1005249 0.015075684 0.77490234,-0.77 -0.77666664 5.867778,-0.75 -0.29 11.32,108 57 130,23
161,01110011,00000000,0.55389404 -0.10040283 0.0073242188 0.826416,-1.1388888 -0.5477778 6.056667,-0.19 0.68 10.78,102 48 133,23
162,01110011,00000000,0.475708 -0.11248779 -0.0051879883 0.87231445,-2.0755556 0.23666666 6.306667,230.67 -2.46 -0.01,100 36 137,23
163,01110011,00000000,0.3912964 -0.13690186 -0.020141602 0.90979004,-2.4133334 0.79444444 6.292222,-1.04 -0.38 9.28,110 14 141,23
164,01110011,00000000,0.30737305 -0.15948486 -0.029846191 0.93756104,-1.7111111 0.79333335 5.9344444,0.19 -2.22 10.96,128 0 145,23
165,01110011,00000000,0.22869873 -0.18255615 -0.032836914 0.95562744,-1.5 1.2711111 5.347778,-0.89 -0.81 9.36,143 0 149,23
166,01110011,00000000,0.16107178 -0.20947266 -0.03741455 0.9636841,-1.5822222 1.5411111 4.6566668,-1.51 -0.32 9.77,162 0 153,23
167,01110011,00000000,0.10430908 -0.22790527 -0.050598145 0.9666748,-1.9911112 0.5655556 3.511111,-1.43 -0.55 10.94,182 0 157,23
168,01110011,00000000,0.051574707 -0.23468018 -0.06463623 0.96850586,-1.83 0.093333334 3.3433332,-1.18 -0.15 10.01,192 0 160,23
169,01110011,00000000,0.0017700195 -0.24243164 -0.07861328 0.96691895,-1.8222222 0.29777777 3.208889,0.61 -0.05 8.78,195 0 161,23
170,01110011,00000000,-0.04675293 -0.24737549 -0.097351074 0.9628296,-2.1011112 0.17 -17.922222,-0.87 0.06 9.51,195 0 160,23
171,01110011,00000000,-0.10046387 -0.23962402 -0.11376953 0.9588623,-2.1266668 -0.79555553 3.281111,-2.4 -0.47 9.9,189 0 153,23
172,01110011,00000000,-0.1673584 -0.22912598 -0.121398926 0.95111084,-1.7822223 -1.1022222 4.3766665,-0.25 -0.67 8.7,177 0 146,23
173,01110011,00000000,-0.24432373 -0.2234497 -0.12237549 0.9356079,-1.4666667 -0.7488889 5.267778,-1.3 -0.98 9.21,161 0 140,23
174,01110011,00000000,-0.3345337 -0.2130127 -0.11657715 0.91052246,-1.4266666 -1.1511111 6.307778,-4.19 -0.11 9.24,148 0 135,23
175,01110011,00000000,-0.4406128 -0.19854736 -0.103271484 0.8692627,-1.4077778 -1.5566666 7.858889,-3.1 -1.03 9.34,129 0 131,23
176,01110011,00000000,-0.5565796 -0.18933105 -0.09283447 0.8034668,-1.6844444 -0.7911111 9.258889,-2.35 -0.34 8.23,102 0 129,23
177,01110011,00000000,-0.67230225 -0.18273926 -0.0904541 0.71154785,-2.2344444 0.03 10.115556,-2.56 0.09 8.09,87 0 128,23
178,01110011,00000000,-0.77801514 -0.17736816 -0.09088135 0.5957031,-2.431111 0.5566667 10.803333,-1.59 -2.41 9,89 0 128,23
179,01110011,00000000,-0.8629761 -0.17816162 -0.085754395 0.46496582,-1.6377778 0.8155556 10.844444,-2.9 -0.22 -0.01,101 0 128,23
180,01110011,00000000,-0.9211426 -0.19073486 -0.077697754 0.33013916,-0.4588889 1.2355555 10.276667,-2.3 -2.07 10.03,118 0 129,23
181,01110011,00000000,-0.95355225 -0.2076416 -0.080322266 0.20269775,-0.08444444 2.1055555 9.13,0.64 -0.67 9.47,138 0 130,23
182,01110011,00000000,-0.96710205 -0.21722412 -0.09222412 0.094055176,-0.29555556 2.4855556 7.3533335,-1.22 0.35 9.86,168 9 131,23
183,01110011,00000000,-0.9707031 -0.21661377 -0.10308838 0.0060424805,-0.79555553 2.06 5.7933335,-1.78 -0.92 10.33,196 16 132,23
184,01110011,00000000,-0.96868896 -0.21130371 -0.113464355 -0.06304932,-0.81222224 1.7477778 4.56,-0.55 -0.26 10.16,195 19 130,23
185,01110011,00000000,-0.9660034 -0.19354248 -0.12677002 -0.11517334,-1.4755555 1.8033333 3.181111,0.3 1.72 8.75,195 22 129,23
186,01110011,00000000,-0.9649658 -0.15838623 -0.13665771 -0.15808105,-2.7033334 1.5811111 2.41,-0.86 -0.07 10.64,195 24 128,23
187,01110011,00000000,-0.96875 -0.115356445 -0.13891602 -0.19891357,-3.31 1.0744444 2.3722222,-1.15 -1.22 10.64,195 24 127,23
188,01110011,00000000,-0.9581909 -0.07550049 -0.13720703 -0.23925781,-3.0522223 0.8144444 2.4255555,0.26 -1.18 9.49,195 22 126,23
189,01110011,00000000,-0.9501343 -0.042297363 -0.13305664 -0.27868652,-2.6544445 0.5933333 2.4388888,-1 -1.6 10.9,195 20 125,23
190,01110011,00000000,-0.93914795 -0.016113281 -0.12322998 -0.32006836,-2.3266666 0.054444443 2.7833333,-1.03 -1.51 9.83,195 18 125,23
191,01110011,00000000,-0.92456055 -0.0028686523 -0.11090088 -0.36437988,-1.5155555 -0.36222222 3.1666667,-0.9 -2.06 9.53,195 12 125,23
192,01110011,00000000,-0.90649414 -0.0017700195 -0.10284424 -0.40924072,-0.6155556 -0.35 3.3433332,0.02 -1.95 11.07,191 8 126,23
193,01110011,00000000,-0.8873291 -0.00579834 -0.101623535 -0.44976807,0.05888889 0.04111111 2.971111,-0.32 -1.55 9.78,185 9 127,23
194,01110011,00000000,-0.87054443 -0.012451172 -0.10461426 -0.48059082,0.27333334 0.115555555 2.4966667,0.1 -2.05 10.23,180 15 128,23
195,01110011,00000000,-0.8591919 -0.025390625 -0.11230469 -0.49847412,0.96555555 0.13666667 1.5311111,0.09 -1.81 11.49,175 22 129,23
196,01110011,00000000,-0.85443115 -0.036010742 -0.12072754 -0.5039673,0.9022222 0.16111112 0.5966667,0.61 -1.03 -148.5,0 22 129,23
197,01110011,00000000,-0.8557129 -0.03955078 -0.12768555 -0.49975586,0.50555557 0.2777778 -0.2988889,0.5 -0.79 10.5,161 38 129,23
198,01110011,00000000,-0.86224365 -0.036743164 -0.13366699 -0.48712158,0.14888889 0.3588889 -1.0655556,1.02 -0.93 11.41,155 43 129,23
199,01110011,00000000,-0.8718872 -0.02166748 -0.13623047 -0.4697876,-0.69222224 0.5377778 -1.51,0.73 -0.76 10.45,150 48 128,23
200,01110011,00000000,-0.88220215 0.0037231445 -0.12988281 -0.45251465,-1.6277778 0.3311111 -1.6566666,-0.03 -0.42 8.92,147 56 127,23
201,01110011,00000000,-0.89019775 0.028686523 -0.11682129 -0.43933105,-1.8733333 -0.072222225 -1.34,0.7 -2.51 11.33,147 66 126,23
202,01110011,00000000,-0.8944702 0.04547119 -0.100097656 -0.4333496,-1.5077778 -0.56666666 -0.64666665,0.81 -2.28 11.28,149 74 125,23
203,01110011,00000000,-0.89331055 0.053466797 -0.08050537 -0.4387207,-1.1144445 -0.98444444 0.22666667,-0.43 -0.6 9.65,151 77 124,23
204,01110011,00000000,-0.8859863 0.008850098 0.0036010742 -0.00793457,-1.0477778 -1.0855556 1.2144444,2.33 -0.55 10.29,151 76 124,23
205,01110011,00000000,-0.87145996 0.0725708 -0.047973633 -0.48254395,-1.4388889 -0.44555557 2.0122223,1.68 0.19 9.83,149 73 124,23
206,01110011,00000000,-0.85162354 0.09503174 -0.04296875 -0.51361084,-1.778889 0.37444445 2.52,0.99 -1.15 9.22,149 68 125,23
207,01110011,00000000,-0.8306885 0.1159668 -0.0446167 -0.54260254,-1.4522222 0.74666667 2.4188888,0.07 -2.9 9.69,154 62 126,23
208,01110011,00000000,-0.8154907 0.12322998 -0.05456543 -0.5628052,-0.21333334 0.7222222 1.8733333,-0.19 -2.71 9.29,160 59 127,23
209,01110011,00000000,-0.81085205 0.11730957 -0.06976318 -0.5690918,0.89111114 0.5988889 0.6855556,-0.9 -2.19 9.28,162 63 128,23
210,01110011,00000000,-0.8179321 0.106933594 -0.08465576 -0.5588379,1.3166667 0.47333333 -0.67333335,0.69 -1.54 8.64,159 68 128,23
211,01110011,00000000,-0.835083 0.093566895 -0.09503174 -0.53356934,1.4333333 0.18444444 -2.0033333,-0.98 -2.65 9.83,154 70 128,23
212,01110011,00000000,-0.8600464 0.07208252 -0.10064697 -0.494812,1.898889 -0.40333334 -3,0.37 -2.94 9.88,149 68 127,23
213,01110011,00000000,-0.88879395 0.043945312 -0.103759766 -0.44403076,2.3266666 -0.74666667 -3.89,0.76 -1.78 9.89,143 859 -4865,23
214,01110011,00000000,-0.91729736 0.022155762 -0.103027344 -0.38378906,1.9111111 -0.7366667 -4.481111,0.43 -0.34 10.37,143 43 124,23
215,01110011,00000000,-0.9421997 0.011230469 -0.08868408 -0.3227539,0.7633333 -1.2922223 -4.617778,0.28 -0.33 10.68,143 29 122,23
216,01110011,00000000,-0.95996094 0.0020141602 -0.059814453 -0.27331543,0.2911111 -2.2322223 -3.6222222,1.1 -0.54 10.61,150 24 120,23
217,01110011,00000000,-0.9696045 -0.008056641 -0.026306152 -0.24291992,0.16888888 -2.4922223 -2.238889,0.04 -0.78 11.38,162 21 118,23
218,01110011,00000000,-0.9723511 -0.014343262 0.004211426 -0.23303223,-0.05111111 -2.2122223 -0.64555556,1.72 1.02 9.89,168 18 117,23
219,01110011,00000000,-0.9691162 -0.010559082 0.032104492 -0.24401855,-0.7022222 -1.8411111 0.82222223,1.22 0.99 9.14,167 16 116,23
220,01110011,00000000,-0.96087646 0.0032958984 0.0524292 -0.27197266,-1.2411112 -1.1655556 2.1122222,0.77 -0.16 10.25,162 14 116,23
221,01110011,00000000,-0.94970703 0.026306152 0.0014038086 -0.008422852,-1.4222223 0.59555554 2.6322222,2.13 -1.38 10.55,157 9 116,23
222,01110011,00000000,-0.9393921 0.042175293 0.049621582 -0.33636475,-0.4611111 0.4911111 2,-2.14 -3.01 10.77,161 6 117,23
223,01110011,00000000,-0.93188477 0.039245605 0.048034668 -0.35723877,0.5688889 -0.29333332 1.3777778,-0.84 -2.17 9.55,161 9 118,23
224,01110011,00000000,-0.9265137 0.029785156 0.046569824 -0.37200928,0.76111114 -0.23333333 1.1166667,1.7 -0.81 9.88,156 13 118,23
225,01110011,00000000,-0.9242554 0.030334473 0.042785645 -0.37799072,0.075555556 0.29 0.40666667,0.7 0.28 9.49,151 17 118,23
226,01110011,00000000,-0.92370605 0.037963867 0.045776367 -0.37835693,-0.63 0.022222223 0.04111111,-1.17 -0.8 9.65,149 21 118,23
227,01110011,00000000,-0.92163086 0.04119873 0.058044434 -0.38134766,-0.50333333 -0.76111114 0.24111111,-0.34 -1.25 8.85,148 24 118,23
228,01110011,00000000,-0.91741943 0.0446167 0.07086182 -0.38885498,-0.52111113 -0.7811111 0.5411111,-0.11 -0.29 9.8,147 24 118,23
229,01110011,00000000,-0.9112549 0.057250977 0.08227539 -0.39935303,-1.1344445 -0.4288889 0.8844444,1.78 0.34 9.53,145 24 118,23
230,01110011,00000000,-0.9016113 0.072753906 0.09613037 -0.41522217,-1.33 -0.5933333 1.3366667,-0.52 -1.15 10.64,145 145 -7681,23
231,01110011,00000000,-0.8895874 0.084106445 0.105773926 -0.43621826,-0.9022222 -0.47666666 1.6933334,-0.52 -1.56 10,145 20 119,23
232,01110011,00000000,-0.8786621 0.09411621 0.107421875 -0.45544434,-0.62333333 0.02 1.6344445,1.39 -1.5 9.71,145 17 120,23
233,01110011,00000000,-0.8708496 0.10211182 0.10614014 -0.46887207,-0.39333335 0.19777778 1.1711111,0.85 -2.04 9.95,146 17 121,23
234,01110011,00000000,-0.8665161 0.101989746 0.10723877 -0.47662354,0.01 -0.15 0.5688889,-0.58 -1.33 9.21,147 18 122,23
235,01110011,00000000,-0.86517334 0.09313965 0.11151123 -0.4798584,0.39222223 -0.60444444 0.16777778,0.01 -2.12 10.25,146 19 122,23
236,01110011,00000000,-0.8656616 0.08117676 0.11791992 -0.47961426,0.53333336 -0.78555554 -0.16222222,0.07 -0.23 8.76,144 19 122,23
237,01110011,00000000,-0.86676025 0.06719971 0.12609863 -0.47772217,0.54444444 -0.9266667 -0.34777778,0.16 -1.15 9.46,142 18 122,23
238,01110011,00000000,-0.8675537 0.047546387 0.137146 -0.008300781,0.79333335 -1.3133334 -0.36333334,-0.66 -1.91 10.33,140 17 122,23
239,01110011,00000000,-0.86608887 0.021118164 0.1517334 -0.47583008,1.1455555 -1.81 -0.23888889,-1.03 -1.85 10.32,137 14 122,23
240,01110011,00000000,-0.8624878 -0.006591797 0.16369629 -0.47869873,1.3144444 -1.6977777 -0.04888889,0.82 -0.57 9.46,133 10 122,23
241,01110011,00000000,-0.8597412 -0.030151367 0.1697998 -0.48059082,1.2377778 -1.1888889 -0.015555556,0.38 -1.02 10.24,128 7 122,23
242,01110011,00000000,-0.8584595 -0.049804688 0.17388916 -0.47973633,1.0377778 -0.9177778 -0.23666666,0.21 -0.98 9.59,123 5 122,23
243,01110011,00000000,-0.85876465 -0.06964111 0.17608643 -0.47607422,1.08 -0.8144444 -0.49,0.38 -1.41 10.32,118 3 122,23
244,01110011,00000000,-0.8626709 -0.084472656 0.17272949 -0.46765137,0.8833333 -0.31 -0.79333335,1.58 -1 9.6,113 1 122,23
245,01110011,00000000,-0.8726196 -0.088378906 0.16290283 -0.45184326,0.33222222 0.5088889 -1.398889,2.39 -0.65 9.14,109 0 122,23
246,01110011,00000000,-0.8873291 -0.08465576 0.15130615 -0.42718506,-0.2777778 0.8755556 -2.0355556,-0.13 -1.97 9.68,104 2 121,23
247,01110011,00000000,-0.9039917 -0.083862305 0.14093018 -0.39465332,-0.18222222 0.64111114 -2.5511112,0.33 -2.3 9.75,99 7 255,23
248,01110011,00000000,-0.9209595 -0.08648682 0.1307373 -0.35656738,0.007777778 0.51222223 -2.9955556,1.45 -2.02 9.43,94 11 119,23
249,01110011,00000000,-0.93792725 -0.087402344 0.12072754 -0.31304932,-0.20222223 0.5188889 -3.3377779,0.11 -1.54 9.25,89 14 118,23
250,01110011,00000000,-0.95336914 -0.08526611 0.11236572 -0.26654053,-0.47777778 0.44 -3.39,0.14 -1.6 9.81,85 18 116,23
251,01110011,00000000,-0.9661865 -0.08630371 0.104003906 -0.21929932,-0.21555555 0.3511111 -3.4622223,1.48 -3.01 10.01,82 24 114,23
252,01110011,00000000,-0.9769287 -0.09301758 0.08917236 -0.16992188,0.2488889 0.66555554 -3.6422222,1.88 -2.53 9.89,79 28 112,23
253,01110011,00000000,-0.9866333 -0.09674072 0.06323242 -0.11431885,0.19444445 1.4411111 -4.076667,1.72 -1.6 9.99,73 29 110,23
254,01110011,00000000,-0.99432373 -0.086120605 0.032226562 -0.052734375,-0.8211111 1.86 -4.5111113,1.28 -1.47 10.01,60 33 108,23
255,01110011,00000000,-0.9972534 -0.07159424 0.010925293 -0.010314941,-1.7255555 1.9655555 -4.612222,1.73 -1.21 8.79,46 47 105,23
0,01110011,00000000,-0.99609375 -0.030151367 -0.04156494 0.07080078,-2.3022223 2.558889 -4.381111,1.69 -2.68 10.4,34 69 102,23
1,01110011,00000000,-0.98809814 0.007385254 -0.08441162 0.12805176,-2.6366668 2.7922223 -4.29,-0.62 -2.67 10.04,20 97 100,23
2,01110011,00000000,-0.9764404 0.045898438 -0.112854004 0.17779541,-2.6644444 1.6755556 -3.758889,-0.17 -2.69 10.96,7 127 98,23
3,01110011,00000000,-0.9651489 0.079711914 -0.12738037 0.21392822,-2.231111 0.81222224 -2.8755555,-0.42 -2.43 9.59,6 151 96,23
4,01110011,00000000,-0.9558716 0.103149414 -0.1373291 0.23815918,-1.3233334 0.6611111 -1.6833333,2.46 -2.82 10.17,13 165 94,23
5,01110011,00000000,-0.94885254 0.113464355 -0.14874268 0.25408936,-0.4677778 0.74333334 -1.01,0.54 -3.14 11.5,20 170 92,23
6,01110011,00000000,-0.94488525 0.113342285 -0.14978027 0.26794434,0.37555555 -0.13222222 -0.9722222,0.01 -2.63 10.69,25 171 91,23
7,01110011,00000000,-0.94421387 0.10864258 -0.13397217 0.28027344,0.74444443 -0.85888886 -0.93777776,-1.16 -2.26 10.51,30 169 90,23
8,01110011,00000000,-0.9437866 0.10180664 -0.114990234 0.29248047,0.9444444 -1.0477778 -0.8755556,0.99 -0.87 10.65,35 164 89,23
9,01110011,00000000,-0.9414673 0.095581055 -0.10296631 0.30639648,0.75222224 -0.48444444 -1.0177778,0.04 -0.7 9.47,39 158 88,23
10,01110011,00000000,-0.9378052 0.08831787 -0.090270996 0.3232422,0.8566667 -0.54444444 -1.2,-0.17 -2.41 9.58,43 154 87,23
11,01110011,00000000,-0.9324951 0.077941895 -0.07543945 0.3444214,1.1755556 -0.5788889 -1.5222223,-0.16 -1.02 9.08,46 149 86,23
12,01110011,00000000,-0.923645 0.07055664 -0.06616211 0.37072754,0.8522222 -0.2688889 -1.9477777,0.53 -0.61 9.59,49 143 84,23
13,01110011,00000000,-0.9124756 0.07269287 -0.0637207 0.39752197,-0.014444444 -0.057777777 -2.0677779,0.21 -0.27 8.51,51 138 82,23
14,01110011,00000000,-0.90234375 0.07861328 -0.06707764 0.41833496,-0.45666668 0.15888889 -1.6511111,1.18 -1.03 9.4,55 137 80,23
15,01110011,00000000,-0.89416504 0.08288574 -0.074401855 0.43359375,-0.50222224 0.5 -1.1744444,0.63 -1.81 10.15,59 138 78,23
16,01110011,00000000,-0.88812256 0.088256836 -0.07977295 0.4439087,-0.46333334 0.31555554 -0.8755556,-0.67 -1.16 9.57,62 139 77,23
17,01110011,00000000,-0.88653564 0.10253906 -0.07531738 0.44470215,-0.7188889 -0.6677778 -0.19444445,151.06 -2.54 9.87,66 140 76,23
18,01110011,00000000,-0.8930054 0.124938965 -0.06060791 0.42791748,-0.9722222 -1.8777778 1.0111111,-1.04 -0.96 10.48,71 138 75,23
19,01110011,00000000,-0.90704346 0.14025879 -0.04473877 0.3944702,-0.5366667 -1.8588889 2.3277779,0.05 -1.68 10.34,73 130 75,23
20,01110011,00000000,-0.9238281 0.1408081 -0.039123535 0.35375977,0.14444445 -0.7866667 3.0233333,0.9 -0.84 10.07,70 122 75,23
21,01110011,00000000,-0.9390869 0.13244629 -0.038085938 0.31463623,0.67333335 -0.25444445 2.9333334,0.18 -0.91 9.68,69 120 76,23
22,01110011,00000000,-0.95166016 0.12335205 -0.028625488 0.27978516,0.8211111 -0.80777776 2.5166667,-2.05 -0.46 9.33,70 122 77,23
23,01110011,00000000,-0.9621582 0.11364746 -0.01171875 0.24731445,0.95444447 -1.2877778 2.2466667,-0.81 -0.89 10.23,68 123 78,23
24,01110011,00000000,-0.9700928 0.09887695 -0.0041503906 0.2211914,1.2322222 -0.46666667 1.8733333,2.84 -0.84 9.29,63 123 79,23
25,01110011,00000000,-0.984375 0.0836792 -0.011779785 0.20947266,0.98777777 -17.635555 -1.4233333,2.46 -1.3 10.4,62 125 80,23
26,01110011,00000000,-0.9746094 0.07489014 -0.019470215 0.20965576,0.43666667 0.6711111 0.04222222,0.16 -1.06 10.4,64 127 80,23
27,01110011,00000000,-0.97369385 0.06939697 -0.015258789 0.2163086,0.42555556 -0.18222222 -0.5188889,-0.34 -1.11 10.08,66 127 80,23
28,01110011,00000000,-0.9715576 0.064575195 -0.010803223 0.2276001,0.4611111 -0.16666667 -0.80333334,2.2 -1.65 10.96,68 125 80,23
29,01110011,00000000,-0.9678345 0.06591797 -0.01776123 0.24206543,-0.21 0.5 -0.98888886,1.3 -0.43 9.96,70 122 79,23
30,01110011,00000000,-0.96325684 0.07147217 -0.024658203 0.2576294,-0.57222223 0.46555555 -1.1588889,0.85 -0.96 10.31,72 122 78,23
31,01110011,00000000,-0.95910645 0.07287598 -0.016296387 0.27288818,0.05666667 -0.4788889 -1.15,-1.64 -1.73 11.31,75 123 77,23
32,01110011,00000000,-0.9550781 0.072509766 -0.0009765625 0.28710938,0.35444444 -0.9588889 -1.0933334,1.12 -1.49 11.49,78 120 76,23
33,01110011,00000000,-0.95129395 0.07171631 0.0134887695 0.29937744,0.34555554 -0.93777776 -0.97555554,0.32 -0.69 9.26,81 116 75,23
34,01110011,00000000,-0.94763184 0.071777344 0.028381348 0.3098755,0.25444445 -0.94666666 -0.8933333,87.04 -0.16 -0.01,84 112 74,23
35,01110011,00000000,-0.9448242 0.07196045 0.04437256 0.31622314,0.24666667 -0.98888886 -0.52444446,1.57 -1.36 10.82,87 108 73,23
36,01110011,00000000,-0.9420166 0.059326172 0.06713867 0.3232422,1.3544445 -1.2344445 -0.6244444,0.21 -3.46 11.93,89 104 73,23
37,01110011,00000000,-0.93603516 0.034484863 0.09423828 0.33721924,2.2133334 -1.2733333 -1.2977778,0.81 -2.16 10.12,88 97 73,23
38,01110011,00000000,-0.92614746 0.015625 0.11315918 0.359375,1.5011111 -0.79888886 -1.9066666,0.71 0.58 9.05,87 86 72,23
39,01110011,00000000,-0.9141846 0.00592041 0.11846924 0.38745117,0.51 -0.15666667 -2.211111,2.19 -1.36 10.72,87 77 71,23
40,01110011,00000000,-0.899353 -0.0138549805 0.1194458 0.4202881,1.0255556 0.32222223 -2.68,1.03 -3.46 9.12,87 73 70,23
41,01110011,00000000,-0.87719727 -0.044677734 0.11981201 0.46258545,1.6666666 0.69555557 -3.6233332,0.55 -1.95 7.66,83 67 68,23
42,01110011,00000000,-0.8592529 -0.0635376 0.11090088 0.51501465,-0.16333333 0.6944444 -8.818889,0.91 1.13 8.9,74 56 66,23
43,01110011,00000000,-0.8156738 -0.061645508 0.09008789 0.5680542,-1.4455556 0.6788889 -4.2966666,1.52 -1.61 9.12,68 59 63,23
44,01110011,00000000,-0.78344727 -0.05633545 0.07196045 0.614624,-0.90555555 0.28444445 -3.808889,0.32 -3.01 8.45,66 72 61,23
45,01110011,00000000,-0.7520752 -0.054504395 0.06335449 0.6536865,-0.41555557 -0.07111111 -3.4233334,1.51 -2.36 9.49,66 79 59,23
46,01110011,00000000,-0.7144165 -0.0446167 0.060791016 0.69555664,-0.5088889 -0.54444444 -2.8477778,0 -1.25 10.43,68 81 57,23
47,01110011,00000000,-0.6940918 -0.028137207 0.06274414 0.7164917,-0.83 -1.1211112 -1.9555556,-0.45 -1.01 9.34,72 82 55,23
48,01110011,00000000,-0.6833496 -0.016967773 0.066345215 0.72680664,-0.36444443 -0.80333334 -0.96666664,1.98 -1.72 8.79,78 82 53,23
49,01110011,00000000,-0.6766968 -0.022521973 0.06732178 0.73272705,0.28555554 0.17 -0.6622222,1.8 -2.06 9.78,81 80 52,23
50,01110011,00000000,-0.66741943 -0.04046631 0.06542969 0.7406006,0.7777778 1.01 -0.88222224,1.68 -1.64 8.89,80 79 51,23
51,01110011,00000000,-0.65185547 -0.062683105 0.059448242 0.7532959,0.6622222 1.3266667 -1.55,0.77 -1.64 -0.01,76 79 50,23
52,01110011,00000000,-0.6282959 -0.08795166 0.043884277 0.77160645,0.43555555 1.8166667 -2.221111,3.14 -1.46 9.31,70 79 48,23
53,01110011,00000000,-0.59490967 -0.117248535 0.015380859 0.7949829,-0.12777779 2.6444445 -3.1266668,2.05 -2.01 9.85,60 81 46,23
54,01110011,00000000,-0.55267334 -0.13983154 -0.02746582 0.8210449,-1.1311111 2.7877777 -3.8866668,0.07 -1.28 9.99,43 88 44,23
55,01110011,00000000,-0.5083008 -0.14428711 -0.07269287 0.84576416,-2.0844445 1.3711112 -3.8833334,-2.17 -2.11 10.47,24 104 41,23
56,01110011,00000000,-0.47021484 -0.13220215 -0.10797119 0.8657837,-1.9544444 0.12 -3.088889,-0.21 -2.71 10.82,19 124 38,23
57,01110011,00000000,-0.4454956 -0.111328125 -0.1329956 0.8782959,-1.86 -0.5588889 -1.8955555,0.53 -1.65 9.73,23 137 36,23
58,01110011,00000000,-0.43719482 -0.08728027 -0.14880371 0.88256836,-1.4822222 -1.1377778 -0.57222223,0.81 -1.99 10.47,30 143 34,23
59,01110011,00000000,-0.45300293 -0.064941406 -0.15527344 0.87927246,-0.9711111 -1.278889 0.76222223,-0.39 -2.05 10.11,36 143 33,23
60,01110011,00000000,-0.47509766 -0.044921875 -0.15045166 0.86572266,-0.39 -1.2155555 1.6522223,1.87 -1.58 9.51,38 140 32,23
61,01110011,00000000,-0.50427246 -0.03704834 -0.14160156 0.8510132,0.08111111 -1.0633334 2.2844443,1.55 -0.74 9.94,37 137 32,23
62,01110011,00000000,-0.5354004 -0.033996582 -0.12921143 0.8338623,0.34777778 -0.83666664 2.4322221,-0.28 -1.91 10.6,34 136 32,23
63,01110011,00000000,-0.5630493 -0.038879395 -0.11456299 0.81744385,0.8188889 -0.54 2.3522222,0.31 -1.82 10.77,31 136 33,23
64,01110011,00000000,-0.5835571 -0.04815674 -0.09942627 0.80444336,1.14 -0.13444445 1.8044444,0.48 -0.4 9.04,29 139 34,23
65,01110011,00000000,-0.5974121 -0.054504395 -0.08605957 0.7953491,0.85888886 -0.25111112 1.2144444,0.57 -0.87 10.9,28 142 34,23
66,01110011,00000000,-0.6091919 -0.053100586 -0.07727051 0.78741455,0.37666667 -0.52111113 1.01,-0.75 0.31 9.77,27 143 34,23
67,01110011,00000000,-0.62420654 -0.04437256 -0.074157715 0.7764282,-0.31777778 -0.62333333 1.2444445,-0.82 0.44 10.46,27 142 34,23
68,01110011,00000000,-0.64727783 -0.030883789 -0.07751465 0.7576294,-0.9777778 -0.6677778 1.9777777,-0.03 0.62 -269.44,24 136 34,23
69,01110011,00000000,-0.6812134 -0.013061523 -0.08758545 0.72662354,-1.5311111 -0.6188889 3.1066666,0.55 0.7 10.11,30 133 35,23
70,01110011,00000000,-0.7276001 0.008117676 -0.10107422 0.67840576,-2.1022222 -0.6566667 4.5144444,0.5 0.25 10.59,33 122 36,23
71,01110011,00000000,-0.7822876 0.022216797 -0.12243652 0.61035156,-2.1633334 -0.101111114 6.0088887,0.07 -0.27 11.14,35 102 38,23
72,01110011,00000000,-0.83691406 0.025268555 -0.15234375 0.5249634,-2.0633333 0.94555557 7.1255555,-0.46 0.4 9.59,42 78 41,23
73,01110011,00000000,-0.88446045 0.01953125 -0.18713379 0.42687988,-1.9566667 1.6077778 7.6055555,-1.25 -0.53 11.32,63 55 45,23
74,01110011,00000000,-0.92211914 0.012023926 -0.21514893 0.32122803,-1.7188889 1.2666667 7.904444,-2.71 -0.78 10.91,93 35 49,23
75,01110011,00000000,-0.94976807 -0.0015869141 -0.22918701 0.2130127,-1.0588889 0.73444444 7.826667,-1.61 -1.12 10.21,116 18 53,23
76,01110011,00000000,-0.9658203 0.011291504 0 -0.009887695,-0.45777777 0.38222224 7.63,-1.83 -0.32 9.89,128 11 57,23
77,01110011,00000000,-0.96917725 -0.041870117 -0.24243164 0.0059814453,-0.28777778 0.7677778 7.286667,0.28 0.09 10.58,132 13 62,23
78,01110011,00000000,-0.9627075 -0.050964355 -0.25042725 -0.088378906,-1.0611111 1.0311111 6.5055556,-2.09 1.12 10.09,140 19 66,23
79,01110011,00000000,-0.95129395 -0.05114746 -0.24798584 -0.17572021,-1.4744444 0.28555554 6.0322223,-1.88 0.26 9.62,152 16 70,23
80,01110011,00000000,-0.9342041 -0.047912598 -0.2376709 -0.26135254,-1.8022223 -0.016666668 5.871111,-0.94 -0.25 10.05,155 8 74,23
81,01110011,00000000,-0.9094238 -0.036499023 -0.23144531 -0.34344482,-2.1222222 0.45666668 5.731111,0 0.11 10,155 0 78,23
82,01110011,00000000,-0.87939453 -0.01727295 -0.2253418 -0.41900635,-2.5555556 0.8144444 5.233333,-1.25 -0.14 8.95,161 0 82,23
83,01110011,00000000,-0.8461304 0.004638672 -0.21289062 -0.48840332,-2.7655556 0.49222222 4.921111,-2.22 -0.34 9.33,171 0 86,23
84,01110011,00000000,-0.8095093 0.025817871 -0.19812012 -0.5519409,-2.6933334 0.47555557 4.59,-0.91 -1.06 9.77,178 0 90,23
85,01110011,00000000,-0.7706909 0.05029297 -0.18475342 -0.607666,-2.7522223 0.68333334 4.2777777,0.11 -0.23 9.87,168 -1236 -14081,23
86,01110011,00000000,-0.73150635 0.07720947 -0.16802979 -0.65618896,-2.9677777 0.64444447 3.88,-1.59 -0.6 10.72,193 0 98,23
87,01110011,00000000,-0.69311523 0.09710693 -0.14764404 -0.69873047,-2.6466668 0.043333333 3.6511111,-0.9 -1.15 9.47,195 0 100,23
88,01110011,00000000,-0.65405273 0.109802246 -0.12872314 -0.73724365,-2.1544445 -0.18666667 3.5144444,0.32 -1.13 9.51,195 0 102,23
89,01110011,00000000,-0.6143799 0.1204834 -0.113220215 -0.77142334,-1.9322222 -0.08 3.4,-0.8 -1.17 10.15,195 0 105,23
90,01110011,00000000,-0.57696533 0.12670898 -0.09967041 -0.80059814,-1.5688889 -0.2211111 3.15,0.3 -1.65 10.33,195 0 108,23
91,01110011,00000000,-0.5428467 0.123168945 -0.087890625 -0.8260498,-0.8333333 -0.8566667 2.81,-1.59 -1.1 10.02,195 0 111,23
92,01110011,00000000,-0.5210571 0.11383057 -0.08123779 -0.84191895,-0.40555555 -1.3144444 2.7944446,-1.48 -1.36 10.78,190 0 114,23
93,01110011,00000000,-0.47650146 0.085876465 0.0020141602 -0.007019043,-0.17444444 -1.6922222 2.8955555,-1.95 -1.12 10.07,182 1 117,23
94,01110011,00000000,-0.4411621 0.061279297 -0.0625 -0.89312744,0.25111112 -1.6455555 2.9344444,-0.64 -1.8 10.8,170 2 120,23
95,01110011,00000000,-0.40704346 0.038208008 -0.0579834 -0.91070557,0.20333333 -1.4988889 2.7433333,0.08 -0.5 11.56,158 5 124,23
96,01110011,00000000,-0.37280273 0.018737793 -0.04675293 -0.9265137,-0.29333332 -1.4933333 2.7333333,0.14 -0.36 11.13,147 8 127,23
97,01110011,00000000,-0.3388672 0.009155273 -0.030578613 -0.9402466,-0.92 -0.95555556 2.5466666,0.64 -0.67 9.59,138 8 130,23
98,01110011,00000000,-0.3102417 0.011352539 -0.02142334 -0.9503174,-0.7177778 -0.031111112 2.1511111,1.72 -2.86 10.94,133 6 133,23
99,01110011,00000000,-0.29785156 0.024353027 -0.022033691 -0.9539795,-0.17222223 0.92333335 0.92,2.49 -1.66 11.24,133 8 136,23
100,01110011,00000000,-0.30297852 0.045043945 -0.009155273 -0.95184326,-1.2422222 1.1477778 -0.5,1.89 0.48 10.09,133 14 138,23
101,01110011,00000000,-0.31549072 0.06774902 0.0256958 -0.94610596,-2.8755555 0.7733333 -1.1077778,0.26 -1.05 10.03,134 22 140,23
102,01110011,00000000,-0.3293457 0.08685303 0.060180664 -0.9382324,-2.718889 0.5411111 -1.1644444,1.44 -3.97 10.51,139 22 -13569,23
103,01110011,00000000,-0.34973145 0.10168457 0.07727051 -0.92803955,-1.3188889 0.76 -1.6455555,1.55 -2.27 8.97,144 42 142,23
104,01110011,00000000,-0.37652588 0.109558105 0.09460449 -0.914978,-1.2255555 0.37111112 -2.1644444,-0.92 -1.58 9.26,145 49 143,23
105,01110011,00000000,-0.4017334 0.1003418 0.1161499 -0.902771,-1.0277778 -0.94 -2.1533334,-0.58 -2.45 8.82,146 55 143,23
106,01110011,00000000,-0.42248535 0.07714844 0.12506104 -0.8942871,0.19444445 -1.5133333 -1.8311111,1.06 -3.44 9.14,152 56 143,23
107,01110011,00000000,-0.44384766 0.05419922 0.119018555 -0.8864746,1.1166667 -1.0144445 -1.7144444,0.7 -2 8.43,156 51 143,23
108,01110011,00000000,-0.46990967 0.034057617 0.11090088 -0.875,1.1455555 -0.73 -2.088889,0.36 -1.11 8.45,155 44 143,23
109,01110011,00000000,-0.49902344 0.01171875 0.105041504 -0.8600464,1.0344445 -0.91888887 -2.4877777,0.17 -1.71 9.95,153 37 143,23
110,01110011,00000000,-0.5292969 -0.008911133 0.09979248 -0.007385254,0.93333334 -0.8611111 -2.5611112,0.66 -0.69 8.62,152 30 143,23
111,01110011,00000000,-0.56256104 -0.018371582 0.095336914 -0.82092285,0.47555557 -0.19111112 -2.8233333,2.26 -0.62 8.49,151 24 143,23
112,01110011,00000000,-0.60040283 -0.014892578 0.09411621 -0.7939453,-0.30888888 0.49444443 -3.261111,0.56 -1.18 9.05,147 22 142,23
113,01110011,00000000,-0.64105225 -0.004638672 0.09838867 -0.76104736,-0.96555555 0.6288889 -3.557778,0.72 -1.93 9.59,141 26 141,23
114,01110011,00000000,-0.6810913 0.005004883 0.107055664 -0.7241821,-1.1177778 0.39777777 -3.7455556,0.66 -1.55 9.07,136 35 140,23
115,01110011,00000000,-0.7163086 0.014526367 0.12231445 -0.6867676,-1.5077778 0.036666665 -3.5611112,1.86 -1.8 10.11,134 45 139,23
116,01110011,00000000,-0.743042 0.024230957 0.144104 -0.65301514,-1.8233334 -0.38 -2.9055555,0.32 -1.46 9.77,135 55 138,23
117,01110011,00000000,-0.7592163 0.032165527 0.16656494 -0.62823486,-1.6522223 -0.6255556 -1.9844445,1.4 -1.47 8.67,140 63 137,23
118,01110011,00000000,-0.76776123 0.037353516 0.18322754 -0.61279297,-1.2 -0.50333333 -1.1955556,0.38 -2.21 9.92,144 66 136,23
119,01110011,00000000,-0.77075195 0.037719727 0.19091797 -0.6066284,-0.50555557 -0.55222225 -0.6066667,0.77 -2.56 10.4,146 65 255,23
120,01110011,00000000,-0.77233887 0.027160645 0.20080566 -0.60198975,0.19444445 -0.75 -0.34,0.47 -2.06 10.05,146 62 135,23
121,01110011,00000000,-0.7719116 0.010620117 0.2020874 -0.60253906,0.8288889 -0.7911111 -0.14888889,0.46 -2.24 10.69,144 57 135,23
122,01110011,00000000,-0.7746582 -0.010559082 0.19403076 -0.6016846,1.5166667 -0.43666667 -0.44444445,2.06 -1.62 9.65,140 52 135,23
123,01110011,00000000,-0.7850342 -0.03277588 0.17584229 -0.5930176,1.9311111 0.34777778 -1.5733334,1 -1.62 9.33,134 48 135,23
124,01110011,00000000,-0.80529785 -0.056396484 0.15148926 -0.5703125,1.9955555 0.6522222 -2.91,1.93 -2.49 10.23,125 41 134,23
125,01110011,00000000,-0.83465576 -0.077819824 0.12384033 -0.5309448,1.7877778 0.8688889 -3.7766666,1 -1.83 10.01,114 31 133,23
126,01110011,00000000,-0.8701782 -0.092163086 0.097595215 -0.473938,1.1444445 0.9911111 -4.9244447,1.86 -1.21 9.43,101 20 131,23
127,01110011,00000000,-0.90631104 -0.09448242 0.07977295 -0.4039917,0.013333334 0.81222224 -5.637778,1.24 -0.99 9.21,87 13 128,23
128,01110011,00000000,-0.93725586 -0.08892822 0.07232666 -0.32922363,-0.80333334 0.30555555 -5.711111,0.67 -1.77 10.09,77 17 125,23
129,01110011,00000000,-0.960022 -0.08117676 0.07067871 -0.2581787,-1.0033333 -0.055555556 -5.1422224,1.14 -2.95 10.24,75 29 122,23
130,01110011,00000000,-0.975647 -0.074279785 0.06945801 -0.19415283,-0.82222223 -0.064444445 -4.6033335,1.33 -2.41 10.04,77 41 119,23
131,01110011,00000000,-0.98565674 -0.06842041 0.06921387 -0.13793945,-0.7366667 -0.14333333 -3.9633334,0.57 -1.6 9.56,79 49 116,23
132,01110011,00000000,-0.9916382 -0.06225586 0.06768799 -0.089782715,-0.66 -0.06333333 -3.3244445,1.65 -1.8 9.86,81 55 113,23
133,01110011,00000000,-0.99572754 -0.05126953 0.05718994 -0.050476074,-0.8788889 0.65 -2.7566667,2.13 -1.47 9.41,82 60 111,23
134,01110011,00000000,-0.9987793 -0.030517578 0.033691406 -0.016845703,-1.5477778 1.6133333 -2.318889,2.7 -0.95 9,80 67 109,23
135,01110011,00000000,-0.9998779 -0.004211426 0.0015869141 0.014221191,-1.9044445 2.2122223 -2.1522222,2.31 -2.49 10.33,76 78 107,23
136,01110011,00000000,-0.99823 0.018127441 -0.03253174 0.04534912,-1.6188889 2.4033334 -2.2344444,1.87 -3.58 11.66,72 92 105,23
137,01110011,00000000,-0.9944458 0.037109375 -0.059936523 0.07714844,-1.3366667 1.8655555 -2.2433333,-0.45 -2.96 11.15,67 105 103,23
138,01110011,00000000,-0.98931885 0.054138184 -0.0826416 0.10662842,-1.1866666 1.5922222 -2.13,0.85 -1.95 10.91,64 116 101,23
139,01110011,00000000,-0.98309326 0.07122803 -0.10412598 0.13232422,-1.2022222 1.51 -1.8333334,1.23 -1.19 10.05,63 125 99,23
140,01110011,00000000,-0.9769287 0.08630371 -0.12072754 0.15338135,-1.0666667 1.1633333 -1.52,0.28 -2.25 10.54,63 133 97,23
141,01110011,00000000,-0.9725342 0.0960083 -0.12817383 0.16882324,-0.4888889 0.33 -0.97555554,0.43 -2.37 10.32,65 139 96,23
142,01110011,00000000,-0.9700928 0.10021973 -0.12939453 0.17907715,-0.22444445 0.16222222 -0.71666664,1.07 -1.71 9.78,69 141 95,23
143,01110011,00000000,-0.96917725 0.09893799 -0.1262207 0.18682861,0.20666666 -0.12222222 -0.55444443,0.29 -1.46 10.19,72 142 94,23
144,01110011,00000000,-0.96954346 0.094055176 -0.11682129 0.19342041,0.53444445 -0.50555557 -0.49444443,-0.49 -2.18 10.84,74 141 93,23
145,01110011,00000000,-0.9711304 0.089538574 -0.10058594 0.19671631,0.56222224 -0.99222225 -0.2488889,-207.36 -2.54 9.19,76 139 92,23
146,01110011,00000000,-0.9736328 0.0869751 -0.080200195 0.19482422,0.47444445 -1.3955555 0.057777777,0.12 -1.03 9.81,78 136 91,23
147,01110011,00000000,-0.9766846 0.087402344 -0.061767578 0.18572998,0.21444444 -1.3288889 0.53444445,0.59 -0.55 10.1,79 132 90,23
148,01110011,00000000,-0.98046875 0.08892822 -0.047180176 0.1687622,0.043333333 -1.1033334 1.1111112,-0.79 -0.37 9.55,79 128 90,23
149,01110011,00000000,-0.9847412 0.08691406 -0.034362793 0.14630127,0.27 -1.0133333 1.5666667,0.31 -1.32 9.65,79 125 90,23
150,01110011,00000000,-0.9888916 0.08258057 -0.024414062 0.12072754,0.3911111 -0.8388889 1.7922223,1.6 -0.5 9.65,78 122 90,23
151,01110011,00000000,-0.9923706 0.07507324 -0.018859863 0.095458984,0.56 -0.51111114 1.7744445,-0.17 -0.95 9.41,76 120 90,23
152,01110011,00000000,-0.9949341 0.06506348 -0.016723633 0.07446289,0.71666664 -0.23555556 1.4644444,0.57 -1.64 10.43,75 120 90,23
153,01110011,00000000,-0.9998169 0.056152344 -0.019836426 0.059570312,0.5922222 23.04 -4.267778,0.29 -0.48 9.76,75 120 90,23
154,01110011,00000000,-0.9968872 0.05218506 -0.025024414 0.05340576,0.29555556 0.5977778 0.6111111,0.17 -1.01 9.89,76 121 90,23
155,01110011,00000000,-0.99645996 0.050720215 -0.043395996 0.049865723,-0.07111111 1.02 0.17333333,2.19 -0.98 8.86,78 122 90,23
156,01110011,00000000,-0.99487305 0.055114746 -0.064819336 0.05419922,-0.40555555 1.5377778 -0.26666668,0.78 -0.92 9.1,80 124 90,23
157,01110011,00000000,-0.9925537 0.059692383 -0.083496094 0.06500244,-0.36666667 1.3833333 -0.7411111,1.63 -2.04 9.36,82 127 90,23
158,01110011,00000000,-0.99053955 0.059570312 -0.09222412 0.082214355,0.064444445 0.75 -1.16,-0.46 -2.98 10.23,82 130 89,23
159,01110011,00000000,-0.9890137 0.054626465 -0.088256836 0.10473633,0.53555554 -0.11888889 -1.5355556,0.87 -2.07 10.03,82 131 88,23
160,01110011,00000000,-0.9879761 0.046813965 -0.06976318 0.12939453,0.8488889 -1.1244445 -1.721111,-1.25 -1.4 10.26,83 129 87,23
161,01110011,00000000,-0.9868164 0.035095215 -0.037841797 0.1531372,1.2466667 -2.078889 -1.6855556,0.84 -1.39 9.63,86 123 86,23
162,01110011,00000000,-0.98431396 0.020996094 -0.0007324219 0.17486572,1.4911112 -2.4655557 -1.5677778,-204.52 -0.03 -0.01,91 113 85,23
163,01110011,00000000,-0.9804077 0.0063476562 0.033996582 0.19354248,1.3433334 -2.0511112 -1.3388889,-0.94 -0.52 9.76,95 102 84,23
164,01110011,00000000,-0.97595215 -0.0036621094 0.06378174 0.20812988,1.03 -1.9288889 -1.1377778,1.04 -0.92 10.24,97 92 83,23
165,01110011,00000000,-0.9720459 -0.010986328 0.08660889 0.21777344,0.7644445 -1.3933333 -0.6988889,1.01 -0.73 9.78,98 84 82,23
166,01110011,00000000,-0.9697876 -0.015991211 0.09613037 0.2232666,0.43666667 -0.45666668 -0.41,2.58 -0.16 8.99,97 78 81,23
167,01110011,00000000,-0.9688721 -0.017333984 0.09375 0.22839355,-0.017777778 0.22555555 -0.39666668,1.41 0.11 8.65,96 75 81,23
168,01110011,00000000,-0.96850586 -0.013122559 0.082214355 0.23449707,-0.48666668 0.7077778 -0.40333334,1.48 -0.64 9,95 75 80,23
169,01110011,00000000,-0.96795654 -0.0087890625 0.06774902 0.24145508,-0.56333333 0.87666667 -0.4488889,-0.22 -2.11 10.32,95 76 80,23
170,01110011,00000000,-0.9686279 -0.006286621 0.04864502 0.25128174,-0.5088889 1.2055556 -11.947778,2.49 -1.43 9.89,95 78 80,23
171,01110011,00000000,-0.96343994 -0.0032348633 0.028137207 0.26641846,-0.6711111 1.3344444 -1.0744444,-0.58 -1.45 9.91,94 81 79,23
172,01110011,00000000,-0.95825195 0.0004272461 0.01574707 0.28533936,-0.55333334 0.8066667 -1.3977778,-0.42 -2.54 10.12,93 85 78,23
173,01110011,00000000,-0.95214844 0.0029907227 0.013366699 0.30511475,-0.18333334 0.12222222 -1.4566667,-0.25 -2.25 10.33,92 88 77,23
174,01110011,00000000,-0.9460449 0.0053710938 0.016418457 0.3234253,-0.06666667 -0.29555556 -1.3244444,-0.18 -1.73 10.21,92 89 76,23
175,01110011,00000000,-0.9407959 0.006958008 0.021850586 0.33795166,-0.053333335 -0.41777778 -1.0733334,-0.28 -1.6 10.32,93 88 75,23
176,01110011,00000000,-0.9364624 0.0068969727 0.031188965 0.3491211,0.16555555 -0.5566667 -0.87222224,-0.9 -1.36 9.92,94 87 74,23
177,01110011,00000000,-0.93292236 0.0049438477 0.04510498 0.3569336,0.5 -0.8577778 -0.6166667,-0.62 -0.98 9.14,94 85 73,23
178,01110011,00000000,-0.9303589 0.0018310547 0.05859375 0.36187744,0.55222225 -0.8611111 -0.40555555,0.49 -0.36 8.84,94 82 72,23
179,01110011,00000000,-0.92889404 -0.0004272461 0.06567383 0.36431885,0.28777778 -0.39444444 -0.22333333,0.96 -1.15 -0.01,93 79 71,23
180,01110011,00000000,-0.9284668 -0.0020141602 0.0657959 0.36541748,0.12888889 0.072222225 -0.053333335,0.7 -1.14 9.69,92 77 71,23
181,01110011,00000000,-0.9284668 6.1035156E-05 0.057495117 0.36676025,-0.07444444 0.39333335 -0.10222222,1.03 -1.04 9.72,92 77 71,23
182,01110011,00000000,-0.9276123 -0.0006713867 0.047790527 0.37017822,-0.25 0.6766667 -0.30555555,1.32 -1.11 9.42,92 77 71,23
183,01110011,00000000,-0.9254761 -0.0014038086 0.035583496 0.37701416,-0.24555555 0.83555555 -0.48333332,0.24 -1.48 9.92,92 78 71,23
184,01110011,00000000,-0.92144775 -0.0025634766 0.021484375 0.38775635,-0.31111112 0.89666665 -0.79444444,0.85 -1.8 9.67,92 80 70,23
185,01110011,00000000,-0.91552734 -0.002746582 0.008300781 0.40203857,-0.4211111 0.88222224 -1.1511111,1.18 -1.23 9.14,91 83 69,23
186,01110011,00000000,-0.90789795 -0.0012207031 -0.0010986328 0.41912842,-0.31777778 0.5822222 -1.33,0.95 -1.84 9.49,90 86 68,23
187,01110011,00000000,-0.9061279 0.0012817383 -0.007080078 0.43621826,-0.32777777 0.24222222 -1.3255556,0.59 -0.7 9.03,89 88 67,23
188,01110011,00000000,-0.89245605 0.005859375 -0.010314941 0.45092773,-0.41444445 0.10222222 -1.1811111,1.14 -0.85 9,89 90 66,23
189,01110011,00000000,-0.8864136 0.012756348 -0.01184082 0.46240234,-0.42555556 -0.11888889 -0.9288889,0.82 -1.16 9.3,90 91 65,23
190,01110011,00000000,-0.88275146 0.020812988 -0.010925293 0.4691162,-0.46444446 -0.30555555 -0.5922222,0.31 -1.38 9.46,91 92 64,23
191,01110011,00000000,-0.8820801 0.02722168 -0.007873535 0.47021484,-0.2588889 -0.36555555 -0.086666666,-0.14 -1.53 10.27,93 92 63,23
192,01110011,00000000,-0.8838501 0.030822754 -0.004272461 0.4666748,-0.09888889 -0.40666667 0.27555555,-0.6 -1.1 9.87,94 91 63,23
193,01110011,00000000,-0.88739014 0.032287598 -0.0005493164 0.45983887,0.007777778 -0.24 0.5188889,-0.32 -0.93 9.36,94 90 63,23
194,01110011,00000000,-0.89141846 0.03137207 0.002380371 0.4519043,0.19777778 -0.21222222 0.61,-0.36 -1.14 9.6,94 89 63,23
195,01110011,00000000,-0.8955078 0.028198242 0.004638672 0.44403076,0.23777778 -0.02111111 0.56222224,-0.73 -1.32 9.99,94 89 63,23
196,01110011,00000000,-0.8986206 0.024475098 0.0048217773 0.43792725,0.30555555 0.08111111 0.4788889,1.29 -1.27 73.73,16 65 63,23
197,01110011,00000000,-0.90075684 0.020263672 0.0033569336 0.43377686,0.17666666 0.22444445 0.2777778,0.47 -1.39 9.6,94 89 63,23
198,01110011,00000000,-0.90130615 0.016601562 6.1035156E-05 0.43273926,0.20333333 0.31 0.11111111,1.38 -0.66 9.09,94 90 63,23
199,01110011,00000000,-0.90045166 0.015380859 -0.004638672 0.43450928,-0.1 0.32 -0.15444444,1.47 -0.93 9.79,94 91 63,23
200,01110011,00000000,-0.89904785 0.020263672 -0.011962891 0.43707275,-0.48222223 0.3211111 -0.17555556,-0.18 -0.35 9.41,94 92 63,23
201,01110011,00000000,-0.89868164 0.03161621 -0.022338867 0.43676758,-1.1044445 0.27888888 -0.033333335,1.62 -0.36 9.55,95 93 63,23
202,01110011,00000000,-0.90063477 0.04876709 -0.035217285 0.43041992,-1.4444444 0.29333332 0.44777778,0.44 -0.5 9.69,98 94 63,23
203,01110011,00000000,-0.90582275 0.07116699 -0.05279541 0.41412354,-1.9922222 0.3011111 1.148889,0.84 0.12 9.53,102 94 63,23
204,01110011,00000000,-0.9138794 0.008056641 0 -0.01171875,-2.31 0.7133333 2.01,-0.37 -1.41 10.76,108 91 63,23
205,01110011,00000000,-0.9229126 0.113464355 -0.10668945 0.35198975,-2.088889 1.0555556 2.5811112,-0.03 -0.98 10.06,117 85 64,23
206,01110011,00000000,-0.9303589 0.12298584 -0.14099121 0.31518555,-1.6944444 1.6811111 2.8377779,0.28 -2.99 10.94,128 79 65,23
207,01110011,00000000,-0.9345093 0.11804199 -0.17236328 0.28808594,-0.60888886 1.8444444 2.228889,-0.31 -3.56 11.03,142 77 66,23
208,01110011,00000000,-0.93518066 0.09814453 -0.19152832 0.2810669,0.82555556 1.6422222 0.9211111,-0.67 -3.53 10.15,151 83 67,23
209,01110011,00000000,-0.9307251 0.066223145 -0.19537354 0.3017578,2.2833333 1.0455556 -0.98,-0.24 -3.6 10.15,151 92 68,23
210,01110011,00000000,-0.9190674 0.026977539 -0.1765747 0.35107422,3.5555556 0.07 -3.05,-0.49 -4.54 9.8,142 94 68,23
211,01110011,00000000,-0.8946533 -0.020874023 -0.13006592 0.42687988,5.2155557 -1.4522222 -4.963333,-1.72 -4.26 9.51,131 76 67,23
212,01110011,00000000,-0.8460083 -0.07562256 -0.07141113 0.5228882,6.1855555 -1.8477777 -6.928889,1.06 -2.04 8.92,130 33 65,23
213,01110011,00000000,-0.7650757 -0.12463379 -0.0256958 0.6312256,5.1866665 -0.94777775 -9.651111,0.88 -2.23 9.98,197 2124 16127,23
214,01110011,00000000,-0.65093994 -0.1630249 0.0020751953 0.741333,4.192222 -0.5188889 -11.182222,-0.24 -2.9 10.16,131 0 63,23
215,01110011,00000000,-0.508667 -0.18408203 0.020812988 0.8407593,3.28 -1.2555555 -12.01,-1.36 -2.14 9.86,128 0 61,23
216,01110011,00000000,-0.3515625 -0.18017578 0.03289795 0.9180298,2.55 -1.9688889 -11.953333,-1.08 -1 9.09,135 0 58,23
217,01110011,00000000,-0.20019531 -0.15283203 0.03942871 0.96691895,1.5088888 -2.9144444 -10.916667,-0.4 -1.68 9.71,156 0 54,23
218,01110011,00000000,-0.06842041 -0.11401367 0.051330566 0.9897461,1.6088889 -3.4333334 -9.06,-0.15 -2.75 10.34,197 0 48,23
219,01110011,00000000,0.03918457 -0.07366943 0.07763672 0.99346924,2.481111 -3.3233333 -7.152222,0.8 -1.35 9.71,195 2 50,23
220,01110011,00000000,0.12408447 -0.030700684 0.11248779 0.98535156,3.1788888 -3.3277779 -5.561111,-0.56 0.32 10.01,195 2 52,23
221,01110011,00000000,0.1828003 0.015380859 0.00018310547 -0.009277344,2.32 -3.3988888 -3.7522223,0.37 2.67 8.16,195 0 54,23
222,01110011,00000000,0.20880127 0.055419922 0.1418457 0.9660034,0.8888889 -3.031111 -1.4655555,2.08 2.02 8.23,195 0 57,23
223,01110011,00000000,0.20544434 0.07702637 0.13397217 0.9663696,-0.18 -1.4988889 0.50333333,1.78 0.18 9.52,195 0 63,23
224,01110011,00000000,0.18572998 0.08050537 0.11730957 0.97216797,-1.1022222 -0.20333333 1.5755556,0.49 0.47 9.04,187 4 69,23
225,01110011,00000000,0.1593628 0.0803833 0.092163086 0.97961426,-1.5622222 -0.10222222 2.0566666,-0.91 0.31 8.99,182 8 75,23
226,01110011,00000000,0.12548828 0.0793457 0.06011963 0.9869995,-2.1111112 0.0055555557 2.5555556,1.21 -0.58 10.14,179 8 81,23
227,01110011,00000000,0.088378906 0.064208984 0.02319336 0.9937134,-2.4955556 0.8322222 2.87,1.4 -0.77 9.2,177 3 87,23
228,01110011,00000000,0.059448242 0.033325195 -0.014221191 0.9975586,-2.7044444 2.0755556 2.161111,0.79 -1.73 10.2,181 0 93,23
229,01110011,00000000,0.04663086 0.0012817383 -0.04876709 0.99768066,-2.511111 2.1455555 0.99222225,-1.11 -2.94 10.87,190 0 99,23
230,01110011,00000000,0.048461914 -0.019897461 -0.074035645 0.9958496,-1.8444444 1.3422222 -0.031111112,0.33 -2.43 10.39,195 187 15615,23
231,01110011,00000000,0.061767578 -0.032409668 -0.09106445 0.99334717,-1.21 0.8688889 -0.92444444,0.37 -1.76 10.71,195 8 109,23
232,01110011,00000000,0.08319092 -0.04095459 -0.10522461 0.99005127,-1.0555556 0.72 -1.5233333,0.83 -2.39 10.92,192 14 113,23
233,01110011,00000000,0.11071777 -0.041748047 -0.11364746 0.98638916,-0.58111113 0.23444444 -1.9433334,1.04 -2.54 9.71,188 20 116,23
234,01110011,00000000,0.14154053 -0.03387451 -0.1104126 0.98309326,0.37333333 -0.26222223 -2.218889,0.89 -2.67 9.76,185 23 119,23
235,01110011,00000000,0.17730713 -0.022277832 -0.09655762 0.979126,1.1122222 -0.36222222 -2.5911112,0.84 -2.05 9.13,181 21 121,23
236,01110011,00000000,0.2189331 -0.010498047 -0.07989502 0.9723511,1.3088889 -0.32555556 -2.9666667,1.78 -1.42 8.68,176 15 123,23
237,01110011,00000000,0.2640381 0.0028686523 -0.06335449 0.96240234,1.3333334 -0.41111112 -3.3133333,1.41 -1.77 8.62,171 8 125,23
238,01110011,00000000,0.31152344 0.016723633 -0.045715332 -0.007751465,1.3733333 -0.39666668 -3.528889,0.68 -1.88 9.66,166 1 126,23
239,01110011,00000000,0.36157227 0.028930664 -0.027526855 0.9314575,1.3688889 -0.27888888 -3.74,0.98 -1.87 9.36,161 0 127,23
240,01110011,00000000,0.41345215 0.038879395 -0.01159668 0.9095459,1.17 -0.18 -4.0233335,1.4 -1.59 9.66,155 0 128,23
241,01110011,00000000,0.4649048 0.047180176 -0.00091552734 0.8840332,0.74222225 -0.25111112 -4.09,1.9 -1.68 10.02,149 0 128,23
242,01110011,00000000,0.5126343 0.052368164 0.0037841797 0.8569336,0.31666666 -0.2688889 -3.8277779,0.72 -0.69 9.42,145 0 128,23
243,01110011,00000000,0.5531006 0.05291748 0.0021362305 0.83135986,-0.20888889 -0.19222222 -3.3822222,0.09 -0.69 9.17,142 2 128,23
244,01110011,00000000,0.58483887 0.0513916 -0.0040283203 0.8093872,-0.5555556 -0.23555556 -2.7066667,1.2 -1.7 9.8,140 7 128,23
245,01110011,00000000,0.60687256 0.049804688 -0.013427734 0.7930298,-0.6766667 -0.36555555 -1.86,1.37 -1.75 10.15,139 13 128,23
246,01110011,00000000,0.6182251 0.047668457 -0.023620605 0.78411865,-0.68 -0.33888888 -0.98888886,0.03 -0.74 9.55,138 18 128,23
247,01110011,00000000,0.6206665 0.042663574 -0.033569336 0.7821655,-0.80333334 -0.16111112 -0.17777778,0.67 -0.83 9.8,137 22 255,23
248,01110011,00000000,0.6156616 0.03466797 -0.04272461 0.78601074,-0.8211111 0.017777778 0.5288889,-0.54 -1.16 9.45,136 25 130,23
249,01110011,00000000,0.60491943 0.024169922 -0.04949951 0.7943115,-0.76222223 0.2888889 0.97888887,1.62 -1.35 9.92,135 27 131,23
250,01110011,00000000,0.59143066 0.010986328 -0.053771973 0.80444336,-0.77 0.5277778 1.2444445,0.97 -1.55 9.61,135 28 132,23
251,01110011,00000000,0.5777588 -0.0032958984 -0.05432129 0.81433105,-0.56 0.7322222 1.2755556,0.04 -1.63 9.77,136 29 134,23
252,01110011,00000000,0.5663452 -0.017028809 -0.050720215 0.82244873,-0.31333333 0.9111111 1.0066667,0.82 -1.98 10.07,137 31 136,23
253,01110011,00000000,0.5592041 -0.02722168 -0.042907715 0.82733154,0.026666667 0.8655556 0.6533333,-1.06 -2.05 9.83,138 34 137,23
254,01110011,00000000,0.55810547 -0.03253174 -0.031799316 0.8284302,0.47444445 0.73333335 0.18111111,0.91 -1.63 9.63,137 38 138,23
255,01110011,00000000,0.56066895 -0.033569336 -0.023986816 0.82696533,0.64444447 0.5322222 -0.3988889,0.53 -1.47 9.66,135 42 139,23
0,01110011,00000000,0.571167 -0.031188965 -0.010253906 0.8201294,0.66555554 0.28666666 -0.68,0.3 -1.27 9.82,132 45 140,23
1,01110011,00000000,0.5812988 -0.02746582 -0.0032958984 0.81311035,0.58111113 0.06888889 -0.83111113,-0.11 -0.71 8.82,129 47 140,23
2,01110011,00000000,0.5910034 -0.021911621 0.0010986328 0.80633545,0.50666666 -0.09 -0.86777776,0.17 -1.38 9.88,126 48 140,23
3,01110011,00000000,0.5984497 -0.014221191 0.0040283203 0.8009033,0.47444445 -0.32222223 -0.6333333,0.89 -1.3 10.01,124 49 140,23
4,01110011,00000000,0.6022949 -0.005554199 0.00592041 0.79815674,0.4977778 -0.40222222 -0.30222222,-0.98 -1.22 10.29,122 50 140,23
5,01110011,00000000,0.6017456 0.004211426 0.007019043 0.798584,0.48333332 -0.49222222 0.022222223,-0.67 -1.31 10.35,120 51 141,23
6,01110011,00000000,0.59661865 0.0134887695 0.007446289 0.8023071,0.4 -0.51111114 0.4611111,-0.01 -0.57 9.06,117 52 142,23
7,01110011,00000000,0.5864868 0.020874023 0.006164551 0.8095703,0.27 -0.47111112 0.90555555,0.49 -0.3 9.8,114 53 143,23
8,01110011,00000000,0.5720215 0.025024414 0.0032958984 0.8198242,0.015555556 -0.30888888 1.2122222,0.86 -0.6 9.88,111 54 144,23
9,01110011,00000000,0.5533447 0.02532959 0 0.8324585,-0.15333334 -0.14444445 1.6211112,0.83 -0.68 9.17,109 55 145,23
10,01110011,00000000,0.5317383 0.021484375 -0.003540039 0.8465576,-0.2911111 0.11666667 1.83,0.05 -1.08 10.44,107 56 146,23
11,01110011,00000000,0.5081177 0.015014648 -0.0071411133 0.861084,-0.43666667 0.27333334 1.9088889,-0.04 -1.48 9.74,107 57 147,23
12,01110011,00000000,0.48345947 0.006591797 -0.009399414 0.87524414,-0.41555557 0.4211111 2.0355556,0.57 -1.57 9.85,108 57 148,23
13,01110011,00000000,0.4590454 -0.0029907227 -0.010253906 0.8882446,-0.34333333 0.5566667 1.9555556,-1.08 -1.21 9.65,110 58 150,23
14,01110011,00000000,0.43554688 -0.012268066 -0.010314941 0.8999634,-0.32333332 0.5788889 1.83,0.81 -1.3 9.7,112 59 152,23
15,01110011,00000000,0.41345215 -0.01928711 -0.009521484 0.9102173,-0.17555556 0.42333335 1.7566667,-0.13 -1.77 10.41,114 61 153,23
16,01110011,00000000,0.3932495 -0.0234375 -0.007446289 0.91900635,0.006666667 0.30888888 1.5066667,-0.37 -1.34 9.55,115 63 154,23
17,01110011,00000000,0.37487793 -0.024902344 -0.0045776367 0.9266968,0.104444444 0.14777778 1.4144444,0.43 -2.52 8.95,115 65 155,23
18,01110011,00000000,0.35699463 -0.024291992 -0.0017700195 0.9337158,0.18888889 0.03 1.3533334,0.2 -1.08 10.1,115 67 156,23
19,01110011,00000000,0.3394165 -0.020629883 0.0006713867 0.94036865,0.21 -0.18666667 1.2944444,-1.3 -1.06 9.96,114 69 157,23
20,01110011,00000000,0.32092285 -0.0154418945 0.002319336 0.9468994,0.22 -0.3288889 1.4066666,0.48 -0.99 10.04,112 70 158,23
21,01110011,00000000,0.3007202 -0.011108398 0.0026245117 0.9536133,0.07777778 -0.27333334 1.4766667,1.28 -0.56 9.54,110 71 159,23
22,01110011,00000000,0.27905273 -0.0076293945 0.0007324219 0.9602051,-0.008888889 -0.23555556 1.601111,-0.16 -0.58 9.46,108 72 160,23
23,01110011,00000000,0.25494385 -0.006225586 -0.00079345703 0.9668579,-0.107777774 -0.12777779 1.7411112,0.6 -1.22 9.89,107 72 162,23
24,01110011,00000000,0.22949219 -0.006652832 -0.003479004 0.9732666,-0.18888889 -0.012222222 1.8455555,-1.47 -1.23 10.06,106 72 164,23
25,01110011,00000000,0.18756104 -0.0059814453 -0.0045776367 0.979187,-0.10555556 -5.9744444 -19.912222,0.02 -1.16 9.77,106 72 166,23
26,01110011,00000000,0.17633057 -0.0044555664 -0.0028686523 0.9842529,0.15333334 -0.08111111 1.851111,-0.29 -1.1 10.04,105 72 168,23
27,01110011,00000000,0.15209961 -0.0038452148 -0.00061035156 0.9883423,0.17666666 -0.03 1.7466667,0.64 -0.57 9.45,104 73 170,23
28,01110011,00000000,0.1296997 -0.0036621094 -0.0021362305 0.9914551,-0.013333334 0.015555556 1.5433333,0.74 -0.97 9.45,103 74 172,23
29,01110011,00000000,0.10839844 -0.0051879883 -0.0053710938 0.99401855,-0.16 0.06 1.5422223,-0.01 -1.33 10.09,103 75 173,23
30,01110011,00000000,0.0881958 -0.008728027 -0.010131836 0.9960327,-0.35777777 0.22555555 1.41,0 -1.1 10.12,103 75 174,23
31,01110011,00000000,0.068603516 -0.011657715 -0.015258789 0.9974365,-0.38333333 0.17666666 1.3555555,-0.57 -1.81 10.89,104 75 175,23
32,01110011,00000000,0.048583984 -0.00970459 -0.017822266 0.99853516,-0.18888889 -0.18222222 1.4266666,-0.89 -1.14 10.02,105 75 176,23
33,01110011,00000000,0.026367188 -0.0038452148 -0.018127441 0.9994507,-0.012222222 -0.44333333 1.5088888,-0.96 -0.44 9.2,104 74 177,23
34,01110011,00000000,0.0017700195 0.0029907227 -0.019165039 0.9998169,-0.033333335 -0.52555555 1.7133334,122.04 -2.36 -0.01,102 73 179,23
35,01110011,00000000,-0.026062012 0.008666992 -0.023742676 0.9993286,-0.33555555 -0.4511111 1.97,-0.61 -0.27 9.16,100 72 181,23
36,01110011,00000000,-0.058776855 0.013061523 -0.032470703 0.9976196,-0.6022222 -0.32555556 2.2722223,-0.56 -0.21 9.79,99 71 172,23
37,01110011,00000000,-0.09674072 0.017944336 -0.044067383 0.9941406,-0.81777775 -0.37555555 2.6855555,0.3 -1.26 10.52,99 69 164,23
38,01110011,00000000,-0.1449585 0.02557373 -0.051086426 0.98773193,-0.5377778 -0.6422222 3.3944445,-1.69 -1.98 10.94,99 66 156,23
39,01110011,00000000,-0.20483398 0.03564453 -0.046569824 0.97698975,0.3011111 -0.97555554 4.192222,0.12 -1.88 10.57,96 64 149,23
40,01110011,00000000,-0.27459717 0.045288086 -0.032104492 0.9598999,0.99 -1.1622223 5.0055556,-1.6 -1.31 10.75,88 67 143,23
41,01110011,00000000,-0.34985352 0.051818848 -0.012207031 0.9352417,1.3955555 -1.0644444 5.43,-1.86 -0.92 9.89,76 76 138,23
42,01110011,00000000,-0.4375 0.0546875 0.012512207 0.90283203,1.8222222 -1 -10.525556,-1.47 -2.01 11.05,64 89 134,23
43,01110011,00000000,-0.49957275 0.051940918 0.04498291 0.8635254,2.461111 -0.89555556 5.6855555,-0.12 -2.27 10.57,51 107 130,23
44,01110011,00000000,-0.56378174 0.042907715 0.0826416 0.8206177,3.0222223 -0.7322222 5.2066665,0.08 -1.15 9.65,39 130 127,23
45,01110011,00000000,-0.61608887 0.027282715 0.118652344 0.7781372,3.1266668 -0.34555554 4.5322223,0.7 -0.38 9.28,28 155 124,23
46,01110011,00000000,-0.6553345 0.0068359375 0.14562988 0.74108887,2.75 0.19444445 3.5455556,0.31 0.05 9.52,21 176 121,23
47,01110011,00000000,-0.684021 -0.015075684 0.15667725 0.71221924,1.9144444 0.9388889 2.5466666,1.73 0.31 9.27,19 188 118,23
48,01110011,00000000,-0.7060547 -0.034484863 0.14898682 0.69140625,0.75 1.6188889 1.89,1.18 0.6 9.15,22 192 115,23
49,01110011,00000000,-0.7264404 -0.048095703 0.12426758 0.6741333,-0.38777778 2.1577778 1.5788889,0.83 0.25 9.7,29 190 112,23
50,01110011,00000000,-0.74835205 -0.05645752 0.08691406 0.65509033,-1.2777778 2.557778 1.8255556,2.34 -0.57 9.71,38 186 109,23
51,01110011,00000000,-0.7730713 -0.06329346 0.043762207 0.62957764,-1.5866667 2.8455555 2.2266667,0.59 -1.16 -0.01,51 181 107,23
52,01110011,00000000,-0.798584 -0.0713501 0.002319336 0.5975342,-1.4355556 2.8366666 2.691111,-1.08 -1.6 10.24,68 175 105,23
53,01110011,00000000,-0.8230591 -0.07885742 -0.029174805 0.5616455,-1.0266666 2.2666667 2.87,-0.04 -2.05 10.42,86 170 103,23
54,01110011,00000000,-0.8440552 -0.08795166 -0.046447754 0.52685547,-0.32222223 1.4866667 2.7944446,-1.8 -0.99 10.02,99 166 102,23
55,01110011,00000000,-0.8617554 -0.09539795 -0.054870605 0.49517822,-0.062222224 0.91555554 2.4744444,-0.97 -0.37 9.92,105 165 101,23
56,01110011,00000000,-0.8781128 -0.095947266 -0.057556152 0.46520996,-0.3011111 0.34888887 2.3555555,-0.56 -0.23 9.7,107 164 100,23
57,01110011,00000000,-0.8947754 -0.0925293 -0.051940918 0.43359375,-0.3 -0.30444443 2.5222223,-0.56 0.34 8.89,107 161 99,23
58,01110011,00000000,-0.9116821 -0.090148926 -0.040039062 0.39886475,-0.031111112 -0.65 2.768889,-0.6 0.04 9.21,104 156 98,23
59,01110011,00000000,-0.93743896 -0.08795166 -0.026550293 0.36114502,0.02111111 -0.71444446 2.9322221,-1.13 0.37 9.65,98 152 97,23
60,01110011,00000000,-0.94421387 -0.0814209 -0.013427734 0.31860352,-0.2888889 -0.78333336 3.241111,-0.58 0.32 9.65,92 148 97,23
61,01110011,00000000,-0.9604492 -0.07159424 -0.0017089844 0.26879883,-0.55777776 -0.73777777 3.7133334,-0.36 0.47 8.87,86 142 97,23
62,01110011,00000000,-0.97528076 -0.061035156 0.00390625 0.21209717,-0.7022222 -0.29555556 4.1266665,0.82 0.43 8.66,81 134 97,23
63,01110011,00000000,-0.9871216 -0.05078125 0.0014648438 0.15136719,-0.7866667 0.47 4.36,1.14 0.15 8.92,80 125 98,23
64,01110011,00000000,-0.99505615 -0.040161133 -0.007507324 0.09033203,-0.8511111 0.87222224 4.2444444,0.32 -1 10,85 118 99,23
65,01110011,00000000,-0.9987793 -0.030578613 -0.019714355 0.032714844,-0.69777775 1.0066667 3.89,1.03 -1.36 9.76,94 112 100,23
66,01110011,00000000,-0.99890137 -0.024902344 -0.034057617 -0.017089844,-0.41 1.1422222 3.2455556,-0.63 -0.69 9.59,102 108 101,23
67,01110011,00000000,-0.9961548 -0.021972656 -0.053710938 -0.06536865,-0.17444444 1.1166667 2.3544445,0.62 -0.87 9.85,109 108 102,23
68,01110011,00000000,-0.99401855 -0.01928711 -0.06237793 -0.08673096,-0.23222223 0.6888889 1.4655555,-0.2 -1 -118.11,65 38 103,23
69,01110011,00000000,-0.9928589 -0.016296387 -0.062438965 -0.099853516,-0.27222222 0.046666667 0.8877778,-0.26 -0.28 8.91,114 111 103,23
70,01110011,00000000,-0.9921875 -0.013244629 -0.057861328 -0.10925293,-0.29555556 -0.27888888 0.6511111,-0.35 -0.76 10.13,113 111 103,23
71,01110011,00000000,-0.99157715 -0.008117676 -0.053588867 -0.117126465,-0.44111112 -0.23111111 0.5322222,0.34 -1.45 10.36,112 110 103,23
72,01110011,00000000,-0.9908447 -0.001159668 -0.048828125 -0.12561035,-0.5833333 -0.25444445 0.56666666,-0.34 -0.73 10.24,112 109 103,23
73,01110011,00000000,-0.98986816 0.004211426 -0.041503906 -0.13549805,-0.49 -0.46444446 0.67,-0.07 -0.86 9.83,112 108 103,23
74,01110011,00000000,-0.9885864 0.007446289 -0.032409668 -0.14654541,-0.34888887 -0.6255556 0.75222224,0.54 -0.97 9.91,112 106 103,23
75,01110011,00000000,-0.9869995 0.00970459 -0.023742676 -0.15838623,-0.28 -0.5911111 0.82,0.82 -1.25 9.95,111 104 103,23
76,01110011,00000000,-0.98535156 0.006286621 0.005554199 -0.009399414,-0.15444444 -0.5933333 0.78333336,0.18 -1.23 9.79,110 102 103,23
77,01110011,00000000,-0.9836426 0.013977051 -0.00091552734 -0.17938232,0 -0.5877778 0.71,-0.6 -1.12 9.69,109 100 103,23
78,01110011,00000000,-0.98223877 0.013977051 0.0099487305 -0.18664551,0.09 -0.6166667 0.52555555,1.04 -1.32 10.23,108 98 103,23
79,01110011,00000000,-0.98132324 0.012329102 0.016967773 -0.19085693,0.08777778 -0.4788889 0.3122222,0.4 -1.09 9.83,107 96 103,23
80,01110011,00000000,-0.98114014 0.011779785 0.02154541 -0.19146729,0.09111111 -0.29222223 0.04888889,0.15 -1.19 9.66,106 94 103,23
81,01110011,00000000,-0.98187256 0.009338379 0.023803711 -0.18774414,0.13444445 -0.17777778 -0.25777778,0.66 -1.24 9.42,105 93 103,23
82,01110011,00000000,-0.98339844 0.008911133 0.025634766 -0.17907715,0.08777778 -0.08888889 -0.60888886,0.3 -0.39 8.76,104 92 103,23
83,01110011,00000000,-0.98565674 0.00970459 0.026550293 -0.16589355,-0.10888889 -0.018888889 -0.92777777,0.61 -1.85 9.95,103 91 103,23
84,01110011,00000000,-0.98828125 0.011657715 0.02746582 -0.14929199,-0.20555556 -0.0011111111 -1.1888889,-0.22 -1.16 9.78,103 91 103,23
85,01110011,00000000,-0.99102783 0.014526367 0.028198242 -0.12988281,-0.2588889 0.018888889 -1.3966666,-0.82 -1.5 9.94,139 715 255,23
86,01110011,00000000,-0.99334717 0.019348145 0.029663086 -0.109313965,-0.41777778 -0.024444444 -1.4766667,1.24 -0.87 9.14,103 91 101,23
87,01110011,00000000,-0.9951782 0.024719238 0.032104492 -0.08898926,-0.44777778 -0.09777778 -1.4566667,0.22 -1.25 9.28,104 92 100,23
88,01110011,00000000,-0.99645996 0.029663086 0.034973145 -0.070007324,-0.41222224 -0.15 -1.35,1.11 -1.31 9.66,105 92 99,23
89,01110011,00000000,-0.9972534 0.034240723 0.037353516 -0.052856445,-0.37666667 -0.115555555 -1.1911111,0.16 -1.79 10.04,106 92 98,23
90,01110011,00000000,-0.99780273 0.037902832 0.039001465 -0.036743164,-0.29777777 -0.07444444 -1.1077778,0.93 -2.13 10.75,107 92 97,23
91,01110011,00000000,-0.9981079 0.040100098 0.040100098 -0.021240234,-0.18333334 -0.05888889 -1.0711111,0.53 -1.05 9.35,108 92 96,23
92,01110011,00000000,-0.998291 0.04083252 0.040283203 -0.0053710938,-0.09 0.008888889 -1.0966667,-0.26 -1.37 9.68,108 91 95,23
93,01110011,00000000,-0.998291 0.039794922 0.005432129 -0.010498047,0.022222223 0.057777777 -1.2311112,-0.58 -1.6 9.74,108 90 94,23
94,01110011,00000000,-0.99798584 0.03765869 0.03845215 0.03302002,0.08111111 0.12 -1.4366666,0 -1.59 9.79,108 89 93,23
95,01110011,00000000,-0.9970703 0.03491211 0.03656006 0.05621338,0.11111111 0.17666666 -1.6444445,0.46 -1.64 9.93,107 88 92,23
96,01110011,00000000,-0.9954834 0.031799316 0.034301758 0.08251953,0.15333334 0.21 -1.8622222,1.41 -1.81 9.93,106 87 91,23
97,01110011,00000000,-0.9926758 0.029907227 0.03161621 0.11199951,0.03888889 0.23888889 -2.1088889,1.06 -1.96 9.89,105 86 90,23
98,01110011,00000000,-0.98864746 0.029785156 0.02960205 0.1439209,-0.083333336 0.17666666 -2.2855556,0.86 -1.58 9.65,104 86 89,23
99,01110011,00000000,-0.9835205 0.03112793 0.028076172 0.17584229,-0.20666666 0.11333334 -2.258889,1.86 -2.02 10.24,103 86 88,23
100,01110011,00000000,-0.97735596 0.031921387 0.026855469 0.20721436,-0.18333334 0.13222222 -2.2333333,0.37 -1.38 9.59,103 87 87,23
101,01110011,00000000,-0.970459 0.032409668 0.025756836 0.23760986,-0.16111112 0.14333333 -2.1844444,1.54 -1.99 9.76,103 88 85,23
102,01110011,00000000,-0.96276855 0.034057617 0.024841309 0.26678467,-0.22222222 0.12555556 -2.1455555,-0.66 -1.02 9.24,103 110 7167,23
103,01110011,00000000,-0.954895 0.037231445 0.024230957 0.29345703,-0.2688889 0.072222225 -1.9611111,1.82 -1.97 10.2,103 90 82,23
104,01110011,00000000,-0.9472046 0.039794922 0.02355957 0.31713867,-0.20333333 0.035555556 -1.7355555,1 -2.02 9.97,103 91 81,23
105,01110011,00000000,-0.9397583 0.041015625 0.02331543 0.3383789,-0.104444444 -0.007777778 -1.5355556,1.54 -2.28 10.3,103 91 80,23
106,01110011,00000000,-0.9324341 0.04046631 0.02368164 0.35821533,-0.031111112 0.0011111111 -1.4666667,1.47 -2.14 10.48,103 91 79,23
107,01110011,00000000,-0.92492676 0.03967285 0.024475098 0.37719727,-0.032222223 0.028888889 -1.4455556,0.62 -0.85 9.18,103 91 78,23
108,01110011,00000000,-0.9171753 0.03930664 0.025634766 0.3955078,-0.008888889 0.02111111 -1.3933333,0.65 -0.87 9.18,103 91 77,23
109,01110011,00000000,-0.90960693 0.03869629 0.027160645 0.4126587,0.05888889 -0.045555554 -1.3222222,1.35 -2.04 10.43,103 91 76,23
110,01110011,00000000,-0.9022827 0.0368042 0.028259277 -0.011779785,0.11444444 -0.027777778 -1.2522222,0.9 -1.87 10.12,103 90 75,23
111,01110011,00000000,-0.8946533 0.0345459 0.027832031 0.444458,0.043333333 0.12555556 -1.2633333,0.38 -1.5 10,103 89 74,23
112,01110011,00000000,-0.8865967 0.032165527 0.0256958 0.4605713,0.054444443 0.26222223 -1.2577778,-0.55 -1.52 9.86,103 89 73,23
113,01110011,00000000,-0.87786865 0.029846191 0.019958496 0.47747803,-0.036666665 0.42777777 -1.2866666,2.3 -1.23 9.48,102 89 72,23
114,01110011,00000000,-0.868042 0.027648926 0.011291504 0.4954834,-0.23333333 0.59555554 -1.4244444,0.23 -1.39 10.02,101 90 71,23
115,01110011,00000000,-0.85717773 0.025878906 0.0020751953 0.5142212,-0.27 0.71 -1.5044445,1.34 -1.98 9.65,100 92 70,23
116,01110011,00000000,-0.8451538 0.024780273 -0.0049438477 0.5338745,-0.18 0.48666668 -1.5955555,1.1 -1.99 9.75,99 94 69,23
117,01110011,00000000,-0.8323364 0.023864746 -0.008178711 0.5536499,-0.12 0.22666667 -1.6755556,0.85 -1.37 9.06,98 96 67,23
118,01110011,00000000,-0.819458 0.022949219 -0.008361816 0.57250977,0.026666667 0.12666667 -1.6333333,-0.16 -1.79 10.32,98 97 65,23
119,01110011,00000000,-0.807251 0.023376465 -0.009765625 0.58966064,-0.031111112 0.075555556 -1.4588889,1.83 -1.08 9.35,98 97 255,23
120,01110011,00000000,-0.7971802 0.028564453 -0.013122559 0.6027832,-0.47 0.0011111111 -1.1955556,0.74 -0.54 9.56,98 97 62,23
121,01110011,00000000,-0.79248047 0.041625977 -0.019836426 0.60809326,-0.97888887 -0.12666667 -0.48222223,0.53 -0.81 10.15,99 98 61,23
122,01110011,00000000,-0.79522705 0.061035156 -0.031311035 0.6022949,-1.5844444 -0.26777777 0.43222222,0.09 0.48 7.98,102 99 60,23
123,01110011,00000000,-0.8065796 0.08496094 -0.05078125 0.5827637,-2.1288888 0.0044444446 1.6077778,0.08 0.5 9.27,106 97 59,23
124,01110011,00000000,-0.82562256 0.1071167 -0.084228516 0.5474243,-2.67 0.62333333 2.9433334,0.64 -0.96 10.24,112 91 59,23
125,01110011,00000000,-0.8470459 0.11273193 -0.12475586 0.50408936,-2.0366666 1.7488889 3.6677778,1.37 -3.37 10.42,123 79 60,23
126,01110011,00000000,-0.8632202 0.09118652 -0.15533447 0.47155762,0.06333333 2.1211112 3.0277777,0.84 -3.92 9.96,141 71 61,23
127,01110011,00000000,-0.8685303 0.052978516 -0.16204834 0.46520996,2.088889 1.6411111 1.0322223,-1.87 -2.93 9.91,152 80 62,23
128,01110011,00000000,-0.86260986 0.016723633 -0.14379883 0.4845581,3.0377777 0.16111112 -1.0388889,-1.34 -0.95 9.78,148 92 62,23
129,01110011,00000000,-0.84814453 -0.006225586 -0.108947754 0.51831055,2.8977778 -1.1177778 -2.4055555,-1.25 -0.81 11.1,138 89 61,23
130,01110011,00000000,-0.82769775 -0.018249512 -0.073913574 0.5559082,2.3144445 -1.601111 -2.8844445,0.98 -0.53 10.28,134 75 60,23
131,01110011,00000000,-0.80267334 -0.029724121 -0.04345703 0.5940552,2.04 -1.1877778 -3.0866666,0.41 -2.01 9.72,135 60 58,23
132,01110011,00000000,-0.7717285 -0.043945312 -0.012878418 0.63427734,2.2933333 -1.1555556 -3.4233334,1.12 -1.91 9.93,134 47 56,23
133,01110011,00000000,-0.73724365 -0.049560547 0.023254395 0.6732788,2.0555556 -1.7333333 -3.6122222,-2.14 -0.57 10.33,133 31 54,23
134,01110011,00000000,-0.7077637 -0.039001465 0.06121826 0.70269775,1.3322222 -2.718889 -2.7666667,-0.8 0.26 10.03,137 15 52,23
135,01110011,00000000,-0.6906128 -0.028442383 0.0927124 0.71661377,0.9355556 -2.1744444 -1.3855555,3.05 -2.01 10.35,145 4 50,23
136,01110011,00000000,-0.6803589 -0.034240723 0.11755371 0.72247314,1.5466666 -1.0044445 -0.75333333,1.45 -1.78 9.48,145 0 49,23
137,01110011,00000000,-0.668396 -0.046020508 0.14276123 0.7284546,1.8722222 -0.63222224 -0.94777775,-0.22 -0.77 10.57,139 0 48,23
138,01110011,00000000,-0.6563721 -0.04699707 0.16442871 0.7347412,1.0933334 -1.1755556 -0.85888886,0.82 0.55 9.21,132 0 47,23
139,01110011,00000000,-0.6501465 -0.0413208 0.17553711 0.7380371,0.31111112 -0.9177778 -0.36,1.81 -0.46 9.03,128 0 46,23
140,01110011,00000000,-0.6488037 -0.042785645 0.17218018 0.73986816,-0.16777778 0.25111112 -0.16222222,3.11 -1.13 9.14,125 0 45,23
141,01110011,00000000,-0.6477051 -0.048217773 0.15185547 0.7449951,-0.83 1.1644444 -0.40666667,0.39 0.29 8.64,123 1 44,23
142,01110011,00000000,-0.6442261 -0.04626465 0.123046875 0.75335693,-1.6655556 1.2122222 -0.6788889,-0.09 -1.31 9.85,121 6 43,23
143,01110011,00000000,-0.6409912 -0.035705566 0.09362793 0.7609253,-2.1544445 0.6611111 -0.5188889,0.82 -1.51 9.57,121 13 42,23
144,01110011,00000000,-0.640625 -0.025390625 0.061035156 0.7649536,-2.16 0.8666667 -0.18444444,1.79 -1.2 9.32,123 19 41,23
145,01110011,00000000,-0.6411743 -0.020446777 0.025390625 0.7666626,-2.1977777 1.4233333 -0.11888889,0.77 -2.56 9.83,126 24 40,23
146,01110011,00000000,-0.6399536 -0.016052246 -0.0056762695 0.76812744,-1.8855555 1.12 -0.14,0.07 -2.16 9.58,129 31 40,23
147,01110011,00000000,-0.63946533 -0.0068969727 -0.024353027 0.76831055,-1.36 0.36444443 -0.07111111,-1.12 -1.54 9.54,131 37 40,23
148,01110011,00000000,-0.64294434 0.0036621094 -0.03289795 0.76519775,-1.0133333 -0.19666667 0.2688889,1.18 -2.01 10.27,132 41 40,23
149,01110011,00000000,-0.6496582 0.011352539 -0.038269043 0.75909424,-0.59555554 -0.25 0.6888889,-0.14 -1.6 10.37,132 43 40,23
150,01110011,00000000,-0.65893555 0.016784668 -0.040405273 0.75079346,-0.38222224 -0.14 0.82666665,1.04 -1.3 9.7,131 45 40,23
151,01110011,00000000,-0.670166 0.020812988 -0.034240723 0.74102783,0.05888889 -0.5788889 1.0044445,-1.97 -1.84 10.24,130 47 40,23
152,01110011,00000000,-0.6832886 0.024353027 -0.020446777 0.72943115,0.62333333 -0.9066667 1.2688888,0.52 -1.59 9.52,127 49 40,23
153,01110011,00000000,-0.7030029 0.024353027 -0.005432129 0.7159424,0.74222225 -20.764444 -24.178888,1.27 -1.16 9.72,122 51 40,23
154,01110011,00000000,-0.71069336 0.020263672 0.0036010742 0.70318604,0.67777777 -0.31 1.2888889,0.51 -0.98 10.03,117 53 40,23
155,01110011,00000000,-0.7211304 0.015380859 0.009033203 0.6925659,0.5733333 0.007777778 1.0733334,1.11 -1.33 9.75,114 56 40,23
156,01110011,00000000,-0.7285156 0.010864258 0.014526367 0.6846924,0.4611111 -0.057777777 0.6766667,0.53 -1.18 9.61,112 59 40,23
157,01110011,00000000,-0.73327637 0.006958008 0.018676758 0.6795044,0.4377778 -0.06888889 0.5377778,-0.03 -1.17 9.84,110 61 40,23
158,01110011,00000000,-0.73547363 0.0020751953 0.019226074 0.67718506,0.27333334 0.27333334 0.21666667,1.87 -1.3 9.79,108 62 40,23
159,01110011,00000000,-0.734375 -0.0028686523 0.016418457 0.6784668,0.09888889 0.34333333 -0.16333333,-0.29 -1.26 9.69,107 64 40,23
160,01110011,00000000,-0.7303467 -0.0049438477 0.014343262 0.6828613,0.046666667 0.22222222 -0.37111112,-0.78 -1.21 9.66,106 66 40,23
161,01110011,00000000,-0.725708 -0.00390625 0.015197754 0.68774414,-0.06555556 -0.083333336 -0.5466667,-0.38 -1.26 10.1,105 67 40,23
162,01110011,00000000,-0.72161865 6.1035156E-05 0.016662598 0.6920166,-0.09777778 -0.32555556 -0.34666666,-224.57 -2.36 -0.01,104 68 40,23
163,01110011,00000000,-0.71990967 0.007507324 0.018859863 0.6937866,-0.27333334 -0.38777778 -0.21111111,1.21 -1.16 10.08,104 68 40,23
164,01110011,00000000,-0.72161865 0.020263672 0.026428223 0.6914673,-0.3211111 -1.0388889 0.20777778,-1.79 -1.1 10.27,104 68 40,23
165,01110011,00000000,-0.7294922 0.041992188 0.04510498 0.68115234,-0.115555555 -1.9844445 0.89111114,-1.23 -0.64 9.33,104 66 40,23
166,01110011,00000000,-0.7463989 0.07043457 0.078063965 0.65704346,0.18555556 -3.06 2.04,-1.51 -1.86 11.29,101 61 40,23
167,01110011,00000000,-0.772522 0.099121094 0.12237549 0.61499023,0.9177778 -3.7866666 3.3355556,-1.28 -1.94 11.31,90 54 41,23
168,01110011,00000000,-0.8045654 0.12225342 0.171875 0.5550537,1.6911111 -3.8066666 4.537778,-0.65 -1.55 10.88,66 50 43,23
169,01110011,00000000,-0.8378296 0.13897705 0.21984863 0.4798584,2.0944445 -3.62 5.2811112,-1.44 -1.65 10.89,33 55 46,23
170,01110011,00000000,-0.87475586 0.14971924 0.25933838 0.39508057,2.3655555 -3.1133332 3.41,1.47 -2.06 10.32,3 64 49,23
171,01110011,00000000,-0.89642334 0.14154053 0.28424072 0.30908203,3.0255556 -1.6377778 5.596667,1.49 -3.58 9.67,4 66 51,23
172,01110011,00000000,-0.921875 0.09698486 0.289917 0.237854,5.2033334 1.16 3.2822223,4.97 -4.36 8.9,4 72 53,23
173,01110011,00000000,-0.9418335 0.014770508 0.26843262 0.20129395,6.06 3.79 -0.09,4.54 -3.5 8.98,5 103 55,23
174,01110011,00000000,-0.9491577 -0.08782959 0.20922852 0.21795654,5.2566667 6.178889 -4.383333,5.11 -1.58 8.35,4 103 56,23
175,01110011,00000000,-0.9234619 -0.1932373 0.0625 0.32543945,2.0133333 8.046667 -8.368889,3.6 -0.68 8.97,4 100 57,23
176,01110011,00000000,-0.8699951 -0.20794678 -0.084472656 0.4389038,-2.1488888 8.13 -10.858889,0.26 -1.95 9.64,4 99 58,23
177,01110011,00000000,-0.79278564 -0.15765381 -0.21191406 0.54919434,-5.2822223 5.2144446 -11.514444,-4.34 -5.13 12.46,4 100 59,23
178,01110011,00000000,-0.7150879 -0.06866455 -0.28082275 0.6364136,-5.47 0.4588889 -10.102222,-2.68 -6.37 12.23,4 105 60,23
179,01110011,00000000,-0.65618896 0.016418457 -0.28607178 0.69799805,-2.9677777 -2.6544445 -7.403333,-1.74 -0.73 -0.01,11 200 55,23
180,01110011,00000000,-0.61450195 0.07891846 -0.24304199 0.7463379,0.2 -4.1055555 -5.6,-1.83 -4.64 10.12,59 200 51,23
181,01110011,00000000,-0.58306885 0.13269043 -0.1618042 0.78497314,2.5544446 -5.661111 -4.65,0.95 -2.51 8.88,61 195 53,23
182,01110011,00000000,-0.5516968 0.17163086 -0.08068848 0.81207275,2.8877778 -4.9055557 -4.0855556,3.04 0.06 8.11,70 185 54,23
183,01110011,00000000,-0.51348877 0.19366455 -0.020690918 0.8356323,2.2255557 -3.0955555 -3.8755555,2.98 -1.47 8.68,87 165 54,23
184,01110011,00000000,-0.46575928 0.19781494 0.030456543 0.8619385,2.19 -1.6333333 -4.4555554,2.77 -3.92 9.57,109 138 51,23
185,01110011,00000000,-0.40246582 0.17962646 0.079711914 0.89404297,2.6277778 -0.24333334 -5.613333,3.16 -2.86 8.53,121 112 48,23
186,01110011,00000000,-0.31445312 0.14801025 0.113708496 0.93066406,1.8233334 1.0011111 -7.177778,1.99 -0.25 8.25,120 80 44,23
187,01110011,00000000,-0.21850586 0.11975098 0.11431885 0.96362305,-0.74666667 1.3211111 -7.9122224,0.36 0.16 8.47,104 54 39,23
188,01110011,00000000,-0.1105957 0.09967041 0.079711914 0.9855957,-3.068889 1.1544445 -6.928889,1.65 0.41 7.81,88 67 34,23
189,01110011,00000000,-0.033935547 0.08770752 0.022644043 0.9953003,-4.4955554 0.9822222 -5.057778,-0.24 -2.03 9.65,83 110 29,23
190,01110011,00000000,0.012084961 0.08880615 -0.034362793 0.9953613,-4.363333 -0.013333334 -2.91,-0.62 -3.85 10.7,87 155 25,23
191,01110011,00000000,0.022583008 0.10821533 -0.07672119 0.99090576,-2.97 -1.4488889 -0.5288889,0.36 -3.37 11.58,95 176 32,23
192,01110011,00000000,-0.0015869141 0.12731934 -0.10394287 0.9863281,-1.6955556 -1.5311111 1.7766666,3.14 -1.69 10.36,100 169 40,23
193,01110011,00000000,-0.045654297 0.1239624 -0.124938965 0.98327637,-1.0833334 -0.16666667 3.2855556,3.59 -1.05 9.68,102 159 38,23
194,01110011,00000000,-0.09442139 0.10040283 -0.14068604 0.9803467,-0.57 1.27 3.771111,0.4 -1.83 10.43,107 152 37,23
195,01110011,00000000,-0.13696289 0.07183838 -0.13977051 0.9779663,0.46888888 1.5833334 3.221111,-1.14 -3.14 10.57,119 152 36,23
196,01110011,00000000,-0.159729 0.048339844 -0.11578369 0.979126,2.02 1.07 1.6933334,-0.31 -3.76 169.72,0 136 35,23
197,01110011,00000000,-0.15240479 0.029541016 -0.07495117 0.98498535,3.1277778 0.91555554 -0.5288889,-0.12 -2.78 9.77,126 168 34,23
198,01110011,00000000,-0.11010742 0.011413574 -0.033691406 0.9932251,2.9877777 1.0544444 -3.047778,1.3 -1.25 8.97,117 165 32,23
199,01110011,00000000,-0.03741455 -0.0033569336 -0.006591797 0.9992676,2.0133333 0.9388889 -5.111111,2.13 -1.56 9.31,103 147 28,23
200,01110011,00000000,0.052490234 -0.017211914 0.0053710938 0.9984131,0.88666666 0.9766667 -6.346667,1.78 -2.24 9.06,88 126 24,23
201,01110011,00000000,0.15100098 -0.04095459 0.0048828125 0.98760986,-0.02111111 1.59 -6.977778,2.06 -2.49 7.67,75 116 30,23
202,01110011,00000000,0.25219727 -0.06616211 -0.0059814453 0.96533203,-0.8577778 1.36 -7.347778,0.07 -3.75 8.93,56 119 35,23
203,01110011,00000000,0.3461914 -0.07324219 -0.023742676 0.9349365,-0.8566667 -0.2588889 -6.7188888,-1.02 -3.96 10.15,42 133 39,23
204,01110011,00000000,0.42358398 0.005859375 0.0059814453 -0.010925293,-0.5922222 -1.2355555 -5.9722223,-1.12 -3.36 9.85,52 141 43,23
205,01110011,00000000,0.48181152 -0.03137207 -0.06286621 0.87335205,-0.21555555 -1.9555556 -4.7188888,0.53 -1.98 9.8,71 141 47,23
206,01110011,00000000,0.52233887 -0.007019043 -0.077819824 0.8491211,-0.15555556 -1.8166667 -3.48,2.55 -2.17 10.41,91 134 51,23
207,01110011,00000000,0.54956055 0.014221191 -0.08557129 0.8308716,0.27333334 -1.3611112 -2.3444445,1.5 -2.42 10.25,104 127 55,23
208,01110011,00000000,0.5695801 0.03656006 -0.08605957 0.8165283,0.68222225 -1.1822222 -1.86,-0.43 -1.47 10.55,108 119 59,23
209,01110011,00000000,0.5856323 0.056640625 -0.08465576 0.80407715,0.8011111 -1.1166667 -1.5244445,1.96 -0.37 9.33,109 110 63,23
210,01110011,00000000,0.59973145 0.06756592 -0.08190918 0.7930298,0.49222222 -0.44444445 -1.3055556,1.18 -1.51 10.22,108 102 67,23
211,01110011,00000000,0.616333 0.064575195 -0.0736084 0.78125,0.16 0.5322222 -1.46,1.64 -0.95 9.77,106 97 71,23
212,01110011,00000000,0.6378174 0.049987793 -0.06347656 0.76586914,-0.21666667 1.3 -1.7877778,1.61 -1.62 9.7,102 96 74,23
213,01110011,00000000,0.66381836 0.029785156 -0.053955078 0.7453003,-0.62222224 1.5433333 -2.2766666,1.07 -1.08 8.3,1 -821 9215,23
214,01110011,00000000,0.6928711 0.0061035156 -0.047851562 0.71936035,-1.1055555 1.5533333 -2.741111,1.45 -1.73 9.42,90 103 80,23
215,01110011,00000000,0.7215576 -0.022949219 -0.04626465 0.69036865,-1.6311111 1.6544445 -2.7866666,1.98 -1.38 8.46,84 111 82,23
216,01110011,00000000,0.7476196 -0.05419922 -0.047424316 0.6600952,-1.6922222 1.5222223 -2.6188889,1.22 -1.9 9.24,80 122 84,23
217,01110011,00000000,0.7694092 -0.08166504 -0.05206299 0.6312866,-1.6088889 0.9855555 -2.3133333,-0.38 -2.67 10.08,78 132 86,23
218,01110011,00000000,0.7858887 -0.099975586 -0.057617188 0.6074219,-1.2055556 0.6722222 -1.9677777,0.83 -2.02 8.84,80 138 88,23
219,01110011,00000000,0.79852295 -0.109191895 -0.062316895 0.58862305,-0.73777777 0.32 -1.5766667,-0.11 -2.47 9.72,83 141 90,23
220,01110011,00000000,0.80895996 -0.1104126 -0.063964844 0.5737915,-0.15 0.1711111 -1.2355555,1.24 -2.73 9.66,86 140 91,23
221,01110011,00000000,0.82025146 -0.10205078 0.004638672 -0.010009766,0.58444446 -0.064444445 -1.2655555,1.41 -2.82 10.12,88 137 93,23
222,01110011,00000000,0.83447266 -0.08441162 -0.05834961 0.54138184,1.2477778 -0.29444444 -1.6044445,-0.11 -1.91 9.98,89 132 94,23
223,01110011,00000000,0.85180664 -0.062438965 -0.05279541 0.517334,1.5133333 -0.34 -2.1222222,0.9 -1.76 9.42,89 124 95,23
224,01110011,00000000,0.87213135 -0.038391113 -0.046325684 0.48547363,1.6455555 -0.33333334 -2.7077777,0.83 -2.27 10.23,88 114 96,23
225,01110011,00000000,0.89489746 -0.016906738 -0.036865234 0.44433594,1.5488889 0.015555556 -3.3622222,1.43 -2.39 10.4,87 102 96,23
226,01110011,00000000,0.9188843 6.1035156E-05 -0.026916504 0.3935547,1.2655555 0.18555556 -4.0077777,1.69 -1.17 9.15,84 91 96,23
227,01110011,00000000,0.9413452 0.011047363 -0.018676758 0.3366089,0.8155556 0.27666667 -4.3555555,0.76 -1.55 9.87,80 81 95,23
228,01110011,00000000,0.96014404 0.015258789 -0.014404297 0.27856445,0.27555555 0.15111111 -4.3344445,-0.9 -1.29 9.3,76 75 94,23
229,01110011,00000000,0.97387695 0.012817383 -0.014160156 0.22613525,-0.25444445 0.053333335 -3.8466666,-0.87 -1.38 9.57,74 73 93,23
230,01110011,00000000,0.98254395 0.0059814453 -0.018615723 0.18450928,-0.5988889 -0.2 -2.998889,-0.69 -1.12 9.5,75 93 5119,23
231,01110011,00000000,0.9869385 -0.0028686523 -0.02734375 0.1583252,-0.7777778 -0.48555556 -1.8233334,-0.47 -0.68 9.32,78 79 91,23
232,01110011,00000000,0.98791504 -0.012817383 -0.037597656 0.14923096,-0.8433333 -0.5988889 -0.5977778,0.9 -1.54 10.35,82 81 91,23
233,01110011,00000000,0.9863281 -0.022583008 -0.045837402 0.1564331,-0.7511111 -0.4677778 0.5177778,-0.07 -0.15 8.66,85 80 91,23
234,01110011,00000000,0.9822998 -0.033325195 -0.048706055 0.1774292,-0.70111114 -0.093333334 1.4988889,0.44 -0.06 8.53,87 78 92,23
235,01110011,00000000,0.9761963 -0.043151855 -0.044433594 0.20751953,-0.48777777 0.34777778 2.221111,0.7 -0.62 8.92,89 75 93,23
236,01110011,00000000,0.96850586 -0.049926758 -0.034057617 0.24127197,-0.20666666 0.6988889 2.5355556,0.51 -1.19 9.41,93 74 95,23
237,01110011,00000000,0.95996094 -0.05230713 -0.020507812 0.274292,0.12888889 0.8322222 2.468889,0.35 -1.23 9.83,98 75 97,23
238,01110011,00000000,0.95184326 -0.04876709 -0.0072631836 -0.009033203,0.5322222 0.69555557 2.1222222,-1.3 -1.98 10.4,102 78 99,23
239,01110011,00000000,0.94525146 -0.03845215 0.004333496 0.32391357,0.9488889 0.45555556 1.6533333,0.87 -1.48 9.45,104 82 100,23
240,01110011,00000000,0.9404907 -0.023620605 0.0126953125 0.33868408,1.1566666 0.16111112 1.1155555,-0.14 -1.01 9.73,103 87 101,23
241,01110011,00000000,0.9369507 -0.008911133 0.016601562 0.34869385,0.9588889 -0.20888889 0.68666667,-0.82 -0.81 10.09,100 90 102,23
242,01110011,00000000,0.93408203 0.00390625 0.016784668 0.35656738,0.8711111 -0.32666665 0.6255556,-0.69 -0.93 10.31,97 91 103,23
243,01110011,00000000,0.9307251 0.014038086 0.014831543 0.36505127,0.6022222 -0.39777777 0.6755555,1.22 -0.64 9.32,94 92 104,23
244,01110011,00000000,0.92633057 0.0211792 0.011657715 0.3758545,0.38777778 -0.38 0.82222223,0.82 -0.66 10.03,92 92 105,23
245,01110011,00000000,0.92004395 0.024780273 0.005554199 0.39086914,0.086666666 -0.47555557 1.1144445,0.32 -1.15 10.46,90 92 106,23
246,01110011,00000000,0.9107666 0.02532959 -0.0029907227 0.41192627,-0.16 -0.54444444 1.6122222,-0.07 0.39 8.97,88 91 107,23
247,01110011,00000000,0.89764404 0.021362305 -0.011657715 0.44000244,-0.44 -0.40111113 2.1877778,-0.32 -0.16 9.53,86 89 255,23
248,01110011,00000000,0.8796387 0.013671875 -0.018127441 0.47491455,-0.61 -0.1388889 2.7866666,-0.01 -0.68 9.84,85 86 110,23
249,01110011,00000000,0.85723877 0.0028686523 -0.020263672 0.51446533,-0.6611111 0.2488889 3.2144444,0.14 -0.39 9.21,86 82 112,23
250,01110011,00000000,0.8317261 -0.008850098 -0.018981934 0.55474854,-0.62333333 0.48 3.3677778,0.46 -1.73 10.5,89 78 114,23
251,01110011,00000000,0.8046875 -0.019470215 -0.013000488 0.5930786,-0.36888888 0.7111111 3.2722223,1.11 -1.42 10.12,94 75 116,23
252,01110011,00000000,0.77856445 -0.027832031 -0.003967285 0.6268921,-0.10555556 0.7966667 2.9977777,-0.01 -1.54 10.4,100 75 118,23
253,01110011,00000000,0.75549316 -0.03186035 0.006286621 0.6543579,0.22444445 0.6722222 2.5422223,0.23 -0.81 8.75,105 77 120,23
254,01110011,00000000,0.736084 -0.032348633 0.016174316 0.6758423,0.36777776 0.50333333 2.0811112,-0.1 -1.34 9.77,108 80 122,23
255,01110011,00000000,0.72106934 -0.029785156 0.023498535 0.6917114,0.42333335 0.25333333 1.5122222,-1.22 -0.35 9.02,109 84 124,23
0,01110011,00000000,0.7090454 -0.02545166 0.02758789 0.70410156,0.38111112 -0.007777778 1.1988889,0.72 -0.95 9.92,108 87 126,23
1,01110011,00000000,0.69885254 -0.02166748 0.021972656 0.7145386,0.27333334 -0.24333334 1.0611111,1.22 -0.33 9.26,107 89 127,23
2,01110011,00000000,0.6878662 -0.016418457 0.01965332 0.7253418,0.096666664 -0.37666667 1.1,0.53 -1.21 10,105 90 128,23
3,01110011,00000000,0.6750488 -0.012390137 0.015258789 0.73742676,-0.072222225 -0.40888888 1.2155555,0.49 -0.61 9.43,104 90 129,23
4,01110011,00000000,0.6588745 -0.009399414 0.009033203 0.75213623,-0.19444445 -0.43555555 1.5144445,-0.18 0.14 8.85,103 89 130,23
5,01110011,00000000,0.63848877 -0.0076904297 0.0021362305 0.76953125,-0.29222223 -0.4077778 1.8822222,-0.35 -0.57 9.45,102 88 132,23
6,01110011,00000000,0.61413574 -0.0075683594 -0.0045166016 0.7890625,-0.37444445 -0.32333332 2.2166667,0.67 -0.14 9.17,101 86 134,23
7,01110011,00000000,0.5864258 -0.009094238 -0.010375977 0.80981445,-0.41222224 -0.19222222 2.43,0.3 -0.5 9.36,100 84 136,23
8,01110011,00000000,0.55596924 -0.01184082 -0.01550293 0.83099365,-0.41 -0.101111114 2.6,0.46 -1.41 10.6,100 82 138,23
9,01110011,00000000,0.524292 -0.016052246 -0.018798828 0.8510742,-0.35 0.06666667 2.6166666,-1.18 -1.23 10.09,100 80 140,23
10,01110011,00000000,0.49249268 -0.020874023 -0.020324707 0.869751,-0.26666668 0.17222223 2.6122222,-0.65 -0.79 9.36,101 78 142,23
11,01110011,00000000,0.46270752 -0.024536133 -0.020141602 0.88586426,-0.12666667 0.15555556 2.4133334,0.82 -1.01 9.33,102 77 144,23
12,01110011,00000000,0.4352417 -0.026855469 -0.019104004 0.89971924,-0.05666667 0.11333334 2.1733334,0.48 -1.68 9.85,103 77 146,23
13,01110011,00000000,0.41125488 -0.028015137 -0.015380859 0.9108887,0.17 0.15222222 1.8333334,-0.03 -1.79 10.86,104 77 148,23
14,01110011,00000000,0.39239502 -0.02960205 -0.0099487305 0.9192505,0.30222222 0.2188889 1.4566667,-0.67 -1.11 10.16,104 78 150,23
15,01110011,00000000,0.37927246 -0.031066895 -0.0045166016 0.92474365,0.28444445 0.21555555 1.0344445,0.76 -1.67 10.49,104 80 152,23
16,01110011,00000000,0.37097168 -0.030456543 -0.00024414062 0.92803955,0.2611111 0.06555556 0.62666667,-0.62 -1.1 9.42,104 81 153,23
17,01110011,00000000,0.3671875 -0.029418945 0.0025634766 0.92962646,0.2188889 0 0.28,-140.86 -2.55 10.15,104 82 154,23
18,01110011,00000000,0.36590576 -0.029052734 0.0037841797 0.9301758,0.086666666 0.0033333334 0.12888889,-0.68 -1.16 9.96,103 83 155,23
19,01110011,00000000,0.3657837 -0.027954102 0.0025024414 0.9301758,-0.07 -0.09222222 -0.0033333334,-0.24 -0.9 9.92,103 83 156,23
20,01110011,00000000,0.36468506 -0.024353027 -0.0014038086 0.9307251,-0.16888888 -0.32666665 0.044444446,-0.29 -0.72 9.5,103 83 157,23
21,01110011,00000000,0.36102295 -0.018066406 -0.007446289 0.93237305,-0.2188889 -0.57222223 0.26222223,-0.22 -0.61 9.56,103 83 158,23
22,01110011,00000000,0.35235596 -0.010009766 -0.013793945 0.9356079,-0.23222223 -0.71555555 0.65555555,-1.05 -1.05 9.77,103 82 159,23
23,01110011,00000000,0.338562 0.00024414062 -0.017944336 0.94073486,-0.04111111 -0.7888889 1.0044445,-0.91 -1.22 9.57,102 80 160,23
24,01110011,00000000,0.31976318 0.015136719 -0.018859863 0.9470825,0.3 -1.0211111 1.3555555,-0.31 -1.67 10.4,100 78 161,23
25,01110011,00000000,0.2970581 0.038330078 -0.01586914 0.9538574,0.75555557 20.48 -1.7088889,-0.6 -1.57 10.31,96 77 162,23
26,01110011,00000000,0.27038574 0.07122803 -0.0067749023 0.960083,1.3711112 -2.0355556 1.8877778,-0.66 -2.05 10.37,88 76 163,23
27,01110011,00000000,0.24017334 0.108947754 0.007446289 0.9645386,1.8266667 -2.2533333 2.0066667,-0.55 -1.57 10.34,76 77 165,23
28,01110011,00000000,0.20837402 0.14611816 0.022155762 0.9667969,1.92 -2.2366667 2.0755556,-0.11 -0.3 9.74,61 80 167,23
29,01110011,00000000,0.17596436 0.17700195 0.027893066 0.9678955,1.1633333 -1.9544444 2.2155557,1.05 0.7 7.88,45 84 169,23
30,01110011,00000000,0.14123535 0.19592285 0.022338867 0.9700928,0.2911111 -1.27 2.5244443,1.94 0.45 7.86,31 86 171,23
31,01110011,00000000,0.10522461 0.1918335 0.005859375 0.975708,-0.66888887 0.20666666 2.71,2.97 0.11 8.07,22 85 173,23
32,01110011,00000000,0.07092285 0.15332031 -0.019348145 0.9854126,-1.5277778 2.5844445 2.7444444,4.41 -0.58 7.86,23 82 175,23
33,01110011,00000000,0.046569824 0.07965088 -0.04876709 0.99450684,-2.1577778 5.0833335 2.2322223,3.89 -2.61 9.17,39 80 177,23
34,01110011,00000000,0.040283203 -0.0072021484 -0.074035645 0.9963989,-2.02 6.0544443 0.86,226.26 -0.18 -0.01,66 82 179,23
35,01110011,00000000,0.055114746 -0.079833984 -0.08886719 0.991272,-1.2488889 5.158889 -0.6677778,-1.69 -4.7 10.5,82 91 181,23
36,01110011,00000000,0.08984375 -0.12915039 -0.09313965 0.98309326,-0.29 3.6633334 -2.1644444,-0.55 -4.2 11.08,81 102 182,23
37,01110011,00000000,0.14141846 -0.15667725 -0.09790039 0.9725342,-0.064444445 2.3222222 -3.49,-0.05 -1.89 10.47,71 109 181,23
38,01110011,00000000,0.19793701 -0.16174316 -0.11248779 0.96014404,-0.5411111 0.70444447 -4.1433334,-0.08 -2.39 10.62,61 111 180,23
39,01110011,00000000,0.2508545 -0.14910889 -0.12414551 0.94836426,-0.14444445 -0.51222223 -3.9844444,1.1 -3.18 11.06,62 113 178,23
40,01110011,00000000,0.30578613 -0.13323975 -0.11993408 0.93499756,1.0422223 -0.34333333 -3.9944444,1.01 -3.47 10.71,72 109 176,23
41,01110011,00000000,0.368042 -0.11993408 -0.1081543 0.9155884,1.5166667 0.11333334 -4.4944444,0.4 -2.13 10.77,76 96 174,23
42,01110011,00000000,0.42193604 -0.10424805 -0.10229492 0.88916016,1.1111112 -0.1711111 -7.113333,1.07 -2.53 10.5,75 80 172,23
43,01110011,00000000,0.4993286 -0.08703613 -0.09863281 0.85632324,0.9911111 -0.27666667 -5.22,0.38 -2.2 9.63,77 67 170,23
44,01110011,00000000,0.56518555 -0.079956055 -0.09069824 0.815979,0.8333333 0.5477778 -5.367778,2.42 -2.13 9.24,80 55 167,23
45,01110011,00000000,0.6325073 -0.0836792 -0.07885742 0.7659302,0.5688889 1.4188889 -5.771111,0.01 -3.59 10.35,75 47 164,23
46,01110011,00000000,0.7005615 -0.084472656 -0.06591797 0.70544434,0.75 1.3577778 -6.271111,0.75 -3.87 9.54,61 44 161,23
47,01110011,00000000,0.7672119 -0.07574463 -0.05316162 0.6345825,1.1422222 0.9288889 -6.7766666,-0.02 -3.76 9.62,46 39 157,23
48,01110011,00000000,0.8279419 -0.066223145 -0.04248047 0.5551758,1.0588889 0.7911111 -6.9722223,-0.05 -1.86 8.52,35 28 153,23
49,01110011,00000000,0.8800049 -0.062072754 -0.033996582 0.4696045,0.5133333 0.8688889 -6.9966664,1.18 -3.18 9.33,26 18 149,23
50,01110011,00000000,0.9220581 -0.05859375 -0.02520752 0.38165283,0.49333334 0.9166667 -6.8133335,0.58 -3.33 8.87,18 16 145,23
51,01110011,00000000,0.95428467 -0.050598145 -0.01550293 0.29400635,0.8522222 0.75 -6.4744444,-0.09 -0.76 -0.01,10 15 141,23
52,01110011,00000000,0.977417 -0.038085938 -0.010498047 0.20739746,0.95555556 0.21 -6.1355557,0.13 -2.53 9.72,4 10 137,23
53,01110011,00000000,0.9914551 -0.02319336 -0.014526367 0.1272583,0.9255555 -0.48444444 -5.5111113,0.37 -1.73 9.42,4 3 133,23
54,01110011,00000000,0.9979248 -0.009155273 -0.024841309 0.058410645,0.8211111 -0.73888886 -4.911111,-0.1 -1.62 10.12,12 0 129,23
55,01110011,00000000,0.9993286 0.0010375977 -0.03503418 0.0031738281,0.59444445 -0.73888886 -3.85,0.53 -0.89 9.48,21 0 125,23
56,01110011,00000000,0.9984131 0.007019043 -0.042175293 -0.03503418,0.31555554 -0.48222223 -2.77,-0.03 -1.03 9.87,28 0 122,23
57,01110011,00000000,0.9970703 0.011474609 -0.048706055 -0.057617188,0.23444444 -0.46555555 -1.5344445,0.18 -1.1 10.05,33 1 119,23
58,01110011,00000000,0.9961548 0.0138549805 -0.05596924 -0.06524658,0.2 -0.51666665 -0.56666666,0.24 -0.82 9.8,36 3 117,23
59,01110011,00000000,0.98461914 0.012939453 -0.060913086 -0.058044434,-0.018888889 -0.34444445 0.50333333,0.92 -0.34 9.46,39 5 115,23
60,01110011,00000000,0.9973755 0.007873535 -0.05987549 -0.037902832,-0.2888889 0.083333336 1.4477777,0.51 -0.61 9.84,41 7 114,23
61,01110011,00000000,0.99853516 0.0010375977 -0.05303955 -0.0078125,-0.35666665 0.47111112 2.1488888,1.45 -0.7 9.57,44 9 113,23
62,01110011,00000000,0.9985962 -0.0060424805 -0.043151855 0.030334473,-0.37333333 0.7188889 2.6733334,-0.72 -1.01 9.99,49 12 113,23
63,01110011,00000000,0.99749756 -0.010498047 -0.036010742 0.058898926,-0.2888889 0.70555556 3.1322222,0.62 -1.36 9.94,56 15 113,23
64,01110011,00000000,0.99224854 -0.016357422 -0.023010254 0.12072754,-0.11777778 0.66333336 3.3066666,0.73 -1.32 10.18,63 18 113,23
65,01110011,00000000,0.9852905 -0.01776123 -0.013793945 0.16931152,0.035555556 0.5688889 3.4344444,-0.9 -0.55 9.21,69 22 114,23
66,01110011,00000000,0.975647 -0.018981934 -0.0056152344 0.21832275,0.046666667 0.51 3.5544446,-0.39 -0.52 9.32,74 27 115,23
67,01110011,00000000,0.96362305 -0.020202637 0.00018310547 0.26635742,0.024444444 0.34777778 3.4855556,0.45 -0.06 9.18,79 32 116,23
68,01110011,00000000,0.9492798 -0.020080566 0.003967285 0.31359863,0.036666665 0.19555555 3.4377778,-1.28 -1.32 179.28,0 4 117,23
69,01110011,00000000,0.93304443 -0.018676758 0.007019043 0.35906982,0.12555556 0.11444444 3.4333334,-0.15 -0.95 10.3,84 39 118,23
70,01110011,00000000,0.9147339 -0.017211914 0.009887695 0.40344238,0.12111111 0.09555556 3.3577778,0.09 -0.63 9.55,85 43 119,23
71,01110011,00000000,0.8944092 -0.015991211 0.012268066 0.44659424,0.078888886 0.06666667 3.3577778,-0.82 -0.54 9.67,86 47 120,23
72,01110011,00000000,0.87249756 -0.014282227 0.012817383 0.48815918,0.08111111 -0.05 3.318889,-0.05 -0.88 9.96,87 50 122,23
73,01110011,00000000,0.8488159 -0.01171875 0.0115356445 0.52838135,0.06 -0.17222223 3.2144444,-0.48 -0.43 9.42,87 53 124,23
74,01110011,00000000,0.82299805 -0.00982666 0.009094238 0.567688,-0.05 -0.23 3.3044446,-0.03 0.09 9,86 55 126,23
75,01110011,00000000,0.79504395 -0.010070801 0.00592041 0.6063843,-0.16555555 -0.17888889 3.3855555,-0.23 -0.47 9.19,85 56 128,23
76,01110011,00000000,0.76416016 0.00592041 0.0037231445 -0.006591797,-0.28555554 -0.15444444 3.4366667,-0.7 -0.72 9.67,85 56 130,23
77,01110011,00000000,0.73095703 -0.0134887695 -0.0016479492 0.68218994,-0.33666667 -0.13444445 3.5355556,-0.1 -0.91 9.49,85 55 132,23
78,01110011,00000000,0.69628906 -0.018066406 -0.0036010742 0.71746826,-0.33222222 0.07777778 3.5144444,-0.7 -1.39 10.12,85 54 134,23
79,01110011,00000000,0.66156006 -0.024780273 -0.004211426 0.74938965,-0.41555557 0.26777777 3.2833333,-0.02 -0.36 8.77,87 54 136,23
80,01110011,00000000,0.6274414 -0.03137207 -0.0040283203 0.7779541,-0.36444443 0.28111112 3.1677778,0.06 -1.5 10.01,90 54 138,23
81,01110011,00000000,0.59503174 -0.035461426 -0.003112793 0.8027954,-0.18 0.18777777 2.8455555,-0.1 -0.85 9.45,93 54 140,23
82,01110011,00000000,0.56463623 -0.037231445 -0.00030517578 0.82440186,0.01 0.15888889 2.5977778,0.13 -0.89 9.57,95 55 142,23
83,01110011,00000000,0.53741455 -0.038085938 0.0032348633 0.8424072,0.093333334 0.13333334 2.3255556,1.12 -1.34 9.88,96 57 144,23
84,01110011,00000000,0.5133667 -0.036010742 0.00592041 0.85736084,0.18888889 -0.04 1.9522222,-0.71 -1.04 10.29,97 59 146,23
85,01110011,00000000,0.49145508 -0.031799316 0.0064697266 0.8703003,0.10222222 -0.2588889 1.7644445,-1.16 -1.05 10.04,175 -893 15871,23
86,01110011,00000000,0.4706421 -0.026245117 0.0056152344 0.88183594,0.10222222 -0.40111113 1.6844444,0.21 -0.82 9.69,96 62 149,23
87,01110011,00000000,0.4498291 -0.019592285 0.0037231445 0.89282227,0.06111111 -0.48222223 1.601111,-0.14 -0.46 9.78,95 63 150,23
88,01110011,00000000,0.42803955 -0.013183594 0.00018310547 0.9036255,-0.06555556 -0.54 1.7177777,1 -0.38 9.03,94 64 151,23
89,01110011,00000000,0.40368652 -0.0071411133 -0.0056762695 0.9147949,-0.18666667 -0.56666666 1.8555555,0.63 0.07 9.14,92 64 153,23
90,01110011,00000000,0.37609863 -0.0020141602 -0.014160156 0.92645264,-0.43222222 -0.6022222 2.0911112,1.07 -0.64 9.91,91 63 155,23
91,01110011,00000000,0.34423828 -0.00024414062 -0.024780273 0.9385376,-0.6111111 -0.44555557 2.4022222,0.39 -0.19 9.21,90 61 157,23
92,01110011,00000000,0.30908203 -0.002380371 -0.036987305 0.95025635,-0.8566667 -0.2 2.5933332,0.11 -0.16 9.52,89 58 159,23
93,01110011,00000000,0.27105713 -0.0053100586 0.0026855469 -0.006286621,-1.0233333 -0.24333334 2.8011112,1.05 -0.42 9.23,90 54 161,23
94,01110011,00000000,0.22833252 -0.006286621 -0.06555176 0.9713135,-0.9533333 -0.34666666 3.0566666,-0.12 -1.3 10.03,91 48 163,23
95,01110011,00000000,0.1828003 -0.002319336 -0.07385254 0.9803467,-0.48444444 -0.6311111 3.2666667,-0.8 -1.01 9.47,91 42 165,23
96,01110011,00000000,0.13427734 0.0099487305 -0.07556152 0.98791504,0.07666667 -1.1311111 3.3355556,-1.01 -0.86 10.08,88 38 167,23
97,01110011,00000000,0.082458496 0.026977539 -0.07299805 0.9935303,0.41333333 -1.4666667 3.5766666,0.28 -0.89 10.24,80 36 169,23
98,01110011,00000000,0.028869629 0.040283203 -0.07354736 0.9960327,0.18222222 -1.2166667 3.6977777,-0.05 0.1 9.43,69 36 172,23
99,01110011,00000000,-0.02557373 0.04638672 -0.07873535 0.99542236,-0.20333333 -0.72 3.7622223,0.12 -0.5 9.54,60 35 175,23
100,01110011,00000000,-0.07757568 0.047180176 -0.085998535 0.9920654,-0.37555555 -0.34555554 3.6633334,0.87 -1.59 9.82,58 37 167,23
101,01110011,00000000,-0.12597656 0.04486084 -0.088378906 0.9869995,-0.0011111111 -0.14 3.3888888,0.17 -1.56 8.97,59 39 160,23
102,01110011,00000000,-0.17053223 0.036193848 -0.08331299 0.9810791,0.52111113 0.2588889 3.1855555,0.5 -1.74 9.48,61 6 16127,23
103,01110011,00000000,-0.20806885 0.018554688 -0.075805664 0.9749756,0.78444445 0.86333334 2.7722223,1.19 -2.12 10.19,64 52 146,23
104,01110011,00000000,-0.2376709 -0.0045166016 -0.064697266 0.96917725,1.12 1.2811111 2.1977777,-0.27 -2 9.51,68 62 140,23
105,01110011,00000000,-0.25646973 -0.028442383 -0.045410156 0.96502686,1.6555556 1.2511111 1.4611111,0.18 -2.09 9.54,72 73 134,23
106,01110011,00000000,-0.26379395 -0.046447754 -0.0154418945 0.9633179,2.3644445 0.62666667 0.6522222,0.02 -2.34 10.2,72 83 128,23
107,01110011,00000000,-0.26068115 -0.059936523 0.018615723 0.9633179,2.6011112 0.3011111 -0.14222223,-0.48 -0.84 9.95,67 88 122,23
108,01110011,00000000,-0.24975586 -0.070373535 0.045837402 0.9645996,2.0722222 0.17 -0.62222224,0.58 -0.69 10.52,60 88 116,23
109,01110011,00000000,-0.23486328 -0.07635498 0.064697266 0.9667969,1.45 0.018888889 -1.0377778,0.3 -1.07 10.83,55 85 110,23
110,01110011,00000000,-0.21948242 -0.078552246 0.079711914 -0.011352539,1.1311111 -0.16888888 -1.0044445,0.5 -0.76 9.37,51 81 104,23
111,01110011,00000000,-0.2062378 -0.07727051 0.09277344 0.9710083,0.9166667 -0.38111112 -0.8377778,0.87 -1.39 10.43,49 77 98,23
112,01110011,00000000,-0.19909668 -0.07067871 0.10235596 0.9720459,0.5911111 -0.64 -0.46444446,0.05 -0.53 9.8,47 73 93,23
113,01110011,00000000,-0.20123291 -0.059753418 0.10668945 0.97180176,0.15666667 -0.8066667 0.2611111,1.28 0.11 9.13,46 69 88,23
114,01110011,00000000,-0.21557617 -0.047302246 0.1060791 0.96954346,-0.24 -0.7411111 1.1066667,0.71 -0.31 9.36,46 65 84,23
115,01110011,00000000,-0.24139404 -0.03656006 0.103881836 0.9641113,-0.36222222 -0.48222223 1.9444444,-0.12 -1.05 10.3,46 61 80,23
116,01110011,00000000,-0.27661133 -0.028198242 0.10070801 0.9552002,-0.32555556 -0.22333333 2.56,-0.97 -0.83 10.07,46 57 77,23
117,01110011,00000000,-0.31750488 -0.020874023 0.09661865 0.94299316,-0.40333334 -0.14222223 3.09,0.76 -0.82 9.84,47 54 74,23
118,01110011,00000000,-0.3632202 -0.015563965 0.09082031 0.927124,-0.44 0.094444446 3.3444445,-0.23 -0.23 8.95,49 51 72,23
119,01110011,00000000,-0.41064453 -0.012756348 0.08306885 0.9078369,-0.55777776 0.31444445 3.6266668,0.87 -0.54 9.33,52 48 255,23
120,01110011,00000000,-0.4590454 -0.010498047 0.07397461 0.8851929,-0.5511111 0.47555557 3.6855555,-0.6 -0.46 9.02,57 45 69,23
121,01110011,00000000,-0.5053711 -0.009643555 0.06341553 0.86047363,-0.5777778 0.5322222 3.7344444,0.45 -0.92 9.87,63 43 68,23
122,01110011,00000000,-0.5493164 -0.010925293 0.0513916 0.83392334,-0.57666665 0.6811111 3.5733333,0.78 -0.4 9.1,69 41 67,23
123,01110011,00000000,-0.5888672 -0.014221191 0.03918457 0.8071289,-0.5877778 0.8755556 3.3022223,-0.16 -1.66 10.41,76 40 66,23
124,01110011,00000000,-0.621521 -0.018981934 0.029846191 0.78253174,-0.23666666 0.7588889 2.8788888,0.51 -1.25 9.9,83 40 65,23
125,01110011,00000000,-0.64746094 -0.023010254 0.024414062 0.7612915,-0.14 0.52444446 2.3122222,-0.11 -0.84 9.64,88 42 64,23
126,01110011,00000000,-0.6672363 -0.024963379 0.02331543 0.74401855,0.0022222223 0.26666668 1.8377777,-0.25 -1.66 10.59,90 44 63,23
127,01110011,00000000,-0.68182373 -0.025878906 0.026245117 0.7305298,0.23333333 -0.12444445 1.4222223,0.46 -1.47 9.87,90 46 62,23
128,01110011,00000000,-0.6923218 -0.0256958 0.032104492 0.7203369,0.28111112 -0.19333333 0.9633333,1.23 -0.8 9.74,89 48 61,23
129,01110011,00000000,-0.6993408 -0.022216797 0.0368042 0.71343994,0.101111114 -0.38555557 0.7222222,0.23 -0.65 9.74,87 50 60,23
130,01110011,00000000,-0.7053833 -0.015380859 0.04071045 0.7074585,-0.17444444 -0.51111114 0.60444444,-0.06 -0.41 9.53,86 50 59,23
131,01110011,00000000,-0.7122803 -0.006713867 0.04248047 0.7005005,-0.27666667 -0.45777777 0.69555557,0.37 -0.27 9.25,86 50 58,23
132,01110011,00000000,-0.72076416 0.0014648438 0.041503906 0.69189453,-0.51222223 -0.3422222 0.8811111,0.49 -1.19 10.02,86 50 57,23
133,01110011,00000000,-0.72979736 0.00982666 0.039001465 0.68237305,-0.4588889 -0.23333333 0.99222225,-0.36 -0.82 8.94,87 49 56,23
134,01110011,00000000,-0.7399292 0.015930176 0.037231445 0.6713867,-0.42 -0.18444444 1.0255556,0.36 -1.22 9.96,88 49 56,23
135,01110011,00000000,-0.74920654 0.018493652 0.035095215 0.6610718,-0.15666667 -0.0055555557 1.0588889,0 -1.21 9.64,89 49 56,23
136,01110011,00000000,-0.7564697 0.02319336 0.026550293 0.65301514,-0.044444446 0.11444444 0.71,0.57 -1.57 9.71,90 50 56,23
137,01110011,00000000,-0.76013184 0.020629883 0.02722168 0.6488037,0.21555555 0.06333333 0.38111112,0.48 -1.88 10.04,91 52 56,23
138,01110011,00000000,-0.760437 0.016296387 0.02911377 0.6485596,0.27888888 0.10222222 0.02,0.08 -0.94 9.75,91 54 55,23
139,01110011,00000000,-0.7576294 0.012756348 0.028747559 0.65185547,0.22444445 0.12888889 -0.3,0.27 -1.39 10.03,91 55 54,23
140,01110011,00000000,-0.75335693 0.010864258 0.026794434 0.6569214,-0.05666667 0.24333334 -0.5088889,-0.06 -0.63 9.08,91 56 53,23
141,01110011,00000000,-0.74780273 0.007751465 0.02520752 0.6633911,0.064444445 0.14 -0.5588889,-0.08 -1.33 9.61,91 58 52,23
142,01110011,00000000,-0.743103 0.004638672 0.02532959 0.66851807,0.28777778 0.24111111 -0.79333335,1.12 -1.75 9.57,91 59 51,23
143,01110011,00000000,-0.7310791 -0.0022583008 0.025756836 0.6817627,0.21222222 0.20111111 -1.0033333,-0.41 -0.99 9.5,90 60 50,23
144,01110011,00000000,-0.7196655 -0.0048828125 0.024536133 0.6937866,0.13222222 0.13666667 -1.1177778,-0.36 -1.11 10.18,89 61 49,23
145,01110011,00000000,-0.7079468 -0.0038452148 0.022827148 0.70581055,-0.19333333 0.06111111 -1.2411112,0.01 -1.1 9.3,88 62 48,23
146,01110011,00000000,-0.6967163 -0.0006713867 0.019836426 0.71698,-0.3311111 -0.11333334 -1.0688889,-0.67 -1.27 9.84,88 64 47,23
147,01110011,00000000,-0.6900635 0.0017089844 0.01763916 0.7234497,-0.31333333 -0.01 -0.97,1 -1.22 8.94,89 65 46,23
148,01110011,00000000,-0.6777344 0.0049438477 0.015136719 0.7350464,-0.24666667 -0.06 -0.8744444,0.97 -1.17 9.08,90 66 45,23
149,01110011,00000000,-0.6694336 0.01776123 0.002380371 0.74261475,-0.011111111 0.044444446 -0.81666666,0.8 -2.03 10.11,91 67 44,23
150,01110011,00000000,-0.66033936 0.024414062 -0.008422852 0.7504883,0.0011111111 0.15222222 -0.88222224,0.04 -1.1 9,91 68 43,23
151,01110011,00000000,-0.64971924 0.020690918 -0.008178711 0.75982666,0.18666667 0.15 -1.0111111,0.97 -1.24 9.25,91 70 42,23
152,01110011,00000000,-0.63635254 0.014892578 -0.008544922 0.7711792,0.2688889 0.35666665 -1.1977777,0.61 -1.43 9.62,91 71 41,23
153,01110011,00000000,-0.625 0.008850098 -0.012145996 0.78393555,0.03888889 -34.70222 25.03,0.56 -0.91 9.54,90 72 40,23
154,01110011,00000000,-0.6027832 0.0065307617 -0.019836426 0.7976074,-0.29555556 0.43555555 -1.5366666,-0.71 -1.09 9.7,89 74 39,23
155,01110011,00000000,-0.5861206 0.010559082 -0.026977539 0.80963135,-0.5688889 0.17333333 -1.5011111,-0.31 -0.74 8.87,89 77 38,23
156,01110011,00000000,-0.57263184 0.01763916 -0.03149414 0.8189697,-0.5555556 -0.2588889 -1.1655556,1.01 -1.69 9.72,90 80 37,23
157,01110011,00000000,-0.5633545 0.02520752 -0.034973145 0.8250122,-0.46333334 -0.2611111 -0.7811111,0.66 -1.35 10.01,92 82 36,23
158,01110011,00000000,-0.5588989 0.032958984 -0.03845215 0.8276367,-0.5366667 -0.25111112 -0.43,-0.14 -1.03 9.82,94 83 35,23
159,01110011,00000000,-0.55999756 0.043029785 -0.041259766 0.826355,-0.54 -0.5588889 0.11777778,-0.5 -0.77 9.41,96 84 34,23
160,01110011,00000000,-0.567688 0.05493164 -0.041625977 0.8203125,-0.47 -0.67333335 0.63,0.76 -0.71 8.81,98 84 34,23
161,01110011,00000000,-0.5812378 0.06402588 -0.041870117 0.8100586,-0.39333335 -0.61333334 1.1,0.31 -0.98 8.98,99 83 34,23
162,01110011,00000000,-0.59820557 0.06878662 -0.043884277 0.79711914,-0.20888889 -0.32555556 1.5344445,226.39 -0.01 -0.01,100 82 34,23
163,01110011,00000000,-0.61639404 0.06896973 -0.04486084 0.78308105,-0.06333333 -0.05111111 1.62,0.41 -1.83 8.94,101 82 34,23
164,01110011,00000000,-0.6329346 0.06365967 -0.043884277 0.7702637,0.30555555 0.08 1.4577777,0.09 -1.23 7.48,102 83 34,23
165,01110011,00000000,-0.6447754 0.054016113 -0.04095459 0.76135254,0.66555554 0.34111112 1.0733334,-0.16 -1.66 8.82,102 85 34,23
166,01110011,00000000,-0.6498413 0.04058838 -0.03527832 0.7581177,0.8877778 0.44333333 0.43888888,-0.31 -1.21 8.16,102 88 34,23
167,01110011,00000000,-0.6470947 0.02758789 -0.028686523 0.7612915,0.9777778 0.36444443 -0.23444444,0.71 -1.26 8.18,101 91 34,23
168,01110011,00000000,-0.6385498 0.022033691 -0.02355957 0.7687988,0.5288889 0.18 -0.83444446,-0.95 -0.67 8.54,99 92 34,23
169,01110011,00000000,-0.630188 0.0289917 -0.02130127 0.7755127,-0.23 -0.5 -0.83666664,0.24 -0.31 8.85,97 92 33,23
170,01110011,00000000,-0.640625 0.043395996 -0.022094727 0.7767334,-0.63222224 -0.78 34.985554,0.33 -1.09 8.97,99 92 32,23
171,01110011,00000000,-0.6321411 0.051574707 -0.026916504 0.77264404,-0.64555556 -0.22444445 0.41333333,2.1 -1.26 6.94,101 91 32,23
172,01110011,00000000,-0.6382446 0.050476074 -0.03918457 0.76708984,-0.57555556 0.5188889 0.66,2.03 -0.17 7.9,103 90 32,23
173,01110011,00000000,-0.6434326 0.04699707 -0.055541992 0.7619629,-0.7266667 0.94777775 0.6077778,0.43 -1.51 9.27,105 91 32,23
174,01110011,00000000,-0.6468506 0.04168701 -0.06573486 0.7585449,-0.38 0.7033333 0.37777779,-0.21 -1.58 7.98,108 93 32,23
175,01110011,00000000,-0.6466675 0.033813477 -0.068115234 0.7588501,0.28777778 0.49222222 0.052222222,1.17 -1.63 9.21,109 96 32,23
176,01110011,00000000,-0.6411133 0.023803711 -0.06915283 0.763855,0.40444446 0.70111114 -0.50333333,0.83 -1.83 9.97,108 98 32,23
177,01110011,00000000,-0.6296387 0.018310547 -0.07122803 0.7733154,0.15666667 0.43444446 -1.0577778,0.58 -1.44 10.11,106 100 32,23
178,01110011,00000000,-0.61694336 0.022033691 -0.06793213 0.7836914,0.06666667 -0.25333333 -1.17,-0.41 -1.52 11.42,104 102 31,23
179,01110011,00000000,-0.6055908 0.025817871 -0.054016113 0.79345703,0.61777776 -0.74777776 -1.1055555,-0.37 -2.05 -0.01,104 102 30,23
180,01110011,00000000,-0.5930176 0.027832031 -0.036071777 0.803833,1.0011111 -0.8466667 -1.1555556,1.94 -1.3 11.43,104 99 29,23
181,01110011,00000000,-0.5805664 0.034423828 -0.020385742 0.81311035,0.6111111 -0.91333336 -1.1466666,-0.07 -0.13 10.76,103 95 28,23
182,01110011,00000000,-0.5716553 0.045166016 -0.0068359375 0.81915283,0.29444444 -1.1777778 -0.82222223,-0.09 -0.66 10.43,104 92 27,23
183,01110011,00000000,-0.56781006 0.058288574 0.005065918 0.8209839,0.21666667 -1.2411112 -0.31666666,-0.01 -0.47 11.21,105 89 27,23
184,01110011,00000000,-0.57055664 0.0692749 0.010986328 0.8182373,-0.115555555 -0.8711111 0.22555555,1.85 -0.67 11.04,106 86 27,23
185,01110011,00000000,-0.5772705 0.071899414 0.0068969727 0.81329346,-0.29777777 -0.06555556 0.6622222,0.1 -1.09 11.35,107 84 27,23
186,01110011,00000000,-0.5829468 0.06542969 -0.0022583008 0.80981445,-0.21777777 0.79444444 0.56333333,0.89 -1.46 10.4,108 84 27,23
187,01110011,00000000,-0.5838623 0.05517578 -0.01184082 0.80981445,-0.17777778 0.9811111 0.08222222,0.88 -1.08 10.29,110 86 27,23
188,01110011,00000000,-0.5793457 0.046691895 -0.018737793 0.81347656,-0.016666668 0.74666667 -0.36777776,-0.49 -1.53 11.27,111 89 27,23
255,11111111,11111111,-6.1035156E-05 -6.1035156E-05 -6.1035156E-05 -6.1035156E-05,-0.0011111111 -0.0011111111 -0.0011111111,-0.01 -0.01 -0.01,-1 -1 -1,255
255,11111111,11111111,-6.1035156E-05 -6.1035156E-05 -6.1035156E-05 -6.1035156E-05,-0.0011111111 -0.0011111111 -0.0011111111,-0.01 -0.01 -0.01,-1 -1 -1,255
255,11111111,11111111,-6.1035156E-05 -6.1035156E-05 -6.1035156E-05 -6.1035156E-05,-0.0011111111 -0.0011111111 -0.0011111111,-0.01 -0.01 -0.01,-1 -1 -1,255
255,11111111,11111111,-6.1035156E-05 -6.1035156E-05 -6.1035156E-05 -6.1035156E-05,-0.0011111111 -0.0011111111 -0.0011111111,-0.01 -0.01 -0.01,-1 -1 -1,255
255,11111111,11111111,-6.1035156E-05 -6.1035156E-05 -6.1035156E-05 -6.1035156E-05,-0.0011111111 -0.0011111111 -0.0011111111,-0.01 -0.01 -0.01,-1 -1 -1,255
255,11111111,11111111,-6.1035156E-05 -6.1035156E-05 -6.1035156E-05 -6.1035156E-05,-0.0011111111 -0.0011111111 -0.0011111111,-0.01 -0.01 -0.01,-1 -1 -1,255
255,11111111,11111111,-6.1035156E-05 -6.1035156E-05 -6.1035156E-05 -6.1035156E-05,-0.0011111111 -0.0011111111 -0.0011111111,-0.01 -0.01 -0.01,-1 -1 -1,255
255,11111111,11111111,-6.1035156E-05 -6.1035156E-05 -6.1035156E-05 -6.1035156E-05,-0.0011111111 -0.0011111111 -0.0011111111,-0.01 -0.01 -0.01,-1 -1 -1,255
255,11111111,11111111,-6.1035156E-05 -6.1035156E-05 -6.1035156E-05 -6.1035156E-05,-0.0011111111 -0.0011111111 -0.0011111111,-0.01 -0.01 -0.01,-1 -1 -1,255
255,11111111,11111111,-6.1035156E-05 -6.1035156E-05 -6.1035156E-05 -6.1035156E-05,-0.0011111111 -0.0011111111 -0.0011111111,-0.01 -0.01 -0.01,-1 -1 -1,255
255,11111111,11111111,-6.1035156E-05 -6.1035156E-05 -6.1035156E-05 -6.1035156E-05,-0.0011111111 -0.0011111111 -0.0011111111,-0.01 -0.01 -0.01,-1 -1 -1,255
255,11111111,11111111,-6.1035156E-05 -6.1035156E-05 -6.1035156E-05 -6.1035156E-05,-0.0011111111 -0.0011111111 -0.0011111111,-0.01 -0.01 -0.01,-1 -1 -1,255
255,11111111,11111111,-6.1035156E-05 -6.1035156E-05 -6.1035156E-05 -6.1035156E-05,-0.0011111111 -0.0011111111 -0.0011111111,-0.01 -0.01 -0.01,-1 -1 -1,255
255,11111111,11111111,-6.1035156E-05 -6.1035156E-05 -6.1035156E-05 -6.1035156E-05,-0.0011111111 -0.0011111111 -0.0011111111,-0.01 -0.01 -0.01,-1 -1 -1,255
255,11111111,11111111,-6.1035156E-05 -6.1035156E-05 -6.1035156E-05 -6.1035156E-05,-0.0011111111 -0.0011111111 -0.0011111111,-0.01 -0.01 -0.01,-1 -1 -1,255
255,11111111,11111111,-6.1035156E-05 -6.1035156E-05 -6.1035156E-05 -6.1035156E-05,-0.0011111111 -0.0011111111 -0.0011111111,-0.01 -0.01 -0.01,-1 -1 -1,255
255,11111111,11111111,-6.1035156E-05 -6.1035156E-05 -6.1035156E-05 -6.1035156E-05,-0.0011111111 -0.0011111111 -0.0011111111,-0.01 -0.01 -0.01,-1 -1 -1,255
255,11111111,11111111,-6.1035156E-05 -6.1035156E-05 -6.1035156E-05 -6.1035156E-05,-0.0011111111 -0.0011111111 -0.0011111111,-0.01 -0.01 -0.01,-1 -1 -1,255
255,11111111,11111111,-6.1035156E-05 -6.1035156E-05 -6.1035156E-05 -6.1035156E-05,-0.0011111111 -0.0011111111 -0.0011111111,-0.01 -0.01 -0.01,-1 -1 -1,255
255,11111111,11111111,-6.1035156E-05 -6.1035156E-05 -6.1035156E-05 -6.1035156E-05,-0.0011111111 -0.0011111111 -0.0011111111,-0.01 -0.01 -0.01,-1 -1 -1,255
255,11111111,11111111,-6.1035156E-05 -6.1035156E-05 -6.1035156E-05 -6.1035156E-05,-0.0011111111 -0.0011111111 -0.0011111111,-0.01 -0.01 -0.01,-1 -1 -1,255
255,11111111,11111111,-6.1035156E-05 -6.1035156E-05 -6.1035156E-05 -6.1035156E-05,-0.0011111111 -0.0011111111 -0.0011111111,-0.01 -0.01 -0.01,-1 -1 -1,255
255,11111111,11111111,-6.1035156E-05 -6.1035156E-05 -6.1035156E-05 -6.1035156E-05,-0.0011111111 -0.0011111111 -0.0011111111,-0.01 -0.01 -0.01,-1 -1 -1,255
255,11111111,11111111,-6.1035156E-05 -6.1035156E-05 -6.1035156E-05 -6.1035156E-05,-0.0011111111 -0.0011111111 -0.0011111111,-0.01 -0.01 -0.01,-1 -1 -1,255
255,11111111,11111111,-6.1035156E-05 -6.1035156E-05 -6.1035156E-05 -6.1035156E-05,-0.0011111111 -0.0011111111 -0.0011111111,-0.01 -0.01 -0.01,-1 -1 -1,255
255,11111111,11111111,-6.1035156E-05 -6.1035156E-05 -6.1035156E-05 -6.1035156E-05,-0.0011111111 -0.0011111111 -0.0011111111,-0.01 -0.01 -0.01,-1 -1 -1,255
255,11111111,11111111,-6.1035156E-05 -6.1035156E-05 -6.1035156E-05 -6.1035156E-05,-0.0011111111 -0.0011111111 -0.0011111111,-0.01 -0.01 -0.01,-1 -1 -1,255
255,11111111,11111111,-6.1035156E-05 -6.1035156E-05 -6.1035156E-05 -6.1035156E-05,-0.0011111111 -0.0011111111 -0.0011111111,-0.01 -0.01 -0.01,-1 -1 -1,255
255,11111111,11111111,-6.1035156E-05 -6.1035156E-05 -6.1035156E-05 -6.1035156E-05,-0.0011111111 -0.0011111111 -0.0011111111,-0.01 -0.01 -0.01,-1 -1 -1,255
255,11111111,11111111,-6.1035156E-05 -6.1035156E-05 -6.1035156E-05 -6.1035156E-05,-0.0011111111 -0.0011111111 -0.0011111111,-0.01 -0.01 -0.01,-1 -1 -1,255
255,11111111,11111111,-6.1035156E-05 -6.1035156E-05 -6.1035156E-05 -6.1035156E-05,-0.0011111111 -0.0011111111 -0.0011111111,-0.01 -0.01 -0.01,-1 -1 -1,255
255,11111111,11111111,-6.1035156E-05 -6.1035156E-05 -6.1035156E-05 -6.1035156E-05,-0.0011111111 -0.0011111111 -0.0011111111,-0.01 -0.01 -0.01,-1 -1 -1,255
255,11111111,11111111,-6.1035156E-05 -6.1035156E-05 -6.1035156E-05 -6.1035156E-05,-0.0011111111 -0.0011111111 -0.0011111111,-0.01 -0.01 -0.01,-1 -1 -1,255
255,11111111,11111111,-6.1035156E-05 -6.1035156E-05 -6.1035156E-05 -6.1035156E-05,-0.0011111111 -0.0011111111 -0.0011111111,-0.01 -0.01 -0.01,-1 -1 -1,255
255,11111111,11111111,-6.1035156E-05 -6.1035156E-05 -6.1035156E-05 -6.1035156E-05,-0.0011111111 -0.0011111111 -0.0011111111,-0.01 -0.01 -0.01,-1 -1 -1,255
255,11111111,11111111,-6.1035156E-05 -6.1035156E-05 -6.1035156E-05 -6.1035156E-05,-0.0011111111 -0.0011111111 -0.0011111111,-0.01 -0.01 -0.01,-1 -1 -1,255
255,11111111,11111111,-6.1035156E-05 -6.1035156E-05 -6.1035156E-05 -6.1035156E-05,-0.0011111111 -0.0011111111 -0.0011111111,-0.01 -0.01 -0.01,-1 -1 -1,255
255,11111111,11111111,-6.1035156E-05 -6.1035156E-05 -6.1035156E-05 -6.1035156E-05,-0.0011111111 -0.0011111111 -0.0011111111,-0.01 -0.01 -0.01,-1 -1 -1,255
255,11111111,11111111,-6.1035156E-05 -6.1035156E-05 -6.1035156E-05 -6.1035156E-05,-0.0011111111 -0.0011111111 -0.0011111111,-0.01 -0.01 -0.01,-1 -1 -1,255
255,11111111,11111111,-6.1035156E-05 -6.1035156E-05 -6.1035156E-05 -6.1035156E-05,-0.0011111111 -0.0011111111 -0.0011111111,-0.01 -0.01 -0.01,-1 -1 -1,255
255,11111111,11111111,-6.1035156E-05 -6.1035156E-05 -6.1035156E-05 -6.1035156E-05,-0.0011111111 -0.0011111111 -0.0011111111,-0.01 -0.01 -0.01,-1 -1 -1,255
255,11111111,11111111,-6.1035156E-05 -6.1035156E-05 -6.1035156E-05 -6.1035156E-05,-0.0011111111 -0.0011111111 -0.0011111111,-0.01 -0.01 -0.01,-1 -1 -1,255
255,11111111,11111111,-6.1035156E-05 -6.1035156E-05 -6.1035156E-05 -6.1035156E-05,-0.0011111111 -0.0011111111 -0.0011111111,-0.01 -0.01 -0.01,-1 -1 -1,255
255,11111111,11111111,-6.1035156E-05 -6.1035156E-05 -6.1035156E-05 -6.1035156E-05,-0.0011111111 -0.0011111111 -0.0011111111,-0.01 -0.01 -0.01,-1 -1 -1,255
255,11111111,11111111,-6.1035156E-05 -6.1035156E-05 -6.1035156E-05 -6.1035156E-05,-0.0011111111 -0.0011111111 -0.0011111111,-0.01 -0.01 -0.01,-1 -1 -1,255
255,11111111,11111111,-6.1035156E-05 -6.1035156E-05 -6.1035156E-05 -6.1035156E-05,-0.0011111111 -0.0011111111 -0.0011111111,-0.01 -0.01 -0.01,-1 -1 -1,255
255,11111111,11111111,-6.1035156E-05 -6.1035156E-05 -6.1035156E-05 -6.1035156E-05,-0.0011111111 -0.0011111111 -0.0011111111,-0.01 -0.01 -0.01,-1 -1 -1,255
255,11111111,11111111,-6.1035156E-05 -6.1035156E-05 -6.1035156E-05 -6.1035156E-05,-0.0011111111 -0.0011111111 -0.0011111111,-0.01 -0.01 -0.01,-1 -1 -1,255
255,11111111,11111111,-6.1035156E-05 -6.1035156E-05 -6.1035156E-05 -6.1035156E-05,-0.0011111111 -0.0011111111 -0.0011111111,-0.01 -0.01 -0.01,-1 -1 -1,255
255,11111111,11111111,-6.1035156E-05 -6.1035156E-05 -6.1035156E-05 -6.1035156E-05,-0.0011111111 -0.0011111111 -0.0011111111,-0.01 -0.01 -0.01,-1 -1 -1,255
255,11111111,11111111,-6.1035156E-05 -6.1035156E-05 -6.1035156E-05 -6.1035156E-05,-0.0011111111 -0.0011111111 -0.0011111111,-0.01 -0.01 -0.01,-1 -1 -1,255
255,11111111,11111111,-6.1035156E-05 -6.1035156E-05 -6.1035156E-05 -6.1035156E-05,-0.0011111111 -0.0011111111 -0.0011111111,-0.01 -0.01 -0.01,-1 -1 -1,255
255,11111111,11111111,-6.1035156E-05 -6.1035156E-05 -6.1035156E-05 -6.1035156E-05,-0.0011111111 -0.0011111111 -0.0011111111,-0.01 -0.01 -0.01,-1 -1 -1,255
255,11111111,11111111,-6.1035156E-05 -6.1035156E-05 -6.1035156E-05 -6.1035156E-05,-0.0011111111 -0.0011111111 -0.0011111111,-0.01 -0.01 -0.01,-1 -1 -1,255
255,11111111,11111111,-6.1035156E-05 -6.1035156E-05 -6.1035156E-05 -6.1035156E-05,-0.0011111111 -0.0011111111 -0.0011111111,-0.01 -0.01 -0.01,-1 -1 -1,255
255,11111111,11111111,-6.1035156E-05 -6.1035156E-05 -6.1035156E-05 -6.1035156E-05,-0.0011111111 -0.0011111111 -0.0011111111,-0.01 -0.01 -0.01,-1 -1 -1,255
255,11111111,11111111,-6.1035156E-05 -6.1035156E-05 -6.1035156E-05 -6.1035156E-05,-0.0011111111 -0.0011111111 -0.0011111111,-0.01 -0.01 -0.01,-1 -1 -1,255
255,11111111,11111111,-6.1035156E-05 -6.1035156E-05 -6.1035156E-05 -6.1035156E-05,-0.0011111111 -0.0011111111 -0.0011111111,-0.01 -0.01 -0.01,-1 -1 -1,255
255,11111111,11111111,-6.1035156E-05 -6.1035156E-05 -6.1035156E-05 -6.1035156E-05,-0.0011111111 -0.0011111111 -0.0011111111,-0.01 -0.01 -0.01,-1 -1 -1,255
255,11111111,11111111,-6.1035156E-05 -6.1035156E-05 -6.1035156E-05 -6.1035156E-05,-0.0011111111 -0.0011111111 -0.0011111111,-0.01 -0.01 -0.01,-1 -1 -1,255
255,11111111,11111111,-6.1035156E-05 -6.1035156E-05 -6.1035156E-05 -6.1035156E-05,-0.0011111111 -0.0011111111 -0.0011111111,-0.01 -0.01 -0.01,-1 -1 -1,255
255,11111111,11111111,-6.1035156E-05 -6.1035156E-05 -6.1035156E-05 -6.1035156E-05,-0.0011111111 -0.0011111111 -0.0011111111,-0.01 -0.01 -0.01,-1 -1 -1,255
255,11111111,11111111,-6.1035156E-05 -6.1035156E-05 -6.1035156E-05 -6.1035156E-05,-0.0011111111 -0.0011111111 -0.0011111111,-0.01 -0.01 -0.01,-1 -1 -1,255
255,11111111,11111111,-6.1035156E-05 -6.1035156E-05 -6.1035156E-05 -6.1035156E-05,-0.0011111111 -0.0011111111 -0.0011111111,-0.01 -0.01 -0.01,-1 -1 -1,255
255,11111111,11111111,-6.1035156E-05 -6.1035156E-05 -6.1035156E-05 -6.1035156E-05,-0.0011111111 -0.0011111111 -0.0011111111,-0.01 -0.01 -0.01,-1 -1 -1,255
255,11111111,11111111,-6.1035156E-05 -6.1035156E-05 -6.1035156E-05 -6.1035156E-05,-0.0011111111 -0.0011111111 -0.0011111111,-0.01 -0.01 -0.01,-1 -1 -1,255
255,11111111,11111111,-6.1035156E-05 -6.1035156E-05 -6.1035156E-05 -6.1035156E-05,-0.0011111111 -0.0011111111 -0.0011111111,-0.01 -0.01 -0.01,-1 -1 -1,255
255,11111111,11111111,-6.1035156E-05 -6.1035156E-05 -6.1035156E-05 -6.1035156E-05,-0.0011111111 -0.0011111111 -0.0011111111,-0.01 -0.01 -0.01,-1 -1 -1,255
255,11111111,11111111,-6.1035156E-05 -6.1035156E-05 -6.1035156E-05 -6.1035156E-05,-0.0011111111 -0.0011111111 -0.0011111111,-0.01 -0.01 -0.01,-1 -1 -1,255
255,11111111,11111111,-6.1035156E-05 -6.1035156E-05 -6.1035156E-05 -6.1035156E-05,-0.0011111111 -0.0011111111 -0.0011111111,-0.01 -0.01 -0.01,-1 -1 -1,255
255,11111111,11111111,-6.1035156E-05 -6.1035156E-05 -6.1035156E-05 -6.1035156E-05,-0.0011111111 -0.0011111111 -0.0011111111,-0.01 -0.01 -0.01,-1 -1 -1,255
255,11111111,11111111,-6.1035156E-05 -6.1035156E-05 -6.1035156E-05 -6.1035156E-05,-0.0011111111 -0.0011111111 -0.0011111111,-0.01 -0.01 -0.01,-1 -1 -1,255
255,11111111,11111111,-6.1035156E-05 -6.1035156E-05 -6.1035156E-05 -6.1035156E-05,-0.0011111111 -0.0011111111 -0.0011111111,-0.01 -0.01 -0.01,-1 -1 -1,255
255,11111111,11111111,-6.1035156E-05 -6.1035156E-05 -6.1035156E-05 -6.1035156E-05,-0.0011111111 -0.0011111111 -0.0011111111,-0.01 -0.01 -0.01,-1 -1 -1,255
255,11111111,11111111,-6.1035156E-05 -6.1035156E-05 -6.1035156E-05 -6.1035156E-05,-0.0011111111 -0.0011111111 -0.0011111111,-0.01 -0.01 -0.01,-1 -1 -1,255
255,11111111,11111111,-6.1035156E-05 -6.1035156E-05 -6.1035156E-05 -6.1035156E-05,-0.0011111111 -0.0011111111 -0.0011111111,-0.01 -0.01 -0.01,-1 -1 -1,255
255,11111111,11111111,-6.1035156E-05 -6.1035156E-05 -6.1035156E-05 -6.1035156E-05,-0.0011111111 -0.0011111111 -0.0011111111,-0.01 -0.01 -0.01,-1 -1 -1,255
255,11111111,11111111,-6.1035156E-05 -6.1035156E-05 -6.1035156E-05 -6.1035156E-05,-0.0011111111 -0.0011111111 -0.0011111111,-0.01 -0.01 -0.01,-1 -1 -1,255
255,11111111,11111111,-6.1035156E-05 -6.1035156E-05 -6.1035156E-05 -6.1035156E-05,-0.0011111111 -0.0011111111 -0.0011111111,-0.01 -0.01 -0.01,-1 -1 -1,255
255,11111111,11111111,-6.1035156E-05 -6.1035156E-05 -6.1035156E-05 -6.1035156E-05,-0.0011111111 -0.0011111111 -0.0011111111,-0.01 -0.01 -0.01,-1 -1 -1,255
255,11111111,11111111,-6.1035156E-05 -6.1035156E-05 -6.1035156E-05 -6.1035156E-05,-0.0011111111 -0.0011111111 -0.0011111111,-0.01 -0.01 -0.01,-1 -1 -1,255
255,11111111,11111111,-6.1035156E-05 -6.1035156E-05 -6.1035156E-05 -6.1035156E-05,-0.0011111111 -0.0011111111 -0.0011111111,-0.01 -0.01 -0.01,-1 -1 -1,255
255,11111111,11111111,-6.1035156E-05 -6.1035156E-05 -6.1035156E-05 -6.1035156E-05,-0.0011111111 -0.0011111111 -0.0011111111,-0.01 -0.01 -0.01,-1 -1 -1,255
255,11111111,11111111,-6.1035156E-05 -6.1035156E-05 -6.1035156E-05 -6.1035156E-05,-0.0011111111 -0.0011111111 -0.0011111111,-0.01 -0.01 -0.01,-1 -1 -1,255
255,11111111,11111111,-6.1035156E-05 -6.1035156E-05 -6.1035156E-05 -6.1035156E-05,-0.0011111111 -0.0011111111 -0.0011111111,-0.01 -0.01 -0.01,-1 -1 -1,255
255,11111111,11111111,-6.1035156E-05 -6.1035156E-05 -6.1035156E-05 -6.1035156E-05,-0.0011111111 -0.0011111111 -0.0011111111,-0.01 -0.01 -0.01,-1 -1 -1,255
255,11111111,11111111,-6.1035156E-05 -6.1035156E-05 -6.1035156E-05 -6.1035156E-05,-0.0011111111 -0.0011111111 -0.0011111111,-0.01 -0.01 -0.01,-1 -1 -1,255
255,11111111,11111111,-6.1035156E-05 -6.1035156E-05 -6.1035156E-05 -6.1035156E-05,-0.0011111111 -0.0011111111 -0.0011111111,-0.01 -0.01 -0.01,-1 -1 -1,255
255,11111111,11111111,-6.1035156E-05 -6.1035156E-05 -6.1035156E-05 -6.1035156E-05,-0.0011111111 -0.0011111111 -0.0011111111,-0.01 -0.01 -0.01,-1 -1 -1,255
255,11111111,11111111,-6.1035156E-05 -6.1035156E-05 -6.1035156E-05 -6.1035156E-05,-0.0011111111 -0.0011111111 -0.0011111111,-0.01 -0.01 -0.01,-1 -1 -1,255
255,11111111,11111111,-6.1035156E-05 -6.1035156E-05 -6.1035156E-05 -6.1035156E-05,-0.0011111111 -0.0011111111 -0.0011111111,-0.01 -0.01 -0.01,-1 -1 -1,255
255,11111111,11111111,-6.1035156E-05 -6.1035156E-05 -6.1035156E-05 -6.1035156E-05,-0.0011111111 -0.0011111111 -0.0011111111,-0.01 -0.01 -0.01,-1 -1 -1,255
255,11111111,11111111,-6.1035156E-05 -6.1035156E-05 -6.1035156E-05 -6.1035156E-05,-0.0011111111 -0.0011111111 -0.0011111111,-0.01 -0.01 -0.01,-1 -1 -1,255
255,11111111,11111111,-6.1035156E-05 -6.1035156E-05 -6.1035156E-05 -6.1035156E-05,-0.0011111111 -0.0011111111 -0.0011111111,-0.01 -0.01 -0.01,-1 -1 -1,255
255,11111111,11111111,-6.1035156E-05 -6.1035156E-05 -6.1035156E-05 -6.1035156E-05,-0.0011111111 -0.0011111111 -0.0011111111,-0.01 -0.01 -0.01,-1 -1 -1,255
255,11111111,11111111,-6.1035156E-05 -6.1035156E-05 -6.1035156E-05 -6.1035156E-05,-0.0011111111 -0.0011111111 -0.0011111111,-0.01 -0.01 -0.01,-1 -1 -1,255
255,11111111,11111111,-6.1035156E-05 -6.1035156E-05 -6.1035156E-05 -6.1035156E-05,-0.0011111111 -0.0011111111 -0.0011111111,-0.01 -0.01 -0.01,-1 -1 -1,255
255,11111111,11111111,-6.1035156E-05 -6.1035156E-05 -6.1035156E-05 -6.1035156E-05,-0.0011111111 -0.0011111111 -0.0011111111,-0.01 -0.01 -0.01,-1 -1 -1,255
255,11111111,11111111,-6.1035156E-05 -6.1035156E-05 -6.1035156E-05 -6.1035156E-05,-0.0011111111 -0.0011111111 -0.0011111111,-0.01 -0.01 -0.01,-1 -1 -1,255
255,11111111,11111111,-6.1035156E-05 -6.1035156E-05 -6.1035156E-05 -6.1035156E-05,-0.0011111111 -0.0011111111 -0.0011111111,-0.01 -0.01 -0.01,-1 -1 -1,255
255,11111111,11111111,-6.1035156E-05 -6.1035156E-05 -6.1035156E-05 -6.1035156E-05,-0.0011111111 -0.0011111111 -0.0011111111,-0.01 -0.01 -0.01,-1 -1 -1,255
255,11111111,11111111,-6.1035156E-05 -6.1035156E-05 -6.1035156E-05 -6.1035156E-05,-0.0011111111 -0.0011111111 -0.0011111111,-0.01 -0.01 -0.01,-1 -1 -1,255
255,11111111,11111111,-6.1035156E-05 -6.1035156E-05 -6.1035156E-05 -6.1035156E-05,-0.0011111111 -0.0011111111 -0.0011111111,-0.01 -0.01 -0.01,-1 -1 -1,255
255,11111111,11111111,-6.1035156E-05 -6.1035156E-05 -6.1035156E-05 -6.1035156E-05,-0.0011111111 -0.0011111111 -0.0011111111,-0.01 -0.01 -0.01,-1 -1 -1,255
255,11111111,11111111,-6.1035156E-05 -6.1035156E-05 -6.1035156E-05 -6.1035156E-05,-0.0011111111 -0.0011111111 -0.0011111111,-0.01 -0.01 -0.01,-1 -1 -1,255
255,11111111,11111111,-6.1035156E-05 -6.1035156E-05 -6.1035156E-05 -6.1035156E-05,-0.0011111111 -0.0011111111 -0.0011111111,-0.01 -0.01 -0.01,-1 -1 -1,255
255,11111111,11111111,-6.1035156E-05 -6.1035156E-05 -6.1035156E-05 -6.1035156E-05,-0.0011111111 -0.0011111111 -0.0011111111,-0.01 -0.01 -0.01,-1 -1 -1,255
255,11111111,11111111,-6.1035156E-05 -6.1035156E-05 -6.1035156E-05 -6.1035156E-05,-0.0011111111 -0.0011111111 -0.0011111111,-0.01 -0.01 -0.01,-1 -1 -1,255
255,11111111,11111111,-6.1035156E-05 -6.1035156E-05 -6.1035156E-05 -6.1035156E-05,-0.0011111111 -0.0011111111 -0.0011111111,-0.01 -0.01 -0.01,-1 -1 -1,255
255,11111111,11111111,-6.1035156E-05 -6.1035156E-05 -6.1035156E-05 -6.1035156E-05,-0.0011111111 -0.0011111111 -0.0011111111,-0.01 -0.01 -0.01,-1 -1 -1,255
255,11111111,11111111,-6.1035156E-05 -6.1035156E-05 -6.1035156E-05 -6.1035156E-05,-0.0011111111 -0.0011111111 -0.0011111111,-0.01 -0.01 -0.01,-1 -1 -1,255
255,11111111,11111111,-6.1035156E-05 -6.1035156E-05 -6.1035156E-05 -6.1035156E-05,-0.0011111111 -0.0011111111 -0.0011111111,-0.01 -0.01 -0.01,-1 -1 -1,255
255,11111111,11111111,-6.1035156E-05 -6.1035156E-05 -6.1035156E-05 -6.1035156E-05,-0.0011111111 -0.0011111111 -0.0011111111,-0.01 -0.01 -0.01,-1 -1 -1,255
255,11111111,11111111,-6.1035156E-05 -6.1035156E-05 -6.1035156E-05 -6.1035156E-05,-0.0011111111 -0.0011111111 -0.0011111111,-0.01 -0.01 -0.01,-1 -1 -1,255
255,11111111,11111111,-6.1035156E-05 -6.1035156E-05 -6.1035156E-05 -6.1035156E-05,-0.0011111111 -0.0011111111 -0.0011111111,-0.01 -0.01 -0.01,-1 -1 -1,255
255,11111111,11111111,-6.1035156E-05 -6.1035156E-05 -6.1035156E-05 -6.1035156E-05,-0.0011111111 -0.0011111111 -0.0011111111,-0.01 -0.01 -0.01,-1 -1 -1,255
255,11111111,11111111,-6.1035156E-05 -6.1035156E-05 -6.1035156E-05 -6.1035156E-05,-0.0011111111 -0.0011111111 -0.0011111111,-0.01 -0.01 -0.01,-1 -1 -1,255
255,11111111,11111111,-6.1035156E-05 -6.1035156E-05 -6.1035156E-05 -6.1035156E-05,-0.0011111111 -0.0011111111 -0.0011111111,-0.01 -0.01 -0.01,-1 -1 -1,255
255,11111111,11111111,-6.1035156E-05 -6.1035156E-05 -6.1035156E-05 -6.1035156E-05,-0.0011111111 -0.0011111111 -0.0011111111,-0.01 -0.01 -0.01,-1 -1 -1,255
255,11111111,11111111,-6.1035156E-05 -6.1035156E-05 -6.1035156E-05 -6.1035156E-05,-0.0011111111 -0.0011111111 -0.0011111111,-0.01 -0.01 -0.01,-1 -1 -1,255
255,11111111,11111111,-6.1035156E-05 -6.1035156E-05 -6.1035156E-05 -6.1035156E-05,-0.0011111111 -0.0011111111 -0.0011111111,-0.01 -0.01 -0.01,-1 -1 -1,255
255,11111111,11111111,-6.1035156E-05 -6.1035156E-05 -6.1035156E-05 -6.1035156E-05,-0.0011111111 -0.0011111111 -0.0011111111,-0.01 -0.01 -0.01,-1 -1 -1,255
255,11111111,11111111,-6.1035156E-05 -6.1035156E-05 -6.1035156E-05 -6.1035156E-05,-0.0011111111 -0.0011111111 -0.0011111111,-0.01 -0.01 -0.01,-1 -1 -1,255
255,11111111,11111111,-6.1035156E-05 -6.1035156E-05 -6.1035156E-05 -6.1035156E-05,-0.0011111111 -0.0011111111 -0.0011111111,-0.01 -0.01 -0.01,-1 -1 -1,255
255,11111111,11111111,-6.1035156E-05 -6.1035156E-05 -6.1035156E-05 -6.1035156E-05,-0.0011111111 -0.0011111111 -0.0011111111,-0.01 -0.01 -0.01,-1 -1 -1,255
255,11111111,11111111,-6.1035156E-05 -6.1035156E-05 -6.1035156E-05 -6.1035156E-05,-0.0011111111 -0.0011111111 -0.0011111111,-0.01 -0.01 -0.01,-1 -1 -1,255
255,11111111,11111111,-6.1035156E-05 -6.1035156E-05 -6.1035156E-05 -6.1035156E-05,-0.0011111111 -0.0011111111 -0.0011111111,-0.01 -0.01 -0.01,-1 -1 -1,255
255,11111111,11111111,-6.1035156E-05 -6.1035156E-05 -6.1035156E-05 -6.1035156E-05,-0.0011111111 -0.0011111111 -0.0011111111,-0.01 -0.01 -0.01,-1 -1 -1,255
255,11111111,11111111,-6.1035156E-05 -6.1035156E-05 -6.1035156E-05 -6.1035156E-05,-0.0011111111 -0.0011111111 -0.0011111111,-0.01 -0.01 -0.01,-1 -1 -1,255
255,11111111,11111111,-6.1035156E-05 -6.1035156E-05 -6.1035156E-05 -6.1035156E-05,-0.0011111111 -0.0011111111 -0.0011111111,-0.01 -0.01 -0.01,-1 -1 -1,255
255,11111111,11111111,-6.1035156E-05 -6.1035156E-05 -6.1035156E-05 -6.1035156E-05,-0.0011111111 -0.0011111111 -0.0011111111,-0.01 -0.01 -0.01,-1 -1 -1,255
255,11111111,11111111,-6.1035156E-05 -6.1035156E-05 -6.1035156E-05 -6.1035156E-05,-0.0011111111 -0.0011111111 -0.0011111111,-0.01 -0.01 -0.01,-1 -1 -1,255
255,11111111,11111111,-6.1035156E-05 -6.1035156E-05 -6.1035156E-05 -6.1035156E-05,-0.0011111111 -0.0011111111 -0.0011111111,-0.01 -0.01 -0.01,-1 -1 -1,255
255,11111111,11111111,-6.1035156E-05 -6.1035156E-05 -6.1035156E-05 -6.1035156E-05,-0.0011111111 -0.0011111111 -0.0011111111,-0.01 -0.01 -0.01,-1 -1 -1,255
255,11111111,11111111,-6.1035156E-05 -6.1035156E-05 -6.1035156E-05 -6.1035156E-05,-0.0011111111 -0.0011111111 -0.0011111111,-0.01 -0.01 -0.01,-1 -1 -1,255
255,11111111,11111111,-6.1035156E-05 -6.1035156E-05 -6.1035156E-05 -6.1035156E-05,-0.0011111111 -0.0011111111 -0.0011111111,-0.01 -0.01 -0.01,-1 -1 -1,255
255,11111111,11111111,-6.1035156E-05 -6.1035156E-05 -6.1035156E-05 -6.1035156E-05,-0.0011111111 -0.0011111111 -0.0011111111,-0.01 -0.01 -0.01,-1 -1 -1,255
255,11111111,11111111,-6.1035156E-05 -6.1035156E-05 -6.1035156E-05 -6.1035156E-05,-0.0011111111 -0.0011111111 -0.0011111111,-0.01 -0.01 -0.01,-1 -1 -1,255
255,11111111,11111111,-6.1035156E-05 -6.1035156E-05 -6.1035156E-05 -6.1035156E-05,-0.0011111111 -0.0011111111 -0.0011111111,-0.01 -0.01 -0.01,-1 -1 -1,255
255,11111111,11111111,-6.1035156E-05 -6.1035156E-05 -6.1035156E-05 -6.1035156E-05,-0.0011111111 -0.0011111111 -0.0011111111,-0.01 -0.01 -0.01,-1 -1 -1,255
255,11111111,11111111,-6.1035156E-05 -6.1035156E-05 -6.1035156E-05 -6.1035156E-05,-0.0011111111 -0.0011111111 -0.0011111111,-0.01 -0.01 -0.01,-1 -1 -1,255
255,11111111,11111111,-6.1035156E-05 -6.1035156E-05 -6.1035156E-05 -6.1035156E-05,-0.0011111111 -0.0011111111 -0.0011111111,-0.01 -0.01 -0.01,-1 -1 -1,255
255,11111111,11111111,-6.1035156E-05 -6.1035156E-05 -6.1035156E-05 -6.1035156E-05,-0.0011111111 -0.0011111111 -0.0011111111,-0.01 -0.01 -0.01,-1 -1 -1,255
255,11111111,11111111,-6.1035156E-05 -6.1035156E-05 -6.1035156E-05 -6.1035156E-05,-0.0011111111 -0.0011111111 -0.0011111111,-0.01 -0.01 -0.01,-1 -1 -1,255
255,11111111,11111111,-6.1035156E-05 -6.1035156E-05 -6.1035156E-05 -6.1035156E-05,-0.0011111111 -0.0011111111 -0.0011111111,-0.01 -0.01 -0.01,-1 -1 -1,255
255,11111111,11111111,-6.1035156E-05 -6.1035156E-05 -6.1035156E-05 -6.1035156E-05,-0.0011111111 -0.0011111111 -0.0011111111,-0.01 -0.01 -0.01,-1 -1 -1,255
255,11111111,11111111,-6.1035156E-05 -6.1035156E-05 -6.1035156E-05 -6.1035156E-05,-0.0011111111 -0.0011111111 -0.0011111111,-0.01 -0.01 -0.01,-1 -1 -1,255
255,11111111,11111111,-6.1035156E-05 -6.1035156E-05 -6.1035156E-05 -6.1035156E-05,-0.0011111111 -0.0011111111 -0.0011111111,-0.01 -0.01 -0.01,-1 -1 -1,255
255,11111111,11111111,-6.1035156E-05 -6.1035156E-05 -6.1035156E-05 -6.1035156E-05,-0.0011111111 -0.0011111111 -0.0011111111,-0.01 -0.01 -0.01,-1 -1 -1,255
255,11111111,11111111,-6.1035156E-05 -6.1035156E-05 -6.1035156E-05 -6.1035156E-05,-0.0011111111 -0.0011111111 -0.0011111111,-0.01 -0.01 -0.01,-1 -1 -1,255
255,11111111,11111111,-6.1035156E-05 -6.1035156E-05 -6.1035156E-05 -6.1035156E-05,-0.0011111111 -0.0011111111 -0.0011111111,-0.01 -0.01 -0.01,-1 -1 -1,255
255,11111111,11111111,-6.1035156E-05 -6.1035156E-05 -6.1035156E-05 -6.1035156E-05,-0.0011111111 -0.0011111111 -0.0011111111,-0.01 -0.01 -0.01,-1 -1 -1,255
255,11111111,11111111,-6.1035156E-05 -6.1035156E-05 -6.1035156E-05 -6.1035156E-05,-0.0011111111 -0.0011111111 -0.0011111111,-0.01 -0.01 -0.01,-1 -1 -1,255
255,11111111,11111111,-6.1035156E-05 -6.1035156E-05 -6.1035156E-05 -6.1035156E-05,-0.0011111111 -0.0011111111 -0.0011111111,-0.01 -0.01 -0.01,-1 -1 -1,255
255,11111111,11111111,-6.1035156E-05 -6.1035156E-05 -6.1035156E-05 -6.1035156E-05,-0.0011111111 -0.0011111111 -0.0011111111,-0.01 -0.01 -0.01,-1 -1 -1,255
255,11111111,11111111,-6.1035156E-05 -6.1035156E-05 -6.1035156E-05 -6.1035156E-05,-0.0011111111 -0.0011111111 -0.0011111111,-0.01 -0.01 -0.01,-1 -1 -1,255
255,11111111,11111111,-6.1035156E-05 -6.1035156E-05 -6.1035156E-05 -6.1035156E-05,-0.0011111111 -0.0011111111 -0.0011111111,-0.01 -0.01 -0.01,-1 -1 -1,255
255,11111111,11111111,-6.1035156E-05 -6.1035156E-05 -6.1035156E-05 -6.1035156E-05,-0.0011111111 -0.0011111111 -0.0011111111,-0.01 -0.01 -0.01,-1 -1 -1,255
255,11111111,11111111,-6.1035156E-05 -6.1035156E-05 -6.1035156E-05 -6.1035156E-05,-0.0011111111 -0.0011111111 -0.0011111111,-0.01 -0.01 -0.01,-1 -1 -1,255
255,11111111,11111111,-6.1035156E-05 -6.1035156E-05 -6.1035156E-05 -6.1035156E-05,-0.0011111111 -0.0011111111 -0.0011111111,-0.01 -0.01 -0.01,-1 -1 -1,255
255,11111111,11111111,-6.1035156E-05 -6.1035156E-05 -6.1035156E-05 -6.1035156E-05,-0.0011111111 -0.0011111111 -0.0011111111,-0.01 -0.01 -0.01,-1 -1 -1,255
255,11111111,11111111,-6.1035156E-05 -6.1035156E-05 -6.1035156E-05 -6.1035156E-05,-0.0011111111 -0.0011111111 -0.0011111111,-0.01 -0.01 -0.01,-1 -1 -1,255
255,11111111,11111111,-6.1035156E-05 -6.1035156E-05 -6.1035156E-05 -6.1035156E-05,-0.0011111111 -0.0011111111 -0.0011111111,-0.01 -0.01 -0.01,-1 -1 -1,255
255,11111111,11111111,-6.1035156E-05 -6.1035156E-05 -6.1035156E-05 -6.1035156E-05,-0.0011111111 -0.0011111111 -0.0011111111,-0.01 -0.01 -0.01,-1 -1 -1,255
255,11111111,11111111,-6.1035156E-05 -6.1035156E-05 -6.1035156E-05 -6.1035156E-05,-0.0011111111 -0.0011111111 -0.0011111111,-0.01 -0.01 -0.01,-1 -1 -1,255
255,11111111,11111111,-6.1035156E-05 -6.1035156E-05 -6.1035156E-05 -6.1035156E-05,-0.0011111111 -0.0011111111 -0.0011111111,-0.01 -0.01 -0.01,-1 -1 -1,255
255,11111111,11111111,-6.1035156E-05 -6.1035156E-05 -6.1035156E-05 -6.1035156E-05,-0.0011111111 -0.0011111111 -0.0011111111,-0.01 -0.01 -0.01,-1 -1 -1,255
255,11111111,11111111,-6.1035156E-05 -6.1035156E-05 -6.1035156E-05 -6.1035156E-05,-0.0011111111 -0.0011111111 -0.0011111111,-0.01 -0.01 -0.01,-1 -1 -1,255
255,11111111,11111111,-6.1035156E-05 -6.1035156E-05 -6.1035156E-05 -6.1035156E-05,-0.0011111111 -0.0011111111 -0.0011111111,-0.01 -0.01 -0.01,-1 -1 -1,255
255,11111111,11111111,-6.1035156E-05 -6.1035156E-05 -6.1035156E-05 -6.1035156E-05,-0.0011111111 -0.0011111111 -0.0011111111,-0.01 -0.01 -0.01,-1 -1 -1,255
255,11111111,11111111,-6.1035156E-05 -6.1035156E-05 -6.1035156E-05 -6.1035156E-05,-0.0011111111 -0.0011111111 -0.0011111111,-0.01 -0.01 -0.01,-1 -1 -1,255
255,11111111,11111111,-6.1035156E-05 -6.1035156E-05 -6.1035156E-05 -6.1035156E-05,-0.0011111111 -0.0011111111 -0.0011111111,-0.01 -0.01 -0.01,-1 -1 -1,255
255,11111111,11111111,-6.1035156E-05 -6.1035156E-05 -6.1035156E-05 -6.1035156E-05,-0.0011111111 -0.0011111111 -0.0011111111,-0.01 -0.01 -0.01,-1 -1 -1,255
255,11111111,11111111,-6.1035156E-05 -6.1035156E-05 -6.1035156E-05 -6.1035156E-05,-0.0011111111 -0.0011111111 -0.0011111111,-0.01 -0.01 -0.01,-1 -1 -1,255
255,11111111,11111111,-6.1035156E-05 -6.1035156E-05 -6.1035156E-05 -6.1035156E-05,-0.0011111111 -0.0011111111 -0.0011111111,-0.01 -0.01 -0.01,-1 -1 -1,255
255,11111111,11111111,-6.1035156E-05 -6.1035156E-05 -6.1035156E-05 -6.1035156E-05,-0.0011111111 -0.0011111111 -0.0011111111,-0.01 -0.01 -0.01,-1 -1 -1,255
255,11111111,11111111,-6.1035156E-05 -6.1035156E-05 -6.1035156E-05 -6.1035156E-05,-0.0011111111 -0.0011111111 -0.0011111111,-0.01 -0.01 -0.01,-1 -1 -1,255
255,11111111,11111111,-6.1035156E-05 -6.1035156E-05 -6.1035156E-05 -6.1035156E-05,-0.0011111111 -0.0011111111 -0.0011111111,-0.01 -0.01 -0.01,-1 -1 -1,255
255,11111111,11111111,-6.1035156E-05 -6.1035156E-05 -6.1035156E-05 -6.1035156E-05,-0.0011111111 -0.0011111111 -0.0011111111,-0.01 -0.01 -0.01,-1 -1 -1,255
255,11111111,11111111,-6.1035156E-05 -6.1035156E-05 -6.1035156E-05 -6.1035156E-05,-0.0011111111 -0.0011111111 -0.0011111111,-0.01 -0.01 -0.01,-1 -1 -1,255
255,11111111,11111111,-6.1035156E-05 -6.1035156E-05 -6.1035156E-05 -6.1035156E-05,-0.0011111111 -0.0011111111 -0.0011111111,-0.01 -0.01 -0.01,-1 -1 -1,255
255,11111111,11111111,-6.1035156E-05 -6.1035156E-05 -6.1035156E-05 -6.1035156E-05,-0.0011111111 -0.0011111111 -0.0011111111,-0.01 -0.01 -0.01,-1 -1 -1,255
255,11111111,11111111,-6.1035156E-05 -6.1035156E-05 -6.1035156E-05 -6.1035156E-05,-0.0011111111 -0.0011111111 -0.0011111111,-0.01 -0.01 -0.01,-1 -1 -1,255
255,11111111,11111111,-6.1035156E-05 -6.1035156E-05 -6.1035156E-05 -6.1035156E-05,-0.0011111111 -0.0011111111 -0.0011111111,-0.01 -0.01 -0.01,-1 -1 -1,255
255,11111111,11111111,-6.1035156E-05 -6.1035156E-05 -6.1035156E-05 -6.1035156E-05,-0.0011111111 -0.0011111111 -0.0011111111,-0.01 -0.01 -0.01,-1 -1 -1,255
255,11111111,11111111,-6.1035156E-05 -6.1035156E-05 -6.1035156E-05 -6.1035156E-05,-0.0011111111 -0.0011111111 -0.0011111111,-0.01 -0.01 -0.01,-1 -1 -1,255
255,11111111,11111111,-6.1035156E-05 -6.1035156E-05 -6.1035156E-05 -6.1035156E-05,-0.0011111111 -0.0011111111 -0.0011111111,-0.01 -0.01 -0.01,-1 -1 -1,255
255,11111111,11111111,-6.1035156E-05 -6.1035156E-05 -6.1035156E-05 -6.1035156E-05,-0.0011111111 -0.0011111111 -0.0011111111,-0.01 -0.01 -0.01,-1 -1 -1,255
255,11111111,11111111,-6.1035156E-05 -6.1035156E-05 -6.1035156E-05 -6.1035156E-05,-0.0011111111 -0.0011111111 -0.0011111111,-0.01 -0.01 -0.01,-1 -1 -1,255
255,11111111,11111111,-6.1035156E-05 -6.1035156E-05 -6.1035156E-05 -6.1035156E-05,-0.0011111111 -0.0011111111 -0.0011111111,-0.01 -0.01 -0.01,-1 -1 -1,255
255,11111111,11111111,-6.1035156E-05 -6.1035156E-05 -6.1035156E-05 -6.1035156E-05,-0.0011111111 -0.0011111111 -0.0011111111,-0.01 -0.01 -0.01,-1 -1 -1,255
255,11111111,11111111,-6.1035156E-05 -6.1035156E-05 -6.1035156E-05 -6.1035156E-05,-0.0011111111 -0.0011111111 -0.0011111111,-0.01 -0.01 -0.01,-1 -1 -1,255
255,11111111,11111111,-6.1035156E-05 -6.1035156E-05 -6.1035156E-05 -6.1035156E-05,-0.0011111111 -0.0011111111 -0.0011111111,-0.01 -0.01 -0.01,-1 -1 -1,255
255,11111111,11111111,-6.1035156E-05 -6.1035156E-05 -6.1035156E-05 -6.1035156E-05,-0.0011111111 -0.0011111111 -0.0011111111,-0.01 -0.01 -0.01,-1 -1 -1,255
255,11111111,11111111,-6.1035156E-05 -6.1035156E-05 -6.1035156E-05 -6.1035156E-05,-0.0011111111 -0.0011111111 -0.0011111111,-0.01 -0.01 -0.01,-1 -1 -1,255
255,11111111,11111111,-6.1035156E-05 -6.1035156E-05 -6.1035156E-05 -6.1035156E-05,-0.0011111111 -0.0011111111 -0.0011111111,-0.01 -0.01 -0.01,-1 -1 -1,255
255,11111111,11111111,-6.1035156E-05 -6.1035156E-05 -6.1035156E-05 -6.1035156E-05,-0.0011111111 -0.0011111111 -0.0011111111,-0.01 -0.01 -0.01,-1 -1 -1,255
255,11111111,11111111,-6.1035156E-05 -6.1035156E-05 -6.1035156E-05 -6.1035156E-05,-0.0011111111 -0.0011111111 -0.0011111111,-0.01 -0.01 -0.01,-1 -1 -1,255
255,11111111,11111111,-6.1035156E-05 -6.1035156E-05 -6.1035156E-05 -6.1035156E-05,-0.0011111111 -0.0011111111 -0.0011111111,-0.01 -0.01 -0.01,-1 -1 -1,255
255,11111111,11111111,-6.1035156E-05 -6.1035156E-05 -6.1035156E-05 -6.1035156E-05,-0.0011111111 -0.0011111111 -0.0011111111,-0.01 -0.01 -0.01,-1 -1 -1,255
255,11111111,11111111,-6.1035156E-05 -6.1035156E-05 -6.1035156E-05 -6.1035156E-05,-0.0011111111 -0.0011111111 -0.0011111111,-0.01 -0.01 -0.01,-1 -1 -1,255
255,11111111,11111111,-6.1035156E-05 -6.1035156E-05 -6.1035156E-05 -6.1035156E-05,-0.0011111111 -0.0011111111 -0.0011111111,-0.01 -0.01 -0.01,-1 -1 -1,255
255,11111111,11111111,-6.1035156E-05 -6.1035156E-05 -6.1035156E-05 -6.1035156E-05,-0.0011111111 -0.0011111111 -0.0011111111,-0.01 -0.01 -0.01,-1 -1 -1,255
255,11111111,11111111,-6.1035156E-05 -6.1035156E-05 -6.1035156E-05 -6.1035156E-05,-0.0011111111 -0.0011111111 -0.0011111111,-0.01 -0.01 -0.01,-1 -1 -1,255
255,11111111,11111111,-6.1035156E-05 -6.1035156E-05 -6.1035156E-05 -6.1035156E-05,-0.0011111111 -0.0011111111 -0.0011111111,-0.01 -0.01 -0.01,-1 -1 -1,255
255,11111111,11111111,-6.1035156E-05 -6.1035156E-05 -6.1035156E-05 -6.1035156E-05,-0.0011111111 -0.0011111111 -0.0011111111,-0.01 -0.01 -0.01,-1 -1 -1,255
255,11111111,11111111,-6.1035156E-05 -6.1035156E-05 -6.1035156E-05 -6.1035156E-05,-0.0011111111 -0.0011111111 -0.0011111111,-0.01 -0.01 -0.01,-1 -1 -1,255
255,11111111,11111111,-6.1035156E-05 -6.1035156E-05 -6.1035156E-05 -6.1035156E-05,-0.0011111111 -0.0011111111 -0.0011111111,-0.01 -0.01 -0.01,-1 -1 -1,255
255,11111111,11111111,-6.1035156E-05 -6.1035156E-05 -6.1035156E-05 -6.1035156E-05,-0.0011111111 -0.0011111111 -0.0011111111,-0.01 -0.01 -0.01,-1 -1 -1,255
255,11111111,11111111,-6.1035156E-05 -6.1035156E-05 -6.1035156E-05 -6.1035156E-05,-0.0011111111 -0.0011111111 -0.0011111111,-0.01 -0.01 -0.01,-1 -1 -1,255
255,11111111,11111111,-6.1035156E-05 -6.1035156E-05 -6.1035156E-05 -6.1035156E-05,-0.0011111111 -0.0011111111 -0.0011111111,-0.01 -0.01 -0.01,-1 -1 -1,255
255,11111111,11111111,-6.1035156E-05 -6.1035156E-05 -6.1035156E-05 -6.1035156E-05,-0.0011111111 -0.0011111111 -0.0011111111,-0.01 -0.01 -0.01,-1 -1 -1,255
255,11111111,11111111,-6.1035156E-05 -6.1035156E-05 -6.1035156E-05 -6.1035156E-05,-0.0011111111 -0.0011111111 -0.0011111111,-0.01 -0.01 -0.01,-1 -1 -1,255
255,11111111,11111111,-6.1035156E-05 -6.1035156E-05 -6.1035156E-05 -6.1035156E-05,-0.0011111111 -0.0011111111 -0.0011111111,-0.01 -0.01 -0.01,-1 -1 -1,255
255,11111111,11111111,-6.1035156E-05 -6.1035156E-05 -6.1035156E-05 -6.1035156E-05,-0.0011111111 -0.0011111111 -0.0011111111,-0.01 -0.01 -0.01,-1 -1 -1,255
255,11111111,11111111,-6.1035156E-05 -6.1035156E-05 -6.1035156E-05 -6.1035156E-05,-0.0011111111 -0.0011111111 -0.0011111111,-0.01 -0.01 -0.01,-1 -1 -1,255
255,11111111,11111111,-6.1035156E-05 -6.1035156E-05 -6.1035156E-05 -6.1035156E-05,-0.0011111111 -0.0011111111 -0.0011111111,-0.01 -0.01 -0.01,-1 -1 -1,255
255,11111111,11111111,-6.1035156E-05 -6.1035156E-05 -6.1035156E-05 -6.1035156E-05,-0.0011111111 -0.0011111111 -0.0011111111,-0.01 -0.01 -0.01,-1 -1 -1,255
255,11111111,11111111,-6.1035156E-05 -6.1035156E-05 -6.1035156E-05 -6.1035156E-05,-0.0011111111 -0.0011111111 -0.0011111111,-0.01 -0.01 -0.01,-1 -1 -1,255
255,11111111,11111111,-6.1035156E-05 -6.1035156E-05 -6.1035156E-05 -6.1035156E-05,-0.0011111111 -0.0011111111 -0.0011111111,-0.01 -0.01 -0.01,-1 -1 -1,255
255,11111111,11111111,-6.1035156E-05 -6.1035156E-05 -6.1035156E-05 -6.1035156E-05,-0.0011111111 -0.0011111111 -0.0011111111,-0.01 -0.01 -0.01,-1 -1 -1,255
255,11111111,11111111,-6.1035156E-05 -6.1035156E-05 -6.1035156E-05 -6.1035156E-05,-0.0011111111 -0.0011111111 -0.0011111111,-0.01 -0.01 -0.01,-1 -1 -1,255
255,11111111,11111111,-6.1035156E-05 -6.1035156E-05 -6.1035156E-05 -6.1035156E-05,-0.0011111111 -0.0011111111 -0.0011111111,-0.01 -0.01 -0.01,-1 -1 -1,255
255,11111111,11111111,-6.1035156E-05 -6.1035156E-05 -6.1035156E-05 -6.1035156E-05,-0.0011111111 -0.0011111111 -0.0011111111,-0.01 -0.01 -0.01,-1 -1 -1,255
255,11111111,11111111,-6.1035156E-05 -6.1035156E-05 -6.1035156E-05 -6.1035156E-05,-0.0011111111 -0.0011111111 -0.0011111111,-0.01 -0.01 -0.01,-1 -1 -1,255
255,11111111,11111111,-6.1035156E-05 -6.1035156E-05 -6.1035156E-05 -6.1035156E-05,-0.0011111111 -0.0011111111 -0.0011111111,-0.01 -0.01 -0.01,-1 -1 -1,255
255,11111111,11111111,-6.1035156E-05 -6.1035156E-05 -6.1035156E-05 -6.1035156E-05,-0.0011111111 -0.0011111111 -0.0011111111,-0.01 -0.01 -0.01,-1 -1 -1,255
255,11111111,11111111,-6.1035156E-05 -6.1035156E-05 -6.1035156E-05 -6.1035156E-05,-0.0011111111 -0.0011111111 -0.0011111111,-0.01 -0.01 -0.01,-1 -1 -1,255
255,11111111,11111111,-6.1035156E-05 -6.1035156E-05 -6.1035156E-05 -6.1035156E-05,-0.0011111111 -0.0011111111 -0.0011111111,-0.01 -0.01 -0.01,-1 -1 -1,255
255,11111111,11111111,-6.1035156E-05 -6.1035156E-05 -6.1035156E-05 -6.1035156E-05,-0.0011111111 -0.0011111111 -0.0011111111,-0.01 -0.01 -0.01,-1 -1 -1,255
255,11111111,11111111,-6.1035156E-05 -6.1035156E-05 -6.1035156E-05 -6.1035156E-05,-0.0011111111 -0.0011111111 -0.0011111111,-0.01 -0.01 -0.01,-1 -1 -1,255
255,11111111,11111111,-6.1035156E-05 -6.1035156E-05 -6.1035156E-05 -6.1035156E-05,-0.0011111111 -0.0011111111 -0.0011111111,-0.01 -0.01 -0.01,-1 -1 -1,255
255,11111111,11111111,-6.1035156E-05 -6.1035156E-05 -6.1035156E-05 -6.1035156E-05,-0.0011111111 -0.0011111111 -0.0011111111,-0.01 -0.01 -0.01,-1 -1 -1,255
255,11111111,11111111,-6.1035156E-05 -6.1035156E-05 -6.1035156E-05 -6.1035156E-05,-0.0011111111 -0.0011111111 -0.0011111111,-0.01 -0.01 -0.01,-1 -1 -1,255
255,11111111,11111111,-6.1035156E-05 -6.1035156E-05 -6.1035156E-05 -6.1035156E-05,-0.0011111111 -0.0011111111 -0.0011111111,-0.01 -0.01 -0.01,-1 -1 -1,255
255,11111111,11111111,-6.1035156E-05 -6.1035156E-05 -6.1035156E-05 -6.1035156E-05,-0.0011111111 -0.0011111111 -0.0011111111,-0.01 -0.01 -0.01,-1 -1 -1,255
255,11111111,11111111,-6.1035156E-05 -6.1035156E-05 -6.1035156E-05 -6.1035156E-05,-0.0011111111 -0.0011111111 -0.0011111111,-0.01 -0.01 -0.01,-1 -1 -1,255
255,11111111,11111111,-6.1035156E-05 -6.1035156E-05 -6.1035156E-05 -6.1035156E-05,-0.0011111111 -0.0011111111 -0.0011111111,-0.01 -0.01 -0.01,-1 -1 -1,255
255,11111111,11111111,-6.1035156E-05 -6.1035156E-05 -6.1035156E-05 -6.1035156E-05,-0.0011111111 -0.0011111111 -0.0011111111,-0.01 -0.01 -0.01,-1 -1 -1,255
255,11111111,11111111,-6.1035156E-05 -6.1035156E-05 -6.1035156E-05 -6.1035156E-05,-0.0011111111 -0.0011111111 -0.0011111111,-0.01 -0.01 -0.01,-1 -1 -1,255
255,11111111,11111111,-6.1035156E-05 -6.1035156E-05 -6.1035156E-05 -6.1035156E-05,-0.0011111111 -0.0011111111 -0.0011111111,-0.01 -0.01 -0.01,-1 -1 -1,255
255,11111111,11111111,-6.1035156E-05 -6.1035156E-05 -6.1035156E-05 -6.1035156E-05,-0.0011111111 -0.0011111111 -0.0011111111,-0.01 -0.01 -0.01,-1 -1 -1,255
255,11111111,11111111,-6.1035156E-05 -6.1035156E-05 -6.1035156E-05 -6.1035156E-05,-0.0011111111 -0.0011111111 -0.0011111111,-0.01 -0.01 -0.01,-1 -1 -1,255
255,11111111,11111111,-6.1035156E-05 -6.1035156E-05 -6.1035156E-05 -6.1035156E-05,-0.0011111111 -0.0011111111 -0.0011111111,-0.01 -0.01 -0.01,-1 -1 -1,255
255,11111111,11111111,-6.1035156E-05 -6.1035156E-05 -6.1035156E-05 -6.1035156E-05,-0.0011111111 -0.0011111111 -0.0011111111,-0.01 -0.01 -0.01,-1 -1 -1,255
255,11111111,11111111,-6.1035156E-05 -6.1035156E-05 -6.1035156E-05 -6.1035156E-05,-0.0011111111 -0.0011111111 -0.0011111111,-0.01 -0.01 -0.01,-1 -1 -1,255
255,11111111,11111111,-6.1035156E-05 -6.1035156E-05 -6.1035156E-05 -6.1035156E-05,-0.0011111111 -0.0011111111 -0.0011111111,-0.01 -0.01 -0.01,-1 -1 -1,255
255,11111111,11111111,-6.1035156E-05 -6.1035156E-05 -6.1035156E-05 -6.1035156E-05,-0.0011111111 -0.0011111111 -0.0011111111,-0.01 -0.01 -0.01,-1 -1 -1,255
255,11111111,11111111,-6.1035156E-05 -6.1035156E-05 -6.1035156E-05 -6.1035156E-05,-0.0011111111 -0.0011111111 -0.0011111111,-0.01 -0.01 -0.01,-1 -1 -1,255
255,11111111,11111111,-6.1035156E-05 -6.1035156E-05 -6.1035156E-05 -6.1035156E-05,-0.0011111111 -0.0011111111 -0.0011111111,-0.01 -0.01 -0.01,-1 -1 -1,255
255,11111111,11111111,-6.1035156E-05 -6.1035156E-05 -6.1035156E-05 -6.1035156E-05,-0.0011111111 -0.0011111111 -0.0011111111,-0.01 -0.01 -0.01,-1 -1 -1,255
255,11111111,11111111,-6.1035156E-05 -6.1035156E-05 -6.1035156E-05 -6.1035156E-05,-0.0011111111 -0.0011111111 -0.0011111111,-0.01 -0.01 -0.01,-1 -1 -1,255
255,11111111,11111111,-6.1035156E-05 -6.1035156E-05 -6.1035156E-05 -6.1035156E-05,-0.0011111111 -0.0011111111 -0.0011111111,-0.01 -0.01 -0.01,-1 -1 -1,255
255,11111111,11111111,-6.1035156E-05 -6.1035156E-05 -6.1035156E-05 -6.1035156E-05,-0.0011111111 -0.0011111111 -0.0011111111,-0.01 -0.01 -0.01,-1 -1 -1,255
255,11111111,11111111,-6.1035156E-05 -6.1035156E-05 -6.1035156E-05 -6.1035156E-05,-0.0011111111 -0.0011111111 -0.0011111111,-0.01 -0.01 -0.01,-1 -1 -1,255
255,11111111,11111111,-6.1035156E-05 -6.1035156E-05 -6.1035156E-05 -6.1035156E-05,-0.0011111111 -0.0011111111 -0.0011111111,-0.01 -0.01 -0.01,-1 -1 -1,255
255,11111111,11111111,-6.1035156E-05 -6.1035156E-05 -6.1035156E-05 -6.1035156E-05,-0.0011111111 -0.0011111111 -0.0011111111,-0.01 -0.01 -0.01,-1 -1 -1,255
255,11111111,11111111,-6.1035156E-05 -6.1035156E-05 -6.1035156E-05 -6.1035156E-05,-0.0011111111 -0.0011111111 -0.0011111111,-0.01 -0.01 -0.01,-1 -1 -1,255
255,11111111,11111111,-6.1035156E-05 -6.1035156E-05 -6.1035156E-05 -6.1035156E-05,-0.0011111111 -0.0011111111 -0.0011111111,-0.01 -0.01 -0.01,-1 -1 -1,255
255,11111111,11111111,-6.1035156E-05 -6.1035156E-05 -6.1035156E-05 -6.1035156E-05,-0.0011111111 -0.0011111111 -0.0011111111,-0.01 -0.01 -0.01,-1 -1 -1,255
255,11111111,11111111,-6.1035156E-05 -6.1035156E-05 -6.1035156E-05 -6.1035156E-05,-0.0011111111 -0.0011111111 -0.0011111111,-0.01 -0.01 -0.01,-1 -1 -1,255
255,11111111,11111111,-6.1035156E-05 -6.1035156E-05 -6.1035156E-05 -6.1035156E-05,-0.0011111111 -0.0011111111 -0.0011111111,-0.01 -0.01 -0.01,-1 -1 -1,255
255,11111111,11111111,-6.1035156E-05 -6.1035156E-05 -6.1035156E-05 -6.1035156E-05,-0.0011111111 -0.0011111111 -0.0011111111,-0.01 -0.01 -0.01,-1 -1 -1,255
255,11111111,11111111,-6.1035156E-05 -6.1035156E-05 -6.1035156E-05 -6.1035156E-05,-0.0011111111 -0.0011111111 -0.0011111111,-0.01 -0.01 -0.01,-1 -1 -1,255
255,11111111,11111111,-6.1035156E-05 -6.1035156E-05 -6.1035156E-05 -6.1035156E-05,-0.0011111111 -0.0011111111 -0.0011111111,-0.01 -0.01 -0.01,-1 -1 -1,255
255,11111111,11111111,-6.1035156E-05 -6.1035156E-05 -6.1035156E-05 -6.1035156E-05,-0.0011111111 -0.0011111111 -0.0011111111,-0.01 -0.01 -0.01,-1 -1 -1,255
255,11111111,11111111,-6.1035156E-05 -6.1035156E-05 -6.1035156E-05 -6.1035156E-05,-0.0011111111 -0.0011111111 -0.0011111111,-0.01 -0.01 -0.01,-1 -1 -1,255
255,11111111,11111111,-6.1035156E-05 -6.1035156E-05 -6.1035156E-05 -6.1035156E-05,-0.0011111111 -0.0011111111 -0.0011111111,-0.01 -0.01 -0.01,-1 -1 -1,255
255,11111111,11111111,-6.1035156E-05 -6.1035156E-05 -6.1035156E-05 -6.1035156E-05,-0.0011111111 -0.0011111111 -0.0011111111,-0.01 -0.01 -0.01,-1 -1 -1,255
255,11111111,11111111,-6.1035156E-05 -6.1035156E-05 -6.1035156E-05 -6.1035156E-05,-0.0011111111 -0.0011111111 -0.0011111111,-0.01 -0.01 -0.01,-1 -1 -1,255
255,11111111,11111111,-6.1035156E-05 -6.1035156E-05 -6.1035156E-05 -6.1035156E-05,-0.0011111111 -0.0011111111 -0.0011111111,-0.01 -0.01 -0.01,-1 -1 -1,255
255,11111111,11111111,-6.1035156E-05 -6.1035156E-05 -6.1035156E-05 -6.1035156E-05,-0.0011111111 -0.0011111111 -0.0011111111,-0.01 -0.01 -0.01,-1 -1 -1,255
255,11111111,11111111,-6.1035156E-05 -6.1035156E-05 -6.1035156E-05 -6.1035156E-05,-0.0011111111 -0.0011111111 -0.0011111111,-0.01 -0.01 -0.01,-1 -1 -1,255
255,11111111,11111111,-6.1035156E-05 -6.1035156E-05 -6.1035156E-05 -6.1035156E-05,-0.0011111111 -0.0011111111 -0.0011111111,-0.01 -0.01 -0.01,-1 -1 -1,255
255,11111111,11111111,-6.1035156E-05 -6.1035156E-05 -6.1035156E-05 -6.1035156E-05,-0.0011111111 -0.0011111111 -0.0011111111,-0.01 -0.01 -0.01,-1 -1 -1,255
255,11111111,11111111,-6.1035156E-05 -6.1035156E-05 -6.1035156E-05 -6.1035156E-05,-0.0011111111 -0.0011111111 -0.0011111111,-0.01 -0.01 -0.01,-1 -1 -1,255
255,11111111,11111111,-6.1035156E-05 -6.1035156E-05 -6.1035156E-05 -6.1035156E-05,-0.0011111111 -0.0011111111 -0.0011111111,-0.01 -0.01 -0.01,-1 -1 -1,255
255,11111111,11111111,-6.1035156E-05 -6.1035156E-05 -6.1035156E-05 -6.1035156E-05,-0.0011111111 -0.0011111111 -0.0011111111,-0.01 -0.01 -0.01,-1 -1 -1,255
255,11111111,11111111,-6.1035156E-05 -6.1035156E-05 -6.1035156E-05 -6.1035156E-05,-0.0011111111 -0.0011111111 -0.0011111111,-0.01 -0.01 -0.01,-1 -1 -1,255
255,11111111,11111111,-6.1035156E-05 -6.1035156E-05 -6.1035156E-05 -6.1035156E-05,-0.0011111111 -0.0011111111 -0.0011111111,-0.01 -0.01 -0.01,-1 -1 -1,255
255,11111111,11111111,-6.1035156E-05 -6.1035156E-05 -6.1035156E-05 -6.1035156E-05,-0.0011111111 -0.0011111111 -0.0011111111,-0.01 -0.01 -0.01,-1 -1 -1,255
255,11111111,11111111,-6.1035156E-05 -6.1035156E-05 -6.1035156E-05 -6.1035156E-05,-0.0011111111 -0.0011111111 -0.0011111111,-0.01 -0.01 -0.01,-1 -1 -1,255
255,11111111,11111111,-6.1035156E-05 -6.1035156E-05 -6.1035156E-05 -6.1035156E-05,-0.0011111111 -0.0011111111 -0.0011111111,-0.01 -0.01 -0.01,-1 -1 -1,255
255,11111111,11111111,-6.1035156E-05 -6.1035156E-05 -6.1035156E-05 -6.1035156E-05,-0.0011111111 -0.0011111111 -0.0011111111,-0.01 -0.01 -0.01,-1 -1 -1,255
255,11111111,11111111,-6.1035156E-05 -6.1035156E-05 -6.1035156E-05 -6.1035156E-05,-0.0011111111 -0.0011111111 -0.0011111111,-0.01 -0.01 -0.01,-1 -1 -1,255
255,11111111,11111111,-6.1035156E-05 -6.1035156E-05 -6.1035156E-05 -6.1035156E-05,-0.0011111111 -0.0011111111 -0.0011111111,-0.01 -0.01 -0.01,-1 -1 -1,255
255,11111111,11111111,-6.1035156E-05 -6.1035156E-05 -6.1035156E-05 -6.1035156E-05,-0.0011111111 -0.0011111111 -0.0011111111,-0.01 -0.01 -0.01,-1 -1 -1,255
255,11111111,11111111,-6.1035156E-05 -6.1035156E-05 -6.1035156E-05 -6.1035156E-05,-0.0011111111 -0.0011111111 -0.0011111111,-0.01 -0.01 -0.01,-1 -1 -1,255
255,11111111,11111111,-6.1035156E-05 -6.1035156E-05 -6.1035156E-05 -6.1035156E-05,-0.0011111111 -0.0011111111 -0.0011111111,-0.01 -0.01 -0.01,-1 -1 -1,255
255,11111111,11111111,-6.1035156E-05 -6.1035156E-05 -6.1035156E-05 -6.1035156E-05,-0.0011111111 -0.0011111111 -0.0011111111,-0.01 -0.01 -0.01,-1 -1 -1,255
255,11111111,11111111,-6.1035156E-05 -6.1035156E-05 -6.1035156E-05 -6.1035156E-05,-0.0011111111 -0.0011111111 -0.0011111111,-0.01 -0.01 -0.01,-1 -1 -1,255
255,11111111,11111111,-6.1035156E-05 -6.1035156E-05 -6.1035156E-05 -6.1035156E-05,-0.0011111111 -0.0011111111 -0.0011111111,-0.01 -0.01 -0.01,-1 -1 -1,255
255,11111111,11111111,-6.1035156E-05 -6.1035156E-05 -6.1035156E-05 -6.1035156E-05,-0.0011111111 -0.0011111111 -0.0011111111,-0.01 -0.01 -0.01,-1 -1 -1,255
255,11111111,11111111,-6.1035156E-05 -6.1035156E-05 -6.1035156E-05 -6.1035156E-05,-0.0011111111 -0.0011111111 -0.0011111111,-0.01 -0.01 -0.01,-1 -1 -1,255
255,11111111,11111111,-6.1035156E-05 -6.1035156E-05 -6.1035156E-05 -6.1035156E-05,-0.0011111111 -0.0011111111 -0.0011111111,-0.01 -0.01 -0.01,-1 -1 -1,255
255,11111111,11111111,-6.1035156E-05 -6.1035156E-05 -6.1035156E-05 -6.1035156E-05,-0.0011111111 -0.0011111111 -0.0011111111,-0.01 -0.01 -0.01,-1 -1 -1,255
255,11111111,11111111,-6.1035156E-05 -6.1035156E-05 -6.1035156E-05 -6.1035156E-05,-0.0011111111 -0.0011111111 -0.0011111111,-0.01 -0.01 -0.01,-1 -1 -1,255
255,11111111,11111111,-6.1035156E-05 -6.1035156E-05 -6.1035156E-05 -6.1035156E-05,-0.0011111111 -0.0011111111 -0.0011111111,-0.01 -0.01 -0.01,-1 -1 -1,255
255,11111111,11111111,-6.1035156E-05 -6.1035156E-05 -6.1035156E-05 -6.1035156E-05,-0.0011111111 -0.0011111111 -0.0011111111,-0.01 -0.01 -0.01,-1 -1 -1,255
255,11111111,11111111,-6.1035156E-05 -6.1035156E-05 -6.1035156E-05 -6.1035156E-05,-0.0011111111 -0.0011111111 -0.0011111111,-0.01 -0.01 -0.01,-1 -1 -1,255
255,11111111,11111111,-6.1035156E-05 -6.1035156E-05 -6.1035156E-05 -6.1035156E-05,-0.0011111111 -0.0011111111 -0.0011111111,-0.01 -0.01 -0.01,-1 -1 -1,255
255,11111111,11111111,-6.1035156E-05 -6.1035156E-05 -6.1035156E-05 -6.1035156E-05,-0.0011111111 -0.0011111111 -0.0011111111,-0.01 -0.01 -0.01,-1 -1 -1,255
255,11111111,11111111,-6.1035156E-05 -6.1035156E-05 -6.1035156E-05 -6.1035156E-05,-0.0011111111 -0.0011111111 -0.0011111111,-0.01 -0.01 -0.01,-1 -1 -1,255
255,11111111,11111111,-6.1035156E-05 -6.1035156E-05 -6.1035156E-05 -6.1035156E-05,-0.0011111111 -0.0011111111 -0.0011111111,-0.01 -0.01 -0.01,-1 -1 -1,255
255,11111111,11111111,-6.1035156E-05 -6.1035156E-05 -6.1035156E-05 -6.1035156E-05,-0.0011111111 -0.0011111111 -0.0011111111,-0.01 -0.01 -0.01,-1 -1 -1,255
255,11111111,11111111,-6.1035156E-05 -6.1035156E-05 -6.1035156E-05 -6.1035156E-05,-0.0011111111 -0.0011111111 -0.0011111111,-0.01 -0.01 -0.01,-1 -1 -1,255
255,11111111,11111111,-6.1035156E-05 -6.1035156E-05 -6.1035156E-05 -6.1035156E-05,-0.0011111111 -0.0011111111 -0.0011111111,-0.01 -0.01 -0.01,-1 -1 -1,255
255,11111111,11111111,-6.1035156E-05 -6.1035156E-05 -6.1035156E-05 -6.1035156E-05,-0.0011111111 -0.0011111111 -0.0011111111,-0.01 -0.01 -0.01,-1 -1 -1,255
255,11111111,11111111,-6.1035156E-05 -6.1035156E-05 -6.1035156E-05 -6.1035156E-05,-0.0011111111 -0.0011111111 -0.0011111111,-0.01 -0.01 -0.01,-1 -1 -1,255
255,11111111,11111111,-6.1035156E-05 -6.1035156E-05 -6.1035156E-05 -6.1035156E-05,-0.0011111111 -0.0011111111 -0.0011111111,-0.01 -0.01 -0.01,-1 -1 -1,255
255,11111111,11111111,-6.1035156E-05 -6.1035156E-05 -6.1035156E-05 -6.1035156E-05,-0.0011111111 -0.0011111111 -0.0011111111,-0.01 -0.01 -0.01,-1 -1 -1,255
255,11111111,11111111,-6.1035156E-05 -6.1035156E-05 -6.1035156E-05 -6.1035156E-05,-0.0011111111 -0.0011111111 -0.0011111111,-0.01 -0.01 -0.01,-1 -1 -1,255
255,11111111,11111111,-6.1035156E-05 -6.1035156E-05 -6.1035156E-05 -6.1035156E-05,-0.0011111111 -0.0011111111 -0.0011111111,-0.01 -0.01 -0.01,-1 -1 -1,255
255,11111111,11111111,-6.1035156E-05 -6.1035156E-05 -6.1035156E-05 -6.1035156E-05,-0.0011111111 -0.0011111111 -0.0011111111,-0.01 -0.01 -0.01,-1 -1 -1,255
255,11111111,11111111,-6.1035156E-05 -6.1035156E-05 -6.1035156E-05 -6.1035156E-05,-0.0011111111 -0.0011111111 -0.0011111111,-0.01 -0.01 -0.01,-1 -1 -1,255
255,11111111,11111111,-6.1035156E-05 -6.1035156E-05 -6.1035156E-05 -6.1035156E-05,-0.0011111111 -0.0011111111 -0.0011111111,-0.01 -0.01 -0.01,-1 -1 -1,255
255,11111111,11111111,-6.1035156E-05 -6.1035156E-05 -6.1035156E-05 -6.1035156E-05,-0.0011111111 -0.0011111111 -0.0011111111,-0.01 -0.01 -0.01,-1 -1 -1,255
255,11111111,11111111,-6.1035156E-05 -6.1035156E-05 -6.1035156E-05 -6.1035156E-05,-0.0011111111 -0.0011111111 -0.0011111111,-0.01 -0.01 -0.01,-1 -1 -1,255
255,11111111,11111111,-6.1035156E-05 -6.1035156E-05 -6.1035156E-05 -6.1035156E-05,-0.0011111111 -0.0011111111 -0.0011111111,-0.01 -0.01 -0.01,-1 -1 -1,255
255,11111111,11111111,-6.1035156E-05 -6.1035156E-05 -6.1035156E-05 -6.1035156E-05,-0.0011111111 -0.0011111111 -0.0011111111,-0.01 -0.01 -0.01,-1 -1 -1,255
255,11111111,11111111,-6.1035156E-05 -6.1035156E-05 -6.1035156E-05 -6.1035156E-05,-0.0011111111 -0.0011111111 -0.0011111111,-0.01 -0.01 -0.01,-1 -1 -1,255
255,11111111,11111111,-6.1035156E-05 -6.1035156E-05 -6.1035156E-05 -6.1035156E-05,-0.0011111111 -0.0011111111 -0.0011111111,-0.01 -0.01 -0.01,-1 -1 -1,255
255,11111111,11111111,-6.1035156E-05 -6.1035156E-05 -6.1035156E-05 -6.1035156E-05,-0.0011111111 -0.0011111111 -0.0011111111,-0.01 -0.01 -0.01,-1 -1 -1,255
255,11111111,11111111,-6.1035156E-05 -6.1035156E-05 -6.1035156E-05 -6.1035156E-05,-0.0011111111 -0.0011111111 -0.0011111111,-0.01 -0.01 -0.01,-1 -1 -1,255
255,11111111,11111111,-6.1035156E-05 -6.1035156E-05 -6.1035156E-05 -6.1035156E-05,-0.0011111111 -0.0011111111 -0.0011111111,-0.01 -0.01 -0.01,-1 -1 -1,255
255,11111111,11111111,-6.1035156E-05 -6.1035156E-05 -6.1035156E-05 -6.1035156E-05,-0.0011111111 -0.0011111111 -0.0011111111,-0.01 -0.01 -0.01,-1 -1 -1,255
255,11111111,11111111,-6.1035156E-05 -6.1035156E-05 -6.1035156E-05 -6.1035156E-05,-0.0011111111 -0.0011111111 -0.0011111111,-0.01 -0.01 -0.01,-1 -1 -1,255
255,11111111,11111111,-6.1035156E-05 -6.1035156E-05 -6.1035156E-05 -6.1035156E-05,-0.0011111111 -0.0011111111 -0.0011111111,-0.01 -0.01 -0.01,-1 -1 -1,255
255,11111111,11111111,-6.1035156E-05 -6.1035156E-05 -6.1035156E-05 -6.1035156E-05,-0.0011111111 -0.0011111111 -0.0011111111,-0.01 -0.01 -0.01,-1 -1 -1,255
255,11111111,11111111,-6.1035156E-05 -6.1035156E-05 -6.1035156E-05 -6.1035156E-05,-0.0011111111 -0.0011111111 -0.0011111111,-0.01 -0.01 -0.01,-1 -1 -1,255
255,11111111,11111111,-6.1035156E-05 -6.1035156E-05 -6.1035156E-05 -6.1035156E-05,-0.0011111111 -0.0011111111 -0.0011111111,-0.01 -0.01 -0.01,-1 -1 -1,255
255,11111111,11111111,-6.1035156E-05 -6.1035156E-05 -6.1035156E-05 -6.1035156E-05,-0.0011111111 -0.0011111111 -0.0011111111,-0.01 -0.01 -0.01,-1 -1 -1,255
255,11111111,11111111,-6.1035156E-05 -6.1035156E-05 -6.1035156E-05 -6.1035156E-05,-0.0011111111 -0.0011111111 -0.0011111111,-0.01 -0.01 -0.01,-1 -1 -1,255
255,11111111,11111111,-6.1035156E-05 -6.1035156E-05 -6.1035156E-05 -6.1035156E-05,-0.0011111111 -0.0011111111 -0.0011111111,-0.01 -0.01 -0.01,-1 -1 -1,255
255,11111111,11111111,-6.1035156E-05 -6.1035156E-05 -6.1035156E-05 -6.1035156E-05,-0.0011111111 -0.0011111111 -0.0011111111,-0.01 -0.01 -0.01,-1 -1 -1,255
255,11111111,11111111,-6.1035156E-05 -6.1035156E-05 -6.1035156E-05 -6.1035156E-05,-0.0011111111 -0.0011111111 -0.0011111111,-0.01 -0.01 -0.01,-1 -1 -1,255
255,11111111,11111111,-6.1035156E-05 -6.1035156E-05 -6.1035156E-05 -6.1035156E-05,-0.0011111111 -0.0011111111 -0.0011111111,-0.01 -0.01 -0.01,-1 -1 -1,255
255,11111111,11111111,-6.1035156E-05 -6.1035156E-05 -6.1035156E-05 -6.1035156E-05,-0.0011111111 -0.0011111111 -0.0011111111,-0.01 -0.01 -0.01,-1 -1 -1,255
255,11111111,11111111,-6.1035156E-05 -6.1035156E-05 -6.1035156E-05 -6.1035156E-05,-0.0011111111 -0.0011111111 -0.0011111111,-0.01 -0.01 -0.01,-1 -1 -1,255
255,11111111,11111111,-6.1035156E-05 -6.1035156E-05 -6.1035156E-05 -6.1035156E-05,-0.0011111111 -0.0011111111 -0.0011111111,-0.01 -0.01 -0.01,-1 -1 -1,255
255,11111111,11111111,-6.1035156E-05 -6.1035156E-05 -6.1035156E-05 -6.1035156E-05,-0.0011111111 -0.0011111111 -0.0011111111,-0.01 -0.01 -0.01,-1 -1 -1,255
255,11111111,11111111,-6.1035156E-05 -6.1035156E-05 -6.1035156E-05 -6.1035156E-05,-0.0011111111 -0.0011111111 -0.0011111111,-0.01 -0.01 -0.01,-1 -1 -1,255
255,11111111,11111111,-6.1035156E-05 -6.1035156E-05 -6.1035156E-05 -6.1035156E-05,-0.0011111111 -0.0011111111 -0.0011111111,-0.01 -0.01 -0.01,-1 -1 -1,255
255,11111111,11111111,-6.1035156E-05 -6.1035156E-05 -6.1035156E-05 -6.1035156E-05,-0.0011111111 -0.0011111111 -0.0011111111,-0.01 -0.01 -0.01,-1 -1 -1,255
255,11111111,11111111,-6.1035156E-05 -6.1035156E-05 -6.1035156E-05 -6.1035156E-05,-0.0011111111 -0.0011111111 -0.0011111111,-0.01 -0.01 -0.01,-1 -1 -1,255
255,11111111,11111111,-6.1035156E-05 -6.1035156E-05 -6.1035156E-05 -6.1035156E-05,-0.0011111111 -0.0011111111 -0.0011111111,-0.01 -0.01 -0.01,-1 -1 -1,255
255,11111111,11111111,-6.1035156E-05 -6.1035156E-05 -6.1035156E-05 -6.1035156E-05,-0.0011111111 -0.0011111111 -0.0011111111,-0.01 -0.01 -0.01,-1 -1 -1,255
255,11111111,11111111,-6.1035156E-05 -6.1035156E-05 -6.1035156E-05 -6.1035156E-05,-0.0011111111 -0.0011111111 -0.0011111111,-0.01 -0.01 -0.01,-1 -1 -1,255
255,11111111,11111111,-6.1035156E-05 -6.1035156E-05 -6.1035156E-05 -6.1035156E-05,-0.0011111111 -0.0011111111 -0.0011111111,-0.01 -0.01 -0.01,-1 -1 -1,255
255,11111111,11111111,-6.1035156E-05 -6.1035156E-05 -6.1035156E-05 -6.1035156E-05,-0.0011111111 -0.0011111111 -0.0011111111,-0.01 -0.01 -0.01,-1 -1 -1,255
255,11111111,11111111,-6.1035156E-05 -6.1035156E-05 -6.1035156E-05 -6.1035156E-05,-0.0011111111 -0.0011111111 -0.0011111111,-0.01 -0.01 -0.01,-1 -1 -1,255
255,11111111,11111111,-6.1035156E-05 -6.1035156E-05 -6.1035156E-05 -6.1035156E-05,-0.0011111111 -0.0011111111 -0.0011111111,-0.01 -0.01 -0.01,-1 -1 -1,255
255,11111111,11111111,-6.1035156E-05 -6.1035156E-05 -6.1035156E-05 -6.1035156E-05,-0.0011111111 -0.0011111111 -0.0011111111,-0.01 -0.01 -0.01,-1 -1 -1,255
255,11111111,11111111,-6.1035156E-05 -6.1035156E-05 -6.1035156E-05 -6.1035156E-05,-0.0011111111 -0.0011111111 -0.0011111111,-0.01 -0.01 -0.01,-1 -1 -1,255
255,11111111,11111111,-6.1035156E-05 -6.1035156E-05 -6.1035156E-05 -6.1035156E-05,-0.0011111111 -0.0011111111 -0.0011111111,-0.01 -0.01 -0.01,-1 -1 -1,255
255,11111111,11111111,-6.1035156E-05 -6.1035156E-05 -6.1035156E-05 -6.1035156E-05,-0.0011111111 -0.0011111111 -0.0011111111,-0.01 -0.01 -0.01,-1 -1 -1,255
255,11111111,11111111,-6.1035156E-05 -6.1035156E-05 -6.1035156E-05 -6.1035156E-05,-0.0011111111 -0.0011111111 -0.0011111111,-0.01 -0.01 -0.01,-1 -1 -1,255
255,11111111,11111111,-6.1035156E-05 -6.1035156E-05 -6.1035156E-05 -6.1035156E-05,-0.0011111111 -0.0011111111 -0.0011111111,-0.01 -0.01 -0.01,-1 -1 -1,255
255,11111111,11111111,-6.1035156E-05 -6.1035156E-05 -6.1035156E-05 -6.1035156E-05,-0.0011111111 -0.0011111111 -0.0011111111,-0.01 -0.01 -0.01,-1 -1 -1,255
255,11111111,11111111,-6.1035156E-05 -6.1035156E-05 -6.1035156E-05 -6.1035156E-05,-0.0011111111 -0.0011111111 -0.0011111111,-0.01 -0.01 -0.01,-1 -1 -1,255
255,11111111,11111111,-6.1035156E-05 -6.1035156E-05 -6.1035156E-05 -6.1035156E-05,-0.0011111111 -0.0011111111 -0.0011111111,-0.01 -0.01 -0.01,-1 -1 -1,255
255,11111111,11111111,-6.1035156E-05 -6.1035156E-05 -6.1035156E-05 -6.1035156E-05,-0.0011111111 -0.0011111111 -0.0011111111,-0.01 -0.01 -0.01,-1 -1 -1,255
255,11111111,11111111,-6.1035156E-05 -6.1035156E-05 -6.1035156E-05 -6.1035156E-05,-0.0011111111 -0.0011111111 -0.0011111111,-0.01 -0.01 -0.01,-1 -1 -1,255
255,11111111,11111111,-6.1035156E-05 -6.1035156E-05 -6.1035156E-05 -6.1035156E-05,-0.0011111111 -0.0011111111 -0.0011111111,-0.01 -0.01 -0.01,-1 -1 -1,255
255,11111111,11111111,-6.1035156E-05 -6.1035156E-05 -6.1035156E-05 -6.1035156E-05,-0.0011111111 -0.0011111111 -0.0011111111,-0.01 -0.01 -0.01,-1 -1 -1,255
255,11111111,11111111,-6.1035156E-05 -6.1035156E-05 -6.1035156E-05 -6.1035156E-05,-0.0011111111 -0.0011111111 -0.0011111111,-0.01 -0.01 -0.01,-1 -1 -1,255
255,11111111,11111111,-6.1035156E-05 -6.1035156E-05 -6.1035156E-05 -6.1035156E-05,-0.0011111111 -0.0011111111 -0.0011111111,-0.01 -0.01 -0.01,-1 -1 -1,255
255,11111111,11111111,-6.1035156E-05 -6.1035156E-05 -6.1035156E-05 -6.1035156E-05,-0.0011111111 -0.0011111111 -0.0011111111,-0.01 -0.01 -0.01,-1 -1 -1,255
255,11111111,11111111,-6.1035156E-05 -6.1035156E-05 -6.1035156E-05 -6.1035156E-05,-0.0011111111 -0.0011111111 -0.0011111111,-0.01 -0.01 -0.01,-1 -1 -1,255
255,11111111,11111111,-6.1035156E-05 -6.1035156E-05 -6.1035156E-05 -6.1035156E-05,-0.0011111111 -0.0011111111 -0.0011111111,-0.01 -0.01 -0.01,-1 -1 -1,255
255,11111111,11111111,-6.1035156E-05 -6.1035156E-05 -6.1035156E-05 -6.1035156E-05,-0.0011111111 -0.0011111111 -0.0011111111,-0.01 -0.01 -0.01,-1 -1 -1,255
255,11111111,11111111,-6.1035156E-05 -6.1035156E-05 -6.1035156E-05 -6.1035156E-05,-0.0011111111 -0.0011111111 -0.0011111111,-0.01 -0.01 -0.01,-1 -1 -1,255
255,11111111,11111111,-6.1035156E-05 -6.1035156E-05 -6.1035156E-05 -6.1035156E-05,-0.0011111111 -0.0011111111 -0.0011111111,-0.01 -0.01 -0.01,-1 -1 -1,255
255,11111111,11111111,-6.1035156E-05 -6.1035156E-05 -6.1035156E-05 -6.1035156E-05,-0.0011111111 -0.0011111111 -0.0011111111,-0.01 -0.01 -0.01,-1 -1 -1,255
255,11111111,11111111,-6.1035156E-05 -6.1035156E-05 -6.1035156E-05 -6.1035156E-05,-0.0011111111 -0.0011111111 -0.0011111111,-0.01 -0.01 -0.01,-1 -1 -1,255
255,11111111,11111111,-6.1035156E-05 -6.1035156E-05 -6.1035156E-05 -6.1035156E-05,-0.0011111111 -0.0011111111 -0.0011111111,-0.01 -0.01 -0.01,-1 -1 -1,255
255,11111111,11111111,-6.1035156E-05 -6.1035156E-05 -6.1035156E-05 -6.1035156E-05,-0.0011111111 -0.0011111111 -0.0011111111,-0.01 -0.01 -0.01,-1 -1 -1,255
255,11111111,11111111,-6.1035156E-05 -6.1035156E-05 -6.1035156E-05 -6.1035156E-05,-0.0011111111 -0.0011111111 -0.0011111111,-0.01 -0.01 -0.01,-1 -1 -1,255
255,11111111,11111111,-6.1035156E-05 -6.1035156E-05 -6.1035156E-05 -6.1035156E-05,-0.0011111111 -0.0011111111 -0.0011111111,-0.01 -0.01 -0.01,-1 -1 -1,255
255,11111111,11111111,-6.1035156E-05 -6.1035156E-05 -6.1035156E-05 -6.1035156E-05,-0.0011111111 -0.0011111111 -0.0011111111,-0.01 -0.01 -0.01,-1 -1 -1,255
255,11111111,11111111,-6.1035156E-05 -6.1035156E-05 -6.1035156E-05 -6.1035156E-05,-0.0011111111 -0.0011111111 -0.0011111111,-0.01 -0.01 -0.01,-1 -1 -1,255
255,11111111,11111111,-6.1035156E-05 -6.1035156E-05 -6.1035156E-05 -6.1035156E-05,-0.0011111111 -0.0011111111 -0.0011111111,-0.01 -0.01 -0.01,-1 -1 -1,255
255,11111111,11111111,-6.1035156E-05 -6.1035156E-05 -6.1035156E-05 -6.1035156E-05,-0.0011111111 -0.0011111111 -0.0011111111,-0.01 -0.01 -0.01,-1 -1 -1,255
255,11111111,11111111,-6.1035156E-05 -6.1035156E-05 -6.1035156E-05 -6.1035156E-05,-0.0011111111 -0.0011111111 -0.0011111111,-0.01 -0.01 -0.01,-1 -1 -1,255
255,11111111,11111111,-6.1035156E-05 -6.1035156E-05 -6.1035156E-05 -6.1035156E-05,-0.0011111111 -0.0011111111 -0.0011111111,-0.01 -0.01 -0.01,-1 -1 -1,255
255,11111111,11111111,-6.1035156E-05 -6.1035156E-05 -6.1035156E-05 -6.1035156E-05,-0.0011111111 -0.0011111111 -0.0011111111,-0.01 -0.01 -0.01,-1 -1 -1,255
255,11111111,11111111,-6.1035156E-05 -6.1035156E-05 -6.1035156E-05 -6.1035156E-05,-0.0011111111 -0.0011111111 -0.0011111111,-0.01 -0.01 -0.01,-1 -1 -1,255
255,11111111,11111111,-6.1035156E-05 -6.1035156E-05 -6.1035156E-05 -6.1035156E-05,-0.0011111111 -0.0011111111 -0.0011111111,-0.01 -0.01 -0.01,-1 -1 -1,255
255,11111111,11111111,-6.1035156E-05 -6.1035156E-05 -6.1035156E-05 -6.1035156E-05,-0.0011111111 -0.0011111111 -0.0011111111,-0.01 -0.01 -0.01,-1 -1 -1,255
255,11111111,11111111,-6.1035156E-05 -6.1035156E-05 -6.1035156E-05 -6.1035156E-05,-0.0011111111 -0.0011111111 -0.0011111111,-0.01 -0.01 -0.01,-1 -1 -1,255
255,11111111,11111111,-6.1035156E-05 -6.1035156E-05 -6.1035156E-05 -6.1035156E-05,-0.0011111111 -0.0011111111 -0.0011111111,-0.01 -0.01 -0.01,-1 -1 -1,255
255,11111111,11111111,-6.1035156E-05 -6.1035156E-05 -6.1035156E-05 -6.1035156E-05,-0.0011111111 -0.0011111111 -0.0011111111,-0.01 -0.01 -0.01,-1 -1 -1,255
255,11111111,11111111,-6.1035156E-05 -6.1035156E-05 -6.1035156E-05 -6.1035156E-05,-0.0011111111 -0.0011111111 -0.0011111111,-0.01 -0.01 -0.01,-1 -1 -1,255
255,11111111,11111111,-6.1035156E-05 -6.1035156E-05 -6.1035156E-05 -6.1035156E-05,-0.0011111111 -0.0011111111 -0.0011111111,-0.01 -0.01 -0.01,-1 -1 -1,255
255,11111111,11111111,-6.1035156E-05 -6.1035156E-05 -6.1035156E-05 -6.1035156E-05,-0.0011111111 -0.0011111111 -0.0011111111,-0.01 -0.01 -0.01,-1 -1 -1,255
255,11111111,11111111,-6.1035156E-05 -6.1035156E-05 -6.1035156E-05 -6.1035156E-05,-0.0011111111 -0.0011111111 -0.0011111111,-0.01 -0.01 -0.01,-1 -1 -1,255
255,11111111,11111111,-6.1035156E-05 -6.1035156E-05 -6.1035156E-05 -6.1035156E-05,-0.0011111111 -0.0011111111 -0.0011111111,-0.01 -0.01 -0.01,-1 -1 -1,255
255,11111111,11111111,-6.1035156E-05 -6.1035156E-05 -6.1035156E-05 -6.1035156E-05,-0.0011111111 -0.0011111111 -0.0011111111,-0.01 -0.01 -0.01,-1 -1 -1,255
255,11111111,11111111,-6.1035156E-05 -6.1035156E-05 -6.1035156E-05 -6.1035156E-05,-0.0011111111 -0.0011111111 -0.0011111111,-0.01 -0.01 -0.01,-1 -1 -1,255
255,11111111,11111111,-6.1035156E-05 -6.1035156E-05 -6.1035156E-05 -6.1035156E-05,-0.0011111111 -0.0011111111 -0.0011111111,-0.01 -0.01 -0.01,-1 -1 -1,255
255,11111111,11111111,-6.1035156E-05 -6.1035156E-05 -6.1035156E-05 -6.1035156E-05,-0.0011111111 -0.0011111111 -0.0011111111,-0.01 -0.01 -0.01,-1 -1 -1,255
255,11111111,11111111,-6.1035156E-05 -6.1035156E-05 -6.1035156E-05 -6.1035156E-05,-0.0011111111 -0.0011111111 -0.0011111111,-0.01 -0.01 -0.01,-1 -1 -1,255
255,11111111,11111111,-6.1035156E-05 -6.1035156E-05 -6.1035156E-05 -6.1035156E-05,-0.0011111111 -0.0011111111 -0.0011111111,-0.01 -0.01 -0.01,-1 -1 -1,255
255,11111111,11111111,-6.1035156E-05 -6.1035156E-05 -6.1035156E-05 -6.1035156E-05,-0.0011111111 -0.0011111111 -0.0011111111,-0.01 -0.01 -0.01,-1 -1 -1,255
255,11111111,11111111,-6.1035156E-05 -6.1035156E-05 -6.1035156E-05 -6.1035156E-05,-0.0011111111 -0.0011111111 -0.0011111111,-0.01 -0.01 -0.01,-1 -1 -1,255
255,11111111,11111111,-6.1035156E-05 -6.1035156E-05 -6.1035156E-05 -6.1035156E-05,-0.0011111111 -0.0011111111 -0.0011111111,-0.01 -0.01 -0.01,-1 -1 -1,255
255,11111111,11111111,-6.1035156E-05 -6.1035156E-05 -6.1035156E-05 -6.1035156E-05,-0.0011111111 -0.0011111111 -0.0011111111,-0.01 -0.01 -0.01,-1 -1 -1,255
255,11111111,11111111,-6.1035156E-05 -6.1035156E-05 -6.1035156E-05 -6.1035156E-05,-0.0011111111 -0.0011111111 -0.0011111111,-0.01 -0.01 -0.01,-1 -1 -1,255
255,11111111,11111111,-6.1035156E-05 -6.1035156E-05 -6.1035156E-05 -6.1035156E-05,-0.0011111111 -0.0011111111 -0.0011111111,-0.01 -0.01 -0.01,-1 -1 -1,255
255,11111111,11111111,-6.1035156E-05 -6.1035156E-05 -6.1035156E-05 -6.1035156E-05,-0.0011111111 -0.0011111111 -0.0011111111,-0.01 -0.01 -0.01,-1 -1 -1,255
255,11111111,11111111,-6.1035156E-05 -6.1035156E-05 -6.1035156E-05 -6.1035156E-05,-0.0011111111 -0.0011111111 -0.0011111111,-0.01 -0.01 -0.01,-1 -1 -1,255
255,11111111,11111111,-6.1035156E-05 -6.1035156E-05 -6.1035156E-05 -6.1035156E-05,-0.0011111111 -0.0011111111 -0.0011111111,-0.01 -0.01 -0.01,-1 -1 -1,255
255,11111111,11111111,-6.1035156E-05 -6.1035156E-05 -6.1035156E-05 -6.1035156E-05,-0.0011111111 -0.0011111111 -0.0011111111,-0.01 -0.01 -0.01,-1 -1 -1,255
255,11111111,11111111,-6.1035156E-05 -6.1035156E-05 -6.1035156E-05 -6.1035156E-05,-0.0011111111 -0.0011111111 -0.0011111111,-0.01 -0.01 -0.01,-1 -1 -1,255
255,11111111,11111111,-6.1035156E-05 -6.1035156E-05 -6.1035156E-05 -6.1035156E-05,-0.0011111111 -0.0011111111 -0.0011111111,-0.01 -0.01 -0.01,-1 -1 -1,255
255,11111111,11111111,-6.1035156E-05 -6.1035156E-05 -6.1035156E-05 -6.1035156E-05,-0.0011111111 -0.0011111111 -0.0011111111,-0.01 -0.01 -0.01,-1 -1 -1,255
255,11111111,11111111,-6.1035156E-05 -6.1035156E-05 -6.1035156E-05 -6.1035156E-05,-0.0011111111 -0.0011111111 -0.0011111111,-0.01 -0.01 -0.01,-1 -1 -1,255
255,11111111,11111111,-6.1035156E-05 -6.1035156E-05 -6.1035156E-05 -6.1035156E-05,-0.0011111111 -0.0011111111 -0.0011111111,-0.01 -0.01 -0.01,-1 -1 -1,255
255,11111111,11111111,-6.1035156E-05 -6.1035156E-05 -6.1035156E-05 -6.1035156E-05,-0.0011111111 -0.0011111111 -0.0011111111,-0.01 -0.01 -0.01,-1 -1 -1,255
255,11111111,11111111,-6.1035156E-05 -6.1035156E-05 -6.1035156E-05 -6.1035156E-05,-0.0011111111 -0.0011111111 -0.0011111111,-0.01 -0.01 -0.01,-1 -1 -1,255
255,11111111,11111111,-6.1035156E-05 -6.1035156E-05 -6.1035156E-05 -6.1035156E-05,-0.0011111111 -0.0011111111 -0.0011111111,-0.01 -0.01 -0.01,-1 -1 -1,255
255,11111111,11111111,-6.1035156E-05 -6.1035156E-05 -6.1035156E-05 -6.1035156E-05,-0.0011111111 -0.0011111111 -0.0011111111,-0.01 -0.01 -0.01,-1 -1 -1,255
255,11111111,11111111,-6.1035156E-05 -6.1035156E-05 -6.1035156E-05 -6.1035156E-05,-0.0011111111 -0.0011111111 -0.0011111111,-0.01 -0.01 -0.01,-1 -1 -1,255
255,11111111,11111111,-6.1035156E-05 -6.1035156E-05 -6.1035156E-05 -6.1035156E-05,-0.0011111111 -0.0011111111 -0.0011111111,-0.01 -0.01 -0.01,-1 -1 -1,255
255,11111111,11111111,-6.1035156E-05 -6.1035156E-05 -6.1035156E-05 -6.1035156E-05,-0.0011111111 -0.0011111111 -0.0011111111,-0.01 -0.01 -0.01,-1 -1 -1,255
255,11111111,11111111,-6.1035156E-05 -6.1035156E-05 -6.1035156E-05 -6.1035156E-05,-0.0011111111 -0.0011111111 -0.0011111111,-0.01 -0.01 -0.01,-1 -1 -1,255
255,11111111,11111111,-6.1035156E-05 -6.1035156E-05 -6.1035156E-05 -6.1035156E-05,-0.0011111111 -0.0011111111 -0.0011111111,-0.01 -0.01 -0.01,-1 -1 -1,255
255,11111111,11111111,-6.1035156E-05 -6.1035156E-05 -6.1035156E-05 -6.1035156E-05,-0.0011111111 -0.0011111111 -0.0011111111,-0.01 -0.01 -0.01,-1 -1 -1,255
255,11111111,11111111,-6.1035156E-05 -6.1035156E-05 -6.1035156E-05 -6.1035156E-05,-0.0011111111 -0.0011111111 -0.0011111111,-0.01 -0.01 -0.01,-1 -1 -1,255
255,11111111,11111111,-6.1035156E-05 -6.1035156E-05 -6.1035156E-05 -6.1035156E-05,-0.0011111111 -0.0011111111 -0.0011111111,-0.01 -0.01 -0.01,-1 -1 -1,255
255,11111111,11111111,-6.1035156E-05 -6.1035156E-05 -6.1035156E-05 -6.1035156E-05,-0.0011111111 -0.0011111111 -0.0011111111,-0.01 -0.01 -0.01,-1 -1 -1,255
255,11111111,11111111,-6.1035156E-05 -6.1035156E-05 -6.1035156E-05 -6.1035156E-05,-0.0011111111 -0.0011111111 -0.0011111111,-0.01 -0.01 -0.01,-1 -1 -1,255
255,11111111,11111111,-6.1035156E-05 -6.1035156E-05 -6.1035156E-05 -6.1035156E-05,-0.0011111111 -0.0011111111 -0.0011111111,-0.01 -0.01 -0.01,-1 -1 -1,255
255,11111111,11111111,-6.1035156E-05 -6.1035156E-05 -6.1035156E-05 -6.1035156E-05,-0.0011111111 -0.0011111111 -0.0011111111,-0.01 -0.01 -0.01,-1 -1 -1,255
255,11111111,11111111,-6.1035156E-05 -6.1035156E-05 -6.1035156E-05 -6.1035156E-05,-0.0011111111 -0.0011111111 -0.0011111111,-0.01 -0.01 -0.01,-1 -1 -1,255
255,11111111,11111111,-6.1035156E-05 -6.1035156E-05 -6.1035156E-05 -6.1035156E-05,-0.0011111111 -0.0011111111 -0.0011111111,-0.01 -0.01 -0.01,-1 -1 -1,255
255,11111111,11111111,-6.1035156E-05 -6.1035156E-05 -6.1035156E-05 -6.1035156E-05,-0.0011111111 -0.0011111111 -0.0011111111,-0.01 -0.01 -0.01,-1 -1 -1,255
255,11111111,11111111,-6.1035156E-05 -6.1035156E-05 -6.1035156E-05 -6.1035156E-05,-0.0011111111 -0.0011111111 -0.0011111111,-0.01 -0.01 -0.01,-1 -1 -1,255
255,11111111,11111111,-6.1035156E-05 -6.1035156E-05 -6.1035156E-05 -6.1035156E-05,-0.0011111111 -0.0011111111 -0.0011111111,-0.01 -0.01 -0.01,-1 -1 -1,255
255,11111111,11111111,-6.1035156E-05 -6.1035156E-05 -6.1035156E-05 -6.1035156E-05,-0.0011111111 -0.0011111111 -0.0011111111,-0.01 -0.01 -0.01,-1 -1 -1,255
255,11111111,11111111,-6.1035156E-05 -6.1035156E-05 -6.1035156E-05 -6.1035156E-05,-0.0011111111 -0.0011111111 -0.0011111111,-0.01 -0.01 -0.01,-1 -1 -1,255
255,11111111,11111111,-6.1035156E-05 -6.1035156E-05 -6.1035156E-05 -6.1035156E-05,-0.0011111111 -0.0011111111 -0.0011111111,-0.01 -0.01 -0.01,-1 -1 -1,255
255,11111111,11111111,-6.1035156E-05 -6.1035156E-05 -6.1035156E-05 -6.1035156E-05,-0.0011111111 -0.0011111111 -0.0011111111,-0.01 -0.01 -0.01,-1 -1 -1,255
255,11111111,11111111,-6.1035156E-05 -6.1035156E-05 -6.1035156E-05 -6.1035156E-05,-0.0011111111 -0.0011111111 -0.0011111111,-0.01 -0.01 -0.01,-1 -1 -1,255
255,11111111,11111111,-6.1035156E-05 -6.1035156E-05 -6.1035156E-05 -6.1035156E-05,-0.0011111111 -0.0011111111 -0.0011111111,-0.01 -0.01 -0.01,-1 -1 -1,255
255,11111111,11111111,-6.1035156E-05 -6.1035156E-05 -6.1035156E-05 -6.1035156E-05,-0.0011111111 -0.0011111111 -0.0011111111,-0.01 -0.01 -0.01,-1 -1 -1,255
255,11111111,11111111,-6.1035156E-05 -6.1035156E-05 -6.1035156E-05 -6.1035156E-05,-0.0011111111 -0.0011111111 -0.0011111111,-0.01 -0.01 -0.01,-1 -1 -1,255
255,11111111,11111111,-6.1035156E-05 -6.1035156E-05 -6.1035156E-05 -6.1035156E-05,-0.0011111111 -0.0011111111 -0.0011111111,-0.01 -0.01 -0.01,-1 -1 -1,255
255,11111111,11111111,-6.1035156E-05 -6.1035156E-05 -6.1035156E-05 -6.1035156E-05,-0.0011111111 -0.0011111111 -0.0011111111,-0.01 -0.01 -0.01,-1 -1 -1,255
255,11111111,11111111,-6.1035156E-05 -6.1035156E-05 -6.1035156E-05 -6.1035156E-05,-0.0011111111 -0.0011111111 -0.0011111111,-0.01 -0.01 -0.01,-1 -1 -1,255
255,11111111,11111111,-6.1035156E-05 -6.1035156E-05 -6.1035156E-05 -6.1035156E-05,-0.0011111111 -0.0011111111 -0.0011111111,-0.01 -0.01 -0.01,-1 -1 -1,255
255,11111111,11111111,-6.1035156E-05 -6.1035156E-05 -6.1035156E-05 -6.1035156E-05,-0.0011111111 -0.0011111111 -0.0011111111,-0.01 -0.01 -0.01,-1 -1 -1,255
255,11111111,11111111,-6.1035156E-05 -6.1035156E-05 -6.1035156E-05 -6.1035156E-05,-0.0011111111 -0.0011111111 -0.0011111111,-0.01 -0.01 -0.01,-1 -1 -1,255
255,11111111,11111111,-6.1035156E-05 -6.1035156E-05 -6.1035156E-05 -6.1035156E-05,-0.0011111111 -0.0011111111 -0.0011111111,-0.01 -0.01 -0.01,-1 -1 -1,255
255,11111111,11111111,-6.1035156E-05 -6.1035156E-05 -6.1035156E-05 -6.1035156E-05,-0.0011111111 -0.0011111111 -0.0011111111,-0.01 -0.01 -0.01,-1 -1 -1,255
255,11111111,11111111,-6.1035156E-05 -6.1035156E-05 -6.1035156E-05 -6.1035156E-05,-0.0011111111 -0.0011111111 -0.0011111111,-0.01 -0.01 -0.01,-1 -1 -1,255
255,11111111,11111111,-6.1035156E-05 -6.1035156E-05 -6.1035156E-05 -6.1035156E-05,-0.0011111111 -0.0011111111 -0.0011111111,-0.01 -0.01 -0.01,-1 -1 -1,255
255,11111111,11111111,-6.1035156E-05 -6.1035156E-05 -6.1035156E-05 -6.1035156E-05,-0.0011111111 -0.0011111111 -0.0011111111,-0.01 -0.01 -0.01,-1 -1 -1,255
255,11111111,11111111,-6.1035156E-05 -6.1035156E-05 -6.1035156E-05 -6.1035156E-05,-0.0011111111 -0.0011111111 -0.0011111111,-0.01 -0.01 -0.01,-1 -1 -1,255
255,11111111,11111111,-6.1035156E-05 -6.1035156E-05 -6.1035156E-05 -6.1035156E-05,-0.0011111111 -0.0011111111 -0.0011111111,-0.01 -0.01 -0.01,-1 -1 -1,255
255,11111111,11111111,-6.1035156E-05 -6.1035156E-05 -6.1035156E-05 -6.1035156E-05,-0.0011111111 -0.0011111111 -0.0011111111,-0.01 -0.01 -0.01,-1 -1 -1,255
255,11111111,11111111,-6.1035156E-05 -6.1035156E-05 -6.1035156E-05 -6.1035156E-05,-0.0011111111 -0.0011111111 -0.0011111111,-0.01 -0.01 -0.01,-1 -1 -1,255
255,11111111,11111111,-6.1035156E-05 -6.1035156E-05 -6.1035156E-05 -6.1035156E-05,-0.0011111111 -0.0011111111 -0.0011111111,-0.01 -0.01 -0.01,-1 -1 -1,255
255,11111111,11111111,-6.1035156E-05 -6.1035156E-05 -6.1035156E-05 -6.1035156E-05,-0.0011111111 -0.0011111111 -0.0011111111,-0.01 -0.01 -0.01,-1 -1 -1,255
255,11111111,11111111,-6.1035156E-05 -6.1035156E-05 -6.1035156E-05 -6.1035156E-05,-0.0011111111 -0.0011111111 -0.0011111111,-0.01 -0.01 -0.01,-1 -1 -1,255
255,11111111,11111111,-6.1035156E-05 -6.1035156E-05 -6.1035156E-05 -6.1035156E-05,-0.0011111111 -0.0011111111 -0.0011111111,-0.01 -0.01 -0.01,-1 -1 -1,255
255,11111111,11111111,-6.1035156E-05 -6.1035156E-05 -6.1035156E-05 -6.1035156E-05,-0.0011111111 -0.0011111111 -0.0011111111,-0.01 -0.01 -0.01,-1 -1 -1,255
255,11111111,11111111,-6.1035156E-05 -6.1035156E-05 -6.1035156E-05 -6.1035156E-05,-0.0011111111 -0.0011111111 -0.0011111111,-0.01 -0.01 -0.01,-1 -1 -1,255
255,11111111,11111111,-6.1035156E-05 -6.1035156E-05 -6.1035156E-05 -6.1035156E-05,-0.0011111111 -0.0011111111 -0.0011111111,-0.01 -0.01 -0.01,-1 -1 -1,255
255,11111111,11111111,-6.1035156E-05 -6.1035156E-05 -6.1035156E-05 -6.1035156E-05,-0.0011111111 -0.0011111111 -0.0011111111,-0.01 -0.01 -0.01,-1 -1 -1,255
255,11111111,11111111,-6.1035156E-05 -6.1035156E-05 -6.1035156E-05 -6.1035156E-05,-0.0011111111 -0.0011111111 -0.0011111111,-0.01 -0.01 -0.01,-1 -1 -1,255
255,11111111,11111111,-6.1035156E-05 -6.1035156E-05 -6.1035156E-05 -6.1035156E-05,-0.0011111111 -0.0011111111 -0.0011111111,-0.01 -0.01 -0.01,-1 -1 -1,255
255,11111111,11111111,-6.1035156E-05 -6.1035156E-05 -6.1035156E-05 -6.1035156E-05,-0.0011111111 -0.0011111111 -0.0011111111,-0.01 -0.01 -0.01,-1 -1 -1,255
255,11111111,11111111,-6.1035156E-05 -6.1035156E-05 -6.1035156E-05 -6.1035156E-05,-0.0011111111 -0.0011111111 -0.0011111111,-0.01 -0.01 -0.01,-1 -1 -1,255
255,11111111,11111111,-6.1035156E-05 -6.1035156E-05 -6.1035156E-05 -6.1035156E-05,-0.0011111111 -0.0011111111 -0.0011111111,-0.01 -0.01 -0.01,-1 -1 -1,255
255,11111111,11111111,-6.1035156E-05 -6.1035156E-05 -6.1035156E-05 -6.1035156E-05,-0.0011111111 -0.0011111111 -0.0011111111,-0.01 -0.01 -0.01,-1 -1 -1,255
255,11111111,11111111,-6.1035156E-05 -6.1035156E-05 -6.1035156E-05 -6.1035156E-05,-0.0011111111 -0.0011111111 -0.0011111111,-0.01 -0.01 -0.01,-1 -1 -1,255
255,11111111,11111111,-6.1035156E-05 -6.1035156E-05 -6.1035156E-05 -6.1035156E-05,-0.0011111111 -0.0011111111 -0.0011111111,-0.01 -0.01 -0.01,-1 -1 -1,255
255,11111111,11111111,-6.1035156E-05 -6.1035156E-05 -6.1035156E-05 -6.1035156E-05,-0.0011111111 -0.0011111111 -0.0011111111,-0.01 -0.01 -0.01,-1 -1 -1,255
255,11111111,11111111,-6.1035156E-05 -6.1035156E-05 -6.1035156E-05 -6.1035156E-05,-0.0011111111 -0.0011111111 -0.0011111111,-0.01 -0.01 -0.01,-1 -1 -1,255
255,11111111,11111111,-6.1035156E-05 -6.1035156E-05 -6.1035156E-05 -6.1035156E-05,-0.0011111111 -0.0011111111 -0.0011111111,-0.01 -0.01 -0.01,-1 -1 -1,255
255,11111111,11111111,-6.1035156E-05 -6.1035156E-05 -6.1035156E-05 -6.1035156E-05,-0.0011111111 -0.0011111111 -0.0011111111,-0.01 -0.01 -0.01,-1 -1 -1,255
255,11111111,11111111,-6.1035156E-05 -6.1035156E-05 -6.1035156E-05 -6.1035156E-05,-0.0011111111 -0.0011111111 -0.0011111111,-0.01 -0.01 -0.01,-1 -1 -1,255
255,11111111,11111111,-6.1035156E-05 -6.1035156E-05 -6.1035156E-05 -6.1035156E-05,-0.0011111111 -0.0011111111 -0.0011111111,-0.01 -0.01 -0.01,-1 -1 -1,255
255,11111111,11111111,-6.1035156E-05 -6.1035156E-05 -6.1035156E-05 -6.1035156E-05,-0.0011111111 -0.0011111111 -0.0011111111,-0.01 -0.01 -0.01,-1 -1 -1,255
255,11111111,11111111,-6.1035156E-05 -6.1035156E-05 -6.1035156E-05 -6.1035156E-05,-0.0011111111 -0.0011111111 -0.0011111111,-0.01 -0.01 -0.01,-1 -1 -1,255
255,11111111,11111111,-6.1035156E-05 -6.1035156E-05 -6.1035156E-05 -6.1035156E-05,-0.0011111111 -0.0011111111 -0.0011111111,-0.01 -0.01 -0.01,-1 -1 -1,255
255,11111111,11111111,-6.1035156E-05 -6.1035156E-05 -6.1035156E-05 -6.1035156E-05,-0.0011111111 -0.0011111111 -0.0011111111,-0.01 -0.01 -0.01,-1 -1 -1,255
255,11111111,11111111,-6.1035156E-05 -6.1035156E-05 -6.1035156E-05 -6.1035156E-05,-0.0011111111 -0.0011111111 -0.0011111111,-0.01 -0.01 -0.01,-1 -1 -1,255
255,11111111,11111111,-6.1035156E-05 -6.1035156E-05 -6.1035156E-05 -6.1035156E-05,-0.0011111111 -0.0011111111 -0.0011111111,-0.01 -0.01 -0.01,-1 -1 -1,255
255,11111111,11111111,-6.1035156E-05 -6.1035156E-05 -6.1035156E-05 -6.1035156E-05,-0.0011111111 -0.0011111111 -0.0011111111,-0.01 -0.01 -0.01,-1 -1 -1,255
255,11111111,11111111,-6.1035156E-05 -6.1035156E-05 -6.1035156E-05 -6.1035156E-05,-0.0011111111 -0.0011111111 -0.0011111111,-0.01 -0.01 -0.01,-1 -1 -1,255
255,11111111,11111111,-6.1035156E-05 -6.1035156E-05 -6.1035156E-05 -6.1035156E-05,-0.0011111111 -0.0011111111 -0.0011111111,-0.01 -0.01 -0.01,-1 -1 -1,255
255,11111111,11111111,-6.1035156E-05 -6.1035156E-05 -6.1035156E-05 -6.1035156E-05,-0.0011111111 -0.0011111111 -0.0011111111,-0.01 -0.01 -0.01,-1 -1 -1,255
255,11111111,11111111,-6.1035156E-05 -6.1035156E-05 -6.1035156E-05 -6.1035156E-05,-0.0011111111 -0.0011111111 -0.0011111111,-0.01 -0.01 -0.01,-1 -1 -1,255
255,11111111,11111111,-6.1035156E-05 -6.1035156E-05 -6.1035156E-05 -6.1035156E-05,-0.0011111111 -0.0011111111 -0.0011111111,-0.01 -0.01 -0.01,-1 -1 -1,255
255,11111111,11111111,-6.1035156E-05 -6.1035156E-05 -6.1035156E-05 -6.1035156E-05,-0.0011111111 -0.0011111111 -0.0011111111,-0.01 -0.01 -0.01,-1 -1 -1,255
255,11111111,11111111,-6.1035156E-05 -6.1035156E-05 -6.1035156E-05 -6.1035156E-05,-0.0011111111 -0.0011111111 -0.0011111111,-0.01 -0.01 -0.01,-1 -1 -1,255
255,11111111,11111111,-6.1035156E-05 -6.1035156E-05 -6.1035156E-05 -6.1035156E-05,-0.0011111111 -0.0011111111 -0.0011111111,-0.01 -0.01 -0.01,-1 -1 -1,255
255,11111111,11111111,-6.1035156E-05 -6.1035156E-05 -6.1035156E-05 -6.1035156E-05,-0.0011111111 -0.0011111111 -0.0011111111,-0.01 -0.01 -0.01,-1 -1 -1,255
255,11111111,11111111,-6.1035156E-05 -6.1035156E-05 -6.1035156E-05 -6.1035156E-05,-0.0011111111 -0.0011111111 -0.0011111111,-0.01 -0.01 -0.01,-1 -1 -1,255
255,11111111,11111111,-6.1035156E-05 -6.1035156E-05 -6.1035156E-05 -6.1035156E-05,-0.0011111111 -0.0011111111 -0.0011111111,-0.01 -0.01 -0.01,-1 -1 -1,255
255,11111111,11111111,-6.1035156E-05 -6.1035156E-05 -6.1035156E-05 -6.1035156E-05,-0.0011111111 -0.0011111111 -0.0011111111,-0.01 -0.01 -0.01,-1 -1 -1,255
255,11111111,11111111,-6.1035156E-05 -6.1035156E-05 -6.1035156E-05 -6.1035156E-05,-0.0011111111 -0.0011111111 -0.0011111111,-0.01 -0.01 -0.01,-1 -1 -1,255
255,11111111,11111111,-6.1035156E-05 -6.1035156E-05 -6.1035156E-05 -6.1035156E-05,-0.0011111111 -0.0011111111 -0.0011111111,-0.01 -0.01 -0.01,-1 -1 -1,255
255,11111111,11111111,-6.1035156E-05 -6.1035156E-05 -6.1035156E-05 -6.1035156E-05,-0.0011111111 -0.0011111111 -0.0011111111,-0.01 -0.01 -0.01,-1 -1 -1,255
255,11111111,11111111,-6.1035156E-05 -6.1035156E-05 -6.1035156E-05 -6.1035156E-05,-0.0011111111 -0.0011111111 -0.0011111111,-0.01 -0.01 -0.01,-1 -1 -1,255
255,11111111,11111111,-6.1035156E-05 -6.1035156E-05 -6.1035156E-05 -6.1035156E-05,-0.0011111111 -0.0011111111 -0.0011111111,-0.01 -0.01 -0.01,-1 -1 -1,255
255,11111111,11111111,-6.1035156E-05 -6.1035156E-05 -6.1035156E-05 -6.1035156E-05,-0.0011111111 -0.0011111111 -0.0011111111,-0.01 -0.01 -0.01,-1 -1 -1,255
255,11111111,11111111,-6.1035156E-05 -6.1035156E-05 -6.1035156E-05 -6.1035156E-05,-0.0011111111 -0.0011111111 -0.0011111111,-0.01 -0.01 -0.01,-1 -1 -1,255
255,11111111,11111111,-6.1035156E-05 -6.1035156E-05 -6.1035156E-05 -6.1035156E-05,-0.0011111111 -0.0011111111 -0.0011111111,-0.01 -0.01 -0.01,-1 -1 -1,255
255,11111111,11111111,-6.1035156E-05 -6.1035156E-05 -6.1035156E-05 -6.1035156E-05,-0.0011111111 -0.0011111111 -0.0011111111,-0.01 -0.01 -0.01,-1 -1 -1,255
255,11111111,11111111,-6.1035156E-05 -6.1035156E-05 -6.1035156E-05 -6.1035156E-05,-0.0011111111 -0.0011111111 -0.0011111111,-0.01 -0.01 -0.01,-1 -1 -1,255
255,11111111,11111111,-6.1035156E-05 -6.1035156E-05 -6.1035156E-05 -6.1035156E-05,-0.0011111111 -0.0011111111 -0.0011111111,-0.01 -0.01 -0.01,-1 -1 -1,255
255,11111111,11111111,-6.1035156E-05 -6.1035156E-05 -6.1035156E-05 -6.1035156E-05,-0.0011111111 -0.0011111111 -0.0011111111,-0.01 -0.01 -0.01,-1 -1 -1,255
255,11111111,11111111,-6.1035156E-05 -6.1035156E-05 -6.1035156E-05 -6.1035156E-05,-0.0011111111 -0.0011111111 -0.0011111111,-0.01 -0.01 -0.01,-1 -1 -1,255
255,11111111,11111111,-6.1035156E-05 -6.1035156E-05 -6.1035156E-05 -6.1035156E-05,-0.0011111111 -0.0011111111 -0.0011111111,-0.01 -0.01 -0.01,-1 -1 -1,255
255,11111111,11111111,-6.1035156E-05 -6.1035156E-05 -6.1035156E-05 -6.1035156E-05,-0.0011111111 -0.0011111111 -0.0011111111,-0.01 -0.01 -0.01,-1 -1 -1,255
255,11111111,11111111,-6.1035156E-05 -6.1035156E-05 -6.1035156E-05 -6.1035156E-05,-0.0011111111 -0.0011111111 -0.0011111111,-0.01 -0.01 -0.01,-1 -1 -1,255
255,11111111,11111111,-6.1035156E-05 -6.1035156E-05 -6.1035156E-05 -6.1035156E-05,-0.0011111111 -0.0011111111 -0.0011111111,-0.01 -0.01 -0.01,-1 -1 -1,255
255,11111111,11111111,-6.1035156E-05 -6.1035156E-05 -6.1035156E-05 -6.1035156E-05,-0.0011111111 -0.0011111111 -0.0011111111,-0.01 -0.01 -0.01,-1 -1 -1,255
255,11111111,11111111,-6.1035156E-05 -6.1035156E-05 -6.1035156E-05 -6.1035156E-05,-0.0011111111 -0.0011111111 -0.0011111111,-0.01 -0.01 -0.01,-1 -1 -1,255
255,11111111,11111111,-6.1035156E-05 -6.1035156E-05 -6.1035156E-05 -6.1035156E-05,-0.0011111111 -0.0011111111 -0.0011111111,-0.01 -0.01 -0.01,-1 -1 -1,255
255,11111111,11111111,-6.1035156E-05 -6.1035156E-05 -6.1035156E-05 -6.1035156E-05,-0.0011111111 -0.0011111111 -0.0011111111,-0.01 -0.01 -0.01,-1 -1 -1,255
255,11111111,11111111,-6.1035156E-05 -6.1035156E-05 -6.1035156E-05 -6.1035156E-05,-0.0011111111 -0.0011111111 -0.0011111111,-0.01 -0.01 -0.01,-1 -1 -1,255
255,11111111,11111111,-6.1035156E-05 -6.1035156E-05 -6.1035156E-05 -6.1035156E-05,-0.0011111111 -0.0011111111 -0.0011111111,-0.01 -0.01 -0.01,-1 -1 -1,255
255,11111111,11111111,-6.1035156E-05 -6.1035156E-05 -6.1035156E-05 -6.1035156E-05,-0.0011111111 -0.0011111111 -0.0011111111,-0.01 -0.01 -0.01,-1 -1 -1,255
255,11111111,11111111,-6.1035156E-05 -6.1035156E-05 -6.1035156E-05 -6.1035156E-05,-0.0011111111 -0.0011111111 -0.0011111111,-0.01 -0.01 -0.01,-1 -1 -1,255
255,11111111,11111111,-6.1035156E-05 -6.1035156E-05 -6.1035156E-05 -6.1035156E-05,-0.0011111111 -0.0011111111 -0.0011111111,-0.01 -0.01 -0.01,-1 -1 -1,255
255,11111111,11111111,-6.1035156E-05 -6.1035156E-05 -6.1035156E-05 -6.1035156E-05,-0.0011111111 -0.0011111111 -0.0011111111,-0.01 -0.01 -0.01,-1 -1 -1,255
255,11111111,11111111,-6.1035156E-05 -6.1035156E-05 -6.1035156E-05 -6.1035156E-05,-0.0011111111 -0.0011111111 -0.0011111111,-0.01 -0.01 -0.01,-1 -1 -1,255
255,11111111,11111111,-6.1035156E-05 -6.1035156E-05 -6.1035156E-05 -6.1035156E-05,-0.0011111111 -0.0011111111 -0.0011111111,-0.01 -0.01 -0.01,-1 -1 -1,255
255,11111111,11111111,-6.1035156E-05 -6.1035156E-05 -6.1035156E-05 -6.1035156E-05,-0.0011111111 -0.0011111111 -0.0011111111,-0.01 -0.01 -0.01,-1 -1 -1,255
255,11111111,11111111,-6.1035156E-05 -6.1035156E-05 -6.1035156E-05 -6.1035156E-05,-0.0011111111 -0.0011111111 -0.0011111111,-0.01 -0.01 -0.01,-1 -1 -1,255
255,11111111,11111111,-6.1035156E-05 -6.1035156E-05 -6.1035156E-05 -6.1035156E-05,-0.0011111111 -0.0011111111 -0.0011111111,-0.01 -0.01 -0.01,-1 -1 -1,255
255,11111111,11111111,-6.1035156E-05 -6.1035156E-05 -6.1035156E-05 -6.1035156E-05,-0.0011111111 -0.0011111111 -0.0011111111,-0.01 -0.01 -0.01,-1 -1 -1,255
255,11111111,11111111,-6.1035156E-05 -6.1035156E-05 -6.1035156E-05 -6.1035156E-05,-0.0011111111 -0.0011111111 -0.0011111111,-0.01 -0.01 -0.01,-1 -1 -1,255
255,11111111,11111111,-6.1035156E-05 -6.1035156E-05 -6.1035156E-05 -6.1035156E-05,-0.0011111111 -0.0011111111 -0.0011111111,-0.01 -0.01 -0.01,-1 -1 -1,255
255,11111111,11111111,-6.1035156E-05 -6.1035156E-05 -6.1035156E-05 -6.1035156E-05,-0.0011111111 -0.0011111111 -0.0011111111,-0.01 -0.01 -0.01,-1 -1 -1,255
255,11111111,11111111,-6.1035156E-05 -6.1035156E-05 -6.1035156E-05 -6.1035156E-05,-0.0011111111 -0.0011111111 -0.0011111111,-0.01 -0.01 -0.01,-1 -1 -1,255
255,11111111,11111111,-6.1035156E-05 -6.1035156E-05 -6.1035156E-05 -6.1035156E-05,-0.0011111111 -0.0011111111 -0.0011111111,-0.01 -0.01 -0.01,-1 -1 -1,255
255,11111111,11111111,-6.1035156E-05 -6.1035156E-05 -6.1035156E-05 -6.1035156E-05,-0.0011111111 -0.0011111111 -0.0011111111,-0.01 -0.01 -0.01,-1 -1 -1,255
255,11111111,11111111,-6.1035156E-05 -6.1035156E-05 -6.1035156E-05 -6.1035156E-05,-0.0011111111 -0.0011111111 -0.0011111111,-0.01 -0.01 -0.01,-1 -1 -1,255
255,11111111,11111111,-6.1035156E-05 -6.1035156E-05 -6.1035156E-05 -6.1035156E-05,-0.0011111111 -0.0011111111 -0.0011111111,-0.01 -0.01 -0.01,-1 -1 -1,255
255,11111111,11111111,-6.1035156E-05 -6.1035156E-05 -6.1035156E-05 -6.1035156E-05,-0.0011111111 -0.0011111111 -0.0011111111,-0.01 -0.01 -0.01,-1 -1 -1,255
255,11111111,11111111,-6.1035156E-05 -6.1035156E-05 -6.1035156E-05 -6.1035156E-05,-0.0011111111 -0.0011111111 -0.0011111111,-0.01 -0.01 -0.01,-1 -1 -1,255
255,11111111,11111111,-6.1035156E-05 -6.1035156E-05 -6.1035156E-05 -6.1035156E-05,-0.0011111111 -0.0011111111 -0.0011111111,-0.01 -0.01 -0.01,-1 -1 -1,255
255,11111111,11111111,-6.1035156E-05 -6.1035156E-05 -6.1035156E-05 -6.1035156E-05,-0.0011111111 -0.0011111111 -0.0011111111,-0.01 -0.01 -0.01,-1 -1 -1,255
255,11111111,11111111,-6.1035156E-05 -6.1035156E-05 -6.1035156E-05 -6.1035156E-05,-0.0011111111 -0.0011111111 -0.0011111111,-0.01 -0.01 -0.01,-1 -1 -1,255
255,11111111,11111111,-6.1035156E-05 -6.1035156E-05 -6.1035156E-05 -6.1035156E-05,-0.0011111111 -0.0011111111 -0.0011111111,-0.01 -0.01 -0.01,-1 -1 -1,255
255,11111111,11111111,-6.1035156E-05 -6.1035156E-05 -6.1035156E-05 -6.1035156E-05,-0.0011111111 -0.0011111111 -0.0011111111,-0.01 -0.01 -0.01,-1 -1 -1,255
255,11111111,11111111,-6.1035156E-05 -6.1035156E-05 -6.1035156E-05 -6.1035156E-05,-0.0011111111 -0.0011111111 -0.0011111111,-0.01 -0.01 -0.01,-1 -1 -1,255
255,11111111,11111111,-6.1035156E-05 -6.1035156E-05 -6.1035156E-05 -6.1035156E-05,-0.0011111111 -0.0011111111 -0.0011111111,-0.01 -0.01 -0.01,-1 -1 -1,255
255,11111111,11111111,-6.1035156E-05 -6.1035156E-05 -6.1035156E-05 -6.1035156E-05,-0.0011111111 -0.0011111111 -0.0011111111,-0.01 -0.01 -0.01,-1 -1 -1,255
255,11111111,11111111,-6.1035156E-05 -6.1035156E-05 -6.1035156E-05 -6.1035156E-05,-0.0011111111 -0.0011111111 -0.0011111111,-0.01 -0.01 -0.01,-1 -1 -1,255
255,11111111,11111111,-6.1035156E-05 -6.1035156E-05 -6.1035156E-05 -6.1035156E-05,-0.0011111111 -0.0011111111 -0.0011111111,-0.01 -0.01 -0.01,-1 -1 -1,255
255,11111111,11111111,-6.1035156E-05 -6.1035156E-05 -6.1035156E-05 -6.1035156E-05,-0.0011111111 -0.0011111111 -0.0011111111,-0.01 -0.01 -0.01,-1 -1 -1,255
255,11111111,11111111,-6.1035156E-05 -6.1035156E-05 -6.1035156E-05 -6.1035156E-05,-0.0011111111 -0.0011111111 -0.0011111111,-0.01 -0.01 -0.01,-1 -1 -1,255
255,11111111,11111111,-6.1035156E-05 -6.1035156E-05 -6.1035156E-05 -6.1035156E-05,-0.0011111111 -0.0011111111 -0.0011111111,-0.01 -0.01 -0.01,-1 -1 -1,255
255,11111111,11111111,-6.1035156E-05 -6.1035156E-05 -6.1035156E-05 -6.1035156E-05,-0.0011111111 -0.0011111111 -0.0011111111,-0.01 -0.01 -0.01,-1 -1 -1,255
255,11111111,11111111,-6.1035156E-05 -6.1035156E-05 -6.1035156E-05 -6.1035156E-05,-0.0011111111 -0.0011111111 -0.0011111111,-0.01 -0.01 -0.01,-1 -1 -1,255
255,11111111,11111111,-6.1035156E-05 -6.1035156E-05 -6.1035156E-05 -6.1035156E-05,-0.0011111111 -0.0011111111 -0.0011111111,-0.01 -0.01 -0.01,-1 -1 -1,255
255,11111111,11111111,-6.1035156E-05 -6.1035156E-05 -6.1035156E-05 -6.1035156E-05,-0.0011111111 -0.0011111111 -0.0011111111,-0.01 -0.01 -0.01,-1 -1 -1,255
255,11111111,11111111,-6.1035156E-05 -6.1035156E-05 -6.1035156E-05 -6.1035156E-05,-0.0011111111 -0.0011111111 -0.0011111111,-0.01 -0.01 -0.01,-1 -1 -1,255
255,11111111,11111111,-6.1035156E-05 -6.1035156E-05 -6.1035156E-05 -6.1035156E-05,-0.0011111111 -0.0011111111 -0.0011111111,-0.01 -0.01 -0.01,-1 -1 -1,255
255,11111111,11111111,-6.1035156E-05 -6.1035156E-05 -6.1035156E-05 -6.1035156E-05,-0.0011111111 -0.0011111111 -0.0011111111,-0.01 -0.01 -0.01,-1 -1 -1,255
255,11111111,11111111,-6.1035156E-05 -6.1035156E-05 -6.1035156E-05 -6.1035156E-05,-0.0011111111 -0.0011111111 -0.0011111111,-0.01 -0.01 -0.01,-1 -1 -1,255
255,11111111,11111111,-6.1035156E-05 -6.1035156E-05 -6.1035156E-05 -6.1035156E-05,-0.0011111111 -0.0011111111 -0.0011111111,-0.01 -0.01 -0.01,-1 -1 -1,255
255,11111111,11111111,-6.1035156E-05 -6.1035156E-05 -6.1035156E-05 -6.1035156E-05,-0.0011111111 -0.0011111111 -0.0011111111,-0.01 -0.01 -0.01,-1 -1 -1,255
255,11111111,11111111,-6.1035156E-05 -6.1035156E-05 -6.1035156E-05 -6.1035156E-05,-0.0011111111 -0.0011111111 -0.0011111111,-0.01 -0.01 -0.01,-1 -1 -1,255
255,11111111,11111111,-6.1035156E-05 -6.1035156E-05 -6.1035156E-05 -6.1035156E-05,-0.0011111111 -0.0011111111 -0.0011111111,-0.01 -0.01 -0.01,-1 -1 -1,255
255,11111111,11111111,-6.1035156E-05 -6.1035156E-05 -6.1035156E-05 -6.1035156E-05,-0.0011111111 -0.0011111111 -0.0011111111,-0.01 -0.01 -0.01,-1 -1 -1,255
255,11111111,11111111,-6.1035156E-05 -6.1035156E-05 -6.1035156E-05 -6.1035156E-05,-0.0011111111 -0.0011111111 -0.0011111111,-0.01 -0.01 -0.01,-1 -1 -1,255
255,11111111,11111111,-6.1035156E-05 -6.1035156E-05 -6.1035156E-05 -6.1035156E-05,-0.0011111111 -0.0011111111 -0.0011111111,-0.01 -0.01 -0.01,-1 -1 -1,255
255,11111111,11111111,-6.1035156E-05 -6.1035156E-05 -6.1035156E-05 -6.1035156E-05,-0.0011111111 -0.0011111111 -0.0011111111,-0.01 -0.01 -0.01,-1 -1 -1,255
255,11111111,11111111,-6.1035156E-05 -6.1035156E-05 -6.1035156E-05 -6.1035156E-05,-0.0011111111 -0.0011111111 -0.0011111111,-0.01 -0.01 -0.01,-1 -1 -1,255
255,11111111,11111111,-6.1035156E-05 -6.1035156E-05 -6.1035156E-05 -6.1035156E-05,-0.0011111111 -0.0011111111 -0.0011111111,-0.01 -0.01 -0.01,-1 -1 -1,255
255,11111111,11111111,-6.1035156E-05 -6.1035156E-05 -6.1035156E-05 -6.1035156E-05,-0.0011111111 -0.0011111111 -0.0011111111,-0.01 -0.01 -0.01,-1 -1 -1,255
255,11111111,11111111,-6.1035156E-05 -6.1035156E-05 -6.1035156E-05 -6.1035156E-05,-0.0011111111 -0.0011111111 -0.0011111111,-0.01 -0.01 -0.01,-1 -1 -1,255
255,11111111,11111111,-6.1035156E-05 -6.1035156E-05 -6.1035156E-05 -6.1035156E-05,-0.0011111111 -0.0011111111 -0.0011111111,-0.01 -0.01 -0.01,-1 -1 -1,255
255,11111111,11111111,-6.1035156E-05 -6.1035156E-05 -6.1035156E-05 -6.1035156E-05,-0.0011111111 -0.0011111111 -0.0011111111,-0.01 -0.01 -0.01,-1 -1 -1,255
255,11111111,11111111,-6.1035156E-05 -6.1035156E-05 -6.1035156E-05 -6.1035156E-05,-0.0011111111 -0.0011111111 -0.0011111111,-0.01 -0.01 -0.01,-1 -1 -1,255
255,11111111,11111111,-6.1035156E-05 -6.1035156E-05 -6.1035156E-05 -6.1035156E-05,-0.0011111111 -0.0011111111 -0.0011111111,-0.01 -0.01 -0.01,-1 -1 -1,255
255,11111111,11111111,-6.1035156E-05 -6.1035156E-05 -6.1035156E-05 -6.1035156E-05,-0.0011111111 -0.0011111111 -0.0011111111,-0.01 -0.01 -0.01,-1 -1 -1,255
255,11111111,11111111,-6.1035156E-05 -6.1035156E-05 -6.1035156E-05 -6.1035156E-05,-0.0011111111 -0.0011111111 -0.0011111111,-0.01 -0.01 -0.01,-1 -1 -1,255
255,11111111,11111111,-6.1035156E-05 -6.1035156E-05 -6.1035156E-05 -6.1035156E-05,-0.0011111111 -0.0011111111 -0.0011111111,-0.01 -0.01 -0.01,-1 -1 -1,255
255,11111111,11111111,-6.1035156E-05 -6.1035156E-05 -6.1035156E-05 -6.1035156E-05,-0.0011111111 -0.0011111111 -0.0011111111,-0.01 -0.01 -0.01,-1 -1 -1,255
255,11111111,11111111,-6.1035156E-05 -6.1035156E-05 -6.1035156E-05 -6.1035156E-05,-0.0011111111 -0.0011111111 -0.0011111111,-0.01 -0.01 -0.01,-1 -1 -1,255
255,11111111,11111111,-6.1035156E-05 -6.1035156E-05 -6.1035156E-05 -6.1035156E-05,-0.0011111111 -0.0011111111 -0.0011111111,-0.01 -0.01 -0.01,-1 -1 -1,255
255,11111111,11111111,-6.1035156E-05 -6.1035156E-05 -6.1035156E-05 -6.1035156E-05,-0.0011111111 -0.0011111111 -0.0011111111,-0.01 -0.01 -0.01,-1 -1 -1,255
255,11111111,11111111,-6.1035156E-05 -6.1035156E-05 -6.1035156E-05 -6.1035156E-05,-0.0011111111 -0.0011111111 -0.0011111111,-0.01 -0.01 -0.01,-1 -1 -1,255
255,11111111,11111111,-6.1035156E-05 -6.1035156E-05 -6.1035156E-05 -6.1035156E-05,-0.0011111111 -0.0011111111 -0.0011111111,-0.01 -0.01 -0.01,-1 -1 -1,255
255,11111111,11111111,-6.1035156E-05 -6.1035156E-05 -6.1035156E-05 -6.1035156E-05,-0.0011111111 -0.0011111111 -0.0011111111,-0.01 -0.01 -0.01,-1 -1 -1,255
255,11111111,11111111,-6.1035156E-05 -6.1035156E-05 -6.1035156E-05 -6.1035156E-05,-0.0011111111 -0.0011111111 -0.0011111111,-0.01 -0.01 -0.01,-1 -1 -1,255
255,11111111,11111111,-6.1035156E-05 -6.1035156E-05 -6.1035156E-05 -6.1035156E-05,-0.0011111111 -0.0011111111 -0.0011111111,-0.01 -0.01 -0.01,-1 -1 -1,255
255,11111111,11111111,-6.1035156E-05 -6.1035156E-05 -6.1035156E-05 -6.1035156E-05,-0.0011111111 -0.0011111111 -0.0011111111,-0.01 -0.01 -0.01,-1 -1 -1,255
255,11111111,11111111,-6.1035156E-05 -6.1035156E-05 -6.1035156E-05 -6.1035156E-05,-0.0011111111 -0.0011111111 -0.0011111111,-0.01 -0.01 -0.01,-1 -1 -1,255
255,11111111,11111111,-6.1035156E-05 -6.1035156E-05 -6.1035156E-05 -6.1035156E-05,-0.0011111111 -0.0011111111 -0.0011111111,-0.01 -0.01 -0.01,-1 -1 -1,255
255,11111111,11111111,-6.1035156E-05 -6.1035156E-05 -6.1035156E-05 -6.1035156E-05,-0.0011111111 -0.0011111111 -0.0011111111,-0.01 -0.01 -0.01,-1 -1 -1,255
255,11111111,11111111,-6.1035156E-05 -6.1035156E-05 -6.1035156E-05 -6.1035156E-05,-0.0011111111 -0.0011111111 -0.0011111111,-0.01 -0.01 -0.01,-1 -1 -1,255
255,11111111,11111111,-6.1035156E-05 -6.1035156E-05 -6.1035156E-05 -6.1035156E-05,-0.0011111111 -0.0011111111 -0.0011111111,-0.01 -0.01 -0.01,-1 -1 -1,255
255,11111111,11111111,-6.1035156E-05 -6.1035156E-05 -6.1035156E-05 -6.1035156E-05,-0.0011111111 -0.0011111111 -0.0011111111,-0.01 -0.01 -0.01,-1 -1 -1,255
255,11111111,11111111,-6.1035156E-05 -6.1035156E-05 -6.1035156E-05 -6.1035156E-05,-0.0011111111 -0.0011111111 -0.0011111111,-0.01 -0.01 -0.01,-1 -1 -1,255
255,11111111,11111111,-6.1035156E-05 -6.1035156E-05 -6.1035156E-05 -6.1035156E-05,-0.0011111111 -0.0011111111 -0.0011111111,-0.01 -0.01 -0.01,-1 -1 -1,255
255,11111111,11111111,-6.1035156E-05 -6.1035156E-05 -6.1035156E-05 -6.1035156E-05,-0.0011111111 -0.0011111111 -0.0011111111,-0.01 -0.01 -0.01,-1 -1 -1,255
255,11111111,11111111,-6.1035156E-05 -6.1035156E-05 -6.1035156E-05 -6.1035156E-05,-0.0011111111 -0.0011111111 -0.0011111111,-0.01 -0.01 -0.01,-1 -1 -1,255
255,11111111,11111111,-6.1035156E-05 -6.1035156E-05 -6.1035156E-05 -6.1035156E-05,-0.0011111111 -0.0011111111 -0.0011111111,-0.01 -0.01 -0.01,-1 -1 -1,255
255,11111111,11111111,-6.1035156E-05 -6.1035156E-05 -6.1035156E-05 -6.1035156E-05,-0.0011111111 -0.0011111111 -0.0011111111,-0.01 -0.01 -0.01,-1 -1 -1,255
255,11111111,11111111,-6.1035156E-05 -6.1035156E-05 -6.1035156E-05 -6.1035156E-05,-0.0011111111 -0.0011111111 -0.0011111111,-0.01 -0.01 -0.01,-1 -1 -1,255
255,11111111,11111111,-6.1035156E-05 -6.1035156E-05 -6.1035156E-05 -6.1035156E-05,-0.0011111111 -0.0011111111 -0.0011111111,-0.01 -0.01 -0.01,-1 -1 -1,255
255,11111111,11111111,-6.1035156E-05 -6.1035156E-05 -6.1035156E-05 -6.1035156E-05,-0.0011111111 -0.0011111111 -0.0011111111,-0.01 -0.01 -0.01,-1 -1 -1,255
255,11111111,11111111,-6.1035156E-05 -6.1035156E-05 -6.1035156E-05 -6.1035156E-05,-0.0011111111 -0.0011111111 -0.0011111111,-0.01 -0.01 -0.01,-1 -1 -1,255
255,11111111,11111111,-6.1035156E-05 -6.1035156E-05 -6.1035156E-05 -6.1035156E-05,-0.0011111111 -0.0011111111 -0.0011111111,-0.01 -0.01 -0.01,-1 -1 -1,255
255,11111111,11111111,-6.1035156E-05 -6.1035156E-05 -6.1035156E-05 -6.1035156E-05,-0.0011111111 -0.0011111111 -0.0011111111,-0.01 -0.01 -0.01,-1 -1 -1,255
255,11111111,11111111,-6.1035156E-05 -6.1035156E-05 -6.1035156E-05 -6.1035156E-05,-0.0011111111 -0.0011111111 -0.0011111111,-0.01 -0.01 -0.01,-1 -1 -1,255
255,11111111,11111111,-6.1035156E-05 -6.1035156E-05 -6.1035156E-05 -6.1035156E-05,-0.0011111111 -0.0011111111 -0.0011111111,-0.01 -0.01 -0.01,-1 -1 -1,255
255,11111111,11111111,-6.1035156E-05 -6.1035156E-05 -6.1035156E-05 -6.1035156E-05,-0.0011111111 -0.0011111111 -0.0011111111,-0.01 -0.01 -0.01,-1 -1 -1,255
255,11111111,11111111,-6.1035156E-05 -6.1035156E-05 -6.1035156E-05 -6.1035156E-05,-0.0011111111 -0.0011111111 -0.0011111111,-0.01 -0.01 -0.01,-1 -1 -1,255
255,11111111,11111111,-6.1035156E-05 -6.1035156E-05 -6.1035156E-05 -6.1035156E-05,-0.0011111111 -0.0011111111 -0.0011111111,-0.01 -0.01 -0.01,-1 -1 -1,255
255,11111111,11111111,-6.1035156E-05 -6.1035156E-05 -6.1035156E-05 -6.1035156E-05,-0.0011111111 -0.0011111111 -0.0011111111,-0.01 -0.01 -0.01,-1 -1 -1,255
255,11111111,11111111,-6.1035156E-05 -6.1035156E-05 -6.1035156E-05 -6.1035156E-05,-0.0011111111 -0.0011111111 -0.0011111111,-0.01 -0.01 -0.01,-1 -1 -1,255
255,11111111,11111111,-6.1035156E-05 -6.1035156E-05 -6.1035156E-05 -6.1035156E-05,-0.0011111111 -0.0011111111 -0.0011111111,-0.01 -0.01 -0.01,-1 -1 -1,255
255,11111111,11111111,-6.1035156E-05 -6.1035156E-05 -6.1035156E-05 -6.1035156E-05,-0.0011111111 -0.0011111111 -0.0011111111,-0.01 -0.01 -0.01,-1 -1 -1,255
255,11111111,11111111,-6.1035156E-05 -6.1035156E-05 -6.1035156E-05 -6.1035156E-05,-0.0011111111 -0.0011111111 -0.0011111111,-0.01 -0.01 -0.01,-1 -1 -1,255
255,11111111,11111111,-6.1035156E-05 -6.1035156E-05 -6.1035156E-05 -6.1035156E-05,-0.0011111111 -0.0011111111 -0.0011111111,-0.01 -0.01 -0.01,-1 -1 -1,255
255,11111111,11111111,-6.1035156E-05 -6.1035156E-05 -6.1035156E-05 -6.1035156E-05,-0.0011111111 -0.0011111111 -0.0011111111,-0.01 -0.01 -0.01,-1 -1 -1,255
255,11111111,11111111,-6.1035156E-05 -6.1035156E-05 -6.1035156E-05 -6.1035156E-05,-0.0011111111 -0.0011111111 -0.0011111111,-0.01 -0.01 -0.01,-1 -1 -1,255
255,11111111,11111111,-6.1035156E-05 -6.1035156E-05 -6.1035156E-05 -6.1035156E-05,-0.0011111111 -0.0011111111 -0.0011111111,-0.01 -0.01 -0.01,-1 -1 -1,255
255,11111111,11111111,-6.1035156E-05 -6.1035156E-05 -6.1035156E-05 -6.1035156E-05,-0.0011111111 -0.0011111111 -0.0011111111,-0.01 -0.01 -0.01,-1 -1 -1,255
255,11111111,11111111,-6.1035156E-05 -6.1035156E-05 -6.1035156E-05 -6.1035156E-05,-0.0011111111 -0.0011111111 -0.0011111111,-0.01 -0.01 -0.01,-1 -1 -1,255
255,11111111,11111111,-6.1035156E-05 -6.1035156E-05 -6.1035156E-05 -6.1035156E-05,-0.0011111111 -0.0011111111 -0.0011111111,-0.01 -0.01 -0.01,-1 -1 -1,255
255,11111111,11111111,-6.1035156E-05 -6.1035156E-05 -6.1035156E-05 -6.1035156E-05,-0.0011111111 -0.0011111111 -0.0011111111,-0.01 -0.01 -0.01,-1 -1 -1,255
255,11111111,11111111,-6.1035156E-05 -6.1035156E-05 -6.1035156E-05 -6.1035156E-05,-0.0011111111 -0.0011111111 -0.0011111111,-0.01 -0.01 -0.01,-1 -1 -1,255
255,11111111,11111111,-6.1035156E-05 -6.1035156E-05 -6.1035156E-05 -6.1035156E-05,-0.0011111111 -0.0011111111 -0.0011111111,-0.01 -0.01 -0.01,-1 -1 -1,255
255,11111111,11111111,-6.1035156E-05 -6.1035156E-05 -6.1035156E-05 -6.1035156E-05,-0.0011111111 -0.0011111111 -0.0011111111,-0.01 -0.01 -0.01,-1 -1 -1,255
255,11111111,11111111,-6.1035156E-05 -6.1035156E-05 -6.1035156E-05 -6.1035156E-05,-0.0011111111 -0.0011111111 -0.0011111111,-0.01 -0.01 -0.01,-1 -1 -1,255
255,11111111,11111111,-6.1035156E-05 -6.1035156E-05 -6.1035156E-05 -6.1035156E-05,-0.0011111111 -0.0011111111 -0.0011111111,-0.01 -0.01 -0.01,-1 -1 -1,255
255,11111111,11111111,-6.1035156E-05 -6.1035156E-05 -6.1035156E-05 -6.1035156E-05,-0.0011111111 -0.0011111111 -0.0011111111,-0.01 -0.01 -0.01,-1 -1 -1,255
255,11111111,11111111,-6.1035156E-05 -6.1035156E-05 -6.1035156E-05 -6.1035156E-05,-0.0011111111 -0.0011111111 -0.0011111111,-0.01 -0.01 -0.01,-1 -1 -1,255
255,11111111,11111111,-6.1035156E-05 -6.1035156E-05 -6.1035156E-05 -6.1035156E-05,-0.0011111111 -0.0011111111 -0.0011111111,-0.01 -0.01 -0.01,-1 -1 -1,255
255,11111111,11111111,-6.1035156E-05 -6.1035156E-05 -6.1035156E-05 -6.1035156E-05,-0.0011111111 -0.0011111111 -0.0011111111,-0.01 -0.01 -0.01,-1 -1 -1,255
255,11111111,11111111,-6.1035156E-05 -6.1035156E-05 -6.1035156E-05 -6.1035156E-05,-0.0011111111 -0.0011111111 -0.0011111111,-0.01 -0.01 -0.01,-1 -1 -1,255
255,11111111,11111111,-6.1035156E-05 -6.1035156E-05 -6.1035156E-05 -6.1035156E-05,-0.0011111111 -0.0011111111 -0.0011111111,-0.01 -0.01 -0.01,-1 -1 -1,255
255,11111111,11111111,-6.1035156E-05 -6.1035156E-05 -6.1035156E-05 -6.1035156E-05,-0.0011111111 -0.0011111111 -0.0011111111,-0.01 -0.01 -0.01,-1 -1 -1,255
255,11111111,11111111,-6.1035156E-05 -6.1035156E-05 -6.1035156E-05 -6.1035156E-05,-0.0011111111 -0.0011111111 -0.0011111111,-0.01 -0.01 -0.01,-1 -1 -1,255
255,11111111,11111111,-6.1035156E-05 -6.1035156E-05 -6.1035156E-05 -6.1035156E-05,-0.0011111111 -0.0011111111 -0.0011111111,-0.01 -0.01 -0.01,-1 -1 -1,255
255,11111111,11111111,-6.1035156E-05 -6.1035156E-05 -6.1035156E-05 -6.1035156E-05,-0.0011111111 -0.0011111111 -0.0011111111,-0.01 -0.01 -0.01,-1 -1 -1,255
255,11111111,11111111,-6.1035156E-05 -6.1035156E-05 -6.1035156E-05 -6.1035156E-05,-0.0011111111 -0.0011111111 -0.0011111111,-0.01 -0.01 -0.01,-1 -1 -1,255
255,11111111,11111111,-6.1035156E-05 -6.1035156E-05 -6.1035156E-05 -6.1035156E-05,-0.0011111111 -0.0011111111 -0.0011111111,-0.01 -0.01 -0.01,-1 -1 -1,255
255,11111111,11111111,-6.1035156E-05 -6.1035156E-05 -6.1035156E-05 -6.1035156E-05,-0.0011111111 -0.0011111111 -0.0011111111,-0.01 -0.01 -0.01,-1 -1 -1,255
255,11111111,11111111,-6.1035156E-05 -6.1035156E-05 -6.1035156E-05 -6.1035156E-05,-0.0011111111 -0.0011111111 -0.0011111111,-0.01 -0.01 -0.01,-1 -1 -1,255
255,11111111,11111111,-6.1035156E-05 -6.1035156E-05 -6.1035156E-05 -6.1035156E-05,-0.0011111111 -0.0011111111 -0.0011111111,-0.01 -0.01 -0.01,-1 -1 -1,255
255,11111111,11111111,-6.1035156E-05 -6.1035156E-05 -6.1035156E-05 -6.1035156E-05,-0.0011111111 -0.0011111111 -0.0011111111,-0.01 -0.01 -0.01,-1 -1 -1,255
255,11111111,11111111,-6.1035156E-05 -6.1035156E-05 -6.1035156E-05 -6.1035156E-05,-0.0011111111 -0.0011111111 -0.0011111111,-0.01 -0.01 -0.01,-1 -1 -1,255
255,11111111,11111111,-6.1035156E-05 -6.1035156E-05 -6.1035156E-05 -6.1035156E-05,-0.0011111111 -0.0011111111 -0.0011111111,-0.01 -0.01 -0.01,-1 -1 -1,255
255,11111111,11111111,-6.1035156E-05 -6.1035156E-05 -6.1035156E-05 -6.1035156E-05,-0.0011111111 -0.0011111111 -0.0011111111,-0.01 -0.01 -0.01,-1 -1 -1,255
255,11111111,11111111,-6.1035156E-05 -6.1035156E-05 -6.1035156E-05 -6.1035156E-05,-0.0011111111 -0.0011111111 -0.0011111111,-0.01 -0.01 -0.01,-1 -1 -1,255
255,11111111,11111111,-6.1035156E-05 -6.1035156E-05 -6.1035156E-05 -6.1035156E-05,-0.0011111111 -0.0011111111 -0.0011111111,-0.01 -0.01 -0.01,-1 -1 -1,255
255,11111111,11111111,-6.1035156E-05 -6.1035156E-05 -6.1035156E-05 -6.1035156E-05,-0.0011111111 -0.0011111111 -0.0011111111,-0.01 -0.01 -0.01,-1 -1 -1,255
255,11111111,11111111,-6.1035156E-05 -6.1035156E-05 -6.1035156E-05 -6.1035156E-05,-0.0011111111 -0.0011111111 -0.0011111111,-0.01 -0.01 -0.01,-1 -1 -1,255
255,11111111,11111111,-6.1035156E-05 -6.1035156E-05 -6.1035156E-05 -6.1035156E-05,-0.0011111111 -0.0011111111 -0.0011111111,-0.01 -0.01 -0.01,-1 -1 -1,255
255,11111111,11111111,-6.1035156E-05 -6.1035156E-05 -6.1035156E-05 -6.1035156E-05,-0.0011111111 -0.0011111111 -0.0011111111,-0.01 -0.01 -0.01,-1 -1 -1,255
255,11111111,11111111,-6.1035156E-05 -6.1035156E-05 -6.1035156E-05 -6.1035156E-05,-0.0011111111 -0.0011111111 -0.0011111111,-0.01 -0.01 -0.01,-1 -1 -1,255
255,11111111,11111111,-6.1035156E-05 -6.1035156E-05 -6.1035156E-05 -6.1035156E-05,-0.0011111111 -0.0011111111 -0.0011111111,-0.01 -0.01 -0.01,-1 -1 -1,255
255,11111111,11111111,-6.1035156E-05 -6.1035156E-05 -6.1035156E-05 -6.1035156E-05,-0.0011111111 -0.0011111111 -0.0011111111,-0.01 -0.01 -0.01,-1 -1 -1,255
255,11111111,11111111,-6.1035156E-05 -6.1035156E-05 -6.1035156E-05 -6.1035156E-05,-0.0011111111 -0.0011111111 -0.0011111111,-0.01 -0.01 -0.01,-1 -1 -1,255
255,11111111,11111111,-6.1035156E-05 -6.1035156E-05 -6.1035156E-05 -6.1035156E-05,-0.0011111111 -0.0011111111 -0.0011111111,-0.01 -0.01 -0.01,-1 -1 -1,255
255,11111111,11111111,-6.1035156E-05 -6.1035156E-05 -6.1035156E-05 -6.1035156E-05,-0.0011111111 -0.0011111111 -0.0011111111,-0.01 -0.01 -0.01,-1 -1 -1,255
255,11111111,11111111,-6.1035156E-05 -6.1035156E-05 -6.1035156E-05 -6.1035156E-05,-0.0011111111 -0.0011111111 -0.0011111111,-0.01 -0.01 -0.01,-1 -1 -1,255
255,11111111,11111111,-6.1035156E-05 -6.1035156E-05 -6.1035156E-05 -6.1035156E-05,-0.0011111111 -0.0011111111 -0.0011111111,-0.01 -0.01 -0.01,-1 -1 -1,255
255,11111111,11111111,-6.1035156E-05 -6.1035156E-05 -6.1035156E-05 -6.1035156E-05,-0.0011111111 -0.0011111111 -0.0011111111,-0.01 -0.01 -0.01,-1 -1 -1,255
255,11111111,11111111,-6.1035156E-05 -6.1035156E-05 -6.1035156E-05 -6.1035156E-05,-0.0011111111 -0.0011111111 -0.0011111111,-0.01 -0.01 -0.01,-1 -1 -1,255
255,11111111,11111111,-6.1035156E-05 -6.1035156E-05 -6.1035156E-05 -6.1035156E-05,-0.0011111111 -0.0011111111 -0.0011111111,-0.01 -0.01 -0.01,-1 -1 -1,255
255,11111111,11111111,-6.1035156E-05 -6.1035156E-05 -6.1035156E-05 -6.1035156E-05,-0.0011111111 -0.0011111111 -0.0011111111,-0.01 -0.01 -0.01,-1 -1 -1,255
255,11111111,11111111,-6.1035156E-05 -6.1035156E-05 -6.1035156E-05 -6.1035156E-05,-0.0011111111 -0.0011111111 -0.0011111111,-0.01 -0.01 -0.01,-1 -1 -1,255
255,11111111,11111111,-6.1035156E-05 -6.1035156E-05 -6.1035156E-05 -6.1035156E-05,-0.0011111111 -0.0011111111 -0.0011111111,-0.01 -0.01 -0.01,-1 -1 -1,255
255,11111111,11111111,-6.1035156E-05 -6.1035156E-05 -6.1035156E-05 -6.1035156E-05,-0.0011111111 -0.0011111111 -0.0011111111,-0.01 -0.01 -0.01,-1 -1 -1,255
255,11111111,11111111,-6.1035156E-05 -6.1035156E-05 -6.1035156E-05 -6.1035156E-05,-0.0011111111 -0.0011111111 -0.0011111111,-0.01 -0.01 -0.01,-1 -1 -1,255
255,11111111,11111111,-6.1035156E-05 -6.1035156E-05 -6.1035156E-05 -6.1035156E-05,-0.0011111111 -0.0011111111 -0.0011111111,-0.01 -0.01 -0.01,-1 -1 -1,255
255,11111111,11111111,-6.1035156E-05 -6.1035156E-05 -6.1035156E-05 -6.1035156E-05,-0.0011111111 -0.0011111111 -0.0011111111,-0.01 -0.01 -0.01,-1 -1 -1,255
255,11111111,11111111,-6.1035156E-05 -6.1035156E-05 -6.1035156E-05 -6.1035156E-05,-0.0011111111 -0.0011111111 -0.0011111111,-0.01 -0.01 -0.01,-1 -1 -1,255
255,11111111,11111111,-6.1035156E-05 -6.1035156E-05 -6.1035156E-05 -6.1035156E-05,-0.0011111111 -0.0011111111 -0.0011111111,-0.01 -0.01 -0.01,-1 -1 -1,255
255,11111111,11111111,-6.1035156E-05 -6.1035156E-05 -6.1035156E-05 -6.1035156E-05,-0.0011111111 -0.0011111111 -0.0011111111,-0.01 -0.01 -0.01,-1 -1 -1,255
255,11111111,11111111,-6.1035156E-05 -6.1035156E-05 -6.1035156E-05 -6.1035156E-05,-0.0011111111 -0.0011111111 -0.0011111111,-0.01 -0.01 -0.01,-1 -1 -1,255
255,11111111,11111111,-6.1035156E-05 -6.1035156E-05 -6.1035156E-05 -6.1035156E-05,-0.0011111111 -0.0011111111 -0.0011111111,-0.01 -0.01 -0.01,-1 -1 -1,255
255,11111111,11111111,-6.1035156E-05 -6.1035156E-05 -6.1035156E-05 -6.1035156E-05,-0.0011111111 -0.0011111111 -0.0011111111,-0.01 -0.01 -0.01,-1 -1 -1,255
255,11111111,11111111,-6.1035156E-05 -6.1035156E-05 -6.1035156E-05 -6.1035156E-05,-0.0011111111 -0.0011111111 -0.0011111111,-0.01 -0.01 -0.01,-1 -1 -1,255
255,11111111,11111111,-6.1035156E-05 -6.1035156E-05 -6.1035156E-05 -6.1035156E-05,-0.0011111111 -0.0011111111 -0.0011111111,-0.01 -0.01 -0.01,-1 -1 -1,255
255,11111111,11111111,-6.1035156E-05 -6.1035156E-05 -6.1035156E-05 -6.1035156E-05,-0.0011111111 -0.0011111111 -0.0011111111,-0.01 -0.01 -0.01,-1 -1 -1,255
255,11111111,11111111,-6.1035156E-05 -6.1035156E-05 -6.1035156E-05 -6.1035156E-05,-0.0011111111 -0.0011111111 -0.0011111111,-0.01 -0.01 -0.01,-1 -1 -1,255
255,11111111,11111111,-6.1035156E-05 -6.1035156E-05 -6.1035156E-05 -6.1035156E-05,-0.0011111111 -0.0011111111 -0.0011111111,-0.01 -0.01 -0.01,-1 -1 -1,255
255,11111111,11111111,-6.1035156E-05 -6.1035156E-05 -6.1035156E-05 -6.1035156E-05,-0.0011111111 -0.0011111111 -0.0011111111,-0.01 -0.01 -0.01,-1 -1 -1,255
255,11111111,11111111,-6.1035156E-05 -6.1035156E-05 -6.1035156E-05 -6.1035156E-05,-0.0011111111 -0.0011111111 -0.0011111111,-0.01 -0.01 -0.01,-1 -1 -1,255
255,11111111,11111111,-6.1035156E-05 -6.1035156E-05 -6.1035156E-05 -6.1035156E-05,-0.0011111111 -0.0011111111 -0.0011111111,-0.01 -0.01 -0.01,-1 -1 -1,255
255,11111111,11111111,-6.1035156E-05 -6.1035156E-05 -6.1035156E-05 -6.1035156E-05,-0.0011111111 -0.0011111111 -0.0011111111,-0.01 -0.01 -0.01,-1 -1 -1,255
255,11111111,11111111,-6.1035156E-05 -6.1035156E-05 -6.1035156E-05 -6.1035156E-05,-0.0011111111 -0.0011111111 -0.0011111111,-0.01 -0.01 -0.01,-1 -1 -1,255
255,11111111,11111111,-6.1035156E-05 -6.1035156E-05 -6.1035156E-05 -6.1035156E-05,-0.0011111111 -0.0011111111 -0.0011111111,-0.01 -0.01 -0.01,-1 -1 -1,255
255,11111111,11111111,-6.1035156E-05 -6.1035156E-05 -6.1035156E-05 -6.1035156E-05,-0.0011111111 -0.0011111111 -0.0011111111,-0.01 -0.01 -0.01,-1 -1 -1,255
255,11111111,11111111,-6.1035156E-05 -6.1035156E-05 -6.1035156E-05 -6.1035156E-05,-0.0011111111 -0.0011111111 -0.0011111111,-0.01 -0.01 -0.01,-1 -1 -1,255
255,11111111,11111111,-6.1035156E-05 -6.1035156E-05 -6.1035156E-05 -6.1035156E-05,-0.0011111111 -0.0011111111 -0.0011111111,-0.01 -0.01 -0.01,-1 -1 -1,255
255,11111111,11111111,-6.1035156E-05 -6.1035156E-05 -6.1035156E-05 -6.1035156E-05,-0.0011111111 -0.0011111111 -0.0011111111,-0.01 -0.01 -0.01,-1 -1 -1,255
255,11111111,11111111,-6.1035156E-05 -6.1035156E-05 -6.1035156E-05 -6.1035156E-05,-0.0011111111 -0.0011111111 -0.0011111111,-0.01 -0.01 -0.01,-1 -1 -1,255
255,11111111,11111111,-6.1035156E-05 -6.1035156E-05 -6.1035156E-05 -6.1035156E-05,-0.0011111111 -0.0011111111 -0.0011111111,-0.01 -0.01 -0.01,-1 -1 -1,255
255,11111111,11111111,-6.1035156E-05 -6.1035156E-05 -6.1035156E-05 -6.1035156E-05,-0.0011111111 -0.0011111111 -0.0011111111,-0.01 -0.01 -0.01,-1 -1 -1,255
255,11111111,11111111,-6.1035156E-05 -6.1035156E-05 -6.1035156E-05 -6.1035156E-05,-0.0011111111 -0.0011111111 -0.0011111111,-0.01 -0.01 -0.01,-1 -1 -1,255
255,11111111,11111111,-6.1035156E-05 -6.1035156E-05 -6.1035156E-05 -6.1035156E-05,-0.0011111111 -0.0011111111 -0.0011111111,-0.01 -0.01 -0.01,-1 -1 -1,255
255,11111111,11111111,-6.1035156E-05 -6.1035156E-05 -6.1035156E-05 -6.1035156E-05,-0.0011111111 -0.0011111111 -0.0011111111,-0.01 -0.01 -0.01,-1 -1 -1,255
255,11111111,11111111,-6.1035156E-05 -6.1035156E-05 -6.1035156E-05 -6.1035156E-05,-0.0011111111 -0.0011111111 -0.0011111111,-0.01 -0.01 -0.01,-1 -1 -1,255
255,11111111,11111111,-6.1035156E-05 -6.1035156E-05 -6.1035156E-05 -6.1035156E-05,-0.0011111111 -0.0011111111 -0.0011111111,-0.01 -0.01 -0.01,-1 -1 -1,255
255,11111111,11111111,-6.1035156E-05 -6.1035156E-05 -6.1035156E-05 -6.1035156E-05,-0.0011111111 -0.0011111111 -0.0011111111,-0.01 -0.01 -0.01,-1 -1 -1,255
255,11111111,11111111,-6.1035156E-05 -6.1035156E-05 -6.1035156E-05 -6.1035156E-05,-0.0011111111 -0.0011111111 -0.0011111111,-0.01 -0.01 -0.01,-1 -1 -1,255
255,11111111,11111111,-6.1035156E-05 -6.1035156E-05 -6.1035156E-05 -6.1035156E-05,-0.0011111111 -0.0011111111 -0.0011111111,-0.01 -0.01 -0.01,-1 -1 -1,255
255,11111111,11111111,-6.1035156E-05 -6.1035156E-05 -6.1035156E-05 -6.1035156E-05,-0.0011111111 -0.0011111111 -0.0011111111,-0.01 -0.01 -0.01,-1 -1 -1,255
255,11111111,11111111,-6.1035156E-05 -6.1035156E-05 -6.1035156E-05 -6.1035156E-05,-0.0011111111 -0.0011111111 -0.0011111111,-0.01 -0.01 -0.01,-1 -1 -1,255
255,11111111,11111111,-6.1035156E-05 -6.1035156E-05 -6.1035156E-05 -6.1035156E-05,-0.0011111111 -0.0011111111 -0.0011111111,-0.01 -0.01 -0.01,-1 -1 -1,255
255,11111111,11111111,-6.1035156E-05 -6.1035156E-05 -6.1035156E-05 -6.1035156E-05,-0.0011111111 -0.0011111111 -0.0011111111,-0.01 -0.01 -0.01,-1 -1 -1,255
255,11111111,11111111,-6.1035156E-05 -6.1035156E-05 -6.1035156E-05 -6.1035156E-05,-0.0011111111 -0.0011111111 -0.0011111111,-0.01 -0.01 -0.01,-1 -1 -1,255
255,11111111,11111111,-6.1035156E-05 -6.1035156E-05 -6.1035156E-05 -6.1035156E-05,-0.0011111111 -0.0011111111 -0.0011111111,-0.01 -0.01 -0.01,-1 -1 -1,255
255,11111111,11111111,-6.1035156E-05 -6.1035156E-05 -6.1035156E-05 -6.1035156E-05,-0.0011111111 -0.0011111111 -0.0011111111,-0.01 -0.01 -0.01,-1 -1 -1,255
255,11111111,11111111,-6.1035156E-05 -6.1035156E-05 -6.1035156E-05 -6.1035156E-05,-0.0011111111 -0.0011111111 -0.0011111111,-0.01 -0.01 -0.01,-1 -1 -1,255
255,11111111,11111111,-6.1035156E-05 -6.1035156E-05 -6.1035156E-05 -6.1035156E-05,-0.0011111111 -0.0011111111 -0.0011111111,-0.01 -0.01 -0.01,-1 -1 -1,255
255,11111111,11111111,-6.1035156E-05 -6.1035156E-05 -6.1035156E-05 -6.1035156E-05,-0.0011111111 -0.0011111111 -0.0011111111,-0.01 -0.01 -0.01,-1 -1 -1,255
255,11111111,11111111,-6.1035156E-05 -6.1035156E-05 -6.1035156E-05 -6.1035156E-05,-0.0011111111 -0.0011111111 -0.0011111111,-0.01 -0.01 -0.01,-1 -1 -1,255
255,11111111,11111111,-6.1035156E-05 -6.1035156E-05 -6.1035156E-05 -6.1035156E-05,-0.0011111111 -0.0011111111 -0.0011111111,-0.01 -0.01 -0.01,-1 -1 -1,255
255,11111111,11111111,-6.1035156E-05 -6.1035156E-05 -6.1035156E-05 -6.1035156E-05,-0.0011111111 -0.0011111111 -0.0011111111,-0.01 -0.01 -0.01,-1 -1 -1,255
255,11111111,11111111,-6.1035156E-05 -6.1035156E-05 -6.1035156E-05 -6.1035156E-05,-0.0011111111 -0.0011111111 -0.0011111111,-0.01 -0.01 -0.01,-1 -1 -1,255
255,11111111,11111111,-6.1035156E-05 -6.1035156E-05 -6.1035156E-05 -6.1035156E-05,-0.0011111111 -0.0011111111 -0.0011111111,-0.01 -0.01 -0.01,-1 -1 -1,255
255,11111111,11111111,-6.1035156E-05 -6.1035156E-05 -6.1035156E-05 -6.1035156E-05,-0.0011111111 -0.0011111111 -0.0011111111,-0.01 -0.01 -0.01,-1 -1 -1,255
255,11111111,11111111,-6.1035156E-05 -6.1035156E-05 -6.1035156E-05 -6.1035156E-05,-0.0011111111 -0.0011111111 -0.0011111111,-0.01 -0.01 -0.01,-1 -1 -1,255
255,11111111,11111111,-6.1035156E-05 -6.1035156E-05 -6.1035156E-05 -6.1035156E-05,-0.0011111111 -0.0011111111 -0.0011111111,-0.01 -0.01 -0.01,-1 -1 -1,255
255,11111111,11111111,-6.1035156E-05 -6.1035156E-05 -6.1035156E-05 -6.1035156E-05,-0.0011111111 -0.0011111111 -0.0011111111,-0.01 -0.01 -0.01,-1 -1 -1,255
255,11111111,11111111,-6.1035156E-05 -6.1035156E-05 -6.1035156E-05 -6.1035156E-05,-0.0011111111 -0.0011111111 -0.0011111111,-0.01 -0.01 -0.01,-1 -1 -1,255
255,11111111,11111111,-6.1035156E-05 -6.1035156E-05 -6.1035156E-05 -6.1035156E-05,-0.0011111111 -0.0011111111 -0.0011111111,-0.01 -0.01 -0.01,-1 -1 -1,255
255,11111111,11111111,-6.1035156E-05 -6.1035156E-05 -6.1035156E-05 -6.1035156E-05,-0.0011111111 -0.0011111111 -0.0011111111,-0.01 -0.01 -0.01,-1 -1 -1,255
255,11111111,11111111,-6.1035156E-05 -6.1035156E-05 -6.1035156E-05 -6.1035156E-05,-0.0011111111 -0.0011111111 -0.0011111111,-0.01 -0.01 -0.01,-1 -1 -1,255
255,11111111,11111111,-6.1035156E-05 -6.1035156E-05 -6.1035156E-05 -6.1035156E-05,-0.0011111111 -0.0011111111 -0.0011111111,-0.01 -0.01 -0.01,-1 -1 -1,255
255,11111111,11111111,-6.1035156E-05 -6.1035156E-05 -6.1035156E-05 -6.1035156E-05,-0.0011111111 -0.0011111111 -0.0011111111,-0.01 -0.01 -0.01,-1 -1 -1,255
255,11111111,11111111,-6.1035156E-05 -6.1035156E-05 -6.1035156E-05 -6.1035156E-05,-0.0011111111 -0.0011111111 -0.0011111111,-0.01 -0.01 -0.01,-1 -1 -1,255
255,11111111,11111111,-6.1035156E-05 -6.1035156E-05 -6.1035156E-05 -6.1035156E-05,-0.0011111111 -0.0011111111 -0.0011111111,-0.01 -0.01 -0.01,-1 -1 -1,255
255,11111111,11111111,-6.1035156E-05 -6.1035156E-05 -6.1035156E-05 -6.1035156E-05,-0.0011111111 -0.0011111111 -0.0011111111,-0.01 -0.01 -0.01,-1 -1 -1,255
255,11111111,11111111,-6.1035156E-05 -6.1035156E-05 -6.1035156E-05 -6.1035156E-05,-0.0011111111 -0.0011111111 -0.0011111111,-0.01 -0.01 -0.01,-1 -1 -1,255
255,11111111,11111111,-6.1035156E-05 -6.1035156E-05 -6.1035156E-05 -6.1035156E-05,-0.0011111111 -0.0011111111 -0.0011111111,-0.01 -0.01 -0.01,-1 -1 -1,255
255,11111111,11111111,-6.1035156E-05 -6.1035156E-05 -6.1035156E-05 -6.1035156E-05,-0.0011111111 -0.0011111111 -0.0011111111,-0.01 -0.01 -0.01,-1 -1 -1,255
255,11111111,11111111,-6.1035156E-05 -6.1035156E-05 -6.1035156E-05 -6.1035156E-05,-0.0011111111 -0.0011111111 -0.0011111111,-0.01 -0.01 -0.01,-1 -1 -1,255
255,11111111,11111111,-6.1035156E-05 -6.1035156E-05 -6.1035156E-05 -6.1035156E-05,-0.0011111111 -0.0011111111 -0.0011111111,-0.01 -0.01 -0.01,-1 -1 -1,255
255,11111111,11111111,-6.1035156E-05 -6.1035156E-05 -6.1035156E-05 -6.1035156E-05,-0.0011111111 -0.0011111111 -0.0011111111,-0.01 -0.01 -0.01,-1 -1 -1,255
255,11111111,11111111,-6.1035156E-05 -6.1035156E-05 -6.1035156E-05 -6.1035156E-05,-0.0011111111 -0.0011111111 -0.0011111111,-0.01 -0.01 -0.01,-1 -1 -1,255
255,11111111,11111111,-6.1035156E-05 -6.1035156E-05 -6.1035156E-05 -6.1035156E-05,-0.0011111111 -0.0011111111 -0.0011111111,-0.01 -0.01 -0.01,-1 -1 -1,255
255,11111111,11111111,-6.1035156E-05 -6.1035156E-05 -6.1035156E-05 -6.1035156E-05,-0.0011111111 -0.0011111111 -0.0011111111,-0.01 -0.01 -0.01,-1 -1 -1,255
255,11111111,11111111,-6.1035156E-05 -6.1035156E-05 -6.1035156E-05 -6.1035156E-05,-0.0011111111 -0.0011111111 -0.0011111111,-0.01 -0.01 -0.01,-1 -1 -1,255
255,11111111,11111111,-6.1035156E-05 -6.1035156E-05 -6.1035156E-05 -6.1035156E-05,-0.0011111111 -0.0011111111 -0.0011111111,-0.01 -0.01 -0.01,-1 -1 -1,255
255,11111111,11111111,-6.1035156E-05 -6.1035156E-05 -6.1035156E-05 -6.1035156E-05,-0.0011111111 -0.0011111111 -0.0011111111,-0.01 -0.01 -0.01,-1 -1 -1,255
255,11111111,11111111,-6.1035156E-05 -6.1035156E-05 -6.1035156E-05 -6.1035156E-05,-0.0011111111 -0.0011111111 -0.0011111111,-0.01 -0.01 -0.01,-1 -1 -1,255
255,11111111,11111111,-6.1035156E-05 -6.1035156E-05 -6.1035156E-05 -6.1035156E-05,-0.0011111111 -0.0011111111 -0.0011111111,-0.01 -0.01 -0.01,-1 -1 -1,255
255,11111111,11111111,-6.1035156E-05 -6.1035156E-05 -6.1035156E-05 -6.1035156E-05,-0.0011111111 -0.0011111111 -0.0011111111,-0.01 -0.01 -0.01,-1 -1 -1,255
255,11111111,11111111,-6.1035156E-05 -6.1035156E-05 -6.1035156E-05 -6.1035156E-05,-0.0011111111 -0.0011111111 -0.0011111111,-0.01 -0.01 -0.01,-1 -1 -1,255
255,11111111,11111111,-6.1035156E-05 -6.1035156E-05 -6.1035156E-05 -6.1035156E-05,-0.0011111111 -0.0011111111 -0.0011111111,-0.01 -0.01 -0.01,-1 -1 -1,255
255,11111111,11111111,-6.1035156E-05 -6.1035156E-05 -6.1035156E-05 -6.1035156E-05,-0.0011111111 -0.0011111111 -0.0011111111,-0.01 -0.01 -0.01,-1 -1 -1,255
255,11111111,11111111,-6.1035156E-05 -6.1035156E-05 -6.1035156E-05 -6.1035156E-05,-0.0011111111 -0.0011111111 -0.0011111111,-0.01 -0.01 -0.01,-1 -1 -1,255
255,11111111,11111111,-6.1035156E-05 -6.1035156E-05 -6.1035156E-05 -6.1035156E-05,-0.0011111111 -0.0011111111 -0.0011111111,-0.01 -0.01 -0.01,-1 -1 -1,255
255,11111111,11111111,-6.1035156E-05 -6.1035156E-05 -6.1035156E-05 -6.1035156E-05,-0.0011111111 -0.0011111111 -0.0011111111,-0.01 -0.01 -0.01,-1 -1 -1,255
255,11111111,11111111,-6.1035156E-05 -6.1035156E-05 -6.1035156E-05 -6.1035156E-05,-0.0011111111 -0.0011111111 -0.0011111111,-0.01 -0.01 -0.01,-1 -1 -1,255
255,11111111,11111111,-6.1035156E-05 -6.1035156E-05 -6.1035156E-05 -6.1035156E-05,-0.0011111111 -0.0011111111 -0.0011111111,-0.01 -0.01 -0.01,-1 -1 -1,255
255,11111111,11111111,-6.1035156E-05 -6.1035156E-05 -6.1035156E-05 -6.1035156E-05,-0.0011111111 -0.0011111111 -0.0011111111,-0.01 -0.01 -0.01,-1 -1 -1,255
255,11111111,11111111,-6.1035156E-05 -6.1035156E-05 -6.1035156E-05 -6.1035156E-05,-0.0011111111 -0.0011111111 -0.0011111111,-0.01 -0.01 -0.01,-1 -1 -1,255
255,11111111,11111111,-6.1035156E-05 -6.1035156E-05 -6.1035156E-05 -6.1035156E-05,-0.0011111111 -0.0011111111 -0.0011111111,-0.01 -0.01 -0.01,-1 -1 -1,255
255,11111111,11111111,-6.1035156E-05 -6.1035156E-05 -6.1035156E-05 -6.1035156E-05,-0.0011111111 -0.0011111111 -0.0011111111,-0.01 -0.01 -0.01,-1 -1 -1,255
255,11111111,11111111,-6.1035156E-05 -6.1035156E-05 -6.1035156E-05 -6.1035156E-05,-0.0011111111 -0.0011111111 -0.0011111111,-0.01 -0.01 -0.01,-1 -1 -1,255
255,11111111,11111111,-6.1035156E-05 -6.1035156E-05 -6.1035156E-05 -6.1035156E-05,-0.0011111111 -0.0011111111 -0.0011111111,-0.01 -0.01 -0.01,-1 -1 -1,255
255,11111111,11111111,-6.1035156E-05 -6.1035156E-05 -6.1035156E-05 -6.1035156E-05,-0.0011111111 -0.0011111111 -0.0011111111,-0.01 -0.01 -0.01,-1 -1 -1,255
255,11111111,11111111,-6.1035156E-05 -6.1035156E-05 -6.1035156E-05 -6.1035156E-05,-0.0011111111 -0.0011111111 -0.0011111111,-0.01 -0.01 -0.01,-1 -1 -1,255
255,11111111,11111111,-6.1035156E-05 -6.1035156E-05 -6.1035156E-05 -6.1035156E-05,-0.0011111111 -0.0011111111 -0.0011111111,-0.01 -0.01 -0.01,-1 -1 -1,255
255,11111111,11111111,-6.1035156E-05 -6.1035156E-05 -6.1035156E-05 -6.1035156E-05,-0.0011111111 -0.0011111111 -0.0011111111,-0.01 -0.01 -0.01,-1 -1 -1,255
255,11111111,11111111,-6.1035156E-05 -6.1035156E-05 -6.1035156E-05 -6.1035156E-05,-0.0011111111 -0.0011111111 -0.0011111111,-0.01 -0.01 -0.01,-1 -1 -1,255
255,11111111,11111111,-6.1035156E-05 -6.1035156E-05 -6.1035156E-05 -6.1035156E-05,-0.0011111111 -0.0011111111 -0.0011111111,-0.01 -0.01 -0.01,-1 -1 -1,255
255,11111111,11111111,-6.1035156E-05 -6.1035156E-05 -6.1035156E-05 -6.1035156E-05,-0.0011111111 -0.0011111111 -0.0011111111,-0.01 -0.01 -0.01,-1 -1 -1,255
255,11111111,11111111,-6.1035156E-05 -6.1035156E-05 -6.1035156E-05 -6.1035156E-05,-0.0011111111 -0.0011111111 -0.0011111111,-0.01 -0.01 -0.01,-1 -1 -1,255
255,11111111,11111111,-6.1035156E-05 -6.1035156E-05 -6.1035156E-05 -6.1035156E-05,-0.0011111111 -0.0011111111 -0.0011111111,-0.01 -0.01 -0.01,-1 -1 -1,255
255,11111111,11111111,-6.1035156E-05 -6.1035156E-05 -6.1035156E-05 -6.1035156E-05,-0.0011111111 -0.0011111111 -0.0011111111,-0.01 -0.01 -0.01,-1 -1 -1,255
255,11111111,11111111,-6.1035156E-05 -6.1035156E-05 -6.1035156E-05 -6.1035156E-05,-0.0011111111 -0.0011111111 -0.0011111111,-0.01 -0.01 -0.01,-1 -1 -1,255
255,11111111,11111111,-6.1035156E-05 -6.1035156E-05 -6.1035156E-05 -6.1035156E-05,-0.0011111111 -0.0011111111 -0.0011111111,-0.01 -0.01 -0.01,-1 -1 -1,255
255,11111111,11111111,-6.1035156E-05 -6.1035156E-05 -6.1035156E-05 -6.1035156E-05,-0.0011111111 -0.0011111111 -0.0011111111,-0.01 -0.01 -0.01,-1 -1 -1,255
255,11111111,11111111,-6.1035156E-05 -6.1035156E-05 -6.1035156E-05 -6.1035156E-05,-0.0011111111 -0.0011111111 -0.0011111111,-0.01 -0.01 -0.01,-1 -1 -1,255
255,11111111,11111111,-6.1035156E-05 -6.1035156E-05 -6.1035156E-05 -6.1035156E-05,-0.0011111111 -0.0011111111 -0.0011111111,-0.01 -0.01 -0.01,-1 -1 -1,255
255,11111111,11111111,-6.1035156E-05 -6.1035156E-05 -6.1035156E-05 -6.1035156E-05,-0.0011111111 -0.0011111111 -0.0011111111,-0.01 -0.01 -0.01,-1 -1 -1,255
255,11111111,11111111,-6.1035156E-05 -6.1035156E-05 -6.1035156E-05 -6.1035156E-05,-0.0011111111 -0.0011111111 -0.0011111111,-0.01 -0.01 -0.01,-1 -1 -1,255
255,11111111,11111111,-6.1035156E-05 -6.1035156E-05 -6.1035156E-05 -6.1035156E-05,-0.0011111111 -0.0011111111 -0.0011111111,-0.01 -0.01 -0.01,-1 -1 -1,255
255,11111111,11111111,-6.1035156E-05 -6.1035156E-05 -6.1035156E-05 -6.1035156E-05,-0.0011111111 -0.0011111111 -0.0011111111,-0.01 -0.01 -0.01,-1 -1 -1,255
255,11111111,11111111,-6.1035156E-05 -6.1035156E-05 -6.1035156E-05 -6.1035156E-05,-0.0011111111 -0.0011111111 -0.0011111111,-0.01 -0.01 -0.01,-1 -1 -1,255
255,11111111,11111111,-6.1035156E-05 -6.1035156E-05 -6.1035156E-05 -6.1035156E-05,-0.0011111111 -0.0011111111 -0.0011111111,-0.01 -0.01 -0.01,-1 -1 -1,255
255,11111111,11111111,-6.1035156E-05 -6.1035156E-05 -6.1035156E-05 -6.1035156E-05,-0.0011111111 -0.0011111111 -0.0011111111,-0.01 -0.01 -0.01,-1 -1 -1,255
255,11111111,11111111,-6.1035156E-05 -6.1035156E-05 -6.1035156E-05 -6.1035156E-05,-0.0011111111 -0.0011111111 -0.0011111111,-0.01 -0.01 -0.01,-1 -1 -1,255
255,11111111,11111111,-6.1035156E-05 -6.1035156E-05 -6.1035156E-05 -6.1035156E-05,-0.0011111111 -0.0011111111 -0.0011111111,-0.01 -0.01 -0.01,-1 -1 -1,255
255,11111111,11111111,-6.1035156E-05 -6.1035156E-05 -6.1035156E-05 -6.1035156E-05,-0.0011111111 -0.0011111111 -0.0011111111,-0.01 -0.01 -0.01,-1 -1 -1,255
255,11111111,11111111,-6.1035156E-05 -6.1035156E-05 -6.1035156E-05 -6.1035156E-05,-0.0011111111 -0.0011111111 -0.0011111111,-0.01 -0.01 -0.01,-1 -1 -1,255
255,11111111,11111111,-6.1035156E-05 -6.1035156E-05 -6.1035156E-05 -6.1035156E-05,-0.0011111111 -0.0011111111 -0.0011111111,-0.01 -0.01 -0.01,-1 -1 -1,255
255,11111111,11111111,-6.1035156E-05 -6.1035156E-05 -6.1035156E-05 -6.1035156E-05,-0.0011111111 -0.0011111111 -0.0011111111,-0.01 -0.01 -0.01,-1 -1 -1,255
255,11111111,11111111,-6.1035156E-05 -6.1035156E-05 -6.1035156E-05 -6.1035156E-05,-0.0011111111 -0.0011111111 -0.0011111111,-0.01 -0.01 -0.01,-1 -1 -1,255
255,11111111,11111111,-6.1035156E-05 -6.1035156E-05 -6.1035156E-05 -6.1035156E-05,-0.0011111111 -0.0011111111 -0.0011111111,-0.01 -0.01 -0.01,-1 -1 -1,255
255,11111111,11111111,-6.1035156E-05 -6.1035156E-05 -6.1035156E-05 -6.1035156E-05,-0.0011111111 -0.0011111111 -0.0011111111,-0.01 -0.01 -0.01,-1 -1 -1,255
255,11111111,11111111,-6.1035156E-05 -6.1035156E-05 -6.1035156E-05 -6.1035156E-05,-0.0011111111 -0.0011111111 -0.0011111111,-0.01 -0.01 -0.01,-1 -1 -1,255
255,11111111,11111111,-6.1035156E-05 -6.1035156E-05 -6.1035156E-05 -6.1035156E-05,-0.0011111111 -0.0011111111 -0.0011111111,-0.01 -0.01 -0.01,-1 -1 -1,255
255,11111111,11111111,-6.1035156E-05 -6.1035156E-05 -6.1035156E-05 -6.1035156E-05,-0.0011111111 -0.0011111111 -0.0011111111,-0.01 -0.01 -0.01,-1 -1 -1,255
255,11111111,11111111,-6.1035156E-05 -6.1035156E-05 -6.1035156E-05 -6.1035156E-05,-0.0011111111 -0.0011111111 -0.0011111111,-0.01 -0.01 -0.01,-1 -1 -1,255
255,11111111,11111111,-6.1035156E-05 -6.1035156E-05 -6.1035156E-05 -6.1035156E-05,-0.0011111111 -0.0011111111 -0.0011111111,-0.01 -0.01 -0.01,-1 -1 -1,255
255,11111111,11111111,-6.1035156E-05 -6.1035156E-05 -6.1035156E-05 -6.1035156E-05,-0.0011111111 -0.0011111111 -0.0011111111,-0.01 -0.01 -0.01,-1 -1 -1,255
255,11111111,11111111,-6.1035156E-05 -6.1035156E-05 -6.1035156E-05 -6.1035156E-05,-0.0011111111 -0.0011111111 -0.0011111111,-0.01 -0.01 -0.01,-1 -1 -1,255
255,11111111,11111111,-6.1035156E-05 -6.1035156E-05 -6.1035156E-05 -6.1035156E-05,-0.0011111111 -0.0011111111 -0.0011111111,-0.01 -0.01 -0.01,-1 -1 -1,255
255,11111111,11111111,-6.1035156E-05 -6.1035156E-05 -6.1035156E-05 -6.1035156E-05,-0.0011111111 -0.0011111111 -0.0011111111,-0.01 -0.01 -0.01,-1 -1 -1,255
255,11111111,11111111,-6.1035156E-05 -6.1035156E-05 -6.1035156E-05 -6.1035156E-05,-0.0011111111 -0.0011111111 -0.0011111111,-0.01 -0.01 -0.01,-1 -1 -1,255
255,11111111,11111111,-6.1035156E-05 -6.1035156E-05 -6.1035156E-05 -6.1035156E-05,-0.0011111111 -0.0011111111 -0.0011111111,-0.01 -0.01 -0.01,-1 -1 -1,255
255,11111111,11111111,-6.1035156E-05 -6.1035156E-05 -6.1035156E-05 -6.1035156E-05,-0.0011111111 -0.0011111111 -0.0011111111,-0.01 -0.01 -0.01,-1 -1 -1,255
255,11111111,11111111,-6.1035156E-05 -6.1035156E-05 -6.1035156E-05 -6.1035156E-05,-0.0011111111 -0.0011111111 -0.0011111111,-0.01 -0.01 -0.01,-1 -1 -1,255
255,11111111,11111111,-6.1035156E-05 -6.1035156E-05 -6.1035156E-05 -6.1035156E-05,-0.0011111111 -0.0011111111 -0.0011111111,-0.01 -0.01 -0.01,-1 -1 -1,255
255,11111111,11111111,-6.1035156E-05 -6.1035156E-05 -6.1035156E-05 -6.1035156E-05,-0.0011111111 -0.0011111111 -0.0011111111,-0.01 -0.01 -0.01,-1 -1 -1,255
255,11111111,11111111,-6.1035156E-05 -6.1035156E-05 -6.1035156E-05 -6.1035156E-05,-0.0011111111 -0.0011111111 -0.0011111111,-0.01 -0.01 -0.01,-1 -1 -1,255
255,11111111,11111111,-6.1035156E-05 -6.1035156E-05 -6.1035156E-05 -6.1035156E-05,-0.0011111111 -0.0011111111 -0.0011111111,-0.01 -0.01 -0.01,-1 -1 -1,255
255,11111111,11111111,-6.1035156E-05 -6.1035156E-05 -6.1035156E-05 -6.1035156E-05,-0.0011111111 -0.0011111111 -0.0011111111,-0.01 -0.01 -0.01,-1 -1 -1,255
255,11111111,11111111,-6.1035156E-05 -6.1035156E-05 -6.1035156E-05 -6.1035156E-05,-0.0011111111 -0.0011111111 -0.0011111111,-0.01 -0.01 -0.01,-1 -1 -1,255
255,11111111,11111111,-6.1035156E-05 -6.1035156E-05 -6.1035156E-05 -6.1035156E-05,-0.0011111111 -0.0011111111 -0.0011111111,-0.01 -0.01 -0.01,-1 -1 -1,255
255,11111111,11111111,-6.1035156E-05 -6.1035156E-05 -6.1035156E-05 -6.1035156E-05,-0.0011111111 -0.0011111111 -0.0011111111,-0.01 -0.01 -0.01,-1 -1 -1,255
255,11111111,11111111,-6.1035156E-05 -6.1035156E-05 -6.1035156E-05 -6.1035156E-05,-0.0011111111 -0.0011111111 -0.0011111111,-0.01 -0.01 -0.01,-1 -1 -1,255
255,11111111,11111111,-6.1035156E-05 -6.1035156E-05 -6.1035156E-05 -6.1035156E-05,-0.0011111111 -0.0011111111 -0.0011111111,-0.01 -0.01 -0.01,-1 -1 -1,255
255,11111111,11111111,-6.1035156E-05 -6.1035156E-05 -6.1035156E-05 -6.1035156E-05,-0.0011111111 -0.0011111111 -0.0011111111,-0.01 -0.01 -0.01,-1 -1 -1,255
255,11111111,11111111,-6.1035156E-05 -6.1035156E-05 -6.1035156E-05 -6.1035156E-05,-0.0011111111 -0.0011111111 -0.0011111111,-0.01 -0.01 -0.01,-1 -1 -1,255
255,11111111,11111111,-6.1035156E-05 -6.1035156E-05 -6.1035156E-05 -6.1035156E-05,-0.0011111111 -0.0011111111 -0.0011111111,-0.01 -0.01 -0.01,-1 -1 -1,255
255,11111111,11111111,-6.1035156E-05 -6.1035156E-05 -6.1035156E-05 -6.1035156E-05,-0.0011111111 -0.0011111111 -0.0011111111,-0.01 -0.01 -0.01,-1 -1 -1,255
255,11111111,11111111,-6.1035156E-05 -6.1035156E-05 -6.1035156E-05 -6.1035156E-05,-0.0011111111 -0.0011111111 -0.0011111111,-0.01 -0.01 -0.01,-1 -1 -1,255
255,11111111,11111111,-6.1035156E-05 -6.1035156E-05 -6.1035156E-05 -6.1035156E-05,-0.0011111111 -0.0011111111 -0.0011111111,-0.01 -0.01 -0.01,-1 -1 -1,255
255,11111111,11111111,-6.1035156E-05 -6.1035156E-05 -6.1035156E-05 -6.1035156E-05,-0.0011111111 -0.0011111111 -0.0011111111,-0.01 -0.01 -0.01,-1 -1 -1,255
255,11111111,11111111,-6.1035156E-05 -6.1035156E-05 -6.1035156E-05 -6.1035156E-05,-0.0011111111 -0.0011111111 -0.0011111111,-0.01 -0.01 -0.01,-1 -1 -1,255
255,11111111,11111111,-6.1035156E-05 -6.1035156E-05 -6.1035156E-05 -6.1035156E-05,-0.0011111111 -0.0011111111 -0.0011111111,-0.01 -0.01 -0.01,-1 -1 -1,255
255,11111111,11111111,-6.1035156E-05 -6.1035156E-05 -6.1035156E-05 -6.1035156E-05,-0.0011111111 -0.0011111111 -0.0011111111,-0.01 -0.01 -0.01,-1 -1 -1,255
255,11111111,11111111,-6.1035156E-05 -6.1035156E-05 -6.1035156E-05 -6.1035156E-05,-0.0011111111 -0.0011111111 -0.0011111111,-0.01 -0.01 -0.01,-1 -1 -1,255
255,11111111,11111111,-6.1035156E-05 -6.1035156E-05 -6.1035156E-05 -6.1035156E-05,-0.0011111111 -0.0011111111 -0.0011111111,-0.01 -0.01 -0.01,-1 -1 -1,255
255,11111111,11111111,-6.1035156E-05 -6.1035156E-05 -6.1035156E-05 -6.1035156E-05,-0.0011111111 -0.0011111111 -0.0011111111,-0.01 -0.01 -0.01,-1 -1 -1,255
255,11111111,11111111,-6.1035156E-05 -6.1035156E-05 -6.1035156E-05 -6.1035156E-05,-0.0011111111 -0.0011111111 -0.0011111111,-0.01 -0.01 -0.01,-1 -1 -1,255
255,11111111,11111111,-6.1035156E-05 -6.1035156E-05 -6.1035156E-05 -6.1035156E-05,-0.0011111111 -0.0011111111 -0.0011111111,-0.01 -0.01 -0.01,-1 -1 -1,255
255,11111111,11111111,-6.1035156E-05 -6.1035156E-05 -6.1035156E-05 -6.1035156E-05,-0.0011111111 -0.0011111111 -0.0011111111,-0.01 -0.01 -0.01,-1 -1 -1,255
255,11111111,11111111,-6.1035156E-05 -6.1035156E-05 -6.1035156E-05 -6.1035156E-05,-0.0011111111 -0.0011111111 -0.0011111111,-0.01 -0.01 -0.01,-1 -1 -1,255
255,11111111,11111111,-6.1035156E-05 -6.1035156E-05 -6.1035156E-05 -6.1035156E-05,-0.0011111111 -0.0011111111 -0.0011111111,-0.01 -0.01 -0.01,-1 -1 -1,255
255,11111111,11111111,-6.1035156E-05 -6.1035156E-05 -6.1035156E-05 -6.1035156E-05,-0.0011111111 -0.0011111111 -0.0011111111,-0.01 -0.01 -0.01,-1 -1 -1,255
255,11111111,11111111,-6.1035156E-05 -6.1035156E-05 -6.1035156E-05 -6.1035156E-05,-0.0011111111 -0.0011111111 -0.0011111111,-0.01 -0.01 -0.01,-1 -1 -1,255
255,11111111,11111111,-6.1035156E-05 -6.1035156E-05 -6.1035156E-05 -6.1035156E-05,-0.0011111111 -0.0011111111 -0.0011111111,-0.01 -0.01 -0.01,-1 -1 -1,255
255,11111111,11111111,-6.1035156E-05 -6.1035156E-05 -6.1035156E-05 -6.1035156E-05,-0.0011111111 -0.0011111111 -0.0011111111,-0.01 -0.01 -0.01,-1 -1 -1,255
255,11111111,11111111,-6.1035156E-05 -6.1035156E-05 -6.1035156E-05 -6.1035156E-05,-0.0011111111 -0.0011111111 -0.0011111111,-0.01 -0.01 -0.01,-1 -1 -1,255
255,11111111,11111111,-6.1035156E-05 -6.1035156E-05 -6.1035156E-05 -6.1035156E-05,-0.0011111111 -0.0011111111 -0.0011111111,-0.01 -0.01 -0.01,-1 -1 -1,255
255,11111111,11111111,-6.1035156E-05 -6.1035156E-05 -6.1035156E-05 -6.1035156E-05,-0.0011111111 -0.0011111111 -0.0011111111,-0.01 -0.01 -0.01,-1 -1 -1,255
255,11111111,11111111,-6.1035156E-05 -6.1035156E-05 -6.1035156E-05 -6.1035156E-05,-0.0011111111 -0.0011111111 -0.0011111111,-0.01 -0.01 -0.01,-1 -1 -1,255
255,11111111,11111111,-6.1035156E-05 -6.1035156E-05 -6.1035156E-05 -6.1035156E-05,-0.0011111111 -0.0011111111 -0.0011111111,-0.01 -0.01 -0.01,-1 -1 -1,255
255,11111111,11111111,-6.1035156E-05 -6.1035156E-05 -6.1035156E-05 -6.1035156E-05,-0.0011111111 -0.0011111111 -0.0011111111,-0.01 -0.01 -0.01,-1 -1 -1,255
255,11111111,11111111,-6.1035156E-05 -6.1035156E-05 -6.1035156E-05 -6.1035156E-05,-0.0011111111 -0.0011111111 -0.0011111111,-0.01 -0.01 -0.01,-1 -1 -1,255
255,11111111,11111111,-6.1035156E-05 -6.1035156E-05 -6.1035156E-05 -6.1035156E-05,-0.0011111111 -0.0011111111 -0.0011111111,-0.01 -0.01 -0.01,-1 -1 -1,255
255,11111111,11111111,-6.1035156E-05 -6.1035156E-05 -6.1035156E-05 -6.1035156E-05,-0.0011111111 -0.0011111111 -0.0011111111,-0.01 -0.01 -0.01,-1 -1 -1,255
255,11111111,11111111,-6.1035156E-05 -6.1035156E-05 -6.1035156E-05 -6.1035156E-05,-0.0011111111 -0.0011111111 -0.0011111111,-0.01 -0.01 -0.01,-1 -1 -1,255
255,11111111,11111111,-6.1035156E-05 -6.1035156E-05 -6.1035156E-05 -6.1035156E-05,-0.0011111111 -0.0011111111 -0.0011111111,-0.01 -0.01 -0.01,-1 -1 -1,255
255,11111111,11111111,-6.1035156E-05 -6.1035156E-05 -6.1035156E-05 -6.1035156E-05,-0.0011111111 -0.0011111111 -0.0011111111,-0.01 -0.01 -0.01,-1 -1 -1,255
255,11111111,11111111,-6.1035156E-05 -6.1035156E-05 -6.1035156E-05 -6.1035156E-05,-0.0011111111 -0.0011111111 -0.0011111111,-0.01 -0.01 -0.01,-1 -1 -1,255
255,11111111,11111111,-6.1035156E-05 -6.1035156E-05 -6.1035156E-05 -6.1035156E-05,-0.0011111111 -0.0011111111 -0.0011111111,-0.01 -0.01 -0.01,-1 -1 -1,255
255,11111111,11111111,-6.1035156E-05 -6.1035156E-05 -6.1035156E-05 -6.1035156E-05,-0.0011111111 -0.0011111111 -0.0011111111,-0.01 -0.01 -0.01,-1 -1 -1,255
255,11111111,11111111,-6.1035156E-05 -6.1035156E-05 -6.1035156E-05 -6.1035156E-05,-0.0011111111 -0.0011111111 -0.0011111111,-0.01 -0.01 -0.01,-1 -1 -1,255
255,11111111,11111111,-6.1035156E-05 -6.1035156E-05 -6.1035156E-05 -6.1035156E-05,-0.0011111111 -0.0011111111 -0.0011111111,-0.01 -0.01 -0.01,-1 -1 -1,255
255,11111111,11111111,-6.1035156E-05 -6.1035156E-05 -6.1035156E-05 -6.1035156E-05,-0.0011111111 -0.0011111111 -0.0011111111,-0.01 -0.01 -0.01,-1 -1 -1,255
255,11111111,11111111,-6.1035156E-05 -6.1035156E-05 -6.1035156E-05 -6.1035156E-05,-0.0011111111 -0.0011111111 -0.0011111111,-0.01 -0.01 -0.01,-1 -1 -1,255
255,11111111,11111111,-6.1035156E-05 -6.1035156E-05 -6.1035156E-05 -6.1035156E-05,-0.0011111111 -0.0011111111 -0.0011111111,-0.01 -0.01 -0.01,-1 -1 -1,255
255,11111111,11111111,-6.1035156E-05 -6.1035156E-05 -6.1035156E-05 -6.1035156E-05,-0.0011111111 -0.0011111111 -0.0011111111,-0.01 -0.01 -0.01,-1 -1 -1,255
255,11111111,11111111,-6.1035156E-05 -6.1035156E-05 -6.1035156E-05 -6.1035156E-05,-0.0011111111 -0.0011111111 -0.0011111111,-0.01 -0.01 -0.01,-1 -1 -1,255
255,11111111,11111111,-6.1035156E-05 -6.1035156E-05 -6.1035156E-05 -6.1035156E-05,-0.0011111111 -0.0011111111 -0.0011111111,-0.01 -0.01 -0.01,-1 -1 -1,255
255,11111111,11111111,-6.1035156E-05 -6.1035156E-05 -6.1035156E-05 -6.1035156E-05,-0.0011111111 -0.0011111111 -0.0011111111,-0.01 -0.01 -0.01,-1 -1 -1,255
255,11111111,11111111,-6.1035156E-05 -6.1035156E-05 -6.1035156E-05 -6.1035156E-05,-0.0011111111 -0.0011111111 -0.0011111111,-0.01 -0.01 -0.01,-1 -1 -1,255
255,11111111,11111111,-6.1035156E-05 -6.1035156E-05 -6.1035156E-05 -6.1035156E-05,-0.0011111111 -0.0011111111 -0.0011111111,-0.01 -0.01 -0.01,-1 -1 -1,255
255,11111111,11111111,-6.1035156E-05 -6.1035156E-05 -6.1035156E-05 -6.1035156E-05,-0.0011111111 -0.0011111111 -0.0011111111,-0.01 -0.01 -0.01,-1 -1 -1,255
255,11111111,11111111,-6.1035156E-05 -6.1035156E-05 -6.1035156E-05 -6.1035156E-05,-0.0011111111 -0.0011111111 -0.0011111111,-0.01 -0.01 -0.01,-1 -1 -1,255
255,11111111,11111111,-6.1035156E-05 -6.1035156E-05 -6.1035156E-05 -6.1035156E-05,-0.0011111111 -0.0011111111 -0.0011111111,-0.01 -0.01 -0.01,-1 -1 -1,255
255,11111111,11111111,-6.1035156E-05 -6.1035156E-05 -6.1035156E-05 -6.1035156E-05,-0.0011111111 -0.0011111111 -0.0011111111,-0.01 -0.01 -0.01,-1 -1 -1,255
255,11111111,11111111,-6.1035156E-05 -6.1035156E-05 -6.1035156E-05 -6.1035156E-05,-0.0011111111 -0.0011111111 -0.0011111111,-0.01 -0.01 -0.01,-1 -1 -1,255
255,11111111,11111111,-6.1035156E-05 -6.1035156E-05 -6.1035156E-05 -6.1035156E-05,-0.0011111111 -0.0011111111 -0.0011111111,-0.01 -0.01 -0.01,-1 -1 -1,255
255,11111111,11111111,-6.1035156E-05 -6.1035156E-05 -6.1035156E-05 -6.1035156E-05,-0.0011111111 -0.0011111111 -0.0011111111,-0.01 -0.01 -0.01,-1 -1 -1,255
255,11111111,11111111,-6.1035156E-05 -6.1035156E-05 -6.1035156E-05 -6.1035156E-05,-0.0011111111 -0.0011111111 -0.0011111111,-0.01 -0.01 -0.01,-1 -1 -1,255
255,11111111,11111111,-6.1035156E-05 -6.1035156E-05 -6.1035156E-05 -6.1035156E-05,-0.0011111111 -0.0011111111 -0.0011111111,-0.01 -0.01 -0.01,-1 -1 -1,255
255,11111111,11111111,-6.1035156E-05 -6.1035156E-05 -6.1035156E-05 -6.1035156E-05,-0.0011111111 -0.0011111111 -0.0011111111,-0.01 -0.01 -0.01,-1 -1 -1,255
255,11111111,11111111,-6.1035156E-05 -6.1035156E-05 -6.1035156E-05 -6.1035156E-05,-0.0011111111 -0.0011111111 -0.0011111111,-0.01 -0.01 -0.01,-1 -1 -1,255
255,11111111,11111111,-6.1035156E-05 -6.1035156E-05 -6.1035156E-05 -6.1035156E-05,-0.0011111111 -0.0011111111 -0.0011111111,-0.01 -0.01 -0.01,-1 -1 -1,255
255,11111111,11111111,-6.1035156E-05 -6.1035156E-05 -6.1035156E-05 -6.1035156E-05,-0.0011111111 -0.0011111111 -0.0011111111,-0.01 -0.01 -0.01,-1 -1 -1,255
255,11111111,11111111,-6.1035156E-05 -6.1035156E-05 -6.1035156E-05 -6.1035156E-05,-0.0011111111 -0.0011111111 -0.0011111111,-0.01 -0.01 -0.01,-1 -1 -1,255
255,11111111,11111111,-6.1035156E-05 -6.1035156E-05 -6.1035156E-05 -6.1035156E-05,-0.0011111111 -0.0011111111 -0.0011111111,-0.01 -0.01 -0.01,-1 -1 -1,255
255,11111111,11111111,-6.1035156E-05 -6.1035156E-05 -6.1035156E-05 -6.1035156E-05,-0.0011111111 -0.0011111111 -0.0011111111,-0.01 -0.01 -0.01,-1 -1 -1,255
255,11111111,11111111,-6.1035156E-05 -6.1035156E-05 -6.1035156E-05 -6.1035156E-05,-0.0011111111 -0.0011111111 -0.0011111111,-0.01 -0.01 -0.01,-1 -1 -1,255
255,11111111,11111111,-6.1035156E-05 -6.1035156E-05 -6.1035156E-05 -6.1035156E-05,-0.0011111111 -0.0011111111 -0.0011111111,-0.01 -0.01 -0.01,-1 -1 -1,255
255,11111111,11111111,-6.1035156E-05 -6.1035156E-05 -6.1035156E-05 -6.1035156E-05,-0.0011111111 -0.0011111111 -0.0011111111,-0.01 -0.01 -0.01,-1 -1 -1,255
255,11111111,11111111,-6.1035156E-05 -6.1035156E-05 -6.1035156E-05 -6.1035156E-05,-0.0011111111 -0.0011111111 -0.0011111111,-0.01 -0.01 -0.01,-1 -1 -1,255
255,11111111,11111111,-6.1035156E-05 -6.1035156E-05 -6.1035156E-05 -6.1035156E-05,-0.0011111111 -0.0011111111 -0.0011111111,-0.01 -0.01 -0.01,-1 -1 -1,255
255,11111111,11111111,-6.1035156E-05 -6.1035156E-05 -6.1035156E-05 -6.1035156E-05,-0.0011111111 -0.0011111111 -0.0011111111,-0.01 -0.01 -0.01,-1 -1 -1,255
255,11111111,11111111,-6.1035156E-05 -6.1035156E-05 -6.1035156E-05 -6.1035156E-05,-0.0011111111 -0.0011111111 -0.0011111111,-0.01 -0.01 -0.01,-1 -1 -1,255
255,11111111,11111111,-6.1035156E-05 -6.1035156E-05 -6.1035156E-05 -6.1035156E-05,-0.0011111111 -0.0011111111 -0.0011111111,-0.01 -0.01 -0.01,-1 -1 -1,255
255,11111111,11111111,-6.1035156E-05 -6.1035156E-05 -6.1035156E-05 -6.1035156E-05,-0.0011111111 -0.0011111111 -0.0011111111,-0.01 -0.01 -0.01,-1 -1 -1,255
255,11111111,11111111,-6.1035156E-05 -6.1035156E-05 -6.1035156E-05 -6.1035156E-05,-0.0011111111 -0.0011111111 -0.0011111111,-0.01 -0.01 -0.01,-1 -1 -1,255
255,11111111,11111111,-6.1035156E-05 -6.1035156E-05 -6.1035156E-05 -6.1035156E-05,-0.0011111111 -0.0011111111 -0.0011111111,-0.01 -0.01 -0.01,-1 -1 -1,255
255,11111111,11111111,-6.1035156E-05 -6.1035156E-05 -6.1035156E-05 -6.1035156E-05,-0.0011111111 -0.0011111111 -0.0011111111,-0.01 -0.01 -0.01,-1 -1 -1,255
255,11111111,11111111,-6.1035156E-05 -6.1035156E-05 -6.1035156E-05 -6.1035156E-05,-0.0011111111 -0.0011111111 -0.0011111111,-0.01 -0.01 -0.01,-1 -1 -1,255
255,11111111,11111111,-6.1035156E-05 -6.1035156E-05 -6.1035156E-05 -6.1035156E-05,-0.0011111111 -0.0011111111 -0.0011111111,-0.01 -0.01 -0.01,-1 -1 -1,255
255,11111111,11111111,-6.1035156E-05 -6.1035156E-05 -6.1035156E-05 -6.1035156E-05,-0.0011111111 -0.0011111111 -0.0011111111,-0.01 -0.01 -0.01,-1 -1 -1,255
255,11111111,11111111,-6.1035156E-05 -6.1035156E-05 -6.1035156E-05 -6.1035156E-05,-0.0011111111 -0.0011111111 -0.0011111111,-0.01 -0.01 -0.01,-1 -1 -1,255
255,11111111,11111111,-6.1035156E-05 -6.1035156E-05 -6.1035156E-05 -6.1035156E-05,-0.0011111111 -0.0011111111 -0.0011111111,-0.01 -0.01 -0.01,-1 -1 -1,255
255,11111111,11111111,-6.1035156E-05 -6.1035156E-05 -6.1035156E-05 -6.1035156E-05,-0.0011111111 -0.0011111111 -0.0011111111,-0.01 -0.01 -0.01,-1 -1 -1,255
255,11111111,11111111,-6.1035156E-05 -6.1035156E-05 -6.1035156E-05 -6.1035156E-05,-0.0011111111 -0.0011111111 -0.0011111111,-0.01 -0.01 -0.01,-1 -1 -1,255
255,11111111,11111111,-6.1035156E-05 -6.1035156E-05 -6.1035156E-05 -6.1035156E-05,-0.0011111111 -0.0011111111 -0.0011111111,-0.01 -0.01 -0.01,-1 -1 -1,255
255,11111111,11111111,-6.1035156E-05 -6.1035156E-05 -6.1035156E-05 -6.1035156E-05,-0.0011111111 -0.0011111111 -0.0011111111,-0.01 -0.01 -0.01,-1 -1 -1,255
255,11111111,11111111,-6.1035156E-05 -6.1035156E-05 -6.1035156E-05 -6.1035156E-05,-0.0011111111 -0.0011111111 -0.0011111111,-0.01 -0.01 -0.01,-1 -1 -1,255
255,11111111,11111111,-6.1035156E-05 -6.1035156E-05 -6.1035156E-05 -6.1035156E-05,-0.0011111111 -0.0011111111 -0.0011111111,-0.01 -0.01 -0.01,-1 -1 -1,255
255,11111111,11111111,-6.1035156E-05 -6.1035156E-05 -6.1035156E-05 -6.1035156E-05,-0.0011111111 -0.0011111111 -0.0011111111,-0.01 -0.01 -0.01,-1 -1 -1,255
255,11111111,11111111,-6.1035156E-05 -6.1035156E-05 -6.1035156E-05 -6.1035156E-05,-0.0011111111 -0.0011111111 -0.0011111111,-0.01 -0.01 -0.01,-1 -1 -1,255
255,11111111,11111111,-6.1035156E-05 -6.1035156E-05 -6.1035156E-05 -6.1035156E-05,-0.0011111111 -0.0011111111 -0.0011111111,-0.01 -0.01 -0.01,-1 -1 -1,255
255,11111111,11111111,-6.1035156E-05 -6.1035156E-05 -6.1035156E-05 -6.1035156E-05,-0.0011111111 -0.0011111111 -0.0011111111,-0.01 -0.01 -0.01,-1 -1 -1,255
255,11111111,11111111,-6.1035156E-05 -6.1035156E-05 -6.1035156E-05 -6.1035156E-05,-0.0011111111 -0.0011111111 -0.0011111111,-0.01 -0.01 -0.01,-1 -1 -1,255
255,11111111,11111111,-6.1035156E-05 -6.1035156E-05 -6.1035156E-05 -6.1035156E-05,-0.0011111111 -0.0011111111 -0.0011111111,-0.01 -0.01 -0.01,-1 -1 -1,255
255,11111111,11111111,-6.1035156E-05 -6.1035156E-05 -6.1035156E-05 -6.1035156E-05,-0.0011111111 -0.0011111111 -0.0011111111,-0.01 -0.01 -0.01,-1 -1 -1,255
255,11111111,11111111,-6.1035156E-05 -6.1035156E-05 -6.1035156E-05 -6.1035156E-05,-0.0011111111 -0.0011111111 -0.0011111111,-0.01 -0.01 -0.01,-1 -1 -1,255
255,11111111,11111111,-6.1035156E-05 -6.1035156E-05 -6.1035156E-05 -6.1035156E-05,-0.0011111111 -0.0011111111 -0.0011111111,-0.01 -0.01 -0.01,-1 -1 -1,255
255,11111111,11111111,-6.1035156E-05 -6.1035156E-05 -6.1035156E-05 -6.1035156E-05,-0.0011111111 -0.0011111111 -0.0011111111,-0.01 -0.01 -0.01,-1 -1 -1,255
255,11111111,11111111,-6.1035156E-05 -6.1035156E-05 -6.1035156E-05 -6.1035156E-05,-0.0011111111 -0.0011111111 -0.0011111111,-0.01 -0.01 -0.01,-1 -1 -1,255
255,11111111,11111111,-6.1035156E-05 -6.1035156E-05 -6.1035156E-05 -6.1035156E-05,-0.0011111111 -0.0011111111 -0.0011111111,-0.01 -0.01 -0.01,-1 -1 -1,255
255,11111111,11111111,-6.1035156E-05 -6.1035156E-05 -6.1035156E-05 -6.1035156E-05,-0.0011111111 -0.0011111111 -0.0011111111,-0.01 -0.01 -0.01,-1 -1 -1,255
255,11111111,11111111,-6.1035156E-05 -6.1035156E-05 -6.1035156E-05 -6.1035156E-05,-0.0011111111 -0.0011111111 -0.0011111111,-0.01 -0.01 -0.01,-1 -1 -1,255
255,11111111,11111111,-6.1035156E-05 -6.1035156E-05 -6.1035156E-05 -6.1035156E-05,-0.0011111111 -0.0011111111 -0.0011111111,-0.01 -0.01 -0.01,-1 -1 -1,255
255,11111111,11111111,-6.1035156E-05 -6.1035156E-05 -6.1035156E-05 -6.1035156E-05,-0.0011111111 -0.0011111111 -0.0011111111,-0.01 -0.01 -0.01,-1 -1 -1,255
255,11111111,11111111,-6.1035156E-05 -6.1035156E-05 -6.1035156E-05 -6.1035156E-05,-0.0011111111 -0.0011111111 -0.0011111111,-0.01 -0.01 -0.01,-1 -1 -1,255
255,11111111,11111111,-6.1035156E-05 -6.1035156E-05 -6.1035156E-05 -6.1035156E-05,-0.0011111111 -0.0011111111 -0.0011111111,-0.01 -0.01 -0.01,-1 -1 -1,255
255,11111111,11111111,-6.1035156E-05 -6.1035156E-05 -6.1035156E-05 -6.1035156E-05,-0.0011111111 -0.0011111111 -0.0011111111,-0.01 -0.01 -0.01,-1 -1 -1,255
255,11111111,11111111,-6.1035156E-05 -6.1035156E-05 -6.1035156E-05 -6.1035156E-05,-0.0011111111 -0.0011111111 -0.0011111111,-0.01 -0.01 -0.01,-1 -1 -1,255
255,11111111,11111111,-6.1035156E-05 -6.1035156E-05 -6.1035156E-05 -6.1035156E-05,-0.0011111111 -0.0011111111 -0.0011111111,-0.01 -0.01 -0.01,-1 -1 -1,255
255,11111111,11111111,-6.1035156E-05 -6.1035156E-05 -6.1035156E-05 -6.1035156E-05,-0.0011111111 -0.0011111111 -0.0011111111,-0.01 -0.01 -0.01,-1 -1 -1,255
255,11111111,11111111,-6.1035156E-05 -6.1035156E-05 -6.1035156E-05 -6.1035156E-05,-0.0011111111 -0.0011111111 -0.0011111111,-0.01 -0.01 -0.01,-1 -1 -1,255
255,11111111,11111111,-6.1035156E-05 -6.1035156E-05 -6.1035156E-05 -6.1035156E-05,-0.0011111111 -0.0011111111 -0.0011111111,-0.01 -0.01 -0.01,-1 -1 -1,255
255,11111111,11111111,-6.1035156E-05 -6.1035156E-05 -6.1035156E-05 -6.1035156E-05,-0.0011111111 -0.0011111111 -0.0011111111,-0.01 -0.01 -0.01,-1 -1 -1,255
255,11111111,11111111,-6.1035156E-05 -6.1035156E-05 -6.1035156E-05 -6.1035156E-05,-0.0011111111 -0.0011111111 -0.0011111111,-0.01 -0.01 -0.01,-1 -1 -1,255
255,11111111,11111111,-6.1035156E-05 -6.1035156E-05 -6.1035156E-05 -6.1035156E-05,-0.0011111111 -0.0011111111 -0.0011111111,-0.01 -0.01 -0.01,-1 -1 -1,255
255,11111111,11111111,-6.1035156E-05 -6.1035156E-05 -6.1035156E-05 -6.1035156E-05,-0.0011111111 -0.0011111111 -0.0011111111,-0.01 -0.01 -0.01,-1 -1 -1,255
255,11111111,11111111,-6.1035156E-05 -6.1035156E-05 -6.1035156E-05 -6.1035156E-05,-0.0011111111 -0.0011111111 -0.0011111111,-0.01 -0.01 -0.01,-1 -1 -1,255
255,11111111,11111111,-6.1035156E-05 -6.1035156E-05 -6.1035156E-05 -6.1035156E-05,-0.0011111111 -0.0011111111 -0.0011111111,-0.01 -0.01 -0.01,-1 -1 -1,255
255,11111111,11111111,-6.1035156E-05 -6.1035156E-05 -6.1035156E-05 -6.1035156E-05,-0.0011111111 -0.0011111111 -0.0011111111,-0.01 -0.01 -0.01,-1 -1 -1,255
255,11111111,11111111,-6.1035156E-05 -6.1035156E-05 -6.1035156E-05 -6.1035156E-05,-0.0011111111 -0.0011111111 -0.0011111111,-0.01 -0.01 -0.01,-1 -1 -1,255
255,11111111,11111111,-6.1035156E-05 -6.1035156E-05 -6.1035156E-05 -6.1035156E-05,-0.0011111111 -0.0011111111 -0.0011111111,-0.01 -0.01 -0.01,-1 -1 -1,255
255,11111111,11111111,-6.1035156E-05 -6.1035156E-05 -6.1035156E-05 -6.1035156E-05,-0.0011111111 -0.0011111111 -0.0011111111,-0.01 -0.01 -0.01,-1 -1 -1,255
255,11111111,11111111,-6.1035156E-05 -6.1035156E-05 -6.1035156E-05 -6.1035156E-05,-0.0011111111 -0.0011111111 -0.0011111111,-0.01 -0.01 -0.01,-1 -1 -1,255
255,11111111,11111111,-6.1035156E-05 -6.1035156E-05 -6.1035156E-05 -6.1035156E-05,-0.0011111111 -0.0011111111 -0.0011111111,-0.01 -0.01 -0.01,-1 -1 -1,255
255,11111111,11111111,-6.1035156E-05 -6.1035156E-05 -6.1035156E-05 -6.1035156E-05,-0.0011111111 -0.0011111111 -0.0011111111,-0.01 -0.01 -0.01,-1 -1 -1,255
255,11111111,11111111,-6.1035156E-05 -6.1035156E-05 -6.1035156E-05 -6.1035156E-05,-0.0011111111 -0.0011111111 -0.0011111111,-0.01 -0.01 -0.01,-1 -1 -1,255
255,11111111,11111111,-6.1035156E-05 -6.1035156E-05 -6.1035156E-05 -6.1035156E-05,-0.0011111111 -0.0011111111 -0.0011111111,-0.01 -0.01 -0.01,-1 -1 -1,255
255,11111111,11111111,-6.1035156E-05 -6.1035156E-05 -6.1035156E-05 -6.1035156E-05,-0.0011111111 -0.0011111111 -0.0011111111,-0.01 -0.01 -0.01,-1 -1 -1,255
255,11111111,11111111,-6.1035156E-05 -6.1035156E-05 -6.1035156E-05 -6.1035156E-05,-0.0011111111 -0.0011111111 -0.0011111111,-0.01 -0.01 -0.01,-1 -1 -1,255
255,11111111,11111111,-6.1035156E-05 -6.1035156E-05 -6.1035156E-05 -6.1035156E-05,-0.0011111111 -0.0011111111 -0.0011111111,-0.01 -0.01 -0.01,-1 -1 -1,255
255,11111111,11111111,-6.1035156E-05 -6.1035156E-05 -6.1035156E-05 -6.1035156E-05,-0.0011111111 -0.0011111111 -0.0011111111,-0.01 -0.01 -0.01,-1 -1 -1,255
255,11111111,11111111,-6.1035156E-05 -6.1035156E-05 -6.1035156E-05 -6.1035156E-05,-0.0011111111 -0.0011111111 -0.0011111111,-0.01 -0.01 -0.01,-1 -1 -1,255
255,11111111,11111111,-6.1035156E-05 -6.1035156E-05 -6.1035156E-05 -6.1035156E-05,-0.0011111111 -0.0011111111 -0.0011111111,-0.01 -0.01 -0.01,-1 -1 -1,255
255,11111111,11111111,-6.1035156E-05 -6.1035156E-05 -6.1035156E-05 -6.1035156E-05,-0.0011111111 -0.0011111111 -0.0011111111,-0.01 -0.01 -0.01,-1 -1 -1,255
255,11111111,11111111,-6.1035156E-05 -6.1035156E-05 -6.1035156E-05 -6.1035156E-05,-0.0011111111 -0.0011111111 -0.0011111111,-0.01 -0.01 -0.01,-1 -1 -1,255
255,11111111,11111111,-6.1035156E-05 -6.1035156E-05 -6.1035156E-05 -6.1035156E-05,-0.0011111111 -0.0011111111 -0.0011111111,-0.01 -0.01 -0.01,-1 -1 -1,255
255,11111111,11111111,-6.1035156E-05 -6.1035156E-05 -6.1035156E-05 -6.1035156E-05,-0.0011111111 -0.0011111111 -0.0011111111,-0.01 -0.01 -0.01,-1 -1 -1,255
255,11111111,11111111,-6.1035156E-05 -6.1035156E-05 -6.1035156E-05 -6.1035156E-05,-0.0011111111 -0.0011111111 -0.0011111111,-0.01 -0.01 -0.01,-1 -1 -1,255
255,11111111,11111111,-6.1035156E-05 -6.1035156E-05 -6.1035156E-05 -6.1035156E-05,-0.0011111111 -0.0011111111 -0.0011111111,-0.01 -0.01 -0.01,-1 -1 -1,255
255,11111111,11111111,-6.1035156E-05 -6.1035156E-05 -6.1035156E-05 -6.1035156E-05,-0.0011111111 -0.0011111111 -0.0011111111,-0.01 -0.01 -0.01,-1 -1 -1,255
255,11111111,11111111,-6.1035156E-05 -6.1035156E-05 -6.1035156E-05 -6.1035156E-05,-0.0011111111 -0.0011111111 -0.0011111111,-0.01 -0.01 -0.01,-1 -1 -1,255
255,11111111,11111111,-6.1035156E-05 -6.1035156E-05 -6.1035156E-05 -6.1035156E-05,-0.0011111111 -0.0011111111 -0.0011111111,-0.01 -0.01 -0.01,-1 -1 -1,255
255,11111111,11111111,-6.1035156E-05 -6.1035156E-05 -6.1035156E-05 -6.1035156E-05,-0.0011111111 -0.0011111111 -0.0011111111,-0.01 -0.01 -0.01,-1 -1 -1,255
255,11111111,11111111,-6.1035156E-05 -6.1035156E-05 -6.1035156E-05 -6.1035156E-05,-0.0011111111 -0.0011111111 -0.0011111111,-0.01 -0.01 -0.01,-1 -1 -1,255
255,11111111,11111111,-6.1035156E-05 -6.1035156E-05 -6.1035156E-05 -6.1035156E-05,-0.0011111111 -0.0011111111 -0.0011111111,-0.01 -0.01 -0.01,-1 -1 -1,255
255,11111111,11111111,-6.1035156E-05 -6.1035156E-05 -6.1035156E-05 -6.1035156E-05,-0.0011111111 -0.0011111111 -0.0011111111,-0.01 -0.01 -0.01,-1 -1 -1,255
255,11111111,11111111,-6.1035156E-05 -6.1035156E-05 -6.1035156E-05 -6.1035156E-05,-0.0011111111 -0.0011111111 -0.0011111111,-0.01 -0.01 -0.01,-1 -1 -1,255
255,11111111,11111111,-6.1035156E-05 -6.1035156E-05 -6.1035156E-05 -6.1035156E-05,-0.0011111111 -0.0011111111 -0.0011111111,-0.01 -0.01 -0.01,-1 -1 -1,255
255,11111111,11111111,-6.1035156E-05 -6.1035156E-05 -6.1035156E-05 -6.1035156E-05,-0.0011111111 -0.0011111111 -0.0011111111,-0.01 -0.01 -0.01,-1 -1 -1,255
255,11111111,11111111,-6.1035156E-05 -6.1035156E-05 -6.1035156E-05 -6.1035156E-05,-0.0011111111 -0.0011111111 -0.0011111111,-0.01 -0.01 -0.01,-1 -1 -1,255
255,11111111,11111111,-6.1035156E-05 -6.1035156E-05 -6.1035156E-05 -6.1035156E-05,-0.0011111111 -0.0011111111 -0.0011111111,-0.01 -0.01 -0.01,-1 -1 -1,255
255,11111111,11111111,-6.1035156E-05 -6.1035156E-05 -6.1035156E-05 -6.1035156E-05,-0.0011111111 -0.0011111111 -0.0011111111,-0.01 -0.01 -0.01,-1 -1 -1,255
255,11111111,11111111,-6.1035156E-05 -6.1035156E-05 -6.1035156E-05 -6.1035156E-05,-0.0011111111 -0.0011111111 -0.0011111111,-0.01 -0.01 -0.01,-1 -1 -1,255
255,11111111,11111111,-6.1035156E-05 -6.1035156E-05 -6.1035156E-05 -6.1035156E-05,-0.0011111111 -0.0011111111 -0.0011111111,-0.01 -0.01 -0.01,-1 -1 -1,255
255,11111111,11111111,-6.1035156E-05 -6.1035156E-05 -6.1035156E-05 -6.1035156E-05,-0.0011111111 -0.0011111111 -0.0011111111,-0.01 -0.01 -0.01,-1 -1 -1,255
255,11111111,11111111,-6.1035156E-05 -6.1035156E-05 -6.1035156E-05 -6.1035156E-05,-0.0011111111 -0.0011111111 -0.0011111111,-0.01 -0.01 -0.01,-1 -1 -1,255
255,11111111,11111111,-6.1035156E-05 -6.1035156E-05 -6.1035156E-05 -6.1035156E-05,-0.0011111111 -0.0011111111 -0.0011111111,-0.01 -0.01 -0.01,-1 -1 -1,255
255,11111111,11111111,-6.1035156E-05 -6.1035156E-05 -6.1035156E-05 -6.1035156E-05,-0.0011111111 -0.0011111111 -0.0011111111,-0.01 -0.01 -0.01,-1 -1 -1,255
255,11111111,11111111,-6.1035156E-05 -6.1035156E-05 -6.1035156E-05 -6.1035156E-05,-0.0011111111 -0.0011111111 -0.0011111111,-0.01 -0.01 -0.01,-1 -1 -1,255
255,11111111,11111111,-6.1035156E-05 -6.1035156E-05 -6.1035156E-05 -6.1035156E-05,-0.0011111111 -0.0011111111 -0.0011111111,-0.01 -0.01 -0.01,-1 -1 -1,255
255,11111111,11111111,-6.1035156E-05 -6.1035156E-05 -6.1035156E-05 -6.1035156E-05,-0.0011111111 -0.0011111111 -0.0011111111,-0.01 -0.01 -0.01,-1 -1 -1,255
255,11111111,11111111,-6.1035156E-05 -6.1035156E-05 -6.1035156E-05 -6.1035156E-05,-0.0011111111 -0.0011111111 -0.0011111111,-0.01 -0.01 -0.01,-1 -1 -1,255
255,11111111,11111111,-6.1035156E-05 -6.1035156E-05 -6.1035156E-05 -6.1035156E-05,-0.0011111111 -0.0011111111 -0.0011111111,-0.01 -0.01 -0.01,-1 -1 -1,255
255,11111111,11111111,-6.1035156E-05 -6.1035156E-05 -6.1035156E-05 -6.1035156E-05,-0.0011111111 -0.0011111111 -0.0011111111,-0.01 -0.01 -0.01,-1 -1 -1,255
255,11111111,11111111,-6.1035156E-05 -6.1035156E-05 -6.1035156E-05 -6.1035156E-05,-0.0011111111 -0.0011111111 -0.0011111111,-0.01 -0.01 -0.01,-1 -1 -1,255
255,11111111,11111111,-6.1035156E-05 -6.1035156E-05 -6.1035156E-05 -6.1035156E-05,-0.0011111111 -0.0011111111 -0.0011111111,-0.01 -0.01 -0.01,-1 -1 -1,255
255,11111111,11111111,-6.1035156E-05 -6.1035156E-05 -6.1035156E-05 -6.1035156E-05,-0.0011111111 -0.0011111111 -0.0011111111,-0.01 -0.01 -0.01,-1 -1 -1,255
255,11111111,11111111,-6.1035156E-05 -6.1035156E-05 -6.1035156E-05 -6.1035156E-05,-0.0011111111 -0.0011111111 -0.0011111111,-0.01 -0.01 -0.01,-1 -1 -1,255
255,11111111,11111111,-6.1035156E-05 -6.1035156E-05 -6.1035156E-05 -6.1035156E-05,-0.0011111111 -0.0011111111 -0.0011111111,-0.01 -0.01 -0.01,-1 -1 -1,255
255,11111111,11111111,-6.1035156E-05 -6.1035156E-05 -6.1035156E-05 -6.1035156E-05,-0.0011111111 -0.0011111111 -0.0011111111,-0.01 -0.01 -0.01,-1 -1 -1,255
255,11111111,11111111,-6.1035156E-05 -6.1035156E-05 -6.1035156E-05 -6.1035156E-05,-0.0011111111 -0.0011111111 -0.0011111111,-0.01 -0.01 -0.01,-1 -1 -1,255
255,11111111,11111111,-6.1035156E-05 -6.1035156E-05 -6.1035156E-05 -6.1035156E-05,-0.0011111111 -0.0011111111 -0.0011111111,-0.01 -0.01 -0.01,-1 -1 -1,255
255,11111111,11111111,-6.1035156E-05 -6.1035156E-05 -6.1035156E-05 -6.1035156E-05,-0.0011111111 -0.0011111111 -0.0011111111,-0.01 -0.01 -0.01,-1 -1 -1,255
255,11111111,11111111,-6.1035156E-05 -6.1035156E-05 -6.1035156E-05 -6.1035156E-05,-0.0011111111 -0.0011111111 -0.0011111111,-0.01 -0.01 -0.01,-1 -1 -1,255
255,11111111,11111111,-6.1035156E-05 -6.1035156E-05 -6.1035156E-05 -6.1035156E-05,-0.0011111111 -0.0011111111 -0.0011111111,-0.01 -0.01 -0.01,-1 -1 -1,255
255,11111111,11111111,-6.1035156E-05 -6.1035156E-05 -6.1035156E-05 -6.1035156E-05,-0.0011111111 -0.0011111111 -0.0011111111,-0.01 -0.01 -0.01,-1 -1 -1,255
255,11111111,11111111,-6.1035156E-05 -6.1035156E-05 -6.1035156E-05 -6.1035156E-05,-0.0011111111 -0.0011111111 -0.0011111111,-0.01 -0.01 -0.01,-1 -1 -1,255
255,11111111,11111111,-6.1035156E-05 -6.1035156E-05 -6.1035156E-05 -6.1035156E-05,-0.0011111111 -0.0011111111 -0.0011111111,-0.01 -0.01 -0.01,-1 -1 -1,255
255,11111111,11111111,-6.1035156E-05 -6.1035156E-05 -6.1035156E-05 -6.1035156E-05,-0.0011111111 -0.0011111111 -0.0011111111,-0.01 -0.01 -0.01,-1 -1 -1,255
255,11111111,11111111,-6.1035156E-05 -6.1035156E-05 -6.1035156E-05 -6.1035156E-05,-0.0011111111 -0.0011111111 -0.0011111111,-0.01 -0.01 -0.01,-1 -1 -1,255
255,11111111,11111111,-6.1035156E-05 -6.1035156E-05 -6.1035156E-05 -6.1035156E-05,-0.0011111111 -0.0011111111 -0.0011111111,-0.01 -0.01 -0.01,-1 -1 -1,255
255,11111111,11111111,-6.1035156E-05 -6.1035156E-05 -6.1035156E-05 -6.1035156E-05,-0.0011111111 -0.0011111111 -0.0011111111,-0.01 -0.01 -0.01,-1 -1 -1,255
255,11111111,11111111,-6.1035156E-05 -6.1035156E-05 -6.1035156E-05 -6.1035156E-05,-0.0011111111 -0.0011111111 -0.0011111111,-0.01 -0.01 -0.01,-1 -1 -1,255
255,11111111,11111111,-6.1035156E-05 -6.1035156E-05 -6.1035156E-05 -6.1035156E-05,-0.0011111111 -0.0011111111 -0.0011111111,-0.01 -0.01 -0.01,-1 -1 -1,255
255,11111111,11111111,-6.1035156E-05 -6.1035156E-05 -6.1035156E-05 -6.1035156E-05,-0.0011111111 -0.0011111111 -0.0011111111,-0.01 -0.01 -0.01,-1 -1 -1,255
255,11111111,11111111,-6.1035156E-05 -6.1035156E-05 -6.1035156E-05 -6.1035156E-05,-0.0011111111 -0.0011111111 -0.0011111111,-0.01 -0.01 -0.01,-1 -1 -1,255
255,11111111,11111111,-6.1035156E-05 -6.1035156E-05 -6.1035156E-05 -6.1035156E-05,-0.0011111111 -0.0011111111 -0.0011111111,-0.01 -0.01 -0.01,-1 -1 -1,255
255,11111111,11111111,-6.1035156E-05 -6.1035156E-05 -6.1035156E-05 -6.1035156E-05,-0.0011111111 -0.0011111111 -0.0011111111,-0.01 -0.01 -0.01,-1 -1 -1,255
255,11111111,11111111,-6.1035156E-05 -6.1035156E-05 -6.1035156E-05 -6.1035156E-05,-0.0011111111 -0.0011111111 -0.0011111111,-0.01 -0.01 -0.01,-1 -1 -1,255
255,11111111,11111111,-6.1035156E-05 -6.1035156E-05 -6.1035156E-05 -6.1035156E-05,-0.0011111111 -0.0011111111 -0.0011111111,-0.01 -0.01 -0.01,-1 -1 -1,255
255,11111111,11111111,-6.1035156E-05 -6.1035156E-05 -6.1035156E-05 -6.1035156E-05,-0.0011111111 -0.0011111111 -0.0011111111,-0.01 -0.01 -0.01,-1 -1 -1,255
255,11111111,11111111,-6.1035156E-05 -6.1035156E-05 -6.1035156E-05 -6.1035156E-05,-0.0011111111 -0.0011111111 -0.0011111111,-0.01 -0.01 -0.01,-1 -1 -1,255
255,11111111,11111111,-6.1035156E-05 -6.1035156E-05 -6.1035156E-05 -6.1035156E-05,-0.0011111111 -0.0011111111 -0.0011111111,-0.01 -0.01 -0.01,-1 -1 -1,255
255,11111111,11111111,-6.1035156E-05 -6.1035156E-05 -6.1035156E-05 -6.1035156E-05,-0.0011111111 -0.0011111111 -0.0011111111,-0.01 -0.01 -0.01,-1 -1 -1,255
255,11111111,11111111,-6.1035156E-05 -6.1035156E-05 -6.1035156E-05 -6.1035156E-05,-0.0011111111 -0.0011111111 -0.0011111111,-0.01 -0.01 -0.01,-1 -1 -1,255
255,11111111,11111111,-6.1035156E-05 -6.1035156E-05 -6.1035156E-05 -6.1035156E-05,-0.0011111111 -0.0011111111 -0.0011111111,-0.01 -0.01 -0.01,-1 -1 -1,255
255,11111111,11111111,-6.1035156E-05 -6.1035156E-05 -6.1035156E-05 -6.1035156E-05,-0.0011111111 -0.0011111111 -0.0011111111,-0.01 -0.01 -0.01,-1 -1 -1,255
255,11111111,11111111,-6.1035156E-05 -6.1035156E-05 -6.1035156E-05 -6.1035156E-05,-0.0011111111 -0.0011111111 -0.0011111111,-0.01 -0.01 -0.01,-1 -1 -1,255
255,11111111,11111111,-6.1035156E-05 -6.1035156E-05 -6.1035156E-05 -6.1035156E-05,-0.0011111111 -0.0011111111 -0.0011111111,-0.01 -0.01 -0.01,-1 -1 -1,255
255,11111111,11111111,-6.1035156E-05 -6.1035156E-05 -6.1035156E-05 -6.1035156E-05,-0.0011111111 -0.0011111111 -0.0011111111,-0.01 -0.01 -0.01,-1 -1 -1,255
255,11111111,11111111,-6.1035156E-05 -6.1035156E-05 -6.1035156E-05 -6.1035156E-05,-0.0011111111 -0.0011111111 -0.0011111111,-0.01 -0.01 -0.01,-1 -1 -1,255
255,11111111,11111111,-6.1035156E-05 -6.1035156E-05 -6.1035156E-05 -6.1035156E-05,-0.0011111111 -0.0011111111 -0.0011111111,-0.01 -0.01 -0.01,-1 -1 -1,255
255,11111111,11111111,-6.1035156E-05 -6.1035156E-05 -6.1035156E-05 -6.1035156E-05,-0.0011111111 -0.0011111111 -0.0011111111,-0.01 -0.01 -0.01,-1 -1 -1,255
255,11111111,11111111,-6.1035156E-05 -6.1035156E-05 -6.1035156E-05 -6.1035156E-05,-0.0011111111 -0.0011111111 -0.0011111111,-0.01 -0.01 -0.01,-1 -1 -1,255
255,11111111,11111111,-6.1035156E-05 -6.1035156E-05 -6.1035156E-05 -6.1035156E-05,-0.0011111111 -0.0011111111 -0.0011111111,-0.01 -0.01 -0.01,-1 -1 -1,255
255,11111111,11111111,-6.1035156E-05 -6.1035156E-05 -6.1035156E-05 -6.1035156E-05,-0.0011111111 -0.0011111111 -0.0011111111,-0.01 -0.01 -0.01,-1 -1 -1,255
255,11111111,11111111,-6.1035156E-05 -6.1035156E-05 -6.1035156E-05 -6.1035156E-05,-0.0011111111 -0.0011111111 -0.0011111111,-0.01 -0.01 -0.01,-1 -1 -1,255
255,11111111,11111111,-6.1035156E-05 -6.1035156E-05 -6.1035156E-05 -6.1035156E-05,-0.0011111111 -0.0011111111 -0.0011111111,-0.01 -0.01 -0.01,-1 -1 -1,255
255,11111111,11111111,-6.1035156E-05 -6.1035156E-05 -6.1035156E-05 -6.1035156E-05,-0.0011111111 -0.0011111111 -0.0011111111,-0.01 -0.01 -0.01,-1 -1 -1,255
255,11111111,11111111,-6.1035156E-05 -6.1035156E-05 -6.1035156E-05 -6.1035156E-05,-0.0011111111 -0.0011111111 -0.0011111111,-0.01 -0.01 -0.01,-1 -1 -1,255
255,11111111,11111111,-6.1035156E-05 -6.1035156E-05 -6.1035156E-05 -6.1035156E-05,-0.0011111111 -0.0011111111 -0.0011111111,-0.01 -0.01 -0.01,-1 -1 -1,255
255,11111111,11111111,-6.1035156E-05 -6.1035156E-05 -6.1035156E-05 -6.1035156E-05,-0.0011111111 -0.0011111111 -0.0011111111,-0.01 -0.01 -0.01,-1 -1 -1,255
255,11111111,11111111,-6.1035156E-05 -6.1035156E-05 -6.1035156E-05 -6.1035156E-05,-0.0011111111 -0.0011111111 -0.0011111111,-0.01 -0.01 -0.01,-1 -1 -1,255
255,11111111,11111111,-6.1035156E-05 -6.1035156E-05 -6.1035156E-05 -6.1035156E-05,-0.0011111111 -0.0011111111 -0.0011111111,-0.01 -0.01 -0.01,-1 -1 -1,255
255,11111111,11111111,-6.1035156E-05 -6.1035156E-05 -6.1035156E-05 -6.1035156E-05,-0.0011111111 -0.0011111111 -0.0011111111,-0.01 -0.01 -0.01,-1 -1 -1,255
255,11111111,11111111,-6.1035156E-05 -6.1035156E-05 -6.1035156E-05 -6.1035156E-05,-0.0011111111 -0.0011111111 -0.0011111111,-0.01 -0.01 -0.01,-1 -1 -1,255
255,11111111,11111111,-6.1035156E-05 -6.1035156E-05 -6.1035156E-05 -6.1035156E-05,-0.0011111111 -0.0011111111 -0.0011111111,-0.01 -0.01 -0.01,-1 -1 -1,255
255,11111111,11111111,-6.1035156E-05 -6.1035156E-05 -6.1035156E-05 -6.1035156E-05,-0.0011111111 -0.0011111111 -0.0011111111,-0.01 -0.01 -0.01,-1 -1 -1,255
255,11111111,11111111,-6.1035156E-05 -6.1035156E-05 -6.1035156E-05 -6.1035156E-05,-0.0011111111 -0.0011111111 -0.0011111111,-0.01 -0.01 -0.01,-1 -1 -1,255
255,11111111,11111111,-6.1035156E-05 -6.1035156E-05 -6.1035156E-05 -6.1035156E-05,-0.0011111111 -0.0011111111 -0.0011111111,-0.01 -0.01 -0.01,-1 -1 -1,255
255,11111111,11111111,-6.1035156E-05 -6.1035156E-05 -6.1035156E-05 -6.1035156E-05,-0.0011111111 -0.0011111111 -0.0011111111,-0.01 -0.01 -0.01,-1 -1 -1,255
255,11111111,11111111,-6.1035156E-05 -6.1035156E-05 -6.1035156E-05 -6.1035156E-05,-0.0011111111 -0.0011111111 -0.0011111111,-0.01 -0.01 -0.01,-1 -1 -1,255
255,11111111,11111111,-6.1035156E-05 -6.1035156E-05 -6.1035156E-05 -6.1035156E-05,-0.0011111111 -0.0011111111 -0.0011111111,-0.01 -0.01 -0.01,-1 -1 -1,255
255,11111111,11111111,-6.1035156E-05 -6.1035156E-05 -6.1035156E-05 -6.1035156E-05,-0.0011111111 -0.0011111111 -0.0011111111,-0.01 -0.01 -0.01,-1 -1 -1,255
255,11111111,11111111,-6.1035156E-05 -6.1035156E-05 -6.1035156E-05 -6.1035156E-05,-0.0011111111 -0.0011111111 -0.0011111111,-0.01 -0.01 -0.01,-1 -1 -1,255
255,11111111,11111111,-6.1035156E-05 -6.1035156E-05 -6.1035156E-05 -6.1035156E-05,-0.0011111111 -0.0011111111 -0.0011111111,-0.01 -0.01 -0.01,-1 -1 -1,255
255,11111111,11111111,-6.1035156E-05 -6.1035156E-05 -6.1035156E-05 -6.1035156E-05,-0.0011111111 -0.0011111111 -0.0011111111,-0.01 -0.01 -0.01,-1 -1 -1,255
255,11111111,11111111,-6.1035156E-05 -6.1035156E-05 -6.1035156E-05 -6.1035156E-05,-0.0011111111 -0.0011111111 -0.0011111111,-0.01 -0.01 -0.01,-1 -1 -1,255
255,11111111,11111111,-6.1035156E-05 -6.1035156E-05 -6.1035156E-05 -6.1035156E-05,-0.0011111111 -0.0011111111 -0.0011111111,-0.01 -0.01 -0.01,-1 -1 -1,255
255,11111111,11111111,-6.1035156E-05 -6.1035156E-05 -6.1035156E-05 -6.1035156E-05,-0.0011111111 -0.0011111111 -0.0011111111,-0.01 -0.01 -0.01,-1 -1 -1,255
255,11111111,11111111,-6.1035156E-05 -6.1035156E-05 -6.1035156E-05 -6.1035156E-05,-0.0011111111 -0.0011111111 -0.0011111111,-0.01 -0.01 -0.01,-1 -1 -1,255
255,11111111,11111111,-6.1035156E-05 -6.1035156E-05 -6.1035156E-05 -6.1035156E-05,-0.0011111111 -0.0011111111 -0.0011111111,-0.01 -0.01 -0.01,-1 -1 -1,255
255,11111111,11111111,-6.1035156E-05 -6.1035156E-05 -6.1035156E-05 -6.1035156E-05,-0.0011111111 -0.0011111111 -0.0011111111,-0.01 -0.01 -0.01,-1 -1 -1,255
255,11111111,11111111,-6.1035156E-05 -6.1035156E-05 -6.1035156E-05 -6.1035156E-05,-0.0011111111 -0.0011111111 -0.0011111111,-0.01 -0.01 -0.01,-1 -1 -1,255
255,11111111,11111111,-6.1035156E-05 -6.1035156E-05 -6.1035156E-05 -6.1035156E-05,-0.0011111111 -0.0011111111 -0.0011111111,-0.01 -0.01 -0.01,-1 -1 -1,255
255,11111111,11111111,-6.1035156E-05 -6.1035156E-05 -6.1035156E-05 -6.1035156E-05,-0.0011111111 -0.0011111111 -0.0011111111,-0.01 -0.01 -0.01,-1 -1 -1,255
255,11111111,11111111,-6.1035156E-05 -6.1035156E-05 -6.1035156E-05 -6.1035156E-05,-0.0011111111 -0.0011111111 -0.0011111111,-0.01 -0.01 -0.01,-1 -1 -1,255
255,11111111,11111111,-6.1035156E-05 -6.1035156E-05 -6.1035156E-05 -6.1035156E-05,-0.0011111111 -0.0011111111 -0.0011111111,-0.01 -0.01 -0.01,-1 -1 -1,255
255,11111111,11111111,-6.1035156E-05 -6.1035156E-05 -6.1035156E-05 -6.1035156E-05,-0.0011111111 -0.0011111111 -0.0011111111,-0.01 -0.01 -0.01,-1 -1 -1,255
255,11111111,11111111,-6.1035156E-05 -6.1035156E-05 -6.1035156E-05 -6.1035156E-05,-0.0011111111 -0.0011111111 -0.0011111111,-0.01 -0.01 -0.01,-1 -1 -1,255
255,11111111,11111111,-6.1035156E-05 -6.1035156E-05 -6.1035156E-05 -6.1035156E-05,-0.0011111111 -0.0011111111 -0.0011111111,-0.01 -0.01 -0.01,-1 -1 -1,255
255,11111111,11111111,-6.1035156E-05 -6.1035156E-05 -6.1035156E-05 -6.1035156E-05,-0.0011111111 -0.0011111111 -0.0011111111,-0.01 -0.01 -0.01,-1 -1 -1,255
255,11111111,11111111,-6.1035156E-05 -6.1035156E-05 -6.1035156E-05 -6.1035156E-05,-0.0011111111 -0.0011111111 -0.0011111111,-0.01 -0.01 -0.01,-1 -1 -1,255
255,11111111,11111111,-6.1035156E-05 -6.1035156E-05 -6.1035156E-05 -6.1035156E-05,-0.0011111111 -0.0011111111 -0.0011111111,-0.01 -0.01 -0.01,-1 -1 -1,255
255,11111111,11111111,-6.1035156E-05 -6.1035156E-05 -6.1035156E-05 -6.1035156E-05,-0.0011111111 -0.0011111111 -0.0011111111,-0.01 -0.01 -0.01,-1 -1 -1,255
255,11111111,11111111,-6.1035156E-05 -6.1035156E-05 -6.1035156E-05 -6.1035156E-05,-0.0011111111 -0.0011111111 -0.0011111111,-0.01 -0.01 -0.01,-1 -1 -1,255
255,11111111,11111111,-6.1035156E-05 -6.1035156E-05 -6.1035156E-05 -6.1035156E-05,-0.0011111111 -0.0011111111 -0.0011111111,-0.01 -0.01 -0.01,-1 -1 -1,255
255,11111111,11111111,-6.1035156E-05 -6.1035156E-05 -6.1035156E-05 -6.1035156E-05,-0.0011111111 -0.0011111111 -0.0011111111,-0.01 -0.01 -0.01,-1 -1 -1,255
255,11111111,11111111,-6.1035156E-05 -6.1035156E-05 -6.1035156E-05 -6.1035156E-05,-0.0011111111 -0.0011111111 -0.0011111111,-0.01 -0.01 -0.01,-1 -1 -1,255
255,11111111,11111111,-6.1035156E-05 -6.1035156E-05 -6.1035156E-05 -6.1035156E-05,-0.0011111111 -0.0011111111 -0.0011111111,-0.01 -0.01 -0.01,-1 -1 -1,255
255,11111111,11111111,-6.1035156E-05 -6.1035156E-05 -6.1035156E-05 -6.1035156E-05,-0.0011111111 -0.0011111111 -0.0011111111,-0.01 -0.01 -0.01,-1 -1 -1,255
255,11111111,11111111,-6.1035156E-05 -6.1035156E-05 -6.1035156E-05 -6.1035156E-05,-0.0011111111 -0.0011111111 -0.0011111111,-0.01 -0.01 -0.01,-1 -1 -1,255
255,11111111,11111111,-6.1035156E-05 -6.1035156E-05 -6.1035156E-05 -6.1035156E-05,-0.0011111111 -0.0011111111 -0.0011111111,-0.01 -0.01 -0.01,-1 -1 -1,255
255,11111111,11111111,-6.1035156E-05 -6.1035156E-05 -6.1035156E-05 -6.1035156E-05,-0.0011111111 -0.0011111111 -0.0011111111,-0.01 -0.01 -0.01,-1 -1 -1,255
255,11111111,11111111,-6.1035156E-05 -6.1035156E-05 -6.1035156E-05 -6.1035156E-05,-0.0011111111 -0.0011111111 -0.0011111111,-0.01 -0.01 -0.01,-1 -1 -1,255
255,11111111,11111111,-6.1035156E-05 -6.1035156E-05 -6.1035156E-05 -6.1035156E-05,-0.0011111111 -0.0011111111 -0.0011111111,-0.01 -0.01 -0.01,-1 -1 -1,255
255,11111111,11111111,-6.1035156E-05 -6.1035156E-05 -6.1035156E-05 -6.1035156E-05,-0.0011111111 -0.0011111111 -0.0011111111,-0.01 -0.01 -0.01,-1 -1 -1,255
255,11111111,11111111,-6.1035156E-05 -6.1035156E-05 -6.1035156E-05 -6.1035156E-05,-0.0011111111 -0.0011111111 -0.0011111111,-0.01 -0.01 -0.01,-1 -1 -1,255
255,11111111,11111111,-6.1035156E-05 -6.1035156E-05 -6.1035156E-05 -6.1035156E-05,-0.0011111111 -0.0011111111 -0.0011111111,-0.01 -0.01 -0.01,-1 -1 -1,255
255,11111111,11111111,-6.1035156E-05 -6.1035156E-05 -6.1035156E-05 -6.1035156E-05,-0.0011111111 -0.0011111111 -0.0011111111,-0.01 -0.01 -0.01,-1 -1 -1,255
255,11111111,11111111,-6.1035156E-05 -6.1035156E-05 -6.1035156E-05 -6.1035156E-05,-0.0011111111 -0.0011111111 -0.0011111111,-0.01 -0.01 -0.01,-1 -1 -1,255
255,11111111,11111111,-6.1035156E-05 -6.1035156E-05 -6.1035156E-05 -6.1035156E-05,-0.0011111111 -0.0011111111 -0.0011111111,-0.01 -0.01 -0.01,-1 -1 -1,255
255,11111111,11111111,-6.1035156E-05 -6.1035156E-05 -6.1035156E-05 -6.1035156E-05,-0.0011111111 -0.0011111111 -0.0011111111,-0.01 -0.01 -0.01,-1 -1 -1,255
255,11111111,11111111,-6.1035156E-05 -6.1035156E-05 -6.1035156E-05 -6.1035156E-05,-0.0011111111 -0.0011111111 -0.0011111111,-0.01 -0.01 -0.01,-1 -1 -1,255
255,11111111,11111111,-6.1035156E-05 -6.1035156E-05 -6.1035156E-05 -6.1035156E-05,-0.0011111111 -0.0011111111 -0.0011111111,-0.01 -0.01 -0.01,-1 -1 -1,255
255,11111111,11111111,-6.1035156E-05 -6.1035156E-05 -6.1035156E-05 -6.1035156E-05,-0.0011111111 -0.0011111111 -0.0011111111,-0.01 -0.01 -0.01,-1 -1 -1,255
255,11111111,11111111,-6.1035156E-05 -6.1035156E-05 -6.1035156E-05 -6.1035156E-05,-0.0011111111 -0.0011111111 -0.0011111111,-0.01 -0.01 -0.01,-1 -1 -1,255
255,11111111,11111111,-6.1035156E-05 -6.1035156E-05 -6.1035156E-05 -6.1035156E-05,-0.0011111111 -0.0011111111 -0.0011111111,-0.01 -0.01 -0.01,-1 -1 -1,255
255,11111111,11111111,-6.1035156E-05 -6.1035156E-05 -6.1035156E-05 -6.1035156E-05,-0.0011111111 -0.0011111111 -0.0011111111,-0.01 -0.01 -0.01,-1 -1 -1,255
255,11111111,11111111,-6.1035156E-05 -6.1035156E-05 -6.1035156E-05 -6.1035156E-05,-0.0011111111 -0.0011111111 -0.0011111111,-0.01 -0.01 -0.01,-1 -1 -1,255
255,11111111,11111111,-6.1035156E-05 -6.1035156E-05 -6.1035156E-05 -6.1035156E-05,-0.0011111111 -0.0011111111 -0.0011111111,-0.01 -0.01 -0.01,-1 -1 -1,255
255,11111111,11111111,-6.1035156E-05 -6.1035156E-05 -6.1035156E-05 -6.1035156E-05,-0.0011111111 -0.0011111111 -0.0011111111,-0.01 -0.01 -0.01,-1 -1 -1,255
255,11111111,11111111,-6.1035156E-05 -6.1035156E-05 -6.1035156E-05 -6.1035156E-05,-0.0011111111 -0.0011111111 -0.0011111111,-0.01 -0.01 -0.01,-1 -1 -1,255
255,11111111,11111111,-6.1035156E-05 -6.1035156E-05 -6.1035156E-05 -6.1035156E-05,-0.0011111111 -0.0011111111 -0.0011111111,-0.01 -0.01 -0.01,-1 -1 -1,255
255,11111111,11111111,-6.1035156E-05 -6.1035156E-05 -6.1035156E-05 -6.1035156E-05,-0.0011111111 -0.0011111111 -0.0011111111,-0.01 -0.01 -0.01,-1 -1 -1,255
255,11111111,11111111,-6.1035156E-05 -6.1035156E-05 -6.1035156E-05 -6.1035156E-05,-0.0011111111 -0.0011111111 -0.0011111111,-0.01 -0.01 -0.01,-1 -1 -1,255
255,11111111,11111111,-6.1035156E-05 -6.1035156E-05 -6.1035156E-05 -6.1035156E-05,-0.0011111111 -0.0011111111 -0.0011111111,-0.01 -0.01 -0.01,-1 -1 -1,255
255,11111111,11111111,-6.1035156E-05 -6.1035156E-05 -6.1035156E-05 -6.1035156E-05,-0.0011111111 -0.0011111111 -0.0011111111,-0.01 -0.01 -0.01,-1 -1 -1,255
255,11111111,11111111,-6.1035156E-05 -6.1035156E-05 -6.1035156E-05 -6.1035156E-05,-0.0011111111 -0.0011111111 -0.0011111111,-0.01 -0.01 -0.01,-1 -1 -1,255
255,11111111,11111111,-6.1035156E-05 -6.1035156E-05 -6.1035156E-05 -6.1035156E-05,-0.0011111111 -0.0011111111 -0.0011111111,-0.01 -0.01 -0.01,-1 -1 -1,255
255,11111111,11111111,-6.1035156E-05 -6.1035156E-05 -6.1035156E-05 -6.1035156E-05,-0.0011111111 -0.0011111111 -0.0011111111,-0.01 -0.01 -0.01,-1 -1 -1,255
255,11111111,11111111,-6.1035156E-05 -6.1035156E-05 -6.1035156E-05 -6.1035156E-05,-0.0011111111 -0.0011111111 -0.0011111111,-0.01 -0.01 -0.01,-1 -1 -1,255
255,11111111,11111111,-6.1035156E-05 -6.1035156E-05 -6.1035156E-05 -6.1035156E-05,-0.0011111111 -0.0011111111 -0.0011111111,-0.01 -0.01 -0.01,-1 -1 -1,255
255,11111111,11111111,-6.1035156E-05 -6.1035156E-05 -6.1035156E-05 -6.1035156E-05,-0.0011111111 -0.0011111111 -0.0011111111,-0.01 -0.01 -0.01,-1 -1 -1,255
255,11111111,11111111,-6.1035156E-05 -6.1035156E-05 -6.1035156E-05 -6.1035156E-05,-0.0011111111 -0.0011111111 -0.0011111111,-0.01 -0.01 -0.01,-1 -1 -1,255
255,11111111,11111111,-6.1035156E-05 -6.1035156E-05 -6.1035156E-05 -6.1035156E-05,-0.0011111111 -0.0011111111 -0.0011111111,-0.01 -0.01 -0.01,-1 -1 -1,255
255,11111111,11111111,-6.1035156E-05 -6.1035156E-05 -6.1035156E-05 -6.1035156E-05,-0.0011111111 -0.0011111111 -0.0011111111,-0.01 -0.01 -0.01,-1 -1 -1,255
255,11111111,11111111,-6.1035156E-05 -6.1035156E-05 -6.1035156E-05 -6.1035156E-05,-0.0011111111 -0.0011111111 -0.0011111111,-0.01 -0.01 -0.01,-1 -1 -1,255
255,11111111,11111111,-6.1035156E-05 -6.1035156E-05 -6.1035156E-05 -6.1035156E-05,-0.0011111111 -0.0011111111 -0.0011111111,-0.01 -0.01 -0.01,-1 -1 -1,255
255,11111111,11111111,-6.1035156E-05 -6.1035156E-05 -6.1035156E-05 -6.1035156E-05,-0.0011111111 -0.0011111111 -0.0011111111,-0.01 -0.01 -0.01,-1 -1 -1,255
255,11111111,11111111,-6.1035156E-05 -6.1035156E-05 -6.1035156E-05 -6.1035156E-05,-0.0011111111 -0.0011111111 -0.0011111111,-0.01 -0.01 -0.01,-1 -1 -1,255
255,11111111,11111111,-6.1035156E-05 -6.1035156E-05 -6.1035156E-05 -6.1035156E-05,-0.0011111111 -0.0011111111 -0.0011111111,-0.01 -0.01 -0.01,-1 -1 -1,255
255,11111111,11111111,-6.1035156E-05 -6.1035156E-05 -6.1035156E-05 -6.1035156E-05,-0.0011111111 -0.0011111111 -0.0011111111,-0.01 -0.01 -0.01,-1 -1 -1,255
255,11111111,11111111,-6.1035156E-05 -6.1035156E-05 -6.1035156E-05 -6.1035156E-05,-0.0011111111 -0.0011111111 -0.0011111111,-0.01 -0.01 -0.01,-1 -1 -1,255
255,11111111,11111111,-6.1035156E-05 -6.1035156E-05 -6.1035156E-05 -6.1035156E-05,-0.0011111111 -0.0011111111 -0.0011111111,-0.01 -0.01 -0.01,-1 -1 -1,255
255,11111111,11111111,-6.1035156E-05 -6.1035156E-05 -6.1035156E-05 -6.1035156E-05,-0.0011111111 -0.0011111111 -0.0011111111,-0.01 -0.01 -0.01,-1 -1 -1,255
255,11111111,11111111,-6.1035156E-05 -6.1035156E-05 -6.1035156E-05 -6.1035156E-05,-0.0011111111 -0.0011111111 -0.0011111111,-0.01 -0.01 -0.01,-1 -1 -1,255
255,11111111,11111111,-6.1035156E-05 -6.1035156E-05 -6.1035156E-05 -6.1035156E-05,-0.0011111111 -0.0011111111 -0.0011111111,-0.01 -0.01 -0.01,-1 -1 -1,255
255,11111111,11111111,-6.1035156E-05 -6.1035156E-05 -6.1035156E-05 -6.1035156E-05,-0.0011111111 -0.0011111111 -0.0011111111,-0.01 -0.01 -0.01,-1 -1 -1,255
255,11111111,11111111,-6.1035156E-05 -6.1035156E-05 -6.1035156E-05 -6.1035156E-05,-0.0011111111 -0.0011111111 -0.0011111111,-0.01 -0.01 -0.01,-1 -1 -1,255
255,11111111,11111111,-6.1035156E-05 -6.1035156E-05 -6.1035156E-05 -6.1035156E-05,-0.0011111111 -0.0011111111 -0.0011111111,-0.01 -0.01 -0.01,-1 -1 -1,255
255,11111111,11111111,-6.1035156E-05 -6.1035156E-05 -6.1035156E-05 -6.1035156E-05,-0.0011111111 -0.0011111111 -0.0011111111,-0.01 -0.01 -0.01,-1 -1 -1,255
255,11111111,11111111,-6.1035156E-05 -6.1035156E-05 -6.1035156E-05 -6.1035156E-05,-0.0011111111 -0.0011111111 -0.0011111111,-0.01 -0.01 -0.01,-1 -1 -1,255
255,11111111,11111111,-6.1035156E-05 -6.1035156E-05 -6.1035156E-05 -6.1035156E-05,-0.0011111111 -0.0011111111 -0.0011111111,-0.01 -0.01 -0.01,-1 -1 -1,255
255,11111111,11111111,-6.1035156E-05 -6.1035156E-05 -6.1035156E-05 -6.1035156E-05,-0.0011111111 -0.0011111111 -0.0011111111,-0.01 -0.01 -0.01,-1 -1 -1,255
255,11111111,11111111,-6.1035156E-05 -6.1035156E-05 -6.1035156E-05 -6.1035156E-05,-0.0011111111 -0.0011111111 -0.0011111111,-0.01 -0.01 -0.01,-1 -1 -1,255
255,11111111,11111111,-6.1035156E-05 -6.1035156E-05 -6.1035156E-05 -6.1035156E-05,-0.0011111111 -0.0011111111 -0.0011111111,-0.01 -0.01 -0.01,-1 -1 -1,255
255,11111111,11111111,-6.1035156E-05 -6.1035156E-05 -6.1035156E-05 -6.1035156E-05,-0.0011111111 -0.0011111111 -0.0011111111,-0.01 -0.01 -0.01,-1 -1 -1,255
255,11111111,11111111,-6.1035156E-05 -6.1035156E-05 -6.1035156E-05 -6.1035156E-05,-0.0011111111 -0.0011111111 -0.0011111111,-0.01 -0.01 -0.01,-1 -1 -1,255
255,11111111,11111111,-6.1035156E-05 -6.1035156E-05 -6.1035156E-05 -6.1035156E-05,-0.0011111111 -0.0011111111 -0.0011111111,-0.01 -0.01 -0.01,-1 -1 -1,255
255,11111111,11111111,-6.1035156E-05 -6.1035156E-05 -6.1035156E-05 -6.1035156E-05,-0.0011111111 -0.0011111111 -0.0011111111,-0.01 -0.01 -0.01,-1 -1 -1,255
255,11111111,11111111,-6.1035156E-05 -6.1035156E-05 -6.1035156E-05 -6.1035156E-05,-0.0011111111 -0.0011111111 -0.0011111111,-0.01 -0.01 -0.01,-1 -1 -1,255
255,11111111,11111111,-6.1035156E-05 -6.1035156E-05 -6.1035156E-05 -6.1035156E-05,-0.0011111111 -0.0011111111 -0.0011111111,-0.01 -0.01 -0.01,-1 -1 -1,255
255,11111111,11111111,-6.1035156E-05 -6.1035156E-05 -6.1035156E-05 -6.1035156E-05,-0.0011111111 -0.0011111111 -0.0011111111,-0.01 -0.01 -0.01,-1 -1 -1,255
255,11111111,11111111,-6.1035156E-05 -6.1035156E-05 -6.1035156E-05 -6.1035156E-05,-0.0011111111 -0.0011111111 -0.0011111111,-0.01 -0.01 -0.01,-1 -1 -1,255
255,11111111,11111111,-6.1035156E-05 -6.1035156E-05 -6.1035156E-05 -6.1035156E-05,-0.0011111111 -0.0011111111 -0.0011111111,-0.01 -0.01 -0.01,-1 -1 -1,255
255,11111111,11111111,-6.1035156E-05 -6.1035156E-05 -6.1035156E-05 -6.1035156E-05,-0.0011111111 -0.0011111111 -0.0011111111,-0.01 -0.01 -0.01,-1 -1 -1,255
255,11111111,11111111,-6.1035156E-05 -6.1035156E-05 -6.1035156E-05 -6.1035156E-05,-0.0011111111 -0.0011111111 -0.0011111111,-0.01 -0.01 -0.01,-1 -1 -1,255
255,11111111,11111111,-6.1035156E-05 -6.1035156E-05 -6.1035156E-05 -6.1035156E-05,-0.0011111111 -0.0011111111 -0.0011111111,-0.01 -0.01 -0.01,-1 -1 -1,255
255,11111111,11111111,-6.1035156E-05 -6.1035156E-05 -6.1035156E-05 -6.1035156E-05,-0.0011111111 -0.0011111111 -0.0011111111,-0.01 -0.01 -0.01,-1 -1 -1,255
255,11111111,11111111,-6.1035156E-05 -6.1035156E-05 -6.1035156E-05 -6.1035156E-05,-0.0011111111 -0.0011111111 -0.0011111111,-0.01 -0.01 -0.01,-1 -1 -1,255
255,11111111,11111111,-6.1035156E-05 -6.1035156E-05 -6.1035156E-05 -6.1035156E-05,-0.0011111111 -0.0011111111 -0.0011111111,-0.01 -0.01 -0.01,-1 -1 -1,255
255,11111111,11111111,-6.1035156E-05 -6.1035156E-05 -6.1035156E-05 -6.1035156E-05,-0.0011111111 -0.0011111111 -0.0011111111,-0.01 -0.01 -0.01,-1 -1 -1,255
255,11111111,11111111,-6.1035156E-05 -6.1035156E-05 -6.1035156E-05 -6.1035156E-05,-0.0011111111 -0.0011111111 -0.0011111111,-0.01 -0.01 -0.01,-1 -1 -1,255
255,11111111,11111111,-6.1035156E-05 -6.1035156E-05 -6.1035156E-05 -6.1035156E-05,-0.0011111111 -0.0011111111 -0.0011111111,-0.01 -0.01 -0.01,-1 -1 -1,255
255,11111111,11111111,-6.1035156E-05 -6.1035156E-05 -6.1035156E-05 -6.1035156E-05,-0.0011111111 -0.0011111111 -0.0011111111,-0.01 -0.01 -0.01,-1 -1 -1,255
255,11111111,11111111,-6.1035156E-05 -6.1035156E-05 -6.1035156E-05 -6.1035156E-05,-0.0011111111 -0.0011111111 -0.0011111111,-0.01 -0.01 -0.01,-1 -1 -1,255
255,11111111,11111111,-6.1035156E-05 -6.1035156E-05 -6.1035156E-05 -6.1035156E-05,-0.0011111111 -0.0011111111 -0.0011111111,-0.01 -0.01 -0.01,-1 -1 -1,255
255,11111111,11111111,-6.1035156E-05 -6.1035156E-05 -6.1035156E-05 -6.1035156E-05,-0.0011111111 -0.0011111111 -0.0011111111,-0.01 -0.01 -0.01,-1 -1 -1,255
255,11111111,11111111,-6.1035156E-05 -6.1035156E-05 -6.1035156E-05 -6.1035156E-05,-0.0011111111 -0.0011111111 -0.0011111111,-0.01 -0.01 -0.01,-1 -1 -1,255
255,11111111,11111111,-6.1035156E-05 -6.1035156E-05 -6.1035156E-05 -6.1035156E-05,-0.0011111111 -0.0011111111 -0.0011111111,-0.01 -0.01 -0.01,-1 -1 -1,255
255,11111111,11111111,-6.1035156E-05 -6.1035156E-05 -6.1035156E-05 -6.1035156E-05,-0.0011111111 -0.0011111111 -0.0011111111,-0.01 -0.01 -0.01,-1 -1 -1,255
255,11111111,11111111,-6.1035156E-05 -6.1035156E-05 -6.1035156E-05 -6.1035156E-05,-0.0011111111 -0.0011111111 -0.0011111111,-0.01 -0.01 -0.01,-1 -1 -1,255
255,11111111,11111111,-6.1035156E-05 -6.1035156E-05 -6.1035156E-05 -6.1035156E-05,-0.0011111111 -0.0011111111 -0.0011111111,-0.01 -0.01 -0.01,-1 -1 -1,255
255,11111111,11111111,-6.1035156E-05 -6.1035156E-05 -6.1035156E-05 -6.1035156E-05,-0.0011111111 -0.0011111111 -0.0011111111,-0.01 -0.01 -0.01,-1 -1 -1,255
255,11111111,11111111,-6.1035156E-05 -6.1035156E-05 -6.1035156E-05 -6.1035156E-05,-0.0011111111 -0.0011111111 -0.0011111111,-0.01 -0.01 -0.01,-1 -1 -1,255
255,11111111,11111111,-6.1035156E-05 -6.1035156E-05 -6.1035156E-05 -6.1035156E-05,-0.0011111111 -0.0011111111 -0.0011111111,-0.01 -0.01 -0.01,-1 -1 -1,255
255,11111111,11111111,-6.1035156E-05 -6.1035156E-05 -6.1035156E-05 -6.1035156E-05,-0.0011111111 -0.0011111111 -0.0011111111,-0.01 -0.01 -0.01,-1 -1 -1,255
255,11111111,11111111,-6.1035156E-05 -6.1035156E-05 -6.1035156E-05 -6.1035156E-05,-0.0011111111 -0.0011111111 -0.0011111111,-0.01 -0.01 -0.01,-1 -1 -1,255
255,11111111,11111111,-6.1035156E-05 -6.1035156E-05 -6.1035156E-05 -6.1035156E-05,-0.0011111111 -0.0011111111 -0.0011111111,-0.01 -0.01 -0.01,-1 -1 -1,255
255,11111111,11111111,-6.1035156E-05 -6.1035156E-05 -6.1035156E-05 -6.1035156E-05,-0.0011111111 -0.0011111111 -0.0011111111,-0.01 -0.01 -0.01,-1 -1 -1,255
255,11111111,11111111,-6.1035156E-05 -6.1035156E-05 -6.1035156E-05 -6.1035156E-05,-0.0011111111 -0.0011111111 -0.0011111111,-0.01 -0.01 -0.01,-1 -1 -1,255
255,11111111,11111111,-6.1035156E-05 -6.1035156E-05 -6.1035156E-05 -6.1035156E-05,-0.0011111111 -0.0011111111 -0.0011111111,-0.01 -0.01 -0.01,-1 -1 -1,255
255,11111111,11111111,-6.1035156E-05 -6.1035156E-05 -6.1035156E-05 -6.1035156E-05,-0.0011111111 -0.0011111111 -0.0011111111,-0.01 -0.01 -0.01,-1 -1 -1,255
255,11111111,11111111,-6.1035156E-05 -6.1035156E-05 -6.1035156E-05 -6.1035156E-05,-0.0011111111 -0.0011111111 -0.0011111111,-0.01 -0.01 -0.01,-1 -1 -1,255
255,11111111,11111111,-6.1035156E-05 -6.1035156E-05 -6.1035156E-05 -6.1035156E-05,-0.0011111111 -0.0011111111 -0.0011111111,-0.01 -0.01 -0.01,-1 -1 -1,255
255,11111111,11111111,-6.1035156E-05 -6.1035156E-05 -6.1035156E-05 -6.1035156E-05,-0.0011111111 -0.0011111111 -0.0011111111,-0.01 -0.01 -0.01,-1 -1 -1,255
255,11111111,11111111,-6.1035156E-05 -6.1035156E-05 -6.1035156E-05 -6.1035156E-05,-0.0011111111 -0.0011111111 -0.0011111111,-0.01 -0.01 -0.01,-1 -1 -1,255
255,11111111,11111111,-6.1035156E-05 -6.1035156E-05 -6.1035156E-05 -6.1035156E-05,-0.0011111111 -0.0011111111 -0.0011111111,-0.01 -0.01 -0.01,-1 -1 -1,255
255,11111111,11111111,-6.1035156E-05 -6.1035156E-05 -6.1035156E-05 -6.1035156E-05,-0.0011111111 -0.0011111111 -0.0011111111,-0.01 -0.01 -0.01,-1 -1 -1,255
255,11111111,11111111,-6.1035156E-05 -6.1035156E-05 -6.1035156E-05 -6.1035156E-05,-0.0011111111 -0.0011111111 -0.0011111111,-0.01 -0.01 -0.01,-1 -1 -1,255
255,11111111,11111111,-6.1035156E-05 -6.1035156E-05 -6.1035156E-05 -6.1035156E-05,-0.0011111111 -0.0011111111 -0.0011111111,-0.01 -0.01 -0.01,-1 -1 -1,255
255,11111111,11111111,-6.1035156E-05 -6.1035156E-05 -6.1035156E-05 -6.1035156E-05,-0.0011111111 -0.0011111111 -0.0011111111,-0.01 -0.01 -0.01,-1 -1 -1,255
255,11111111,11111111,-6.1035156E-05 -6.1035156E-05 -6.1035156E-05 -6.1035156E-05,-0.0011111111 -0.0011111111 -0.0011111111,-0.01 -0.01 -0.01,-1 -1 -1,255
255,11111111,11111111,-6.1035156E-05 -6.1035156E-05 -6.1035156E-05 -6.1035156E-05,-0.0011111111 -0.0011111111 -0.0011111111,-0.01 -0.01 -0.01,-1 -1 -1,255
255,11111111,11111111,-6.1035156E-05 -6.1035156E-05 -6.1035156E-05 -6.1035156E-05,-0.0011111111 -0.0011111111 -0.0011111111,-0.01 -0.01 -0.01,-1 -1 -1,255
255,11111111,11111111,-6.1035156E-05 -6.1035156E-05 -6.1035156E-05 -6.1035156E-05,-0.0011111111 -0.0011111111 -0.0011111111,-0.01 -0.01 -0.01,-1 -1 -1,255
255,11111111,11111111,-6.1035156E-05 -6.1035156E-05 -6.1035156E-05 -6.1035156E-05,-0.0011111111 -0.0011111111 -0.0011111111,-0.01 -0.01 -0.01,-1 -1 -1,255
255,11111111,11111111,-6.1035156E-05 -6.1035156E-05 -6.1035156E-05 -6.1035156E-05,-0.0011111111 -0.0011111111 -0.0011111111,-0.01 -0.01 -0.01,-1 -1 -1,255
255,11111111,11111111,-6.1035156E-05 -6.1035156E-05 -6.1035156E-05 -6.1035156E-05,-0.0011111111 -0.0011111111 -0.0011111111,-0.01 -0.01 -0.01,-1 -1 -1,255
255,11111111,11111111,-6.1035156E-05 -6.1035156E-05 -6.1035156E-05 -6.1035156E-05,-0.0011111111 -0.0011111111 -0.0011111111,-0.01 -0.01 -0.01,-1 -1 -1,255
255,11111111,11111111,-6.1035156E-05 -6.1035156E-05 -6.1035156E-05 -6.1035156E-05,-0.0011111111 -0.0011111111 -0.0011111111,-0.01 -0.01 -0.01,-1 -1 -1,255
255,11111111,11111111,-6.1035156E-05 -6.1035156E-05 -6.1035156E-05 -6.1035156E-05,-0.0011111111 -0.0011111111 -0.0011111111,-0.01 -0.01 -0.01,-1 -1 -1,255
255,11111111,11111111,-6.1035156E-05 -6.1035156E-05 -6.1035156E-05 -6.1035156E-05,-0.0011111111 -0.0011111111 -0.0011111111,-0.01 -0.01 -0.01,-1 -1 -1,255
255,11111111,11111111,-6.1035156E-05 -6.1035156E-05 -6.1035156E-05 -6.1035156E-05,-0.0011111111 -0.0011111111 -0.0011111111,-0.01 -0.01 -0.01,-1 -1 -1,255
255,11111111,11111111,-6.1035156E-05 -6.1035156E-05 -6.1035156E-05 -6.1035156E-05,-0.0011111111 -0.0011111111 -0.0011111111,-0.01 -0.01 -0.01,-1 -1 -1,255
255,11111111,11111111,-6.1035156E-05 -6.1035156E-05 -6.1035156E-05 -6.1035156E-05,-0.0011111111 -0.0011111111 -0.0011111111,-0.01 -0.01 -0.01,-1 -1 -1,255
255,11111111,11111111,-6.1035156E-05 -6.1035156E-05 -6.1035156E-05 -6.1035156E-05,-0.0011111111 -0.0011111111 -0.0011111111,-0.01 -0.01 -0.01,-1 -1 -1,255
255,11111111,11111111,-6.1035156E-05 -6.1035156E-05 -6.1035156E-05 -6.1035156E-05,-0.0011111111 -0.0011111111 -0.0011111111,-0.01 -0.01 -0.01,-1 -1 -1,255
255,11111111,11111111,-6.1035156E-05 -6.1035156E-05 -6.1035156E-05 -6.1035156E-05,-0.0011111111 -0.0011111111 -0.0011111111,-0.01 -0.01 -0.01,-1 -1 -1,255
255,11111111,11111111,-6.1035156E-05 -6.1035156E-05 -6.1035156E-05 -6.1035156E-05,-0.0011111111 -0.0011111111 -0.0011111111,-0.01 -0.01 -0.01,-1 -1 -1,255
255,11111111,11111111,-6.1035156E-05 -6.1035156E-05 -6.1035156E-05 -6.1035156E-05,-0.0011111111 -0.0011111111 -0.0011111111,-0.01 -0.01 -0.01,-1 -1 -1,255
255,11111111,11111111,-6.1035156E-05 -6.1035156E-05 -6.1035156E-05 -6.1035156E-05,-0.0011111111 -0.0011111111 -0.0011111111,-0.01 -0.01 -0.01,-1 -1 -1,255
255,11111111,11111111,-6.1035156E-05 -6.1035156E-05 -6.1035156E-05 -6.1035156E-05,-0.0011111111 -0.0011111111 -0.0011111111,-0.01 -0.01 -0.01,-1 -1 -1,255
255,11111111,11111111,-6.1035156E-05 -6.1035156E-05 -6.1035156E-05 -6.1035156E-05,-0.0011111111 -0.0011111111 -0.0011111111,-0.01 -0.01 -0.01,-1 -1 -1,255
255,11111111,11111111,-6.1035156E-05 -6.1035156E-05 -6.1035156E-05 -6.1035156E-05,-0.0011111111 -0.0011111111 -0.0011111111,-0.01 -0.01 -0.01,-1 -1 -1,255
255,11111111,11111111,-6.1035156E-05 -6.1035156E-05 -6.1035156E-05 -6.1035156E-05,-0.0011111111 -0.0011111111 -0.0011111111,-0.01 -0.01 -0.01,-1 -1 -1,255
255,11111111,11111111,-6.1035156E-05 -6.1035156E-05 -6.1035156E-05 -6.1035156E-05,-0.0011111111 -0.0011111111 -0.0011111111,-0.01 -0.01 -0.01,-1 -1 -1,255
255,11111111,11111111,-6.1035156E-05 -6.1035156E-05 -6.1035156E-05 -6.1035156E-05,-0.0011111111 -0.0011111111 -0.0011111111,-0.01 -0.01 -0.01,-1 -1 -1,255
255,11111111,11111111,-6.1035156E-05 -6.1035156E-05 -6.1035156E-05 -6.1035156E-05,-0.0011111111 -0.0011111111 -0.0011111111,-0.01 -0.01 -0.01,-1 -1 -1,255
255,11111111,11111111,-6.1035156E-05 -6.1035156E-05 -6.1035156E-05 -6.1035156E-05,-0.0011111111 -0.0011111111 -0.0011111111,-0.01 -0.01 -0.01,-1 -1 -1,255
255,11111111,11111111,-6.1035156E-05 -6.1035156E-05 -6.1035156E-05 -6.1035156E-05,-0.0011111111 -0.0011111111 -0.0011111111,-0.01 -0.01 -0.01,-1 -1 -1,255
255,11111111,11111111,-6.1035156E-05 -6.1035156E-05 -6.1035156E-05 -6.1035156E-05,-0.0011111111 -0.0011111111 -0.0011111111,-0.01 -0.01 -0.01,-1 -1 -1,255
255,11111111,11111111,-6.1035156E-05 -6.1035156E-05 -6.1035156E-05 -6.1035156E-05,-0.0011111111 -0.0011111111 -0.0011111111,-0.01 -0.01 -0.01,-1 -1 -1,255
255,11111111,11111111,-6.1035156E-05 -6.1035156E-05 -6.1035156E-05 -6.1035156E-05,-0.0011111111 -0.0011111111 -0.0011111111,-0.01 -0.01 -0.01,-1 -1 -1,255
255,11111111,11111111,-6.1035156E-05 -6.1035156E-05 -6.1035156E-05 -6.1035156E-05,-0.0011111111 -0.0011111111 -0.0011111111,-0.01 -0.01 -0.01,-1 -1 -1,255
255,11111111,11111111,-6.1035156E-05 -6.1035156E-05 -6.1035156E-05 -6.1035156E-05,-0.0011111111 -0.0011111111 -0.0011111111,-0.01 -0.01 -0.01,-1 -1 -1,255
255,11111111,11111111,-6.1035156E-05 -6.1035156E-05 -6.1035156E-05 -6.1035156E-05,-0.0011111111 -0.0011111111 -0.0011111111,-0.01 -0.01 -0.01,-1 -1 -1,255
255,11111111,11111111,-6.1035156E-05 -6.1035156E-05 -6.1035156E-05 -6.1035156E-05,-0.0011111111 -0.0011111111 -0.0011111111,-0.01 -0.01 -0.01,-1 -1 -1,255
255,11111111,11111111,-6.1035156E-05 -6.1035156E-05 -6.1035156E-05 -6.1035156E-05,-0.0011111111 -0.0011111111 -0.0011111111,-0.01 -0.01 -0.01,-1 -1 -1,255
255,11111111,11111111,-6.1035156E-05 -6.1035156E-05 -6.1035156E-05 -6.1035156E-05,-0.0011111111 -0.0011111111 -0.0011111111,-0.01 -0.01 -0.01,-1 -1 -1,255
255,11111111,11111111,-6.1035156E-05 -6.1035156E-05 -6.1035156E-05 -6.1035156E-05,-0.0011111111 -0.0011111111 -0.0011111111,-0.01 -0.01 -0.01,-1 -1 -1,255
255,11111111,11111111,-6.1035156E-05 -6.1035156E-05 -6.1035156E-05 -6.1035156E-05,-0.0011111111 -0.0011111111 -0.0011111111,-0.01 -0.01 -0.01,-1 -1 -1,255
255,11111111,11111111,-6.1035156E-05 -6.1035156E-05 -6.1035156E-05 -6.1035156E-05,-0.0011111111 -0.0011111111 -0.0011111111,-0.01 -0.01 -0.01,-1 -1 -1,255
255,11111111,11111111,-6.1035156E-05 -6.1035156E-05 -6.1035156E-05 -6.1035156E-05,-0.0011111111 -0.0011111111 -0.0011111111,-0.01 -0.01 -0.01,-1 -1 -1,255
255,11111111,11111111,-6.1035156E-05 -6.1035156E-05 -6.1035156E-05 -6.1035156E-05,-0.0011111111 -0.0011111111 -0.0011111111,-0.01 -0.01 -0.01,-1 -1 -1,255
255,11111111,11111111,-6.1035156E-05 -6.1035156E-05 -6.1035156E-05 -6.1035156E-05,-0.0011111111 -0.0011111111 -0.0011111111,-0.01 -0.01 -0.01,-1 -1 -1,255
255,11111111,11111111,-6.1035156E-05 -6.1035156E-05 -6.1035156E-05 -6.1035156E-05,-0.0011111111 -0.0011111111 -0.0011111111,-0.01 -0.01 -0.01,-1 -1 -1,255
255,11111111,11111111,-6.1035156E-05 -6.1035156E-05 -6.1035156E-05 -6.1035156E-05,-0.0011111111 -0.0011111111 -0.0011111111,-0.01 -0.01 -0.01,-1 -1 -1,255
255,11111111,11111111,-6.1035156E-05 -6.1035156E-05 -6.1035156E-05 -6.1035156E-05,-0.0011111111 -0.0011111111 -0.0011111111,-0.01 -0.01 -0.01,-1 -1 -1,255
255,11111111,11111111,-6.1035156E-05 -6.1035156E-05 -6.1035156E-05 -6.1035156E-05,-0.0011111111 -0.0011111111 -0.0011111111,-0.01 -0.01 -0.01,-1 -1 -1,255
255,11111111,11111111,-6.1035156E-05 -6.1035156E-05 -6.1035156E-05 -6.1035156E-05,-0.0011111111 -0.0011111111 -0.0011111111,-0.01 -0.01 -0.01,-1 -1 -1,255
255,11111111,11111111,-6.1035156E-05 -6.1035156E-05 -6.1035156E-05 -6.1035156E-05,-0.0011111111 -0.0011111111 -0.0011111111,-0.01 -0.01 -0.01,-1 -1 -1,255
255,11111111,11111111,-6.1035156E-05 -6.1035156E-05 -6.1035156E-05 -6.1035156E-05,-0.0011111111 -0.0011111111 -0.0011111111,-0.01 -0.01 -0.01,-1 -1 -1,255
255,11111111,11111111,-6.1035156E-05 -6.1035156E-05 -6.1035156E-05 -6.1035156E-05,-0.0011111111 -0.0011111111 -0.0011111111,-0.01 -0.01 -0.01,-1 -1 -1,255
255,11111111,11111111,-6.1035156E-05 -6.1035156E-05 -6.1035156E-05 -6.1035156E-05,-0.0011111111 -0.0011111111 -0.0011111111,-0.01 -0.01 -0.01,-1 -1 -1,255
255,11111111,11111111,-6.1035156E-05 -6.1035156E-05 -6.1035156E-05 -6.1035156E-05,-0.0011111111 -0.0011111111 -0.0011111111,-0.01 -0.01 -0.01,-1 -1 -1,255
255,11111111,11111111,-6.1035156E-05 -6.1035156E-05 -6.1035156E-05 -6.1035156E-05,-0.0011111111 -0.0011111111 -0.0011111111,-0.01 -0.01 -0.01,-1 -1 -1,255
255,11111111,11111111,-6.1035156E-05 -6.1035156E-05 -6.1035156E-05 -6.1035156E-05,-0.0011111111 -0.0011111111 -0.0011111111,-0.01 -0.01 -0.01,-1 -1 -1,255
255,11111111,11111111,-6.1035156E-05 -6.1035156E-05 -6.1035156E-05 -6.1035156E-05,-0.0011111111 -0.0011111111 -0.0011111111,-0.01 -0.01 -0.01,-1 -1 -1,255
255,11111111,11111111,-6.1035156E-05 -6.1035156E-05 -6.1035156E-05 -6.1035156E-05,-0.0011111111 -0.0011111111 -0.0011111111,-0.01 -0.01 -0.01,-1 -1 -1,255
255,11111111,11111111,-6.1035156E-05 -6.1035156E-05 -6.1035156E-05 -6.1035156E-05,-0.0011111111 -0.0011111111 -0.0011111111,-0.01 -0.01 -0.01,-1 -1 -1,255
255,11111111,11111111,-6.1035156E-05 -6.1035156E-05 -6.1035156E-05 -6.1035156E-05,-0.0011111111 -0.0011111111 -0.0011111111,-0.01 -0.01 -0.01,-1 -1 -1,255
255,11111111,11111111,-6.1035156E-05 -6.1035156E-05 -6.1035156E-05 -6.1035156E-05,-0.0011111111 -0.0011111111 -0.0011111111,-0.01 -0.01 -0.01,-1 -1 -1,255
255,11111111,11111111,-6.1035156E-05 -6.1035156E-05 -6.1035156E-05 -6.1035156E-05,-0.0011111111 -0.0011111111 -0.0011111111,-0.01 -0.01 -0.01,-1 -1 -1,255
255,11111111,11111111,-6.1035156E-05 -6.1035156E-05 -6.1035156E-05 -6.1035156E-05,-0.0011111111 -0.0011111111 -0.0011111111,-0.01 -0.01 -0.01,-1 -1 -1,255
255,11111111,11111111,-6.1035156E-05 -6.1035156E-05 -6.1035156E-05 -6.1035156E-05,-0.0011111111 -0.0011111111 -0.0011111111,-0.01 -0.01 -0.01,-1 -1 -1,255
255,11111111,11111111,-6.1035156E-05 -6.1035156E-05 -6.1035156E-05 -6.1035156E-05,-0.0011111111 -0.0011111111 -0.0011111111,-0.01 -0.01 -0.01,-1 -1 -1,255
255,11111111,11111111,-6.1035156E-05 -6.1035156E-05 -6.1035156E-05 -6.1035156E-05,-0.0011111111 -0.0011111111 -0.0011111111,-0.01 -0.01 -0.01,-1 -1 -1,255
255,11111111,11111111,-6.1035156E-05 -6.1035156E-05 -6.1035156E-05 -6.1035156E-05,-0.0011111111 -0.0011111111 -0.0011111111,-0.01 -0.01 -0.01,-1 -1 -1,255
255,11111111,11111111,-6.1035156E-05 -6.1035156E-05 -6.1035156E-05 -6.1035156E-05,-0.0011111111 -0.0011111111 -0.0011111111,-0.01 -0.01 -0.01,-1 -1 -1,255
255,11111111,11111111,-6.1035156E-05 -6.1035156E-05 -6.1035156E-05 -6.1035156E-05,-0.0011111111 -0.0011111111 -0.0011111111,-0.01 -0.01 -0.01,-1 -1 -1,255
255,11111111,11111111,-6.1035156E-05 -6.1035156E-05 -6.1035156E-05 -6.1035156E-05,-0.0011111111 -0.0011111111 -0.0011111111,-0.01 -0.01 -0.01,-1 -1 -1,255
255,11111111,11111111,-6.1035156E-05 -6.1035156E-05 -6.1035156E-05 -6.1035156E-05,-0.0011111111 -0.0011111111 -0.0011111111,-0.01 -0.01 -0.01,-1 -1 -1,255
255,11111111,11111111,-6.1035156E-05 -6.1035156E-05 -6.1035156E-05 -6.1035156E-05,-0.0011111111 -0.0011111111 -0.0011111111,-0.01 -0.01 -0.01,-1 -1 -1,255
255,11111111,11111111,-6.1035156E-05 -6.1035156E-05 -6.1035156E-05 -6.1035156E-05,-0.0011111111 -0.0011111111 -0.0011111111,-0.01 -0.01 -0.01,-1 -1 -1,255
255,11111111,11111111,-6.1035156E-05 -6.1035156E-05 -6.1035156E-05 -6.1035156E-05,-0.0011111111 -0.0011111111 -0.0011111111,-0.01 -0.01 -0.01,-1 -1 -1,255
255,11111111,11111111,-6.1035156E-05 -6.1035156E-05 -6.1035156E-05 -6.1035156E-05,-0.0011111111 -0.0011111111 -0.0011111111,-0.01 -0.01 -0.01,-1 -1 -1,255
255,11111111,11111111,-6.1035156E-05 -6.1035156E-05 -6.1035156E-05 -6.1035156E-05,-0.0011111111 -0.0011111111 -0.0011111111,-0.01 -0.01 -0.01,-1 -1 -1,255
255,11111111,11111111,-6.1035156E-05 -6.1035156E-05 -6.1035156E-05 -6.1035156E-05,-0.0011111111 -0.0011111111 -0.0011111111,-0.01 -0.01 -0.01,-1 -1 -1,255
255,11111111,11111111,-6.1035156E-05 -6.1035156E-05 -6.1035156E-05 -6.1035156E-05,-0.0011111111 -0.0011111111 -0.0011111111,-0.01 -0.01 -0.01,-1 -1 -1,255
255,11111111,11111111,-6.1035156E-05 -6.1035156E-05 -6.1035156E-05 -6.1035156E-05,-0.0011111111 -0.0011111111 -0.0011111111,-0.01 -0.01 -0.01,-1 -1 -1,255
255,11111111,11111111,-6.1035156E-05 -6.1035156E-05 -6.1035156E-05 -6.1035156E-05,-0.0011111111 -0.0011111111 -0.0011111111,-0.01 -0.01 -0.01,-1 -1 -1,255
255,11111111,11111111,-6.1035156E-05 -6.1035156E-05 -6.1035156E-05 -6.1035156E-05,-0.0011111111 -0.0011111111 -0.0011111111,-0.01 -0.01 -0.01,-1 -1 -1,255
255,11111111,11111111,-6.1035156E-05 -6.1035156E-05 -6.1035156E-05 -6.1035156E-05,-0.0011111111 -0.0011111111 -0.0011111111,-0.01 -0.01 -0.01,-1 -1 -1,255
255,11111111,11111111,-6.1035156E-05 -6.1035156E-05 -6.1035156E-05 -6.1035156E-05,-0.0011111111 -0.0011111111 -0.0011111111,-0.01 -0.01 -0.01,-1 -1 -1,255
255,11111111,11111111,-6.1035156E-05 -6.1035156E-05 -6.1035156E-05 -6.1035156E-05,-0.0011111111 -0.0011111111 -0.0011111111,-0.01 -0.01 -0.01,-1 -1 -1,255
255,11111111,11111111,-6.1035156E-05 -6.1035156E-05 -6.1035156E-05 -6.1035156E-05,-0.0011111111 -0.0011111111 -0.0011111111,-0.01 -0.01 -0.01,-1 -1 -1,255
255,11111111,11111111,-6.1035156E-05 -6.1035156E-05 -6.1035156E-05 -6.1035156E-05,-0.0011111111 -0.0011111111 -0.0011111111,-0.01 -0.01 -0.01,-1 -1 -1,255
255,11111111,11111111,-6.1035156E-05 -6.1035156E-05 -6.1035156E-05 -6.1035156E-05,-0.0011111111 -0.0011111111 -0.0011111111,-0.01 -0.01 -0.01,-1 -1 -1,255
255,11111111,11111111,-6.1035156E-05 -6.1035156E-05 -6.1035156E-05 -6.1035156E-05,-0.0011111111 -0.0011111111 -0.0011111111,-0.01 -0.01 -0.01,-1 -1 -1,255
255,11111111,11111111,-6.1035156E-05 -6.1035156E-05 -6.1035156E-05 -6.1035156E-05,-0.0011111111 -0.0011111111 -0.0011111111,-0.01 -0.01 -0.01,-1 -1 -1,255
255,11111111,11111111,-6.1035156E-05 -6.1035156E-05 -6.1035156E-05 -6.1035156E-05,-0.0011111111 -0.0011111111 -0.0011111111,-0.01 -0.01 -0.01,-1 -1 -1,255
255,11111111,11111111,-6.1035156E-05 -6.1035156E-05 -6.1035156E-05 -6.1035156E-05,-0.0011111111 -0.0011111111 -0.0011111111,-0.01 -0.01 -0.01,-1 -1 -1,255
255,11111111,11111111,-6.1035156E-05 -6.1035156E-05 -6.1035156E-05 -6.1035156E-05,-0.0011111111 -0.0011111111 -0.0011111111,-0.01 -0.01 -0.01,-1 -1 -1,255
255,11111111,11111111,-6.1035156E-05 -6.1035156E-05 -6.1035156E-05 -6.1035156E-05,-0.0011111111 -0.0011111111 -0.0011111111,-0.01 -0.01 -0.01,-1 -1 -1,255
255,11111111,11111111,-6.1035156E-05 -6.1035156E-05 -6.1035156E-05 -6.1035156E-05,-0.0011111111 -0.0011111111 -0.0011111111,-0.01 -0.01 -0.01,-1 -1 -1,255
255,11111111,11111111,-6.1035156E-05 -6.1035156E-05 -6.1035156E-05 -6.1035156E-05,-0.0011111111 -0.0011111111 -0.0011111111,-0.01 -0.01 -0.01,-1 -1 -1,255
255,11111111,11111111,-6.1035156E-05 -6.1035156E-05 -6.1035156E-05 -6.1035156E-05,-0.0011111111 -0.0011111111 -0.0011111111,-0.01 -0.01 -0.01,-1 -1 -1,255
255,11111111,11111111,-6.1035156E-05 -6.1035156E-05 -6.1035156E-05 -6.1035156E-05,-0.0011111111 -0.0011111111 -0.0011111111,-0.01 -0.01 -0.01,-1 -1 -1,255
255,11111111,11111111,-6.1035156E-05 -6.1035156E-05 -6.1035156E-05 -6.1035156E-05,-0.0011111111 -0.0011111111 -0.0011111111,-0.01 -0.01 -0.01,-1 -1 -1,255
255,11111111,11111111,-6.1035156E-05 -6.1035156E-05 -6.1035156E-05 -6.1035156E-05,-0.0011111111 -0.0011111111 -0.0011111111,-0.01 -0.01 -0.01,-1 -1 -1,255
255,11111111,11111111,-6.1035156E-05 -6.1035156E-05 -6.1035156E-05 -6.1035156E-05,-0.0011111111 -0.0011111111 -0.0011111111,-0.01 -0.01 -0.01,-1 -1 -1,255
255,11111111,11111111,-6.1035156E-05 -6.1035156E-05 -6.1035156E-05 -6.1035156E-05,-0.0011111111 -0.0011111111 -0.0011111111,-0.01 -0.01 -0.01,-1 -1 -1,255
255,11111111,11111111,-6.1035156E-05 -6.1035156E-05 -6.1035156E-05 -6.1035156E-05,-0.0011111111 -0.0011111111 -0.0011111111,-0.01 -0.01 -0.01,-1 -1 -1,255
255,11111111,11111111,-6.1035156E-05 -6.1035156E-05 -6.1035156E-05 -6.1035156E-05,-0.0011111111 -0.0011111111 -0.0011111111,-0.01 -0.01 -0.01,-1 -1 -1,255
255,11111111,11111111,-6.1035156E-05 -6.1035156E-05 -6.1035156E-05 -6.1035156E-05,-0.0011111111 -0.0011111111 -0.0011111111,-0.01 -0.01 -0.01,-1 -1 -1,255
255,11111111,11111111,-6.1035156E-05 -6.1035156E-05 -6.1035156E-05 -6.1035156E-05,-0.0011111111 -0.0011111111 -0.0011111111,-0.01 -0.01 -0.01,-1 -1 -1,255
255,11111111,11111111,-6.1035156E-05 -6.1035156E-05 -6.1035156E-05 -6.1035156E-05,-0.0011111111 -0.0011111111 -0.0011111111,-0.01 -0.01 -0.01,-1 -1 -1,255
255,11111111,11111111,-6.1035156E-05 -6.1035156E-05 -6.1035156E-05 -6.1035156E-05,-0.0011111111 -0.0011111111 -0.0011111111,-0.01 -0.01 -0.01,-1 -1 -1,255
255,11111111,11111111,-6.1035156E-05 -6.1035156E-05 -6.1035156E-05 -6.1035156E-05,-0.0011111111 -0.0011111111 -0.0011111111,-0.01 -0.01 -0.01,-1 -1 -1,255
255,11111111,11111111,-6.1035156E-05 -6.1035156E-05 -6.1035156E-05 -6.1035156E-05,-0.0011111111 -0.0011111111 -0.0011111111,-0.01 -0.01 -0.01,-1 -1 -1,255
255,11111111,11111111,-6.1035156E-05 -6.1035156E-05 -6.1035156E-05 -6.1035156E-05,-0.0011111111 -0.0011111111 -0.0011111111,-0.01 -0.01 -0.01,-1 -1 -1,255
255,11111111,11111111,-6.1035156E-05 -6.1035156E-05 -6.1035156E-05 -6.1035156E-05,-0.0011111111 -0.0011111111 -0.0011111111,-0.01 -0.01 -0.01,-1 -1 -1,255
255,11111111,11111111,-6.1035156E-05 -6.1035156E-05 -6.1035156E-05 -6.1035156E-05,-0.0011111111 -0.0011111111 -0.0011111111,-0.01 -0.01 -0.01,-1 -1 -1,255
255,11111111,11111111,-6.1035156E-05 -6.1035156E-05 -6.1035156E-05 -6.1035156E-05,-0.0011111111 -0.0011111111 -0.0011111111,-0.01 -0.01 -0.01,-1 -1 -1,255
255,11111111,11111111,-6.1035156E-05 -6.1035156E-05 -6.1035156E-05 -6.1035156E-05,-0.0011111111 -0.0011111111 -0.0011111111,-0.01 -0.01 -0.01,-1 -1 -1,255
255,11111111,11111111,-6.1035156E-05 -6.1035156E-05 -6.1035156E-05 -6.1035156E-05,-0.0011111111 -0.0011111111 -0.0011111111,-0.01 -0.01 -0.01,-1 -1 -1,255
255,11111111,11111111,-6.1035156E-05 -6.1035156E-05 -6.1035156E-05 -6.1035156E-05,-0.0011111111 -0.0011111111 -0.0011111111,-0.01 -0.01 -0.01,-1 -1 -1,255
255,11111111,11111111,-6.1035156E-05 -6.1035156E-05 -6.1035156E-05 -6.1035156E-05,-0.0011111111 -0.0011111111 -0.0011111111,-0.01 -0.01 -0.01,-1 -1 -1,255
255,11111111,11111111,-6.1035156E-05 -6.1035156E-05 -6.1035156E-05 -6.1035156E-05,-0.0011111111 -0.0011111111 -0.0011111111,-0.01 -0.01 -0.01,-1 -1 -1,255
255,11111111,11111111,-6.1035156E-05 -6.1035156E-05 -6.1035156E-05 -6.1035156E-05,-0.0011111111 -0.0011111111 -0.0011111111,-0.01 -0.01 -0.01,-1 -1 -1,255
255,11111111,11111111,-6.1035156E-05 -6.1035156E-05 -6.1035156E-05 -6.1035156E-05,-0.0011111111 -0.0011111111 -0.0011111111,-0.01 -0.01 -0.01,-1 -1 -1,255
255,11111111,11111111,-6.1035156E-05 -6.1035156E-05 -6.1035156E-05 -6.1035156E-05,-0.0011111111 -0.0011111111 -0.0011111111,-0.01 -0.01 -0.01,-1 -1 -1,255
255,11111111,11111111,-6.1035156E-05 -6.1035156E-05 -6.1035156E-05 -6.1035156E-05,-0.0011111111 -0.0011111111 -0.0011111111,-0.01 -0.01 -0.01,-1 -1 -1,255
255,11111111,11111111,-6.1035156E-05 -6.1035156E-05 -6.1035156E-05 -6.1035156E-05,-0.0011111111 -0.0011111111 -0.0011111111,-0.01 -0.01 -0.01,-1 -1 -1,255
255,11111111,11111111,-6.1035156E-05 -6.1035156E-05 -6.1035156E-05 -6.1035156E-05,-0.0011111111 -0.0011111111 -0.0011111111,-0.01 -0.01 -0.01,-1 -1 -1,255
255,11111111,11111111,-6.1035156E-05 -6.1035156E-05 -6.1035156E-05 -6.1035156E-05,-0.0011111111 -0.0011111111 -0.0011111111,-0.01 -0.01 -0.01,-1 -1 -1,255
255,11111111,11111111,-6.1035156E-05 -6.1035156E-05 -6.1035156E-05 -6.1035156E-05,-0.0011111111 -0.0011111111 -0.0011111111,-0.01 -0.01 -0.01,-1 -1 -1,255
255,11111111,11111111,-6.1035156E-05 -6.1035156E-05 -6.1035156E-05 -6.1035156E-05,-0.0011111111 -0.0011111111 -0.0011111111,-0.01 -0.01 -0.01,-1 -1 -1,255
255,11111111,11111111,-6.1035156E-05 -6.1035156E-05 -6.1035156E-05 -6.1035156E-05,-0.0011111111 -0.0011111111 -0.0011111111,-0.01 -0.01 -0.01,-1 -1 -1,255
255,11111111,11111111,-6.1035156E-05 -6.1035156E-05 -6.1035156E-05 -6.1035156E-05,-0.0011111111 -0.0011111111 -0.0011111111,-0.01 -0.01 -0.01,-1 -1 -1,255
255,11111111,11111111,-6.1035156E-05 -6.1035156E-05 -6.1035156E-05 -6.1035156E-05,-0.0011111111 -0.0011111111 -0.0011111111,-0.01 -0.01 -0.01,-1 -1 -1,255
255,11111111,11111111,-6.1035156E-05 -6.1035156E-05 -6.1035156E-05 -6.1035156E-05,-0.0011111111 -0.0011111111 -0.0011111111,-0.01 -0.01 -0.01,-1 -1 -1,255
255,11111111,11111111,-6.1035156E-05 -6.1035156E-05 -6.1035156E-05 -6.1035156E-05,-0.0011111111 -0.0011111111 -0.0011111111,-0.01 -0.01 -0.01,-1 -1 -1,255
255,11111111,11111111,-6.1035156E-05 -6.1035156E-05 -6.1035156E-05 -6.1035156E-05,-0.0011111111 -0.0011111111 -0.0011111111,-0.01 -0.01 -0.01,-1 -1 -1,255
255,11111111,11111111,-6.1035156E-05 -6.1035156E-05 -6.1035156E-05 -6.1035156E-05,-0.0011111111 -0.0011111111 -0.0011111111,-0.01 -0.01 -0.01,-1 -1 -1,255
255,11111111,11111111,-6.1035156E-05 -6.1035156E-05 -6.1035156E-05 -6.1035156E-05,-0.0011111111 -0.0011111111 -0.0011111111,-0.01 -0.01 -0.01,-1 -1 -1,255
255,11111111,11111111,-6.1035156E-05 -6.1035156E-05 -6.1035156E-05 -6.1035156E-05,-0.0011111111 -0.0011111111 -0.0011111111,-0.01 -0.01 -0.01,-1 -1 -1,255
255,11111111,11111111,-6.1035156E-05 -6.1035156E-05 -6.1035156E-05 -6.1035156E-05,-0.0011111111 -0.0011111111 -0.0011111111,-0.01 -0.01 -0.01,-1 -1 -1,255
255,11111111,11111111,-6.1035156E-05 -6.1035156E-05 -6.1035156E-05 -6.1035156E-05,-0.0011111111 -0.0011111111 -0.0011111111,-0.01 -0.01 -0.01,-1 -1 -1,255
255,11111111,11111111,-6.1035156E-05 -6.1035156E-05 -6.1035156E-05 -6.1035156E-05,-0.0011111111 -0.0011111111 -0.0011111111,-0.01 -0.01 -0.01,-1 -1 -1,255
255,11111111,11111111,-6.1035156E-05 -6.1035156E-05 -6.1035156E-05 -6.1035156E-05,-0.0011111111 -0.0011111111 -0.0011111111,-0.01 -0.01 -0.01,-1 -1 -1,255
255,11111111,11111111,-6.1035156E-05 -6.1035156E-05 -6.1035156E-05 -6.1035156E-05,-0.0011111111 -0.0011111111 -0.0011111111,-0.01 -0.01 -0.01,-1 -1 -1,255
255,11111111,11111111,-6.1035156E-05 -6.1035156E-05 -6.1035156E-05 -6.1035156E-05,-0.0011111111 -0.0011111111 -0.0011111111,-0.01 -0.01 -0.01,-1 -1 -1,255
255,11111111,11111111,-6.1035156E-05 -6.1035156E-05 -6.1035156E-05 -6.1035156E-05,-0.0011111111 -0.0011111111 -0.0011111111,-0.01 -0.01 -0.01,-1 -1 -1,255
255,11111111,11111111,-6.1035156E-05 -6.1035156E-05 -6.1035156E-05 -6.1035156E-05,-0.0011111111 -0.0011111111 -0.0011111111,-0.01 -0.01 -0.01,-1 -1 -1,255
255,11111111,11111111,-6.1035156E-05 -6.1035156E-05 -6.1035156E-05 -6.1035156E-05,-0.0011111111 -0.0011111111 -0.0011111111,-0.01 -0.01 -0.01,-1 -1 -1,255
255,11111111,11111111,-6.1035156E-05 -6.1035156E-05 -6.1035156E-05 -6.1035156E-05,-0.0011111111 -0.0011111111 -0.0011111111,-0.01 -0.01 -0.01,-1 -1 -1,255
255,11111111,11111111,-6.1035156E-05 -6.1035156E-05 -6.1035156E-05 -6.1035156E-05,-0.0011111111 -0.0011111111 -0.0011111111,-0.01 -0.01 -0.01,-1 -1 -1,255
255,11111111,11111111,-6.1035156E-05 -6.1035156E-05 -6.1035156E-05 -6.1035156E-05,-0.0011111111 -0.0011111111 -0.0011111111,-0.01 -0.01 -0.01,-1 -1 -1,255
255,11111111,11111111,-6.1035156E-05 -6.1035156E-05 -6.1035156E-05 -6.1035156E-05,-0.0011111111 -0.0011111111 -0.0011111111,-0.01 -0.01 -0.01,-1 -1 -1,255
255,11111111,11111111,-6.1035156E-05 -6.1035156E-05 -6.1035156E-05 -6.1035156E-05,-0.0011111111 -0.0011111111 -0.0011111111,-0.01 -0.01 -0.01,-1 -1 -1,255
255,11111111,11111111,-6.1035156E-05 -6.1035156E-05 -6.1035156E-05 -6.1035156E-05,-0.0011111111 -0.0011111111 -0.0011111111,-0.01 -0.01 -0.01,-1 -1 -1,255
255,11111111,11111111,-6.1035156E-05 -6.1035156E-05 -6.1035156E-05 -6.1035156E-05,-0.0011111111 -0.0011111111 -0.0011111111,-0.01 -0.01 -0.01,-1 -1 -1,255
255,11111111,11111111,-6.1035156E-05 -6.1035156E-05 -6.1035156E-05 -6.1035156E-05,-0.0011111111 -0.0011111111 -0.0011111111,-0.01 -0.01 -0.01,-1 -1 -1,255
255,11111111,11111111,-6.1035156E-05 -6.1035156E-05 -6.1035156E-05 -6.1035156E-05,-0.0011111111 -0.0011111111 -0.0011111111,-0.01 -0.01 -0.01,-1 -1 -1,255
255,11111111,11111111,-6.1035156E-05 -6.1035156E-05 -6.1035156E-05 -6.1035156E-05,-0.0011111111 -0.0011111111 -0.0011111111,-0.01 -0.01 -0.01,-1 -1 -1,255
255,11111111,11111111,-6.1035156E-05 -6.1035156E-05 -6.1035156E-05 -6.1035156E-05,-0.0011111111 -0.0011111111 -0.0011111111,-0.01 -0.01 -0.01,-1 -1 -1,255
255,11111111,11111111,-6.1035156E-05 -6.1035156E-05 -6.1035156E-05 -6.1035156E-05,-0.0011111111 -0.0011111111 -0.0011111111,-0.01 -0.01 -0.01,-1 -1 -1,255
255,11111111,11111111,-6.1035156E-05 -6.1035156E-05 -6.1035156E-05 -6.1035156E-05,-0.0011111111 -0.0011111111 -0.0011111111,-0.01 -0.01 -0.01,-1 -1 -1,255
255,11111111,11111111,-6.1035156E-05 -6.1035156E-05 -6.1035156E-05 -6.1035156E-05,-0.0011111111 -0.0011111111 -0.0011111111,-0.01 -0.01 -0.01,-1 -1 -1,255
255,11111111,11111111,-6.1035156E-05 -6.1035156E-05 -6.1035156E-05 -6.1035156E-05,-0.0011111111 -0.0011111111 -0.0011111111,-0.01 -0.01 -0.01,-1 -1 -1,255
255,11111111,11111111,-6.1035156E-05 -6.1035156E-05 -6.1035156E-05 -6.1035156E-05,-0.0011111111 -0.0011111111 -0.0011111111,-0.01 -0.01 -0.01,-1 -1 -1,255
255,11111111,11111111,-6.1035156E-05 -6.1035156E-05 -6.1035156E-05 -6.1035156E-05,-0.0011111111 -0.0011111111 -0.0011111111,-0.01 -0.01 -0.01,-1 -1 -1,255
255,11111111,11111111,-6.1035156E-05 -6.1035156E-05 -6.1035156E-05 -6.1035156E-05,-0.0011111111 -0.0011111111 -0.0011111111,-0.01 -0.01 -0.01,-1 -1 -1,255
255,11111111,11111111,-6.1035156E-05 -6.1035156E-05 -6.1035156E-05 -6.1035156E-05,-0.0011111111 -0.0011111111 -0.0011111111,-0.01 -0.01 -0.01,-1 -1 -1,255
255,11111111,11111111,-6.1035156E-05 -6.1035156E-05 -6.1035156E-05 -6.1035156E-05,-0.0011111111 -0.0011111111 -0.0011111111,-0.01 -0.01 -0.01,-1 -1 -1,255
255,11111111,11111111,-6.1035156E-05 -6.1035156E-05 -6.1035156E-05 -6.1035156E-05,-0.0011111111 -0.0011111111 -0.0011111111,-0.01 -0.01 -0.01,-1 -1 -1,255
255,11111111,11111111,-6.1035156E-05 -6.1035156E-05 -6.1035156E-05 -6.1035156E-05,-0.0011111111 -0.0011111111 -0.0011111111,-0.01 -0.01 -0.01,-1 -1 -1,255
255,11111111,11111111,-6.1035156E-05 -6.1035156E-05 -6.1035156E-05 -6.1035156E-05,-0.0011111111 -0.0011111111 -0.0011111111,-0.01 -0.01 -0.01,-1 -1 -1,255
255,11111111,11111111,-6.1035156E-05 -6.1035156E-05 -6.1035156E-05 -6.1035156E-05,-0.0011111111 -0.0011111111 -0.0011111111,-0.01 -0.01 -0.01,-1 -1 -1,255
255,11111111,11111111,-6.1035156E-05 -6.1035156E-05 -6.1035156E-05 -6.1035156E-05,-0.0011111111 -0.0011111111 -0.0011111111,-0.01 -0.01 -0.01,-1 -1 -1,255
255,11111111,11111111,-6.1035156E-05 -6.1035156E-05 -6.1035156E-05 -6.1035156E-05,-0.0011111111 -0.0011111111 -0.0011111111,-0.01 -0.01 -0.01,-1 -1 -1,255
255,11111111,11111111,-6.1035156E-05 -6.1035156E-05 -6.1035156E-05 -6.1035156E-05,-0.0011111111 -0.0011111111 -0.0011111111,-0.01 -0.01 -0.01,-1 -1 -1,255
255,11111111,11111111,-6.1035156E-05 -6.1035156E-05 -6.1035156E-05 -6.1035156E-05,-0.0011111111 -0.0011111111 -0.0011111111,-0.01 -0.01 -0.01,-1 -1 -1,255
255,11111111,11111111,-6.1035156E-05 -6.1035156E-05 -6.1035156E-05 -6.1035156E-05,-0.0011111111 -0.0011111111 -0.0011111111,-0.01 -0.01 -0.01,-1 -1 -1,255
255,11111111,11111111,-6.1035156E-05 -6.1035156E-05 -6.1035156E-05 -6.1035156E-05,-0.0011111111 -0.0011111111 -0.0011111111,-0.01 -0.01 -0.01,-1 -1 -1,255
255,11111111,11111111,-6.1035156E-05 -6.1035156E-05 -6.1035156E-05 -6.1035156E-05,-0.0011111111 -0.0011111111 -0.0011111111,-0.01 -0.01 -0.01,-1 -1 -1,255
255,11111111,11111111,-6.1035156E-05 -6.1035156E-05 -6.1035156E-05 -6.1035156E-05,-0.0011111111 -0.0011111111 -0.0011111111,-0.01 -0.01 -0.01,-1 -1 -1,255
255,11111111,11111111,-6.1035156E-05 -6.1035156E-05 -6.1035156E-05 -6.1035156E-05,-0.0011111111 -0.0011111111 -0.0011111111,-0.01 -0.01 -0.01,-1 -1 -1,255
255,11111111,11111111,-6.1035156E-05 -6.1035156E-05 -6.1035156E-05 -6.1035156E-05,-0.0011111111 -0.0011111111 -0.0011111111,-0.01 -0.01 -0.01,-1 -1 -1,255
255,11111111,11111111,-6.1035156E-05 -6.1035156E-05 -6.1035156E-05 -6.1035156E-05,-0.0011111111 -0.0011111111 -0.0011111111,-0.01 -0.01 -0.01,-1 -1 -1,255
255,11111111,11111111,-6.1035156E-05 -6.1035156E-05 -6.1035156E-05 -6.1035156E-05,-0.0011111111 -0.0011111111 -0.0011111111,-0.01 -0.01 -0.01,-1 -1 -1,255
255,11111111,11111111,-6.1035156E-05 -6.1035156E-05 -6.1035156E-05 -6.1035156E-05,-0.0011111111 -0.0011111111 -0.0011111111,-0.01 -0.01 -0.01,-1 -1 -1,255
255,11111111,11111111,-6.1035156E-05 -6.1035156E-05 -6.1035156E-05 -6.1035156E-05,-0.0011111111 -0.0011111111 -0.0011111111,-0.01 -0.01 -0.01,-1 -1 -1,255
255,11111111,11111111,-6.1035156E-05 -6.1035156E-05 -6.1035156E-05 -6.1035156E-05,-0.0011111111 -0.0011111111 -0.0011111111,-0.01 -0.01 -0.01,-1 -1 -1,255
255,11111111,11111111,-6.1035156E-05 -6.1035156E-05 -6.1035156E-05 -6.1035156E-05,-0.0011111111 -0.0011111111 -0.0011111111,-0.01 -0.01 -0.01,-1 -1 -1,255
255,11111111,11111111,-6.1035156E-05 -6.1035156E-05 -6.1035156E-05 -6.1035156E-05,-0.0011111111 -0.0011111111 -0.0011111111,-0.01 -0.01 -0.01,-1 -1 -1,255
255,11111111,11111111,-6.1035156E-05 -6.1035156E-05 -6.1035156E-05 -6.1035156E-05,-0.0011111111 -0.0011111111 -0.0011111111,-0.01 -0.01 -0.01,-1 -1 -1,255
255,11111111,11111111,-6.1035156E-05 -6.1035156E-05 -6.1035156E-05 -6.1035156E-05,-0.0011111111 -0.0011111111 -0.0011111111,-0.01 -0.01 -0.01,-1 -1 -1,255
255,11111111,11111111,-6.1035156E-05 -6.1035156E-05 -6.1035156E-05 -6.1035156E-05,-0.0011111111 -0.0011111111 -0.0011111111,-0.01 -0.01 -0.01,-1 -1 -1,255
255,11111111,11111111,-6.1035156E-05 -6.1035156E-05 -6.1035156E-05 -6.1035156E-05,-0.0011111111 -0.0011111111 -0.0011111111,-0.01 -0.01 -0.01,-1 -1 -1,255
255,11111111,11111111,-6.1035156E-05 -6.1035156E-05 -6.1035156E-05 -6.1035156E-05,-0.0011111111 -0.0011111111 -0.0011111111,-0.01 -0.01 -0.01,-1 -1 -1,255
255,11111111,11111111,-6.1035156E-05 -6.1035156E-05 -6.1035156E-05 -6.1035156E-05,-0.0011111111 -0.0011111111 -0.0011111111,-0.01 -0.01 -0.01,-1 -1 -1,255
255,11111111,11111111,-6.1035156E-05 -6.1035156E-05 -6.1035156E-05 -6.1035156E-05,-0.0011111111 -0.0011111111 -0.0011111111,-0.01 -0.01 -0.01,-1 -1 -1,255
255,11111111,11111111,-6.1035156E-05 -6.1035156E-05 -6.1035156E-05 -6.1035156E-05,-0.0011111111 -0.0011111111 -0.0011111111,-0.01 -0.01 -0.01,-1 -1 -1,255
255,11111111,11111111,-6.1035156E-05 -6.1035156E-05 -6.1035156E-05 -6.1035156E-05,-0.0011111111 -0.0011111111 -0.0011111111,-0.01 -0.01 -0.01,-1 -1 -1,255
255,11111111,11111111,-6.1035156E-05 -6.1035156E-05 -6.1035156E-05 -6.1035156E-05,-0.0011111111 -0.0011111111 -0.0011111111,-0.01 -0.01 -0.01,-1 -1 -1,255
255,11111111,11111111,-6.1035156E-05 -6.1035156E-05 -6.1035156E-05 -6.1035156E-05,-0.0011111111 -0.0011111111 -0.0011111111,-0.01 -0.01 -0.01,-1 -1 -1,255
255,11111111,11111111,-6.1035156E-05 -6.1035156E-05 -6.1035156E-05 -6.1035156E-05,-0.0011111111 -0.0011111111 -0.0011111111,-0.01 -0.01 -0.01,-1 -1 -1,255
255,11111111,11111111,-6.1035156E-05 -6.1035156E-05 -6.1035156E-05 -6.1035156E-05,-0.0011111111 -0.0011111111 -0.0011111111,-0.01 -0.01 -0.01,-1 -1 -1,255
255,11111111,11111111,-6.1035156E-05 -6.1035156E-05 -6.1035156E-05 -6.1035156E-05,-0.0011111111 -0.0011111111 -0.0011111111,-0.01 -0.01 -0.01,-1 -1 -1,255
255,11111111,11111111,-6.1035156E-05 -6.1035156E-05 -6.1035156E-05 -6.1035156E-05,-0.0011111111 -0.0011111111 -0.0011111111,-0.01 -0.01 -0.01,-1 -1 -1,255
255,11111111,11111111,-6.1035156E-05 -6.1035156E-05 -6.1035156E-05 -6.1035156E-05,-0.0011111111 -0.0011111111 -0.0011111111,-0.01 -0.01 -0.01,-1 -1 -1,255
255,11111111,11111111,-6.1035156E-05 -6.1035156E-05 -6.1035156E-05 -6.1035156E-05,-0.0011111111 -0.0011111111 -0.0011111111,-0.01 -0.01 -0.01,-1 -1 -1,255
255,11111111,11111111,-6.1035156E-05 -6.1035156E-05 -6.1035156E-05 -6.1035156E-05,-0.0011111111 -0.0011111111 -0.0011111111,-0.01 -0.01 -0.01,-1 -1 -1,255
255,11111111,11111111,-6.1035156E-05 -6.1035156E-05 -6.1035156E-05 -6.1035156E-05,-0.0011111111 -0.0011111111 -0.0011111111,-0.01 -0.01 -0.01,-1 -1 -1,255
255,11111111,11111111,-6.1035156E-05 -6.1035156E-05 -6.1035156E-05 -6.1035156E-05,-0.0011111111 -0.0011111111 -0.0011111111,-0.01 -0.01 -0.01,-1 -1 -1,255
255,11111111,11111111,-6.1035156E-05 -6.1035156E-05 -6.1035156E-05 -6.1035156E-05,-0.0011111111 -0.0011111111 -0.0011111111,-0.01 -0.01 -0.01,-1 -1 -1,255
255,11111111,11111111,-6.1035156E-05 -6.1035156E-05 -6.1035156E-05 -6.1035156E-05,-0.0011111111 -0.0011111111 -0.0011111111,-0.01 -0.01 -0.01,-1 -1 -1,255
255,11111111,11111111,-6.1035156E-05 -6.1035156E-05 -6.1035156E-05 -6.1035156E-05,-0.0011111111 -0.0011111111 -0.0011111111,-0.01 -0.01 -0.01,-1 -1 -1,255
255,11111111,11111111,-6.1035156E-05 -6.1035156E-05 -6.1035156E-05 -6.1035156E-05,-0.0011111111 -0.0011111111 -0.0011111111,-0.01 -0.01 -0.01,-1 -1 -1,255
255,11111111,11111111,-6.1035156E-05 -6.1035156E-05 -6.1035156E-05 -6.1035156E-05,-0.0011111111 -0.0011111111 -0.0011111111,-0.01 -0.01 -0.01,-1 -1 -1,255
255,11111111,11111111,-6.1035156E-05 -6.1035156E-05 -6.1035156E-05 -6.1035156E-05,-0.0011111111 -0.0011111111 -0.0011111111,-0.01 -0.01 -0.01,-1 -1 -1,255
255,11111111,11111111,-6.1035156E-05 -6.1035156E-05 -6.1035156E-05 -6.1035156E-05,-0.0011111111 -0.0011111111 -0.0011111111,-0.01 -0.01 -0.01,-1 -1 -1,255
255,11111111,11111111,-6.1035156E-05 -6.1035156E-05 -6.1035156E-05 -6.1035156E-05,-0.0011111111 -0.0011111111 -0.0011111111,-0.01 -0.01 -0.01,-1 -1 -1,255
255,11111111,11111111,-6.1035156E-05 -6.1035156E-05 -6.1035156E-05 -6.1035156E-05,-0.0011111111 -0.0011111111 -0.0011111111,-0.01 -0.01 -0.01,-1 -1 -1,255
255,11111111,11111111,-6.1035156E-05 -6.1035156E-05 -6.1035156E-05 -6.1035156E-05,-0.0011111111 -0.0011111111 -0.0011111111,-0.01 -0.01 -0.01,-1 -1 -1,255
255,11111111,11111111,-6.1035156E-05 -6.1035156E-05 -6.1035156E-05 -6.1035156E-05,-0.0011111111 -0.0011111111 -0.0011111111,-0.01 -0.01 -0.01,-1 -1 -1,255
255,11111111,11111111,-6.1035156E-05 -6.1035156E-05 -6.1035156E-05 -6.1035156E-05,-0.0011111111 -0.0011111111 -0.0011111111,-0.01 -0.01 -0.01,-1 -1 -1,255
255,11111111,11111111,-6.1035156E-05 -6.1035156E-05 -6.1035156E-05 -6.1035156E-05,-0.0011111111 -0.0011111111 -0.0011111111,-0.01 -0.01 -0.01,-1 -1 -1,255
255,11111111,11111111,-6.1035156E-05 -6.1035156E-05 -6.1035156E-05 -6.1035156E-05,-0.0011111111 -0.0011111111 -0.0011111111,-0.01 -0.01 -0.01,-1 -1 -1,255
255,11111111,11111111,-6.1035156E-05 -6.1035156E-05 -6.1035156E-05 -6.1035156E-05,-0.0011111111 -0.0011111111 -0.0011111111,-0.01 -0.01 -0.01,-1 -1 -1,255
255,11111111,11111111,-6.1035156E-05 -6.1035156E-05 -6.1035156E-05 -6.1035156E-05,-0.0011111111 -0.0011111111 -0.0011111111,-0.01 -0.01 -0.01,-1 -1 -1,255
255,11111111,11111111,-6.1035156E-05 -6.1035156E-05 -6.1035156E-05 -6.1035156E-05,-0.0011111111 -0.0011111111 -0.0011111111,-0.01 -0.01 -0.01,-1 -1 -1,255
255,11111111,11111111,-6.1035156E-05 -6.1035156E-05 -6.1035156E-05 -6.1035156E-05,-0.0011111111 -0.0011111111 -0.0011111111,-0.01 -0.01 -0.01,-1 -1 -1,255
255,11111111,11111111,-6.1035156E-05 -6.1035156E-05 -6.1035156E-05 -6.1035156E-05,-0.0011111111 -0.0011111111 -0.0011111111,-0.01 -0.01 -0.01,-1 -1 -1,255
255,11111111,11111111,-6.1035156E-05 -6.1035156E-05 -6.1035156E-05 -6.1035156E-05,-0.0011111111 -0.0011111111 -0.0011111111,-0.01 -0.01 -0.01,-1 -1 -1,255
255,11111111,11111111,-6.1035156E-05 -6.1035156E-05 -6.1035156E-05 -6.1035156E-05,-0.0011111111 -0.0011111111 -0.0011111111,-0.01 -0.01 -0.01,-1 -1 -1,255
255,11111111,11111111,-6.1035156E-05 -6.1035156E-05 -6.1035156E-05 -6.1035156E-05,-0.0011111111 -0.0011111111 -0.0011111111,-0.01 -0.01 -0.01,-1 -1 -1,255
255,11111111,11111111,-6.1035156E-05 -6.1035156E-05 -6.1035156E-05 -6.1035156E-05,-0.0011111111 -0.0011111111 -0.0011111111,-0.01 -0.01 -0.01,-1 -1 -1,255
255,11111111,11111111,-6.1035156E-05 -6.1035156E-05 -6.1035156E-05 -6.1035156E-05,-0.0011111111 -0.0011111111 -0.0011111111,-0.01 -0.01 -0.01,-1 -1 -1,255
255,11111111,11111111,-6.1035156E-05 -6.1035156E-05 -6.1035156E-05 -6.1035156E-05,-0.0011111111 -0.0011111111 -0.0011111111,-0.01 -0.01 -0.01,-1 -1 -1,255
255,11111111,11111111,-6.1035156E-05 -6.1035156E-05 -6.1035156E-05 -6.1035156E-05,-0.0011111111 -0.0011111111 -0.0011111111,-0.01 -0.01 -0.01,-1 -1 -1,255
255,11111111,11111111,-6.1035156E-05 -6.1035156E-05 -6.1035156E-05 -6.1035156E-05,-0.0011111111 -0.0011111111 -0.0011111111,-0.01 -0.01 -0.01,-1 -1 -1,255
255,11111111,11111111,-6.1035156E-05 -6.1035156E-05 -6.1035156E-05 -6.1035156E-05,-0.0011111111 -0.0011111111 -0.0011111111,-0.01 -0.01 -0.01,-1 -1 -1,255
255,11111111,11111111,-6.1035156E-05 -6.1035156E-05 -6.1035156E-05 -6.1035156E-05,-0.0011111111 -0.0011111111 -0.0011111111,-0.01 -0.01 -0.01,-1 -1 -1,255
255,11111111,11111111,-6.1035156E-05 -6.1035156E-05 -6.1035156E-05 -6.1035156E-05,-0.0011111111 -0.0011111111 -0.0011111111,-0.01 -0.01 -0.01,-1 -1 -1,255
255,11111111,11111111,-6.1035156E-05 -6.1035156E-05 -6.1035156E-05 -6.1035156E-05,-0.0011111111 -0.0011111111 -0.0011111111,-0.01 -0.01 -0.01,-1 -1 -1,255
255,11111111,11111111,-6.1035156E-05 -6.1035156E-05 -6.1035156E-05 -6.1035156E-05,-0.0011111111 -0.0011111111 -0.0011111111,-0.01 -0.01 -0.01,-1 -1 -1,255
255,11111111,11111111,-6.1035156E-05 -6.1035156E-05 -6.1035156E-05 -6.1035156E-05,-0.0011111111 -0.0011111111 -0.0011111111,-0.01 -0.01 -0.01,-1 -1 -1,255
255,11111111,11111111,-6.1035156E-05 -6.1035156E-05 -6.1035156E-05 -6.1035156E-05,-0.0011111111 -0.0011111111 -0.0011111111,-0.01 -0.01 -0.01,-1 -1 -1,255
255,11111111,11111111,-6.1035156E-05 -6.1035156E-05 -6.1035156E-05 -6.1035156E-05,-0.0011111111 -0.0011111111 -0.0011111111,-0.01 -0.01 -0.01,-1 -1 -1,255
255,11111111,11111111,-6.1035156E-05 -6.1035156E-05 -6.1035156E-05 -6.1035156E-05,-0.0011111111 -0.0011111111 -0.0011111111,-0.01 -0.01 -0.01,-1 -1 -1,255
255,11111111,11111111,-6.1035156E-05 -6.1035156E-05 -6.1035156E-05 -6.1035156E-05,-0.0011111111 -0.0011111111 -0.0011111111,-0.01 -0.01 -0.01,-1 -1 -1,255
255,11111111,11111111,-6.1035156E-05 -6.1035156E-05 -6.1035156E-05 -6.1035156E-05,-0.0011111111 -0.0011111111 -0.0011111111,-0.01 -0.01 -0.01,-1 -1 -1,255
255,11111111,11111111,-6.1035156E-05 -6.1035156E-05 -6.1035156E-05 -6.1035156E-05,-0.0011111111 -0.0011111111 -0.0011111111,-0.01 -0.01 -0.01,-1 -1 -1,255
255,11111111,11111111,-6.1035156E-05 -6.1035156E-05 -6.1035156E-05 -6.1035156E-05,-0.0011111111 -0.0011111111 -0.0011111111,-0.01 -0.01 -0.01,-1 -1 -1,255
255,11111111,11111111,-6.1035156E-05 -6.1035156E-05 -6.1035156E-05 -6.1035156E-05,-0.0011111111 -0.0011111111 -0.0011111111,-0.01 -0.01 -0.01,-1 -1 -1,255
255,11111111,11111111,-6.1035156E-05 -6.1035156E-05 -6.1035156E-05 -6.1035156E-05,-0.0011111111 -0.0011111111 -0.0011111111,-0.01 -0.01 -0.01,-1 -1 -1,255
255,11111111,11111111,-6.1035156E-05 -6.1035156E-05 -6.1035156E-05 -6.1035156E-05,-0.0011111111 -0.0011111111 -0.0011111111,-0.01 -0.01 -0.01,-1 -1 -1,255
255,11111111,11111111,-6.1035156E-05 -6.1035156E-05 -6.1035156E-05 -6.1035156E-05,-0.0011111111 -0.0011111111 -0.0011111111,-0.01 -0.01 -0.01,-1 -1 -1,255
255,11111111,11111111,-6.1035156E-05 -6.1035156E-05 -6.1035156E-05 -6.1035156E-05,-0.0011111111 -0.0011111111 -0.0011111111,-0.01 -0.01 -0.01,-1 -1 -1,255
255,11111111,11111111,-6.1035156E-05 -6.1035156E-05 -6.1035156E-05 -6.1035156E-05,-0.0011111111 -0.0011111111 -0.0011111111,-0.01 -0.01 -0.01,-1 -1 -1,255
255,11111111,11111111,-6.1035156E-05 -6.1035156E-05 -6.1035156E-05 -6.1035156E-05,-0.0011111111 -0.0011111111 -0.0011111111,-0.01 -0.01 -0.01,-1 -1 -1,255
255,11111111,11111111,-6.1035156E-05 -6.1035156E-05 -6.1035156E-05 -6.1035156E-05,-0.0011111111 -0.0011111111 -0.0011111111,-0.01 -0.01 -0.01,-1 -1 -1,255
255,11111111,11111111,-6.1035156E-05 -6.1035156E-05 -6.1035156E-05 -6.1035156E-05,-0.0011111111 -0.0011111111 -0.0011111111,-0.01 -0.01 -0.01,-1 -1 -1,255
255,11111111,11111111,-6.1035156E-05 -6.1035156E-05 -6.1035156E-05 -6.1035156E-05,-0.0011111111 -0.0011111111 -0.0011111111,-0.01 -0.01 -0.01,-1 -1 -1,255
255,11111111,11111111,-6.1035156E-05 -6.1035156E-05 -6.1035156E-05 -6.1035156E-05,-0.0011111111 -0.0011111111 -0.0011111111,-0.01 -0.01 -0.01,-1 -1 -1,255
255,11111111,11111111,-6.1035156E-05 -6.1035156E-05 -6.1035156E-05 -6.1035156E-05,-0.0011111111 -0.0011111111 -0.0011111111,-0.01 -0.01 -0.01,-1 -1 -1,255
255,11111111,11111111,-6.1035156E-05 -6.1035156E-05 -6.1035156E-05 -6.1035156E-05,-0.0011111111 -0.0011111111 -0.0011111111,-0.01 -0.01 -0.01,-1 -1 -1,255
255,11111111,11111111,-6.1035156E-05 -6.1035156E-05 -6.1035156E-05 -6.1035156E-05,-0.0011111111 -0.0011111111 -0.0011111111,-0.01 -0.01 -0.01,-1 -1 -1,255
255,11111111,11111111,-6.1035156E-05 -6.1035156E-05 -6.1035156E-05 -6.1035156E-05,-0.0011111111 -0.0011111111 -0.0011111111,-0.01 -0.01 -0.01,-1 -1 -1,255
255,11111111,11111111,-6.1035156E-05 -6.1035156E-05 -6.1035156E-05 -6.1035156E-05,-0.0011111111 -0.0011111111 -0.0011111111,-0.01 -0.01 -0.01,-1 -1 -1,255
255,11111111,11111111,-6.1035156E-05 -6.1035156E-05 -6.1035156E-05 -6.1035156E-05,-0.0011111111 -0.0011111111 -0.0011111111,-0.01 -0.01 -0.01,-1 -1 -1,255
255,11111111,11111111,-6.1035156E-05 -6.1035156E-05 -6.1035156E-05 -6.1035156E-05,-0.0011111111 -0.0011111111 -0.0011111111,-0.01 -0.01 -0.01,-1 -1 -1,255
255,11111111,11111111,-6.1035156E-05 -6.1035156E-05 -6.1035156E-05 -6.1035156E-05,-0.0011111111 -0.0011111111 -0.0011111111,-0.01 -0.01 -0.01,-1 -1 -1,255
255,11111111,11111111,-6.1035156E-05 -6.1035156E-05 -6.1035156E-05 -6.1035156E-05,-0.0011111111 -0.0011111111 -0.0011111111,-0.01 -0.01 -0.01,-1 -1 -1,255
255,11111111,11111111,-6.1035156E-05 -6.1035156E-05 -6.1035156E-05 -6.1035156E-05,-0.0011111111 -0.0011111111 -0.0011111111,-0.01 -0.01 -0.01,-1 -1 -1,255
255,11111111,11111111,-6.1035156E-05 -6.1035156E-05 -6.1035156E-05 -6.1035156E-05,-0.0011111111 -0.0011111111 -0.0011111111,-0.01 -0.01 -0.01,-1 -1 -1,255
255,11111111,11111111,-6.1035156E-05 -6.1035156E-05 -6.1035156E-05 -6.1035156E-05,-0.0011111111 -0.0011111111 -0.0011111111,-0.01 -0.01 -0.01,-1 -1 -1,255
255,11111111,11111111,-6.1035156E-05 -6.1035156E-05 -6.1035156E-05 -6.1035156E-05,-0.0011111111 -0.0011111111 -0.0011111111,-0.01 -0.01 -0.01,-1 -1 -1,255
255,11111111,11111111,-6.1035156E-05 -6.1035156E-05 -6.1035156E-05 -6.1035156E-05,-0.0011111111 -0.0011111111 -0.0011111111,-0.01 -0.01 -0.01,-1 -1 -1,255
255,11111111,11111111,-6.1035156E-05 -6.1035156E-05 -6.1035156E-05 -6.1035156E-05,-0.0011111111 -0.0011111111 -0.0011111111,-0.01 -0.01 -0.01,-1 -1 -1,255
255,11111111,11111111,-6.1035156E-05 -6.1035156E-05 -6.1035156E-05 -6.1035156E-05,-0.0011111111 -0.0011111111 -0.0011111111,-0.01 -0.01 -0.01,-1 -1 -1,255
255,11111111,11111111,-6.1035156E-05 -6.1035156E-05 -6.1035156E-05 -6.1035156E-05,-0.0011111111 -0.0011111111 -0.0011111111,-0.01 -0.01 -0.01,-1 -1 -1,255
255,11111111,11111111,-6.1035156E-05 -6.1035156E-05 -6.1035156E-05 -6.1035156E-05,-0.0011111111 -0.0011111111 -0.0011111111,-0.01 -0.01 -0.01,-1 -1 -1,255
255,11111111,11111111,-6.1035156E-05 -6.1035156E-05 -6.1035156E-05 -6.1035156E-05,-0.0011111111 -0.0011111111 -0.0011111111,-0.01 -0.01 -0.01,-1 -1 -1,255
255,11111111,11111111,-6.1035156E-05 -6.1035156E-05 -6.1035156E-05 -6.1035156E-05,-0.0011111111 -0.0011111111 -0.0011111111,-0.01 -0.01 -0.01,-1 -1 -1,255
255,11111111,11111111,-6.1035156E-05 -6.1035156E-05 -6.1035156E-05 -6.1035156E-05,-0.0011111111 -0.0011111111 -0.0011111111,-0.01 -0.01 -0.01,-1 -1 -1,255
255,11111111,11111111,-6.1035156E-05 -6.1035156E-05 -6.1035156E-05 -6.1035156E-05,-0.0011111111 -0.0011111111 -0.0011111111,-0.01 -0.01 -0.01,-1 -1 -1,255
255,11111111,11111111,-6.1035156E-05 -6.1035156E-05 -6.1035156E-05 -6.1035156E-05,-0.0011111111 -0.0011111111 -0.0011111111,-0.01 -0.01 -0.01,-1 -1 -1,255
255,11111111,11111111,-6.1035156E-05 -6.1035156E-05 -6.1035156E-05 -6.1035156E-05,-0.0011111111 -0.0011111111 -0.0011111111,-0.01 -0.01 -0.01,-1 -1 -1,255
255,11111111,11111111,-6.1035156E-05 -6.1035156E-05 -6.1035156E-05 -6.1035156E-05,-0.0011111111 -0.0011111111 -0.0011111111,-0.01 -0.01 -0.01,-1 -1 -1,255
255,11111111,11111111,-6.1035156E-05 -6.1035156E-05 -6.1035156E-05 -6.1035156E-05,-0.0011111111 -0.0011111111 -0.0011111111,-0.01 -0.01 -0.01,-1 -1 -1,255
255,11111111,11111111,-6.1035156E-05 -6.1035156E-05 -6.1035156E-05 -6.1035156E-05,-0.0011111111 -0.0011111111 -0.0011111111,-0.01 -0.01 -0.01,-1 -1 -1,255
255,11111111,11111111,-6.1035156E-05 -6.1035156E-05 -6.1035156E-05 -6.1035156E-05,-0.0011111111 -0.0011111111 -0.0011111111,-0.01 -0.01 -0.01,-1 -1 -1,255
255,11111111,11111111,-6.1035156E-05 -6.1035156E-05 -6.1035156E-05 -6.1035156E-05,-0.0011111111 -0.0011111111 -0.0011111111,-0.01 -0.01 -0.01,-1 -1 -1,255
255,11111111,11111111,-6.1035156E-05 -6.1035156E-05 -6.1035156E-05 -6.1035156E-05,-0.0011111111 -0.0011111111 -0.0011111111,-0.01 -0.01 -0.01,-1 -1 -1,255
255,11111111,11111111,-6.1035156E-05 -6.1035156E-05 -6.1035156E-05 -6.1035156E-05,-0.0011111111 -0.0011111111 -0.0011111111,-0.01 -0.01 -0.01,-1 -1 -1,255
255,11111111,11111111,-6.1035156E-05 -6.1035156E-05 -6.1035156E-05 -6.1035156E-05,-0.0011111111 -0.0011111111 -0.0011111111,-0.01 -0.01 -0.01,-1 -1 -1,255
255,11111111,11111111,-6.1035156E-05 -6.1035156E-05 -6.1035156E-05 -6.1035156E-05,-0.0011111111 -0.0011111111 -0.0011111111,-0.01 -0.01 -0.01,-1 -1 -1,255
255,11111111,11111111,-6.1035156E-05 -6.1035156E-05 -6.1035156E-05 -6.1035156E-05,-0.0011111111 -0.0011111111 -0.0011111111,-0.01 -0.01 -0.01,-1 -1 -1,255
255,11111111,11111111,-6.1035156E-05 -6.1035156E-05 -6.1035156E-05 -6.1035156E-05,-0.0011111111 -0.0011111111 -0.0011111111,-0.01 -0.01 -0.01,-1 -1 -1,255
255,11111111,11111111,-6.1035156E-05 -6.1035156E-05 -6.1035156E-05 -6.1035156E-05,-0.0011111111 -0.0011111111 -0.0011111111,-0.01 -0.01 -0.01,-1 -1 -1,255
255,11111111,11111111,-6.1035156E-05 -6.1035156E-05 -6.1035156E-05 -6.1035156E-05,-0.0011111111 -0.0011111111 -0.0011111111,-0.01 -0.01 -0.01,-1 -1 -1,255
255,11111111,11111111,-6.1035156E-05 -6.1035156E-05 -6.1035156E-05 -6.1035156E-05,-0.0011111111 -0.0011111111 -0.0011111111,-0.01 -0.01 -0.01,-1 -1 -1,255
255,11111111,11111111,-6.1035156E-05 -6.1035156E-05 -6.1035156E-05 -6.1035156E-05,-0.0011111111 -0.0011111111 -0.0011111111,-0.01 -0.01 -0.01,-1 -1 -1,255
255,11111111,11111111,-6.1035156E-05 -6.1035156E-05 -6.1035156E-05 -6.1035156E-05,-0.0011111111 -0.0011111111 -0.0011111111,-0.01 -0.01 -0.01,-1 -1 -1,255
255,11111111,11111111,-6.1035156E-05 -6.1035156E-05 -6.1035156E-05 -6.1035156E-05,-0.0011111111 -0.0011111111 -0.0011111111,-0.01 -0.01 -0.01,-1 -1 -1,255
255,11111111,11111111,-6.1035156E-05 -6.1035156E-05 -6.1035156E-05 -6.1035156E-05,-0.0011111111 -0.0011111111 -0.0011111111,-0.01 -0.01 -0.01,-1 -1 -1,255
255,11111111,11111111,-6.1035156E-05 -6.1035156E-05 -6.1035156E-05 -6.1035156E-05,-0.0011111111 -0.0011111111 -0.0011111111,-0.01 -0.01 -0.01,-1 -1 -1,255
255,11111111,11111111,-6.1035156E-05 -6.1035156E-05 -6.1035156E-05 -6.1035156E-05,-0.0011111111 -0.0011111111 -0.0011111111,-0.01 -0.01 -0.01,-1 -1 -1,255
255,11111111,11111111,-6.1035156E-05 -6.1035156E-05 -6.1035156E-05 -6.1035156E-05,-0.0011111111 -0.0011111111 -0.0011111111,-0.01 -0.01 -0.01,-1 -1 -1,255
255,11111111,11111111,-6.1035156E-05 -6.1035156E-05 -6.1035156E-05 -6.1035156E-05,-0.0011111111 -0.0011111111 -0.0011111111,-0.01 -0.01 -0.01,-1 -1 -1,255
255,11111111,11111111,-6.1035156E-05 -6.1035156E-05 -6.1035156E-05 -6.1035156E-05,-0.0011111111 -0.0011111111 -0.0011111111,-0.01 -0.01 -0.01,-1 -1 -1,255
255,11111111,11111111,-6.1035156E-05 -6.1035156E-05 -6.1035156E-05 -6.1035156E-05,-0.0011111111 -0.0011111111 -0.0011111111,-0.01 -0.01 -0.01,-1 -1 -1,255
255,11111111,11111111,-6.1035156E-05 -6.1035156E-05 -6.1035156E-05 -6.1035156E-05,-0.0011111111 -0.0011111111 -0.0011111111,-0.01 -0.01 -0.01,-1 -1 -1,255
255,11111111,11111111,-6.1035156E-05 -6.1035156E-05 -6.1035156E-05 -6.1035156E-05,-0.0011111111 -0.0011111111 -0.0011111111,-0.01 -0.01 -0.01,-1 -1 -1,255
255,11111111,11111111,-6.1035156E-05 -6.1035156E-05 -6.1035156E-05 -6.1035156E-05,-0.0011111111 -0.0011111111 -0.0011111111,-0.01 -0.01 -0.01,-1 -1 -1,255
255,11111111,11111111,-6.1035156E-05 -6.1035156E-05 -6.1035156E-05 -6.1035156E-05,-0.0011111111 -0.0011111111 -0.0011111111,-0.01 -0.01 -0.01,-1 -1 -1,255
255,11111111,11111111,-6.1035156E-05 -6.1035156E-05 -6.1035156E-05 -6.1035156E-05,-0.0011111111 -0.0011111111 -0.0011111111,-0.01 -0.01 -0.01,-1 -1 -1,255
255,11111111,11111111,-6.1035156E-05 -6.1035156E-05 -6.1035156E-05 -6.1035156E-05,-0.0011111111 -0.0011111111 -0.0011111111,-0.01 -0.01 -0.01,-1 -1 -1,255
255,11111111,11111111,-6.1035156E-05 -6.1035156E-05 -6.1035156E-05 -6.1035156E-05,-0.0011111111 -0.0011111111 -0.0011111111,-0.01 -0.01 -0.01,-1 -1 -1,255
255,11111111,11111111,-6.1035156E-05 -6.1035156E-05 -6.1035156E-05 -6.1035156E-05,-0.0011111111 -0.0011111111 -0.0011111111,-0.01 -0.01 -0.01,-1 -1 -1,255
255,11111111,11111111,-6.1035156E-05 -6.1035156E-05 -6.1035156E-05 -6.1035156E-05,-0.0011111111 -0.0011111111 -0.0011111111,-0.01 -0.01 -0.01,-1 -1 -1,255
255,11111111,11111111,-6.1035156E-05 -6.1035156E-05 -6.1035156E-05 -6.1035156E-05,-0.0011111111 -0.0011111111 -0.0011111111,-0.01 -0.01 -0.01,-1 -1 -1,255
255,11111111,11111111,-6.1035156E-05 -6.1035156E-05 -6.1035156E-05 -6.1035156E-05,-0.0011111111 -0.0011111111 -0.0011111111,-0.01 -0.01 -0.01,-1 -1 -1,255
255,11111111,11111111,-6.1035156E-05 -6.1035156E-05 -6.1035156E-05 -6.1035156E-05,-0.0011111111 -0.0011111111 -0.0011111111,-0.01 -0.01 -0.01,-1 -1 -1,255
255,11111111,11111111,-6.1035156E-05 -6.1035156E-05 -6.1035156E-05 -6.1035156E-05,-0.0011111111 -0.0011111111 -0.0011111111,-0.01 -0.01 -0.01,-1 -1 -1,255
255,11111111,11111111,-6.1035156E-05 -6.1035156E-05 -6.1035156E-05 -6.1035156E-05,-0.0011111111 -0.0011111111 -0.0011111111,-0.01 -0.01 -0.01,-1 -1 -1,255
255,11111111,11111111,-6.1035156E-05 -6.1035156E-05 -6.1035156E-05 -6.1035156E-05,-0.0011111111 -0.0011111111 -0.0011111111,-0.01 -0.01 -0.01,-1 -1 -1,255
255,11111111,11111111,-6.1035156E-05 -6.1035156E-05 -6.1035156E-05 -6.1035156E-05,-0.0011111111 -0.0011111111 -0.0011111111,-0.01 -0.01 -0.01,-1 -1 -1,255
255,11111111,11111111,-6.1035156E-05 -6.1035156E-05 -6.1035156E-05 -6.1035156E-05,-0.0011111111 -0.0011111111 -0.0011111111,-0.01 -0.01 -0.01,-1 -1 -1,255
255,11111111,11111111,-6.1035156E-05 -6.1035156E-05 -6.1035156E-05 -6.1035156E-05,-0.0011111111 -0.0011111111 -0.0011111111,-0.01 -0.01 -0.01,-1 -1 -1,255
255,11111111,11111111,-6.1035156E-05 -6.1035156E-05 -6.1035156E-05 -6.1035156E-05,-0.0011111111 -0.0011111111 -0.0011111111,-0.01 -0.01 -0.01,-1 -1 -1,255
255,11111111,11111111,-6.1035156E-05 -6.1035156E-05 -6.1035156E-05 -6.1035156E-05,-0.0011111111 -0.0011111111 -0.0011111111,-0.01 -0.01 -0.01,-1 -1 -1,255
255,11111111,11111111,-6.1035156E-05 -6.1035156E-05 -6.1035156E-05 -6.1035156E-05,-0.0011111111 -0.0011111111 -0.0011111111,-0.01 -0.01 -0.01,-1 -1 -1,255
255,11111111,11111111,-6.1035156E-05 -6.1035156E-05 -6.1035156E-05 -6.1035156E-05,-0.0011111111 -0.0011111111 -0.0011111111,-0.01 -0.01 -0.01,-1 -1 -1,255
255,11111111,11111111,-6.1035156E-05 -6.1035156E-05 -6.1035156E-05 -6.1035156E-05,-0.0011111111 -0.0011111111 -0.0011111111,-0.01 -0.01 -0.01,-1 -1 -1,255
255,11111111,11111111,-6.1035156E-05 -6.1035156E-05 -6.1035156E-05 -6.1035156E-05,-0.0011111111 -0.0011111111 -0.0011111111,-0.01 -0.01 -0.01,-1 -1 -1,255
255,11111111,11111111,-6.1035156E-05 -6.1035156E-05 -6.1035156E-05 -6.1035156E-05,-0.0011111111 -0.0011111111 -0.0011111111,-0.01 -0.01 -0.01,-1 -1 -1,255
255,11111111,11111111,-6.1035156E-05 -6.1035156E-05 -6.1035156E-05 -6.1035156E-05,-0.0011111111 -0.0011111111 -0.0011111111,-0.01 -0.01 -0.01,-1 -1 -1,255
255,11111111,11111111,-6.1035156E-05 -6.1035156E-05 -6.1035156E-05 -6.1035156E-05,-0.0011111111 -0.0011111111 -0.0011111111,-0.01 -0.01 -0.01,-1 -1 -1,255
255,11111111,11111111,-6.1035156E-05 -6.1035156E-05 -6.1035156E-05 -6.1035156E-05,-0.0011111111 -0.0011111111 -0.0011111111,-0.01 -0.01 -0.01,-1 -1 -1,255
255,11111111,11111111,-6.1035156E-05 -6.1035156E-05 -6.1035156E-05 -6.1035156E-05,-0.0011111111 -0.0011111111 -0.0011111111,-0.01 -0.01 -0.01,-1 -1 -1,255
255,11111111,11111111,-6.1035156E-05 -6.1035156E-05 -6.1035156E-05 -6.1035156E-05,-0.0011111111 -0.0011111111 -0.0011111111,-0.01 -0.01 -0.01,-1 -1 -1,255
255,11111111,11111111,-6.1035156E-05 -6.1035156E-05 -6.1035156E-05 -6.1035156E-05,-0.0011111111 -0.0011111111 -0.0011111111,-0.01 -0.01 -0.01,-1 -1 -1,255
255,11111111,11111111,-6.1035156E-05 -6.1035156E-05 -6.1035156E-05 -6.1035156E-05,-0.0011111111 -0.0011111111 -0.0011111111,-0.01 -0.01 -0.01,-1 -1 -1,255
255,11111111,11111111,-6.1035156E-05 -6.1035156E-05 -6.1035156E-05 -6.1035156E-05,-0.0011111111 -0.0011111111 -0.0011111111,-0.01 -0.01 -0.01,-1 -1 -1,255
255,11111111,11111111,-6.1035156E-05 -6.1035156E-05 -6.1035156E-05 -6.1035156E-05,-0.0011111111 -0.0011111111 -0.0011111111,-0.01 -0.01 -0.01,-1 -1 -1,255
255,11111111,11111111,-6.1035156E-05 -6.1035156E-05 -6.1035156E-05 -6.1035156E-05,-0.0011111111 -0.0011111111 -0.0011111111,-0.01 -0.01 -0.01,-1 -1 -1,255
255,11111111,11111111,-6.1035156E-05 -6.1035156E-05 -6.1035156E-05 -6.1035156E-05,-0.0011111111 -0.0011111111 -0.0011111111,-0.01 -0.01 -0.01,-1 -1 -1,255
255,11111111,11111111,-6.1035156E-05 -6.1035156E-05 -6.1035156E-05 -6.1035156E-05,-0.0011111111 -0.0011111111 -0.0011111111,-0.01 -0.01 -0.01,-1 -1 -1,255
255,11111111,11111111,-6.1035156E-05 -6.1035156E-05 -6.1035156E-05 -6.1035156E-05,-0.0011111111 -0.0011111111 -0.0011111111,-0.01 -0.01 -0.01,-1 -1 -1,255
255,11111111,11111111,-6.1035156E-05 -6.1035156E-05 -6.1035156E-05 -6.1035156E-05,-0.0011111111 -0.0011111111 -0.0011111111,-0.01 -0.01 -0.01,-1 -1 -1,255
255,11111111,11111111,-6.1035156E-05 -6.1035156E-05 -6.1035156E-05 -6.1035156E-05,-0.0011111111 -0.0011111111 -0.0011111111,-0.01 -0.01 -0.01,-1 -1 -1,255
255,11111111,11111111,-6.1035156E-05 -6.1035156E-05 -6.1035156E-05 -6.1035156E-05,-0.0011111111 -0.0011111111 -0.0011111111,-0.01 -0.01 -0.01,-1 -1 -1,255
255,11111111,11111111,-6.1035156E-05 -6.1035156E-05 -6.1035156E-05 -6.1035156E-05,-0.0011111111 -0.0011111111 -0.0011111111,-0.01 -0.01 -0.01,-1 -1 -1,255
255,11111111,11111111,-6.1035156E-05 -6.1035156E-05 -6.1035156E-05 -6.1035156E-05,-0.0011111111 -0.0011111111 -0.0011111111,-0.01 -0.01 -0.01,-1 -1 -1,255
255,11111111,11111111,-6.1035156E-05 -6.1035156E-05 -6.1035156E-05 -6.1035156E-05,-0.0011111111 -0.0011111111 -0.0011111111,-0.01 -0.01 -0.01,-1 -1 -1,255
255,11111111,11111111,-6.1035156E-05 -6.1035156E-05 -6.1035156E-05 -6.1035156E-05,-0.0011111111 -0.0011111111 -0.0011111111,-0.01 -0.01 -0.01,-1 -1 -1,255
255,11111111,11111111,-6.1035156E-05 -6.1035156E-05 -6.1035156E-05 -6.1035156E-05,-0.0011111111 -0.0011111111 -0.0011111111,-0.01 -0.01 -0.01,-1 -1 -1,255
255,11111111,11111111,-6.1035156E-05 -6.1035156E-05 -6.1035156E-05 -6.1035156E-05,-0.0011111111 -0.0011111111 -0.0011111111,-0.01 -0.01 -0.01,-1 -1 -1,255
255,11111111,11111111,-6.1035156E-05 -6.1035156E-05 -6.1035156E-05 -6.1035156E-05,-0.0011111111 -0.0011111111 -0.0011111111,-0.01 -0.01 -0.01,-1 -1 -1,255
255,11111111,11111111,-6.1035156E-05 -6.1035156E-05 -6.1035156E-05 -6.1035156E-05,-0.0011111111 -0.0011111111 -0.0011111111,-0.01 -0.01 -0.01,-1 -1 -1,255
255,11111111,11111111,-6.1035156E-05 -6.1035156E-05 -6.1035156E-05 -6.1035156E-05,-0.0011111111 -0.0011111111 -0.0011111111,-0.01 -0.01 -0.01,-1 -1 -1,255
255,11111111,11111111,-6.1035156E-05 -6.1035156E-05 -6.1035156E-05 -6.1035156E-05,-0.0011111111 -0.0011111111 -0.0011111111,-0.01 -0.01 -0.01,-1 -1 -1,255
255,11111111,11111111,-6.1035156E-05 -6.1035156E-05 -6.1035156E-05 -6.1035156E-05,-0.0011111111 -0.0011111111 -0.0011111111,-0.01 -0.01 -0.01,-1 -1 -1,255
255,11111111,11111111,-6.1035156E-05 -6.1035156E-05 -6.1035156E-05 -6.1035156E-05,-0.0011111111 -0.0011111111 -0.0011111111,-0.01 -0.01 -0.01,-1 -1 -1,255
255,11111111,11111111,-6.1035156E-05 -6.1035156E-05 -6.1035156E-05 -6.1035156E-05,-0.0011111111 -0.0011111111 -0.0011111111,-0.01 -0.01 -0.01,-1 -1 -1,255
255,11111111,11111111,-6.1035156E-05 -6.1035156E-05 -6.1035156E-05 -6.1035156E-05,-0.0011111111 -0.0011111111 -0.0011111111,-0.01 -0.01 -0.01,-1 -1 -1,255
255,11111111,11111111,-6.1035156E-05 -6.1035156E-05 -6.1035156E-05 -6.1035156E-05,-0.0011111111 -0.0011111111 -0.0011111111,-0.01 -0.01 -0.01,-1 -1 -1,255
255,11111111,11111111,-6.1035156E-05 -6.1035156E-05 -6.1035156E-05 -6.1035156E-05,-0.0011111111 -0.0011111111 -0.0011111111,-0.01 -0.01 -0.01,-1 -1 -1,255
255,11111111,11111111,-6.1035156E-05 -6.1035156E-05 -6.1035156E-05 -6.1035156E-05,-0.0011111111 -0.0011111111 -0.0011111111,-0.01 -0.01 -0.01,-1 -1 -1,255
255,11111111,11111111,-6.1035156E-05 -6.1035156E-05 -6.1035156E-05 -6.1035156E-05,-0.0011111111 -0.0011111111 -0.0011111111,-0.01 -0.01 -0.01,-1 -1 -1,255
255,11111111,11111111,-6.1035156E-05 -6.1035156E-05 -6.1035156E-05 -6.1035156E-05,-0.0011111111 -0.0011111111 -0.0011111111,-0.01 -0.01 -0.01,-1 -1 -1,255
255,11111111,11111111,-6.1035156E-05 -6.1035156E-05 -6.1035156E-05 -6.1035156E-05,-0.0011111111 -0.0011111111 -0.0011111111,-0.01 -0.01 -0.01,-1 -1 -1,255
255,11111111,11111111,-6.1035156E-05 -6.1035156E-05 -6.1035156E-05 -6.1035156E-05,-0.0011111111 -0.0011111111 -0.0011111111,-0.01 -0.01 -0.01,-1 -1 -1,255
255,11111111,11111111,-6.1035156E-05 -6.1035156E-05 -6.1035156E-05 -6.1035156E-05,-0.0011111111 -0.0011111111 -0.0011111111,-0.01 -0.01 -0.01,-1 -1 -1,255
255,11111111,11111111,-6.1035156E-05 -6.1035156E-05 -6.1035156E-05 -6.1035156E-05,-0.0011111111 -0.0011111111 -0.0011111111,-0.01 -0.01 -0.01,-1 -1 -1,255
255,11111111,11111111,-6.1035156E-05 -6.1035156E-05 -6.1035156E-05 -6.1035156E-05,-0.0011111111 -0.0011111111 -0.0011111111,-0.01 -0.01 -0.01,-1 -1 -1,255
255,11111111,11111111,-6.1035156E-05 -6.1035156E-05 -6.1035156E-05 -6.1035156E-05,-0.0011111111 -0.0011111111 -0.0011111111,-0.01 -0.01 -0.01,-1 -1 -1,255
255,11111111,11111111,-6.1035156E-05 -6.1035156E-05 -6.1035156E-05 -6.1035156E-05,-0.0011111111 -0.0011111111 -0.0011111111,-0.01 -0.01 -0.01,-1 -1 -1,255
255,11111111,11111111,-6.1035156E-05 -6.1035156E-05 -6.1035156E-05 -6.1035156E-05,-0.0011111111 -0.0011111111 -0.0011111111,-0.01 -0.01 -0.01,-1 -1 -1,255
255,11111111,11111111,-6.1035156E-05 -6.1035156E-05 -6.1035156E-05 -6.1035156E-05,-0.0011111111 -0.0011111111 -0.0011111111,-0.01 -0.01 -0.01,-1 -1 -1,255
255,11111111,11111111,-6.1035156E-05 -6.1035156E-05 -6.1035156E-05 -6.1035156E-05,-0.0011111111 -0.0011111111 -0.0011111111,-0.01 -0.01 -0.01,-1 -1 -1,255
255,11111111,11111111,-6.1035156E-05 -6.1035156E-05 -6.1035156E-05 -6.1035156E-05,-0.0011111111 -0.0011111111 -0.0011111111,-0.01 -0.01 -0.01,-1 -1 -1,255
255,11111111,11111111,-6.1035156E-05 -6.1035156E-05 -6.1035156E-05 -6.1035156E-05,-0.0011111111 -0.0011111111 -0.0011111111,-0.01 -0.01 -0.01,-1 -1 -1,255
255,11111111,11111111,-6.1035156E-05 -6.1035156E-05 -6.1035156E-05 -6.1035156E-05,-0.0011111111 -0.0011111111 -0.0011111111,-0.01 -0.01 -0.01,-1 -1 -1,255
255,11111111,11111111,-6.1035156E-05 -6.1035156E-05 -6.1035156E-05 -6.1035156E-05,-0.0011111111 -0.0011111111 -0.0011111111,-0.01 -0.01 -0.01,-1 -1 -1,255
255,11111111,11111111,-6.1035156E-05 -6.1035156E-05 -6.1035156E-05 -6.1035156E-05,-0.0011111111 -0.0011111111 -0.0011111111,-0.01 -0.01 -0.01,-1 -1 -1,255
255,11111111,11111111,-6.1035156E-05 -6.1035156E-05 -6.1035156E-05 -6.1035156E-05,-0.0011111111 -0.0011111111 -0.0011111111,-0.01 -0.01 -0.01,-1 -1 -1,255
255,11111111,11111111,-6.1035156E-05 -6.1035156E-05 -6.1035156E-05 -6.1035156E-05,-0.0011111111 -0.0011111111 -0.0011111111,-0.01 -0.01 -0.01,-1 -1 -1,255
255,11111111,11111111,-6.1035156E-05 -6.1035156E-05 -6.1035156E-05 -6.1035156E-05,-0.0011111111 -0.0011111111 -0.0011111111,-0.01 -0.01 -0.01,-1 -1 -1,255
255,11111111,11111111,-6.1035156E-05 -6.1035156E-05 -6.1035156E-05 -6.1035156E-05,-0.0011111111 -0.0011111111 -0.0011111111,-0.01 -0.01 -0.01,-1 -1 -1,255
255,11111111,11111111,-6.1035156E-05 -6.1035156E-05 -6.1035156E-05 -6.1035156E-05,-0.0011111111 -0.0011111111 -0.0011111111,-0.01 -0.01 -0.01,-1 -1 -1,255
255,11111111,11111111,-6.1035156E-05 -6.1035156E-05 -6.1035156E-05 -6.1035156E-05,-0.0011111111 -0.0011111111 -0.0011111111,-0.01 -0.01 -0.01,-1 -1 -1,255
255,11111111,11111111,-6.1035156E-05 -6.1035156E-05 -6.1035156E-05 -6.1035156E-05,-0.0011111111 -0.0011111111 -0.0011111111,-0.01 -0.01 -0.01,-1 -1 -1,255
255,11111111,11111111,-6.1035156E-05 -6.1035156E-05 -6.1035156E-05 -6.1035156E-05,-0.0011111111 -0.0011111111 -0.0011111111,-0.01 -0.01 -0.01,-1 -1 -1,255
255,11111111,11111111,-6.1035156E-05 -6.1035156E-05 -6.1035156E-05 -6.1035156E-05,-0.0011111111 -0.0011111111 -0.0011111111,-0.01 -0.01 -0.01,-1 -1 -1,255
255,11111111,11111111,-6.1035156E-05 -6.1035156E-05 -6.1035156E-05 -6.1035156E-05,-0.0011111111 -0.0011111111 -0.0011111111,-0.01 -0.01 -0.01,-1 -1 -1,255
255,11111111,11111111,-6.1035156E-05 -6.1035156E-05 -6.1035156E-05 -6.1035156E-05,-0.0011111111 -0.0011111111 -0.0011111111,-0.01 -0.01 -0.01,-1 -1 -1,255
255,11111111,11111111,-6.1035156E-05 -6.1035156E-05 -6.1035156E-05 -6.1035156E-05,-0.0011111111 -0.0011111111 -0.0011111111,-0.01 -0.01 -0.01,-1 -1 -1,255
255,11111111,11111111,-6.1035156E-05 -6.1035156E-05 -6.1035156E-05 -6.1035156E-05,-0.0011111111 -0.0011111111 -0.0011111111,-0.01 -0.01 -0.01,-1 -1 -1,255
255,11111111,11111111,-6.1035156E-05 -6.1035156E-05 -6.1035156E-05 -6.1035156E-05,-0.0011111111 -0.0011111111 -0.0011111111,-0.01 -0.01 -0.01,-1 -1 -1,255
255,11111111,11111111,-6.1035156E-05 -6.1035156E-05 -6.1035156E-05 -6.1035156E-05,-0.0011111111 -0.0011111111 -0.0011111111,-0.01 -0.01 -0.01,-1 -1 -1,255
255,11111111,11111111,-6.1035156E-05 -6.1035156E-05 -6.1035156E-05 -6.1035156E-05,-0.0011111111 -0.0011111111 -0.0011111111,-0.01 -0.01 -0.01,-1 -1 -1,255
255,11111111,11111111,-6.1035156E-05 -6.1035156E-05 -6.1035156E-05 -6.1035156E-05,-0.0011111111 -0.0011111111 -0.0011111111,-0.01 -0.01 -0.01,-1 -1 -1,255
255,11111111,11111111,-6.1035156E-05 -6.1035156E-05 -6.1035156E-05 -6.1035156E-05,-0.0011111111 -0.0011111111 -0.0011111111,-0.01 -0.01 -0.01,-1 -1 -1,255
255,11111111,11111111,-6.1035156E-05 -6.1035156E-05 -6.1035156E-05 -6.1035156E-05,-0.0011111111 -0.0011111111 -0.0011111111,-0.01 -0.01 -0.01,-1 -1 -1,255
255,11111111,11111111,-6.1035156E-05 -6.1035156E-05 -6.1035156E-05 -6.1035156E-05,-0.0011111111 -0.0011111111 -0.0011111111,-0.01 -0.01 -0.01,-1 -1 -1,255
255,11111111,11111111,-6.1035156E-05 -6.1035156E-05 -6.1035156E-05 -6.1035156E-05,-0.0011111111 -0.0011111111 -0.0011111111,-0.01 -0.01 -0.01,-1 -1 -1,255
255,11111111,11111111,-6.1035156E-05 -6.1035156E-05 -6.1035156E-05 -6.1035156E-05,-0.0011111111 -0.0011111111 -0.0011111111,-0.01 -0.01 -0.01,-1 -1 -1,255
255,11111111,11111111,-6.1035156E-05 -6.1035156E-05 -6.1035156E-05 -6.1035156E-05,-0.0011111111 -0.0011111111 -0.0011111111,-0.01 -0.01 -0.01,-1 -1 -1,255
255,11111111,11111111,-6.1035156E-05 -6.1035156E-05 -6.1035156E-05 -6.1035156E-05,-0.0011111111 -0.0011111111 -0.0011111111,-0.01 -0.01 -0.01,-1 -1 -1,255
255,11111111,11111111,-6.1035156E-05 -6.1035156E-05 -6.1035156E-05 -6.1035156E-05,-0.0011111111 -0.0011111111 -0.0011111111,-0.01 -0.01 -0.01,-1 -1 -1,255
255,11111111,11111111,-6.1035156E-05 -6.1035156E-05 -6.1035156E-05 -6.1035156E-05,-0.0011111111 -0.0011111111 -0.0011111111,-0.01 -0.01 -0.01,-1 -1 -1,255
255,11111111,11111111,-6.1035156E-05 -6.1035156E-05 -6.1035156E-05 -6.1035156E-05,-0.0011111111 -0.0011111111 -0.0011111111,-0.01 -0.01 -0.01,-1 -1 -1,255
255,11111111,11111111,-6.1035156E-05 -6.1035156E-05 -6.1035156E-05 -6.1035156E-05,-0.0011111111 -0.0011111111 -0.0011111111,-0.01 -0.01 -0.01,-1 -1 -1,255
255,11111111,11111111,-6.1035156E-05 -6.1035156E-05 -6.1035156E-05 -6.1035156E-05,-0.0011111111 -0.0011111111 -0.0011111111,-0.01 -0.01 -0.01,-1 -1 -1,255
255,11111111,11111111,-6.1035156E-05 -6.1035156E-05 -6.1035156E-05 -6.1035156E-05,-0.0011111111 -0.0011111111 -0.0011111111,-0.01 -0.01 -0.01,-1 -1 -1,255
255,11111111,11111111,-6.1035156E-05 -6.1035156E-05 -6.1035156E-05 -6.1035156E-05,-0.0011111111 -0.0011111111 -0.0011111111,-0.01 -0.01 -0.01,-1 -1 -1,255
255,11111111,11111111,-6.1035156E-05 -6.1035156E-05 -6.1035156E-05 -6.1035156E-05,-0.0011111111 -0.0011111111 -0.0011111111,-0.01 -0.01 -0.01,-1 -1 -1,255
255,11111111,11111111,-6.1035156E-05 -6.1035156E-05 -6.1035156E-05 -6.1035156E-05,-0.0011111111 -0.0011111111 -0.0011111111,-0.01 -0.01 -0.01,-1 -1 -1,255
255,11111111,11111111,-6.1035156E-05 -6.1035156E-05 -6.1035156E-05 -6.1035156E-05,-0.0011111111 -0.0011111111 -0.0011111111,-0.01 -0.01 -0.01,-1 -1 -1,255
255,11111111,11111111,-6.1035156E-05 -6.1035156E-05 -6.1035156E-05 -6.1035156E-05,-0.0011111111 -0.0011111111 -0.0011111111,-0.01 -0.01 -0.01,-1 -1 -1,255
255,11111111,11111111,-6.1035156E-05 -6.1035156E-05 -6.1035156E-05 -6.1035156E-05,-0.0011111111 -0.0011111111 -0.0011111111,-0.01 -0.01 -0.01,-1 -1 -1,255
255,11111111,11111111,-6.1035156E-05 -6.1035156E-05 -6.1035156E-05 -6.1035156E-05,-0.0011111111 -0.0011111111 -0.0011111111,-0.01 -0.01 -0.01,-1 -1 -1,255
255,11111111,11111111,-6.1035156E-05 -6.1035156E-05 -6.1035156E-05 -6.1035156E-05,-0.0011111111 -0.0011111111 -0.0011111111,-0.01 -0.01 -0.01,-1 -1 -1,255
255,11111111,11111111,-6.1035156E-05 -6.1035156E-05 -6.1035156E-05 -6.1035156E-05,-0.0011111111 -0.0011111111 -0.0011111111,-0.01 -0.01 -0.01,-1 -1 -1,255
255,11111111,11111111,-6.1035156E-05 -6.1035156E-05 -6.1035156E-05 -6.1035156E-05,-0.0011111111 -0.0011111111 -0.0011111111,-0.01 -0.01 -0.01,-1 -1 -1,255
255,11111111,11111111,-6.1035156E-05 -6.1035156E-05 -6.1035156E-05 -6.1035156E-05,-0.0011111111 -0.0011111111 -0.0011111111,-0.01 -0.01 -0.01,-1 -1 -1,255
255,11111111,11111111,-6.1035156E-05 -6.1035156E-05 -6.1035156E-05 -6.1035156E-05,-0.0011111111 -0.0011111111 -0.0011111111,-0.01 -0.01 -0.01,-1 -1 -1,255
255,11111111,11111111,-6.1035156E-05 -6.1035156E-05 -6.1035156E-05 -6.1035156E-05,-0.0011111111 -0.0011111111 -0.0011111111,-0.01 -0.01 -0.01,-1 -1 -1,255
255,11111111,11111111,-6.1035156E-05 -6.1035156E-05 -6.1035156E-05 -6.1035156E-05,-0.0011111111 -0.0011111111 -0.0011111111,-0.01 -0.01 -0.01,-1 -1 -1,255
255,11111111,11111111,-6.1035156E-05 -6.1035156E-05 -6.1035156E-05 -6.1035156E-05,-0.0011111111 -0.0011111111 -0.0011111111,-0.01 -0.01 -0.01,-1 -1 -1,255
255,11111111,11111111,-6.1035156E-05 -6.1035156E-05 -6.1035156E-05 -6.1035156E-05,-0.0011111111 -0.0011111111 -0.0011111111,-0.01 -0.01 -0.01,-1 -1 -1,255
255,11111111,11111111,-6.1035156E-05 -6.1035156E-05 -6.1035156E-05 -6.1035156E-05,-0.0011111111 -0.0011111111 -0.0011111111,-0.01 -0.01 -0.01,-1 -1 -1,255
255,11111111,11111111,-6.1035156E-05 -6.1035156E-05 -6.1035156E-05 -6.1035156E-05,-0.0011111111 -0.0011111111 -0.0011111111,-0.01 -0.01 -0.01,-1 -1 -1,255
255,11111111,11111111,-6.1035156E-05 -6.1035156E-05 -6.1035156E-05 -6.1035156E-05,-0.0011111111 -0.0011111111 -0.0011111111,-0.01 -0.01 -0.01,-1 -1 -1,255
255,11111111,11111111,-6.1035156E-05 -6.1035156E-05 -6.1035156E-05 -6.1035156E-05,-0.0011111111 -0.0011111111 -0.0011111111,-0.01 -0.01 -0.01,-1 -1 -1,255
255,11111111,11111111,-6.1035156E-05 -6.1035156E-05 -6.1035156E-05 -6.1035156E-05,-0.0011111111 -0.0011111111 -0.0011111111,-0.01 -0.01 -0.01,-1 -1 -1,255
255,11111111,11111111,-6.1035156E-05 -6.1035156E-05 -6.1035156E-05 -6.1035156E-05,-0.0011111111 -0.0011111111 -0.0011111111,-0.01 -0.01 -0.01,-1 -1 -1,255
255,11111111,11111111,-6.1035156E-05 -6.1035156E-05 -6.1035156E-05 -6.1035156E-05,-0.0011111111 -0.0011111111 -0.0011111111,-0.01 -0.01 -0.01,-1 -1 -1,255
255,11111111,11111111,-6.1035156E-05 -6.1035156E-05 -6.1035156E-05 -6.1035156E-05,-0.0011111111 -0.0011111111 -0.0011111111,-0.01 -0.01 -0.01,-1 -1 -1,255
255,11111111,11111111,-6.1035156E-05 -6.1035156E-05 -6.1035156E-05 -6.1035156E-05,-0.0011111111 -0.0011111111 -0.0011111111,-0.01 -0.01 -0.01,-1 -1 -1,255
255,11111111,11111111,-6.1035156E-05 -6.1035156E-05 -6.1035156E-05 -6.1035156E-05,-0.0011111111 -0.0011111111 -0.0011111111,-0.01 -0.01 -0.01,-1 -1 -1,255
255,11111111,11111111,-6.1035156E-05 -6.1035156E-05 -6.1035156E-05 -6.1035156E-05,-0.0011111111 -0.0011111111 -0.0011111111,-0.01 -0.01 -0.01,-1 -1 -1,255
255,11111111,11111111,-6.1035156E-05 -6.1035156E-05 -6.1035156E-05 -6.1035156E-05,-0.0011111111 -0.0011111111 -0.0011111111,-0.01 -0.01 -0.01,-1 -1 -1,255
255,11111111,11111111,-6.1035156E-05 -6.1035156E-05 -6.1035156E-05 -6.1035156E-05,-0.0011111111 -0.0011111111 -0.0011111111,-0.01 -0.01 -0.01,-1 -1 -1,255
255,11111111,11111111,-6.1035156E-05 -6.1035156E-05 -6.1035156E-05 -6.1035156E-05,-0.0011111111 -0.0011111111 -0.0011111111,-0.01 -0.01 -0.01,-1 -1 -1,255
255,11111111,11111111,-6.1035156E-05 -6.1035156E-05 -6.1035156E-05 -6.1035156E-05,-0.0011111111 -0.0011111111 -0.0011111111,-0.01 -0.01 -0.01,-1 -1 -1,255
255,11111111,11111111,-6.1035156E-05 -6.1035156E-05 -6.1035156E-05 -6.1035156E-05,-0.0011111111 -0.0011111111 -0.0011111111,-0.01 -0.01 -0.01,-1 -1 -1,255
255,11111111,11111111,-6.1035156E-05 -6.1035156E-05 -6.1035156E-05 -6.1035156E-05,-0.0011111111 -0.0011111111 -0.0011111111,-0.01 -0.01 -0.01,-1 -1 -1,255
255,11111111,11111111,-6.1035156E-05 -6.1035156E-05 -6.1035156E-05 -6.1035156E-05,-0.0011111111 -0.0011111111 -0.0011111111,-0.01 -0.01 -0.01,-1 -1 -1,255
255,11111111,11111111,-6.1035156E-05 -6.1035156E-05 -6.1035156E-05 -6.1035156E-05,-0.0011111111 -0.0011111111 -0.0011111111,-0.01 -0.01 -0.01,-1 -1 -1,255
255,11111111,11111111,-6.1035156E-05 -6.1035156E-05 -6.1035156E-05 -6.1035156E-05,-0.0011111111 -0.0011111111 -0.0011111111,-0.01 -0.01 -0.01,-1 -1 -1,255
255,11111111,11111111,-6.1035156E-05 -6.1035156E-05 -6.1035156E-05 -6.1035156E-05,-0.0011111111 -0.0011111111 -0.0011111111,-0.01 -0.01 -0.01,-1 -1 -1,255
255,11111111,11111111,-6.1035156E-05 -6.1035156E-05 -6.1035156E-05 -6.1035156E-05,-0.0011111111 -0.0011111111 -0.0011111111,-0.01 -0.01 -0.01,-1 -1 -1,255
255,11111111,11111111,-6.1035156E-05 -6.1035156E-05 -6.1035156E-05 -6.1035156E-05,-0.0011111111 -0.0011111111 -0.0011111111,-0.01 -0.01 -0.01,-1 -1 -1,255
255,11111111,11111111,-6.1035156E-05 -6.1035156E-05 -6.1035156E-05 -6.1035156E-05,-0.0011111111 -0.0011111111 -0.0011111111,-0.01 -0.01 -0.01,-1 -1 -1,255
255,11111111,11111111,-6.1035156E-05 -6.1035156E-05 -6.1035156E-05 -6.1035156E-05,-0.0011111111 -0.0011111111 -0.0011111111,-0.01 -0.01 -0.01,-1 -1 -1,255
255,11111111,11111111,-6.1035156E-05 -6.1035156E-05 -6.1035156E-05 -6.1035156E-05,-0.0011111111 -0.0011111111 -0.0011111111,-0.01 -0.01 -0.01,-1 -1 -1,255
255,11111111,11111111,-6.1035156E-05 -6.1035156E-05 -6.1035156E-05 -6.1035156E-05,-0.0011111111 -0.0011111111 -0.0011111111,-0.01 -0.01 -0.01,-1 -1 -1,255
255,11111111,11111111,-6.1035156E-05 -6.1035156E-05 -6.1035156E-05 -6.1035156E-05,-0.0011111111 -0.0011111111 -0.0011111111,-0.01 -0.01 -0.01,-1 -1 -1,255
255,11111111,11111111,-6.1035156E-05 -6.1035156E-05 -6.1035156E-05 -6.1035156E-05,-0.0011111111 -0.0011111111 -0.0011111111,-0.01 -0.01 -0.01,-1 -1 -1,255
255,11111111,11111111,-6.1035156E-05 -6.1035156E-05 -6.1035156E-05 -6.1035156E-05,-0.0011111111 -0.0011111111 -0.0011111111,-0.01 -0.01 -0.01,-1 -1 -1,255
255,11111111,11111111,-6.1035156E-05 -6.1035156E-05 -6.1035156E-05 -6.1035156E-05,-0.0011111111 -0.0011111111 -0.0011111111,-0.01 -0.01 -0.01,-1 -1 -1,255
255,11111111,11111111,-6.1035156E-05 -6.1035156E-05 -6.1035156E-05 -6.1035156E-05,-0.0011111111 -0.0011111111 -0.0011111111,-0.01 -0.01 -0.01,-1 -1 -1,255
255,11111111,11111111,-6.1035156E-05 -6.1035156E-05 -6.1035156E-05 -6.1035156E-05,-0.0011111111 -0.0011111111 -0.0011111111,-0.01 -0.01 -0.01,-1 -1 -1,255
255,11111111,11111111,-6.1035156E-05 -6.1035156E-05 -6.1035156E-05 -6.1035156E-05,-0.0011111111 -0.0011111111 -0.0011111111,-0.01 -0.01 -0.01,-1 -1 -1,255
255,11111111,11111111,-6.1035156E-05 -6.1035156E-05 -6.1035156E-05 -6.1035156E-05,-0.0011111111 -0.0011111111 -0.0011111111,-0.01 -0.01 -0.01,-1 -1 -1,255
255,11111111,11111111,-6.1035156E-05 -6.1035156E-05 -6.1035156E-05 -6.1035156E-05,-0.0011111111 -0.0011111111 -0.0011111111,-0.01 -0.01 -0.01,-1 -1 -1,255
255,11111111,11111111,-6.1035156E-05 -6.1035156E-05 -6.1035156E-05 -6.1035156E-05,-0.0011111111 -0.0011111111 -0.0011111111,-0.01 -0.01 -0.01,-1 -1 -1,255
255,11111111,11111111,-6.1035156E-05 -6.1035156E-05 -6.1035156E-05 -6.1035156E-05,-0.0011111111 -0.0011111111 -0.0011111111,-0.01 -0.01 -0.01,-1 -1 -1,255
255,11111111,11111111,-6.1035156E-05 -6.1035156E-05 -6.1035156E-05 -6.1035156E-05,-0.0011111111 -0.0011111111 -0.0011111111,-0.01 -0.01 -0.01,-1 -1 -1,255
255,11111111,11111111,-6.1035156E-05 -6.1035156E-05 -6.1035156E-05 -6.1035156E-05,-0.0011111111 -0.0011111111 -0.0011111111,-0.01 -0.01 -0.01,-1 -1 -1,255
255,11111111,11111111,-6.1035156E-05 -6.1035156E-05 -6.1035156E-05 -6.1035156E-05,-0.0011111111 -0.0011111111 -0.0011111111,-0.01 -0.01 -0.01,-1 -1 -1,255
255,11111111,11111111,-6.1035156E-05 -6.1035156E-05 -6.1035156E-05 -6.1035156E-05,-0.0011111111 -0.0011111111 -0.0011111111,-0.01 -0.01 -0.01,-1 -1 -1,255
255,11111111,11111111,-6.1035156E-05 -6.1035156E-05 -6.1035156E-05 -6.1035156E-05,-0.0011111111 -0.0011111111 -0.0011111111,-0.01 -0.01 -0.01,-1 -1 -1,255
255,11111111,11111111,-6.1035156E-05 -6.1035156E-05 -6.1035156E-05 -6.1035156E-05,-0.0011111111 -0.0011111111 -0.0011111111,-0.01 -0.01 -0.01,-1 -1 -1,255
255,11111111,11111111,-6.1035156E-05 -6.1035156E-05 -6.1035156E-05 -6.1035156E-05,-0.0011111111 -0.0011111111 -0.0011111111,-0.01 -0.01 -0.01,-1 -1 -1,255
255,11111111,11111111,-6.1035156E-05 -6.1035156E-05 -6.1035156E-05 -6.1035156E-05,-0.0011111111 -0.0011111111 -0.0011111111,-0.01 -0.01 -0.01,-1 -1 -1,255
255,11111111,11111111,-6.1035156E-05 -6.1035156E-05 -6.1035156E-05 -6.1035156E-05,-0.0011111111 -0.0011111111 -0.0011111111,-0.01 -0.01 -0.01,-1 -1 -1,255
255,11111111,11111111,-6.1035156E-05 -6.1035156E-05 -6.1035156E-05 -6.1035156E-05,-0.0011111111 -0.0011111111 -0.0011111111,-0.01 -0.01 -0.01,-1 -1 -1,255
255,11111111,11111111,-6.1035156E-05 -6.1035156E-05 -6.1035156E-05 -6.1035156E-05,-0.0011111111 -0.0011111111 -0.0011111111,-0.01 -0.01 -0.01,-1 -1 -1,255
255,11111111,11111111,-6.1035156E-05 -6.1035156E-05 -6.1035156E-05 -6.1035156E-05,-0.0011111111 -0.0011111111 -0.0011111111,-0.01 -0.01 -0.01,-1 -1 -1,255
255,11111111,11111111,-6.1035156E-05 -6.1035156E-05 -6.1035156E-05 -6.1035156E-05,-0.0011111111 -0.0011111111 -0.0011111111,-0.01 -0.01 -0.01,-1 -1 -1,255
255,11111111,11111111,-6.1035156E-05 -6.1035156E-05 -6.1035156E-05 -6.1035156E-05,-0.0011111111 -0.0011111111 -0.0011111111,-0.01 -0.01 -0.01,-1 -1 -1,255
255,11111111,11111111,-6.1035156E-05 -6.1035156E-05 -6.1035156E-05 -6.1035156E-05,-0.0011111111 -0.0011111111 -0.0011111111,-0.01 -0.01 -0.01,-1 -1 -1,255
255,11111111,11111111,-6.1035156E-05 -6.1035156E-05 -6.1035156E-05 -6.1035156E-05,-0.0011111111 -0.0011111111 -0.0011111111,-0.01 -0.01 -0.01,-1 -1 -1,255
255,11111111,11111111,-6.1035156E-05 -6.1035156E-05 -6.1035156E-05 -6.1035156E-05,-0.0011111111 -0.0011111111 -0.0011111111,-0.01 -0.01 -0.01,-1 -1 -1,255
255,11111111,11111111,-6.1035156E-05 -6.1035156E-05 -6.1035156E-05 -6.1035156E-05,-0.0011111111 -0.0011111111 -0.0011111111,-0.01 -0.01 -0.01,-1 -1 -1,255
255,11111111,11111111,-6.1035156E-05 -6.1035156E-05 -6.1035156E-05 -6.1035156E-05,-0.0011111111 -0.0011111111 -0.0011111111,-0.01 -0.01 -0.01,-1 -1 -1,255
255,11111111,11111111,-6.1035156E-05 -6.1035156E-05 -6.1035156E-05 -6.1035156E-05,-0.0011111111 -0.0011111111 -0.0011111111,-0.01 -0.01 -0.01,-1 -1 -1,255
255,11111111,11111111,-6.1035156E-05 -6.1035156E-05 -6.1035156E-05 -6.1035156E-05,-0.0011111111 -0.0011111111 -0.0011111111,-0.01 -0.01 -0.01,-1 -1 -1,255
255,11111111,11111111,-6.1035156E-05 -6.1035156E-05 -6.1035156E-05 -6.1035156E-05,-0.0011111111 -0.0011111111 -0.0011111111,-0.01 -0.01 -0.01,-1 -1 -1,255
255,11111111,11111111,-6.1035156E-05 -6.1035156E-05 -6.1035156E-05 -6.1035156E-05,-0.0011111111 -0.0011111111 -0.0011111111,-0.01 -0.01 -0.01,-1 -1 -1,255
255,11111111,11111111,-6.1035156E-05 -6.1035156E-05 -6.1035156E-05 -6.1035156E-05,-0.0011111111 -0.0011111111 -0.0011111111,-0.01 -0.01 -0.01,-1 -1 -1,255
255,11111111,11111111,-6.1035156E-05 -6.1035156E-05 -6.1035156E-05 -6.1035156E-05,-0.0011111111 -0.0011111111 -0.0011111111,-0.01 -0.01 -0.01,-1 -1 -1,255
255,11111111,11111111,-6.1035156E-05 -6.1035156E-05 -6.1035156E-05 -6.1035156E-05,-0.0011111111 -0.0011111111 -0.0011111111,-0.01 -0.01 -0.01,-1 -1 -1,255
255,11111111,11111111,-6.1035156E-05 -6.1035156E-05 -6.1035156E-05 -6.1035156E-05,-0.0011111111 -0.0011111111 -0.0011111111,-0.01 -0.01 -0.01,-1 -1 -1,255
255,11111111,11111111,-6.1035156E-05 -6.1035156E-05 -6.1035156E-05 -6.1035156E-05,-0.0011111111 -0.0011111111 -0.0011111111,-0.01 -0.01 -0.01,-1 -1 -1,255
255,11111111,11111111,-6.1035156E-05 -6.1035156E-05 -6.1035156E-05 -6.1035156E-05,-0.0011111111 -0.0011111111 -0.0011111111,-0.01 -0.01 -0.01,-1 -1 -1,255
255,11111111,11111111,-6.1035156E-05 -6.1035156E-05 -6.1035156E-05 -6.1035156E-05,-0.0011111111 -0.0011111111 -0.0011111111,-0.01 -0.01 -0.01,-1 -1 -1,255
255,11111111,11111111,-6.1035156E-05 -6.1035156E-05 -6.1035156E-05 -6.1035156E-05,-0.0011111111 -0.0011111111 -0.0011111111,-0.01 -0.01 -0.01,-1 -1 -1,255
255,11111111,11111111,-6.1035156E-05 -6.1035156E-05 -6.1035156E-05 -6.1035156E-05,-0.0011111111 -0.0011111111 -0.0011111111,-0.01 -0.01 -0.01,-1 -1 -1,255
255,11111111,11111111,-6.1035156E-05 -6.1035156E-05 -6.1035156E-05 -6.1035156E-05,-0.0011111111 -0.0011111111 -0.0011111111,-0.01 -0.01 -0.01,-1 -1 -1,255
255,11111111,11111111,-6.1035156E-05 -6.1035156E-05 -6.1035156E-05 -6.1035156E-05,-0.0011111111 -0.0011111111 -0.0011111111,-0.01 -0.01 -0.01,-1 -1 -1,255
255,11111111,11111111,-6.1035156E-05 -6.1035156E-05 -6.1035156E-05 -6.1035156E-05,-0.0011111111 -0.0011111111 -0.0011111111,-0.01 -0.01 -0.01,-1 -1 -1,255
255,11111111,11111111,-6.1035156E-05 -6.1035156E-05 -6.1035156E-05 -6.1035156E-05,-0.0011111111 -0.0011111111 -0.0011111111,-0.01 -0.01 -0.01,-1 -1 -1,255
255,11111111,11111111,-6.1035156E-05 -6.1035156E-05 -6.1035156E-05 -6.1035156E-05,-0.0011111111 -0.0011111111 -0.0011111111,-0.01 -0.01 -0.01,-1 -1 -1,255
255,11111111,11111111,-6.1035156E-05 -6.1035156E-05 -6.1035156E-05 -6.1035156E-05,-0.0011111111 -0.0011111111 -0.0011111111,-0.01 -0.01 -0.01,-1 -1 -1,255
255,11111111,11111111,-6.1035156E-05 -6.1035156E-05 -6.1035156E-05 -6.1035156E-05,-0.0011111111 -0.0011111111 -0.0011111111,-0.01 -0.01 -0.01,-1 -1 -1,255
255,11111111,11111111,-6.1035156E-05 -6.1035156E-05 -6.1035156E-05 -6.1035156E-05,-0.0011111111 -0.0011111111 -0.0011111111,-0.01 -0.01 -0.01,-1 -1 -1,255
255,11111111,11111111,-6.1035156E-05 -6.1035156E-05 -6.1035156E-05 -6.1035156E-05,-0.0011111111 -0.0011111111 -0.0011111111,-0.01 -0.01 -0.01,-1 -1 -1,255
255,11111111,11111111,-6.1035156E-05 -6.1035156E-05 -6.1035156E-05 -6.1035156E-05,-0.0011111111 -0.0011111111 -0.0011111111,-0.01 -0.01 -0.01,-1 -1 -1,255
255,11111111,11111111,-6.1035156E-05 -6.1035156E-05 -6.1035156E-05 -6.1035156E-05,-0.0011111111 -0.0011111111 -0.0011111111,-0.01 -0.01 -0.01,-1 -1 -1,255
255,11111111,11111111,-6.1035156E-05 -6.1035156E-05 -6.1035156E-05 -6.1035156E-05,-0.0011111111 -0.0011111111 -0.0011111111,-0.01 -0.01 -0.01,-1 -1 -1,255
255,11111111,11111111,-6.1035156E-05 -6.1035156E-05 -6.1035156E-05 -6.1035156E-05,-0.0011111111 -0.0011111111 -0.0011111111,-0.01 -0.01 -0.01,-1 -1 -1,255
255,11111111,11111111,-6.1035156E-05 -6.1035156E-05 -6.1035156E-05 -6.1035156E-05,-0.0011111111 -0.0011111111 -0.0011111111,-0.01 -0.01 -0.01,-1 -1 -1,255
255,11111111,11111111,-6.1035156E-05 -6.1035156E-05 -6.1035156E-05 -6.1035156E-05,-0.0011111111 -0.0011111111 -0.0011111111,-0.01 -0.01 -0.01,-1 -1 -1,255
255,11111111,11111111,-6.1035156E-05 -6.1035156E-05 -6.1035156E-05 -6.1035156E-05,-0.0011111111 -0.0011111111 -0.0011111111,-0.01 -0.01 -0.01,-1 -1 -1,255
255,11111111,11111111,-6.1035156E-05 -6.1035156E-05 -6.1035156E-05 -6.1035156E-05,-0.0011111111 -0.0011111111 -0.0011111111,-0.01 -0.01 -0.01,-1 -1 -1,255
255,11111111,11111111,-6.1035156E-05 -6.1035156E-05 -6.1035156E-05 -6.1035156E-05,-0.0011111111 -0.0011111111 -0.0011111111,-0.01 -0.01 -0.01,-1 -1 -1,255
255,11111111,11111111,-6.1035156E-05 -6.1035156E-05 -6.1035156E-05 -6.1035156E-05,-0.0011111111 -0.0011111111 -0.0011111111,-0.01 -0.01 -0.01,-1 -1 -1,255
255,11111111,11111111,-6.1035156E-05 -6.1035156E-05 -6.1035156E-05 -6.1035156E-05,-0.0011111111 -0.0011111111 -0.0011111111,-0.01 -0.01 -0.01,-1 -1 -1,255
255,11111111,11111111,-6.1035156E-05 -6.1035156E-05 -6.1035156E-05 -6.1035156E-05,-0.0011111111 -0.0011111111 -0.0011111111,-0.01 -0.01 -0.01,-1 -1 -1,255
255,11111111,11111111,-6.1035156E-05 -6.1035156E-05 -6.1035156E-05 -6.1035156E-05,-0.0011111111 -0.0011111111 -0.0011111111,-0.01 -0.01 -0.01,-1 -1 -1,255
255,11111111,11111111,-6.1035156E-05 -6.1035156E-05 -6.1035156E-05 -6.1035156E-05,-0.0011111111 -0.0011111111 -0.0011111111,-0.01 -0.01 -0.01,-1 -1 -1,255
255,11111111,11111111,-6.1035156E-05 -6.1035156E-05 -6.1035156E-05 -6.1035156E-05,-0.0011111111 -0.0011111111 -0.0011111111,-0.01 -0.01 -0.01,-1 -1 -1,255
255,11111111,11111111,-6.1035156E-05 -6.1035156E-05 -6.1035156E-05 -6.1035156E-05,-0.0011111111 -0.0011111111 -0.0011111111,-0.01 -0.01 -0.01,-1 -1 -1,255
255,11111111,11111111,-6.1035156E-05 -6.1035156E-05 -6.1035156E-05 -6.1035156E-05,-0.0011111111 -0.0011111111 -0.0011111111,-0.01 -0.01 -0.01,-1 -1 -1,255
255,11111111,11111111,-6.1035156E-05 -6.1035156E-05 -6.1035156E-05 -6.1035156E-05,-0.0011111111 -0.0011111111 -0.0011111111,-0.01 -0.01 -0.01,-1 -1 -1,255
255,11111111,11111111,-6.1035156E-05 -6.1035156E-05 -6.1035156E-05 -6.1035156E-05,-0.0011111111 -0.0011111111 -0.0011111111,-0.01 -0.01 -0.01,-1 -1 -1,255
255,11111111,11111111,-6.1035156E-05 -6.1035156E-05 -6.1035156E-05 -6.1035156E-05,-0.0011111111 -0.0011111111 -0.0011111111,-0.01 -0.01 -0.01,-1 -1 -1,255
255,11111111,11111111,-6.1035156E-05 -6.1035156E-05 -6.1035156E-05 -6.1035156E-05,-0.0011111111 -0.0011111111 -0.0011111111,-0.01 -0.01 -0.01,-1 -1 -1,255
255,11111111,11111111,-6.1035156E-05 -6.1035156E-05 -6.1035156E-05 -6.1035156E-05,-0.0011111111 -0.0011111111 -0.0011111111,-0.01 -0.01 -0.01,-1 -1 -1,255
255,11111111,11111111,-6.1035156E-05 -6.1035156E-05 -6.1035156E-05 -6.1035156E-05,-0.0011111111 -0.0011111111 -0.0011111111,-0.01 -0.01 -0.01,-1 -1 -1,255
255,11111111,11111111,-6.1035156E-05 -6.1035156E-05 -6.1035156E-05 -6.1035156E-05,-0.0011111111 -0.0011111111 -0.0011111111,-0.01 -0.01 -0.01,-1 -1 -1,255
255,11111111,11111111,-6.1035156E-05 -6.1035156E-05 -6.1035156E-05 -6.1035156E-05,-0.0011111111 -0.0011111111 -0.0011111111,-0.01 -0.01 -0.01,-1 -1 -1,255
255,11111111,11111111,-6.1035156E-05 -6.1035156E-05 -6.1035156E-05 -6.1035156E-05,-0.0011111111 -0.0011111111 -0.0011111111,-0.01 -0.01 -0.01,-1 -1 -1,255
255,11111111,11111111,-6.1035156E-05 -6.1035156E-05 -6.1035156E-05 -6.1035156E-05,-0.0011111111 -0.0011111111 -0.0011111111,-0.01 -0.01 -0.01,-1 -1 -1,255
255,11111111,11111111,-6.1035156E-05 -6.1035156E-05 -6.1035156E-05 -6.1035156E-05,-0.0011111111 -0.0011111111 -0.0011111111,-0.01 -0.01 -0.01,-1 -1 -1,255
255,11111111,11111111,-6.1035156E-05 -6.1035156E-05 -6.1035156E-05 -6.1035156E-05,-0.0011111111 -0.0011111111 -0.0011111111,-0.01 -0.01 -0.01,-1 -1 -1,255
255,11111111,11111111,-6.1035156E-05 -6.1035156E-05 -6.1035156E-05 -6.1035156E-05,-0.0011111111 -0.0011111111 -0.0011111111,-0.01 -0.01 -0.01,-1 -1 -1,255
255,11111111,11111111,-6.1035156E-05 -6.1035156E-05 -6.1035156E-05 -6.1035156E-05,-0.0011111111 -0.0011111111 -0.0011111111,-0.01 -0.01 -0.01,-1 -1 -1,255
255,11111111,11111111,-6.1035156E-05 -6.1035156E-05 -6.1035156E-05 -6.1035156E-05,-0.0011111111 -0.0011111111 -0.0011111111,-0.01 -0.01 -0.01,-1 -1 -1,255
255,11111111,11111111,-6.1035156E-05 -6.1035156E-05 -6.1035156E-05 -6.1035156E-05,-0.0011111111 -0.0011111111 -0.0011111111,-0.01 -0.01 -0.01,-1 -1 -1,255
255,11111111,11111111,-6.1035156E-05 -6.1035156E-05 -6.1035156E-05 -6.1035156E-05,-0.0011111111 -0.0011111111 -0.0011111111,-0.01 -0.01 -0.01,-1 -1 -1,255
255,11111111,11111111,-6.1035156E-05 -6.1035156E-05 -6.1035156E-05 -6.1035156E-05,-0.0011111111 -0.0011111111 -0.0011111111,-0.01 -0.01 -0.01,-1 -1 -1,255
255,11111111,11111111,-6.1035156E-05 -6.1035156E-05 -6.1035156E-05 -6.1035156E-05,-0.0011111111 -0.0011111111 -0.0011111111,-0.01 -0.01 -0.01,-1 -1 -1,255
255,11111111,11111111,-6.1035156E-05 -6.1035156E-05 -6.1035156E-05 -6.1035156E-05,-0.0011111111 -0.0011111111 -0.0011111111,-0.01 -0.01 -0.01,-1 -1 -1,255
255,11111111,11111111,-6.1035156E-05 -6.1035156E-05 -6.1035156E-05 -6.1035156E-05,-0.0011111111 -0.0011111111 -0.0011111111,-0.01 -0.01 -0.01,-1 -1 -1,255
255,11111111,11111111,-6.1035156E-05 -6.1035156E-05 -6.1035156E-05 -6.1035156E-05,-0.0011111111 -0.0011111111 -0.0011111111,-0.01 -0.01 -0.01,-1 -1 -1,255
255,11111111,11111111,-6.1035156E-05 -6.1035156E-05 -6.1035156E-05 -6.1035156E-05,-0.0011111111 -0.0011111111 -0.0011111111,-0.01 -0.01 -0.01,-1 -1 -1,255
255,11111111,11111111,-6.1035156E-05 -6.1035156E-05 -6.1035156E-05 -6.1035156E-05,-0.0011111111 -0.0011111111 -0.0011111111,-0.01 -0.01 -0.01,-1 -1 -1,255
255,11111111,11111111,-6.1035156E-05 -6.1035156E-05 -6.1035156E-05 -6.1035156E-05,-0.0011111111 -0.0011111111 -0.0011111111,-0.01 -0.01 -0.01,-1 -1 -1,255
255,11111111,11111111,-6.1035156E-05 -6.1035156E-05 -6.1035156E-05 -6.1035156E-05,-0.0011111111 -0.0011111111 -0.0011111111,-0.01 -0.01 -0.01,-1 -1 -1,255
255,11111111,11111111,-6.1035156E-05 -6.1035156E-05 -6.1035156E-05 -6.1035156E-05,-0.0011111111 -0.0011111111 -0.0011111111,-0.01 -0.01 -0.01,-1 -1 -1,255
255,11111111,11111111,-6.1035156E-05 -6.1035156E-05 -6.1035156E-05 -6.1035156E-05,-0.0011111111 -0.0011111111 -0.0011111111,-0.01 -0.01 -0.01,-1 -1 -1,255
255,11111111,11111111,-6.1035156E-05 -6.1035156E-05 -6.1035156E-05 -6.1035156E-05,-0.0011111111 -0.0011111111 -0.0011111111,-0.01 -0.01 -0.01,-1 -1 -1,255
255,11111111,11111111,-6.1035156E-05 -6.1035156E-05 -6.1035156E-05 -6.1035156E-05,-0.0011111111 -0.0011111111 -0.0011111111,-0.01 -0.01 -0.01,-1 -1 -1,255
255,11111111,11111111,-6.1035156E-05 -6.1035156E-05 -6.1035156E-05 -6.1035156E-05,-0.0011111111 -0.0011111111 -0.0011111111,-0.01 -0.01 -0.01,-1 -1 -1,255
255,11111111,11111111,-6.1035156E-05 -6.1035156E-05 -6.1035156E-05 -6.1035156E-05,-0.0011111111 -0.0011111111 -0.0011111111,-0.01 -0.01 -0.01,-1 -1 -1,255
255,11111111,11111111,-6.1035156E-05 -6.1035156E-05 -6.1035156E-05 -6.1035156E-05,-0.0011111111 -0.0011111111 -0.0011111111,-0.01 -0.01 -0.01,-1 -1 -1,255
255,11111111,11111111,-6.1035156E-05 -6.1035156E-05 -6.1035156E-05 -6.1035156E-05,-0.0011111111 -0.0011111111 -0.0011111111,-0.01 -0.01 -0.01,-1 -1 -1,255
255,11111111,11111111,-6.1035156E-05 -6.1035156E-05 -6.1035156E-05 -6.1035156E-05,-0.0011111111 -0.0011111111 -0.0011111111,-0.01 -0.01 -0.01,-1 -1 -1,255
255,11111111,11111111,-6.1035156E-05 -6.1035156E-05 -6.1035156E-05 -6.1035156E-05,-0.0011111111 -0.0011111111 -0.0011111111,-0.01 -0.01 -0.01,-1 -1 -1,255
255,11111111,11111111,-6.1035156E-05 -6.1035156E-05 -6.1035156E-05 -6.1035156E-05,-0.0011111111 -0.0011111111 -0.0011111111,-0.01 -0.01 -0.01,-1 -1 -1,255
255,11111111,11111111,-6.1035156E-05 -6.1035156E-05 -6.1035156E-05 -6.1035156E-05,-0.0011111111 -0.0011111111 -0.0011111111,-0.01 -0.01 -0.01,-1 -1 -1,255
255,11111111,11111111,-6.1035156E-05 -6.1035156E-05 -6.1035156E-05 -6.1035156E-05,-0.0011111111 -0.0011111111 -0.0011111111,-0.01 -0.01 -0.01,-1 -1 -1,255
255,11111111,11111111,-6.1035156E-05 -6.1035156E-05 -6.1035156E-05 -6.1035156E-05,-0.0011111111 -0.0011111111 -0.0011111111,-0.01 -0.01 -0.01,-1 -1 -1,255
255,11111111,11111111,-6.1035156E-05 -6.1035156E-05 -6.1035156E-05 -6.1035156E-05,-0.0011111111 -0.0011111111 -0.0011111111,-0.01 -0.01 -0.01,-1 -1 -1,255
255,11111111,11111111,-6.1035156E-05 -6.1035156E-05 -6.1035156E-05 -6.1035156E-05,-0.0011111111 -0.0011111111 -0.0011111111,-0.01 -0.01 -0.01,-1 -1 -1,255
255,11111111,11111111,-6.1035156E-05 -6.1035156E-05 -6.1035156E-05 -6.1035156E-05,-0.0011111111 -0.0011111111 -0.0011111111,-0.01 -0.01 -0.01,-1 -1 -1,255
255,11111111,11111111,-6.1035156E-05 -6.1035156E-05 -6.1035156E-05 -6.1035156E-05,-0.0011111111 -0.0011111111 -0.0011111111,-0.01 -0.01 -0.01,-1 -1 -1,255
255,11111111,11111111,-6.1035156E-05 -6.1035156E-05 -6.1035156E-05 -6.1035156E-05,-0.0011111111 -0.0011111111 -0.0011111111,-0.01 -0.01 -0.01,-1 -1 -1,255
255,11111111,11111111,-6.1035156E-05 -6.1035156E-05 -6.1035156E-05 -6.1035156E-05,-0.0011111111 -0.0011111111 -0.0011111111,-0.01 -0.01 -0.01,-1 -1 -1,255
255,11111111,11111111,-6.1035156E-05 -6.1035156E-05 -6.1035156E-05 -6.1035156E-05,-0.0011111111 -0.0011111111 -0.0011111111,-0.01 -0.01 -0.01,-1 -1 -1,255
255,11111111,11111111,-6.1035156E-05 -6.1035156E-05 -6.1035156E-05 -6.1035156E-05,-0.0011111111 -0.0011111111 -0.0011111111,-0.01 -0.01 -0.01,-1 -1 -1,255
255,11111111,11111111,-6.1035156E-05 -6.1035156E-05 -6.1035156E-05 -6.1035156E-05,-0.0011111111 -0.0011111111 -0.0011111111,-0.01 -0.01 -0.01,-1 -1 -1,255
255,11111111,11111111,-6.1035156E-05 -6.1035156E-05 -6.1035156E-05 -6.1035156E-05,-0.0011111111 -0.0011111111 -0.0011111111,-0.01 -0.01 -0.01,-1 -1 -1,255
255,11111111,11111111,-6.1035156E-05 -6.1035156E-05 -6.1035156E-05 -6.1035156E-05,-0.0011111111 -0.0011111111 -0.0011111111,-0.01 -0.01 -0.01,-1 -1 -1,255
255,11111111,11111111,-6.1035156E-05 -6.1035156E-05 -6.1035156E-05 -6.1035156E-05,-0.0011111111 -0.0011111111 -0.0011111111,-0.01 -0.01 -0.01,-1 -1 -1,255
255,11111111,11111111,-6.1035156E-05 -6.1035156E-05 -6.1035156E-05 -6.1035156E-05,-0.0011111111 -0.0011111111 -0.0011111111,-0.01 -0.01 -0.01,-1 -1 -1,255
255,11111111,11111111,-6.1035156E-05 -6.1035156E-05 -6.1035156E-05 -6.1035156E-05,-0.0011111111 -0.0011111111 -0.0011111111,-0.01 -0.01 -0.01,-1 -1 -1,255
255,11111111,11111111,-6.1035156E-05 -6.1035156E-05 -6.1035156E-05 -6.1035156E-05,-0.0011111111 -0.0011111111 -0.0011111111,-0.01 -0.01 -0.01,-1 -1 -1,255
255,11111111,11111111,-6.1035156E-05 -6.1035156E-05 -6.1035156E-05 -6.1035156E-05,-0.0011111111 -0.0011111111 -0.0011111111,-0.01 -0.01 -0.01,-1 -1 -1,255
255,11111111,11111111,-6.1035156E-05 -6.1035156E-05 -6.1035156E-05 -6.1035156E-05,-0.0011111111 -0.0011111111 -0.0011111111,-0.01 -0.01 -0.01,-1 -1 -1,255
255,11111111,11111111,-6.1035156E-05 -6.1035156E-05 -6.1035156E-05 -6.1035156E-05,-0.0011111111 -0.0011111111 -0.0011111111,-0.01 -0.01 -0.01,-1 -1 -1,255
255,11111111,11111111,-6.1035156E-05 -6.1035156E-05 -6.1035156E-05 -6.1035156E-05,-0.0011111111 -0.0011111111 -0.0011111111,-0.01 -0.01 -0.01,-1 -1 -1,255
255,11111111,11111111,-6.1035156E-05 -6.1035156E-05 -6.1035156E-05 -6.1035156E-05,-0.0011111111 -0.0011111111 -0.0011111111,-0.01 -0.01 -0.01,-1 -1 -1,255
255,11111111,11111111,-6.1035156E-05 -6.1035156E-05 -6.1035156E-05 -6.1035156E-05,-0.0011111111 -0.0011111111 -0.0011111111,-0.01 -0.01 -0.01,-1 -1 -1,255
255,11111111,11111111,-6.1035156E-05 -6.1035156E-05 -6.1035156E-05 -6.1035156E-05,-0.0011111111 -0.0011111111 -0.0011111111,-0.01 -0.01 -0.01,-1 -1 -1,255
255,11111111,11111111,-6.1035156E-05 -6.1035156E-05 -6.1035156E-05 -6.1035156E-05,-0.0011111111 -0.0011111111 -0.0011111111,-0.01 -0.01 -0.01,-1 -1 -1,255
255,11111111,11111111,-6.1035156E-05 -6.1035156E-05 -6.1035156E-05 -6.1035156E-05,-0.0011111111 -0.0011111111 -0.0011111111,-0.01 -0.01 -0.01,-1 -1 -1,255
255,11111111,11111111,-6.1035156E-05 -6.1035156E-05 -6.1035156E-05 -6.1035156E-05,-0.0011111111 -0.0011111111 -0.0011111111,-0.01 -0.01 -0.01,-1 -1 -1,255
255,11111111,11111111,-6.1035156E-05 -6.1035156E-05 -6.1035156E-05 -6.1035156E-05,-0.0011111111 -0.0011111111 -0.0011111111,-0.01 -0.01 -0.01,-1 -1 -1,255
255,11111111,11111111,-6.1035156E-05 -6.1035156E-05 -6.1035156E-05 -6.1035156E-05,-0.0011111111 -0.0011111111 -0.0011111111,-0.01 -0.01 -0.01,-1 -1 -1,255
255,11111111,11111111,-6.1035156E-05 -6.1035156E-05 -6.1035156E-05 -6.1035156E-05,-0.0011111111 -0.0011111111 -0.0011111111,-0.01 -0.01 -0.01,-1 -1 -1,255
255,11111111,11111111,-6.1035156E-05 -6.1035156E-05 -6.1035156E-05 -6.1035156E-05,-0.0011111111 -0.0011111111 -0.0011111111,-0.01 -0.01 -0.01,-1 -1 -1,255
255,11111111,11111111,-6.1035156E-05 -6.1035156E-05 -6.1035156E-05 -6.1035156E-05,-0.0011111111 -0.0011111111 -0.0011111111,-0.01 -0.01 -0.01,-1 -1 -1,255
255,11111111,11111111,-6.1035156E-05 -6.1035156E-05 -6.1035156E-05 -6.1035156E-05,-0.0011111111 -0.0011111111 -0.0011111111,-0.01 -0.01 -0.01,-1 -1 -1,255
255,11111111,11111111,-6.1035156E-05 -6.1035156E-05 -6.1035156E-05 -6.1035156E-05,-0.0011111111 -0.0011111111 -0.0011111111,-0.01 -0.01 -0.01,-1 -1 -1,255
255,11111111,11111111,-6.1035156E-05 -6.1035156E-05 -6.1035156E-05 -6.1035156E-05,-0.0011111111 -0.0011111111 -0.0011111111,-0.01 -0.01 -0.01,-1 -1 -1,255
255,11111111,11111111,-6.1035156E-05 -6.1035156E-05 -6.1035156E-05 -6.1035156E-05,-0.0011111111 -0.0011111111 -0.0011111111,-0.01 -0.01 -0.01,-1 -1 -1,255
255,11111111,11111111,-6.1035156E-05 -6.1035156E-05 -6.1035156E-05 -6.1035156E-05,-0.0011111111 -0.0011111111 -0.0011111111,-0.01 -0.01 -0.01,-1 -1 -1,255
255,11111111,11111111,-6.1035156E-05 -6.1035156E-05 -6.1035156E-05 -6.1035156E-05,-0.0011111111 -0.0011111111 -0.0011111111,-0.01 -0.01 -0.01,-1 -1 -1,255
255,11111111,11111111,-6.1035156E-05 -6.1035156E-05 -6.1035156E-05 -6.1035156E-05,-0.0011111111 -0.0011111111 -0.0011111111,-0.01 -0.01 -0.01,-1 -1 -1,255
255,11111111,11111111,-6.1035156E-05 -6.1035156E-05 -6.1035156E-05 -6.1035156E-05,-0.0011111111 -0.0011111111 -0.0011111111,-0.01 -0.01 -0.01,-1 -1 -1,255
255,11111111,11111111,-6.1035156E-05 -6.1035156E-05 -6.1035156E-05 -6.1035156E-05,-0.0011111111 -0.0011111111 -0.0011111111,-0.01 -0.01 -0.01,-1 -1 -1,255
255,11111111,11111111,-6.1035156E-05 -6.1035156E-05 -6.1035156E-05 -6.1035156E-05,-0.0011111111 -0.0011111111 -0.0011111111,-0.01 -0.01 -0.01,-1 -1 -1,255
255,11111111,11111111,-6.1035156E-05 -6.1035156E-05 -6.1035156E-05 -6.1035156E-05,-0.0011111111 -0.0011111111 -0.0011111111,-0.01 -0.01 -0.01,-1 -1 -1,255
255,11111111,11111111,-6.1035156E-05 -6.1035156E-05 -6.1035156E-05 -6.1035156E-05,-0.0011111111 -0.0011111111 -0.0011111111,-0.01 -0.01 -0.01,-1 -1 -1,255
255,11111111,11111111,-6.1035156E-05 -6.1035156E-05 -6.1035156E-05 -6.1035156E-05,-0.0011111111 -0.0011111111 -0.0011111111,-0.01 -0.01 -0.01,-1 -1 -1,255
255,11111111,11111111,-6.1035156E-05 -6.1035156E-05 -6.1035156E-05 -6.1035156E-05,-0.0011111111 -0.0011111111 -0.0011111111,-0.01 -0.01 -0.01,-1 -1 -1,255
255,11111111,11111111,-6.1035156E-05 -6.1035156E-05 -6.1035156E-05 -6.1035156E-05,-0.0011111111 -0.0011111111 -0.0011111111,-0.01 -0.01 -0.01,-1 -1 -1,255
255,11111111,11111111,-6.1035156E-05 -6.1035156E-05 -6.1035156E-05 -6.1035156E-05,-0.0011111111 -0.0011111111 -0.0011111111,-0.01 -0.01 -0.01,-1 -1 -1,255
255,11111111,11111111,-6.1035156E-05 -6.1035156E-05 -6.1035156E-05 -6.1035156E-05,-0.0011111111 -0.0011111111 -0.0011111111,-0.01 -0.01 -0.01,-1 -1 -1,255
255,11111111,11111111,-6.1035156E-05 -6.1035156E-05 -6.1035156E-05 -6.1035156E-05,-0.0011111111 -0.0011111111 -0.0011111111,-0.01 -0.01 -0.01,-1 -1 -1,255
255,11111111,11111111,-6.1035156E-05 -6.1035156E-05 -6.1035156E-05 -6.1035156E-05,-0.0011111111 -0.0011111111 -0.0011111111,-0.01 -0.01 -0.01,-1 -1 -1,255
255,11111111,11111111,-6.1035156E-05 -6.1035156E-05 -6.1035156E-05 -6.1035156E-05,-0.0011111111 -0.0011111111 -0.0011111111,-0.01 -0.01 -0.01,-1 -1 -1,255
255,11111111,11111111,-6.1035156E-05 -6.1035156E-05 -6.1035156E-05 -6.1035156E-05,-0.0011111111 -0.0011111111 -0.0011111111,-0.01 -0.01 -0.01,-1 -1 -1,255
255,11111111,11111111,-6.1035156E-05 -6.1035156E-05 -6.1035156E-05 -6.1035156E-05,-0.0011111111 -0.0011111111 -0.0011111111,-0.01 -0.01 -0.01,-1 -1 -1,255
255,11111111,11111111,-6.1035156E-05 -6.1035156E-05 -6.1035156E-05 -6.1035156E-05,-0.0011111111 -0.0011111111 -0.0011111111,-0.01 -0.01 -0.01,-1 -1 -1,255
255,11111111,11111111,-6.1035156E-05 -6.1035156E-05 -6.1035156E-05 -6.1035156E-05,-0.0011111111 -0.0011111111 -0.0011111111,-0.01 -0.01 -0.01,-1 -1 -1,255
255,11111111,11111111,-6.1035156E-05 -6.1035156E-05 -6.1035156E-05 -6.1035156E-05,-0.0011111111 -0.0011111111 -0.0011111111,-0.01 -0.01 -0.01,-1 -1 -1,255
255,11111111,11111111,-6.1035156E-05 -6.1035156E-05 -6.1035156E-05 -6.1035156E-05,-0.0011111111 -0.0011111111 -0.0011111111,-0.01 -0.01 -0.01,-1 -1 -1,255
255,11111111,11111111,-6.1035156E-05 -6.1035156E-05 -6.1035156E-05 -6.1035156E-05,-0.0011111111 -0.0011111111 -0.0011111111,-0.01 -0.01 -0.01,-1 -1 -1,255
255,11111111,11111111,-6.1035156E-05 -6.1035156E-05 -6.1035156E-05 -6.1035156E-05,-0.0011111111 -0.0011111111 -0.0011111111,-0.01 -0.01 -0.01,-1 -1 -1,255
255,11111111,11111111,-6.1035156E-05 -6.1035156E-05 -6.1035156E-05 -6.1035156E-05,-0.0011111111 -0.0011111111 -0.0011111111,-0.01 -0.01 -0.01,-1 -1 -1,255
255,11111111,11111111,-6.1035156E-05 -6.1035156E-05 -6.1035156E-05 -6.1035156E-05,-0.0011111111 -0.0011111111 -0.0011111111,-0.01 -0.01 -0.01,-1 -1 -1,255
255,11111111,11111111,-6.1035156E-05 -6.1035156E-05 -6.1035156E-05 -6.1035156E-05,-0.0011111111 -0.0011111111 -0.0011111111,-0.01 -0.01 -0.01,-1 -1 -1,255
255,11111111,11111111,-6.1035156E-05 -6.1035156E-05 -6.1035156E-05 -6.1035156E-05,-0.0011111111 -0.0011111111 -0.0011111111,-0.01 -0.01 -0.01,-1 -1 -1,255
255,11111111,11111111,-6.1035156E-05 -6.1035156E-05 -6.1035156E-05 -6.1035156E-05,-0.0011111111 -0.0011111111 -0.0011111111,-0.01 -0.01 -0.01,-1 -1 -1,255
255,11111111,11111111,-6.1035156E-05 -6.1035156E-05 -6.1035156E-05 -6.1035156E-05,-0.0011111111 -0.0011111111 -0.0011111111,-0.01 -0.01 -0.01,-1 -1 -1,255
255,11111111,11111111,-6.1035156E-05 -6.1035156E-05 -6.1035156E-05 -6.1035156E-05,-0.0011111111 -0.0011111111 -0.0011111111,-0.01 -0.01 -0.01,-1 -1 -1,255
255,11111111,11111111,-6.1035156E-05 -6.1035156E-05 -6.1035156E-05 -6.1035156E-05,-0.0011111111 -0.0011111111 -0.0011111111,-0.01 -0.01 -0.01,-1 -1 -1,255
255,11111111,11111111,-6.1035156E-05 -6.1035156E-05 -6.1035156E-05 -6.1035156E-05,-0.0011111111 -0.0011111111 -0.0011111111,-0.01 -0.01 -0.01,-1 -1 -1,255
255,11111111,11111111,-6.1035156E-05 -6.1035156E-05 -6.1035156E-05 -6.1035156E-05,-0.0011111111 -0.0011111111 -0.0011111111,-0.01 -0.01 -0.01,-1 -1 -1,255
255,11111111,11111111,-6.1035156E-05 -6.1035156E-05 -6.1035156E-05 -6.1035156E-05,-0.0011111111 -0.0011111111 -0.0011111111,-0.01 -0.01 -0.01,-1 -1 -1,255
255,11111111,11111111,-6.1035156E-05 -6.1035156E-05 -6.1035156E-05 -6.1035156E-05,-0.0011111111 -0.0011111111 -0.0011111111,-0.01 -0.01 -0.01,-1 -1 -1,255
255,11111111,11111111,-6.1035156E-05 -6.1035156E-05 -6.1035156E-05 -6.1035156E-05,-0.0011111111 -0.0011111111 -0.0011111111,-0.01 -0.01 -0.01,-1 -1 -1,255
255,11111111,11111111,-6.1035156E-05 -6.1035156E-05 -6.1035156E-05 -6.1035156E-05,-0.0011111111 -0.0011111111 -0.0011111111,-0.01 -0.01 -0.01,-1 -1 -1,255
255,11111111,11111111,-6.1035156E-05 -6.1035156E-05 -6.1035156E-05 -6.1035156E-05,-0.0011111111 -0.0011111111 -0.0011111111,-0.01 -0.01 -0.01,-1 -1 -1,255
255,11111111,11111111,-6.1035156E-05 -6.1035156E-05 -6.1035156E-05 -6.1035156E-05,-0.0011111111 -0.0011111111 -0.0011111111,-0.01 -0.01 -0.01,-1 -1 -1,255
255,11111111,11111111,-6.1035156E-05 -6.1035156E-05 -6.1035156E-05 -6.1035156E-05,-0.0011111111 -0.0011111111 -0.0011111111,-0.01 -0.01 -0.01,-1 -1 -1,255
255,11111111,11111111,-6.1035156E-05 -6.1035156E-05 -6.1035156E-05 -6.1035156E-05,-0.0011111111 -0.0011111111 -0.0011111111,-0.01 -0.01 -0.01,-1 -1 -1,255
255,11111111,11111111,-6.1035156E-05 -6.1035156E-05 -6.1035156E-05 -6.1035156E-05,-0.0011111111 -0.0011111111 -0.0011111111,-0.01 -0.01 -0.01,-1 -1 -1,255
255,11111111,11111111,-6.1035156E-05 -6.1035156E-05 -6.1035156E-05 -6.1035156E-05,-0.0011111111 -0.0011111111 -0.0011111111,-0.01 -0.01 -0.01,-1 -1 -1,255
255,11111111,11111111,-6.1035156E-05 -6.1035156E-05 -6.1035156E-05 -6.1035156E-05,-0.0011111111 -0.0011111111 -0.0011111111,-0.01 -0.01 -0.01,-1 -1 -1,255
255,11111111,11111111,-6.1035156E-05 -6.1035156E-05 -6.1035156E-05 -6.1035156E-05,-0.0011111111 -0.0011111111 -0.0011111111,-0.01 -0.01 -0.01,-1 -1 -1,255
255,11111111,11111111,-6.1035156E-05 -6.1035156E-05 -6.1035156E-05 -6.1035156E-05,-0.0011111111 -0.0011111111 -0.0011111111,-0.01 -0.01 -0.01,-1 -1 -1,255
255,11111111,11111111,-6.1035156E-05 -6.1035156E-05 -6.1035156E-05 -6.1035156E-05,-0.0011111111 -0.0011111111 -0.0011111111,-0.01 -0.01 -0.01,-1 -1 -1,255
255,11111111,11111111,-6.1035156E-05 -6.1035156E-05 -6.1035156E-05 -6.1035156E-05,-0.0011111111 -0.0011111111 -0.0011111111,-0.01 -0.01 -0.01,-1 -1 -1,255
255,11111111,11111111,-6.1035156E-05 -6.1035156E-05 -6.1035156E-05 -6.1035156E-05,-0.0011111111 -0.0011111111 -0.0011111111,-0.01 -0.01 -0.01,-1 -1 -1,255
255,11111111,11111111,-6.1035156E-05 -6.1035156E-05 -6.1035156E-05 -6.1035156E-05,-0.0011111111 -0.0011111111 -0.0011111111,-0.01 -0.01 -0.01,-1 -1 -1,255
255,11111111,11111111,-6.1035156E-05 -6.1035156E-05 -6.1035156E-05 -6.1035156E-05,-0.0011111111 -0.0011111111 -0.0011111111,-0.01 -0.01 -0.01,-1 -1 -1,255
