index,flag1,flag2,ori,avel,acce,mp,temp ( Big-Endian )
0,01100001,00000000,0.003967285 0.98443604 0.17578125 -0.0040893555,0.02111111 0.02111111 -0.0033333334,-0.05 -0.12 9.84,0 0 0,28
1,01100001,00000000,0.0010986328 0.98443604 0.17578125 -0.0036010742,0.053333335 0.037777778 -0.0011111111,-0.02 -0.1 9.84,0 0 0,28
2,01100001,00000000,-0.0010375977 0.98443604 0.17578125 -0.0032958984,0.02111111 0.0044444446 -0.0022222223,-0.02 -0.08 9.87,0 0 0,28
3,01100001,00000000,0 0.98443604 0.17578125 -0.0036621094,-0.037777778 -0.028888889 -0.0044444446,-0.06 -0.11 9.85,0 0 0,28
4,01100001,00000000,0.002746582 0.98443604 0.17578125 -0.004638672,-0.035555556 -0.023333333 -0.0022222223,-0.01 -0.13 9.85,0 0 0,28
5,01100001,00000000,0.0037231445 0.98443604 0.17578125 -0.0052490234,0.0044444446 0 -0.0033333334,-0.03 -0.16 9.86,0 0 0,28
6,01100001,00000001,1 0 0 0,0.044444446 0.017777778 -0.0044444446,-0.04 -0.2 9.9,0 0 0,28
7,01100001,00000000,1 0.002380371 0.0007324219 0,0.02111111 0.014444444 -0.0055555557,-0.03 -0.1 9.83,0 0 0,28
8,01100001,00000000,1 0.0018920898 0.0009765625 0,-0.035555556 -0.031111112 -0.0022222223,-0.05 -0.08 9.84,0 0 0,28
9,01100001,00000000,1 -0.0010986328 0.00024414062 0,-0.045555554 -0.04222222 -0.0033333334,-0.06 -0.11 9.86,0 0 0,28
10,01100001,00000000,1 -0.0022583008 0 0,0.008888889 -0.01 0.0033333334,-0.06 -0.14 9.86,0 0 0,28
11,01100001,00000000,1 -0.00091552734 0.0006713867 0,0.05 0.024444444 0.0033333334,-0.05 -0.13 9.86,0 0 0,28
12,01100001,00000000,1 0.0009765625 0.0020141602 0,0.031111112 0.028888889 0.006666667,-0.03 -0.11 9.86,0 0 0,28
13,01100001,00000000,1 0.00061035156 0.0029296875 0,-0.02111111 -0.006666667 0.0022222223,-0.03 -0.13 9.84,0 0 0,28
14,01100001,00000000,1 -0.0017089844 0.0022583008 0,-0.034444444 -0.03 0.0044444446,-0.03 -0.13 9.87,0 0 0,28
15,01100001,00000000,1 -0.0032348633 0.001159668 6.1035156E-05,-0.0033333334 -0.012222222 0,-0.06 -0.13 9.85,0 0 0,28
16,01100001,00000000,1 -0.0024414062 0.0012817383 6.1035156E-05,0.036666665 0.018888889 0.0044444446,-0.02 -0.12 9.84,0 0 0,28
17,01100001,00000000,1 0 0.0025024414 6.1035156E-05,0.034444444 0.022222223 0.006666667,-7.7 -0.11 9.84,0 0 0,28
18,01100001,00000000,1 0.00061035156 0.0032958984 0,-0.008888889 -0.0011111111 0.0044444446,-0.04 -0.13 9.83,0 0 0,28
19,01100001,00000000,1 -0.00091552734 0.0026245117 6.1035156E-05,-0.04 -0.03 0.0022222223,-0.04 -0.12 9.85,0 0 0,28
20,01100001,00000000,1 -0.0026245117 0.0010375977 6.1035156E-05,-0.018888889 -0.031111112 0.0011111111,-0.02 -0.13 9.84,0 0 0,28
21,01100001,00000000,1 -0.0020751953 0.00061035156 6.1035156E-05,0.022222223 0.0011111111 0.0044444446,-0.02 -0.13 9.88,0 0 0,28
22,01100001,00000000,1 0 0.0018310547 6.1035156E-05,0.034444444 0.023333333 0,-0.05 -0.12 9.86,0 0 0,28
23,01100001,00000000,1 0.0009765625 0.0029907227 0,0.0011111111 0.0055555557 -0.0011111111,-0.07 -0.13 9.86,0 0 0,28
24,01100001,00000000,1 -0.00012207031 0.0028686523 6.1035156E-05,-0.031111112 -0.016666668 0,-0.08 -0.12 9.87,0 0 0,28
25,01100001,00000000,1 -0.0018310547 0.0010375977 6.1035156E-05,-0.02 -1.1377778 -9.956667,-0.04 -0.12 9.89,0 0 0,28
26,01100001,00000000,1 -0.0017700195 0.00024414062 6.1035156E-05,0.014444444 -0.0011111111 -0.0022222223,-0.06 -0.14 9.85,0 0 0,28
27,01100001,00000000,1 0 0.001159668 0,0.035555556 0.023333333 0.0011111111,-0.05 -0.11 9.84,0 0 0,28
28,01100001,00000000,1 0.0012207031 0.002746582 0,0.01 0.013333334 0.0022222223,-0.06 -0.12 9.87,0 0 0,28
29,01100001,00000000,1 0.0005493164 0.0026855469 0,-0.02111111 -0.01 -0.0011111111,-0.04 -0.11 9.85,0 0 0,28
30,01100001,00000000,0.99993896 -0.0004272461 0.0005493164 -0.0004272461,0.016666668 -0.054444443 -0.033333335,-0.02 -0.1 9.85,0 0 0,28
31,01100001,00000000,0.99993896 0.0012207031 -0.0016479492 -0.0072021484,0.06333333 0.008888889 -0.13111112,-0.05 -0.17 9.86,0 0 0,28
32,01100001,00000000,0.9998779 0.005126953 -0.0056762695 -0.009643555,0.10555556 -0.28333333 0.037777778,-0.16 -0.06 9.91,0 0 0,28
33,01100001,00000000,0.9998169 0.008056641 -0.0138549805 -0.010681152,0.05888889 0.075555556 -0.28666666,0.67 0.45 9.69,0 0 0,28
34,01100001,00000000,0.99975586 0.00592041 -0.018371582 -0.010803223,-0.19444445 0.19666667 0.04111111,-9.68 -0.01 -0.01,0 0 0,28
35,01100010,00000000,0.9996948 0.006652832 -0.018737793 -0.010314941,0.13222222 -0.16666667 0.031111112,0.13 0.08 9.88,0 0 0,28
36,01100010,00000000,0.9998779 -0.0016479492 -0.01171875 -0.008361816,-1.3855555 1.4244444 0.27,-0.33 4.55 8.89,0 0 0,28
37,01100010,00000000,0.99975586 -0.02154541 -6.1035156E-05 0.0010375977,0.3311111 -0.6077778 0.016666668,-1.44 -2.51 10.8,0 0 0,28
38,01100010,00000000,0.9998779 -0.0056152344 -0.016967773 0.0024414062,0.5 -0.32666665 0.045555554,1.62 0.09 7.86,0 0 0,28
39,01100010,00000000,0.99993896 0.00012207031 -0.007019043 0.0026855469,0.15111111 0.22 -0.112222224,0.07 1.11 9.01,0 0 0,28
40,01100010,00000000,1 -0.005065918 -0.0036621094 -0.0007324219,-0.31555554 0.23444444 -0.053333335,-0.25 -0.7 11.05,0 0 0,28
41,01100010,00000000,1 -0.0037231445 -0.003479004 0.00091552734,0.28111112 -0.20555556 0.11444444,-1.29 -0.43 9.04,0 0 0,28
42,01100010,00000000,1 0.0015258789 -0.005432129 0.0033569336,0.2211111 0.075555556 -32.142223,1.35 -0.61 9.7,0 0 0,28
43,01100010,00000000,0.9998779 0.015625 0.0004272461 -0.0076293945,1.1455555 0.17555556 -0.51666665,-1.05 0.26 10.94,0 0 0,28
44,01100010,00000000,0.99957275 0.028686523 -0.0020751953 -0.0059814453,-0.27555555 -0.1711111 0.18444444,0.7 1.91 9.8,0 0 0,28
45,01100010,00000000,0.9998779 0.0037841797 0.008605957 -0.0099487305,-0.8844444 0.64111114 -0.3588889,0.51 -0.89 10.92,0 0 0,28
46,01100010,00000000,0.9998169 0.005004883 0.010009766 -0.014831543,0.23666666 -0.20888889 -0.10666667,0.25 0.12 10.49,0 0 0,28
47,01100010,00000000,0.99993896 -0.006652832 -0.0036621094 -0.011169434,-0.91333336 -0.3188889 0.17777778,2.02 -0.08 10.02,0 0 0,28
48,01100010,00000000,0.9995117 -0.02368164 0.009338379 -0.01727295,-0.18555556 0.9388889 -0.88555557,-2.3 -0.01 10.2,0 0 0,28
49,01100010,00000000,0.9993286 -0.016296387 0.02130127 -0.0256958,0.12888889 0.15888889 -0.13111112,1.69 0.07 10.74,0 0 0,28
50,01100010,00000000,0.9989624 -0.025634766 0.018127441 -0.033569336,-0.14444445 -0.2588889 -0.24555555,2.46 -0.6 10.58,0 0 0,28
51,01100010,00000000,0.9991455 -0.021057129 -0.0020141602 -0.034606934,0.24333334 -1.2255555 -0.13444445,1.47 -2.56 -0.01,0 0 0,28
52,01100010,00000000,0.99823 -0.022521973 -0.04333496 -0.033203125,-0.3077778 -2.0911112 0.08444444,2.57 0.46 10.63,0 0 0,28
53,01100010,00000000,0.99279785 -0.018676758 -0.11627197 -0.023132324,0.66888887 -2.8222222 0.45,2.17 -2.54 11.02,0 0 0,28
54,01100010,00000000,0.9819946 -0.0073242188 -0.18865967 -0.0075683594,0.32666665 -2.9266667 0.41444445,3.75 0.19 9.87,0 0 0,28
55,01100010,00000000,0.9702759 0.0052490234 -0.24194336 0.0041503906,1.0011111 -1.9611111 0.41222224,3.02 -0.55 9.51,0 0 0,28
56,01100010,00000000,0.95880127 0.021057129 -0.28308105 0.009643555,0.5744445 -1.4311111 -0.093333334,4.69 0.56 9.02,0 0 0,28
57,01100010,00000000,0.95495605 0.033325195 -0.29473877 0.008911133,0.45444444 -0.16 -0.10666667,3.5 0.14 7.67,0 0 0,28
58,01100010,00000000,0.9418335 0.047912598 -0.3322754 0.01727295,0.37111112 -3.3377779 -1.1233333,-1 0 7.14,0 0 0,28
59,01100010,00000000,0.92193604 0.07220459 -0.36621094 -0.039916992,0.5788889 1.2877778 -2.8688889,6.69 -1.15 8.73,0 0 0,28
60,01100010,00000000,0.97906494 0.09039307 -0.17718506 0.04345703,0.78 9.612223 4.7655554,4.38 5.6 7.69,0 0 0,28
61,01100010,00000000,0.9399414 -0.008605957 0.016052246 0.34075928,-2.4366667 6.5288887 15.068889,-10.4 -1.73 16.61,0 0 0,28
62,01100010,00000000,0.7623291 -0.0010986328 0.005432129 0.64715576,0.26444444 -5.3766665 13.73,-7.71 -11.27 10.17,0 0 0,28
63,01100010,00000000,0.55078125 0.22479248 -0.09197998 0.79852295,5.1744447 -8.38 6.708889,4.69 -10.09 3.68,0 0 0,28
64,01100010,00000000,0.3829956 0.39007568 -0.06750488 0.8345947,6.937778 -3.258889 7.7377777,7.35 -3 2.83,0 0 0,28
65,01100010,00000000,0.12652588 0.41149902 -0.06097412 0.9005127,3.7844443 1.9811112 11.447778,9.18 1.32 4.75,0 0 0,28
66,01100010,00000000,-0.22924805 0.28308105 -0.15319824 0.91864014,1.6344445 4.541111 18.353333,5.33 -2.26 9.98,0 0 0,28
67,01100010,00000000,-0.71276855 0.14257812 -0.190979 0.65960693,2.518889 -3.62 20.785555,-6.33 -12.37 11.22,0 0 0,28
68,01100010,00000000,-0.9298706 0.16522217 -0.013549805 0.32836914,2.671111 -11.57 11.832222,3.27 -14.12 -200.94,0 0 0,28
69,01100010,00000000,-0.9573364 0.1515503 0.21453857 0.12011719,4.7188888 -8.87 4.2222223,7.08 -7.98 0.85,0 0 0,28
70,01100010,00000000,-0.9536133 0.03527832 0.29681396 -0.035339355,7.301111 0.5566667 6.287778,13.17 0.88 7.35,0 0 0,28
71,01100010,00000000,-0.9109497 0.12927246 0.18377686 -0.3458252,-3.771111 4.057778 13.306666,-1.93 6.8 4.41,0 0 0,28
72,01100010,00000000,-0.78015137 0.35302734 0.13061523 -0.4996338,-5.3544445 2.3488889 7.937778,-5.57 -6.49 6.72,0 0 0,28
73,01100010,00000000,-0.6849365 0.39367676 0.12902832 -0.5993042,-0.20111111 -3.8744445 3.8122222,-5.59 -6.66 4.84,0 0 0,28
74,01100010,00000000,-0.6635132 0.17492676 0.1638794 -0.7086792,6.8055553 -8.298889 0.44333333,3.7 -8.71 7.11,0 0 0,28
75,01100010,00000000,-0.62298584 -0.024841309 0.09124756 -0.77648926,7.5266666 -3.3777778 3.0155556,5.71 5.03 5.28,0 0 0,28
76,01100010,00000000,-0.51623535 0 0 -0.015625,-0.86333334 1.2566667 5.88,3.09 1.64 14.71,0 0 0,28
77,01100010,00000000,-0.4180298 -0.050354004 0.113342285 -0.89990234,-1.1133333 -4.478889 2.82,-5.62 -2.27 8.97,0 0 0,28
78,01100010,00000000,-0.43688965 -0.22827148 0.17376709 -0.852478,1.2377778 -6.657778 -4.118889,3.99 -4.66 9.12,0 0 0,28
79,01100010,00000000,-0.4989624 -0.31848145 0.086364746 -0.80133057,3.8944445 1.1766666 -3.4288888,4.86 3.75 6.65,0 0 0,28
80,01100010,00000000,-0.49578857 -0.27105713 0.018371582 -0.8248291,-0.81666666 4.0133333 1.6122222,-0.03 6.53 4.75,0 0 0,28
81,01100010,00000000,-0.47039795 -0.13342285 0.05255127 -0.8706665,-4.865556 5.096667 2.1977777,-1.18 0.34 9.65,0 0 0,28
82,01100010,00000000,-0.4165039 -0.008422852 0.04437256 -0.907959,0.2588889 3.1166666 3,-3.36 -3.91 12.78,0 0 0,28
83,01100010,00000000,-0.3017578 0.005554199 -0.008850098 -0.9533081,1.3311111 1.69 6.347778,3.25 1.07 9.71,0 0 0,28
84,01100010,00000000,-0.109558105 0.072143555 -0.04486084 -0.9902954,0.55333334 3.7644444 9.627778,1.06 -1.51 9.14,0 0 0,28
85,01100010,00000000,0.20141602 0.072509766 -0.09387207 -0.97229004,0.32555556 -0.9777778 11.402223,-2.99 -1.72 9.41,234 2074 -9985,28
86,01100010,00000000,0.3786621 -0.021850586 -0.09289551 -0.92059326,-1.3622222 -2.3477778 6.2344446,4.06 -4.26 7.49,0 0 0,28
87,01100010,00000000,0.48406982 -0.030273438 -0.07122803 -0.87158203,0.023333333 2.3677778 4.977778,5.91 -0.49 10.71,0 0 0,28
88,01100010,00000000,0.61761475 0.024658203 0.0025024414 -0.7860718,-3.0744445 4.0333333 7.3333335,-1.69 5.65 8.27,0 0 0,28
89,01100010,00000000,0.72387695 0.0060424805 0.17938232 -0.6661377,-5.597778 3.4322221 3.7944446,-0.92 -5.08 10.71,0 0 0,28
90,01100010,00000000,0.74884033 0.009460449 0.2267456 -0.62268066,0.12888889 -0.11777778 1.5866667,-2.87 -3.4 9.36,0 0 0,28
91,01100010,00000000,0.7687988 0.007873535 0.19238281 -0.60980225,0.56333333 -1.3344444 0.46,0.31 0.3 7.6,0 0 0,28
92,01100010,00000000,0.7697754 0.009033203 0.18621826 -0.61047363,0.27555555 0.4788889 -0.083333336,1.11 -1.07 10.92,0 0 0,28
93,01100010,00000000,0.7692261 0.012023926 0 -0.015625,1.56 -2.3244445 -0.4722222,-4.52 -1.5 9.32,0 0 0,28
94,01100010,00000000,0.73809814 -0.024963379 0.011047363 -0.6741333,3.0844445 -5.153333 -3.807778,-0.13 -2.15 10.24,0 0 0,28
95,01100010,00000000,0.6682739 -0.006958008 -0.11279297 -0.7352295,4.408889 -1.7722223 -3.6466668,1.95 -0.07 10.42,0 0 0,28
96,01100010,00000000,0.6222534 0.042907715 -0.20092773 -0.75531006,2.6655555 -0.86333334 -1.1611111,-1.62 2.61 9.16,0 0 0,28
97,01100010,00000000,0.59594727 0.04321289 -0.2321167 -0.7675171,0.5188889 -0.7733333 -1.3733333,1.13 0.78 8.91,0 0 0,28
98,01100010,00000000,0.5720215 0.06402588 -0.23828125 -0.78222656,0.5977778 0.98444444 -1.0866667,0.28 1.08 7.91,0 0 0,28
99,01100010,00000000,0.57476807 0.09442139 -0.20300293 -0.78704834,-1.5911111 2.3544445 -0.16111112,-0.77 3.35 7.6,0 0 0,28
100,01100010,00000000,0.5806885 0.109375 -0.07434082 -0.80322266,-3.9633334 3.271111 -1.0966667,-1.14 0.83 9.48,0 0 0,28
101,01100010,00000000,0.5392456 0.11553955 0.034729004 -0.83343506,-2.7544444 2.0133333 -3.4844444,-3.65 -0.8 9.78,0 0 0,28
102,01100010,00000000,0.44665527 0.10308838 0.10437012 -0.8825073,-1.9355556 0.65444446 -5.638889,-1.1 0.12 11.75,0 224 -16129,28
103,01100010,00000000,0.26513672 0.07598877 0.16046143 -0.9476929,-0.8811111 0.50555557 -7.5266666,-1.7 -0.91 10.66,0 0 0,28
104,01100010,00000000,0.08258057 0.040405273 0.14556885 -0.9850464,1.6222222 -0.70666665 -7.978889,-3.58 -0.73 8.38,0 0 0,28
105,01100010,00000000,-0.09375 -0.017089844 0.0847168 -0.9918213,2.79 -1.3266667 -7.363333,-0.98 1.68 9.91,0 0 0,28
106,01100010,00000000,-0.23461914 -0.019042969 0.020507812 -0.9716797,2.181111 2.26 -4.81,0.65 1.72 9.36,0 0 0,28
107,01100010,00000000,-0.26800537 0.072631836 -0.055480957 -0.9590454,1.4455556 4.14 0.36333334,-2.29 2.65 10.56,0 0 0,28
108,01100010,00000000,-0.1932373 0.11315918 -0.08898926 -0.970459,0.39666668 1.5544444 3.6377778,-3.05 0.04 10.13,0 0 0,28
109,01100010,00000000,-0.09942627 0.10083008 -0.116760254 -0.9829712,1.11 -0.51555556 4.231111,-1.82 -2.1 8.58,0 0 0,28
110,01100010,00000000,-0.0026855469 0.064208984 -0.15167236 -0.015625,0.84 -1.0011111 4.328889,2.88 -0.48 9.78,0 0 0,28
111,01100010,00000000,0.10046387 0.040161133 -0.1348877 -0.98498535,-1.5744444 0.25777778 3.2933333,0.89 1.65 8.2,0 0 0,28
112,01100010,00000000,0.14318848 0.0579834 -0.05810547 -0.9862671,-3.65 1.4788889 0.42555556,-0.14 -0.22 11.81,0 0 0,28
113,01100010,00000000,0.10839844 0.06707764 0.031677246 -0.991333,-3.278889 0.3588889 -3.2733333,-1.58 -1.62 11.03,0 0 0,28
114,01100010,00000000,-0.049987793 0.042297363 0.09552002 -0.99328613,-1.2811111 -0.5566667 -6.72,-1.42 -0.94 10.61,0 0 0,28
115,01100010,00000000,-0.23632812 0.008361816 0.09588623 -0.96691895,0.6155556 -0.57222223 -8.27,-2.85 -0.05 9.16,0 0 0,28
116,01100010,00000000,-0.4199829 -0.026550293 0.06970215 -0.90441895,1.29 -0.22333333 -8.133333,-2.67 0.9 8.43,0 0 0,28
117,01100010,00000000,-0.57592773 -0.036315918 0.03466797 -0.81591797,0.75777775 1.3533334 -7.1266665,-0.15 1.41 9.49,0 0 0,28
118,01100010,00000000,-0.69750977 0.02154541 -0.026184082 -0.7157593,-0.05 3.4944444 -4.7822223,-2.75 1.91 9.52,0 0 0,28
119,01100010,00000000,-0.73828125 0.09564209 -0.07159424 -0.6637573,-1.0077778 3.2177777 -2.0233333,-2.92 1 10.68,0 0 255,28
120,01100010,00000000,-0.7522583 0.15386963 -0.09655762 -0.6333618,-0.7366667 2.0622222 -1.0755556,-1.04 -0.25 10.05,0 0 0,28
121,01100010,00000000,-0.75665283 0.17962646 -0.11907959 -0.6171875,0.2211111 1.0766667 -0.20666666,-1.87 0.02 8.45,0 0 0,28
122,01100010,00000000,-0.7562256 0.17553711 -0.12683105 -0.6173096,0.20888889 -0.32444444 0.13333334,-1.23 -0.41 9.17,0 0 0,28
123,01100010,00000000,-0.77264404 0.15002441 -0.10028076 -0.60858154,0.50333333 -2.1344445 -1.4122223,-2.08 -1.3 9.13,0 0 0,28
124,01100010,00000000,-0.81695557 0.091308594 -0.05505371 -0.56677246,1.648889 -3.2955556 -3.268889,-1.43 -1.05 9.92,0 0 0,28
125,01100010,00000000,-0.87438965 0.010803223 -0.0087890625 -0.48492432,2.2566667 -3.1311111 -4.6955557,-0.36 0.23 10.79,0 0 0,28
126,01100010,00000000,-0.93170166 -0.08380127 0.022338867 -0.35266113,2.471111 -2.2722223 -5.1266665,-0.83 0.2 10.33,0 0 0,28
127,01100010,00000000,-0.9584961 -0.15136719 0.03161621 -0.23937988,1.98 -1.3366667 -4.6422224,0.75 1.1 10.28,0 0 0,28
128,01100010,00000000,-0.97229004 -0.18670654 0.021362305 -0.13879395,0.76 -0.06666667 -4.138889,-1.32 2.34 7.6,0 0 0,28
129,01100010,00000000,-0.9836426 -0.17687988 -0.015258789 -0.028503418,-0.80222225 0.74222225 -4.113333,-2.2 2.19 8.17,0 0 0,28
130,01100010,00000000,-0.9859619 -0.13360596 -0.045654297 0.08905029,-1.8377777 0.30555555 -5.5155554,-2.81 1.13 8.32,0 0 0,28
131,01100010,00000000,-0.9594116 -0.085632324 -0.059387207 0.2619629,-1.1388888 -0.96444446 -8.591111,-3.7 0.13 9.67,0 0 0,28
132,01100010,00000000,-0.8718872 -0.053710938 -0.040161133 0.48510742,0.5733333 -2.1455555 -11.064445,-4.32 -0.07 10.96,0 0 0,28
133,01100010,00000000,-0.65252686 -0.04559326 0.041625977 0.755188,2.6377778 -3.0044444 -12.537778,-4.5 0.69 9.12,0 0 0,28
134,01100010,00000000,-0.39294434 -0.061523438 0.12841797 0.90844727,3.4566667 -2.0988889 -12.324445,-2.35 2.54 9.48,0 0 0,27
135,01100010,00000000,-0.12677002 -0.103149414 0.17340088 0.9711304,2.047778 0.0033333334 -10.897778,-2.92 2.84 8.06,0 0 0,27
136,01100010,00000000,0.10559082 -0.16131592 0.1661377 0.967041,0.4677778 0.83666664 -9.608889,-3.53 1.99 8.76,0 0 0,27
137,01100010,00000000,0.36016846 -0.20526123 0.12030029 0.9020386,0.14 -0.15111111 -9.565556,-3.16 1.45 9.7,0 0 0,27
138,01100010,00000000,0.5717163 -0.1953125 0.07562256 0.7932129,1.4033333 -1.5855556 -10.373333,-4.83 -0.06 9.74,0 0 0,27
139,01100010,00000000,0.7616577 -0.1416626 0.03765869 0.63116455,2.58 -2.0988889 -10.465555,-2.85 0.33 10.38,0 0 0,27
140,01100010,00000000,0.8981323 -0.062927246 0.013122559 0.4350586,3.2133334 -1.6577778 -9.596666,-1.05 0.99 10.6,0 0 0,27
141,01100010,00000000,0.9760132 0.022705078 0.019042969 0.21569824,2.8655555 -0.15666667 -7.4344444,0.29 1.7 11.16,0 0 0,27
142,01100010,00000000,0.9907837 0.06311035 0.06335449 0.10180664,1.6411111 1.8588889 -3.4622223,0.43 1.95 10.73,0 0 0,27
143,01100010,00000000,0.9890137 0.07763672 0.10876465 0.062683105,0.43222222 1.3777778 -0.75777775,-2.2 1.72 8.93,0 0 0,27
144,01100010,00000000,0.98809814 0.076293945 0.120788574 0.05718994,-0.12111111 0.0022222223 -0.12666667,-1 0.45 9.8,0 0 0,27
145,01100010,00000000,0.9904785 0.07385254 0.107666016 0.043273926,-0.112222224 -0.79888886 -0.8466667,-93.61 -0.3 9.08,0 0 0,27
146,01100010,00000000,0.9945679 0.05834961 0.086242676 0.004333496,-0.89111114 -1.1433333 -2.31,0.39 0.84 10.57,0 0 0,27
147,01100010,00000000,0.99450684 0.023803711 0.055358887 -0.08557129,-1.0177778 -1.7822223 -4.9555554,-0.55 -0.05 11.3,0 0 0,27
148,01100010,00000000,0.96087646 0.010131836 -0.014404297 -0.27630615,0.74 -2.82 -7.538889,-1.26 -0.88 11.57,0 0 0,27
149,01100010,00000000,0.8793335 0.041015625 -0.095336914 -0.46484375,2.5622222 -2.7633333 -8.911111,-0.33 1.01 10.16,0 0 0,27
150,01100010,00000000,0.7597046 0.09338379 -0.14709473 -0.6264038,2.21 -0.8811111 -8.116667,-0.94 2.3 8.18,0 0 0,27
151,01110011,00000000,0.616272 0.15161133 -0.14355469 -0.7593384,0.45777777 0.5877778 -6.428889,-0.76 2.31 9.09,0 0 0,27
152,01110011,00000000,0.5489502 0.17028809 -0.12298584 -0.80895996,-0.29444444 0.6722222 -6.058889,-2.48 2.12 8.6,4 4 4,27
153,01110011,00000000,0.43756104 0.18261719 -0.09655762 -0.87475586,-0.09777778 8.815556 -6.2577777,-4.03 -0.71 9.55,10 4 8,28
154,01110011,00000000,0.30047607 0.17791748 -0.093322754 -0.93237305,1.0488889 -2.0955555 -11.075556,-1.98 2.16 9.04,24 5 12,28
155,01110011,00000000,0.12194824 0.16894531 -0.076660156 -0.9750366,0.41111112 -1.7766666 -13.598889,-0.67 2.75 9.62,51 9 15,28
156,01110011,00000000,-0.15826416 0.15270996 -0.03149414 -0.9749756,0.006666667 -1.7411112 -15.203333,-3.68 0.97 9.17,82 12 18,28
157,01110011,00000000,-0.38464355 0.11798096 -0.0016479492 -0.9154663,1.5233333 -2.91 -16.926666,-5.88 -1.68 10.02,88 16 9,28
158,01110011,00000000,-0.59906006 0.061401367 0.0036621094 -0.79833984,3.768889 -2.5366666 -17.231112,-2.8 -3.18 10.68,111 20 4,28
159,01110011,00000000,-0.8161011 -0.010498047 -0.042907715 -0.57611084,5.0355554 -0.36666667 -16.177778,-2.01 0.53 9.66,144 23 4,28
160,01110011,00000000,-0.91137695 -0.026428223 -0.09698486 -0.3991089,2.728889 2.538889 -13.438889,-1.93 3.33 8.79,210 26 4,28
161,01110011,00000000,-0.9609375 -0.0020141602 -0.14276123 -0.23706055,-0.30888888 2.9644444 -11.555555,-3.22 2.71 9,261 3 5,28
162,01110011,00000000,-0.9816284 0.06347656 -0.1749878 -0.042419434,-1.6577778 2.0366666 -10.526667,11.48 -0.06 -0.01,258 4 9,28
163,01110011,00000000,-0.9743042 0.08996582 -0.18347168 0.09448242,0.8155556 1.3655555 -9.334444,-4.92 -5.34 9.02,254 4 13,28
164,01110011,00000000,-0.95617676 0.07385254 -0.18432617 0.21514893,3.2944446 1.0177778 -7.5055556,-5.46 -2.73 8.78,250 4 17,28
165,01110011,00000000,-0.9272461 0.028076172 -0.15789795 0.33825684,3.7844443 -0.28 -5.917778,-4.01 1.31 9.9,253 4 20,28
166,01110011,00000000,-0.90063477 0.018127441 -0.12939453 0.4144287,2.1777778 -1.2122222 -5.51,-2.59 3.37 7.29,276 4 23,28
167,01110011,00000000,-0.8641968 0.031433105 -0.11175537 0.48944092,-0.18333334 -0.8566667 -6.1655555,0.05 0.75 10.46,300 4 26,28
168,01110011,00000000,-0.80163574 0.040405273 -0.10424805 0.5872803,0.33444443 0.19333333 -6.178889,-1.05 -2.91 10.95,300 4 29,28
169,01110011,00000000,-0.7602539 0.008056641 -0.08843994 0.64349365,2.781111 0.99 -4.692222,-2.81 -3.74 10.35,298 4 32,28
170,01110011,00000000,-0.75 -0.044311523 -0.044799805 0.673584,5.338889 -0.3188889 -25.315556,-3.86 0.21 10.66,300 4 35,28
171,01110011,00000000,-0.71881104 -0.086120605 0.03265381 0.6890259,4.2544446 -1.7711111 -0.7822222,-0.97 3.26 10.26,300 4 37,28
172,01110011,00000000,-0.7081299 -0.09466553 0.06036377 0.6970215,1.7555555 -1.1611111 -0.79888886,2.8 2.2 9.43,300 7 39,28
173,01110011,00000000,-0.7086792 -0.10772705 0.057434082 0.6948242,0.40222222 1.2722223 0.5711111,-0.04 0.25 9.7,300 10 41,28
174,01110011,00000000,-0.7279053 -0.12030029 0.066345215 0.6716919,1.2411112 -0.2611111 2.4055555,-2.22 -1.21 10.18,300 4 43,28
175,01110011,00000000,-0.74438477 -0.11090088 0.11584473 0.6481323,1.3877778 -2.411111 1.6955556,-0.7 -0.4 9.8,300 4 41,28
176,01110011,00000000,-0.73968506 -0.09918213 0.14477539 0.6496582,0.43222222 -1.5 -0.41,3.11 0.6 8.19,300 8 34,28
177,01110011,00000000,-0.7355957 -0.0970459 0.14263916 0.6550293,-0.5655556 0.6611111 -0.3,2.51 1.59 9.11,300 12 35,28
178,01110011,00000000,-0.74768066 -0.08538818 0.10876465 0.64941406,-1.8388889 1.0744444 0.79888886,-1.4 1.71 10.06,300 16 38,28
179,01110011,00000000,-0.75579834 -0.05029297 0.08477783 0.64733887,-3.248889 -0.73 0.22555555,-2.41 -1.7 -0.01,295 4 40,28
180,01110011,00000000,-0.74676514 -0.0052490234 0.06506348 0.66186523,-3.2533333 -1.1444445 -1.6111112,-0.43 -1.03 10.79,290 8 41,28
181,01110011,00000000,-0.71295166 0.027404785 0.036254883 0.69970703,-2.2633333 0.11333334 -2.7666667,1.59 -1.92 10.64,285 12 44,28
182,01110011,00000000,-0.69018555 0.028625488 0.013183594 0.7229614,-1.1444445 1.1077778 -1.8866667,-2.18 -0.24 10.47,280 16 47,28
183,01110011,00000000,-0.67401123 0.03479004 -0.006286621 0.737854,-1.5355556 0.33 -1.4011111,-2.03 1.45 9.22,276 4 50,28
184,01110011,00000000,-0.6477051 0.064208984 -0.032104492 0.75842285,-2.191111 -0.32777777 -1.8266667,-0.54 0.49 10.13,272 4 53,28
185,01110011,00000000,-0.6201782 0.08123779 -0.05328369 0.7783203,-1.7144444 0.5322222 -2.3311112,1.41 -1.39 9.93,268 8 55,28
186,01110011,00000000,-0.59832764 0.07647705 -0.06726074 0.79473877,-0.054444443 1.2377778 -1.4088889,-0.5 -2.37 10.59,264 6 57,28
187,01110011,00000000,-0.60913086 0.054626465 -0.062438965 0.7984009,1.1088889 0.67333335 0.14666666,-1.16 -0.66 10.12,260 4 59,28
188,01110011,00000000,-0.61035156 0.045166016 -0.04626465 0.78948975,1.3122222 -0.49 1.3344444,-0.32 -0.03 10.28,260 4 61,28
189,01110011,00000000,-0.6298828 0.039916992 -0.027954102 0.7751465,1.2911111 -0.54 1.8322222,1.08 -0.57 10.79,288 8 59,28
190,01110011,00000000,-0.66656494 0.022094727 -0.005554199 0.74505615,1.5855556 -0.017777778 2.6233332,2.1 -0.83 10.09,300 12 53,28
191,01110011,00000000,-0.70269775 0.004638672 0.0154418945 0.7113037,2.1411111 -0.33888888 3.6877778,0.43 -1.88 11.09,300 16 44,28
192,01110011,00000000,-0.73950195 -0.008422852 0.051574707 0.67108154,2.5944445 -1.5077778 3.7866666,0.18 -1.56 10.3,300 20 31,28
193,01110011,00000000,-0.7738037 -0.013244629 0.11462402 0.62280273,2.4922223 -2.288889 2.968889,1.26 -1.16 9.92,300 24 16,28
194,01110011,00000000,-0.78796387 -0.014282227 0.1505127 0.5968628,1.5355556 -1.4077778 1.8277777,2.49 0.33 8.44,300 27 4,28
195,01110011,00000000,-0.80041504 -0.015014648 0.16693115 0.5755005,0.60555553 -0.41 1.7233334,2.53 1.17 9.11,300 30 4,28
196,01110011,00000000,-0.81915283 -0.0029296875 0.16900635 0.5480957,-0.3588889 -0.32666665 1.8522222,0.72 0.71 -15.26,36 32 4,28
197,01110011,00000000,-0.82788086 0.019104004 0.16888428 0.5345459,-1.2966666 -0.7722222 1.0922222,-0.02 0.22 9.14,295 36 4,28
198,01110011,00000000,-0.829834 0.0413208 0.16522217 0.53131104,-1.3355556 -0.38777778 0.29444444,1.56 -0.65 10.04,290 39 4,28
199,01110011,00000000,-0.83361816 0.056030273 0.14562988 0.52978516,-1.1377778 0.67333335 0.3888889,1.52 -0.24 9.73,285 42 5,28
200,01110011,00000000,-0.84539795 0.062316895 0.12054443 0.51660156,-1.1922222 1.278889 1.7644445,-0.79 0.42 9.98,281 37 7,28
201,01110011,00000000,-0.86309814 0.0769043 0.093444824 0.49023438,-1.7411112 1.0211111 2.741111,-0.54 0.72 9.53,277 14 5,28
202,01110011,00000000,-0.8897705 0.103149414 0.05621338 0.440979,-1.85 0.9166667 3.3,1.55 -0.78 10.43,273 5 4,28
203,01110011,00000000,-0.9130249 0.11315918 0.028808594 0.3908081,-1.1177778 1.1277778 4.0744443,1.24 -2 10.27,269 4 5,28
204,01110011,00000000,-0.93969727 0.01550293 0.0020751953 -0.015380859,0.47333333 0.62666667 5.5088887,0.75 -2.32 10.38,265 4 6,28
205,01110011,00000000,-0.9729614 0.08929443 0.009216309 0.21295166,1.3122222 -0.3888889 6.187778,1.14 -2.22 10.58,261 4 5,28
206,01110011,00000000,-0.98931885 0.07122803 0.023376465 0.12512207,1.6411111 -1.2733333 6.172222,2.25 -1.36 9.3,262 8 4,28
207,01110011,00000000,-0.9968872 0.053588867 0.040222168 0.041870117,1.4866667 -1.36 5.58,3.19 -1.45 9.66,264 12 4,28
208,01110011,00000000,-0.99572754 0.037109375 0.05834961 -0.06011963,1.0933334 -1.13 5.213333,2.37 -0.54 9.86,266 16 4,28
209,01110011,00000000,-0.9884033 0.03515625 0.07232666 -0.1282959,0.055555556 -1.2733333 4.5,1.71 -0.03 10.96,267 20 4,28
210,01110011,00000000,-0.9779053 0.045410156 0.093811035 -0.18115234,-1.0033333 -1.6633333 3.2944446,1.35 0.13 10.36,265 24 4,28
211,01110011,00000000,-0.96832275 0.06378174 0.11785889 -0.21057129,-1.5177778 -1.4788889 1.6533333,1.79 -0.59 10.2,261 28 4,28
212,01110011,00000000,-0.9619751 0.08319092 0.14019775 -0.21911621,-1.1622223 -0.86777776 0.31666666,1.5 -1.34 10.48,257 31 4,28
213,01110011,00000000,-0.9612427 0.09057617 0.14660645 -0.21496582,-0.4888889 -0.25777778 -0.32,0.23 -0.51 9.62,74 1090 -6913,28
214,01110011,00000000,-0.9616699 0.09326172 0.15124512 -0.20874023,-0.28555554 -0.22444445 -0.49444443,-0.3 -0.19 9.29,251 37 6,28
215,01110011,00000000,-0.9627075 0.09442139 0.15838623 -0.19763184,-0.19222222 -0.30222222 -0.63666666,-0.37 -0.13 8.6,248 40 8,28
216,01110011,00000000,-0.9647217 0.09338379 0.15661621 -0.1897583,0.12888889 0.39777777 -0.43222222,1.01 -0.71 9.66,245 43 10,28
217,01110011,00000000,-0.96655273 0.08984375 0.1437378 -0.19238281,0.63 1.0822222 0.5777778,0.69 -0.58 10.62,242 42 12,28
218,01110011,00000000,-0.96362305 0.082214355 0.11627197 -0.22619629,0.9711111 1.15 2.1111112,0.69 -0.2 10.57,251 24 13,28
219,01110011,00000000,-0.9534912 0.07696533 0.098083496 -0.27441406,0.94555557 0.7 3.8833334,-0.62 -0.02 9.78,267 3 9,28
220,01110011,00000000,-0.9351196 0.072265625 0.083618164 -0.3366089,0.9577778 0.31666666 4.886667,0.12 -0.85 10.07,267 4 10,28
221,01110011,00000000,-0.8968506 0.05682373 0.0021972656 -0.015380859,1.3644445 -0.07777778 5.5644445,1.41 -2.79 11.01,273 4 4,28
222,01110011,00000000,-0.85736084 0.02947998 0.059020996 -0.510376,2.3588889 -1.0933334 6.016667,1.59 -2.05 10.04,273 8 4,28
223,01110011,00000000,-0.8106079 -0.0052490234 0.055786133 -0.5828247,2.32 -1.5244445 5.822222,2.95 -1.16 9.1,275 12 4,28
224,01110011,00000000,-0.74243164 -0.04046631 0.05645752 -0.66619873,1.6433333 -1.2133334 5.4955554,2.92 0.43 8.25,278 16 4,28
225,01110011,00000000,-0.6881714 -0.047058105 0.059936523 -0.7214966,0.15 -0.28666666 5.437778,2.84 0.47 8.6,280 20 4,28
226,01110011,00000000,-0.62976074 -0.03717041 0.06768799 -0.7728882,-0.7322222 0.20666666 5.541111,0.92 -0.32 9.69,278 24 4,28
227,01110011,00000000,-0.54693604 -0.018737793 0.088378906 -0.8322754,-1.1277778 -0.1711111 5.42,0.48 -0.72 9.93,274 27 4,28
228,01110011,00000000,-0.48815918 -0.008972168 0.10748291 -0.86608887,-1.1411111 -0.4511111 4.558889,2.18 -1.58 9.83,270 30 4,28
229,01110011,00000000,-0.43414307 0.0018310547 0.119506836 -0.8928833,-0.68333334 0.09777778 4.2155557,2.22 -1.61 9.82,266 33 4,28
230,01110011,00000000,-0.3571167 0.024414062 0.11956787 -0.9260864,-0.22555555 0.6788889 4.631111,2.09 -1.1 9.39,262 34 -15617,28
231,01110011,00000000,-0.2855835 0.04144287 0.111816406 -0.95092773,0.25333333 0.50222224 5.6966667,0.5 -1.05 10.16,258 38 4,28
232,01110011,00000000,-0.20391846 0.049438477 0.10241699 -0.9723511,0.48222223 -0.22 6.078889,1.06 -1.44 9.36,255 40 4,28
233,01110011,00000000,-0.09246826 0.044799805 0.08294678 -0.99121094,0.89111114 -0.75555557 5.907778,1.58 -2.43 9.33,253 43 4,28
234,01110011,00000000,-0.012634277 0.03491211 0.057800293 -0.9976196,1.9333333 -1.1677778 5.5,1.61 -2.07 8.67,252 46 4,28
235,01110011,00000000,0.063964844 0.021057129 0.025146484 -0.9973755,2.1444445 -1.3488889 5.3033333,1.58 -1.63 9.95,253 49 4,28
236,01110011,00000000,0.15618896 -0.0049438477 -0.00970459 -0.9876709,1.5277778 -1.6622223 4.8355556,2.25 -0.73 10.48,258 52 4,28
237,01110011,00000000,0.21087646 -0.026367188 -0.020385742 -0.9769287,0.45777777 -1.59 3.9288888,3.12 0.26 9.92,262 55 4,28
238,01110011,00000000,0.2508545 -0.04559326 -0.02154541 -0.015380859,-0.20888889 -1.24 2.6011112,1.76 -0.77 10.12,263 58 4,28
239,01110011,00000000,0.28393555 -0.06463623 -0.023132324 -0.95635986,-0.08111111 -0.9433333 1.6977777,0.17 -0.9 9.18,260 61 4,28
240,01110011,00000000,0.296875 -0.07672119 -0.02947998 -0.951355,0.25 -0.90555555 0.91,-0.31 -1.17 9.82,256 63 4,28
241,01110011,00000000,0.3022461 -0.085632324 -0.03753662 -0.94866943,0.3588889 -0.6566667 0.23777778,0.81 -0.27 9.47,255 65 4,28
242,01110011,00000000,0.30615234 -0.08709717 -0.04486084 -0.9468994,0.33777776 -0.09 0.15444444,1.7 -0.22 10.24,260 67 6,28
243,01110011,00000000,0.3145752 -0.079711914 -0.043945312 -0.94488525,0.18444444 0.5322222 0.6155556,1.8 0.05 9.94,265 69 9,28
244,01110011,00000000,0.3338623 -0.067993164 -0.039855957 -0.93933105,0.13666667 0.9811111 1.6877778,0.93 -0.18 9.94,267 63 11,28
245,01110011,00000000,0.36517334 -0.05657959 -0.036132812 -0.9284668,0.26222223 0.7722222 2.6077778,-0.58 -0.19 9.16,268 45 9,28
246,01110011,00000000,0.4230957 -0.044921875 -0.038085938 -0.90411377,0.61444443 0.5088889 3.4122221,-0.42 -0.86 9.59,270 30 4,28
247,01110011,00000000,0.47668457 -0.035827637 -0.046447754 -0.8770752,1.2022222 0.45444444 4.407778,1.58 -1.31 9.77,270 29 255,28
248,01110011,00000000,0.53948975 -0.024780273 -0.058044434 -0.8395996,1.4666667 0.36444443 5.398889,1.05 -1.05 9.89,272 30 4,28
249,01110011,00000000,0.633728 -0.013000488 -0.07836914 -0.7694702,1.5422223 0.07444444 6.2833333,1.62 -1.39 10.33,274 32 4,28
250,01110011,00000000,0.70391846 -0.012390137 -0.097473145 -0.70336914,1.4333333 -0.77 6.8044443,1.39 -1.15 9.88,276 35 4,28
251,01110011,00000000,0.7655029 -0.019165039 -0.11816406 -0.6321411,1.0955555 -1.0766667 6.47,3.23 -1.35 9.6,277 38 4,28
252,01110011,00000000,0.8312988 -0.032226562 -0.13879395 -0.53723145,0.77444446 -0.88222224 5.95,2.65 -0.76 9.31,277 41 4,28
253,01110011,00000000,0.8713989 -0.043273926 -0.14404297 -0.46691895,0.18666667 -0.31444445 5.6455555,2.45 -0.47 9.34,276 44 4,28
254,01110011,00000000,0.9053955 -0.057006836 -0.14178467 -0.3959961,-0.26444444 -0.15666667 5.536667,2.49 -0.61 10.09,274 47 4,28
255,01110011,00000000,0.9324341 -0.07647705 -0.13653564 -0.32562256,-0.73 -0.23888889 5.3577776,1.21 -0.67 10.2,270 50 4,28
0,01110011,00000000,0.9567261 -0.10760498 -0.12719727 -0.23834229,-0.9955556 -0.17 4.732222,2.14 -1.31 9.93,266 53 4,28
1,01110011,00000000,0.96917725 -0.12585449 -0.11669922 -0.17663574,-0.59 0.13333334 4.562222,1.25 -1.5 9.79,262 56 4,28
2,01110011,00000000,0.98095703 -0.13800049 -0.10076904 -0.092285156,-0.08777778 0.23111111 4.651111,1.62 -1.75 10.1,258 58 4,28
3,01110011,00000000,0.9857788 -0.13873291 -0.091674805 -0.023620605,0.57 -0.11333334 4.9144444,1.05 -1.35 10.29,255 60 4,28
4,01110011,00000000,0.9859009 -0.13476562 -0.08673096 0.04736328,0.8111111 -0.4977778 4.948889,1.39 -1.33 10.2,253 62 4,28
5,01110011,00000000,0.9788208 -0.12182617 -0.08465576 0.14093018,1.07 -0.6566667 4.788889,2.74 -1.46 9.98,253 64 4,28
6,01110011,00000000,0.96850586 -0.10632324 -0.08392334 0.2086792,1.4644444 -0.8088889 4.633333,1.09 -1.03 9.24,254 66 4,28
7,01110011,00000000,0.95410156 -0.08770752 -0.087768555 0.2723999,1.4655555 -1.2011111 4.2555556,0.85 -1.38 9.49,256 68 4,28
8,01110011,00000000,0.93707275 -0.06854248 -0.0960083 0.32843018,1.3111111 -1.4255556 3.7055554,0.79 -0.6 9.39,259 70 4,28
9,01110011,00000000,0.914978 -0.04559326 -0.11022949 0.38537598,0.9533333 -1.3255556 2.6522222,1.95 -0.53 10.17,262 72 4,28
10,01110011,00000000,0.9012451 -0.032470703 -0.119140625 0.41534424,0.7077778 -1.0144445 1.9255556,2.35 -0.79 10.39,265 74 4,28
11,01110011,00000000,0.887146 -0.018981934 -0.12750244 0.4430542,0.60888886 -0.74444443 1.4566667,0.53 -0.09 9.45,267 76 4,28
12,01110011,00000000,0.87957764 -0.010314941 -0.13195801 0.4569702,0.48444444 -0.5911111 0.89555556,-0.4 -0.25 9,269 78 4,28
13,01110011,00000000,0.8740845 -0.0036010742 -0.13458252 0.4666748,0.36888888 -0.31111112 0.6244444,0.12 -0.16 8.79,271 80 4,28
14,01110011,00000000,0.869812 -0.00091552734 -0.11730957 0.47906494,0.23222223 0.08111111 0.6855556,-0.11 -0.13 9.5,272 82 4,28
15,01110011,00000000,0.86346436 -0.00390625 -0.10949707 0.49230957,0.17333333 0.67777777 1.2477778,0.15 0.07 9.62,272 84 4,28
16,01110011,00000000,0.852417 -0.010437012 -0.09857178 0.51330566,0.10666667 0.83666664 1.9777777,0.64 -0.28 10.35,270 81 4,28
17,01110011,00000000,0.82714844 -0.024597168 -0.08404541 0.5550537,-0.093333334 0.8666667 2.7733333,1.25 -2.55 10.02,267 77 4,28
18,01110011,00000000,0.7994995 -0.035217285 -0.07434082 0.59490967,-0.06 0.77111113 3.4533334,1.69 -1.07 10.68,263 74 4,28
19,01110011,00000000,0.7640381 -0.041992188 -0.06274414 0.64068604,0.3911111 0.55777776 4.345556,1.75 -1.03 10.14,259 72 4,28
20,01110011,00000000,0.70233154 -0.041931152 -0.0435791 0.70928955,0.7977778 0.3911111 4.9766665,2.46 -1.54 10.41,257 72 4,28
21,01110011,00000000,0.6449585 -0.035888672 -0.02960205 0.7628174,1.0066667 0.055555556 5.556667,2.18 -1.33 10.23,256 73 4,28
22,01110011,00000000,0.5796509 -0.027404785 -0.018554688 0.81414795,0.8433333 -0.2777778 5.887778,1.64 -0.56 8.88,256 74 4,28
23,01110011,00000000,0.48510742 -0.015930176 -0.00982666 0.87420654,0.6122222 -0.3911111 5.8922224,0.75 -0.94 9.31,255 76 4,28
24,01110011,00000000,0.4140625 -0.0076904297 -0.009765625 0.91015625,0.22333333 -0.6111111 5.61,0.72 -1.01 9.29,254 78 4,28
25,01110011,00000000,0.3439331 -0.0008544922 -0.014099121 0.93756104,-0.20666666 -10.81 -32.427776,2.15 -1.07 9.99,252 80 4,28
26,01110011,00000000,0.28735352 0.0032958984 -0.022155762 0.95751953,-0.4788889 -0.4788889 4.231111,1.93 -0.5 9.98,249 82 4,28
27,01110011,00000000,0.2199707 0.004211426 -0.03729248 0.97473145,-0.77111113 -0.3311111 3.5366666,1.66 -0.5 9.61,246 84 4,28
28,01110011,00000000,0.17883301 0.0025024414 -0.050231934 0.98254395,-0.85 -0.10888889 2.7566667,-0.06 -0.38 9.18,243 86 4,28
29,01110011,00000000,0.14447021 -0.0010986328 -0.062438965 0.9875488,-0.8433333 -0.007777778 2.3044446,0.7 -0.61 9.16,240 88 4,28
30,01110011,00000000,0.10662842 -0.007019043 -0.07397461 0.9915161,-0.5911111 0.08111111 1.9677777,1.63 -1.17 10.52,237 90 4,28
31,01110011,00000000,0.08166504 -0.009887695 -0.075927734 0.9937134,-0.14222223 0.072222225 1.7344445,0.31 -0.63 8.93,234 91 4,28
32,01110011,00000000,0.057556152 -0.011657715 -0.07208252 0.9956665,0.38666666 -0.0022222223 1.6988889,-0.33 -0.77 9.52,231 92 4,28
33,01110011,00000000,0.022888184 -0.0126953125 -0.058288574 0.9979248,0.76111114 -0.024444444 1.83,1.24 -0.57 9.69,229 93 4,28
34,01110011,00000000,-0.0067749023 -0.012329102 -0.042785645 0.9989624,1.1555556 -0.17444444 2.1844444,-159.04 -2.52 -0.01,229 94 4,28
35,01110011,00000000,-0.04046631 -0.010437012 -0.024230957 0.9987793,1.3055556 -0.2588889 2.4455554,0.72 -0.48 10.59,237 95 4,28
36,01110011,00000000,-0.09020996 -0.00390625 0.0029296875 0.99591064,1.4188889 -0.4911111 2.6577778,0.79 -0.61 9.36,246 96 4,28
37,01110011,00000000,-0.12799072 0.0033569336 0.02178955 0.9915161,1.2011111 -0.6388889 2.6388888,1.69 -0.97 10.92,254 97 4,28
38,01110011,00000000,-0.16394043 0.012145996 0.0390625 0.9855957,1.1022222 -0.7111111 2.5044444,0.64 -0.92 9.56,261 98 4,28
39,01110011,00000000,-0.20672607 0.023986816 0.059692383 0.9762573,0.9988889 -0.72888887 2.2777777,0.83 -0.4 10.04,267 99 4,28
40,01110011,00000000,-0.23339844 0.031555176 0.06976318 0.9692993,0.4811111 -0.4888889 1.8144444,1.01 -0.12 10.12,273 100 4,28
41,01110011,00000000,-0.2559204 0.036743164 0.07299805 0.96325684,0.05 -0.2188889 1.57,0.4 -0.22 9.36,276 101 4,28
42,01110011,00000000,-0.28118896 0.039123535 0.068481445 0.9564209,-0.21666667 0.08888889 -25.316668,0.11 -0.44 9.43,275 102 4,28
43,01110011,00000000,-0.29840088 0.03717041 0.06060791 0.9517822,-0.45333335 0.4377778 1.2488889,0.25 0.07 8.9,271 103 4,28
44,01110011,00000000,-0.31652832 0.033813477 0.05078125 0.94659424,-0.56666666 0.53444445 1.3544445,0.01 0 9.19,267 99 4,28
45,01110011,00000000,-0.3421631 0.028259277 0.03491211 0.93859863,-0.6333333 0.5933333 1.4722222,0.43 -0.58 10.13,263 92 4,28
46,01110011,00000000,-0.36297607 0.02319336 0.02319336 0.9312134,-0.56222224 0.69555557 1.6033334,0.47 -0.14 9.69,260 84 4,28
47,01110011,00000000,-0.38684082 0.016967773 0.012268066 0.921875,-0.47777778 0.7322222 1.8888888,0.48 -0.07 10.18,257 76 4,28
48,01110011,00000000,-0.42456055 0.008056641 -0.0006713867 0.9053955,-0.39666668 0.66888887 2.26,0.51 -0.27 10.52,254 69 4,28
49,01110011,00000000,-0.4564209 0.003112793 -0.005493164 0.8897095,-0.04888889 0.35222223 2.5533333,1.02 -0.66 9.89,251 64 4,28
50,01110011,00000000,-0.48962402 -0.00036621094 -0.0045166016 0.8718872,0.2911111 0.08111111 2.702222,-0.07 -0.72 9.67,248 62 4,28
51,01110011,00000000,-0.5338135 -0.0044555664 0.0029296875 0.84558105,0.4511111 -0.025555555 2.6822221,0.67 -0.99 -0.01,246 63 4,28
52,01110011,00000000,-0.5654907 -0.0056762695 0.011108398 0.824646,0.5466667 -0.29444444 2.6155555,1.32 -0.79 10.39,246 65 4,28
53,01110011,00000000,-0.5936279 -0.0036621094 0.020812988 0.80444336,0.4288889 -0.5588889 2.3211112,1.23 -0.71 10.84,247 67 4,28
54,01110011,00000000,-0.621521 0.0032348633 0.034240723 0.7825928,0.33444443 -0.67777777 1.7533333,1.17 -0.25 9.36,248 69 4,28
55,01110011,00000000,-0.6331177 0.0099487305 0.04333496 0.7727661,0.23666666 -0.74666667 1.1111112,0.12 -0.27 9.26,249 71 4,28
56,01110011,00000000,-0.6370239 0.01550293 0.052124023 0.76885986,0.2588889 -0.6333333 0.17888889,1.13 -0.77 10.74,250 73 4,28
57,01110011,00000000,-0.63287354 0.018676758 0.0625 0.7714844,0.3077778 -0.44666666 -0.33777776,0.79 -0.09 9.74,253 75 6,28
58,01110011,00000000,-0.6246948 0.019226074 0.067871094 0.7776489,0.25 -0.3211111 -0.69777775,-0.33 0.13 8.9,257 77 10,28
59,01110011,00000000,-0.62475586 0.01953125 0.07098389 0.78656006,0.06666667 -0.12888889 -1.1044445,-0.53 0.04 10.39,260 79 14,28
60,01110011,00000000,-0.5935669 0.016845703 0.07159424 0.80133057,0.02111111 0.06 -1.34,1.1 -0.36 10.38,260 81 18,28
61,01110011,00000000,-0.5794678 0.010498047 0.06933594 0.8119507,0.07 0.37777779 -1.2533333,-0.26 -0.07 9.63,257 83 21,28
62,01110011,00000000,-0.5687256 0.0026855469 0.064697266 0.8199463,-0.018888889 0.65 -0.8155556,-1.39 0.15 9.55,255 78 24,28
63,01110011,00000000,-0.56256104 -0.0053710938 0.05706787 0.82470703,-0.19222222 0.7588889 -0.45777777,-0.2 0.1 9.82,252 66 27,28
64,01110011,00000000,-0.5616455 -0.013305664 0.045410156 0.82598877,-0.3211111 0.6577778 -0.037777778,0.65 0.05 10.84,249 50 30,28
65,01110011,00000000,-0.56427 -0.016662598 0.036010742 0.82458496,-0.41333333 0.5411111 0.25555557,0.6 0.23 9.92,246 35 33,28
66,01110011,00000000,-0.569458 -0.020751953 0.026611328 0.8213501,-0.35333332 0.7133333 0.48,-0.33 -0.24 9.51,243 23 35,28
67,01110011,00000000,-0.58374023 -0.030883789 0.0146484375 0.8111572,-0.20333333 0.86333334 1.0033333,-0.22 -0.35 10.11,240 10 36,28
68,01110011,00000000,-0.5997925 -0.0357666 0.008850098 0.79919434,-0.17555556 0.35444444 1.4733334,0.02 0.09 -284.02,132 0 37,28
69,01110011,00000000,-0.6157837 -0.034484863 0.0073242188 0.78704834,-0.19111112 -0.15333334 1.3322222,-0.32 -0.06 9.5,234 4 38,28
70,01110011,00000000,-0.6300049 -0.027832031 0.011230469 0.77593994,-0.04222222 -0.43 0.86,0.65 -0.35 9.67,231 8 35,28
71,01110011,00000000,-0.6345215 -0.024108887 0.014587402 0.7723999,0.036666665 -0.3122222 0.2777778,1.31 -0.1 9.95,228 12 33,28
72,01110011,00000000,-0.6347046 -0.021728516 0.018615723 0.7722168,0.13444445 -0.2988889 -0.11111111,-0.9 -0.38 9.63,226 16 34,28
73,01110011,00000000,-0.62683105 -0.0154418945 0.02758789 0.7785034,0.20777778 -0.64666665 -0.5822222,0.67 -0.01 10.37,226 19 37,28
74,01110011,00000000,-0.61206055 -0.009094238 0.036865234 0.7897949,0.26222223 -0.8244445 -1.5277778,-0.99 -0.22 9.69,228 22 40,28
75,01110011,00000000,-0.58947754 -0.005065918 0.046020508 0.8063965,0.30555555 -0.6022222 -2.13,0.58 0.22 10.13,231 25 43,28
76,01110011,00000000,-0.55096436 0.015014648 0.00024414062 -0.011657715,0.37888888 -0.24 -2.5022223,-0.53 -0.15 9.26,235 28 46,28
77,01110011,00000000,-0.52038574 -0.012390137 0.061706543 0.85162354,0.57222223 -0.028888889 -2.5155556,-0.61 0.33 9.63,241 31 49,28
78,01110011,00000000,-0.489563 -0.018676758 0.06756592 0.8691406,0.47 -0.06666667 -2.471111,-1.8 0.56 8.92,251 34 51,28
79,01110011,00000000,-0.44830322 -0.024963379 0.070129395 0.8907471,0.14777778 0.09222222 -2.4855556,0.68 0.35 10.27,260 37 53,28
80,01110011,00000000,-0.41906738 -0.032714844 0.06665039 0.9048462,-0.035555556 0.49333334 -2.2155557,-1.01 0.32 8.86,263 39 55,27
81,01110011,00000000,-0.3944702 -0.04309082 0.06036377 0.91589355,-0.15333334 0.80777776 -1.7977778,-0.18 0.01 10.19,260 33 57,27
82,01110011,00000000,-0.3717041 -0.053588867 0.051086426 0.925354,-0.21444444 0.6188889 -1.2688888,-0.84 0.22 10.74,256 19 59,27
83,01110011,00000000,-0.359375 -0.056518555 0.043395996 0.93048096,-0.37777779 0.29777777 -0.9444444,-0.69 0.02 9.55,253 5 61,27
84,01110011,00000000,-0.3486328 -0.057739258 0.03503418 0.93481445,-0.48333332 0.2688889 -0.82222223,-1.21 0.11 9.65,249 4 63,27
85,01110011,00000000,-0.33843994 -0.061157227 0.023132324 0.93865967,-0.48 0.41 -0.5688889,-0.55 0.15 10.08,187 596 16127,27
86,01110011,00000000,-0.33410645 -0.06286621 0.01574707 0.9403076,-0.4077778 0.21666667 -0.28555554,-0.44 -0.06 10.29,243 4 67,27
87,01110011,00000000,-0.33068848 -0.060913086 0.010131836 0.9417114,-0.38555557 -0.18111111 -0.33555555,-1.42 -0.08 9.41,240 4 69,27
88,01110011,00000000,-0.32147217 -0.053222656 0.006225586 0.94537354,-0.27888888 -0.36 -0.54,-0.93 -0.24 9.34,237 8 71,27
89,01110011,00000000,-0.30926514 -0.047180176 0.0079956055 0.94970703,0.15888889 -0.42555556 -1.0066667,0.01 -0.48 10.55,234 12 73,27
90,01110011,00000000,-0.29382324 -0.04248047 0.013366699 0.95477295,0.3511111 -0.47666666 -1.148889,-0.86 0 8.87,231 16 75,27
91,01110011,00000000,-0.2689209 -0.035888672 0.023925781 0.9621582,0.47555557 -0.5188889 -1.3688889,0 -0.34 10.74,235 19 77,27
92,01110011,00000000,-0.24658203 -0.030151367 0.032958984 0.9680786,0.56333333 -0.64444447 -1.6066667,-0.73 0.06 8.99,243 22 79,27
93,01110011,00000000,-0.22143555 -0.026062012 0.0016479492 -0.010131836,0.66333336 -0.4722222 -1.8144444,0.4 -0.39 10.54,253 25 80,27
94,01110011,00000000,-0.18682861 -0.024291992 0.055114746 0.9805298,0.6188889 -0.26555556 -1.8588889,0.28 -0.41 10.2,265 28 81,27
95,01110011,00000000,-0.16253662 -0.026000977 0.06323242 0.98431396,0.62222224 -0.053333335 -1.7055556,-0.67 0.2 9.41,277 31 82,27
96,01110011,00000000,-0.14074707 -0.027893066 0.06982422 0.9871216,0.46555555 -0.032222223 -1.4955555,0.37 -0.15 10.61,288 34 83,27
97,01110011,00000000,-0.12176514 -0.030212402 0.07336426 0.9893799,0.22666667 0.05111111 -1.2833333,-0.31 0.28 9.85,297 37 84,27
98,01110011,00000000,-0.1005249 -0.035949707 0.07269287 0.99157715,0.0011111111 0.2911111 -1.0866667,-0.28 -0.04 10.16,300 39 85,27
99,01110011,00000000,-0.089660645 -0.041870117 0.06994629 0.99261475,-0.17555556 0.38333333 -0.70111114,-0.76 0.41 9.84,297 37 86,27
100,01110011,00000000,-0.08319092 -0.045410156 0.06524658 0.99334717,-0.35555556 0.21666667 -0.38111112,0.33 0.21 9.84,292 31 88,27
101,01110011,00000000,-0.077697754 -0.047668457 0.055725098 0.9942627,-0.49888888 0.11 -0.3,0.01 0.14 10.16,287 27 89,27
102,01110011,00000000,-0.074401855 -0.049743652 0.046875 0.99487305,-0.6388889 0.2488889 -0.24555555,0.31 -0.2 9.76,282 240 16383,27
103,01110011,00000000,-0.072631836 -0.05230713 0.038146973 0.99523926,-0.5788889 0.22666667 -0.13666667,-0.39 -0.21 9.62,278 25 91,27
104,01110011,00000000,-0.07080078 -0.052124023 0.026733398 0.9957886,-0.5788889 0.032222223 -0.09555556,-1.53 0.02 9.52,274 22 92,27
105,01110011,00000000,-0.066589355 -0.049682617 0.019165039 0.9963379,-0.48444444 -0.17333333 -0.40555555,-0.66 -0.31 9.25,270 23 93,27
106,01110011,00000000,-0.05859375 -0.047668457 0.014343262 0.9970703,-0.20888889 -0.13222222 -0.6422222,-0.39 -0.63 9.77,266 26 94,27
107,01110011,00000000,-0.043640137 -0.04449463 0.011352539 0.99798584,0.012222222 -0.11444444 -0.77444446,-0.82 0 9.25,262 29 95,27
108,01110011,00000000,-0.030029297 -0.041259766 0.013305664 0.9985962,0.27 -0.28555554 -1.0077778,-1.13 -0.55 9.79,258 32 96,27
109,01110011,00000000,-0.013916016 -0.036743164 0.018554688 0.99902344,0.5 -0.31777778 -1.1511111,-1.38 -0.11 9.2,259 35 97,27
110,01110011,00000000,0.010437012 -0.031433105 0.028930664 -0.015197754,0.56666666 -0.30333334 -1.2811111,-0.69 -0.34 10.12,266 38 98,27
111,01110011,00000000,0.027954102 -0.029174805 0.037719727 0.9984741,0.66888887 -0.15666667 -1.1344445,-0.11 -0.26 10.36,277 42 85,27
112,01110011,00000000,0.04638672 -0.02947998 0.045410156 0.9974365,0.5411111 0.072222225 -1.3688889,0.24 0.23 10.1,290 45 72,27
113,01110011,00000000,0.07489014 -0.034423828 0.05645752 0.9949951,0.60888886 0.2211111 -1.5888889,0.83 -0.26 10.31,300 48 60,27
114,01110011,00000000,0.099609375 -0.04144287 0.0657959 0.99194336,0.6677778 0.44333333 -1.8177778,0.04 0.05 10,300 47 49,27
115,01110011,00000000,0.12799072 -0.0491333 0.07507324 0.9876709,0.6722222 0.48555556 -2.0822222,0.2 -0.08 10.27,300 41 38,27
116,01110011,00000000,0.16674805 -0.05871582 0.085754395 0.98046875,0.60333335 0.37666667 -2.0777779,-0.99 0.08 10.22,300 27 28,27
117,01110011,00000000,0.1942749 -0.06512451 0.08917236 0.97473145,0.17555556 0.24 -1.9744444,-1.1 0.61 9.24,300 14 18,27
118,01110011,00000000,0.2208252 -0.07098389 0.0869751 0.96881104,-0.19 0.17888889 -1.9744444,-0.94 0.47 9.68,300 5 9,27
119,01110011,00000000,0.25616455 -0.080200195 0.07928467 0.960022,-0.31 0.23 -1.9644444,-0.54 0.03 10.28,296 4 255,27
120,01110011,00000000,0.2828369 -0.086364746 0.07385254 0.95233154,-0.24333334 0.22555555 -2.0433333,-0.39 -0.22 9.98,292 4 6,27
121,01110011,00000000,0.31066895 -0.089416504 0.06933594 0.9437256,-0.09222222 -0.04888889 -2.1188889,-1.76 -0.06 9.78,288 5 4,27
122,01110011,00000000,0.35247803 -0.0904541 0.061401367 0.9293823,-0.16 -0.23111111 -2.37,-1.61 0.45 9.43,284 9 4,27
123,01110011,00000000,0.38812256 -0.09118652 0.055786133 0.91534424,-0.06888889 -0.13777778 -2.7833333,-0.56 -0.04 10.49,280 13 4,27
124,01110011,00000000,0.4263916 -0.09088135 0.052368164 0.8984375,0.1711111 -0.18777777 -2.971111,-0.87 -0.05 10.09,276 17 4,27
125,01110011,00000000,0.48065186 -0.08746338 0.0513916 0.8709717,0.41111112 -0.20222223 -3.2244444,-0.59 -0.23 10.13,273 21 4,27
126,01110011,00000000,0.52301025 -0.08135986 0.05255127 0.8467407,0.6566667 -0.3188889 -3.4244444,-1.51 0.33 9.6,273 25 4,27
127,01110011,00000000,0.56585693 -0.07495117 0.054870605 0.81915283,0.76555556 -0.26222223 -3.5455556,-1.54 0.28 9.36,275 28 4,27
128,01110011,00000000,0.61987305 -0.068603516 0.062072754 0.77923584,0.83666664 0.03 -3.51,-0.9 0.07 9.63,279 31 4,27
129,01110011,00000000,0.6553955 -0.06518555 0.06903076 0.7492676,0.86777776 0.13666667 -3.1822221,-1.49 0.59 9.24,285 34 4,27
130,01110011,00000000,0.6859741 -0.06378174 0.07525635 0.7208252,0.6 0.22666667 -2.8044446,-1.16 0.08 9.61,292 36 4,27
131,01110011,00000000,0.71984863 -0.062805176 0.08111572 0.6864624,0.49888888 0.16666667 -2.441111,-1.92 0.27 9.66,297 36 4,27
132,01110011,00000000,0.74102783 -0.06390381 0.08496094 0.66290283,0.36777776 0.24333334 -2.1455555,-1.01 0.18 9.36,300 36 4,27
133,01110011,00000000,0.75909424 -0.06567383 0.087402344 0.6416626,0.18333334 0.18555556 -1.8744445,-1.76 0.13 9.54,300 36 4,27
134,01110011,00000000,0.7746582 -0.06762695 0.08929443 0.6223755,0.17777778 0.07666667 -1.6333333,-0.84 0.51 9.67,299 36 4,27
135,01110011,00000000,0.79400635 -0.068237305 0.088012695 0.5975342,0.075555556 -0.04222222 -1.6288888,-0.94 0.06 10.37,297 37 4,27
136,01110011,00000000,0.809021 -0.06896973 0.08380127 0.57769775,-0.03888889 -0.27222222 -1.8188889,-1.31 0.1 10.05,294 40 4,27
137,01110011,00000000,0.8253174 -0.07116699 0.07873535 0.5545654,-0.10222222 -0.2 -2.1022222,-1.14 0.33 9.09,289 43 4,27
138,01110011,00000000,0.84924316 -0.072753906 0.072143555 0.51794434,-0.024444444 -0.21666667 -2.4044445,-1.6 -0.07 10,285 46 4,27
139,01110011,00000000,0.86883545 -0.07019043 0.06604004 0.4855957,0.27666667 -0.4077778 -2.7522223,-0.67 0.06 9.95,281 49 4,27
140,01110011,00000000,0.8897095 -0.06530762 0.059326172 0.447937,0.37111112 -0.48222223 -3.1622221,-0.07 -0.21 10.37,281 52 4,28
141,01110011,00000000,0.91748047 -0.057495117 0.05218506 0.39001465,0.47555557 -0.34888887 -3.47,-1.13 0.43 9.69,285 55 4,28
142,01110011,00000000,0.9366455 -0.052856445 0.048950195 0.34277344,0.4377778 -0.12888889 -3.59,-1.22 -0.15 9.63,292 57 4,28
143,01110011,00000000,0.95318604 -0.048034668 0.048095703 0.2946167,0.5477778 -0.05666667 -3.568889,-1.49 -0.04 9.53,299 59 5,28
144,01110011,00000000,0.9707031 -0.040527344 0.047668457 0.23187256,0.60888886 0.034444444 -3.3844445,-1.58 -0.03 9.59,300 61 6,28
145,01110011,00000000,0.98046875 -0.035583496 0.048339844 0.18707275,0.5222222 0.10666667 -3.13,83.52 0.09 9.99,300 63 8,28
146,01110011,00000000,0.9873657 -0.03161621 0.051818848 0.14648438,0.4611111 0.2988889 -2.738889,-0.87 0.56 9.93,300 63 10,28
147,01110011,00000000,0.99298096 -0.028808594 0.055908203 0.100097656,0.30888888 0.2488889 -2.3833334,-1.37 0.16 10.15,300 59 12,28
148,01110011,00000000,0.9954834 -0.02911377 0.057434082 0.069885254,0.04 0.104444444 -2.05,-1.34 0.43 9.19,300 55 15,28
149,01110011,00000000,0.9970093 -0.030212402 0.057373047 0.04095459,-0.0033333334 0.07444444 -2.0022223,-1.07 -0.07 10.05,298 53 19,28
150,01110011,00000000,0.99780273 -0.032287598 0.0579834 0.0043945312,0.02 0.10222222 -1.8855555,-0.25 0.42 9.93,293 53 22,28
151,01110011,00000000,0.99749756 -0.03277588 0.058532715 -0.020996094,0.05 0.08777778 -1.7622222,-1.39 0.28 10.16,289 53 25,28
152,01110011,00000000,0.99676514 -0.033813477 0.056640625 -0.045776367,0.046666667 -0.15 -1.7544445,-1.9 -0.06 9.77,285 53 28,28
153,01110011,00000000,0.984375 -0.034240723 0.04937744 -0.0826416,0.08444444 5.9722223 11.662222,-1.06 0.14 9.1,282 55 31,28
154,01110011,00000000,0.9920044 -0.03277588 0.042236328 -0.11456299,0.34555554 -0.38666666 -2.3466666,-0.87 0.25 10.09,279 57 34,28
155,01110011,00000000,0.98773193 -0.02960205 0.035888672 -0.14923096,0.41111112 -0.36777776 -2.478889,0.07 0.21 9.97,281 59 37,28
156,01110011,00000000,0.9794922 -0.023132324 0.027770996 -0.19793701,0.45222223 -0.27 -2.6422222,-0.6 -0.08 10.56,286 61 40,28
157,01110011,00000000,0.97125244 -0.018676758 0.02130127 -0.23632812,0.46555555 -0.34555554 -2.7966666,-0.43 0.01 9.95,293 63 43,28
158,01110011,00000000,0.9609375 -0.013549805 0.015075684 -0.27593994,0.5 -0.2588889 -2.9266667,-1.3 -0.14 10.01,300 65 46,28
159,01110011,00000000,0.9489746 -0.0076293945 0.010925293 -0.31500244,0.4888889 -0.03 -2.8233333,-1.42 0.26 9.3,300 67 48,28
160,01110011,00000000,0.93188477 0.0017089844 0.008605957 -0.3626709,0.5222222 0.12 -2.5644445,-1.8 0.41 9.23,300 69 50,28
161,01110011,00000000,0.91918945 0.008422852 0.0068359375 -0.39361572,0.48 -0.0033333334 -2.2622223,-1.22 0.56 9.36,300 69 52,28
162,01110011,00000000,0.9025879 0.013916016 0.004638672 -0.43011475,0.29222223 -0.0022222223 -2.0988889,-51.61 -0.06 -0.01,300 70 54,28
163,01110011,00000000,0.89019775 0.014831543 0.00579834 -0.45513916,0.053333335 0.033333335 -1.9377778,-0.58 0.11 9.82,300 72 56,28
164,01110011,00000000,0.87890625 0.015991211 0.009277344 -0.47650146,-0.08444444 0.22666667 -1.5144445,-1.76 0.62 9.25,298 73 58,28
165,01110011,00000000,0.866272 0.014160156 0.011352539 -0.49920654,-0.14 -0.027777778 -1.34,-0.67 0.14 10.03,293 71 60,28
166,01110011,00000000,0.8565674 0.010253906 0.010314941 -0.5157471,-0.19666667 -0.18666667 -1.3211111,-0.07 0 10.53,288 71 62,28
167,01110011,00000000,0.8456421 0.006286621 0.009521484 -0.5336304,-0.17777778 -0.18444444 -1.4955555,-0.63 0.3 9.48,283 73 64,28
168,01110011,00000000,0.8310547 0.0040893555 0.0087890625 -0.5560913,-0.016666668 -0.04777778 -1.4066666,-0.54 0.22 9.12,279 75 66,28
169,01110011,00000000,0.8206177 0.0015869141 0.007080078 -0.5713501,-0.075555556 -0.22 -1.2466667,-1.36 -0.06 9.69,275 77 68,28
170,01110011,00000000,0.7969971 -0.0026245117 0.0026245117 -0.5875244,-0.0022222223 -0.47444445 -4.266667,-1.6 -0.04 9.68,271 79 70,28
171,01110011,00000000,0.7959595 -0.005065918 -0.0031738281 -0.6053467,0.15888889 -0.40555555 -1.5933334,-0.23 0 9.75,267 81 72,28
172,01110011,00000000,0.7770996 -0.0044555664 -0.0107421875 -0.6292114,0.2588889 -0.25777778 -1.601111,-0.34 -0.11 9.83,266 83 74,28
173,01110011,00000000,0.7633667 -0.0029296875 -0.016235352 -0.64575195,0.30666667 -0.22333333 -1.4555556,-1.02 0.43 8.94,268 84 76,28
174,01110011,00000000,0.7508545 -0.0024414062 -0.021728516 -0.6600342,0.21333334 -0.3077778 -1.2911111,-1.8 0.29 9.53,271 85 78,28
175,01110011,00000000,0.7357178 -0.0020141602 -0.027526855 -0.6766968,0.18222222 -0.19222222 -1.17,-1.56 0.25 9.27,273 86 80,28
176,01110011,00000000,0.7263794 0.0043945312 -0.022094727 -0.68688965,0.24 -0.008888889 -0.8755556,-0.87 -0.48 9.9,274 87 82,28
177,01110011,00000000,0.7199707 0.006713867 -0.023986816 -0.6935425,0.16777778 0.01 -0.5511111,-1.52 0.28 9.56,275 88 83,28
178,01110011,00000000,0.715271 0.0076293945 -0.025390625 -0.6983032,0.08111111 -0.04222222 -0.3,-0.44 0.29 9.6,276 89 84,28
179,01110011,00000000,0.7136841 0.007385254 -0.024719238 -0.69989014,-0.083333336 0.04 -0.094444446,-0.3 -2.56 -0.01,275 90 85,28
180,01110011,00000000,0.7141113 0.0071411133 -0.022277832 -0.69958496,-0.1388889 0.14777778 0.12,0.08 -0.32 10.6,271 91 86,28
181,01110011,00000000,0.7185669 0.0053710938 -0.018676758 -0.6951904,-0.21111111 0.05 0.36444443,-0.15 0.13 10.22,267 90 87,28
182,01110011,00000000,0.72302246 0.0013427734 -0.016784668 -0.69055176,-0.31 -0.15111111 0.4588889,0.1 -0.25 10.76,263 89 87,28
183,01110011,00000000,0.7266846 -0.0036621094 -0.015075684 -0.68670654,-0.31333333 -0.11111111 0.32333332,0.8 -0.48 10.63,259 90 86,28
184,01110011,00000000,0.73114014 -0.00793457 -0.011413574 -0.6820679,-0.29666665 0.033333335 0.3311111,-0.5 0 10.09,255 91 86,28
185,01110011,00000000,0.7346802 -0.010009766 -0.008239746 -0.6781616,-0.23666666 0.05 0.38111112,-0.84 -0.42 9.83,251 92 86,28
186,01110011,00000000,0.73828125 -0.013427734 -0.0065307617 -0.6743164,-0.2688889 -0.115555555 0.34444445,-1.45 0.23 9.14,248 92 86,28
187,01110011,00000000,0.7344971 -0.019042969 -0.006591797 -0.6713257,-0.20666666 -0.24444444 0.19777778,-0.67 -0.37 10.39,245 93 86,28
188,01110011,00000000,0.7409668 -0.021606445 -0.0076293945 -0.6711426,-0.057777777 -0.16777778 -0.027777778,0.43 0.01 9.89,242 94 86,28
189,01110011,00000000,0.7409668 -0.02166748 -0.009094238 -0.67108154,0.08222222 -0.072222225 0.04,-1.38 -0.01 9.26,239 95 87,28
190,01110011,00000000,0.7418213 -0.020874023 -0.012451172 -0.670105,0.15888889 -0.09222222 0.08444444,-0.75 -0.23 10.31,237 96 88,28
191,01110011,00000000,0.74279785 -0.020874023 -0.015991211 -0.66900635,0.18333334 -0.19 0.10555556,-0.15 0.29 9.46,237 97 89,28
192,01110011,00000000,0.7437134 -0.020141602 -0.019592285 -0.6678467,0.22777778 -0.12888889 0.13222222,-0.81 0.11 9.29,238 98 90,28
193,01110011,00000000,0.74749756 -0.017822266 -0.023742676 -0.6635742,0.25333333 -0.086666666 0.3288889,1.2 -0.42 10.76,240 99 91,28
194,01110011,00000000,0.7529907 -0.016357422 -0.026000977 -0.65722656,0.16888888 -0.05888889 0.6677778,-1.35 0 9.36,243 100 91,28
195,01110011,00000000,0.760376 -0.016540527 -0.028259277 -0.6486206,0.072222225 -0.16666667 0.8488889,0.11 -0.25 10.94,245 101 90,28
196,01110011,00000000,0.77056885 -0.017944336 -0.030151367 -0.63635254,0.05111111 -0.11777778 0.84444445,-0.8 -0.66 -297.54,4 98 88,28
197,01110011,00000000,0.77838135 -0.017578125 -0.030944824 -0.626709,0.11 0.022222223 0.88666666,0.63 -0.06 10.12,243 103 86,28
198,01110011,00000000,0.78674316 -0.01586914 -0.030456543 -0.616272,0.083333336 0.11 0.9911111,-0.87 0.22 9.08,242 104 83,28
199,01110011,00000000,0.79748535 -0.016784668 -0.028564453 -0.60235596,-0.08777778 0.053333335 0.90555555,-0.38 -0.09 9.68,241 103 80,28
200,01110011,00000000,0.80407715 -0.018737793 -0.026184082 -0.5935669,-0.17 0.037777778 0.7822222,0.53 -0.37 9.96,238 102 77,28
201,01110011,00000000,0.80926514 -0.020263672 -0.023620605 -0.58654785,-0.18 0.1 0.58,0.27 -0.67 9.76,235 102 75,28
202,01110011,00000000,0.814209 -0.021240234 -0.020263672 -0.57977295,-0.10222222 0.10666667 0.44666666,0.12 -0.22 10.58,232 101 74,28
203,01110011,00000000,0.8171387 -0.02166748 -0.0178833 -0.5756836,-0.112222224 0.12555556 0.35444444,-0.29 -0.14 9.27,229 100 74,28
204,01110011,00000000,0.81970215 0.013244629 0.006225586 -0.011230469,-0.17555556 0.104444444 0.28,1.37 -0.24 10.45,226 98 74,28
205,01110011,00000000,0.82196045 -0.023925781 -0.013671875 -0.5687866,-0.07333333 0.014444444 0.27555555,-0.17 -0.43 9.18,223 96 74,28
206,01110011,00000000,0.8248291 -0.025024414 -0.013183594 -0.56463623,-0.078888886 -0.013333334 0.26777777,-0.42 -0.15 10.22,220 96 75,28
207,01110011,00000000,0.82702637 -0.024963379 -0.013366699 -0.5614624,0.05888889 0.012222222 0.29222223,-0.33 -0.48 10.65,217 97 76,28
208,01110011,00000000,0.83154297 -0.023376465 -0.014038086 -0.5546875,0.104444444 0.034444444 0.4288889,-0.56 -0.33 9.47,215 98 76,28
209,01110011,00000000,0.83599854 -0.022888184 -0.014953613 -0.54797363,0.06 -0.017777778 0.5744445,-0.14 0.23 9.5,215 98 76,28
210,01110011,00000000,0.8408203 -0.023254395 -0.017150879 -0.54052734,0.094444446 -0.18777777 0.5977778,0.11 -0.63 10.08,215 99 75,28
211,01110011,00000000,0.8453369 -0.023864746 -0.020202637 -0.53326416,0.11444444 -0.20666666 0.5477778,0.16 -0.31 9.07,215 100 74,28
212,01110011,00000000,0.85058594 -0.022766113 -0.024108887 -0.5247803,0.18444444 -0.13666667 0.4977778,-0.41 -0.35 9.76,215 101 73,28
213,01110011,00000000,0.8544922 -0.021484375 -0.026550293 -0.5182495,0.18444444 -0.10333333 0.5188889,0.32 -0.34 11.07,177 -402 -7681,28
214,01110011,00000000,0.8579712 -0.021057129 -0.027770996 -0.5125122,0.035555556 -0.044444446 0.42,-0.44 -0.43 10.01,219 103 71,28
215,01110011,00000000,0.8616333 -0.020996094 -0.028259277 -0.50616455,0.028888889 -0.017777778 0.36888888,-1.01 0.13 8.71,219 104 71,28
216,01110011,00000000,0.86395264 -0.02166748 -0.028625488 -0.5022583,0.0011111111 -0.08 0.32777777,-0.37 0.14 9.31,217 105 71,28
217,01110011,00000000,0.8656616 -0.022521973 -0.029174805 -0.4991455,-0.023333333 -0.06 0.21444444,0.57 0.22 10.27,215 106 71,28
218,01110011,00000000,0.86779785 -0.023071289 -0.028442383 -0.49554443,0 0.04111111 0.21555555,0.43 -0.43 10.64,213 107 72,28
219,01110011,00000000,0.8699951 -0.023376465 -0.025817871 -0.49176025,-0.09777778 0.15777777 0.35222223,-0.94 0.26 8.94,211 108 73,28
220,01110011,00000000,0.87298584 -0.024108887 -0.022827148 -0.48657227,-0.14333333 0.12111111 0.5,0.45 0.25 10.07,209 106 73,28
221,01110011,00000000,0.8779297 -0.026611328 0.0064697266 -0.01159668,-0.14333333 0.024444444 0.5777778,1.15 -0.58 11.01,207 104 73,28
222,01110011,00000000,0.88183594 -0.028076172 -0.01928711 -0.4703369,-0.10222222 0.027777778 0.58555555,-0.29 -0.53 10.42,205 104 72,28
223,01110011,00000000,0.88568115 -0.02911377 -0.018005371 -0.46289062,-0.08 0.06111111 0.57555556,-0.74 -0.81 9.39,203 104 71,28
224,01110011,00000000,0.8913574 -0.02911377 -0.01574707 -0.45202637,-0.035555556 0.12 0.66444445,-0.8 0.11 8.5,201 104 70,28
225,01110011,00000000,0.8959961 -0.02923584 -0.0138549805 -0.44281006,-0.018888889 0.096666664 0.74666667,-0.71 0.1 8.96,199 103 69,28
226,01110011,00000000,0.90063477 -0.029418945 -0.013671875 -0.43322754,0.018888889 -0.08222222 0.7222222,0.81 -0.65 11.08,197 102 68,28
227,01110011,00000000,0.9057617 -0.030700684 -0.016235352 -0.42230225,0.02111111 -0.17444444 0.60333335,0.16 -0.67 10.79,195 103 67,28
228,01110011,00000000,0.9083252 -0.030822754 -0.018615723 -0.416687,0.101111114 -0.14888889 0.36666667,0.67 0.09 10.29,194 104 66,28
229,01110011,00000000,0.91052246 -0.029724121 -0.020202637 -0.41186523,0.13111112 -0.032222223 0.34333333,0.37 0 9.93,194 105 66,28
230,01110011,00000000,0.91363525 -0.028320312 -0.021911621 -0.40490723,0.11888889 -0.06888889 0.40333334,-0.47 0.08 9.71,195 163 -5889,28
231,01110011,00000000,0.9155884 -0.02911377 -0.024108887 -0.40026855,0.035555556 -0.19777778 0.33333334,0.78 -0.61 11.1,196 107 66,28
232,01110011,00000000,0.9168701 -0.029968262 -0.026550293 -0.39709473,0.018888889 -0.17444444 0.20444444,0.93 -0.69 11.06,196 108 66,28
233,01110011,00000000,0.9182129 -0.029418945 -0.028808594 -0.39385986,0.11111111 -0.078888886 0.18333334,0.65 -0.74 11.1,195 109 67,28
234,01110011,00000000,0.9194946 -0.028381348 -0.028930664 -0.39093018,0.06 0.06111111 0.25666666,1.06 0.34 10.18,195 110 68,28
235,01110011,00000000,0.9213867 -0.027709961 -0.028076172 -0.38653564,0.0022222223 0.07 0.37111112,-0.19 -0.38 10.72,195 110 69,28
236,01110011,00000000,0.92456055 -0.028137207 -0.026550293 -0.3789673,-0.057777777 0.072222225 0.4588889,-0.42 -0.49 10.24,194 109 69,28
237,01110011,00000000,0.9273071 -0.029418945 -0.02557373 -0.37225342,-0.08777778 0.014444444 0.50333333,1.1 -0.01 10.3,192 108 69,28
238,01110011,00000000,0.93011475 -0.030578613 -0.025146484 -0.01184082,-0.02111111 -0.022222223 0.5477778,1.31 -0.14 10.52,190 108 69,28
239,01110011,00000000,0.93426514 -0.031066895 -0.023132324 -0.35443115,-0.04888889 0.08444444 0.60333335,1.5 -0.28 10.43,188 109 69,28
240,01110011,00000000,0.93792725 -0.03149414 -0.020324707 -0.3446045,-0.06333333 0.17888889 0.73777777,-0.01 0.05 10.09,187 109 68,28
241,01110011,00000000,0.9421387 -0.032104492 -0.017089844 -0.333313,-0.075555556 0.14777778 0.88222224,-0.12 0.11 10.06,186 106 67,28
242,01110011,00000000,0.9472046 -0.034301758 -0.015808105 -0.31829834,-0.12222222 -0.045555554 0.85333335,0.9 -0.59 11.08,185 103 65,28
243,01110011,00000000,0.95025635 -0.036743164 -0.01727295 -0.30871582,-0.13222222 -0.15777777 0.7088889,-0.75 -0.81 9.35,184 104 63,28
244,01110011,00000000,0.95233154 -0.037353516 -0.019042969 -0.30200195,0.045555554 -0.093333334 0.40555555,0.34 0.02 9.11,183 105 62,28
245,01110011,00000000,0.95458984 -0.035888672 -0.018066406 -0.29510498,0.09111111 0.11777778 0.38111112,-0.46 0.14 8.82,182 106 62,28
246,01110011,00000000,0.9564209 -0.034851074 -0.016601562 -0.28930664,0.025555555 0.10333333 0.4211111,-0.62 -0.61 10.02,183 106 62,28
247,01110011,00000000,0.95806885 -0.035583496 -0.01763916 -0.2836914,-0.011111111 -0.19555555 0.38222224,-0.58 -0.59 10.65,183 104 255,28
248,01110011,00000000,0.95892334 -0.037353516 -0.021362305 -0.2803955,-0.037777778 -0.3188889 0.14555556,0.51 -0.7 10.99,182 105 62,28
249,01110011,00000000,0.9589844 -0.03717041 -0.026428223 -0.27972412,0.12888889 -0.24111111 0,0.87 -0.12 9.32,181 106 63,28
250,01110011,00000000,0.95928955 -0.034118652 -0.026428223 -0.2789917,0.21444444 0.15777777 0.112222224,-0.25 0.22 8.88,181 107 65,28
251,01110011,00000000,0.96051025 -0.031433105 -0.024902344 -0.27520752,0.1388889 0.11444444 0.39444444,-0.04 -0.26 10.74,184 107 67,28
252,01110011,00000000,0.96295166 -0.032287598 -0.025268555 -0.26641846,-0.078888886 -0.09777778 0.49888888,-1.04 0.27 8.56,187 105 68,28
253,01110011,00000000,0.9644165 -0.035888672 -0.02746582 -0.26037598,-0.20222223 -0.21777777 0.37888888,-0.21 -0.05 9.03,186 106 68,28
254,01110011,00000000,0.96569824 -0.03741455 -0.027954102 -0.25531006,-0.006666667 0.027777778 0.36555555,0.75 -0.51 9.6,185 107 68,28
255,01110011,00000000,0.96850586 -0.033935547 -0.02557373 -0.24517822,0.20555556 0.16 0.59555554,0.64 -0.11 10.13,184 108 68,28
0,01110011,00000000,0.97143555 -0.031982422 -0.024353027 -0.23358154,0.07111111 0.037777778 0.90555555,-0.43 0.1 10.44,186 106 68,28
1,01110011,00000000,0.97424316 -0.034240723 -0.024353027 -0.22161865,-0.21333334 -0.094444446 0.8377778,-0.55 -0.05 9.77,188 105 66,28
2,01110011,00000000,0.9770508 -0.04058838 -0.022827148 -0.20770264,-0.32 0.013333334 0.7311111,0.11 -0.44 8.9,187 106 64,28
3,01110011,00000000,0.9789429 -0.042175293 -0.020690918 -0.19854736,-0.036666665 0.14333333 0.64111114,0.04 -0.67 9.55,186 107 63,28
4,01110011,00000000,0.98083496 -0.040893555 -0.019226074 -0.18933105,0.12 0.057777777 0.6888889,-1.84 -0.29 9.08,185 106 62,28
5,01110011,00000000,0.98309326 -0.040039062 -0.019592285 -0.1776123,0.03 -0.052222222 0.62666667,0.72 -0.17 10.24,185 105 61,28
6,01110011,00000000,0.9841919 -0.042419434 -0.020080566 -0.17059326,-0.19 -0.07444444 0.4422222,1.46 -0.4 10.52,185 106 60,28
7,01110011,00000000,0.9851074 -0.044128418 -0.019714355 -0.16516113,-0.07666667 0.04888889 0.3288889,1.62 -0.56 10.79,184 107 60,28
8,01110011,00000000,0.986145 -0.04296875 -0.018249512 -0.15893555,0.12777779 0.05111111 0.34,1.52 -0.58 10.87,183 108 61,28
9,01110011,00000000,0.98706055 -0.04144287 -0.018920898 -0.15362549,0.11888889 -0.1 0.41444445,-1.46 0.21 9.03,183 108 62,28
10,01110011,00000000,0.98779297 -0.041381836 -0.021118164 -0.14849854,0.034444444 -0.19222222 0.33333334,-1.34 0.05 8.66,185 109 62,28
11,01110011,00000000,0.9885864 -0.04095459 -0.023254395 -0.1430664,0.05111111 -0.086666666 0.25444445,0.7 -0.63 9.69,185 110 62,28
12,01110011,00000000,0.98931885 -0.039489746 -0.022521973 -0.13848877,0.094444446 0.07333333 0.36222222,-1.1 0.01 8.95,185 111 63,28
13,01110011,00000000,0.9902954 -0.03765869 -0.02166748 -0.13189697,0.107777774 0.055555556 0.50333333,-0.9 0.05 9.51,186 111 64,28
14,01110011,00000000,0.99157715 -0.036987305 -0.022888184 -0.12200928,0.05 -0.12444445 0.54,-0.11 0.21 9.95,187 110 64,28
15,01110011,00000000,0.9923706 -0.03704834 -0.02520752 -0.11456299,0.04888889 -0.19 0.50555557,0.03 -0.25 10.65,187 111 64,28
16,01110011,00000000,0.99316406 -0.037109375 -0.026550293 -0.107666016,0.03 -0.064444445 0.47333333,-0.16 -0.29 9.94,187 112 64,28
17,01110011,00000000,0.99432373 -0.036254883 -0.024841309 -0.09680176,0.07111111 0.115555555 0.58555555,198.62 0 9.47,186 113 64,28
18,01110011,00000000,0.9951782 -0.037109375 -0.02331543 -0.08728027,-0.07666667 0.06 0.6844444,-0.29 -0.53 9.58,186 112 64,28
19,01110011,00000000,0.99591064 -0.038635254 -0.02331543 -0.07757568,-0.07333333 -0.08 0.6811111,-0.1 -0.52 10.11,185 111 63,28
20,01110011,00000000,0.99664307 -0.039855957 -0.024475098 -0.06665039,-0.057777777 -0.096666664 0.5511111,-0.91 -0.07 8.45,184 112 62,28
21,01110011,00000000,0.99713135 -0.040405273 -0.024108887 -0.059509277,-0.046666667 0.037777778 0.50333333,0.3 -0.3 10.91,183 113 61,28
22,01110011,00000000,0.99749756 -0.041381836 -0.022033691 -0.052612305,-0.06333333 0.12888889 0.5,0.36 -0.29 10.94,182 114 61,28
23,01110011,00000000,0.9979248 -0.043640137 -0.019226074 -0.042663574,-0.078888886 0.14222223 0.53555554,-0.06 -0.23 10.89,181 112 61,28
24,01110011,00000000,0.99816895 -0.0446167 -0.01953125 -0.035339355,-0.057777777 -0.06666667 0.52555555,-0.39 -0.63 9.36,180 109 61,28
25,01110011,00000000,0.984375 -0.045410156 -0.021972656 -0.029296875,-0.022222223 -0.0011111111 27.59,-0.73 -0.57 9.38,179 110 61,28
26,01110011,00000000,0.9984131 -0.044555664 -0.02355957 -0.02331543,0.053333335 -0.07 0.27555555,-0.67 -0.63 9.66,178 111 61,28
27,01110011,00000000,0.9986572 -0.04333496 -0.0211792 -0.01776123,0.08555555 0.19222222 0.3911111,1.63 0.18 10.29,177 112 62,28
28,01110011,00000000,0.99884033 -0.043273926 -0.018737793 -0.010192871,-0.02111111 0.104444444 0.5655556,0.07 -0.03 10.87,178 110 63,28
29,01110011,00000000,0.99884033 -0.043823242 -0.01940918 -0.0021972656,-0.0022222223 -0.15888889 0.5588889,-0.14 -0.17 10.64,177 107 63,28
30,01110011,00000000,0.9987793 -0.043273926 -0.024658203 0.0059814453,0.028888889 -0.35777777 0.40333334,-0.37 -0.73 9.38,176 108 63,28
31,01110011,00000000,0.99871826 -0.041748047 -0.02722168 0.010375977,0.14444445 -0.10555556 0.29,0.26 -0.76 9.93,175 109 63,28
32,01110011,00000000,0.9987793 -0.039489746 -0.025756836 0.015319824,0.15 0.16666667 0.37888888,0.79 -0.49 10.93,176 110 64,28
33,01110011,00000000,0.9985962 -0.03869629 -0.022094727 0.026428223,0.03888889 0.18888889 0.63,-0.62 0.36 8.82,179 109 64,28
34,01110011,00000000,0.99823 -0.039916992 -0.022888184 0.036132812,-0.1 -0.16888888 0.65444446,-169.91 -2.55 -0.01,180 105 64,28
35,01110011,00000000,0.99780273 -0.041748047 -0.026367188 0.043823242,-0.08777778 -0.27222222 0.4811111,0.27 -0.25 9.33,179 106 63,28
36,01110011,00000000,0.9975586 -0.04107666 -0.02734375 0.050048828,0.093333334 -0.006666667 0.2911111,0.26 -0.42 10.47,178 107 63,28
37,01110011,00000000,0.9973755 -0.039001465 -0.024353027 0.055847168,0.14888889 0.22555555 0.47444445,1.81 -0.05 10.52,178 108 63,28
38,01110011,00000000,0.99694824 -0.039001465 -0.022216797 0.06384277,-0.046666667 0.072222225 0.6022222,0.71 0.05 9.85,180 105 63,28
39,01110011,00000000,0.9960327 -0.04425049 -0.022644043 0.07312012,-0.32 -0.06666667 0.46555555,-1.42 -0.16 9.5,179 103 63,28
40,01110011,00000000,0.99560547 -0.04699707 -0.023620605 0.07733154,-0.11 -0.04 0.27,-0.42 -0.46 10.49,178 104 63,28
41,01110011,00000000,0.9953613 -0.046325684 -0.022583008 0.08123779,0.093333334 0.08555555 0.30444443,0.38 -0.17 10.76,177 105 64,28
42,01110011,00000000,0.984375 -0.04449463 -0.020324707 0.08935547,0.12888889 0.09555556 13.083333,-0.24 -0.01 8.91,176 105 65,28
43,01110011,00000000,0.9939575 -0.045654297 -0.01928711 0.097473145,-0.115555555 0.053333335 0.5822222,-0.25 -0.26 9.14,178 104 65,28
44,01110011,00000000,0.993042 -0.04748535 -0.019165039 0.10601807,-0.08777778 -0.014444444 0.59444445,-1.73 -0.24 8.94,177 103 65,28
45,01110011,00000000,0.99176025 -0.048706055 -0.01977539 0.117004395,-0.06 -0.06333333 0.5477778,-1.47 -0.3 9.46,176 104 63,28
46,01110011,00000000,0.9908447 -0.047302246 -0.020446777 0.12445068,0.12888889 -0.064444445 0.4911111,1.48 -0.42 10.47,175 105 61,28
47,01110011,00000000,0.99005127 -0.045288086 -0.020080566 0.13128662,0.15555556 0.016666668 0.45777777,0.67 -0.24 9.23,176 106 60,28
48,01110011,00000000,0.9890747 -0.043823242 -0.018981934 0.13952637,0.112222224 0.014444444 0.42333335,-0.45 -0.22 8.82,179 107 59,28
49,01110011,00000000,0.9883423 -0.043762207 -0.018676758 0.14459229,-0.0011111111 -0.0033333334 0.33222222,0.14 -0.11 10.92,181 108 58,28
50,01110011,00000000,0.987854 -0.04321289 -0.01928711 0.14782715,0.052222222 -0.09777778 0.20444444,-0.13 -0.22 10.4,181 109 57,28
51,01110011,00000000,0.9876709 -0.04119873 -0.019958496 0.1494751,0.107777774 -0.05888889 0.06111111,1.7 -0.33 -0.01,181 110 57,28
52,01110011,00000000,0.9876709 -0.040100098 -0.019226074 0.14978027,0.09 0.046666667 0.0055555557,0.57 -0.26 10.01,182 111 57,28
53,01110011,00000000,0.9876709 -0.039245605 -0.018188477 0.15002441,0.02 0.07111111 0.0033333334,-1.5 0.05 9.04,183 111 58,28
54,01110011,00000000,0.9875488 -0.0390625 -0.01727295 0.15100098,-0.011111111 0.06111111 0.06333333,-0.8 0.13 9.8,183 110 59,28
55,01110011,00000000,0.98742676 -0.038879395 -0.017150879 0.15209961,0.04888889 -0.007777778 0.08111111,0.65 -0.66 10.55,182 109 60,28
56,01110011,00000000,0.98724365 -0.038391113 -0.01739502 0.15344238,0.06666667 -0.032222223 0.12111111,-0.25 -0.6 9.96,181 109 60,28
57,01110011,00000000,0.9867554 -0.038024902 -0.016662598 0.15661621,0.027777778 0.025555555 0.18888889,-1.14 -0.24 9.35,181 110 60,28
58,01110011,00000000,0.986145 -0.038635254 -0.015625 0.16033936,-0.052222222 0.096666664 0.29222223,0.52 0.06 10.02,181 111 60,28
59,01110011,00000000,0.984375 -0.03967285 -0.014404297 0.16473389,-0.07333333 0.072222225 0.3122222,1.4 -0.23 10.5,180 110 60,28
60,01110011,00000000,0.984375 -0.040771484 -0.013977051 0.17071533,-0.06 0.012222222 0.31444445,-0.69 -0.29 10.16,179 109 59,28
61,01110011,00000000,0.9838257 -0.04071045 -0.015075684 0.17370605,0.02111111 -0.101111114 0.22444445,1 -0.52 10.15,178 109 58,28
62,01110011,00000000,0.9834595 -0.040100098 -0.015808105 0.17572021,0.044444446 -0.03888889 0.11111111,0.11 -0.6 9.46,177 110 58,28
63,01110011,00000000,0.98327637 -0.040527344 -0.0154418945 0.1765747,-0.022222223 0.026666667 0.05111111,-0.91 -0.45 9.4,177 111 58,28
64,01110011,00000000,0.98321533 -0.041015625 -0.014587402 0.17718506,-0.031111112 0.053333335 0.022222223,0.86 0.26 10.42,176 112 58,28
65,01110011,00000000,0.9831543 -0.041015625 -0.0146484375 0.17755127,0.011111111 -0.07444444 0.026666667,0.79 0.11 9.99,175 112 59,28
66,01110011,00000000,0.9831543 -0.03967285 -0.01727295 0.17749023,0.013333334 -0.16 -0.034444444,0.27 -0.05 9.05,174 113 59,28
67,01110011,00000000,0.98339844 -0.038513184 -0.018737793 0.17596436,0.06333333 -0.096666664 -0.104444444,-0.34 0 10.15,173 114 60,27
68,01110011,00000000,0.98376465 -0.03741455 -0.018066406 0.17456055,0.08111111 0.104444444 -0.07666667,0.37 0.14 -265.9,161 16 61,27
69,01110011,00000000,0.9837036 -0.036193848 -0.015686035 0.175354,0.14 0.1388889 0.1388889,0.69 -0.48 11.06,174 115 62,27
70,01110011,00000000,0.98309326 -0.036010742 -0.01586914 0.17895508,0.0033333334 -0.057777777 0.21333334,-0.96 0.18 8.4,176 112 62,27
71,01110011,00000000,0.982605 -0.036865234 -0.018005371 0.18103027,-0.09 -0.15666667 0.11444444,-0.45 0.11 9.05,176 113 62,27
72,01110011,00000000,0.9824219 -0.03668213 -0.01940918 0.18188477,0.05111111 -0.05888889 0.03,1.39 -0.58 10.46,175 114 62,27
73,01110011,00000000,0.9821167 -0.0345459 -0.01739502 0.18426514,0.115555555 0.12666667 0.12222222,-1 0.16 8.75,174 115 62,27
74,01110011,00000000,0.9813843 -0.0345459 -0.014831543 0.18841553,-0.026666667 0.12666667 0.33333334,-1.23 0.31 8.57,175 114 62,27
75,01110011,00000000,0.9804077 -0.036010742 -0.014709473 0.19317627,-0.14 -0.04 0.32444444,-0.03 -0.02 9.96,175 112 61,27
76,01110011,00000000,0.97961426 0.010559082 0.0065307617 -0.0119018555,-0.13666667 -0.16333333 0.19,-1.01 -0.37 9.66,174 112 60,27
77,01110011,00000000,0.9793701 -0.037109375 -0.018737793 0.1975708,0.055555556 -0.046666667 0.02,0.9 -0.52 10.23,173 113 59,27
78,01110011,00000000,0.9794922 -0.036621094 -0.017578125 0.19732666,0.024444444 0.12111111 -0.032222223,-0.45 -0.24 9.21,172 114 59,27
79,01110011,00000000,0.9795532 -0.03717041 -0.014770508 0.19720459,-0.011111111 0.18666667 -0.022222223,1 0.35 10.35,172 113 59,27
80,01110011,00000000,0.97961426 -0.03845215 -0.013549805 0.19647217,-0.11 0.035555556 -0.06555556,0.95 0.1 9.88,171 110 59,27
81,01110011,00000000,0.97991943 -0.03845215 -0.01550293 0.19482422,0 -0.18111111 -0.17,-0.31 -0.35 9.11,170 109 59,27
82,01110011,00000000,0.98101807 -0.03668213 -0.018676758 0.1895752,0.062222224 -0.18111111 -0.3011111,0.41 0.16 10.45,169 110 59,27
83,01110011,00000000,0.98187256 -0.03527832 -0.017456055 0.18536377,0.12777779 0.15111111 -0.25444445,0.51 0.33 10.17,169 111 59,27
84,01110011,00000000,0.9824219 -0.034423828 -0.014221191 0.1829834,0.11 0.21 -0.086666666,0.78 -0.25 11.23,171 111 60,27
85,01110011,00000000,0.982605 -0.03363037 -0.012939453 0.18206787,0.052222222 0.027777778 -0.055555556,-0.25 -0.33 11.08,204 -288 3071,27
86,01110011,00000000,0.982605 -0.033325195 -0.015136719 0.18170166,-0.01 -0.20555556 -0.05888889,0.47 -0.05 10.1,174 106 62,27
87,01110011,00000000,0.9828491 -0.032958984 -0.018127441 0.18035889,-0.04888889 -0.16888888 -0.13777778,1.82 -0.2 10.5,173 107 62,27
88,01110011,00000000,0.98321533 -0.03161621 -0.01776123 0.17889404,0.094444446 0.07111111 -0.06555556,0.55 -0.47 9.51,172 108 62,27
89,01110011,00000000,0.9829712 -0.030029297 -0.014770508 0.18035889,0.14888889 0.16333333 0.16111112,-0.63 0.15 10.45,172 109 62,27
90,01110011,00000000,0.9824829 -0.02947998 -0.014343262 0.18353271,0.0011111111 -0.046666667 0.24444444,0.19 0.39 10.51,174 107 62,27
91,01110011,00000000,0.9817505 -0.03100586 -0.017150879 0.18658447,-0.14888889 -0.16222222 0.12444445,-0.95 0.11 9.18,174 107 61,27
92,01110011,00000000,0.9817505 -0.031921387 -0.01940918 0.1864624,-0.05666667 -0.10222222 -0.036666665,1.15 -0.81 10.73,173 108 61,27
93,01110011,00000000,0.9819336 -0.031677246 0.006652832 -0.011779785,0.033333335 0.08 -0.046666667,-0.25 0.06 9.71,172 109 61,27
94,01110011,00000000,0.9819946 -0.03112793 -0.016845703 0.18560791,0.036666665 0.08888889 0.04888889,0.35 0.35 10.56,171 109 61,27
95,01110011,00000000,0.98187256 -0.03253174 -0.016723633 0.18609619,-0.10333333 0 0.05111111,-1.11 -0.53 9.35,171 108 61,27
96,01110011,00000000,0.9819336 -0.034057617 -0.0178833 0.1854248,-0.09 -0.093333334 -0.09,0.09 -0.58 10.73,170 108 61,27
97,01110011,00000000,0.98236084 -0.034179688 -0.019470215 0.18273926,-0.012222222 -0.09 -0.1711111,1.16 -0.45 11.16,169 109 61,28
98,01110011,00000000,0.9827881 -0.034057617 -0.018554688 0.18054199,0.016666668 0.08444444 -0.15444444,-0.39 0.09 8.69,168 110 62,28
99,01110011,00000000,0.9830322 -0.034484863 -0.016052246 0.17944336,0.007777778 0.15111111 -0.015555556,0.49 0.35 10.34,167 110 62,28
100,01110011,00000000,0.9830322 -0.0345459 -0.015686035 0.17944336,-0.011111111 -0.036666665 -0.012222222,-0.45 -0.4 11.02,166 108 63,28
101,01110011,00000000,0.98309326 -0.033081055 -0.017700195 0.17907715,0.04222222 -0.12888889 -0.033333335,-0.69 -0.34 10.49,165 108 63,28
102,01110011,00000000,0.9833374 -0.03125 -0.019165039 0.17773438,0.09111111 -0.08222222 -0.11666667,0.44 -0.08 9.68,165 95 3071,28
103,01110011,00000000,0.98358154 -0.030151367 -0.016845703 0.17706299,0.101111114 0.16 0.008888889,2.08 -0.05 10.5,166 110 63,28
104,01110011,00000000,0.9833374 -0.030151367 -0.014038086 0.1786499,0.05111111 0.18666667 0.12222222,-1.4 0.04 9.71,168 109 63,28
105,01110011,00000000,0.98291016 -0.030334473 -0.014282227 0.18084717,-0.04 -0.11444444 0.14222223,-0.07 0.06 10.88,169 105 63,28
106,01110011,00000000,0.9827881 -0.029846191 -0.01776123 0.18121338,-0.012222222 -0.32222223 -0.04,-1.09 0.02 8.98,168 106 63,28
107,01110011,00000000,0.98327637 -0.02746582 -0.021911621 0.17858887,0.11333334 -0.18888889 -0.18111111,1.65 -0.51 11.11,167 107 63,28
108,01110011,00000000,0.9837036 -0.0256958 -0.020019531 0.17675781,0.12555556 0.1711111 -0.096666664,0.58 -0.28 9.97,168 108 63,28
109,01110011,00000000,0.9837036 -0.025817871 -0.017456055 0.17712402,-0.032222223 0.17555556 0.06333333,-0.1 0.6 9.4,170 108 63,28
110,01110011,00000000,0.9834595 -0.0289917 -0.018371582 -0.01159668,-0.19333333 -0.05666667 0.01,0.32 -0.42 10.88,170 105 64,28
111,01110011,00000000,0.9837036 -0.030639648 -0.021484375 0.17572021,-0.104444444 -0.19666667 -0.16333333,0.67 -0.76 10.95,169 105 64,28
112,01110011,00000000,0.98431396 -0.030090332 -0.02355957 0.17218018,0.043333333 -0.10222222 -0.2611111,-0.65 -0.63 9.39,168 106 64,28
113,01110011,00000000,0.9850464 -0.0289917 -0.022583008 0.16845703,0.07111111 0.08222222 -0.17888889,0.79 0.37 10.4,167 107 65,28
114,01110011,00000000,0.98516846 -0.029296875 -0.020141602 0.16796875,-0.04 0.16333333 0.008888889,-0.46 0.45 8.9,168 107 65,28
115,01110011,00000000,0.98498535 -0.030639648 -0.019592285 0.16864014,-0.13444445 0.022222223 0.07777778,-1.56 0.33 8.63,167 105 66,28
116,01110011,00000000,0.9847412 -0.03265381 -0.021362305 0.16918945,-0.107777774 -0.10333333 0.032222223,0.4 -0.6 10.51,166 104 66,28
117,01110011,00000000,0.9847412 -0.031799316 -0.022460938 0.1694336,0.11666667 -0.08222222 0.024444444,-1.09 -0.67 9.26,165 105 66,28
118,01110011,00000000,0.9846802 -0.030395508 -0.021972656 0.17047119,0.07333333 0.05 0.07,-0.89 0.29 8.28,165 106 66,28
119,01110011,00000000,0.9840088 -0.030517578 -0.019897461 0.1741333,0.02 0.11111111 0.21777777,0.73 -0.34 10.77,166 107 255,28
120,01110011,00000000,0.9833374 -0.03112793 -0.018493652 0.17803955,0.013333334 0.053333335 0.30666667,-0.97 -0.63 9.2,166 106 66,28
121,01110011,00000000,0.98254395 -0.03100586 -0.019592285 0.1821289,0.011111111 -0.15222222 0.2777778,0.13 -0.65 10.79,166 105 65,28
122,01110011,00000000,0.98187256 -0.030090332 -0.022277832 0.18585205,0.03 -0.13444445 0.15666667,0.96 -0.67 10.78,166 106 64,28
123,01110011,00000000,0.9816284 -0.028808594 -0.022888184 0.18701172,0.07 -0.01 0.06111111,0.42 -0.09 9.85,166 107 63,28
124,01110011,00000000,0.9816284 -0.028259277 -0.021362305 0.18737793,0.06555556 0.12444445 0.04222222,0.36 0.28 9.96,167 108 63,28
125,01110011,00000000,0.9817505 -0.027954102 -0.019836426 0.18701172,0.02 0.037777778 -0.007777778,0.51 -0.5 10.81,168 107 63,28
126,01110011,00000000,0.9821167 -0.027893066 -0.021118164 0.18511963,0 -0.13444445 -0.18,-0.26 0.1 10.02,168 106 63,28
127,01110011,00000000,0.98272705 -0.02734375 -0.022827148 0.18170166,0.036666665 -0.09888889 -0.30444443,0.85 0.09 9.97,167 107 63,27
128,01110011,00000000,0.9838257 -0.025390625 -0.022583008 0.17584229,0.08777778 0.03 -0.31,-1.02 0.17 8.4,167 108 63,27
129,01110011,00000000,0.9844971 -0.024841309 -0.021057129 0.17230225,0.05 0.13333334 -0.24,0.92 -0.37 11.07,168 109 63,27
130,01110011,00000000,0.9850464 -0.02508545 -0.01965332 0.16931152,-0.03888889 0.09888889 -0.19888888,-0.89 -0.25 9.47,169 107 64,27
131,01110011,00000000,0.98553467 -0.026123047 -0.01928711 0.1663208,-0.044444446 -0.008888889 -0.16666667,-1 -0.62 9.96,168 105 65,27
132,01110011,00000000,0.98583984 -0.025634766 -0.020507812 0.16448975,0.037777778 -0.10888889 -0.09777778,-0.19 0.12 8.84,167 105 66,27
133,01110011,00000000,0.9859619 -0.025024414 -0.02142334 0.16333008,0.013333334 -0.028888889 -0.04888889,-0.7 0.13 8.58,166 106 67,27
134,01110011,00000000,0.9859009 -0.024963379 -0.019958496 0.16418457,0.04777778 0.094444446 0.086666666,-1.18 -0.35 9.51,166 107 67,27
135,01110011,00000000,0.98547363 -0.026123047 -0.018371582 0.16687012,-0.072222225 0.11 0.19,0.11 0.2 9.42,166 107 67,27
136,01110011,00000000,0.9849243 -0.026733398 -0.018615723 0.16992188,-0.053333335 -0.096666664 0.22,-1.35 0.17 8.54,165 105 67,27
137,01110011,00000000,0.984375 -0.026611328 -0.021484375 0.17266846,-0.04 -0.16222222 0.12,0.78 -0.01 10.19,164 106 66,27
138,01110011,00000000,0.9841919 -0.025939941 -0.023010254 0.17333984,0.043333333 -0.14 0.06888889,-0.86 -0.6 9.24,163 107 66,27
139,01110011,00000000,0.9841919 -0.02545166 -0.022399902 0.17388916,0.06666667 0.08111111 0.035555556,0.32 -0.41 11.28,163 108 66,27
140,01110011,00000000,0.98394775 -0.02545166 -0.021850586 0.1749878,-0.031111112 0.007777778 0.083333336,-0.17 -0.49 10.17,164 109 66,27
141,01110011,00000000,0.9837036 -0.026184082 -0.02319336 0.17608643,-0.057777777 -0.06 0.033333335,0.76 0.07 10.4,163 109 66,27
142,01110011,00000000,0.9838257 -0.025878906 -0.024902344 0.17553711,0.04111111 -0.12666667 -0.06666667,0.82 -0.54 11.24,162 110 66,27
143,01110011,00000000,0.9840698 -0.024169922 -0.025817871 0.17425537,0.13444445 -0.04 -0.09111111,-0.6 -0.39 9.84,161 111 66,27
144,01110011,00000000,0.98431396 -0.023132324 -0.024719238 0.17327881,0.046666667 0.055555556 -0.04777778,1.27 0.25 10.46,163 112 66,27
145,01110011,00000000,0.98431396 -0.02355957 -0.023620605 0.17321777,-0.05666667 0.057777777 0.02111111,58.4 0 8.59,164 112 66,27
146,01110011,00000000,0.9842529 -0.024291992 -0.022949219 0.17346191,-0.011111111 0.027777778 0.0011111111,0.22 -0.26 9.94,163 111 66,27
147,01110011,00000000,0.9842529 -0.023132324 -0.023925781 0.17340088,0.075555556 -0.08444444 0.018888889,-1.7 -0.06 8.74,162 111 66,27
148,01110011,00000000,0.9842529 -0.022094727 -0.024169922 0.17346191,0.08111111 -0.0044444446 -0.0044444446,-0.08 0.26 10.3,162 112 66,27
149,01110011,00000000,0.98413086 -0.022155762 -0.021972656 0.17443848,0.025555555 0.14 0.05666667,-0.09 0.35 9.57,163 113 66,27
150,01110011,00000000,0.9838257 -0.022827148 -0.020263672 0.17626953,-0.015555556 0.16 0.11888889,0.64 -0.56 11.29,163 111 66,27
151,01110011,00000000,0.9834595 -0.0234375 -0.020263672 0.17858887,-0.032222223 -0.024444444 0.13666667,1.05 0.06 10.4,162 108 66,27
152,01110011,00000000,0.9831543 -0.023010254 -0.021240234 0.17999268,0.031111112 -0.096666664 0.10888889,-0.21 -0.02 8.93,161 108 66,27
153,01110011,00000000,0.96875 -0.022155762 -0.023376465 0.1807251,-0.0022222223 -10.808888 30.434444,0.39 -0.2 11.11,161 109 66,27
154,01110011,00000000,0.9829712 -0.022399902 -0.023620605 0.18054199,-0.046666667 0.044444446 -0.015555556,-1.28 -0.1 8.9,161 110 66,27
155,01110011,00000000,0.9830322 -0.02319336 -0.021728516 0.18060303,0.0022222223 0.15777777 0.0033333334,-0.76 -0.1 10.41,160 111 66,27
156,01110011,00000000,0.9828491 -0.023498535 -0.0211792 0.18151855,-0.0033333334 -0.014444444 0.054444443,-0.95 -0.33 9,159 109 66,27
157,01110011,00000000,0.98291016 -0.023010254 -0.023803711 0.1809082,0.013333334 -0.23888889 -0.05888889,1.24 -0.39 10.98,158 109 66,27
158,01110011,00000000,0.98327637 -0.022094727 -0.026733398 0.1786499,0.015555556 -0.18555556 -0.20333333,0.85 0.05 10.5,158 110 66,28
159,01110011,00000000,0.9840698 -0.021118164 -0.026855469 0.17449951,0.05888889 0.03 -0.19777778,-0.99 0.33 8.63,158 111 66,28
160,01110011,00000000,0.9844971 -0.020874023 -0.024475098 0.17248535,0.022222223 0.19222222 -0.12,0.33 -0.33 10.81,158 112 66,28
161,01110011,00000000,0.98461914 -0.021240234 -0.023132324 0.1716919,-0.011111111 0.04222222 -0.05111111,-1.49 -0.32 9.41,158 109 66,28
162,01110011,00000000,0.9848633 -0.020202637 -0.02545166 0.16992188,0.07111111 -0.18222222 -0.07111111,128.38 -2.56 -0.01,157 107 66,28
163,01110011,00000000,0.98535156 -0.018798828 -0.02722168 0.16748047,0.08888889 -0.08111111 -0.19666667,0.92 -0.05 9.86,157 108 66,28
164,01110011,00000000,0.9857178 -0.018249512 -0.026184082 0.16534424,0.05666667 0.14555556 -0.1388889,1.04 0.03 9.69,158 109 66,28
165,01110011,00000000,0.98583984 -0.018615723 -0.021850586 0.16522217,-0.012222222 0.27333334 0.007777778,-0.25 -0.07 9.04,159 108 67,28
166,01110011,00000000,0.9855957 -0.019592285 -0.020385742 0.1665039,-0.06 0.0022222223 0.096666664,-1.74 -0.01 8.9,159 103 68,28
167,01110011,00000000,0.9854126 -0.019714355 -0.022827148 0.16711426,-0.0055555557 -0.22777778 0.013333334,-0.52 -0.35 8.75,158 102 68,28
168,01110011,00000000,0.9857788 -0.018310547 -0.026367188 0.16491699,0.023333333 -0.20888889 -0.14888889,1.43 -0.41 10.86,157 103 68,28
169,01110011,00000000,0.986084 -0.018371582 -0.024963379 0.16314697,-0.02 0.21555555 -0.112222224,-0.95 -0.04 9.58,157 104 68,28
170,01110011,00000000,0.98461914 -0.01940918 -0.021362305 0.16314697,-0.057777777 0.24444444 6.826667,0.03 -0.04 10.67,156 103 68,28
171,01110011,00000000,0.98602295 -0.020751953 -0.020996094 0.1638794,-0.04888889 -0.036666665 0.06888889,-2.28 -0.18 9.16,156 98 69,28
172,01110011,00000000,0.98602295 -0.020385742 -0.024963379 0.16326904,-0.013333334 -0.3 -0.043333333,-0.42 -0.02 8.96,155 98 69,28
173,01110011,00000000,0.98638916 -0.01965332 -0.029418945 0.16046143,0.015555556 -0.2211111 -0.24111111,0.84 0.03 9.65,154 99 69,28
174,01110011,00000000,0.9869995 -0.018493652 -0.027526855 0.15722656,0.06555556 0.18555556 -0.16222222,0.84 -0.23 10.9,154 100 69,28
175,01110011,00000000,0.98706055 -0.018676758 -0.024047852 0.1574707,0.024444444 0.22333333 0.055555556,0.75 -0.23 11.09,155 100 69,28
176,01110011,00000000,0.9868164 -0.020202637 -0.023742676 0.1586914,-0.12 -0.06 0.075555556,-0.55 0.47 10.07,156 96 70,28
177,01110011,00000000,0.9868164 -0.02154541 -0.028686523 0.15789795,-0.12888889 -0.29222223 -0.08111111,-1.54 0 9.29,155 96 70,28
178,01110011,00000000,0.9871826 -0.020629883 -0.031311035 0.15515137,0.04777778 -0.19555555 -0.17444444,-0.27 -0.33 8.51,154 97 70,28
179,01110011,00000000,0.9874878 -0.01776123 -0.030273438 0.1538086,0.20555556 0.13444445 -0.045555554,1.48 -2.25 -0.01,153 98 70,28
180,01110011,00000000,0.9873657 -0.016113281 -0.02709961 0.15509033,0.06555556 0.20444444 0.16555555,-1.24 0.7 8.24,156 99 70,28
181,01110011,00000000,0.98669434 -0.018432617 -0.024841309 0.1593628,-0.13444445 0.11777778 0.2588889,0.02 -0.11 9.61,158 96 70,28
182,01110011,00000000,0.9863281 -0.021728516 -0.026245117 0.16119385,-0.21222222 -0.08777778 0.08111111,0.23 -0.55 9.97,157 94 69,28
183,01110011,00000000,0.9862671 -0.022033691 -0.029052734 0.1609497,0.027777778 -0.20666666 -0.064444445,-0.28 -0.86 10.97,156 95 69,28
184,01110011,00000000,0.9866333 -0.018188477 -0.029052734 0.15917969,0.21444444 0.01 -0.10666667,-0.69 0.08 8.9,155 96 69,28
185,01110011,00000000,0.9866333 -0.016296387 -0.026123047 0.15991211,0.086666666 0.21222222 0.10222222,0.54 0.47 10.3,158 97 69,28
186,01110011,00000000,0.9862671 -0.01727295 -0.023620605 0.16229248,-0.15111111 0.14555556 0.21555555,-1.98 0.2 8.97,161 95 69,28
187,01110011,00000000,0.9859009 -0.02166748 -0.024230957 0.16430664,-0.25666666 -0.04111111 0.083333336,-0.48 -0.04 8.72,160 92 69,28
188,01110011,00000000,0.9859619 -0.023132324 -0.026428223 0.16333008,-0.083333336 -0.15111111 -0.094444446,-0.41 -0.21 9.79,159 93 69,27
189,01110011,00000000,0.9863281 -0.020812988 -0.028015137 0.16101074,0.20888889 -0.107777774 -0.17222223,-0.03 -0.11 10.01,158 94 69,27
190,01110011,00000000,0.9866333 -0.017456055 -0.027038574 0.1593628,0.2 0.05111111 -0.07666667,1.54 0.21 10.5,160 95 69,27
255,11111111,11111111,-6.1035156E-05 -6.1035156E-05 -6.1035156E-05 -6.1035156E-05,-0.0011111111 -0.0011111111 -0.0011111111,-0.01 -0.01 -0.01,-1 -1 -1,255
255,11111111,11111111,-6.1035156E-05 -6.1035156E-05 -6.1035156E-05 -6.1035156E-05,-0.0011111111 -0.0011111111 -0.0011111111,-0.01 -0.01 -0.01,-1 -1 -1,255
255,11111111,11111111,-6.1035156E-05 -6.1035156E-05 -6.1035156E-05 -6.1035156E-05,-0.0011111111 -0.0011111111 -0.0011111111,-0.01 -0.01 -0.01,-1 -1 -1,255
255,11111111,11111111,-6.1035156E-05 -6.1035156E-05 -6.1035156E-05 -6.1035156E-05,-0.0011111111 -0.0011111111 -0.0011111111,-0.01 -0.01 -0.01,-1 -1 -1,255
255,11111111,11111111,-6.1035156E-05 -6.1035156E-05 -6.1035156E-05 -6.1035156E-05,-0.0011111111 -0.0011111111 -0.0011111111,-0.01 -0.01 -0.01,-1 -1 -1,255
255,11111111,11111111,-6.1035156E-05 -6.1035156E-05 -6.1035156E-05 -6.1035156E-05,-0.0011111111 -0.0011111111 -0.0011111111,-0.01 -0.01 -0.01,-1 -1 -1,255
255,11111111,11111111,-6.1035156E-05 -6.1035156E-05 -6.1035156E-05 -6.1035156E-05,-0.0011111111 -0.0011111111 -0.0011111111,-0.01 -0.01 -0.01,-1 -1 -1,255
255,11111111,11111111,-6.1035156E-05 -6.1035156E-05 -6.1035156E-05 -6.1035156E-05,-0.0011111111 -0.0011111111 -0.0011111111,-0.01 -0.01 -0.01,-1 -1 -1,255
255,11111111,11111111,-6.1035156E-05 -6.1035156E-05 -6.1035156E-05 -6.1035156E-05,-0.0011111111 -0.0011111111 -0.0011111111,-0.01 -0.01 -0.01,-1 -1 -1,255
255,11111111,11111111,-6.1035156E-05 -6.1035156E-05 -6.1035156E-05 -6.1035156E-05,-0.0011111111 -0.0011111111 -0.0011111111,-0.01 -0.01 -0.01,-1 -1 -1,255
255,11111111,11111111,-6.1035156E-05 -6.1035156E-05 -6.1035156E-05 -6.1035156E-05,-0.0011111111 -0.0011111111 -0.0011111111,-0.01 -0.01 -0.01,-1 -1 -1,255
255,11111111,11111111,-6.1035156E-05 -6.1035156E-05 -6.1035156E-05 -6.1035156E-05,-0.0011111111 -0.0011111111 -0.0011111111,-0.01 -0.01 -0.01,-1 -1 -1,255
255,11111111,11111111,-6.1035156E-05 -6.1035156E-05 -6.1035156E-05 -6.1035156E-05,-0.0011111111 -0.0011111111 -0.0011111111,-0.01 -0.01 -0.01,-1 -1 -1,255
255,11111111,11111111,-6.1035156E-05 -6.1035156E-05 -6.1035156E-05 -6.1035156E-05,-0.0011111111 -0.0011111111 -0.0011111111,-0.01 -0.01 -0.01,-1 -1 -1,255
255,11111111,11111111,-6.1035156E-05 -6.1035156E-05 -6.1035156E-05 -6.1035156E-05,-0.0011111111 -0.0011111111 -0.0011111111,-0.01 -0.01 -0.01,-1 -1 -1,255
255,11111111,11111111,-6.1035156E-05 -6.1035156E-05 -6.1035156E-05 -6.1035156E-05,-0.0011111111 -0.0011111111 -0.0011111111,-0.01 -0.01 -0.01,-1 -1 -1,255
255,11111111,11111111,-6.1035156E-05 -6.1035156E-05 -6.1035156E-05 -6.1035156E-05,-0.0011111111 -0.0011111111 -0.0011111111,-0.01 -0.01 -0.01,-1 -1 -1,255
255,11111111,11111111,-6.1035156E-05 -6.1035156E-05 -6.1035156E-05 -6.1035156E-05,-0.0011111111 -0.0011111111 -0.0011111111,-0.01 -0.01 -0.01,-1 -1 -1,255
255,11111111,11111111,-6.1035156E-05 -6.1035156E-05 -6.1035156E-05 -6.1035156E-05,-0.0011111111 -0.0011111111 -0.0011111111,-0.01 -0.01 -0.01,-1 -1 -1,255
255,11111111,11111111,-6.1035156E-05 -6.1035156E-05 -6.1035156E-05 -6.1035156E-05,-0.0011111111 -0.0011111111 -0.0011111111,-0.01 -0.01 -0.01,-1 -1 -1,255
255,11111111,11111111,-6.1035156E-05 -6.1035156E-05 -6.1035156E-05 -6.1035156E-05,-0.0011111111 -0.0011111111 -0.0011111111,-0.01 -0.01 -0.01,-1 -1 -1,255
255,11111111,11111111,-6.1035156E-05 -6.1035156E-05 -6.1035156E-05 -6.1035156E-05,-0.0011111111 -0.0011111111 -0.0011111111,-0.01 -0.01 -0.01,-1 -1 -1,255
255,11111111,11111111,-6.1035156E-05 -6.1035156E-05 -6.1035156E-05 -6.1035156E-05,-0.0011111111 -0.0011111111 -0.0011111111,-0.01 -0.01 -0.01,-1 -1 -1,255
255,11111111,11111111,-6.1035156E-05 -6.1035156E-05 -6.1035156E-05 -6.1035156E-05,-0.0011111111 -0.0011111111 -0.0011111111,-0.01 -0.01 -0.01,-1 -1 -1,255
255,11111111,11111111,-6.1035156E-05 -6.1035156E-05 -6.1035156E-05 -6.1035156E-05,-0.0011111111 -0.0011111111 -0.0011111111,-0.01 -0.01 -0.01,-1 -1 -1,255
255,11111111,11111111,-6.1035156E-05 -6.1035156E-05 -6.1035156E-05 -6.1035156E-05,-0.0011111111 -0.0011111111 -0.0011111111,-0.01 -0.01 -0.01,-1 -1 -1,255
255,11111111,11111111,-6.1035156E-05 -6.1035156E-05 -6.1035156E-05 -6.1035156E-05,-0.0011111111 -0.0011111111 -0.0011111111,-0.01 -0.01 -0.01,-1 -1 -1,255
255,11111111,11111111,-6.1035156E-05 -6.1035156E-05 -6.1035156E-05 -6.1035156E-05,-0.0011111111 -0.0011111111 -0.0011111111,-0.01 -0.01 -0.01,-1 -1 -1,255
255,11111111,11111111,-6.1035156E-05 -6.1035156E-05 -6.1035156E-05 -6.1035156E-05,-0.0011111111 -0.0011111111 -0.0011111111,-0.01 -0.01 -0.01,-1 -1 -1,255
255,11111111,11111111,-6.1035156E-05 -6.1035156E-05 -6.1035156E-05 -6.1035156E-05,-0.0011111111 -0.0011111111 -0.0011111111,-0.01 -0.01 -0.01,-1 -1 -1,255
255,11111111,11111111,-6.1035156E-05 -6.1035156E-05 -6.1035156E-05 -6.1035156E-05,-0.0011111111 -0.0011111111 -0.0011111111,-0.01 -0.01 -0.01,-1 -1 -1,255
255,11111111,11111111,-6.1035156E-05 -6.1035156E-05 -6.1035156E-05 -6.1035156E-05,-0.0011111111 -0.0011111111 -0.0011111111,-0.01 -0.01 -0.01,-1 -1 -1,255
255,11111111,11111111,-6.1035156E-05 -6.1035156E-05 -6.1035156E-05 -6.1035156E-05,-0.0011111111 -0.0011111111 -0.0011111111,-0.01 -0.01 -0.01,-1 -1 -1,255
255,11111111,11111111,-6.1035156E-05 -6.1035156E-05 -6.1035156E-05 -6.1035156E-05,-0.0011111111 -0.0011111111 -0.0011111111,-0.01 -0.01 -0.01,-1 -1 -1,255
255,11111111,11111111,-6.1035156E-05 -6.1035156E-05 -6.1035156E-05 -6.1035156E-05,-0.0011111111 -0.0011111111 -0.0011111111,-0.01 -0.01 -0.01,-1 -1 -1,255
255,11111111,11111111,-6.1035156E-05 -6.1035156E-05 -6.1035156E-05 -6.1035156E-05,-0.0011111111 -0.0011111111 -0.0011111111,-0.01 -0.01 -0.01,-1 -1 -1,255
255,11111111,11111111,-6.1035156E-05 -6.1035156E-05 -6.1035156E-05 -6.1035156E-05,-0.0011111111 -0.0011111111 -0.0011111111,-0.01 -0.01 -0.01,-1 -1 -1,255
255,11111111,11111111,-6.1035156E-05 -6.1035156E-05 -6.1035156E-05 -6.1035156E-05,-0.0011111111 -0.0011111111 -0.0011111111,-0.01 -0.01 -0.01,-1 -1 -1,255
255,11111111,11111111,-6.1035156E-05 -6.1035156E-05 -6.1035156E-05 -6.1035156E-05,-0.0011111111 -0.0011111111 -0.0011111111,-0.01 -0.01 -0.01,-1 -1 -1,255
255,11111111,11111111,-6.1035156E-05 -6.1035156E-05 -6.1035156E-05 -6.1035156E-05,-0.0011111111 -0.0011111111 -0.0011111111,-0.01 -0.01 -0.01,-1 -1 -1,255
255,11111111,11111111,-6.1035156E-05 -6.1035156E-05 -6.1035156E-05 -6.1035156E-05,-0.0011111111 -0.0011111111 -0.0011111111,-0.01 -0.01 -0.01,-1 -1 -1,255
255,11111111,11111111,-6.1035156E-05 -6.1035156E-05 -6.1035156E-05 -6.1035156E-05,-0.0011111111 -0.0011111111 -0.0011111111,-0.01 -0.01 -0.01,-1 -1 -1,255
255,11111111,11111111,-6.1035156E-05 -6.1035156E-05 -6.1035156E-05 -6.1035156E-05,-0.0011111111 -0.0011111111 -0.0011111111,-0.01 -0.01 -0.01,-1 -1 -1,255
255,11111111,11111111,-6.1035156E-05 -6.1035156E-05 -6.1035156E-05 -6.1035156E-05,-0.0011111111 -0.0011111111 -0.0011111111,-0.01 -0.01 -0.01,-1 -1 -1,255
255,11111111,11111111,-6.1035156E-05 -6.1035156E-05 -6.1035156E-05 -6.1035156E-05,-0.0011111111 -0.0011111111 -0.0011111111,-0.01 -0.01 -0.01,-1 -1 -1,255
255,11111111,11111111,-6.1035156E-05 -6.1035156E-05 -6.1035156E-05 -6.1035156E-05,-0.0011111111 -0.0011111111 -0.0011111111,-0.01 -0.01 -0.01,-1 -1 -1,255
255,11111111,11111111,-6.1035156E-05 -6.1035156E-05 -6.1035156E-05 -6.1035156E-05,-0.0011111111 -0.0011111111 -0.0011111111,-0.01 -0.01 -0.01,-1 -1 -1,255
255,11111111,11111111,-6.1035156E-05 -6.1035156E-05 -6.1035156E-05 -6.1035156E-05,-0.0011111111 -0.0011111111 -0.0011111111,-0.01 -0.01 -0.01,-1 -1 -1,255
255,11111111,11111111,-6.1035156E-05 -6.1035156E-05 -6.1035156E-05 -6.1035156E-05,-0.0011111111 -0.0011111111 -0.0011111111,-0.01 -0.01 -0.01,-1 -1 -1,255
255,11111111,11111111,-6.1035156E-05 -6.1035156E-05 -6.1035156E-05 -6.1035156E-05,-0.0011111111 -0.0011111111 -0.0011111111,-0.01 -0.01 -0.01,-1 -1 -1,255
255,11111111,11111111,-6.1035156E-05 -6.1035156E-05 -6.1035156E-05 -6.1035156E-05,-0.0011111111 -0.0011111111 -0.0011111111,-0.01 -0.01 -0.01,-1 -1 -1,255
255,11111111,11111111,-6.1035156E-05 -6.1035156E-05 -6.1035156E-05 -6.1035156E-05,-0.0011111111 -0.0011111111 -0.0011111111,-0.01 -0.01 -0.01,-1 -1 -1,255
255,11111111,11111111,-6.1035156E-05 -6.1035156E-05 -6.1035156E-05 -6.1035156E-05,-0.0011111111 -0.0011111111 -0.0011111111,-0.01 -0.01 -0.01,-1 -1 -1,255
255,11111111,11111111,-6.1035156E-05 -6.1035156E-05 -6.1035156E-05 -6.1035156E-05,-0.0011111111 -0.0011111111 -0.0011111111,-0.01 -0.01 -0.01,-1 -1 -1,255
255,11111111,11111111,-6.1035156E-05 -6.1035156E-05 -6.1035156E-05 -6.1035156E-05,-0.0011111111 -0.0011111111 -0.0011111111,-0.01 -0.01 -0.01,-1 -1 -1,255
255,11111111,11111111,-6.1035156E-05 -6.1035156E-05 -6.1035156E-05 -6.1035156E-05,-0.0011111111 -0.0011111111 -0.0011111111,-0.01 -0.01 -0.01,-1 -1 -1,255
255,11111111,11111111,-6.1035156E-05 -6.1035156E-05 -6.1035156E-05 -6.1035156E-05,-0.0011111111 -0.0011111111 -0.0011111111,-0.01 -0.01 -0.01,-1 -1 -1,255
255,11111111,11111111,-6.1035156E-05 -6.1035156E-05 -6.1035156E-05 -6.1035156E-05,-0.0011111111 -0.0011111111 -0.0011111111,-0.01 -0.01 -0.01,-1 -1 -1,255
255,11111111,11111111,-6.1035156E-05 -6.1035156E-05 -6.1035156E-05 -6.1035156E-05,-0.0011111111 -0.0011111111 -0.0011111111,-0.01 -0.01 -0.01,-1 -1 -1,255
255,11111111,11111111,-6.1035156E-05 -6.1035156E-05 -6.1035156E-05 -6.1035156E-05,-0.0011111111 -0.0011111111 -0.0011111111,-0.01 -0.01 -0.01,-1 -1 -1,255
255,11111111,11111111,-6.1035156E-05 -6.1035156E-05 -6.1035156E-05 -6.1035156E-05,-0.0011111111 -0.0011111111 -0.0011111111,-0.01 -0.01 -0.01,-1 -1 -1,255
255,11111111,11111111,-6.1035156E-05 -6.1035156E-05 -6.1035156E-05 -6.1035156E-05,-0.0011111111 -0.0011111111 -0.0011111111,-0.01 -0.01 -0.01,-1 -1 -1,255
255,11111111,11111111,-6.1035156E-05 -6.1035156E-05 -6.1035156E-05 -6.1035156E-05,-0.0011111111 -0.0011111111 -0.0011111111,-0.01 -0.01 -0.01,-1 -1 -1,255
255,11111111,11111111,-6.1035156E-05 -6.1035156E-05 -6.1035156E-05 -6.1035156E-05,-0.0011111111 -0.0011111111 -0.0011111111,-0.01 -0.01 -0.01,-1 -1 -1,255
255,11111111,11111111,-6.1035156E-05 -6.1035156E-05 -6.1035156E-05 -6.1035156E-05,-0.0011111111 -0.0011111111 -0.0011111111,-0.01 -0.01 -0.01,-1 -1 -1,255
255,11111111,11111111,-6.1035156E-05 -6.1035156E-05 -6.1035156E-05 -6.1035156E-05,-0.0011111111 -0.0011111111 -0.0011111111,-0.01 -0.01 -0.01,-1 -1 -1,255
255,11111111,11111111,-6.1035156E-05 -6.1035156E-05 -6.1035156E-05 -6.1035156E-05,-0.0011111111 -0.0011111111 -0.0011111111,-0.01 -0.01 -0.01,-1 -1 -1,255
255,11111111,11111111,-6.1035156E-05 -6.1035156E-05 -6.1035156E-05 -6.1035156E-05,-0.0011111111 -0.0011111111 -0.0011111111,-0.01 -0.01 -0.01,-1 -1 -1,255
255,11111111,11111111,-6.1035156E-05 -6.1035156E-05 -6.1035156E-05 -6.1035156E-05,-0.0011111111 -0.0011111111 -0.0011111111,-0.01 -0.01 -0.01,-1 -1 -1,255
255,11111111,11111111,-6.1035156E-05 -6.1035156E-05 -6.1035156E-05 -6.1035156E-05,-0.0011111111 -0.0011111111 -0.0011111111,-0.01 -0.01 -0.01,-1 -1 -1,255
255,11111111,11111111,-6.1035156E-05 -6.1035156E-05 -6.1035156E-05 -6.1035156E-05,-0.0011111111 -0.0011111111 -0.0011111111,-0.01 -0.01 -0.01,-1 -1 -1,255
255,11111111,11111111,-6.1035156E-05 -6.1035156E-05 -6.1035156E-05 -6.1035156E-05,-0.0011111111 -0.0011111111 -0.0011111111,-0.01 -0.01 -0.01,-1 -1 -1,255
255,11111111,11111111,-6.1035156E-05 -6.1035156E-05 -6.1035156E-05 -6.1035156E-05,-0.0011111111 -0.0011111111 -0.0011111111,-0.01 -0.01 -0.01,-1 -1 -1,255
255,11111111,11111111,-6.1035156E-05 -6.1035156E-05 -6.1035156E-05 -6.1035156E-05,-0.0011111111 -0.0011111111 -0.0011111111,-0.01 -0.01 -0.01,-1 -1 -1,255
255,11111111,11111111,-6.1035156E-05 -6.1035156E-05 -6.1035156E-05 -6.1035156E-05,-0.0011111111 -0.0011111111 -0.0011111111,-0.01 -0.01 -0.01,-1 -1 -1,255
255,11111111,11111111,-6.1035156E-05 -6.1035156E-05 -6.1035156E-05 -6.1035156E-05,-0.0011111111 -0.0011111111 -0.0011111111,-0.01 -0.01 -0.01,-1 -1 -1,255
255,11111111,11111111,-6.1035156E-05 -6.1035156E-05 -6.1035156E-05 -6.1035156E-05,-0.0011111111 -0.0011111111 -0.0011111111,-0.01 -0.01 -0.01,-1 -1 -1,255
255,11111111,11111111,-6.1035156E-05 -6.1035156E-05 -6.1035156E-05 -6.1035156E-05,-0.0011111111 -0.0011111111 -0.0011111111,-0.01 -0.01 -0.01,-1 -1 -1,255
255,11111111,11111111,-6.1035156E-05 -6.1035156E-05 -6.1035156E-05 -6.1035156E-05,-0.0011111111 -0.0011111111 -0.0011111111,-0.01 -0.01 -0.01,-1 -1 -1,255
255,11111111,11111111,-6.1035156E-05 -6.1035156E-05 -6.1035156E-05 -6.1035156E-05,-0.0011111111 -0.0011111111 -0.0011111111,-0.01 -0.01 -0.01,-1 -1 -1,255
255,11111111,11111111,-6.1035156E-05 -6.1035156E-05 -6.1035156E-05 -6.1035156E-05,-0.0011111111 -0.0011111111 -0.0011111111,-0.01 -0.01 -0.01,-1 -1 -1,255
255,11111111,11111111,-6.1035156E-05 -6.1035156E-05 -6.1035156E-05 -6.1035156E-05,-0.0011111111 -0.0011111111 -0.0011111111,-0.01 -0.01 -0.01,-1 -1 -1,255
255,11111111,11111111,-6.1035156E-05 -6.1035156E-05 -6.1035156E-05 -6.1035156E-05,-0.0011111111 -0.0011111111 -0.0011111111,-0.01 -0.01 -0.01,-1 -1 -1,255
255,11111111,11111111,-6.1035156E-05 -6.1035156E-05 -6.1035156E-05 -6.1035156E-05,-0.0011111111 -0.0011111111 -0.0011111111,-0.01 -0.01 -0.01,-1 -1 -1,255
255,11111111,11111111,-6.1035156E-05 -6.1035156E-05 -6.1035156E-05 -6.1035156E-05,-0.0011111111 -0.0011111111 -0.0011111111,-0.01 -0.01 -0.01,-1 -1 -1,255
255,11111111,11111111,-6.1035156E-05 -6.1035156E-05 -6.1035156E-05 -6.1035156E-05,-0.0011111111 -0.0011111111 -0.0011111111,-0.01 -0.01 -0.01,-1 -1 -1,255
255,11111111,11111111,-6.1035156E-05 -6.1035156E-05 -6.1035156E-05 -6.1035156E-05,-0.0011111111 -0.0011111111 -0.0011111111,-0.01 -0.01 -0.01,-1 -1 -1,255
255,11111111,11111111,-6.1035156E-05 -6.1035156E-05 -6.1035156E-05 -6.1035156E-05,-0.0011111111 -0.0011111111 -0.0011111111,-0.01 -0.01 -0.01,-1 -1 -1,255
255,11111111,11111111,-6.1035156E-05 -6.1035156E-05 -6.1035156E-05 -6.1035156E-05,-0.0011111111 -0.0011111111 -0.0011111111,-0.01 -0.01 -0.01,-1 -1 -1,255
255,11111111,11111111,-6.1035156E-05 -6.1035156E-05 -6.1035156E-05 -6.1035156E-05,-0.0011111111 -0.0011111111 -0.0011111111,-0.01 -0.01 -0.01,-1 -1 -1,255
255,11111111,11111111,-6.1035156E-05 -6.1035156E-05 -6.1035156E-05 -6.1035156E-05,-0.0011111111 -0.0011111111 -0.0011111111,-0.01 -0.01 -0.01,-1 -1 -1,255
255,11111111,11111111,-6.1035156E-05 -6.1035156E-05 -6.1035156E-05 -6.1035156E-05,-0.0011111111 -0.0011111111 -0.0011111111,-0.01 -0.01 -0.01,-1 -1 -1,255
255,11111111,11111111,-6.1035156E-05 -6.1035156E-05 -6.1035156E-05 -6.1035156E-05,-0.0011111111 -0.0011111111 -0.0011111111,-0.01 -0.01 -0.01,-1 -1 -1,255
255,11111111,11111111,-6.1035156E-05 -6.1035156E-05 -6.1035156E-05 -6.1035156E-05,-0.0011111111 -0.0011111111 -0.0011111111,-0.01 -0.01 -0.01,-1 -1 -1,255
255,11111111,11111111,-6.1035156E-05 -6.1035156E-05 -6.1035156E-05 -6.1035156E-05,-0.0011111111 -0.0011111111 -0.0011111111,-0.01 -0.01 -0.01,-1 -1 -1,255
255,11111111,11111111,-6.1035156E-05 -6.1035156E-05 -6.1035156E-05 -6.1035156E-05,-0.0011111111 -0.0011111111 -0.0011111111,-0.01 -0.01 -0.01,-1 -1 -1,255
255,11111111,11111111,-6.1035156E-05 -6.1035156E-05 -6.1035156E-05 -6.1035156E-05,-0.0011111111 -0.0011111111 -0.0011111111,-0.01 -0.01 -0.01,-1 -1 -1,255
255,11111111,11111111,-6.1035156E-05 -6.1035156E-05 -6.1035156E-05 -6.1035156E-05,-0.0011111111 -0.0011111111 -0.0011111111,-0.01 -0.01 -0.01,-1 -1 -1,255
255,11111111,11111111,-6.1035156E-05 -6.1035156E-05 -6.1035156E-05 -6.1035156E-05,-0.0011111111 -0.0011111111 -0.0011111111,-0.01 -0.01 -0.01,-1 -1 -1,255
255,11111111,11111111,-6.1035156E-05 -6.1035156E-05 -6.1035156E-05 -6.1035156E-05,-0.0011111111 -0.0011111111 -0.0011111111,-0.01 -0.01 -0.01,-1 -1 -1,255
255,11111111,11111111,-6.1035156E-05 -6.1035156E-05 -6.1035156E-05 -6.1035156E-05,-0.0011111111 -0.0011111111 -0.0011111111,-0.01 -0.01 -0.01,-1 -1 -1,255
255,11111111,11111111,-6.1035156E-05 -6.1035156E-05 -6.1035156E-05 -6.1035156E-05,-0.0011111111 -0.0011111111 -0.0011111111,-0.01 -0.01 -0.01,-1 -1 -1,255
255,11111111,11111111,-6.1035156E-05 -6.1035156E-05 -6.1035156E-05 -6.1035156E-05,-0.0011111111 -0.0011111111 -0.0011111111,-0.01 -0.01 -0.01,-1 -1 -1,255
255,11111111,11111111,-6.1035156E-05 -6.1035156E-05 -6.1035156E-05 -6.1035156E-05,-0.0011111111 -0.0011111111 -0.0011111111,-0.01 -0.01 -0.01,-1 -1 -1,255
255,11111111,11111111,-6.1035156E-05 -6.1035156E-05 -6.1035156E-05 -6.1035156E-05,-0.0011111111 -0.0011111111 -0.0011111111,-0.01 -0.01 -0.01,-1 -1 -1,255
255,11111111,11111111,-6.1035156E-05 -6.1035156E-05 -6.1035156E-05 -6.1035156E-05,-0.0011111111 -0.0011111111 -0.0011111111,-0.01 -0.01 -0.01,-1 -1 -1,255
255,11111111,11111111,-6.1035156E-05 -6.1035156E-05 -6.1035156E-05 -6.1035156E-05,-0.0011111111 -0.0011111111 -0.0011111111,-0.01 -0.01 -0.01,-1 -1 -1,255
255,11111111,11111111,-6.1035156E-05 -6.1035156E-05 -6.1035156E-05 -6.1035156E-05,-0.0011111111 -0.0011111111 -0.0011111111,-0.01 -0.01 -0.01,-1 -1 -1,255
255,11111111,11111111,-6.1035156E-05 -6.1035156E-05 -6.1035156E-05 -6.1035156E-05,-0.0011111111 -0.0011111111 -0.0011111111,-0.01 -0.01 -0.01,-1 -1 -1,255
255,11111111,11111111,-6.1035156E-05 -6.1035156E-05 -6.1035156E-05 -6.1035156E-05,-0.0011111111 -0.0011111111 -0.0011111111,-0.01 -0.01 -0.01,-1 -1 -1,255
255,11111111,11111111,-6.1035156E-05 -6.1035156E-05 -6.1035156E-05 -6.1035156E-05,-0.0011111111 -0.0011111111 -0.0011111111,-0.01 -0.01 -0.01,-1 -1 -1,255
255,11111111,11111111,-6.1035156E-05 -6.1035156E-05 -6.1035156E-05 -6.1035156E-05,-0.0011111111 -0.0011111111 -0.0011111111,-0.01 -0.01 -0.01,-1 -1 -1,255
255,11111111,11111111,-6.1035156E-05 -6.1035156E-05 -6.1035156E-05 -6.1035156E-05,-0.0011111111 -0.0011111111 -0.0011111111,-0.01 -0.01 -0.01,-1 -1 -1,255
255,11111111,11111111,-6.1035156E-05 -6.1035156E-05 -6.1035156E-05 -6.1035156E-05,-0.0011111111 -0.0011111111 -0.0011111111,-0.01 -0.01 -0.01,-1 -1 -1,255
255,11111111,11111111,-6.1035156E-05 -6.1035156E-05 -6.1035156E-05 -6.1035156E-05,-0.0011111111 -0.0011111111 -0.0011111111,-0.01 -0.01 -0.01,-1 -1 -1,255
255,11111111,11111111,-6.1035156E-05 -6.1035156E-05 -6.1035156E-05 -6.1035156E-05,-0.0011111111 -0.0011111111 -0.0011111111,-0.01 -0.01 -0.01,-1 -1 -1,255
255,11111111,11111111,-6.1035156E-05 -6.1035156E-05 -6.1035156E-05 -6.1035156E-05,-0.0011111111 -0.0011111111 -0.0011111111,-0.01 -0.01 -0.01,-1 -1 -1,255
255,11111111,11111111,-6.1035156E-05 -6.1035156E-05 -6.1035156E-05 -6.1035156E-05,-0.0011111111 -0.0011111111 -0.0011111111,-0.01 -0.01 -0.01,-1 -1 -1,255
255,11111111,11111111,-6.1035156E-05 -6.1035156E-05 -6.1035156E-05 -6.1035156E-05,-0.0011111111 -0.0011111111 -0.0011111111,-0.01 -0.01 -0.01,-1 -1 -1,255
255,11111111,11111111,-6.1035156E-05 -6.1035156E-05 -6.1035156E-05 -6.1035156E-05,-0.0011111111 -0.0011111111 -0.0011111111,-0.01 -0.01 -0.01,-1 -1 -1,255
255,11111111,11111111,-6.1035156E-05 -6.1035156E-05 -6.1035156E-05 -6.1035156E-05,-0.0011111111 -0.0011111111 -0.0011111111,-0.01 -0.01 -0.01,-1 -1 -1,255
255,11111111,11111111,-6.1035156E-05 -6.1035156E-05 -6.1035156E-05 -6.1035156E-05,-0.0011111111 -0.0011111111 -0.0011111111,-0.01 -0.01 -0.01,-1 -1 -1,255
255,11111111,11111111,-6.1035156E-05 -6.1035156E-05 -6.1035156E-05 -6.1035156E-05,-0.0011111111 -0.0011111111 -0.0011111111,-0.01 -0.01 -0.01,-1 -1 -1,255
255,11111111,11111111,-6.1035156E-05 -6.1035156E-05 -6.1035156E-05 -6.1035156E-05,-0.0011111111 -0.0011111111 -0.0011111111,-0.01 -0.01 -0.01,-1 -1 -1,255
255,11111111,11111111,-6.1035156E-05 -6.1035156E-05 -6.1035156E-05 -6.1035156E-05,-0.0011111111 -0.0011111111 -0.0011111111,-0.01 -0.01 -0.01,-1 -1 -1,255
255,11111111,11111111,-6.1035156E-05 -6.1035156E-05 -6.1035156E-05 -6.1035156E-05,-0.0011111111 -0.0011111111 -0.0011111111,-0.01 -0.01 -0.01,-1 -1 -1,255
255,11111111,11111111,-6.1035156E-05 -6.1035156E-05 -6.1035156E-05 -6.1035156E-05,-0.0011111111 -0.0011111111 -0.0011111111,-0.01 -0.01 -0.01,-1 -1 -1,255
255,11111111,11111111,-6.1035156E-05 -6.1035156E-05 -6.1035156E-05 -6.1035156E-05,-0.0011111111 -0.0011111111 -0.0011111111,-0.01 -0.01 -0.01,-1 -1 -1,255
255,11111111,11111111,-6.1035156E-05 -6.1035156E-05 -6.1035156E-05 -6.1035156E-05,-0.0011111111 -0.0011111111 -0.0011111111,-0.01 -0.01 -0.01,-1 -1 -1,255
255,11111111,11111111,-6.1035156E-05 -6.1035156E-05 -6.1035156E-05 -6.1035156E-05,-0.0011111111 -0.0011111111 -0.0011111111,-0.01 -0.01 -0.01,-1 -1 -1,255
255,11111111,11111111,-6.1035156E-05 -6.1035156E-05 -6.1035156E-05 -6.1035156E-05,-0.0011111111 -0.0011111111 -0.0011111111,-0.01 -0.01 -0.01,-1 -1 -1,255
255,11111111,11111111,-6.1035156E-05 -6.1035156E-05 -6.1035156E-05 -6.1035156E-05,-0.0011111111 -0.0011111111 -0.0011111111,-0.01 -0.01 -0.01,-1 -1 -1,255
255,11111111,11111111,-6.1035156E-05 -6.1035156E-05 -6.1035156E-05 -6.1035156E-05,-0.0011111111 -0.0011111111 -0.0011111111,-0.01 -0.01 -0.01,-1 -1 -1,255
255,11111111,11111111,-6.1035156E-05 -6.1035156E-05 -6.1035156E-05 -6.1035156E-05,-0.0011111111 -0.0011111111 -0.0011111111,-0.01 -0.01 -0.01,-1 -1 -1,255
255,11111111,11111111,-6.1035156E-05 -6.1035156E-05 -6.1035156E-05 -6.1035156E-05,-0.0011111111 -0.0011111111 -0.0011111111,-0.01 -0.01 -0.01,-1 -1 -1,255
255,11111111,11111111,-6.1035156E-05 -6.1035156E-05 -6.1035156E-05 -6.1035156E-05,-0.0011111111 -0.0011111111 -0.0011111111,-0.01 -0.01 -0.01,-1 -1 -1,255
255,11111111,11111111,-6.1035156E-05 -6.1035156E-05 -6.1035156E-05 -6.1035156E-05,-0.0011111111 -0.0011111111 -0.0011111111,-0.01 -0.01 -0.01,-1 -1 -1,255
255,11111111,11111111,-6.1035156E-05 -6.1035156E-05 -6.1035156E-05 -6.1035156E-05,-0.0011111111 -0.0011111111 -0.0011111111,-0.01 -0.01 -0.01,-1 -1 -1,255
255,11111111,11111111,-6.1035156E-05 -6.1035156E-05 -6.1035156E-05 -6.1035156E-05,-0.0011111111 -0.0011111111 -0.0011111111,-0.01 -0.01 -0.01,-1 -1 -1,255
255,11111111,11111111,-6.1035156E-05 -6.1035156E-05 -6.1035156E-05 -6.1035156E-05,-0.0011111111 -0.0011111111 -0.0011111111,-0.01 -0.01 -0.01,-1 -1 -1,255
255,11111111,11111111,-6.1035156E-05 -6.1035156E-05 -6.1035156E-05 -6.1035156E-05,-0.0011111111 -0.0011111111 -0.0011111111,-0.01 -0.01 -0.01,-1 -1 -1,255
255,11111111,11111111,-6.1035156E-05 -6.1035156E-05 -6.1035156E-05 -6.1035156E-05,-0.0011111111 -0.0011111111 -0.0011111111,-0.01 -0.01 -0.01,-1 -1 -1,255
255,11111111,11111111,-6.1035156E-05 -6.1035156E-05 -6.1035156E-05 -6.1035156E-05,-0.0011111111 -0.0011111111 -0.0011111111,-0.01 -0.01 -0.01,-1 -1 -1,255
255,11111111,11111111,-6.1035156E-05 -6.1035156E-05 -6.1035156E-05 -6.1035156E-05,-0.0011111111 -0.0011111111 -0.0011111111,-0.01 -0.01 -0.01,-1 -1 -1,255
255,11111111,11111111,-6.1035156E-05 -6.1035156E-05 -6.1035156E-05 -6.1035156E-05,-0.0011111111 -0.0011111111 -0.0011111111,-0.01 -0.01 -0.01,-1 -1 -1,255
255,11111111,11111111,-6.1035156E-05 -6.1035156E-05 -6.1035156E-05 -6.1035156E-05,-0.0011111111 -0.0011111111 -0.0011111111,-0.01 -0.01 -0.01,-1 -1 -1,255
255,11111111,11111111,-6.1035156E-05 -6.1035156E-05 -6.1035156E-05 -6.1035156E-05,-0.0011111111 -0.0011111111 -0.0011111111,-0.01 -0.01 -0.01,-1 -1 -1,255
255,11111111,11111111,-6.1035156E-05 -6.1035156E-05 -6.1035156E-05 -6.1035156E-05,-0.0011111111 -0.0011111111 -0.0011111111,-0.01 -0.01 -0.01,-1 -1 -1,255
255,11111111,11111111,-6.1035156E-05 -6.1035156E-05 -6.1035156E-05 -6.1035156E-05,-0.0011111111 -0.0011111111 -0.0011111111,-0.01 -0.01 -0.01,-1 -1 -1,255
255,11111111,11111111,-6.1035156E-05 -6.1035156E-05 -6.1035156E-05 -6.1035156E-05,-0.0011111111 -0.0011111111 -0.0011111111,-0.01 -0.01 -0.01,-1 -1 -1,255
255,11111111,11111111,-6.1035156E-05 -6.1035156E-05 -6.1035156E-05 -6.1035156E-05,-0.0011111111 -0.0011111111 -0.0011111111,-0.01 -0.01 -0.01,-1 -1 -1,255
255,11111111,11111111,-6.1035156E-05 -6.1035156E-05 -6.1035156E-05 -6.1035156E-05,-0.0011111111 -0.0011111111 -0.0011111111,-0.01 -0.01 -0.01,-1 -1 -1,255
255,11111111,11111111,-6.1035156E-05 -6.1035156E-05 -6.1035156E-05 -6.1035156E-05,-0.0011111111 -0.0011111111 -0.0011111111,-0.01 -0.01 -0.01,-1 -1 -1,255
255,11111111,11111111,-6.1035156E-05 -6.1035156E-05 -6.1035156E-05 -6.1035156E-05,-0.0011111111 -0.0011111111 -0.0011111111,-0.01 -0.01 -0.01,-1 -1 -1,255
255,11111111,11111111,-6.1035156E-05 -6.1035156E-05 -6.1035156E-05 -6.1035156E-05,-0.0011111111 -0.0011111111 -0.0011111111,-0.01 -0.01 -0.01,-1 -1 -1,255
255,11111111,11111111,-6.1035156E-05 -6.1035156E-05 -6.1035156E-05 -6.1035156E-05,-0.0011111111 -0.0011111111 -0.0011111111,-0.01 -0.01 -0.01,-1 -1 -1,255
255,11111111,11111111,-6.1035156E-05 -6.1035156E-05 -6.1035156E-05 -6.1035156E-05,-0.0011111111 -0.0011111111 -0.0011111111,-0.01 -0.01 -0.01,-1 -1 -1,255
255,11111111,11111111,-6.1035156E-05 -6.1035156E-05 -6.1035156E-05 -6.1035156E-05,-0.0011111111 -0.0011111111 -0.0011111111,-0.01 -0.01 -0.01,-1 -1 -1,255
255,11111111,11111111,-6.1035156E-05 -6.1035156E-05 -6.1035156E-05 -6.1035156E-05,-0.0011111111 -0.0011111111 -0.0011111111,-0.01 -0.01 -0.01,-1 -1 -1,255
255,11111111,11111111,-6.1035156E-05 -6.1035156E-05 -6.1035156E-05 -6.1035156E-05,-0.0011111111 -0.0011111111 -0.0011111111,-0.01 -0.01 -0.01,-1 -1 -1,255
255,11111111,11111111,-6.1035156E-05 -6.1035156E-05 -6.1035156E-05 -6.1035156E-05,-0.0011111111 -0.0011111111 -0.0011111111,-0.01 -0.01 -0.01,-1 -1 -1,255
255,11111111,11111111,-6.1035156E-05 -6.1035156E-05 -6.1035156E-05 -6.1035156E-05,-0.0011111111 -0.0011111111 -0.0011111111,-0.01 -0.01 -0.01,-1 -1 -1,255
255,11111111,11111111,-6.1035156E-05 -6.1035156E-05 -6.1035156E-05 -6.1035156E-05,-0.0011111111 -0.0011111111 -0.0011111111,-0.01 -0.01 -0.01,-1 -1 -1,255
255,11111111,11111111,-6.1035156E-05 -6.1035156E-05 -6.1035156E-05 -6.1035156E-05,-0.0011111111 -0.0011111111 -0.0011111111,-0.01 -0.01 -0.01,-1 -1 -1,255
255,11111111,11111111,-6.1035156E-05 -6.1035156E-05 -6.1035156E-05 -6.1035156E-05,-0.0011111111 -0.0011111111 -0.0011111111,-0.01 -0.01 -0.01,-1 -1 -1,255
255,11111111,11111111,-6.1035156E-05 -6.1035156E-05 -6.1035156E-05 -6.1035156E-05,-0.0011111111 -0.0011111111 -0.0011111111,-0.01 -0.01 -0.01,-1 -1 -1,255
255,11111111,11111111,-6.1035156E-05 -6.1035156E-05 -6.1035156E-05 -6.1035156E-05,-0.0011111111 -0.0011111111 -0.0011111111,-0.01 -0.01 -0.01,-1 -1 -1,255
255,11111111,11111111,-6.1035156E-05 -6.1035156E-05 -6.1035156E-05 -6.1035156E-05,-0.0011111111 -0.0011111111 -0.0011111111,-0.01 -0.01 -0.01,-1 -1 -1,255
255,11111111,11111111,-6.1035156E-05 -6.1035156E-05 -6.1035156E-05 -6.1035156E-05,-0.0011111111 -0.0011111111 -0.0011111111,-0.01 -0.01 -0.01,-1 -1 -1,255
255,11111111,11111111,-6.1035156E-05 -6.1035156E-05 -6.1035156E-05 -6.1035156E-05,-0.0011111111 -0.0011111111 -0.0011111111,-0.01 -0.01 -0.01,-1 -1 -1,255
255,11111111,11111111,-6.1035156E-05 -6.1035156E-05 -6.1035156E-05 -6.1035156E-05,-0.0011111111 -0.0011111111 -0.0011111111,-0.01 -0.01 -0.01,-1 -1 -1,255
255,11111111,11111111,-6.1035156E-05 -6.1035156E-05 -6.1035156E-05 -6.1035156E-05,-0.0011111111 -0.0011111111 -0.0011111111,-0.01 -0.01 -0.01,-1 -1 -1,255
255,11111111,11111111,-6.1035156E-05 -6.1035156E-05 -6.1035156E-05 -6.1035156E-05,-0.0011111111 -0.0011111111 -0.0011111111,-0.01 -0.01 -0.01,-1 -1 -1,255
255,11111111,11111111,-6.1035156E-05 -6.1035156E-05 -6.1035156E-05 -6.1035156E-05,-0.0011111111 -0.0011111111 -0.0011111111,-0.01 -0.01 -0.01,-1 -1 -1,255
255,11111111,11111111,-6.1035156E-05 -6.1035156E-05 -6.1035156E-05 -6.1035156E-05,-0.0011111111 -0.0011111111 -0.0011111111,-0.01 -0.01 -0.01,-1 -1 -1,255
255,11111111,11111111,-6.1035156E-05 -6.1035156E-05 -6.1035156E-05 -6.1035156E-05,-0.0011111111 -0.0011111111 -0.0011111111,-0.01 -0.01 -0.01,-1 -1 -1,255
255,11111111,11111111,-6.1035156E-05 -6.1035156E-05 -6.1035156E-05 -6.1035156E-05,-0.0011111111 -0.0011111111 -0.0011111111,-0.01 -0.01 -0.01,-1 -1 -1,255
255,11111111,11111111,-6.1035156E-05 -6.1035156E-05 -6.1035156E-05 -6.1035156E-05,-0.0011111111 -0.0011111111 -0.0011111111,-0.01 -0.01 -0.01,-1 -1 -1,255
255,11111111,11111111,-6.1035156E-05 -6.1035156E-05 -6.1035156E-05 -6.1035156E-05,-0.0011111111 -0.0011111111 -0.0011111111,-0.01 -0.01 -0.01,-1 -1 -1,255
255,11111111,11111111,-6.1035156E-05 -6.1035156E-05 -6.1035156E-05 -6.1035156E-05,-0.0011111111 -0.0011111111 -0.0011111111,-0.01 -0.01 -0.01,-1 -1 -1,255
255,11111111,11111111,-6.1035156E-05 -6.1035156E-05 -6.1035156E-05 -6.1035156E-05,-0.0011111111 -0.0011111111 -0.0011111111,-0.01 -0.01 -0.01,-1 -1 -1,255
255,11111111,11111111,-6.1035156E-05 -6.1035156E-05 -6.1035156E-05 -6.1035156E-05,-0.0011111111 -0.0011111111 -0.0011111111,-0.01 -0.01 -0.01,-1 -1 -1,255
255,11111111,11111111,-6.1035156E-05 -6.1035156E-05 -6.1035156E-05 -6.1035156E-05,-0.0011111111 -0.0011111111 -0.0011111111,-0.01 -0.01 -0.01,-1 -1 -1,255
255,11111111,11111111,-6.1035156E-05 -6.1035156E-05 -6.1035156E-05 -6.1035156E-05,-0.0011111111 -0.0011111111 -0.0011111111,-0.01 -0.01 -0.01,-1 -1 -1,255
255,11111111,11111111,-6.1035156E-05 -6.1035156E-05 -6.1035156E-05 -6.1035156E-05,-0.0011111111 -0.0011111111 -0.0011111111,-0.01 -0.01 -0.01,-1 -1 -1,255
255,11111111,11111111,-6.1035156E-05 -6.1035156E-05 -6.1035156E-05 -6.1035156E-05,-0.0011111111 -0.0011111111 -0.0011111111,-0.01 -0.01 -0.01,-1 -1 -1,255
255,11111111,11111111,-6.1035156E-05 -6.1035156E-05 -6.1035156E-05 -6.1035156E-05,-0.0011111111 -0.0011111111 -0.0011111111,-0.01 -0.01 -0.01,-1 -1 -1,255
255,11111111,11111111,-6.1035156E-05 -6.1035156E-05 -6.1035156E-05 -6.1035156E-05,-0.0011111111 -0.0011111111 -0.0011111111,-0.01 -0.01 -0.01,-1 -1 -1,255
255,11111111,11111111,-6.1035156E-05 -6.1035156E-05 -6.1035156E-05 -6.1035156E-05,-0.0011111111 -0.0011111111 -0.0011111111,-0.01 -0.01 -0.01,-1 -1 -1,255
255,11111111,11111111,-6.1035156E-05 -6.1035156E-05 -6.1035156E-05 -6.1035156E-05,-0.0011111111 -0.0011111111 -0.0011111111,-0.01 -0.01 -0.01,-1 -1 -1,255
255,11111111,11111111,-6.1035156E-05 -6.1035156E-05 -6.1035156E-05 -6.1035156E-05,-0.0011111111 -0.0011111111 -0.0011111111,-0.01 -0.01 -0.01,-1 -1 -1,255
255,11111111,11111111,-6.1035156E-05 -6.1035156E-05 -6.1035156E-05 -6.1035156E-05,-0.0011111111 -0.0011111111 -0.0011111111,-0.01 -0.01 -0.01,-1 -1 -1,255
255,11111111,11111111,-6.1035156E-05 -6.1035156E-05 -6.1035156E-05 -6.1035156E-05,-0.0011111111 -0.0011111111 -0.0011111111,-0.01 -0.01 -0.01,-1 -1 -1,255
255,11111111,11111111,-6.1035156E-05 -6.1035156E-05 -6.1035156E-05 -6.1035156E-05,-0.0011111111 -0.0011111111 -0.0011111111,-0.01 -0.01 -0.01,-1 -1 -1,255
255,11111111,11111111,-6.1035156E-05 -6.1035156E-05 -6.1035156E-05 -6.1035156E-05,-0.0011111111 -0.0011111111 -0.0011111111,-0.01 -0.01 -0.01,-1 -1 -1,255
255,11111111,11111111,-6.1035156E-05 -6.1035156E-05 -6.1035156E-05 -6.1035156E-05,-0.0011111111 -0.0011111111 -0.0011111111,-0.01 -0.01 -0.01,-1 -1 -1,255
255,11111111,11111111,-6.1035156E-05 -6.1035156E-05 -6.1035156E-05 -6.1035156E-05,-0.0011111111 -0.0011111111 -0.0011111111,-0.01 -0.01 -0.01,-1 -1 -1,255
255,11111111,11111111,-6.1035156E-05 -6.1035156E-05 -6.1035156E-05 -6.1035156E-05,-0.0011111111 -0.0011111111 -0.0011111111,-0.01 -0.01 -0.01,-1 -1 -1,255
255,11111111,11111111,-6.1035156E-05 -6.1035156E-05 -6.1035156E-05 -6.1035156E-05,-0.0011111111 -0.0011111111 -0.0011111111,-0.01 -0.01 -0.01,-1 -1 -1,255
255,11111111,11111111,-6.1035156E-05 -6.1035156E-05 -6.1035156E-05 -6.1035156E-05,-0.0011111111 -0.0011111111 -0.0011111111,-0.01 -0.01 -0.01,-1 -1 -1,255
255,11111111,11111111,-6.1035156E-05 -6.1035156E-05 -6.1035156E-05 -6.1035156E-05,-0.0011111111 -0.0011111111 -0.0011111111,-0.01 -0.01 -0.01,-1 -1 -1,255
255,11111111,11111111,-6.1035156E-05 -6.1035156E-05 -6.1035156E-05 -6.1035156E-05,-0.0011111111 -0.0011111111 -0.0011111111,-0.01 -0.01 -0.01,-1 -1 -1,255
255,11111111,11111111,-6.1035156E-05 -6.1035156E-05 -6.1035156E-05 -6.1035156E-05,-0.0011111111 -0.0011111111 -0.0011111111,-0.01 -0.01 -0.01,-1 -1 -1,255
255,11111111,11111111,-6.1035156E-05 -6.1035156E-05 -6.1035156E-05 -6.1035156E-05,-0.0011111111 -0.0011111111 -0.0011111111,-0.01 -0.01 -0.01,-1 -1 -1,255
255,11111111,11111111,-6.1035156E-05 -6.1035156E-05 -6.1035156E-05 -6.1035156E-05,-0.0011111111 -0.0011111111 -0.0011111111,-0.01 -0.01 -0.01,-1 -1 -1,255
255,11111111,11111111,-6.1035156E-05 -6.1035156E-05 -6.1035156E-05 -6.1035156E-05,-0.0011111111 -0.0011111111 -0.0011111111,-0.01 -0.01 -0.01,-1 -1 -1,255
255,11111111,11111111,-6.1035156E-05 -6.1035156E-05 -6.1035156E-05 -6.1035156E-05,-0.0011111111 -0.0011111111 -0.0011111111,-0.01 -0.01 -0.01,-1 -1 -1,255
255,11111111,11111111,-6.1035156E-05 -6.1035156E-05 -6.1035156E-05 -6.1035156E-05,-0.0011111111 -0.0011111111 -0.0011111111,-0.01 -0.01 -0.01,-1 -1 -1,255
255,11111111,11111111,-6.1035156E-05 -6.1035156E-05 -6.1035156E-05 -6.1035156E-05,-0.0011111111 -0.0011111111 -0.0011111111,-0.01 -0.01 -0.01,-1 -1 -1,255
255,11111111,11111111,-6.1035156E-05 -6.1035156E-05 -6.1035156E-05 -6.1035156E-05,-0.0011111111 -0.0011111111 -0.0011111111,-0.01 -0.01 -0.01,-1 -1 -1,255
255,11111111,11111111,-6.1035156E-05 -6.1035156E-05 -6.1035156E-05 -6.1035156E-05,-0.0011111111 -0.0011111111 -0.0011111111,-0.01 -0.01 -0.01,-1 -1 -1,255
255,11111111,11111111,-6.1035156E-05 -6.1035156E-05 -6.1035156E-05 -6.1035156E-05,-0.0011111111 -0.0011111111 -0.0011111111,-0.01 -0.01 -0.01,-1 -1 -1,255
255,11111111,11111111,-6.1035156E-05 -6.1035156E-05 -6.1035156E-05 -6.1035156E-05,-0.0011111111 -0.0011111111 -0.0011111111,-0.01 -0.01 -0.01,-1 -1 -1,255
255,11111111,11111111,-6.1035156E-05 -6.1035156E-05 -6.1035156E-05 -6.1035156E-05,-0.0011111111 -0.0011111111 -0.0011111111,-0.01 -0.01 -0.01,-1 -1 -1,255
255,11111111,11111111,-6.1035156E-05 -6.1035156E-05 -6.1035156E-05 -6.1035156E-05,-0.0011111111 -0.0011111111 -0.0011111111,-0.01 -0.01 -0.01,-1 -1 -1,255
255,11111111,11111111,-6.1035156E-05 -6.1035156E-05 -6.1035156E-05 -6.1035156E-05,-0.0011111111 -0.0011111111 -0.0011111111,-0.01 -0.01 -0.01,-1 -1 -1,255
255,11111111,11111111,-6.1035156E-05 -6.1035156E-05 -6.1035156E-05 -6.1035156E-05,-0.0011111111 -0.0011111111 -0.0011111111,-0.01 -0.01 -0.01,-1 -1 -1,255
255,11111111,11111111,-6.1035156E-05 -6.1035156E-05 -6.1035156E-05 -6.1035156E-05,-0.0011111111 -0.0011111111 -0.0011111111,-0.01 -0.01 -0.01,-1 -1 -1,255
255,11111111,11111111,-6.1035156E-05 -6.1035156E-05 -6.1035156E-05 -6.1035156E-05,-0.0011111111 -0.0011111111 -0.0011111111,-0.01 -0.01 -0.01,-1 -1 -1,255
255,11111111,11111111,-6.1035156E-05 -6.1035156E-05 -6.1035156E-05 -6.1035156E-05,-0.0011111111 -0.0011111111 -0.0011111111,-0.01 -0.01 -0.01,-1 -1 -1,255
255,11111111,11111111,-6.1035156E-05 -6.1035156E-05 -6.1035156E-05 -6.1035156E-05,-0.0011111111 -0.0011111111 -0.0011111111,-0.01 -0.01 -0.01,-1 -1 -1,255
255,11111111,11111111,-6.1035156E-05 -6.1035156E-05 -6.1035156E-05 -6.1035156E-05,-0.0011111111 -0.0011111111 -0.0011111111,-0.01 -0.01 -0.01,-1 -1 -1,255
255,11111111,11111111,-6.1035156E-05 -6.1035156E-05 -6.1035156E-05 -6.1035156E-05,-0.0011111111 -0.0011111111 -0.0011111111,-0.01 -0.01 -0.01,-1 -1 -1,255
255,11111111,11111111,-6.1035156E-05 -6.1035156E-05 -6.1035156E-05 -6.1035156E-05,-0.0011111111 -0.0011111111 -0.0011111111,-0.01 -0.01 -0.01,-1 -1 -1,255
255,11111111,11111111,-6.1035156E-05 -6.1035156E-05 -6.1035156E-05 -6.1035156E-05,-0.0011111111 -0.0011111111 -0.0011111111,-0.01 -0.01 -0.01,-1 -1 -1,255
255,11111111,11111111,-6.1035156E-05 -6.1035156E-05 -6.1035156E-05 -6.1035156E-05,-0.0011111111 -0.0011111111 -0.0011111111,-0.01 -0.01 -0.01,-1 -1 -1,255
255,11111111,11111111,-6.1035156E-05 -6.1035156E-05 -6.1035156E-05 -6.1035156E-05,-0.0011111111 -0.0011111111 -0.0011111111,-0.01 -0.01 -0.01,-1 -1 -1,255
255,11111111,11111111,-6.1035156E-05 -6.1035156E-05 -6.1035156E-05 -6.1035156E-05,-0.0011111111 -0.0011111111 -0.0011111111,-0.01 -0.01 -0.01,-1 -1 -1,255
255,11111111,11111111,-6.1035156E-05 -6.1035156E-05 -6.1035156E-05 -6.1035156E-05,-0.0011111111 -0.0011111111 -0.0011111111,-0.01 -0.01 -0.01,-1 -1 -1,255
255,11111111,11111111,-6.1035156E-05 -6.1035156E-05 -6.1035156E-05 -6.1035156E-05,-0.0011111111 -0.0011111111 -0.0011111111,-0.01 -0.01 -0.01,-1 -1 -1,255
255,11111111,11111111,-6.1035156E-05 -6.1035156E-05 -6.1035156E-05 -6.1035156E-05,-0.0011111111 -0.0011111111 -0.0011111111,-0.01 -0.01 -0.01,-1 -1 -1,255
255,11111111,11111111,-6.1035156E-05 -6.1035156E-05 -6.1035156E-05 -6.1035156E-05,-0.0011111111 -0.0011111111 -0.0011111111,-0.01 -0.01 -0.01,-1 -1 -1,255
255,11111111,11111111,-6.1035156E-05 -6.1035156E-05 -6.1035156E-05 -6.1035156E-05,-0.0011111111 -0.0011111111 -0.0011111111,-0.01 -0.01 -0.01,-1 -1 -1,255
255,11111111,11111111,-6.1035156E-05 -6.1035156E-05 -6.1035156E-05 -6.1035156E-05,-0.0011111111 -0.0011111111 -0.0011111111,-0.01 -0.01 -0.01,-1 -1 -1,255
255,11111111,11111111,-6.1035156E-05 -6.1035156E-05 -6.1035156E-05 -6.1035156E-05,-0.0011111111 -0.0011111111 -0.0011111111,-0.01 -0.01 -0.01,-1 -1 -1,255
255,11111111,11111111,-6.1035156E-05 -6.1035156E-05 -6.1035156E-05 -6.1035156E-05,-0.0011111111 -0.0011111111 -0.0011111111,-0.01 -0.01 -0.01,-1 -1 -1,255
255,11111111,11111111,-6.1035156E-05 -6.1035156E-05 -6.1035156E-05 -6.1035156E-05,-0.0011111111 -0.0011111111 -0.0011111111,-0.01 -0.01 -0.01,-1 -1 -1,255
255,11111111,11111111,-6.1035156E-05 -6.1035156E-05 -6.1035156E-05 -6.1035156E-05,-0.0011111111 -0.0011111111 -0.0011111111,-0.01 -0.01 -0.01,-1 -1 -1,255
255,11111111,11111111,-6.1035156E-05 -6.1035156E-05 -6.1035156E-05 -6.1035156E-05,-0.0011111111 -0.0011111111 -0.0011111111,-0.01 -0.01 -0.01,-1 -1 -1,255
255,11111111,11111111,-6.1035156E-05 -6.1035156E-05 -6.1035156E-05 -6.1035156E-05,-0.0011111111 -0.0011111111 -0.0011111111,-0.01 -0.01 -0.01,-1 -1 -1,255
255,11111111,11111111,-6.1035156E-05 -6.1035156E-05 -6.1035156E-05 -6.1035156E-05,-0.0011111111 -0.0011111111 -0.0011111111,-0.01 -0.01 -0.01,-1 -1 -1,255
255,11111111,11111111,-6.1035156E-05 -6.1035156E-05 -6.1035156E-05 -6.1035156E-05,-0.0011111111 -0.0011111111 -0.0011111111,-0.01 -0.01 -0.01,-1 -1 -1,255
255,11111111,11111111,-6.1035156E-05 -6.1035156E-05 -6.1035156E-05 -6.1035156E-05,-0.0011111111 -0.0011111111 -0.0011111111,-0.01 -0.01 -0.01,-1 -1 -1,255
255,11111111,11111111,-6.1035156E-05 -6.1035156E-05 -6.1035156E-05 -6.1035156E-05,-0.0011111111 -0.0011111111 -0.0011111111,-0.01 -0.01 -0.01,-1 -1 -1,255
255,11111111,11111111,-6.1035156E-05 -6.1035156E-05 -6.1035156E-05 -6.1035156E-05,-0.0011111111 -0.0011111111 -0.0011111111,-0.01 -0.01 -0.01,-1 -1 -1,255
255,11111111,11111111,-6.1035156E-05 -6.1035156E-05 -6.1035156E-05 -6.1035156E-05,-0.0011111111 -0.0011111111 -0.0011111111,-0.01 -0.01 -0.01,-1 -1 -1,255
255,11111111,11111111,-6.1035156E-05 -6.1035156E-05 -6.1035156E-05 -6.1035156E-05,-0.0011111111 -0.0011111111 -0.0011111111,-0.01 -0.01 -0.01,-1 -1 -1,255
255,11111111,11111111,-6.1035156E-05 -6.1035156E-05 -6.1035156E-05 -6.1035156E-05,-0.0011111111 -0.0011111111 -0.0011111111,-0.01 -0.01 -0.01,-1 -1 -1,255
255,11111111,11111111,-6.1035156E-05 -6.1035156E-05 -6.1035156E-05 -6.1035156E-05,-0.0011111111 -0.0011111111 -0.0011111111,-0.01 -0.01 -0.01,-1 -1 -1,255
255,11111111,11111111,-6.1035156E-05 -6.1035156E-05 -6.1035156E-05 -6.1035156E-05,-0.0011111111 -0.0011111111 -0.0011111111,-0.01 -0.01 -0.01,-1 -1 -1,255
255,11111111,11111111,-6.1035156E-05 -6.1035156E-05 -6.1035156E-05 -6.1035156E-05,-0.0011111111 -0.0011111111 -0.0011111111,-0.01 -0.01 -0.01,-1 -1 -1,255
255,11111111,11111111,-6.1035156E-05 -6.1035156E-05 -6.1035156E-05 -6.1035156E-05,-0.0011111111 -0.0011111111 -0.0011111111,-0.01 -0.01 -0.01,-1 -1 -1,255
255,11111111,11111111,-6.1035156E-05 -6.1035156E-05 -6.1035156E-05 -6.1035156E-05,-0.0011111111 -0.0011111111 -0.0011111111,-0.01 -0.01 -0.01,-1 -1 -1,255
255,11111111,11111111,-6.1035156E-05 -6.1035156E-05 -6.1035156E-05 -6.1035156E-05,-0.0011111111 -0.0011111111 -0.0011111111,-0.01 -0.01 -0.01,-1 -1 -1,255
255,11111111,11111111,-6.1035156E-05 -6.1035156E-05 -6.1035156E-05 -6.1035156E-05,-0.0011111111 -0.0011111111 -0.0011111111,-0.01 -0.01 -0.01,-1 -1 -1,255
255,11111111,11111111,-6.1035156E-05 -6.1035156E-05 -6.1035156E-05 -6.1035156E-05,-0.0011111111 -0.0011111111 -0.0011111111,-0.01 -0.01 -0.01,-1 -1 -1,255
255,11111111,11111111,-6.1035156E-05 -6.1035156E-05 -6.1035156E-05 -6.1035156E-05,-0.0011111111 -0.0011111111 -0.0011111111,-0.01 -0.01 -0.01,-1 -1 -1,255
255,11111111,11111111,-6.1035156E-05 -6.1035156E-05 -6.1035156E-05 -6.1035156E-05,-0.0011111111 -0.0011111111 -0.0011111111,-0.01 -0.01 -0.01,-1 -1 -1,255
255,11111111,11111111,-6.1035156E-05 -6.1035156E-05 -6.1035156E-05 -6.1035156E-05,-0.0011111111 -0.0011111111 -0.0011111111,-0.01 -0.01 -0.01,-1 -1 -1,255
255,11111111,11111111,-6.1035156E-05 -6.1035156E-05 -6.1035156E-05 -6.1035156E-05,-0.0011111111 -0.0011111111 -0.0011111111,-0.01 -0.01 -0.01,-1 -1 -1,255
255,11111111,11111111,-6.1035156E-05 -6.1035156E-05 -6.1035156E-05 -6.1035156E-05,-0.0011111111 -0.0011111111 -0.0011111111,-0.01 -0.01 -0.01,-1 -1 -1,255
255,11111111,11111111,-6.1035156E-05 -6.1035156E-05 -6.1035156E-05 -6.1035156E-05,-0.0011111111 -0.0011111111 -0.0011111111,-0.01 -0.01 -0.01,-1 -1 -1,255
255,11111111,11111111,-6.1035156E-05 -6.1035156E-05 -6.1035156E-05 -6.1035156E-05,-0.0011111111 -0.0011111111 -0.0011111111,-0.01 -0.01 -0.01,-1 -1 -1,255
255,11111111,11111111,-6.1035156E-05 -6.1035156E-05 -6.1035156E-05 -6.1035156E-05,-0.0011111111 -0.0011111111 -0.0011111111,-0.01 -0.01 -0.01,-1 -1 -1,255
255,11111111,11111111,-6.1035156E-05 -6.1035156E-05 -6.1035156E-05 -6.1035156E-05,-0.0011111111 -0.0011111111 -0.0011111111,-0.01 -0.01 -0.01,-1 -1 -1,255
255,11111111,11111111,-6.1035156E-05 -6.1035156E-05 -6.1035156E-05 -6.1035156E-05,-0.0011111111 -0.0011111111 -0.0011111111,-0.01 -0.01 -0.01,-1 -1 -1,255
255,11111111,11111111,-6.1035156E-05 -6.1035156E-05 -6.1035156E-05 -6.1035156E-05,-0.0011111111 -0.0011111111 -0.0011111111,-0.01 -0.01 -0.01,-1 -1 -1,255
255,11111111,11111111,-6.1035156E-05 -6.1035156E-05 -6.1035156E-05 -6.1035156E-05,-0.0011111111 -0.0011111111 -0.0011111111,-0.01 -0.01 -0.01,-1 -1 -1,255
255,11111111,11111111,-6.1035156E-05 -6.1035156E-05 -6.1035156E-05 -6.1035156E-05,-0.0011111111 -0.0011111111 -0.0011111111,-0.01 -0.01 -0.01,-1 -1 -1,255
255,11111111,11111111,-6.1035156E-05 -6.1035156E-05 -6.1035156E-05 -6.1035156E-05,-0.0011111111 -0.0011111111 -0.0011111111,-0.01 -0.01 -0.01,-1 -1 -1,255
255,11111111,11111111,-6.1035156E-05 -6.1035156E-05 -6.1035156E-05 -6.1035156E-05,-0.0011111111 -0.0011111111 -0.0011111111,-0.01 -0.01 -0.01,-1 -1 -1,255
255,11111111,11111111,-6.1035156E-05 -6.1035156E-05 -6.1035156E-05 -6.1035156E-05,-0.0011111111 -0.0011111111 -0.0011111111,-0.01 -0.01 -0.01,-1 -1 -1,255
255,11111111,11111111,-6.1035156E-05 -6.1035156E-05 -6.1035156E-05 -6.1035156E-05,-0.0011111111 -0.0011111111 -0.0011111111,-0.01 -0.01 -0.01,-1 -1 -1,255
255,11111111,11111111,-6.1035156E-05 -6.1035156E-05 -6.1035156E-05 -6.1035156E-05,-0.0011111111 -0.0011111111 -0.0011111111,-0.01 -0.01 -0.01,-1 -1 -1,255
255,11111111,11111111,-6.1035156E-05 -6.1035156E-05 -6.1035156E-05 -6.1035156E-05,-0.0011111111 -0.0011111111 -0.0011111111,-0.01 -0.01 -0.01,-1 -1 -1,255
255,11111111,11111111,-6.1035156E-05 -6.1035156E-05 -6.1035156E-05 -6.1035156E-05,-0.0011111111 -0.0011111111 -0.0011111111,-0.01 -0.01 -0.01,-1 -1 -1,255
255,11111111,11111111,-6.1035156E-05 -6.1035156E-05 -6.1035156E-05 -6.1035156E-05,-0.0011111111 -0.0011111111 -0.0011111111,-0.01 -0.01 -0.01,-1 -1 -1,255
255,11111111,11111111,-6.1035156E-05 -6.1035156E-05 -6.1035156E-05 -6.1035156E-05,-0.0011111111 -0.0011111111 -0.0011111111,-0.01 -0.01 -0.01,-1 -1 -1,255
255,11111111,11111111,-6.1035156E-05 -6.1035156E-05 -6.1035156E-05 -6.1035156E-05,-0.0011111111 -0.0011111111 -0.0011111111,-0.01 -0.01 -0.01,-1 -1 -1,255
255,11111111,11111111,-6.1035156E-05 -6.1035156E-05 -6.1035156E-05 -6.1035156E-05,-0.0011111111 -0.0011111111 -0.0011111111,-0.01 -0.01 -0.01,-1 -1 -1,255
255,11111111,11111111,-6.1035156E-05 -6.1035156E-05 -6.1035156E-05 -6.1035156E-05,-0.0011111111 -0.0011111111 -0.0011111111,-0.01 -0.01 -0.01,-1 -1 -1,255
255,11111111,11111111,-6.1035156E-05 -6.1035156E-05 -6.1035156E-05 -6.1035156E-05,-0.0011111111 -0.0011111111 -0.0011111111,-0.01 -0.01 -0.01,-1 -1 -1,255
255,11111111,11111111,-6.1035156E-05 -6.1035156E-05 -6.1035156E-05 -6.1035156E-05,-0.0011111111 -0.0011111111 -0.0011111111,-0.01 -0.01 -0.01,-1 -1 -1,255
255,11111111,11111111,-6.1035156E-05 -6.1035156E-05 -6.1035156E-05 -6.1035156E-05,-0.0011111111 -0.0011111111 -0.0011111111,-0.01 -0.01 -0.01,-1 -1 -1,255
255,11111111,11111111,-6.1035156E-05 -6.1035156E-05 -6.1035156E-05 -6.1035156E-05,-0.0011111111 -0.0011111111 -0.0011111111,-0.01 -0.01 -0.01,-1 -1 -1,255
255,11111111,11111111,-6.1035156E-05 -6.1035156E-05 -6.1035156E-05 -6.1035156E-05,-0.0011111111 -0.0011111111 -0.0011111111,-0.01 -0.01 -0.01,-1 -1 -1,255
255,11111111,11111111,-6.1035156E-05 -6.1035156E-05 -6.1035156E-05 -6.1035156E-05,-0.0011111111 -0.0011111111 -0.0011111111,-0.01 -0.01 -0.01,-1 -1 -1,255
255,11111111,11111111,-6.1035156E-05 -6.1035156E-05 -6.1035156E-05 -6.1035156E-05,-0.0011111111 -0.0011111111 -0.0011111111,-0.01 -0.01 -0.01,-1 -1 -1,255
255,11111111,11111111,-6.1035156E-05 -6.1035156E-05 -6.1035156E-05 -6.1035156E-05,-0.0011111111 -0.0011111111 -0.0011111111,-0.01 -0.01 -0.01,-1 -1 -1,255
255,11111111,11111111,-6.1035156E-05 -6.1035156E-05 -6.1035156E-05 -6.1035156E-05,-0.0011111111 -0.0011111111 -0.0011111111,-0.01 -0.01 -0.01,-1 -1 -1,255
255,11111111,11111111,-6.1035156E-05 -6.1035156E-05 -6.1035156E-05 -6.1035156E-05,-0.0011111111 -0.0011111111 -0.0011111111,-0.01 -0.01 -0.01,-1 -1 -1,255
255,11111111,11111111,-6.1035156E-05 -6.1035156E-05 -6.1035156E-05 -6.1035156E-05,-0.0011111111 -0.0011111111 -0.0011111111,-0.01 -0.01 -0.01,-1 -1 -1,255
255,11111111,11111111,-6.1035156E-05 -6.1035156E-05 -6.1035156E-05 -6.1035156E-05,-0.0011111111 -0.0011111111 -0.0011111111,-0.01 -0.01 -0.01,-1 -1 -1,255
255,11111111,11111111,-6.1035156E-05 -6.1035156E-05 -6.1035156E-05 -6.1035156E-05,-0.0011111111 -0.0011111111 -0.0011111111,-0.01 -0.01 -0.01,-1 -1 -1,255
255,11111111,11111111,-6.1035156E-05 -6.1035156E-05 -6.1035156E-05 -6.1035156E-05,-0.0011111111 -0.0011111111 -0.0011111111,-0.01 -0.01 -0.01,-1 -1 -1,255
255,11111111,11111111,-6.1035156E-05 -6.1035156E-05 -6.1035156E-05 -6.1035156E-05,-0.0011111111 -0.0011111111 -0.0011111111,-0.01 -0.01 -0.01,-1 -1 -1,255
255,11111111,11111111,-6.1035156E-05 -6.1035156E-05 -6.1035156E-05 -6.1035156E-05,-0.0011111111 -0.0011111111 -0.0011111111,-0.01 -0.01 -0.01,-1 -1 -1,255
255,11111111,11111111,-6.1035156E-05 -6.1035156E-05 -6.1035156E-05 -6.1035156E-05,-0.0011111111 -0.0011111111 -0.0011111111,-0.01 -0.01 -0.01,-1 -1 -1,255
255,11111111,11111111,-6.1035156E-05 -6.1035156E-05 -6.1035156E-05 -6.1035156E-05,-0.0011111111 -0.0011111111 -0.0011111111,-0.01 -0.01 -0.01,-1 -1 -1,255
255,11111111,11111111,-6.1035156E-05 -6.1035156E-05 -6.1035156E-05 -6.1035156E-05,-0.0011111111 -0.0011111111 -0.0011111111,-0.01 -0.01 -0.01,-1 -1 -1,255
255,11111111,11111111,-6.1035156E-05 -6.1035156E-05 -6.1035156E-05 -6.1035156E-05,-0.0011111111 -0.0011111111 -0.0011111111,-0.01 -0.01 -0.01,-1 -1 -1,255
255,11111111,11111111,-6.1035156E-05 -6.1035156E-05 -6.1035156E-05 -6.1035156E-05,-0.0011111111 -0.0011111111 -0.0011111111,-0.01 -0.01 -0.01,-1 -1 -1,255
255,11111111,11111111,-6.1035156E-05 -6.1035156E-05 -6.1035156E-05 -6.1035156E-05,-0.0011111111 -0.0011111111 -0.0011111111,-0.01 -0.01 -0.01,-1 -1 -1,255
255,11111111,11111111,-6.1035156E-05 -6.1035156E-05 -6.1035156E-05 -6.1035156E-05,-0.0011111111 -0.0011111111 -0.0011111111,-0.01 -0.01 -0.01,-1 -1 -1,255
255,11111111,11111111,-6.1035156E-05 -6.1035156E-05 -6.1035156E-05 -6.1035156E-05,-0.0011111111 -0.0011111111 -0.0011111111,-0.01 -0.01 -0.01,-1 -1 -1,255
