index,flag1,flag2,ori,avel,acce,mp,temp ( Big-Endian )
0,01101001,00000000,0.0032348633 0.9996948 -0.02520752 0.002746582,0.104444444 0.02 0.046666667,-0.16 -0.14 9.86,0 0 0,26
1,01101001,00000000,-0.001159668 0.9996338 -0.027832031 0.0028076172,0.03888889 -0.016666668 0.046666667,-0.16 -0.11 9.88,0 0 0,26
2,01101001,00000000,0.0005493164 0.9995117 -0.030578613 0.00091552734,-0.078888886 -0.033333335 0.04888889,-0.14 -0.13 9.88,0 0 0,26
3,01101001,00000000,0.0059814453 0.9994507 -0.033447266 -0.00048828125,-0.09111111 -0.01 0.05,-0.15 -0.15 9.88,0 0 0,26
4,01101001,00000000,0.008239746 0.9993286 -0.036499023 -0.00024414062,0.01 0.016666668 0.046666667,-0.15 -0.18 9.9,0 0 0,26
5,01101001,00000000,0.004272461 0.99920654 -0.038879395 0.0010986328,0.09777778 0.017777778 0.04,-0.15 -0.12 9.87,0 0 0,26
6,01101001,00000000,-0.00061035156 0.9991455 -0.04083252 0.0014648438,0.057777777 -0.006666667 0.03,-0.15 -0.12 9.89,0 0 0,26
7,01101001,00000000,-0.00061035156 0.9990845 -0.042175293 0.0004272461,-0.04777778 -0.023333333 0.018888889,-0.14 -0.11 9.86,0 0 0,26
8,01101001,00000000,0.0041503906 0.9990845 -0.04309082 -0.00091552734,-0.09111111 -0.011111111 0.012222222,-0.13 -0.15 9.9,0 0 0,26
9,01101001,00000001,0.99993896 0 0 0,-0.017777778 0.006666667 0.0033333334,-0.13 -0.15 9.86,0 0 0,26
10,01101001,00000000,1 0.0025634766 0.0007324219 0,0.08222222 0.013333334 -0.006666667,-0.15 -0.15 9.87,0 0 0,26
11,01101001,00000000,0.99993896 0.007751465 0.00091552734 -0.0006713867,0.07444444 -0.0011111111 -0.018888889,-0.14 -0.15 9.88,0 0 0,26
12,01101001,00000000,0.9998779 0.009277344 0.0007324219 -0.0018920898,-0.018888889 -0.013333334 -0.024444444,-0.15 -0.12 9.86,0 0 0,26
13,01101001,00000000,0.99993896 0.005065918 -0.00018310547 -0.0036010742,-0.08777778 -0.017777778 -0.027777778,-0.14 -0.14 9.87,0 0 0,26
14,01101001,00000000,0.99993896 0.001159668 -0.00036621094 -0.0053100586,-0.033333335 0.0044444446 -0.03,-0.13 -0.18 9.89,0 0 0,26
15,01101001,00000000,0.99993896 0.002319336 -0.00024414062 -0.007080078,0.06333333 0.012222222 -0.03,-0.14 -0.14 9.87,0 0 0,27
16,01101001,00000000,0.9998779 0.0071411133 -6.1035156E-05 -0.008911133,0.08555555 0.006666667 -0.032222223,-0.15 -0.13 9.88,0 0 0,27
17,01101001,00000000,0.9998169 0.00970459 -6.1035156E-05 -0.0107421875,-0.0011111111 -0.0044444446 -0.028888889,56.18 -2.56 9.87,0 0 0,27
18,01101001,00000000,0.9998779 0.0064697266 -0.0005493164 -0.012207031,-0.07777778 -0.016666668 -0.023333333,-0.15 -0.13 9.84,0 0 0,27
19,01101001,00000000,0.9998169 0.0024414062 -0.0010375977 -0.013244629,-0.044444446 -0.008888889 -0.016666668,-0.13 -0.17 9.86,0 0 0,27
20,01101001,00000000,0.9998779 0.0026245117 -0.0010375977 -0.01373291,0.045555554 0.008888889 -0.006666667,-0.16 -0.17 9.88,0 0 0,27
21,01101001,00000000,0.9998169 0.0072631836 -0.0008544922 -0.01373291,0.083333336 0.011111111 -0.0033333334,-0.14 -0.14 9.88,0 0 0,27
22,01101001,00000000,0.9998169 0.010131836 -0.00079345703 -0.01373291,0.02 0.0022222223 0.0044444446,-0.16 -0.11 9.86,0 0 0,27
23,01101001,00000000,0.9998169 0.008117676 -0.0010375977 -0.0134887695,-0.07111111 -0.014444444 0.01,-0.15 -0.13 9.87,0 0 0,26
24,01101001,00000000,0.9998779 0.0037231445 -0.0015258789 -0.012634277,-0.06111111 -0.018888889 0.018888889,-0.16 -0.12 9.9,0 0 0,26
25,01101001,00000000,0.9844971 0.0025634766 -0.0010375977 -0.011352539,0.022222223 -3.6988888 -9.672222,-0.14 -0.17 9.89,0 0 0,26
26,01101001,00000000,0.9998779 0.00579834 -0.00030517578 -0.0099487305,0.07666667 0.006666667 0.024444444,-0.14 -0.13 9.87,0 0 0,26
27,01101001,00000000,0.9998779 0.008605957 0.0006713867 -0.008483887,0.033333335 0.011111111 0.026666667,-0.15 -0.13 9.87,0 0 0,26
28,01101001,00000000,0.9998779 0.0072021484 0.0013427734 -0.007019043,-0.04888889 -0.0044444446 0.024444444,-0.15 -0.13 9.88,0 0 0,26
29,01101001,00000000,0.99993896 0.0026855469 0.0012817383 -0.005493164,-0.06666667 -0.02 0.023333333,-0.17 -0.18 9.9,0 0 0,26
30,01101001,00000000,0.99993896 0.00091552734 0.0008544922 -0.0043945312,0.0022222223 -0.01 0.017777778,-0.13 -0.16 9.88,0 0 0,26
31,01101001,00000000,0.99993896 0.0033569336 0.001159668 -0.003479004,0.06888889 0.0044444446 0.012222222,-0.14 -0.14 9.87,0 0 0,27
32,01101001,00000000,0.99993896 0.0068359375 0.0021362305 -0.0029296875,0.04777778 0.015555556 0.011111111,-0.15 -0.12 9.86,0 0 0,27
33,01101001,00000000,0.99993896 0.0068969727 0.0026855469 -0.0029296875,-0.035555556 -0.0022222223 0.0011111111,-0.16 -0.12 9.87,0 0 0,27
34,01101001,00000000,0.99993896 0.0032348633 0.0022583008 -0.0029296875,-0.062222224 -0.016666668 -0.0033333334,-23.2 -0.01 -0.01,0 0 0,27
35,01101001,00000000,0.99993896 0.0010986328 0.0010986328 -0.0029296875,-0.012222222 -0.016666668 -0.01,-0.14 -0.15 9.89,0 0 0,27
36,01101001,00000000,0.99993896 0.0029907227 0.00079345703 -0.003479004,0.06 0.0022222223 -0.012222222,-0.14 -0.14 9.85,0 0 0,27
37,01101001,00000000,0.99993896 0.006713867 0.0014038086 -0.004272461,0.052222222 0.016666668 -0.013333334,-0.16 -0.15 9.89,0 0 0,27
38,01101001,00000000,0.9998779 0.0075683594 0.0021362305 -0.0051879883,-0.016666668 0.01 -0.017777778,-0.14 -0.11 9.85,0 0 0,27
39,01101001,00000000,0.99993896 0.004760742 0.0018310547 -0.006164551,-0.06 -0.017777778 -0.017777778,-0.14 -0.15 9.88,0 0 0,27
40,01101001,00000000,0.99993896 0.0021362305 0.0005493164 -0.0072631836,-0.02 -0.022222223 -0.018888889,-0.16 -0.15 9.87,0 0 0,27
41,01101001,00000000,0.99993896 0.0030517578 0 -0.008117676,0.044444446 -0.0022222223 -0.016666668,-0.15 -0.15 9.86,0 0 0,27
42,01101001,00000000,0.9844971 0.006713867 0.0005493164 -0.008544922,0.055555556 0.02 -10.81,-0.16 -0.14 9.85,0 0 0,27
43,01101001,00000000,0.9998779 0.008239746 0.0015869141 -0.008544922,0.0011111111 0.014444444 -0.006666667,-0.17 -0.1 9.87,0 0 0,27
44,01101001,00000000,0.9998779 0.006164551 0.0014038086 -0.008544922,-0.054444443 -0.017777778 -0.0033333334,-0.15 -0.12 9.85,0 0 0,27
45,01101001,00000000,0.99993896 0.0033569336 6.1035156E-05 -0.008544922,-0.033333335 -0.025555555 0,-0.15 -0.17 9.89,0 0 0,27
46,01101001,00000000,0.99993896 0.003540039 -0.0008544922 -0.008544922,0.027777778 -0.01 0.0033333334,-0.15 -0.15 9.85,0 0 0,27
47,01101001,00000000,0.9998779 0.0064697266 -0.00048828125 -0.008544922,0.054444443 0.017777778 0.01,-0.15 -0.16 9.85,0 0 0,27
48,01101001,00000000,0.9998779 0.008544922 0.00061035156 -0.00793457,0.011111111 0.018888889 0.012222222,-0.16 -0.12 9.87,0 0 0,27
49,01101001,00000000,0.9998779 0.007080078 0.0006713867 -0.0072021484,-0.046666667 -0.013333334 0.014444444,-0.16 -0.14 9.87,0 0 0,27
50,01101001,00000000,0.99993896 0.0041503906 -0.0008544922 -0.0065307617,-0.03888889 -0.032222223 0.012222222,-0.13 -0.15 9.88,0 0 0,27
51,01101001,00000000,0.9998779 0.0038452148 -0.0020141602 -0.0059814453,0.018888889 -0.015555556 0.012222222,-0.12 -0.14 -0.01,0 0 0,27
52,01101001,00000000,0.99993896 0.0063476562 -0.0016479492 -0.0052490234,0.052222222 0.017777778 0.013333334,-0.13 -0.12 9.89,0 0 0,27
53,01101001,00000000,0.99993896 0.008605957 -0.0004272461 -0.0045776367,0.02111111 0.018888889 0.012222222,-0.16 -0.14 9.85,0 0 0,27
54,01101001,00000000,0.99993896 0.0078125 -6.1035156E-05 -0.0044555664,-0.034444444 -0.006666667 0.006666667,-0.15 -0.14 9.87,0 0 0,27
55,01101001,00000000,0.99993896 0.0053100586 -0.0014648438 -0.0044555664,-0.043333333 -0.03 0.0011111111,-0.15 -0.14 9.91,0 0 0,27
56,01101001,00000000,0.99993896 0.0041503906 -0.0022583008 -0.0044555664,0.0033333334 -0.011111111 0.0011111111,-0.13 -0.17 9.85,0 0 0,27
57,01101001,00000000,0.99993896 0.005493164 -0.001159668 -0.0044555664,0.044444446 0.015555556 -0.0011111111,-0.13 -0.14 9.87,0 0 0,27
58,01101001,00000000,0.99993896 0.0073242188 0.0008544922 -0.0044555664,0.03 0.014444444 0,-0.14 -0.14 9.87,0 0 0,27
59,01101001,00000000,0.9845581 0.006958008 0.0020751953 -0.0043945312,-0.022222223 -0.0022222223 -0.007777778,-0.17 -0.13 9.88,0 0 0,27
60,01101001,00000000,0.99993896 0.004211426 0.0014648438 -0.0043945312,-0.044444446 -0.026666667 -0.007777778,-0.16 -0.15 9.9,0 0 0,27
61,01101001,00000000,0.99993896 0.0026855469 0.0004272461 -0.004760742,-0.0055555557 -0.018888889 -0.01,-0.13 -0.16 9.86,0 0 0,27
62,01101001,00000000,0.99993896 0.0036010742 0.00079345703 -0.0048828125,0.037777778 0.015555556 -0.007777778,-0.11 -0.15 9.85,0 0 0,27
63,01101001,00000000,0.99993896 0.0056762695 0.0024414062 -0.0048217773,0.036666665 0.024444444 -0.006666667,-0.14 -0.15 9.87,0 0 0,27
64,01101001,00000000,0.99993896 0.0060424805 0.0038452148 -0.0048217773,-0.006666667 0.0022222223 -0.007777778,-0.17 -0.13 9.85,0 0 0,27
65,01101001,00000000,0.99993896 0.0040893555 0.0029907227 -0.0048217773,-0.04 -0.03 -0.0055555557,-0.16 -0.12 9.86,0 0 0,27
66,01101001,00000000,0.99993896 0.0024414062 0.0014038086 -0.0048217773,-0.012222222 -0.02111111 -0.0044444446,-0.13 -0.16 9.87,0 0 0,27
67,01101001,00000000,0.99993896 0.0031738281 0.0010375977 -0.0048828125,0.03 0.01 0.0011111111,-0.15 -0.15 9.86,0 0 0,27
68,01101001,00000000,0.99993896 0.005554199 0.002380371 -0.0048217773,0.036666665 0.025555555 0.0022222223,-0.14 -0.14 173.73,0 0 0,27
69,01101001,00000000,0.99993896 0.0064697266 0.0033569336 -0.0048217773,-0.007777778 0.0033333334 0.0033333334,-0.15 -0.14 9.88,0 0 0,27
70,01101001,00000000,0.99993896 0.005065918 0.0026245117 -0.0048217773,-0.034444444 -0.024444444 0.0055555557,-0.13 -0.15 9.86,0 0 0,27
71,01101001,00000000,0.99993896 0.0032958984 0.0010375977 -0.0048828125,-0.02 -0.022222223 0.0055555557,-0.13 -0.17 9.9,0 0 0,27
72,01101001,00000000,0.99993896 0.003540039 0.00048828125 -0.0048828125,0.018888889 0.0055555557 0.01,-0.11 -0.16 9.87,0 0 0,27
73,01101001,00000000,0.99993896 0.005554199 0.0014038086 -0.004760742,0.036666665 0.022222223 0.01,-0.15 -0.14 9.86,0 0 0,27
74,01101001,00000000,0.99993896 0.0067749023 0.0025024414 -0.0045776367,0.0055555557 0.01 0.006666667,-0.15 -0.14 9.87,0 0 0,27
75,01101001,00000000,0.99993896 0.0060424805 0.0020751953 -0.0045776367,-0.03 -0.023333333 0.0022222223,-0.15 -0.14 9.89,0 0 0,27
76,01101001,00000000,0.99993896 0 0 -0.015625,-0.027777778 -0.026666667 0.0033333334,-0.13 -0.14 9.85,0 0 0,27
77,01101001,00000000,0.99993896 0.0038452148 -0.00030517578 -0.004638672,0.007777778 0.0011111111 0.0022222223,-0.13 -0.17 9.87,0 0 0,27
78,01101001,00000000,0.99993896 0.005493164 0.00030517578 -0.004638672,0.035555556 0.02111111 0.0022222223,-0.13 -0.13 9.86,0 0 0,27
79,01101001,00000000,0.99993896 0.007080078 0.0015258789 -0.0045776367,0.016666668 0.011111111 0,-0.15 -0.14 9.88,0 0 0,27
80,01101001,00000000,0.99993896 0.006652832 0.0010986328 -0.004638672,-0.024444444 -0.015555556 -0.0033333334,-0.16 -0.15 9.88,0 0 0,27
81,01101001,00000000,0.99993896 0.005004883 -0.00030517578 -0.004638672,-0.026666667 -0.026666667 -0.0044444446,-0.15 -0.14 9.87,0 0 0,27
82,01101001,00000000,0.99993896 0.0045166016 -0.00091552734 -0.004638672,0.0055555557 -0.0011111111 -0.0033333334,-0.14 -0.12 9.85,0 0 0,27
83,01101001,00000000,0.99993896 0.00579834 -0.00018310547 -0.004638672,0.033333335 0.023333333 -0.0022222223,-0.13 -0.15 9.88,0 0 0,27
84,01101001,00000000,0.99993896 0.0075683594 0.00091552734 -0.004638672,0.018888889 0.014444444 -0.0033333334,-0.13 -0.14 9.88,0 0 0,27
85,01101001,00000000,0.99993896 0.007507324 0.0006713867 -0.004638672,-0.017777778 -0.015555556 -0.0055555557,-0.15 -0.15 9.88,242 -76 -1,27
86,01101001,00000000,0.99993896 0.0060424805 -0.0007324219 -0.004638672,-0.026666667 -0.028888889 -0.006666667,-0.12 -0.16 9.87,0 0 0,27
87,01101001,00000000,0.99993896 0.0052490234 -0.0017089844 -0.004638672,-0.0022222223 -0.006666667 -0.0011111111,-0.13 -0.18 9.89,0 0 0,27
88,01101001,00000000,0.99993896 0.0061035156 -0.0012817383 -0.004638672,0.027777778 0.018888889 0.0011111111,-0.15 -0.15 9.85,0 0 0,27
89,01101001,00000000,0.99993896 0.007873535 -6.1035156E-05 -0.004638672,0.024444444 0.02 0.0022222223,-0.12 -0.15 9.88,0 0 0,27
90,01101001,00000000,0.99993896 0.008239746 -6.1035156E-05 -0.004638672,-0.01 -0.013333334 0.0022222223,-0.15 -0.15 9.88,0 0 0,27
91,01101001,00000000,0.99993896 0.007080078 -0.0012817383 -0.004638672,-0.027777778 -0.026666667 0.0033333334,-0.14 -0.15 9.86,0 0 0,27
92,01101001,00000000,0.99993896 0.0056152344 -0.0020751953 -0.004638672,-0.011111111 -0.012222222 0.0044444446,-0.12 -0.15 9.89,0 0 0,27
93,01101001,00000000,0.99993896 0.0056152344 0 -0.015625,0.02111111 0.016666668 0.006666667,-0.14 -0.14 9.85,0 0 0,27
94,01101001,00000000,0.99993896 0.006652832 0.0008544922 -0.004638672,0.026666667 0.02 0.0044444446,-0.17 -0.14 9.86,0 0 0,27
95,01101001,00000000,0.99993896 0.0068359375 0.0017089844 -0.0045776367,-0.0022222223 -0.007777778 0.0033333334,-0.15 -0.12 9.85,0 0 0,27
96,01101001,00000000,0.99993896 0.005432129 0.0012207031 -0.004638672,-0.025555555 -0.023333333 0.0011111111,-0.14 -0.15 9.86,0 0 0,27
97,01101001,00000000,0.99993896 0.0038452148 0.0005493164 -0.004638672,-0.015555556 -0.014444444 0.0033333334,-0.14 -0.14 9.87,0 0 0,27
98,01101001,00000000,0.99993896 0.0037841797 0.001159668 -0.0045776367,0.017777778 0.013333334 0.006666667,-0.15 -0.16 9.89,0 0 0,27
99,01101001,00000000,0.99993896 0.005004883 0.0026245117 -0.0045776367,0.027777778 0.015555556 0.0033333334,-0.14 -0.14 9.86,0 0 0,27
100,01101001,00000000,0.99993896 0.0056762695 0.003112793 -0.0045776367,0.0055555557 -0.006666667 0.0022222223,-0.15 -0.14 9.88,0 0 0,27
101,01101001,00000000,0.99993896 0.005126953 0.002319336 -0.0045776367,-0.023333333 -0.022222223 -0.0022222223,-0.14 -0.11 9.86,0 0 0,27
102,01101001,00000000,0.99993896 0.0037231445 0.0010986328 -0.0045776367,-0.017777778 -0.013333334 0.0011111111,-0.14 -0.17 9.85,0 180 -1,27
103,01101001,00000000,0.99993896 0.0036621094 0.0010986328 -0.0045776367,0.011111111 0.01 0,-0.13 -0.13 9.85,0 0 0,27
104,01101001,00000000,0.99993896 0.005065918 0.0020141602 -0.0045776367,0.026666667 0.014444444 0,-0.14 -0.14 9.86,0 0 0,27
105,01101001,00000000,0.99993896 0.006286621 0.0021362305 -0.0045776367,0.013333334 -0.0022222223 -0.0022222223,-0.15 -0.14 9.87,0 0 0,27
106,01101001,00000000,0.99993896 0.0060424805 0.0014648438 -0.0045776367,-0.014444444 -0.016666668 -0.0011111111,-0.13 -0.13 9.84,0 0 0,27
107,01101001,00000000,0.99993896 0.004638672 0.00036621094 -0.004638672,-0.023333333 -0.02 -0.0022222223,-0.15 -0.16 9.87,0 0 0,27
108,01101001,00000000,0.99993896 0.004272461 0.00030517578 -0.004638672,0.0044444446 0.006666667 0.0011111111,-0.14 -0.15 9.88,0 0 0,27
109,01101001,00000000,0.99993896 0.0052490234 0.00079345703 -0.004638672,0.024444444 0.016666668 0.0022222223,-0.15 -0.12 9.87,0 0 0,27
110,01101001,00000000,0.99993896 0.006591797 0.0009765625 -0.015625,0.015555556 0.0044444446 0.0022222223,-0.15 -0.14 9.87,0 0 0,27
111,01101001,00000000,0.99993896 0.006591797 0.0005493164 -0.004638672,-0.013333334 -0.014444444 -0.0011111111,-0.14 -0.12 9.88,0 0 0,27
112,01101001,00000000,0.99993896 0.0053710938 -0.00030517578 -0.004638672,-0.022222223 -0.014444444 0.0011111111,-0.13 -0.13 9.87,0 0 0,27
113,01101001,00000000,0.99993896 0.0048828125 -0.00036621094 -0.004638672,0 0.0033333334 0.0033333334,-0.13 -0.14 9.87,0 0 0,27
114,01101001,00000000,0.99993896 0.0056762695 -6.1035156E-05 -0.004638672,0.023333333 0.012222222 0.0011111111,-0.13 -0.17 9.88,0 0 0,27
115,01101001,00000000,0.99993896 0.0072021484 0.00018310547 -0.004638672,0.02 0.0022222223 0.0055555557,-0.14 -0.15 9.87,0 0 0,27
116,01101001,00000000,0.99993896 0.0073242188 -6.1035156E-05 -0.004638672,-0.006666667 -0.012222222 0.0033333334,-0.15 -0.12 9.87,0 0 0,27
117,01101001,00000000,0.99993896 0.006286621 -0.00091552734 -0.004638672,-0.02111111 -0.014444444 0.0011111111,-0.14 -0.14 9.9,0 0 0,27
118,01101001,00000000,0.99993896 0.005493164 -0.0010986328 -0.004638672,-0.0055555557 0 0.0022222223,-0.13 -0.14 9.88,0 0 0,27
119,01101001,00000000,0.99993896 0.0061035156 -0.00079345703 -0.004638672,0.02111111 0.012222222 0.0033333334,-0.15 -0.15 9.88,0 0 255,27
120,01101001,00000000,0.99993896 0.007446289 -0.0006713867 -0.004638672,0.02 0.0022222223 0.0022222223,-0.14 -0.15 9.9,0 0 0,27
121,01101001,00000000,0.99993896 0.00793457 -0.0007324219 -0.004638672,-0.0011111111 -0.01 0,-0.14 -0.15 9.88,0 0 0,27
122,01101001,00000000,0.99993896 0.0072021484 -0.0015258789 -0.004638672,-0.022222223 -0.013333334 -0.0011111111,-0.14 -0.13 9.88,0 0 0,27
123,01101001,00000000,0.99993896 0.006164551 -0.0018310547 -0.004638672,-0.013333334 0 -0.0011111111,-0.14 -0.14 9.88,0 0 0,27
124,01101001,00000000,0.99993896 0.0064697266 -0.0018310547 -0.004638672,0.014444444 0.008888889 -0.0022222223,-0.15 -0.15 9.88,0 0 0,27
125,01101001,00000000,0.99993896 0.0078125 -0.0015869141 -0.004638672,0.024444444 0.0022222223 -0.0011111111,-0.14 -0.15 9.87,0 0 0,27
126,01101001,00000000,0.99993896 0.008483887 -0.0015258789 -0.0045776367,0.0011111111 -0.0044444446 -0.0022222223,-0.16 -0.12 9.84,0 0 0,27
127,01101001,00000000,0.99993896 0.007019043 -0.0010375977 -0.0045776367,-0.018888889 -0.01 -0.0022222223,-0.16 -0.14 9.89,0 0 0,27
128,01101001,00000000,0.99993896 0.005432129 -0.0005493164 -0.0045776367,-0.012222222 -0.0022222223 0,-0.14 -0.16 9.87,0 0 0,27
129,01101001,00000000,0.99993896 0.005126953 0.00012207031 -0.0045776367,0.015555556 0.008888889 -0.0022222223,-0.12 -0.14 9.88,0 0 0,27
130,01101001,00000000,0.99993896 0.0059814453 0.00079345703 -0.0045776367,0.024444444 0.0044444446 -0.0011111111,-0.16 -0.13 9.89,0 0 0,27
131,01101001,00000000,0.99993896 0.0063476562 0.0014038086 -0.0045776367,0.0055555557 -0.007777778 -0.0011111111,-0.15 -0.14 9.89,0 0 0,27
132,01101001,00000000,0.99993896 0.005493164 0.0015869141 -0.0045166016,-0.016666668 -0.014444444 -0.0011111111,-0.14 -0.11 9.88,0 0 0,27
133,01101001,00000000,0.99993896 0.0040893555 0.0017089844 -0.0045166016,-0.014444444 -0.008888889 0.0022222223,-0.15 -0.15 9.88,0 0 0,27
134,01101001,00000000,0.99993896 0.0037231445 0.0020751953 -0.0045166016,0.008888889 0.0011111111 0.0011111111,-0.13 -0.15 9.87,0 0 0,27
135,01101001,00000000,0.99993896 0.0048828125 0.0021972656 -0.0045166016,0.023333333 0.0044444446 0.0055555557,-0.14 -0.14 9.86,0 0 0,27
136,01101001,00000000,0.99993896 0.005859375 0.0021362305 -0.0045166016,0.011111111 -0.0033333334 0.0022222223,-0.15 -0.13 9.87,0 0 0,27
137,01101001,00000000,0.99993896 0.0056152344 0.0018310547 -0.0045166016,-0.017777778 -0.012222222 0,-0.12 -0.12 9.88,0 0 0,27
138,01101001,00000000,0.99993896 0.0045166016 0.0017089844 -0.0045166016,-0.018888889 -0.01 0.0033333334,-0.15 -0.14 9.87,0 0 0,27
139,01101001,00000000,0.99993896 0.004272461 0.0017089844 -0.0045166016,0.0022222223 0.0011111111 0.0033333334,-0.16 -0.14 9.88,0 0 0,27
140,01101001,00000000,0.99993896 0.005126953 0.0017089844 -0.0045166016,0.022222223 0.006666667 0.0044444446,-0.14 -0.16 9.87,0 0 0,27
141,01101001,00000000,0.99993896 0.006225586 0.0017700195 -0.0045166016,0.012222222 -0.0033333334 0,-0.15 -0.14 9.84,0 0 0,27
142,01101001,00000000,0.99993896 0.006164551 0.0017089844 -0.0045166016,-0.011111111 -0.008888889 0,-0.16 -0.16 9.85,0 0 0,27
143,01101001,00000000,0.99993896 0.005065918 0.0015869141 -0.0045166016,-0.016666668 -0.006666667 -0.0011111111,-0.14 -0.12 9.89,0 0 0,27
144,01101001,00000000,0.99993896 0.0048217773 0.0015869141 -0.0045166016,0.0011111111 -0.0022222223 -0.0011111111,-0.15 -0.13 9.86,0 0 0,27
145,01101001,00000000,0.99993896 0.005554199 0.0015258789 -0.0045166016,0.023333333 0.0022222223 0,4.96 -2.56 9.88,0 0 0,27
146,01101001,00000000,0.99993896 0.006652832 0.0015258789 -0.0045166016,0.014444444 -0.0033333334 0,-0.15 -0.16 9.88,0 0 0,27
147,01101001,00000000,0.99993896 0.006713867 0.0015258789 -0.0045166016,-0.0055555557 -0.0044444446 -0.0033333334,-0.14 -0.14 9.85,0 0 0,27
148,01101001,00000000,0.99993896 0.00579834 0.0015869141 -0.0045166016,-0.017777778 -0.007777778 -0.0011111111,-0.13 -0.13 9.86,0 0 0,27
149,01101001,00000000,0.99993896 0.0053100586 0.0015258789 -0.0045166016,-0.0033333334 -0.0044444446 -0.0011111111,-0.13 -0.14 9.88,0 0 0,27
150,01101001,00000000,0.99993896 0.00592041 0.0015869141 -0.0045166016,0.018888889 0.0044444446 0,-0.15 -0.14 9.86,0 0 0,27
151,01101001,00000000,0.99993896 0.0071411133 0.0015258789 -0.0045776367,0.016666668 -0.0022222223 0,-0.15 -0.13 9.84,0 0 0,27
152,01101001,00000000,0.99993896 0.0073242188 0.0015869141 -0.0045166016,-0.006666667 -0.0022222223 0,-0.12 -0.14 9.87,0 0 0,27
153,01101001,00000000,0.9845581 0.006713867 0.0014648438 -0.0045776367,-0.016666668 -4.267778 -9.672222,-0.15 -0.17 9.87,0 0 0,27
154,01101001,00000000,0.99993896 0.0061035156 0.0015258789 -0.0045166016,-0.0055555557 0 0.0011111111,-0.13 -0.15 9.88,0 0 0,27
155,01101001,00000000,0.99993896 0.0065307617 0.0014648438 -0.0045166016,0.015555556 0 0.0022222223,-0.13 -0.17 9.86,0 0 0,27
156,01101001,00000000,0.99993896 0.0076293945 0.0015258789 -0.0045776367,0.017777778 0.0011111111 0.0011111111,-0.14 -0.14 9.89,0 0 0,27
157,01101001,00000000,0.99993896 0.0079956055 0.0014648438 -0.0045776367,-0.0022222223 -0.0044444446 0.0022222223,-0.15 -0.14 9.88,0 0 0,27
158,01101001,00000000,0.99993896 0.007507324 0.0015258789 -0.0045776367,-0.016666668 -0.0033333334 0.0022222223,-0.15 -0.13 9.89,0 0 0,27
159,01101001,00000000,0.99993896 0.006958008 0.0014038086 -0.0045776367,-0.008888889 -0.0022222223 0.0033333334,-0.14 -0.13 9.88,0 0 0,27
160,01101001,00000000,0.99993896 0.0071411133 0.0014648438 -0.0045776367,0.013333334 -0.0011111111 0,-0.14 -0.14 9.89,0 0 0,27
161,01101001,00000000,0.99993896 0.008300781 0.0014038086 -0.0045776367,0.018888889 0.0022222223 0.0033333334,-0.13 -0.14 9.88,0 0 0,27
162,01101001,00000000,0.99993896 0.0087890625 0.0014648438 -0.0045776367,0.0011111111 -0.0044444446 0.0033333334,-0.14 -0.01 -0.01,0 0 0,27
163,01101001,00000000,0.99993896 0.008483887 0.0014038086 -0.0045776367,-0.016666668 -0.0055555557 0.0011111111,-0.13 -0.14 9.86,0 0 0,27
164,01101001,00000000,0.99993896 0.007751465 0.0014648438 -0.0045776367,-0.01 -0.0055555557 0,-0.16 -0.16 9.89,0 0 0,27
165,01101001,00000000,0.99993896 0.007873535 0.0014648438 -0.0045776367,0.013333334 0.0022222223 0.0011111111,-0.14 -0.15 9.85,0 0 0,27
166,01101001,00000000,0.99993896 0.008850098 0.0014648438 -0.0045776367,0.02 0.0022222223 0.0022222223,-0.14 -0.11 9.88,0 0 0,27
167,01101001,00000000,0.99993896 0.009399414 0.0014038086 -0.0045776367,0.0044444446 0.0011111111 0.0022222223,-0.15 -0.13 9.88,0 0 0,27
168,01101001,00000000,0.99993896 0.009216309 0.0014648438 -0.0045776367,-0.008888889 -0.01 0,-0.14 -0.14 9.87,0 0 0,27
169,01101001,00000000,0.99993896 0.008422852 0.0014038086 -0.0045776367,-0.011111111 -0.006666667 0,-0.14 -0.15 9.88,0 0 0,27
170,01101001,00000000,0.9845581 0.008361816 0.0013427734 -0.0045776367,0.007777778 -0.0033333334 -11.094444,-0.16 -0.15 9.88,0 0 0,27
171,01101001,00000000,0.99993896 0.009155273 0.0014648438 -0.0045776367,0.018888889 0.011111111 0.0011111111,-0.13 -0.15 9.89,0 0 0,27
172,01101001,00000000,0.99993896 0.009643555 0.0015869141 -0.0045776367,0.008888889 0.0044444446 0.0011111111,-0.13 -0.14 9.86,0 0 0,27
173,01101001,00000000,0.99993896 0.0087890625 0.0021972656 -0.0045166016,-0.011111111 -0.0033333334 -0.0011111111,-0.13 -0.14 9.86,0 0 0,27
174,01101001,00000000,0.99993896 0.007446289 0.0026855469 -0.0045166016,-0.012222222 -0.011111111 -0.0022222223,-0.13 -0.14 9.87,0 0 0,27
175,01101001,00000000,0.99993896 0.006958008 0.0029907227 -0.0045166016,0.0055555557 -0.007777778 0,-0.13 -0.14 9.88,0 0 0,27
176,01101001,00000000,0.99993896 0.007080078 0.0033569336 -0.0045166016,0.015555556 0.0044444446 0,-0.15 -0.15 9.87,0 0 0,27
177,01101001,00000000,0.99993896 0.0072631836 0.0037231445 -0.0045166016,0.008888889 0.0022222223 -0.0011111111,-0.16 -0.13 9.9,0 0 0,27
178,01101001,00000000,0.99993896 0.0068359375 0.0040283203 -0.0045776367,-0.01 -0.0011111111 0.0011111111,-0.15 -0.15 9.86,0 0 0,27
179,01101001,00000000,0.99993896 0.00592041 0.004272461 -0.0045166016,-0.013333334 -0.008888889 0.0022222223,-0.15 -0.14 -0.01,0 0 0,27
180,01101001,00000000,0.99993896 0.005493164 0.0044555664 -0.0045166016,0.0022222223 -0.0055555557 -0.0011111111,-0.15 -0.15 9.89,0 0 0,27
181,01101001,00000000,0.99993896 0.0059814453 0.0044555664 -0.0045776367,0.016666668 -0.0022222223 0.0022222223,-0.14 -0.15 9.89,0 0 0,27
182,01101001,00000000,0.99993896 0.0068969727 0.0044555664 -0.0045776367,0.011111111 0.0033333334 0.0022222223,-0.16 -0.14 9.86,0 0 0,27
183,01101001,00000000,0.99993896 0.0068969727 0.0044555664 -0.0045776367,-0.0055555557 -0.0011111111 0.0022222223,-0.13 -0.14 9.86,0 0 0,27
184,01101001,00000000,0.99993896 0.0064697266 0.0044555664 -0.0045776367,-0.012222222 -0.007777778 0.0011111111,-0.14 -0.13 9.87,0 0 0,27
185,01101001,00000000,0.99993896 0.006286621 0.004333496 -0.0045776367,-0.0011111111 -0.0044444446 0,-0.14 -0.15 9.87,0 0 0,27
186,01101001,00000000,0.99993896 0.0065307617 0.004333496 -0.0045776367,0.012222222 0 0,-0.13 -0.15 9.85,0 0 0,27
187,01101001,00000000,0.9845581 0.007385254 0.004272461 -0.0045776367,0.012222222 0.0055555557 -0.0011111111,-0.15 -0.14 9.86,0 0 0,27
188,01101001,00000000,0.99993896 0.007507324 0.004272461 -0.0045776367,-0.0044444446 -0.0033333334 0.0011111111,-0.16 -0.14 9.89,0 0 0,27
189,01101001,00000000,0.99993896 0.0071411133 0.004211426 -0.0045776367,-0.012222222 -0.008888889 0,-0.14 -0.16 9.85,0 0 0,27
190,01101001,00000000,0.99993896 0.0068359375 0.0040283203 -0.0045776367,-0.0011111111 -0.006666667 0,-0.14 -0.16 9.87,0 0 0,27
191,01101001,00000000,0.99993896 0.007080078 0.0040283203 -0.0045776367,0.012222222 0.0011111111 0.0022222223,-0.14 -0.17 9.9,0 0 0,27
192,01101001,00000000,0.99993896 0.0079956055 0.0040283203 -0.0045776367,0.011111111 0.006666667 0,-0.16 -0.14 9.88,0 0 0,27
193,01101001,00000000,0.99993896 0.008056641 0.0040283203 -0.0045776367,-0.0022222223 -0.0033333334 0,-0.15 -0.13 9.87,0 0 0,27
194,01101001,00000000,0.99993896 0.0079956055 0.0040283203 -0.0045776367,-0.008888889 -0.01 0,-0.14 -0.15 9.86,0 0 0,27
195,01101001,00000000,0.99993896 0.0078125 0.0038452148 -0.0045776367,-0.006666667 -0.01 0,-0.16 -0.14 9.86,0 0 0,27
196,01101001,00000000,0.99993896 0.007873535 0.0037841797 -0.0045776367,0.006666667 -0.0044444446 -0.0011111111,-0.11 -0.15 -251.26,0 0 0,27
197,01101001,00000000,0.99993896 0.008666992 0.0037841797 -0.0045776367,0.014444444 0.006666667 0.0011111111,-0.14 -0.12 9.88,0 0 0,27
198,01101001,00000000,0.99993896 0.008850098 0.0037841797 -0.0045776367,0.0011111111 0 0.0011111111,-0.14 -0.14 9.88,0 0 0,27
199,01101001,00000000,0.99993896 0.008850098 0.0037841797 -0.0045776367,-0.007777778 -0.006666667 -0.0011111111,-0.13 -0.13 9.86,0 0 0,27
200,01101001,00000000,0.99993896 0.008728027 0.0037231445 -0.0045776367,-0.0055555557 -0.01 -0.0011111111,-0.13 -0.14 9.84,0 0 0,27
201,01101001,00000000,0.99993896 0.008728027 0.0037231445 -0.0045776367,0.006666667 0 0,-0.15 -0.17 9.89,0 0 0,27
202,01101001,00000000,0.99993896 0.009277344 0.0037841797 -0.0045776367,0.012222222 0.0055555557 0.0011111111,-0.15 -0.14 9.87,0 0 0,27
203,01101001,00000000,0.9998779 0.0095825195 0.0037231445 -0.0045776367,0.0033333334 -0.0011111111 0.0033333334,-0.15 -0.13 9.86,0 0 0,27
204,01101001,00000000,0.9998779 0 0 -0.015625,-0.007777778 -0.0033333334 0.0011111111,-0.13 -0.14 9.87,0 0 0,27
205,01101001,00000000,0.9998779 0.009460449 0.0036010742 -0.0045776367,-0.007777778 -0.01 0,-0.14 -0.15 9.86,0 0 0,27
206,01101001,00000000,0.9998779 0.009460449 0.0036010742 -0.0045776367,0.0044444446 -0.0022222223 0.0022222223,-0.15 -0.14 9.87,0 0 0,27
207,01101001,00000000,0.9998779 0.009887695 0.0036010742 -0.0045776367,0.013333334 0.0033333334 0.0022222223,-0.13 -0.15 9.87,0 0 0,27
208,01101001,00000000,0.9998779 0.009460449 0.003967285 -0.0045776367,0.006666667 0.0011111111 0.0022222223,-0.14 -0.15 9.87,0 0 0,27
209,01101001,00000000,0.99993896 0.008850098 0.004272461 -0.0045776367,-0.0044444446 -0.0044444446 0.0011111111,-0.14 -0.15 9.89,0 0 0,27
210,01101001,00000000,0.99993896 0.008300781 0.0045776367 -0.0045776367,-0.0055555557 -0.008888889 0,-0.16 -0.14 9.89,0 0 0,27
211,01101001,00000000,0.99993896 0.0078125 0.0048217773 -0.0045776367,0.0044444446 -0.0022222223 0.0022222223,-0.13 -0.15 9.88,0 0 0,27
212,01101001,00000000,0.99993896 0.0075683594 0.005004883 -0.0045776367,0.012222222 0.0055555557 0,-0.15 -0.15 9.86,0 0 0,27
213,01101001,00000000,0.99993896 0.0075683594 0.0052490234 -0.0045776367,0.007777778 0 0.0022222223,-0.13 -0.13 9.92,97 181 -1,27
214,01101001,00000000,0.99993896 0.0071411133 0.0053710938 -0.0045776367,-0.0044444446 -0.0033333334 -0.0011111111,-0.16 -0.14 9.89,0 0 0,27
215,01101001,00000000,0.99993896 0.0068359375 0.0053710938 -0.0045776367,-0.008888889 -0.012222222 -0.0022222223,-0.13 -0.13 9.89,0 0 0,27
216,01101001,00000000,0.99993896 0.006713867 0.0053710938 -0.0045776367,0.006666667 0.0022222223 -0.0011111111,-0.14 -0.12 9.84,0 0 0,27
217,01101001,00000000,0.99993896 0.007385254 0.005554199 -0.0045776367,0.015555556 0.01 -0.0011111111,-0.14 -0.14 9.88,0 0 0,27
218,01101001,00000000,0.99993896 0.008361816 0.005859375 -0.0045776367,0.015555556 0.008888889 0,-0.14 -0.13 9.86,0 0 0,27
219,01101001,00000000,0.99993896 0.008544922 0.00592041 -0.0045776367,0.0033333334 0.0022222223 -0.0011111111,-0.14 -0.12 9.87,0 0 0,27
220,01101001,00000000,0.99993896 0.008544922 0.00592041 -0.0045776367,-0.0022222223 -0.0044444446 -0.0022222223,-0.14 -0.14 9.85,0 0 0,27
221,01101001,00000000,0.99993896 0.008544922 0 -0.015625,0.0033333334 0.0022222223 0,-0.14 -0.14 9.87,0 0 0,27
222,01101001,00000000,0.99993896 0.008972168 0.0059814453 -0.0045776367,0.013333334 0.008888889 0,-0.13 -0.15 9.88,0 0 0,27
223,01101001,00000000,0.9998779 0.0099487305 0.006286621 -0.0045776367,0.014444444 0.01 0.0033333334,-0.13 -0.14 9.89,0 0 0,27
224,01101001,00000000,0.9998779 0.00982666 0.0063476562 -0.0045776367,0.0055555557 0.0011111111 0,-0.16 -0.14 9.86,0 0 0,27
225,01101001,00000000,0.9998779 0.009277344 0.0065307617 -0.0045776367,0 -0.0022222223 0.0011111111,-0.16 -0.14 9.85,0 0 0,27
226,01101001,00000000,0.9998779 0.008728027 0.006591797 -0.004638672,0.0022222223 0.0044444446 0.0011111111,-0.14 -0.13 9.89,0 0 0,27
227,01101001,00000000,0.99993896 0.008483887 0.006652832 -0.004638672,0.012222222 0.01 0.0044444446,-0.14 -0.15 9.87,0 0 0,27
228,01101001,00000000,0.9998779 0.008911133 0.0071411133 -0.004638672,0.014444444 0.007777778 0.007777778,-0.14 -0.16 9.86,0 0 0,27
229,01101001,00000000,0.9998779 0.008911133 0.0073242188 -0.004638672,0.006666667 0.0011111111 0.0044444446,-0.13 -0.14 9.89,0 0 0,27
230,01101001,00000000,0.99993896 0.008483887 0.0073242188 -0.004638672,-0.0022222223 -0.0011111111 0.0033333334,-0.14 -0.14 9.88,0 180 -1,27
231,01101001,00000000,0.99993896 0.008056641 0.007385254 -0.004638672,0.0011111111 0 0.0044444446,-0.14 -0.18 9.87,0 0 0,27
232,01101001,00000000,0.99993896 0.0079956055 0.007446289 -0.004638672,0.011111111 0.006666667 0.0022222223,-0.14 -0.16 9.86,0 0 0,27
233,01101001,00000000,0.9998779 0.008850098 0.007507324 -0.004638672,0.015555556 0.006666667 0.0022222223,-0.15 -0.14 9.84,0 0 0,27
234,01101001,00000000,0.9998169 0.009521484 0.0075683594 -0.004638672,0.007777778 0.0022222223 0.0011111111,-0.16 -0.16 9.87,0 0 0,27
235,01101001,00000000,0.9998169 0.009521484 0.0075683594 -0.004638672,-0.0022222223 -0.006666667 -0.0011111111,-0.13 -0.13 9.86,0 0 0,27
236,01101001,00000000,0.9998169 0.009521484 0.0075683594 -0.004638672,-0.0055555557 0 -0.0022222223,-0.14 -0.14 9.86,0 0 0,27
237,01101001,00000000,0.9998169 0.009521484 0.0075683594 -0.004638672,0.0044444446 0.0033333334 -0.0011111111,-0.14 -0.16 9.85,0 0 0,27
238,01101001,00000000,0.9998169 0.00970459 0.0075683594 -0.015625,0.012222222 0.0055555557 0,-0.15 -0.16 9.88,0 0 0,27
239,01101001,00000000,0.9998169 0.009338379 0.0076293945 -0.004638672,0.006666667 0.0011111111 -0.0011111111,-0.12 -0.11 9.86,0 0 0,27
240,01101001,00000000,0.9998779 0.008850098 0.0076904297 -0.004638672,-0.006666667 -0.006666667 0,-0.14 -0.15 9.87,0 0 0,27
241,01101001,00000000,0.99993896 0.008300781 0.0076904297 -0.004638672,-0.0055555557 -0.0044444446 0,-0.13 -0.14 9.88,0 0 0,27
242,01101001,00000000,0.99993896 0.007873535 0.007751465 -0.004638672,-0.0011111111 0 0,-0.13 -0.16 9.86,0 0 0,27
243,01101001,00000000,0.99993896 0.007507324 0.007751465 -0.004638672,0.008888889 0.0055555557 0.0011111111,-0.13 -0.15 9.89,0 0 0,27
244,01101001,00000000,0.99993896 0.0072021484 0.007751465 -0.004638672,-0.0022222223 0.0022222223 0,-0.11 -0.15 9.88,0 0 0,27
245,01101001,00000000,0.9998779 0.0068969727 0.007751465 -0.004638672,-0.01 -0.0044444446 0,-0.13 -0.14 9.87,0 0 0,27
246,01101001,00000000,0.9998779 0.00592041 0.0076904297 -0.004638672,-0.014444444 -0.0044444446 0.0011111111,-0.13 -0.14 9.88,0 0 0,27
247,01101001,00000000,0.9998779 0.005554199 0.0076904297 -0.004638672,-0.0055555557 -0.0055555557 0.0033333334,-0.11 -0.15 9.87,0 0 255,27
248,01101001,00000000,0.9998779 0.005554199 0.0076904297 -0.004638672,0.0055555557 0.0055555557 0,-0.14 -0.14 9.87,0 0 0,27
249,01101001,00000000,0.9998779 0.005554199 0.0076904297 -0.004638672,0.0044444446 0.0033333334 0.0022222223,-0.15 -0.15 9.87,0 0 0,27
250,01101001,00000000,0.9998779 0.005554199 0.0076904297 -0.004638672,-0.0033333334 -0.0022222223 0.0022222223,-0.14 -0.15 9.88,0 0 0,27
251,01101001,00000000,0.9998779 0.005493164 0.0076293945 -0.004638672,-0.008888889 -0.0055555557 0,-0.14 -0.15 9.86,0 0 0,27
252,01101001,00000000,0.9998779 0.005432129 0.0076293945 -0.004638672,-0.0011111111 0.006666667 0.0022222223,-0.14 -0.13 9.88,0 0 0,27
253,01101001,00000000,0.9998779 0.005493164 0.0076293945 -0.004638672,0.011111111 0.008888889 0,-0.14 -0.15 9.87,0 0 0,27
254,01101001,00000000,0.9998779 0.005859375 0.0076904297 -0.004638672,0.01 0.0044444446 0.0011111111,-0.13 -0.17 9.85,0 0 0,27
255,01101001,00000000,0.9998779 0.005859375 0.0076904297 -0.004638672,0.0011111111 -0.0011111111 -0.0011111111,-0.14 -0.15 9.88,0 0 0,27
0,01101001,00000000,0.9998779 0.005859375 0.0076904297 -0.004638672,-0.0044444446 -0.0033333334 -0.0033333334,-0.14 -0.13 9.86,0 0 0,27
1,01101001,00000000,0.9998779 0.005859375 0.0076904297 -0.004638672,-0.0011111111 0 0,-0.14 -0.14 9.85,0 0 0,27
2,01101001,00000000,0.9998779 0.005859375 0.0076904297 -0.004638672,0.008888889 0.006666667 -0.0044444446,-0.15 -0.13 9.87,0 0 0,27
3,01101001,00000000,0.9998779 0.0059814453 0.0076904297 -0.004638672,0.008888889 0.0033333334 -0.0055555557,-0.13 -0.16 9.89,0 0 0,27
4,01101001,00000000,0.9998779 0.0059814453 0.0076904297 -0.004638672,0.0022222223 0.0022222223 -0.0055555557,-0.14 -0.14 9.87,0 0 0,27
5,01101001,00000000,0.9998779 0.005859375 0.0076904297 -0.004638672,-0.01 -0.0055555557 0,-0.14 -0.12 9.87,0 0 0,27
6,01101001,00000000,0.9998779 0.0056762695 0.0076904297 -0.004638672,-0.0044444446 0 0.0022222223,-0.15 -0.14 9.88,0 0 0,27
7,01101001,00000000,0.9998779 0.0056762695 0.0076904297 -0.004638672,0.0022222223 0 0.0022222223,-0.13 -0.15 9.88,0 0 0,27
8,01101001,00000000,0.9998779 0.0056762695 0.0076904297 -0.004638672,0.0055555557 0.0044444446 0.0011111111,-0.15 -0.14 9.87,0 0 0,27
9,01101001,00000000,0.9998779 0.0056762695 0.0076904297 -0.004638672,-0.0033333334 -0.0022222223 0.0011111111,-0.13 -0.14 9.87,0 0 0,27
10,01101001,00000000,0.9998779 0.005554199 0.0076904297 -0.004638672,-0.012222222 -0.0055555557 0.0011111111,-0.13 -0.15 9.86,0 0 0,27
11,01101001,00000000,0.9998779 0.0049438477 0.007751465 -0.004638672,-0.012222222 -0.0011111111 0.0011111111,-0.16 -0.13 9.86,0 0 0,27
12,01101001,00000000,0.9998779 0.0048828125 0.007751465 -0.004638672,-0.0011111111 -0.0044444446 0.0022222223,-0.15 -0.13 9.88,0 0 0,27
13,01101001,00000000,0.9998779 0.0049438477 0.007751465 -0.004638672,0.0033333334 0.0033333334 -0.0011111111,-0.14 -0.14 9.88,0 0 0,27
14,01101001,00000000,0.9998779 0.0049438477 0.007751465 -0.004638672,-0.0011111111 -0.0011111111 -0.0011111111,-0.14 -0.12 9.88,0 0 0,27
15,01101001,00000000,0.9998779 0.0049438477 0.007751465 -0.004638672,-0.006666667 0 -0.0022222223,-0.15 -0.13 9.84,0 0 0,27
16,01101001,00000000,0.9998779 0.0049438477 0.007751465 -0.004638672,-0.0055555557 0 0,-0.14 -0.15 9.86,0 0 0,27
17,01101001,00000000,0.9998779 0.0049438477 0.007751465 -0.004638672,0.006666667 0.0033333334 0.0011111111,2.43 -2.56 9.88,0 0 0,27
18,01101001,00000000,0.9998779 0.005126953 0.007751465 -0.004638672,0.012222222 0.0044444446 -0.0011111111,-0.14 -0.15 9.86,0 0 0,27
19,01101001,00000000,0.9998779 0.0053100586 0.0076904297 -0.004638672,0.0055555557 0.0055555557 -0.0022222223,-0.12 -0.14 9.84,0 0 0,27
20,01101001,00000000,0.9998779 0.0053100586 0.0076904297 -0.004638672,-0.0022222223 0.0022222223 -0.0011111111,-0.14 -0.14 9.87,0 0 0,27
21,01101001,00000000,0.9998779 0.0053100586 0.0076904297 -0.004638672,-0.0055555557 0.0033333334 0.0011111111,-0.13 -0.14 9.89,0 0 0,27
22,01101001,00000000,0.9998779 0.0053100586 0.0076904297 -0.004638672,0.0011111111 0.0022222223 -0.0011111111,-0.13 -0.15 9.88,0 0 0,27
23,01101001,00000000,0.9998779 0.0053100586 0.0076904297 -0.004638672,0.006666667 0.0011111111 -0.0011111111,-0.12 -0.15 9.89,0 0 0,27
24,01101001,00000000,0.9998779 0.0053100586 0.0076904297 -0.004638672,0.0033333334 0.0011111111 -0.0022222223,-0.14 -0.13 9.86,0 0 0,27
25,01101001,00000000,0.9844971 0.0053100586 0.0076904297 -0.004638672,-0.008888889 -3.9833333 -10.241111,-0.14 -0.14 9.87,0 0 0,27
26,01101001,00000000,0.9998779 0.005004883 0.007751465 -0.004638672,-0.01 0.0011111111 -0.0011111111,-0.15 -0.15 9.85,0 0 0,27
27,01101001,00000000,0.9998779 0.005004883 0.007751465 -0.004638672,-0.0044444446 -0.0022222223 0.0033333334,-0.13 -0.13 9.87,0 0 0,27
28,01101001,00000000,0.9998779 0.005004883 0.007751465 -0.004638672,0.0033333334 0 -0.0011111111,-0.14 -0.14 9.89,0 0 0,27
29,01101001,00000000,0.9998779 0.005004883 0.007751465 -0.004638672,0 -0.0022222223 0.0022222223,-0.13 -0.12 9.86,0 0 0,27
30,01101001,00000000,0.9998779 0.005004883 0.007751465 -0.004638672,-0.01 -0.0055555557 0,-0.14 -0.15 9.87,0 0 0,27
31,01101001,00000000,0.9998779 0.0048217773 0.007751465 -0.004638672,-0.008888889 0 0.0022222223,-0.15 -0.14 9.91,0 0 0,27
32,01101001,00000000,0.9998779 0.004760742 0.007751465 -0.004638672,-0.0055555557 -0.0011111111 0.0022222223,-0.13 -0.16 9.88,0 0 0,27
33,01101001,00000000,0.9998779 0.004760742 0.007751465 -0.004638672,0.0022222223 0.0011111111 0.0011111111,-0.13 -0.15 9.86,0 0 0,27
34,01101001,00000000,0.9998779 0.004760742 0.007751465 -0.004638672,0.006666667 0.0055555557 0.0022222223,2.43 -2.56 -0.01,0 0 0,27
35,01101001,00000000,0.9998779 0.004760742 0.007751465 -0.004638672,0 0.0011111111 0.0044444446,-0.14 -0.17 9.89,0 0 0,27
36,01101001,00000000,0.9998779 0.004760742 0.007751465 -0.004638672,-0.0044444446 -0.0011111111 0.0011111111,-0.13 -0.15 9.87,0 0 0,27
37,01101001,00000000,0.9998779 0.004760742 0.007751465 -0.004638672,0.0055555557 0 0,-0.12 -0.13 9.87,0 0 0,27
38,01101001,00000000,0.9998779 0.0048217773 0.007751465 -0.004638672,0.012222222 0.0033333334 0,-0.13 -0.15 9.87,0 0 0,27
39,01101001,00000000,0.9998779 0.0053710938 0.0076904297 -0.004638672,0.011111111 0.0022222223 -0.0011111111,-0.13 -0.15 9.88,0 0 0,27
40,01101001,00000000,0.9998779 0.005432129 0.0076904297 -0.004638672,0.0044444446 0 -0.0044444446,-0.15 -0.15 9.87,0 0 0,27
41,01101001,00000000,0.9998779 0.005432129 0.0076904297 -0.004638672,-0.0044444446 -0.0011111111 0,-0.14 -0.15 9.84,0 0 0,27
42,01101001,00000000,0.9844971 0.005432129 0.0076904297 -0.004638672,-0.0011111111 -0.0022222223 -9.956667,-0.13 -0.14 9.85,0 0 0,27
43,01101001,00000000,0.9998779 0.005432129 0.0076904297 -0.004638672,0.0055555557 0.0022222223 -0.0011111111,-0.15 -0.14 9.86,0 0 0,27
44,01101001,00000000,0.9998779 0.005432129 0.0076904297 -0.004638672,0.0055555557 -0.0033333334 -0.0011111111,-0.15 -0.14 9.87,0 0 0,27
45,01101001,00000000,0.9998779 0.005432129 0.0076904297 -0.004638672,-0.0044444446 -0.0011111111 -0.0033333334,-0.15 -0.13 9.86,0 0 0,27
46,01101001,00000000,0.9998779 0.005432129 0.0076904297 -0.004638672,-0.008888889 -0.0044444446 -0.0011111111,-0.14 -0.16 9.9,0 0 0,27
47,01101001,00000000,0.9998779 0.0053710938 0.0076904297 -0.004638672,-0.007777778 -0.006666667 -0.0022222223,-0.13 -0.12 9.87,0 0 0,27
48,01101001,00000000,0.9998779 0.0053710938 0.0076904297 -0.004638672,-0.0011111111 -0.0044444446 0,-0.13 -0.14 9.87,0 0 0,27
49,01101001,00000000,0.9998779 0.0053710938 0.0076904297 -0.004638672,0.0022222223 0.0044444446 0.0022222223,-0.14 -0.17 9.85,0 0 0,27
50,01101001,00000000,0.9998779 0.0053710938 0.0076904297 -0.004638672,-0.0022222223 0.0011111111 0,-0.13 -0.15 9.9,0 0 0,27
51,01101001,00000000,0.9998779 0.0053710938 0.0076904297 -0.004638672,-0.0055555557 0 0.0022222223,-0.14 -0.16 -0.01,0 0 0,27
52,01101001,00000000,0.9998779 0.0053710938 0.0076904297 -0.004638672,-0.006666667 -0.0044444446 0,-0.12 -0.13 9.89,0 0 0,27
53,01101001,00000000,0.9998779 0.0053710938 0.0076904297 -0.004638672,0 -0.0022222223 0.0022222223,-0.16 -0.14 9.85,0 0 0,27
54,01101001,00000000,0.9998779 0.0053710938 0.0076904297 -0.004638672,0.01 0.0055555557 -0.0011111111,-0.14 -0.14 9.88,0 0 0,27
55,01101001,00000000,0.9998779 0.0053710938 0.0076904297 -0.004638672,0.0033333334 0.0011111111 -0.0011111111,-0.14 -0.14 9.88,0 0 0,27
56,01101001,00000000,0.9998779 0.0053710938 0.0076904297 -0.004638672,-0.0011111111 0.0033333334 -0.0011111111,-0.15 -0.16 9.85,0 0 0,27
57,01101001,00000000,0.9998779 0.0053710938 0.0076904297 -0.004638672,0 0.0033333334 0,-0.14 -0.14 9.87,0 0 0,27
58,01101001,00000000,0.9998779 0.0053710938 0.0076904297 -0.004638672,0.0033333334 0.0011111111 0.0011111111,-0.13 -0.14 9.88,0 0 0,27
59,01101001,00000000,0.9844971 0.0053710938 0.0076904297 -0.004638672,0.006666667 0.0033333334 -0.0011111111,-0.15 -0.14 9.85,0 0 0,27
60,01101001,00000000,0.9998779 0.005493164 0.0076904297 -0.004638672,0.0055555557 0.0044444446 0,-0.14 -0.13 9.88,0 0 0,27
61,01101001,00000000,0.9998779 0.005493164 0.0076904297 -0.004638672,-0.0033333334 -0.0022222223 -0.0011111111,-0.14 -0.14 9.88,0 0 0,27
62,01101001,00000000,0.9998779 0.005493164 0.0076904297 -0.004638672,-0.0055555557 -0.0055555557 0.0011111111,-0.14 -0.15 9.87,0 0 0,27
63,01101001,00000000,0.9998779 0.005493164 0.0076904297 -0.004638672,-0.0022222223 0 0,-0.15 -0.13 9.9,0 0 0,27
64,01101001,00000000,0.9998779 0.005493164 0.0076904297 -0.004638672,0.0044444446 0 0,-0.14 -0.13 9.88,0 0 0,27
65,01101001,00000000,0.9998779 0.005493164 0.0076904297 -0.004638672,0.0033333334 -0.0011111111 0,-0.14 -0.12 9.88,0 0 0,27
66,01101001,00000000,0.9998779 0.005493164 0.0076904297 -0.004638672,-0.0044444446 -0.0022222223 -0.0011111111,-0.13 -0.13 9.88,0 0 0,27
67,01101001,00000000,0.9998779 0.005493164 0.0076904297 -0.004638672,-0.01 -0.008888889 -0.0022222223,-0.13 -0.14 9.88,0 0 0,27
68,01101001,00000000,0.9998779 0.005493164 0.0076904297 -0.004638672,-0.0044444446 -0.0022222223 0,-0.13 -0.15 237.73,0 0 0,27
69,01101001,00000000,0.9998779 0.005493164 0.0076904297 -0.004638672,0 0.0011111111 0.0011111111,-0.13 -0.15 9.87,0 0 0,27
70,01101001,00000000,0.9998779 0.005493164 0.0076904297 -0.004638672,0.0011111111 0.0033333334 -0.0011111111,-0.14 -0.14 9.86,0 0 0,27
71,01101001,00000000,0.9998779 0.005493164 0.0076904297 -0.004638672,0.0022222223 0.0011111111 0,-0.12 -0.14 9.88,0 0 0,27
72,01101001,00000000,0.9998779 0.005493164 0.0076904297 -0.004638672,-0.006666667 -0.0033333334 0,-0.16 -0.13 9.88,0 0 0,27
73,01101001,00000000,0.9998779 0.005493164 0.0076904297 -0.004638672,-0.0022222223 -0.0033333334 0.0011111111,-0.15 -0.16 9.85,0 0 0,27
74,01101001,00000000,0.9998779 0.005493164 0.0076904297 -0.004638672,0.0055555557 0.0011111111 0,-0.14 -0.13 9.86,0 0 0,27
75,01101001,00000000,0.9998779 0.0056152344 0.0076904297 -0.004638672,0.007777778 0.0033333334 0,-0.14 -0.14 9.85,0 0 0,27
76,01101001,00000000,0.9998779 0 0 -0.015625,-0.0011111111 -0.0022222223 -0.0022222223,-0.14 -0.12 9.86,0 0 0,27
77,01101001,00000000,0.9998779 0.0056152344 0.0076904297 -0.004638672,-0.0044444446 -0.0011111111 0,-0.15 -0.12 9.87,0 0 0,27
78,01101001,00000000,0.9998779 0.0056152344 0.0076904297 -0.004638672,0.0044444446 0 -0.0011111111,-0.15 -0.12 9.91,0 0 0,27
79,01101001,00000000,0.9998779 0.0056152344 0.0076904297 -0.004638672,0.0055555557 0.0011111111 -0.0011111111,-0.14 -0.14 9.89,0 0 0,27
80,01101001,00000000,0.9998779 0.0056152344 0.007751465 -0.004638672,0.006666667 0.0011111111 -0.0044444446,-0.14 -0.14 9.88,0 0 0,27
81,01101001,00000000,0.9998779 0.0056152344 0.007751465 -0.004638672,0.0022222223 0.0011111111 -0.0011111111,-0.16 -0.14 9.85,0 0 0,27
82,01101001,00000000,0.9998779 0.0056152344 0.007751465 -0.004638672,-0.0055555557 -0.0022222223 0.0022222223,-0.15 -0.14 9.87,0 0 0,27
83,01101001,00000000,0.9998779 0.0056152344 0.007751465 -0.004638672,-0.0033333334 0.0011111111 0.0011111111,-0.13 -0.15 9.86,0 0 0,27
84,01101001,00000000,0.9998779 0.0056152344 0.007751465 -0.004638672,-0.0022222223 0.006666667 0.0022222223,-0.13 -0.13 9.81,0 0 0,27
85,01101001,00000000,0.9998779 0.0056152344 0.007751465 -0.004638672,0.0044444446 0.0033333334 -0.0022222223,-0.12 -0.15 9.86,127 180 -1,27
86,01101001,00000000,0.9998779 0.0056152344 0.007751465 -0.004638672,-0.007777778 -0.0044444446 0.0011111111,-0.14 -0.12 9.86,0 0 0,27
87,01101001,00000000,0.9998779 0.0056152344 0.007751465 -0.004638672,-0.0055555557 -0.0022222223 0.0011111111,-0.14 -0.15 9.87,0 0 0,27
88,01101001,00000000,0.9998779 0.0056152344 0.007751465 -0.004638672,-0.0044444446 0 0.0011111111,-0.13 -0.15 9.88,0 0 0,27
89,01101001,00000000,0.9998779 0.0056152344 0.007751465 -0.004638672,0.0011111111 0.0044444446 0.0011111111,-0.15 -0.15 9.85,0 0 0,27
90,01101001,00000000,0.9998779 0.0056152344 0.007751465 -0.004638672,0.006666667 0.0022222223 0.0033333334,-0.14 -0.15 9.87,0 0 0,27
91,01101001,00000000,0.9998779 0.005554199 0.007751465 -0.004638672,-0.011111111 -0.0044444446 0,-0.13 -0.12 9.88,0 0 0,27
92,01101001,00000000,0.9998779 0.0052490234 0.007751465 -0.004638672,-0.012222222 -0.0044444446 0.0011111111,-0.12 -0.16 9.85,0 0 0,27
93,01101001,00000000,0.9998779 0.0052490234 0 -0.015625,-0.0022222223 -0.0033333334 0.0011111111,-0.15 -0.15 9.86,0 0 0,27
94,01101001,00000000,0.9998779 0.0052490234 0.007751465 -0.004638672,0.0033333334 0.0044444446 -0.0011111111,-0.13 -0.14 9.88,0 0 0,27
95,01101001,00000000,0.9998779 0.0053100586 0.007751465 -0.004638672,0.0033333334 0.0055555557 -0.0022222223,-0.13 -0.15 9.86,0 0 0,27
96,01101001,00000000,0.9998779 0.004760742 0.008056641 -0.0040893555,-0.06 0.02111111 0.101111114,-0.45 -0.35 9.9,0 0 0,27
97,01101001,00000000,0.99957275 -0.010498047 0.014526367 0.020141602,-0.34888887 0.20666666 0.5188889,-0.22 -0.36 9.94,0 0 0,27
98,01101001,00000000,0.9985962 -0.009643555 0.010437012 0.049987793,0.13444445 -0.19666667 0.46555555,-0.06 -0.37 9.88,0 0 0,27
99,01101001,00000000,0.9974365 0.0029907227 0.003540039 0.07019043,0.30333334 -0.055555556 0.15,0.05 -0.34 9.74,0 0 0,27
100,01101001,00000000,0.99658203 0.008483887 0.022338867 0.07824707,0.3422222 -0.18444444 0.11111111,-0.71 -0.22 9.91,0 0 0,27
101,01101001,00000000,0.9963379 0.010864258 0.013061523 0.08319092,-0.15222222 0.06888889 0.083333336,-0.51 -0.25 9.89,0 0 0,27
102,01101001,00000000,0.9963379 0.004333496 -0.005859375 0.0848999,-0.18333334 0.015555556 0.03,0.37 -0.11 9.75,0 112 1279,27
103,01101001,00000000,0.996521 -0.0021362305 -0.00793457 0.08251953,-0.104444444 -0.2588889 -0.29222223,-0.32 0.15 9.84,0 0 0,27
104,01101001,00000000,0.99780273 0.007019043 0.023132324 0.06121826,0.23555556 0.33 -0.33888888,-1.32 -0.01 9.88,0 0 0,27
105,01101001,00000000,0.9984131 0.0045166016 0.021972656 0.049987793,-0.19444445 0.4077778 0.06333333,0.09 -0.12 9.75,0 0 0,27
106,01101001,00000000,0.9977417 -0.0063476562 0.013183594 0.064575195,-0.19333333 -0.50222224 0.28111112,-0.03 -0.17 9.79,0 0 0,27
107,01101001,00000000,0.99731445 -0.0059814453 0.009155273 0.071777344,0.033333335 0.08777778 -0.08111111,-0.32 -0.41 9.88,0 0 0,27
108,01101001,00000000,0.9977417 0.0018310547 0.014892578 0.06530762,0.04888889 0.018888889 0.02111111,-0.35 0 9.84,0 0 0,27
109,01101001,00000000,0.99749756 -0.00091552734 0.012512207 0.06890869,0.014444444 -0.12555556 0.05888889,-0.15 -0.15 9.86,0 0 0,27
110,01101001,00000000,0.9974365 0.0048828125 0.013427734 -0.015625,0.12222222 0.04888889 -0.027777778,-0.1 -0.26 9.84,0 0 0,27
111,01101001,00000000,0.99768066 0.0065307617 0.006958008 0.06713867,0.12777779 -0.23 0.05888889,-0.32 -0.23 9.85,0 0 0,27
112,01101001,00000000,0.99749756 0.0076904297 0.007507324 0.06866455,0.11666667 0.10666667 0.018888889,-0.19 -0.21 9.88,0 0 0,27
113,01101001,00000000,0.99731445 0.0076904297 0.009765625 0.07208252,0.025555555 -0.07111111 0.19111112,-0.24 -0.11 9.89,0 0 0,27
114,01101001,00000000,0.9970703 0.008422852 0.0009765625 0.07543945,-0.17333333 -0.054444443 0.04222222,-0.11 0.15 9.86,0 0 0,27
115,01101001,00000000,0.9970093 0.007446289 0.0010986328 0.07562256,-0.1388889 -0.12222222 -0.1,-0.27 -0.2 9.95,0 0 0,27
116,01101001,00000000,0.9970093 0.007751465 0.0010375977 0.076416016,-0.26222223 0.14666666 -0.12111111,-0.02 0.15 9.85,0 0 0,27
117,01101001,00000000,0.9957886 0.0030517578 0.010375977 0.09088135,0.1 0.41555557 0.09111111,-0.01 -0.14 9.84,0 0 0,27
118,01101001,00000000,0.9954834 0.005126953 0.024353027 0.09106445,0.30444443 0.035555556 -0.3588889,-0.42 0.03 9.84,0 0 0,27
119,01101001,00000000,0.99713135 0.018859863 0.010314941 0.0715332,0.06666667 -0.24333334 -0.40666667,-0.4 0.2 9.82,0 0 255,27
120,01101001,00000000,0.99731445 0.013977051 0.017028809 0.0690918,-0.24444444 0.19444445 0.07,-0.33 -0.13 9.93,0 0 0,27
121,01101001,00000000,0.9974365 0.005554199 0.014282227 0.06921387,-0.18111111 -0.023333333 -0.018888889,-0.14 0.15 9.87,0 0 0,27
122,01101001,00000000,0.9975586 0.00030517578 0.012939453 0.06750488,-0.012222222 -0.06666667 -0.036666665,-0.24 -0.09 9.85,0 0 0,27
123,01101001,00000000,0.99798584 -0.0015869141 0.015563965 0.061035156,0.12888889 -0.12888889 -0.018888889,-0.31 -0.33 9.95,0 0 0,27
124,01101001,00000000,0.99798584 0.00793457 0.015563965 0.0602417,0.16888888 -0.16111112 -0.03,-0.27 -0.17 9.88,0 0 0,27
125,01101001,00000000,0.99823 0.011291504 0.010864258 0.056518555,0.08777778 -0.034444444 -0.013333334,-0.12 -0.14 9.78,0 0 0,27
126,01101001,00000000,0.998291 0.012207031 0.010681152 0.05517578,0.08555555 -0.0033333334 0.0022222223,-0.22 -0.18 9.83,0 0 0,27
127,01101001,00000000,0.99816895 0.013061523 0.010070801 0.057006836,-0.0022222223 -0.008888889 -0.06111111,-0.08 0.11 9.9,0 0 0,27
128,01101001,00000000,0.99835205 0.013183594 0.009643555 0.053955078,-0.016666668 0.0011111111 -0.10222222,-0.22 0.02 9.89,0 0 0,27
129,01101001,00000000,0.99835205 0.011108398 0.0099487305 0.053710938,-0.07444444 0.043333333 -0.035555556,-0.19 -0.01 9.84,0 0 0,27
130,01101001,00000000,0.9984131 0.010620117 0.009887695 0.052978516,-0.013333334 0.043333333 -0.04111111,-0.17 0.23 9.87,0 0 0,27
131,01101010,00000000,0.9984741 0.0079956055 0.010070801 0.052612305,-0.08888889 0.024444444 -0.016666668,-0.09 -0.03 9.92,0 0 0,27
132,01101010,00000000,0.99823 0.008972168 0.010375977 0.056274414,0.41 -0.45666668 0.04777778,-4.15 -3.57 11.07,0 0 0,27
133,01101010,00000000,0.9907837 -0.0289917 0.09051514 0.096069336,-1.5066667 4.2233334 2.1844444,-5.45 -2.05 9.24,0 0 0,27
134,01101010,00000000,0.9800415 -0.028625488 0.10858154 0.16375732,-0.4977778 -1.6455555 2.47,-5.45 0.03 9.3,0 0 0,27
135,01101010,00000000,0.9846802 -0.02935791 0.028625488 0.16918945,-0.15555556 -2.9433334 -1.0322223,2.12 -2.72 10.7,0 0 0,27
136,01101010,00000000,0.9876709 -0.011169434 0.0435791 0.1494751,0.91444445 1.8433334 -0.31333333,1.34 0.27 10.3,0 0 0,27
137,01101010,00000000,0.9786377 -0.015014648 0.094177246 0.18206787,-0.5377778 1.1911111 1.4688889,-4.09 0.67 8.94,0 0 0,27
138,01101010,00000000,0.9767456 -0.02960205 0.08306885 0.1951294,-0.6933333 -1.0133333 -0.2211111,-0.72 -1.85 10.55,0 0 0,27
139,01101010,00000000,0.9817505 -0.02520752 0.062194824 0.17749023,0.6111111 -0.71444446 -1.0255556,0.91 -1.28 11.02,0 0 0,27
140,01101010,00000000,0.98809814 -0.003479004 0.05065918 0.14489746,0.70666665 -0.45777777 -1.1466666,-3.33 0.56 8.92,0 0 0,27
141,01101010,00000000,0.9921875 -0.0006713867 0.035705566 0.11907959,0.026666667 -0.6988889 -1.1244445,-2.31 0.16 8.94,0 0 0,27
142,01101010,00000000,0.9944458 0.014526367 0.022155762 0.10107422,0.9255555 -0.59555554 -0.54333335,-0.94 -0.88 9.03,0 0 0,27
143,01101010,00000000,0.9954834 0.027770996 0.012268066 0.089904785,0.086666666 -0.34333333 -0.4677778,0.79 0.94 10.63,0 0 0,27
144,01101010,00000000,0.9972534 0.025512695 0.006652832 0.068359375,-0.04111111 -0.20777778 -0.85888886,-1.86 -0.94 9.9,0 0 0,27
145,01101010,00000000,0.9984131 0.0357666 -0.008422852 0.04119873,0.4722222 -0.85444444 -1.2666667,-151.04 -2.55 9.59,0 0 0,27
146,01101010,00000000,0.99871826 0.046325684 -0.01776123 0.009033203,0.33888888 -0.036666665 -1.2955556,1.02 0.01 10.1,0 0 0,27
147,01101010,00000000,0.9985962 0.049926758 -0.0028076172 -0.0154418945,-0.023333333 0.58 -0.6811111,-0.48 0.24 10.47,0 0 0,27
148,01101010,00000000,0.9985962 0.043151855 0.006286621 -0.028137207,-0.33666667 0.26555556 -0.57,-1.54 0.44 8.51,0 0 0,27
149,01101010,00000000,0.99823 0.03717041 0.0154418945 -0.042785645,-0.13222222 0.48222223 -0.5988889,-0.67 0.27 8.31,0 0 0,27
150,01101010,00000000,0.9977417 0.031921387 0.030761719 -0.04949951,-0.33 0.6488889 -0.20444444,-0.69 0.29 8.47,0 0 0,27
151,01101010,00000000,0.99731445 0.017944336 0.045288086 -0.052856445,-0.53444445 0.38666666 -0.12222222,-0.73 -0.09 10.77,0 0 0,27
152,01101010,00000000,0.9970703 0.013122559 0.0501709 -0.05609131,-0.11777778 0.104444444 0.08888889,-0.85 -0.78 10.54,0 0 0,27
153,01101010,00000000,0.9845581 0.014343262 0.05303955 -0.047729492,0.1388889 -25.03 28.727777,-1.26 -0.88 9.22,0 0 0,27
154,01101010,00000000,0.99749756 0.015991211 0.055236816 -0.039123535,-0.18555556 -0.06888889 0.15555556,-1.58 0 9.22,0 0 0,27
155,01101010,00000000,0.9984741 0.0051879883 0.03729248 -0.038513184,-0.3122222 -0.94222224 -0.0055555557,1.08 -0.9 9.91,0 0 0,27
156,01101010,00000000,0.9990845 0.010253906 0.010620117 -0.038391113,-0.037777778 -1.1422222 -0.16333333,1.85 0.48 9.57,0 0 0,27
157,01101010,00000000,0.99890137 0.0087890625 -0.023620605 -0.03881836,0.20444444 -1.5533333 0.09777778,2.74 -1.28 9.71,0 0 0,27
158,01101010,00000000,0.99645996 0.0099487305 -0.07434082 -0.037231445,-0.02111111 -1.9044445 0.037777778,2.23 0.52 11.47,0 0 0,27
159,01101010,00000000,0.9916992 0.0043945312 -0.12121582 -0.041809082,-0.18 -1.9611111 -0.21444444,2.55 0.29 11.32,0 0 0,27
160,01101010,00000000,0.9838257 0.005493164 -0.1706543 -0.052124023,0.01 -2.3144445 -0.39222223,1.83 -1.02 10.93,0 0 0,27
161,01101010,00000000,0.97442627 0.004760742 -0.21636963 -0.05908203,0.27 -1.46 -0.35555556,1.74 -0.86 8.82,0 0 0,27
162,01101010,00000000,0.96777344 0.008178711 -0.24334717 -0.06384277,-0.023333333 -0.94666666 -0.23444444,-296.36 -2.3 -0.01,0 0 0,27
163,01101010,00000000,0.96258545 0.0126953125 -0.26141357 -0.06945801,0.38333333 -0.6944444 -0.2488889,5.01 -0.13 8.63,0 0 0,27
164,01101010,00000000,0.9593506 0.019897461 -0.27178955 -0.072265625,-0.05666667 -0.14333333 0.024444444,5.84 0.95 8.61,0 0 0,27
165,01101010,00000000,0.96118164 0.016113281 -0.27038574 -0.051879883,-0.115555555 -0.44777778 1.1311111,-0.06 1.56 8.09,0 0 0,27
166,01101010,00000000,0.96936035 -0.0061035156 -0.24273682 -0.0357666,-0.40666667 2.23 0.7511111,3.66 -2.93 10.45,0 0 0,27
167,01101010,00000000,0.9871826 0.023376465 -0.12286377 0.09869385,2.9566667 5.6022224 8.7288885,0.63 1.34 13.5,0 0 0,27
168,01101010,00000000,0.91522217 0.026489258 -0.04663086 0.39916992,0.9777778 1.2966666 14.725555,-2.82 -4.55 14.45,0 0 0,27
169,01101010,00000000,0.6760864 0.094177246 -0.11621094 0.7213745,1.6744444 -5.69 13.393333,-2.37 -10.29 9.13,0 0 0,27
170,01101010,00000000,0.453125 0.24743652 -0.19927979 0.8296509,3.8833334 -7.687778 -17.63889,4.68 -8.71 3.49,0 0 0,27
171,01101010,00000000,0.26708984 0.36132812 -0.19921875 0.8707886,5.2211113 -3.1044445 6.613333,10.48 -3.87 5.27,0 0 0,27
172,01101010,00000000,0.027832031 0.33087158 -0.17895508 0.9260254,3.8333333 2.3344445 11.796667,9.21 0.88 7.9,0 0 0,27
173,01101010,00000000,-0.38250732 0.15252686 -0.24938965 0.8764038,1.1811111 2.67 17.27,-3.62 -5.65 11.59,0 0 0,27
174,01101010,00000000,-0.7158203 0.09680176 -0.22613525 0.6534424,0.76666665 -6.9333334 15.016666,-4.31 -11.21 7.88,0 0 0,27
175,01101010,00000000,-0.8845215 0.14685059 -0.052734375 0.43945312,2.5266666 -9.598889 6.77,4.41 -9.54 3.29,0 0 0,27
176,01101010,00000000,-0.9375 0.09899902 0.14099121 0.30230713,5.67 -4.428889 3.3022223,10.5 -5.02 7.52,0 0 0,27
177,01101010,00000000,-0.9838257 0.04144287 0.12243652 0.12384033,-0.48222223 2.3944445 9.472222,-0.98 9.57 8.36,0 0 0,27
178,01101010,00000000,-0.97698975 0.20166016 0.054992676 -0.04071045,-8.133333 2.0422223 5.2444444,-1.54 -7.14 13.16,0 0 0,27
179,01101010,00000000,-0.9536133 0.29058838 0.03363037 -0.070007324,-0.16444445 -0.6011111 -0.072222225,-2 -1.85 -0.01,0 0 0,27
180,01101010,00000000,-0.97369385 0.16229248 0.121032715 -0.10406494,6.134444 -4.923333 0.28111112,-1.03 -3.71 9.33,0 0 0,27
181,01101010,00000000,-0.97003174 0.054870605 0.16119385 -0.17303467,2.8766668 -0.6488889 3.1322222,3.62 2.97 5.05,0 0 0,27
182,01101010,00000000,-0.94854736 0.026062012 0.0871582 -0.30303955,3.6733334 3.3244445 7.617778,0.52 -3.55 11.87,0 0 0,27
183,01101010,00000000,-0.8239136 -0.07598877 0.124816895 -0.5473633,2.0033333 -6.0122223 9.4777775,-7.37 -0.15 10.38,0 0 0,27
184,01101010,00000000,-0.7391968 -0.14233398 0.2501831 -0.60876465,-0.10555556 -5.398889 2.7344444,6.14 -5.2 5.4,0 0 0,27
185,01101010,00000000,-0.70318604 -0.20098877 0.23944092 -0.63848877,4.112222 0.34111112 2.0611112,3.9 -4.08 7.56,0 0 0,27
186,01101010,00000000,-0.6147461 -0.21032715 0.20465088 -0.7319946,0.6122222 0.5366667 6.0944443,0.97 5.68 7.97,0 0 0,27
187,01101010,00000000,-0.53118896 -0.095947266 0.260437 -0.80651855,-3.3755555 2.7422223 4.661111,3.78 -3.53 10.87,0 0 0,27
188,01101010,00000000,-0.42626953 -0.025878906 0.22363281 -0.8760376,1.8266667 1.6466666 5.9366665,-4.88 -4.77 10.45,0 0 0,27
189,01101010,00000000,-0.2520752 -0.054504395 0.16802979 -0.951416,3.2755556 -1.9811112 8.041111,1.84 -2.2 8.86,0 0 0,27
190,01101010,00000000,-0.03857422 -0.05987549 0.114746094 -0.9907837,3.2677777 -0.7355555 9.575556,1.56 -3.84 7.11,0 0 0,27
191,01101010,00000000,0.26397705 -0.10369873 0.023376465 -0.95861816,3.58 -3.8677778 10.5211115,1.44 -3.98 9.16,0 0 0,27
192,01101010,00000000,0.45031738 -0.18389893 -0.0040283203 -0.8736572,-0.28444445 -2.7177777 6.961111,6.22 -2.49 7.17,0 0 0,27
193,01101010,00000000,0.56433105 -0.18469238 0.032836914 -0.80389404,0.09222222 1.7633333 5.7266665,4.14 -3.36 8.72,0 0 0,27
194,01101010,00000000,0.6867676 -0.13677979 0.074279785 -0.7098999,-0.0011111111 0.9255555 7.346667,-0.7 0.89 9.94,0 0 0,27
195,01101010,00000000,0.79229736 -0.1439209 0.13677979 -0.57684326,-1.8677778 0.66555554 5.4522223,3.29 -3.23 9.96,0 0 0,27
196,01101010,00000000,0.8552246 -0.099487305 0.15093994 -0.48553467,2.5955555 -0.37111112 5.28,-3.25 -4.31 19.2,0 0 0,27
197,01101010,00000000,0.9248047 -0.035949707 0.07672119 -0.37072754,3.1022222 -3.1166666 5.752222,-0.14 -1.49 8.46,0 0 0,27
198,01101010,00000000,0.9673462 -0.0032348633 0.007385254 -0.25317383,1.6188889 -1.7677778 4.9133334,1.85 -1.63 7.69,0 0 0,27
199,01101010,00000000,0.9902954 0.026794434 -0.04748535 -0.12750244,1.34 -1.8522222 4.286667,0.84 -0.79 10.66,0 0 0,27
200,01101010,00000000,0.99035645 0.012145996 -0.110839844 -0.08135986,-0.8744444 -2.3455555 0.48555556,3.06 -1.02 9.72,0 0 0,27
201,01101010,00000000,0.9848633 0.006591797 -0.13208008 -0.11151123,0.3188889 -0.13111112 -1.9144444,0.3 -1.36 8.89,0 0 0,27
202,01101010,00000000,0.9781494 0.034606934 -0.12896729 -0.15893555,0.6888889 0.15777777 -1.6744444,0.46 2.07 9.74,0 0 0,27
203,01101010,00000000,0.97283936 0.03503418 -0.10595703 -0.20263672,-0.6077778 1.1788889 -1.9355556,2.6 0.83 9.92,0 0 0,27
204,01101010,00000000,0.9715576 0 0 -0.015625,0.05888889 2.98 -0.40888888,-1.94 0.98 9.58,0 0 0,27
205,01101010,00000000,0.9763794 0.05657959 0.017700195 -0.20739746,-0.4288889 2.3722222 1.3422222,-1.68 1.2 9.43,0 0 0,27
206,01101010,00000000,0.98394775 0.059814453 0.0836792 -0.14544678,-0.29777777 2.4333334 2.3844445,1.14 -0.95 10.89,0 0 0,27
207,01101010,00000000,0.98809814 0.07745361 0.11578369 -0.06451416,0.20666666 0.95555556 3.6844444,0.17 -0.58 10.48,0 0 0,27
208,01101010,00000000,0.9899292 0.08294678 0.11315918 0.016113281,-0.38777778 -0.12555556 2.961111,1.3 -1.12 9.91,0 0 0,27
209,01101010,00000000,0.9894409 0.07714844 0.103515625 0.06524658,-0.4888889 -0.33 1.3944445,-0.45 -0.6 8.49,0 0 0,27
210,01101010,00000000,0.99316406 0.05908203 0.079833984 0.060913086,-0.8477778 -1.0044445 -0.8688889,-0.27 0.39 11.04,0 0 0,27
211,01101010,00000000,0.99780273 0.034240723 0.05316162 -0.017944336,-0.63222224 -1.3388889 -4.561111,-1.97 -1.06 10.45,0 0 0,27
212,01101010,00000000,0.9857788 0.033203125 0.016906738 -0.16351318,1.1077778 -1.9677777 -6.9244447,-3.81 -0.92 9.79,0 0 0,27
213,01101010,00000000,0.93670654 0.06921387 -0.038513184 -0.34075928,2.5522223 -2.23 -7.9311113,-3.29 0.86 9.02,93 27 -15873,27
214,01101010,00000000,0.83410645 0.13031006 -0.07019043 -0.53131104,2.1088889 -0.24 -7.327778,1.26 2.78 9.12,0 0 0,27
215,01101010,00000000,0.74902344 0.1751709 -0.034729004 -0.63793945,0.26222223 1.8011111 -5.358889,-0.5 2.58 9.43,0 0 0,27
216,01101010,00000000,0.6715088 0.19439697 0.020080566 -0.7147217,-0.74 1.2311112 -4.9144444,-1.38 1.39 9.86,0 0 0,27
217,01101010,00000000,0.55737305 0.18945312 0.08148193 -0.8041382,-0.7777778 0.66555554 -5.698889,-2.51 0.66 8.92,0 0 0,27
218,01101010,00000000,0.42578125 0.17333984 0.11828613 -0.8800659,-0.21333334 0.05 -6.8377776,-1.92 0.9 10.63,0 0 0,27
219,01101010,00000000,0.25805664 0.13250732 0.12854004 -0.9482422,1.0544444 -1.5766667 -8.3122225,-3.97 -0.56 9.58,0 0 0,27
220,01101010,00000000,0.05432129 0.06347656 0.09112549 -0.9923096,2.8411112 -2.471111 -9.11,-4.05 -0.28 9.53,0 0 0,27
221,01101010,00000000,-0.18463135 0.005065918 0.0009765625 -0.015319824,3.3822222 -0.70666665 -7.978889,0.73 2.48 9.53,0 0 0,27
222,01101010,00000000,-0.3133545 0.016357422 -0.055908203 -0.94781494,1.8177778 1.5422223 -4.368889,0.36 2.95 9.59,0 0 0,27
223,01101010,00000000,-0.37524414 0.046325684 -0.08917236 -0.92144775,0.64111114 1.3077778 -2.0655556,-0.43 1.92 9.83,0 0 0,27
224,01101010,00000000,-0.4046631 0.06402588 -0.10510254 -0.9060669,0.41111112 0.57555556 -1.08,-0.01 0.31 9.61,0 0 0,27
225,01101010,00000000,-0.42718506 0.070007324 -0.10992432 -0.8946533,-0.045555554 0.04888889 -0.8688889,-0.55 0.89 10.75,0 0 0,27
226,01111011,00000000,-0.46228027 0.07727051 -0.08691406 -0.8790283,-1.1111112 -0.47 -2.42,-0.96 0.35 11.11,0 0 0,27
227,01111011,00000000,-0.5217285 0.074523926 -0.05645752 -0.8479004,-0.91444445 -1.1055555 -3.8633332,-1.7 -0.68 9.86,4 4 4,27
228,01111011,00000000,-0.60736084 0.038635254 -0.035461426 -0.7926636,1.7811111 -3.8233333 -8.731112,-3.62 -3.28 11.74,8 8 4,27
229,01111011,00000000,-0.72528076 -0.034179688 -0.02154541 -0.6871338,3.1388888 -4.788889 -11.971111,-1.38 1.92 11.17,20 12 4,27
230,01111011,00000000,-0.8768921 -0.1159668 -0.020202637 -0.46588135,2.8744445 -3.3866668 -14.466666,-1.65 2.17 7.86,43 108 14847,27
231,01111011,00000000,-0.95336914 -0.1519165 -0.03656006 -0.25811768,2.3 -1.7011111 -15.797778,-2.15 1.24 9.9,89 19 5,27
232,01111011,00000000,-0.9816284 -0.17816162 -0.060546875 -0.028625488,2.6 -1.23 -16.35,-2.93 0.29 9.93,145 22 6,27
233,01111011,00000000,-0.9351196 -0.19830322 -0.11187744 0.2711792,2.3211112 0.17444444 -16.096666,-0.98 -0.27 10.3,201 25 9,27
234,01111011,00000000,-0.8457031 -0.2053833 -0.1743164 0.46063232,1.8944445 2.3277779 -15.087778,-2.09 -1.16 9.46,255 22 12,27
235,01111011,00000000,-0.7304077 -0.20654297 -0.24121094 0.6046753,1.1066667 3.3455555 -12.657778,-4.31 -0.12 9.71,280 3 16,27
236,01111011,00000000,-0.56970215 -0.1940918 -0.29833984 0.7406616,1.2666667 2.201111 -10.903334,-6.11 -2.29 8.84,277 4 20,27
237,01111011,00000000,-0.45306396 -0.18115234 -0.29180908 0.8225708,3.1977777 0.44333333 -9.537778,-6.87 -3.3 7.8,275 4 23,27
238,01111011,00000000,-0.33685303 -0.15753174 -0.23773193 -0.014465332,6.128889 -2.2933333 -8.902223,-7.62 -3.02 8.11,277 4 26,27
239,01111011,00000000,-0.16271973 -0.101501465 -0.12731934 0.9730835,6.8155556 -3.3811111 -9.577778,-6.55 0.75 8.76,300 4 29,27
240,01111011,00000000,-0.017578125 -0.07537842 -0.06573486 0.994751,5.12 -1.4811112 -10.091111,0.32 3.57 7.87,300 4 31,27
241,01111011,00000000,0.10461426 -0.09698486 -0.035095215 0.9890747,2.0422223 2.9744444 -7.3,-1.72 3.08 9.38,300 4 33,27
242,01111011,00000000,0.1772461 -0.13745117 -0.016540527 0.9743042,1.2988889 2.9822223 -3.7722223,-4.12 1.03 10.72,300 4 34,27
243,01111011,00000000,0.21875 -0.15234375 0.013977051 0.96362305,1.8477777 0.7488889 -1.6322222,-5.11 -0.9 10.64,297 4 36,27
244,01111011,00000000,0.24060059 -0.13433838 0.04345703 0.9602051,2.6788888 -0.8711111 -1.17,-0.14 -0.6 10.62,297 4 37,27
245,01111011,00000000,0.2574463 -0.121520996 0.078430176 0.9553833,2.6311111 0.14 -0.5655556,1.66 0.63 9.15,300 8 28,27
246,01111011,00000000,0.24725342 -0.1260376 0.11651611 0.95355225,1.6 1.0077778 1.0211111,-0.05 2.59 8.83,300 7 20,27
247,01111011,00000000,0.21954346 -0.12640381 0.12017822 0.95983887,-0.6755555 -0.18777777 2.0033333,-1.74 2.34 9.39,300 4 255,27
248,01111011,00000000,0.20263672 -0.1126709 0.095947266 0.96795654,-1.9666667 -1.63 0.5377778,-1.25 0.1 9.34,296 4 16,27
249,01111011,00000000,0.2321167 -0.08734131 0.05407715 0.9672241,-1.6444445 -1.8888888 -2.0844445,0.41 -2.27 10.54,292 4 8,27
250,01111011,00000000,0.28826904 -0.07281494 0.04071045 0.9538574,0.16444445 -1.1777778 -4.557778,-1.73 -1.92 10.86,288 8 4,27
251,01111011,00000000,0.36218262 -0.054992676 0.038269043 0.9296875,0.77 -1.4366666 -5.838889,-2.61 -0.08 11.42,284 12 4,27
252,01111011,00000000,0.48828125 -0.02166748 0.028259277 0.8718872,0.54333335 -2.0066667 -7.556667,-3.26 0.1 9.82,284 16 4,27
253,01111011,00000000,0.6018677 0.0072021484 0.02557373 0.79803467,1.5722222 -1.8344444 -10.024445,-3.83 -1.82 9.93,285 20 4,27
254,01111011,00000000,0.7142334 0.0423584 0.046447754 0.69696045,3.4088888 -1.0577778 -10.718889,-3.86 -2.33 9.29,292 24 4,27
255,01111011,00000000,0.8060913 0.087646484 0.088134766 0.5784912,4.8055553 -0.63 -10.277778,-5.84 -0.36 8.94,300 27 4,27
0,01111011,00000000,0.88879395 0.14355469 0.14172363 0.41137695,3.7855556 -0.56666666 -9.355556,-4.58 3.69 7.35,300 30 4,27
1,01111011,00000000,0.93048096 0.15423584 0.16851807 0.28607178,1.4577777 -0.20555556 -9.171111,-3.18 3.56 8.36,300 26 4,27
2,01111011,00000000,0.9659424 0.119140625 0.19555664 0.11987305,-0.4811111 0.17555556 -9.274445,-4.27 2.5 8.53,300 21 5,27
3,01111011,00000000,0.97406006 0.07849121 0.21179199 -0.010009766,-0.7222222 0.20333333 -9.731112,-3.98 -1.18 10.3,300 14 8,27
4,01111011,00000000,0.9628906 0.05255127 0.2197876 -0.1472168,0.93222225 -0.14 -9.853333,-5.86 -2.65 9.39,295 4 12,27
5,01111011,00000000,0.9176636 0.05456543 0.20770264 -0.33422852,2.8233333 -0.64 -9.807777,-5.77 -1.64 9.56,293 4 16,27
6,01111011,00000000,0.86053467 0.06719971 0.17840576 -0.47229004,3.8311112 -1.4555556 -10.086667,-6.03 0.59 7.84,300 4 19,27
7,01111011,00000000,0.7799072 0.075927734 0.14379883 -0.60424805,3.5811112 -1.3533334 -10.554444,-4.44 0.88 8.68,300 4 22,27
8,01111011,00000000,0.63916016 0.08868408 0.105407715 -0.75653076,3.441111 -0.60333335 -10.581111,-4.95 0.36 8.55,300 4 25,27
9,01111011,00000000,0.5234375 0.107666016 0.08087158 -0.84124756,3.4822223 0.47 -9.257778,-4.53 0.51 9.58,300 4 28,27
10,01111011,00000000,0.41601562 0.12963867 0.059020996 -0.8980713,3.041111 0.6988889 -7.582222,-4.72 1.77 9.73,300 5 30,27
11,01111011,00000000,0.29797363 0.15118408 0.04711914 -0.9412842,1.7133334 0.78444445 -6.1422224,-3.22 3.26 8.75,300 4 33,27
12,01111011,00000000,0.22955322 0.16278076 0.058898926 -0.95770264,-0.18111111 1.1711111 -4.558889,-1.93 2.24 9.71,300 4 36,27
13,01111011,00000000,0.17797852 0.17706299 0.08026123 -0.9645996,-0.73777777 1.5111111 -3.3177779,-1.59 0.23 9.96,299 4 39,27
14,01111011,00000000,0.13568115 0.19610596 0.097961426 -0.9661865,-0.21555555 1.221111 -2.0222223,-2.72 -0.79 10.34,296 4 42,27
15,01111011,00000000,0.11859131 0.20019531 0.09515381 -0.9678345,0.48333332 0.31777778 -1.0833334,-2.23 -0.64 10.09,293 4 45,27
16,01111011,00000000,0.103271484 0.1906128 0.085754395 -0.9723511,0.8322222 -0.93333334 -1.1444445,-1.11 0.16 9.38,292 4 48,27
17,01111011,00000000,0.07183838 0.17279053 0.0758667 -0.9793091,0.7111111 -0.9255555 -1.7122222,-248.46 -0.32 9.31,300 4 50,27
18,01111011,00000000,0.04046631 0.1618042 0.06695557 -0.9836426,0.99222225 -0.60555553 -2.1088889,-1.08 0 10.1,300 4 52,27
19,01111011,00000000,0.0024414062 0.14172363 0.05596924 -0.98828125,1.3011111 -1.6188889 -2.8922222,-2.38 -0.3 9.65,300 4 54,27
20,01111011,00000000,-0.051208496 0.109436035 0.041503906 -0.9916992,1.7655555 -2.2277777 -4.1977777,-2.08 -1.36 10.76,300 7 56,27
21,01111011,00000000,-0.15258789 0.06317139 0.009277344 -0.986145,2.481111 -2.01 -5.478889,-1.54 -0.97 10.13,300 11 45,27
22,01111011,00000000,-0.23773193 0.03753662 -0.026123047 -0.9701538,3.2 -1.0766667 -5.941111,-1.92 -0.09 10.2,300 15 35,27
23,01111011,00000000,-0.31762695 0.017822266 -0.06427002 -0.9458008,3.0944445 -0.74444443 -5.5677776,-2.08 0.86 9.51,300 19 26,27
24,01111011,00000000,-0.41149902 -0.003967285 -0.10473633 -0.90527344,2.541111 -0.7511111 -5.207778,-2.81 1.94 8.6,300 22 18,27
25,01111011,00000000,-0.484375 -0.014038086 -0.12322998 -0.8707886,1.4277778 -9.1044445 -17.352222,-0.97 1.46 9.76,300 19 11,27
26,01111011,00000000,-0.5333252 -0.0134887695 -0.13458252 -0.83496094,0.73444444 0.017777778 -4.591111,-1.54 1 9.28,300 16 5,27
27,01111011,00000000,-0.59661865 -0.0004272461 -0.14300537 -0.7896118,0.14777778 0.41555557 -4.0533333,-1.77 1.32 10.03,300 15 4,27
28,01111011,00000000,-0.6376953 0.012084961 -0.13824463 -0.7576294,-0.70444447 -0.054444443 -3.7366667,-2.47 1.25 9.73,299 12 4,27
29,01111011,00000000,-0.68084717 0.02532959 -0.122802734 -0.7215576,-1.1644444 -0.43666667 -4.2411113,-2.27 1.24 8.87,294 11 4,27
30,01111011,00000000,-0.7460327 0.04345703 -0.0960083 -0.65740967,-1.148889 -0.61 -5.0655556,-1.84 -0.22 10.35,290 11 4,27
31,01111011,00000000,-0.79803467 0.053466797 -0.080200195 -0.5947876,-0.46666667 -0.50222224 -6.0244446,-2.52 -0.85 9.66,286 12 4,27
32,01111011,00000000,-0.8493042 0.054138184 -0.067871094 -0.5206299,0.31666666 -0.72 -6.5255556,-2.99 -0.79 10.74,282 16 4,27
33,01111011,00000000,-0.91308594 0.038146973 -0.0524292 -0.40252686,1.0044445 -1.0766667 -7.1022224,-3.85 -1.39 9.61,279 20 4,27
34,01111011,00000000,-0.9530029 0.010986328 -0.042419434 -0.29962158,2.23 -1.3233334 -7.8355556,229.14 -0.04 -0.01,289 23 4,27
35,01111011,00000000,-0.98132324 -0.022888184 -0.035217285 -0.18762207,2.5277777 -1.0622222 -8.081111,-3.3 0.32 9.54,300 26 5,27
36,01111011,00000000,-0.9963379 -0.06561279 -0.037475586 -0.03869629,2.488889 -0.4 -7.7811112,-3.47 0.73 9.33,300 29 7,27
37,01111011,00000000,-0.9929199 -0.09057617 -0.049316406 0.058166504,1.8666667 0.5377778 -6.347778,-2.41 1.24 9.12,300 31 10,27
38,01111011,00000000,-0.98291016 -0.10760498 -0.064575195 0.13458252,1.2577778 0.71 -4.9466667,-2.67 1.36 9.88,300 30 13,27
39,01111011,00000000,-0.96795654 -0.11419678 -0.0836792 0.20721436,0.38111112 0.6066667 -3.7577777,-2.77 1.88 9.3,300 21 16,27
40,01111011,00000000,-0.95825195 -0.10882568 -0.09790039 0.24517822,-0.47666666 0.69555557 -2.5922222,-1.51 0.86 10.37,300 12 19,27
41,01111011,00000000,-0.9505005 -0.09881592 -0.114868164 0.2711792,-0.8011111 0.80222225 -1.7911111,-1.22 0.55 9.2,300 4 23,27
42,01111011,00000000,-0.953125 -0.086242676 -0.13372803 0.2886963,-0.76666665 0.72444445 -2.56,-0.75 0.39 9.83,296 4 26,27
43,01111011,00000000,-0.9421387 -0.076171875 -0.13897705 0.29510498,-0.7077778 -0.10555556 -0.5411111,-1.12 0.18 9.41,291 4 29,27
44,01111011,00000000,-0.9404907 -0.064331055 -0.13653564 0.30426025,-0.58111113 -0.61777776 -0.9022222,-0.11 -0.2 10.01,286 4 32,27
45,01111011,00000000,-0.93444824 -0.04840088 -0.1274414 0.32873535,-0.41333333 -0.7966667 -1.5022222,-1.33 -0.57 9.85,281 4 35,27
46,01111011,00000000,-0.9257202 -0.040039062 -0.11804199 0.35687256,0.078888886 -0.8744444 -2.268889,-0.81 -0.71 10.78,277 4 38,27
47,01111011,00000000,-0.91278076 -0.034301758 -0.103393555 0.3935547,0.46333334 -1.1855556 -2.9155555,-1.94 -0.36 10.03,273 4 41,27
48,01111011,00000000,-0.88531494 -0.030883789 -0.0736084 0.4580078,0.8711111 -1.5211111 -3.771111,-1.7 -0.84 9.62,274 4 44,27
49,01111011,00000000,-0.85461426 -0.03564453 -0.04840088 0.51568604,1.6277778 -1.2888889 -4.672222,-0.68 -0.22 9.76,284 8 46,27
50,01111011,00000000,-0.8171387 -0.047973633 -0.025268555 0.5737915,1.93 -0.73444444 -4.733333,-0.81 -0.19 10.52,300 11 48,27
51,01111011,00000000,-0.765625 -0.07006836 -0.0025634766 0.63934326,1.8733333 -0.3288889 -4.2022223,-1.65 -2.21 -0.01,300 14 50,27
52,01111011,00000000,-0.73150635 -0.08441162 0.007385254 0.67645264,1.3766667 -0.12666667 -3.4822223,-1.21 0.75 9.29,300 17 52,27
53,01111011,00000000,-0.70410156 -0.096069336 0.012329102 0.70336914,0.8833333 0.18555556 -2.3511112,-1 1.08 10.33,300 20 54,27
54,01111011,00000000,-0.68096924 -0.10723877 0.0107421875 0.7243042,0.36666667 0.3988889 -1.4822222,-0.83 1.06 9.13,300 22 56,27
55,01111011,00000000,-0.6754761 -0.11035156 0.005004883 0.7290039,-0.096666664 0.36 -0.5588889,-0.52 1.28 9.73,300 19 58,27
56,01111011,00000000,-0.67889404 -0.10827637 -0.0048828125 0.72613525,-0.8188889 0.41222224 0.44666666,-0.01 0.71 9.56,300 15 60,27
57,01111011,00000000,-0.692749 -0.09649658 -0.022460938 0.7142334,-1.22 0.25111112 0.9388889,-0.56 0.15 9.96,300 11 62,27
58,01111011,00000000,-0.7072754 -0.08532715 -0.037109375 0.7006836,-1.4011111 0.14 1.2966666,-0.64 -0.36 10.03,300 9 62,27
59,01111011,00000000,-0.73431396 -0.071777344 -0.04949951 0.6848755,-1.42 -0.057777777 1.4866667,-0.41 -0.58 10.07,295 10 60,27
60,01111011,00000000,-0.7381592 -0.05706787 -0.059692383 0.6694336,-1.3733333 -0.21333334 1.3188889,0.03 -0.52 10.04,291 14 57,27
61,01111011,00000000,-0.75109863 -0.036315918 -0.07171631 0.65515137,-1.2822223 -0.24666667 0.8388889,-0.36 -0.42 9.92,287 18 55,27
62,01111011,00000000,-0.7555542 -0.021850586 -0.08062744 0.64971924,-1.1555556 -0.21111111 0.26222223,0.17 -0.22 10.07,283 22 54,27
63,01111011,00000000,-0.755188 -0.0076293945 -0.08642578 0.6496582,-0.9766667 -0.38 -0.2888889,-0.96 -0.88 9.87,279 25 55,27
64,01111011,00000000,-0.74664307 0.010009766 -0.084350586 0.659729,-0.5288889 -0.65 -0.8511111,0.19 -0.8 10.2,275 28 57,27
65,01111011,00000000,-0.7336426 0.019897461 -0.076049805 0.67492676,0.13666667 -0.78444445 -1.6544445,-0.68 -0.81 10.41,271 31 59,27
66,01111011,00000000,-0.7173462 0.024414062 -0.06384277 0.6932373,0.57222223 -0.6855556 -1.7777778,-0.75 -0.44 9.3,267 34 61,27
67,01111011,00000000,-0.69647217 0.020690918 -0.044067383 0.7158203,0.9811111 -0.5288889 -1.5911111,-1.44 -0.11 9.35,271 37 63,27
68,01111011,00000000,-0.6851196 0.014770508 -0.026550293 0.7277832,1.2111111 -0.49444443 -1.0077778,-0.58 0.2 -0.82,273 32 65,27
69,01111011,00000000,-0.6782837 0.0073242188 -0.0107421875 0.7345581,1.1444445 -0.24333334 -0.50666666,0.76 -0.02 10.26,300 43 67,27
70,01111011,00000000,-0.6816406 -0.004272461 0.0040893555 0.7315674,0.9866667 -0.057777777 0.37666667,0.95 -0.11 10,300 45 69,27
71,01111011,00000000,-0.6951294 -0.012756348 0.013000488 0.7185669,0.91888887 -0.03 1.6144445,-0.58 -0.85 10.14,300 47 70,27
72,01111011,00000000,-0.7161865 -0.019897461 0.026000977 0.6970215,1.0488889 -0.37 2.3211112,-0.13 -0.38 9.52,300 50 68,27
73,01111011,00000000,-0.74884033 -0.025390625 0.04852295 0.6604004,1.0211111 -0.6 2.681111,0.99 -0.6 10.06,300 53 63,27
74,01111011,00000000,-0.77453613 -0.029174805 0.06036377 0.6287842,0.72888887 -0.19111112 2.9466667,1.84 0.11 8.68,300 56 56,27
75,01111011,00000000,-0.8027344 -0.032226562 0.064819336 0.59191895,0.32 0.2588889 3.3833334,2.33 -0.13 9.54,300 59 48,27
76,01111011,00000000,-0.8427124 0.0007324219 0.0045776367 -0.015380859,0.034444444 0.27555555 3.77,0.34 -0.19 9.77,300 60 39,27
77,01111011,00000000,-0.87072754 -0.022033691 0.06262207 0.48712158,-0.6011111 -0.16444445 3.7644444,1.24 -0.4 10.36,299 58 30,27
78,01111011,00000000,-0.8945923 -0.00793457 0.060791016 0.442688,-0.83111113 -0.13444445 3.4722223,0.57 -0.44 9.21,295 61 20,27
79,01111011,00000000,-0.9209595 0.008972168 0.053222656 0.38568115,-0.81 0.123333335 3.328889,2.15 -1.16 9.94,291 64 11,27
80,01111011,00000000,-0.9400635 0.018188477 0.044677734 0.33740234,-0.62333333 0.28777778 3.7866666,0.86 -0.54 9.65,287 66 4,27
81,01111011,00000000,-0.9573364 0.030212402 0.038146973 0.28479004,-0.7966667 0.04777778 3.961111,0.22 -0.39 10.03,283 67 4,27
82,01111011,00000000,-0.9749756 0.04650879 0.03265381 0.21453857,-0.75333333 -0.07666667 3.8111112,2.08 -1.24 10.15,279 69 4,27
83,01111011,00000000,-0.9849243 0.053100586 0.029418945 0.1618042,-0.2 -0.07111111 3.77,1 -1.44 9.27,275 71 4,27
84,01111011,00000000,-0.9923706 0.053466797 0.028747559 0.10699463,0.24 -0.21777777 3.8933334,0.95 -1.57 9.9,271 73 4,27
85,01111011,00000000,-0.9976196 0.04876709 0.035339355 0.032348633,0.4511111 -0.56222224 3.8833334,1.21 -0.67 9.79,368 2025 -3841,27
86,01111011,00000000,-0.9977417 0.044677734 0.044799805 -0.020141602,0.4311111 -0.8622222 3.4922223,1.76 -0.67 9.62,266 77 4,27
87,01111011,00000000,-0.9953613 0.039367676 0.055541992 -0.06695557,0.5588889 -0.9077778 3.1011112,0.32 -1.13 9.82,265 79 4,27
88,01111011,00000000,-0.9897461 0.028869629 0.06964111 -0.120910645,0.68666667 -0.92 2.7044444,0.79 -1.23 9.85,265 81 4,27
89,01111011,00000000,-0.9842529 0.020141602 0.081726074 -0.15533447,0.6522222 -0.9811111 2.3522222,-0.31 -0.93 9.88,266 83 4,27
90,01111011,00000000,-0.9785156 0.01171875 0.095581055 -0.18206787,0.54333335 -1.1433333 1.6066667,0.9 -0.88 9.51,267 85 4,27
91,01111011,00000000,-0.9725342 0.0008544922 0.10638428 -0.20672607,0.56 -0.8622222 1.1577778,0.09 -0.73 9.41,269 87 4,27
92,01111011,00000000,-0.96868896 -0.008361816 0.11260986 -0.22094727,0.67333335 -0.58444446 0.9988889,0.95 -0.83 9.57,272 89 4,27
93,01111011,00000000,-0.9645996 -0.017150879 0.0057373047 -0.015380859,0.6433333 -0.36777776 1.0388889,-0.33 -0.13 9.56,277 90 4,27
94,01111011,00000000,-0.96014404 -0.023010254 0.11907959 -0.25170898,0.43555555 -0.31111112 1.1811111,0.29 -0.41 10.18,282 91 4,27
95,01111011,00000000,-0.9530029 -0.027770996 0.11932373 -0.2769165,0.37333333 -0.036666665 1.3777778,1.18 0.1 9.78,284 92 4,27
96,01111011,00000000,-0.9454346 -0.028930664 0.11553955 -0.30303955,0.31111112 0.2688889 2.0922222,0.63 0.21 9.92,284 93 4,27
97,01111011,00000000,-0.9343872 -0.026977539 0.11004639 -0.33746338,0.26666668 0.40333334 2.7766666,0 -0.39 9.75,283 93 4,27
98,01111011,00000000,-0.91192627 -0.022155762 0.1038208 -0.3961792,0.24444444 0.3611111 3.458889,1.02 -0.38 9.24,281 92 4,27
99,01111011,00000000,-0.88812256 -0.0178833 0.10089111 -0.447937,0.23888889 0.16666667 4.1622224,1.78 -0.75 9.5,278 92 4,27
100,01111011,00000000,-0.85754395 -0.014831543 0.09802246 -0.5046997,0.41 0.08111111 4.693333,1.65 -1.42 10.63,275 92 4,27
101,01111011,00000000,-0.80511475 -0.013793945 0.09442139 -0.58532715,0.54333335 -0.07666667 5.121111,1.36 -1.02 9.61,272 93 4,27
102,01111011,00000000,-0.7567749 -0.016235352 0.093444824 -0.64660645,0.62666667 -0.35666665 5.4888887,0.71 -0.98 9.04,270 200 -15617,27
103,01111011,00000000,-0.7025757 -0.018615723 0.09454346 -0.704895,0.4588889 -0.50333333 5.5444446,0.88 -0.78 8.62,268 95 4,27
104,01111011,00000000,-0.6240845 -0.019104004 0.097839355 -0.7749634,0.31555554 -0.44666666 5.5111113,2.15 -1.4 9.37,266 96 4,27
105,01111011,00000000,-0.5625 -0.017456055 0.101867676 -0.82025146,0.044444446 -0.45 5.2544446,2.58 -1.47 9.78,263 97 4,27
106,01111011,00000000,-0.5004883 -0.016357422 0.107299805 -0.8588257,-0.06333333 -0.56 4.9711113,2.53 -1.2 10.23,260 98 4,27
107,01111011,00000000,-0.42248535 -0.015014648 0.117614746 -0.8985596,-0.21666667 -0.6588889 4.516667,1.57 -1.16 10.01,256 99 4,27
108,01111011,00000000,-0.36932373 -0.013305664 0.12524414 -0.92071533,-0.29 -0.48333332 3.8988888,1.4 -0.84 10.15,253 100 4,27
109,01111011,00000000,-0.31982422 -0.010681152 0.1303711 -0.93829346,-0.15888889 -0.38444445 3.5933332,2.27 -1.13 10.31,250 101 4,27
110,01111011,00000000,-0.25793457 -0.0079956055 0.13537598 -0.015380859,-0.14666666 -0.34111112 3.3233333,0.78 -0.59 9.82,247 102 4,27
111,01111011,00000000,-0.21533203 -0.0078125 0.13769531 -0.96673584,0.0044444446 -0.42555556 2.9466667,0.8 -0.7 9.33,244 103 4,27
112,01111011,00000000,-0.17523193 -0.008666992 0.13562012 -0.9750366,0.37111112 -0.41777778 2.8011112,0.3 -0.79 8.88,241 104 4,27
113,01111011,00000000,-0.12231445 -0.013000488 0.12591553 -0.98431396,0.69666666 -0.54444444 2.7877777,0.01 -0.92 8.89,239 105 4,27
114,01111011,00000000,-0.08203125 -0.018920898 0.11450195 -0.9898071,0.99222225 -0.68222225 2.7844443,0.26 -1.07 10.33,238 106 4,27
115,01111011,00000000,-0.04071045 -0.025878906 0.1005249 -0.9937134,1.1455555 -0.7322222 2.8466666,1.24 -0.72 10.25,238 107 4,27
116,01111011,00000000,0.016662598 -0.034179688 0.080200195 -0.9960327,1.1955556 -0.6855556 2.9533334,1.62 -1.18 10.11,239 108 4,27
117,01111011,00000000,0.06188965 -0.040893555 0.06384277 -0.9951782,1.2144444 -0.7777778 3.1088889,0.2 -0.66 8.95,245 107 4,27
118,01111011,00000000,0.107666016 -0.048583984 0.048706055 -0.99176025,1.0933334 -0.81 3.1033332,2.29 -1.04 9.94,251 108 4,27
119,01111011,00000000,0.16674805 -0.05895996 0.031677246 -0.9837036,0.9255555 -0.7966667 3.0266666,2.28 -1.13 10.31,256 109 255,27
120,01111011,00000000,0.20953369 -0.063964844 0.021484375 -0.97540283,0.72444445 -0.5188889 2.9955556,0.94 -0.4 8.78,260 110 4,27
121,01111011,00000000,0.25231934 -0.06652832 0.014038086 -0.96520996,0.58666664 -0.3122222 3.1177778,0.79 -0.67 8.86,262 111 4,27
122,01111011,00000000,0.31152344 -0.06744385 0.008544922 -0.9477539,0.42333335 -0.2188889 3.2477777,1.39 -0.91 9.33,263 112 4,27
123,01111011,00000000,0.35717773 -0.06781006 0.007446289 -0.9314575,0.24111111 -0.10555556 3.4444444,1.43 -0.54 9.39,263 113 4,27
124,01111011,00000000,0.4038086 -0.066345215 0.008666992 -0.9123535,0.12777779 0.04111111 3.6244445,2.34 -0.92 9.76,261 114 4,27
125,01111011,00000000,0.47045898 -0.05987549 0.012390137 -0.880249,0.17555556 0.30666667 3.9733334,1.23 -0.78 9.85,259 115 4,27
126,01111011,00000000,0.52557373 -0.053344727 0.015014648 -0.84887695,0.28777778 0.33888888 4.482222,1.12 -1.18 10.58,256 115 4,27
127,01111011,00000000,0.5834961 -0.04888916 0.015319824 -0.8104248,0.34888887 0.01 4.998889,0.95 -1.16 10.29,254 114 4,27
128,01111011,00000000,0.6602173 -0.04547119 0.0115356445 -0.7495117,0.4288889 -0.26222223 5.1766667,2.43 -1.45 9.9,252 114 4,27
129,01111011,00000000,0.7156372 -0.041870117 0.0053100586 -0.6970825,0.5877778 -0.33 5.3233333,1.49 -1.55 9.72,250 115 4,27
130,01111011,00000000,0.76867676 -0.036743164 -0.003479004 -0.63848877,0.8655556 -0.47666666 5.612222,2.33 -1.27 9.36,249 116 4,27
131,01111011,00000000,0.83251953 -0.03363037 -0.018859863 -0.55249023,0.72888887 -0.6888889 5.6022224,1.84 -1.82 9.51,249 117 4,27
132,01111011,00000000,0.8721924 -0.036071777 -0.03112793 -0.48675537,0.51666665 -0.9022222 5.3733335,1.62 -1.52 8.69,249 118 4,27
133,01111011,00000000,0.90374756 -0.040039062 -0.04156494 -0.42407227,0.27333334 -0.8466667 4.7366667,0.8 -1.14 8.97,248 119 4,27
134,01111011,00000000,0.9281616 -0.044189453 -0.050720215 -0.36590576,0.24555555 -0.73333335 4.2633333,2.19 -1.39 9.75,246 120 4,27
135,01111011,00000000,0.95202637 -0.050109863 -0.060424805 -0.29571533,0.11777778 -0.69222224 3.7933333,2.17 -0.69 9.92,244 121 4,27
136,01111011,00000000,0.9645996 -0.054992676 -0.066711426 -0.24914551,-0.0011111111 -0.63 3.2055554,2.15 -1.05 10.15,242 122 4,27
137,01111011,00000000,0.9733887 -0.06036377 -0.07183838 -0.20898438,-0.07444444 -0.50222224 2.748889,0.25 -1.01 9.3,239 123 4,27
138,01111011,00000000,0.9817505 -0.064208984 -0.07531738 -0.1619873,0.05888889 -0.2888889 2.4288888,0.2 -1.39 9.9,236 124 4,27
139,01111011,00000000,0.98669434 -0.06298828 -0.07739258 -0.12835693,0.40444446 -0.27 2.3688889,0.92 -0.74 10.06,233 125 4,27
140,01111011,00000000,0.9906616 -0.0579834 -0.08001709 -0.093444824,0.6433333 -0.2888889 2.44,1.52 -0.98 9.97,233 125 4,27
141,01111011,00000000,0.9942627 -0.047668457 -0.08465576 -0.043029785,0.82222223 -0.36222222 2.6311111,0.9 -1.1 9.15,235 125 4,27
142,01111011,00000000,0.9954834 -0.037475586 -0.08666992 0.0007324219,1.0222223 -0.27333334 3.171111,1.13 -0.65 9.91,239 125 4,27
143,01111011,00000000,0.99432373 -0.026428223 -0.08935547 0.050720215,1.0722222 -0.37555555 3.53,1.92 -1.42 10.37,243 125 4,27
144,01111011,00000000,0.98760986 -0.011962891 -0.09674072 0.1227417,1.0522223 -0.56222224 3.74,0.9 -1.36 9.46,247 125 4,27
145,01111011,00000000,0.9785156 -0.0014038086 -0.10449219 0.1772461,1.0066667 -0.7633333 3.76,0 -2.43 10.26,250 125 4,27
146,01111011,00000000,0.9663696 0.009155273 -0.11175537 0.2310791,1.0244445 -0.6844444 3.7877777,2.32 -1.15 9.67,252 125 4,27
147,01111011,00000000,0.9456177 0.01965332 -0.12005615 0.30151367,0.8566667 -0.62 3.7822223,1.38 -0.37 8.53,254 125 4,27
148,01111011,00000000,0.92718506 0.022277832 -0.12506104 0.35229492,0.43555555 -0.42 3.718889,1.06 -0.96 9.44,255 125 4,27
149,01111011,00000000,0.9069214 0.020080566 -0.12884521 0.40045166,0.15777777 -0.24333334 3.6377778,1.61 -0.91 9.08,254 125 4,27
150,01111011,00000000,0.8772583 0.0134887695 -0.13183594 0.46124268,0.036666665 -0.09888889 3.5622222,1.8 -1.25 10.36,252 125 4,27
151,01111011,00000000,0.8527832 0.0067749023 -0.13220215 0.5050659,0.0033333334 0.016666668 3.5633333,1.88 -1.27 10.77,249 126 4,27
152,01111011,00000000,0.82580566 0 -0.13104248 0.54852295,0.07111111 0.11888889 3.6533334,1.26 -0.79 9.84,246 126 4,27
153,01111011,00000000,0.78131104 -0.008972168 -0.12701416 0.6071167,0.15777777 -20.764444 -16.498888,1.84 -1 9.5,243 126 4,27
154,01111011,00000000,0.74786377 -0.015197754 -0.1227417 0.6522217,0.23777778 0.13444445 4.152222,1.3 -0.88 8.9,241 126 4,27
155,01111011,00000000,0.706604 -0.01965332 -0.119018555 0.69714355,0.33777776 -0.083333336 4.3566666,0.21 -1.57 10.1,239 126 4,27
156,01111011,00000000,0.64538574 -0.019958496 -0.11279297 0.75512695,0.5277778 -0.26777777 4.4255557,1.59 -1.29 9.97,237 126 4,27
157,01111011,00000000,0.59588623 -0.015808105 -0.10809326 0.7955322,0.72555554 -0.5277778 4.417778,1.06 -0.88 9.29,236 126 4,27
158,01111011,00000000,0.54473877 -0.009094238 -0.1038208 0.83203125,0.70555556 -0.6755555 4.2822223,-0.1 -0.97 9.07,235 126 4,27
159,01111011,00000000,0.47668457 0.0007324219 -0.099609375 0.873291,0.6666667 -0.70111114 4.0744443,1.93 -1.19 9.39,235 126 4,27
160,01111011,00000000,0.4277954 0.008544922 -0.09729004 0.89849854,0.54 -0.77555555 3.6655555,2.45 -1.01 9.64,234 126 4,27
161,01111011,00000000,0.38275146 0.016479492 -0.09661865 0.91864014,0.39777777 -0.7688889 3.2477777,0.44 -1.23 9.51,233 126 4,27
162,01111011,00000000,0.33184814 0.025939941 -0.09777832 0.9378052,0.25666666 -0.73444444 2.7222223,-232.04 -2.46 -0.01,232 126 4,27
163,01111011,00000000,0.2999878 0.030761719 -0.09832764 0.9483032,0.19 -0.52111113 2.297778,0.85 -0.23 9.53,230 126 4,27
164,01111011,00000000,0.27252197 0.033691406 -0.09851074 0.95648193,0.19555555 -0.35444444 1.88,0.69 -0.93 9.2,228 126 4,27
165,01111011,00000000,0.23980713 0.035888672 -0.096191406 0.96533203,0.26222223 -0.19 1.7133334,1.56 -0.45 9.8,226 126 4,27
166,01111011,00000000,0.21624756 0.035339355 -0.093811035 0.9711304,0.26222223 -0.06 1.7077777,-0.32 -0.37 9.32,225 126 4,27
167,01111011,00000000,0.19146729 0.032958984 -0.090026855 0.9767456,0.37444445 0.12888889 1.8433334,0.87 -1.22 10.12,224 126 4,27
168,01111011,00000000,0.15216064 0.02709961 -0.081726074 0.9844971,0.5088889 0.20555556 2.1877778,0.57 -0.27 9.98,223 126 4,27
169,01111011,00000000,0.11639404 0.022338867 -0.07513428 0.99005127,0.5088889 0.19555555 2.53,-0.1 -0.27 9.54,222 126 4,27
170,01111011,00000000,0.062683105 0.018310547 -0.06768799 0.99468994,0.6255556 0.06666667 -35.556667,1.82 -1.08 10.28,222 126 4,27
171,01111011,00000000,0.029296875 0.015563965 -0.059509277 0.9976196,0.64444447 -0.0011111111 3.3,-0.25 -0.93 9.72,222 126 4,27
172,01111011,00000000,-0.03753662 0.014221191 -0.047058105 0.99798584,0.7077778 -0.11444444 3.5522223,0.45 -1.03 10.03,222 126 4,27
173,01111011,00000000,-0.09063721 0.014404297 -0.038146973 0.9949951,0.62777776 -0.25333333 3.751111,1.14 -0.61 9.25,224 126 4,27
174,01111011,00000000,-0.1439209 0.015991211 -0.031311035 0.9888916,0.43666667 -0.32444444 3.731111,1.35 -0.58 10.07,226 126 4,27
175,01111011,00000000,-0.2107544 0.019226074 -0.027160645 0.9769287,0.20111111 -0.3077778 3.531111,0.21 -0.6 9.28,226 126 4,27
176,01111011,00000000,-0.25610352 0.021118164 -0.026428223 0.9660034,0.06111111 -0.21111111 3.1744444,2.13 -0.99 9.99,225 126 4,27
177,01111011,00000000,-0.29681396 0.022705078 -0.027160645 0.95422363,-0.08444444 -0.20888889 2.8633332,-0.17 -0.93 9.67,223 126 4,27
178,01111011,00000000,-0.3435669 0.024414062 -0.030090332 0.93829346,-0.17777778 -0.11444444 2.548889,0.74 -0.85 10.45,221 126 4,27
179,01111011,00000000,-0.37353516 0.024353027 -0.034973145 0.9265747,-0.32444444 0.06111111 2.19,0.52 -0.39 -0.01,219 126 4,27
180,01111011,00000000,-0.39990234 0.023132324 -0.04046631 0.91534424,-0.3011111 0.18444444 1.9322222,1.71 -0.87 10.56,217 126 4,27
181,01111011,00000000,-0.42358398 0.021057129 -0.04547119 0.90441895,-0.21 0.17222223 1.7944444,-0.89 -0.55 9.48,215 125 4,27
182,01111011,00000000,-0.4522705 0.017822266 -0.0491333 0.8902588,-0.034444444 0.12111111 1.6311111,-0.4 -0.41 9.7,213 123 4,27
183,01111011,00000000,-0.472229 0.015563965 -0.049438477 0.8798828,0.10666667 0.06333333 1.5511111,-0.38 -1.25 10.16,211 122 4,27
184,01111011,00000000,-0.49768066 0.010070801 -0.04449463 0.86608887,0.42333335 0.013333334 1.5455556,0.26 -0.76 9.9,210 121 4,27
185,01111011,00000000,-0.5183716 0.0053100586 -0.037841797 0.854187,0.56 -0.04 1.7411112,0.33 -0.02 10.3,212 121 4,27
186,01111011,00000000,-0.53985596 0.0020141602 -0.03161621 0.84106445,0.41666666 -0.115555555 1.7866666,0.59 -0.58 8.93,217 122 4,27
187,01111011,00000000,-0.5779419 -0.0017089844 -0.022766113 0.82232666,0.4611111 -0.12555556 1.7844445,0.96 -1.12 11,221 123 4,27
188,01111011,00000000,-0.5889282 -0.0040283203 -0.014892578 0.8079834,0.5222222 -0.25111112 1.7166667,0.54 -1.27 10.58,224 123 4,27
189,01111011,00000000,-0.6079712 -0.005065918 -0.004699707 0.79382324,0.60555553 -0.41222224 1.6066667,-0.5 0.11 9.19,228 123 4,27
190,01111011,00000000,-0.62854004 -0.0036010742 0.0075683594 0.7776489,0.4677778 -0.46333334 1.3566667,-0.09 -0.85 10.3,233 123 4,27
191,01111011,00000000,-0.640625 -0.0036010742 0.013305664 0.76763916,0.28666666 -0.14333333 1.0411111,0.33 -0.07 8.74,238 123 4,27
192,01111011,00000000,-0.6508789 -0.0048828125 0.016479492 0.75891113,0.20666666 -0.028888889 0.92333335,0.06 0.17 9.77,242 123 4,27
193,01111011,00000000,-0.6622925 -0.0051879883 0.017578125 0.7489624,0.015555556 -0.012222222 0.76222223,1.45 -0.19 9.84,243 123 5,27
194,01111011,00000000,-0.66760254 -0.0038452148 0.016113281 0.74420166,-0.1711111 0.018888889 0.43222222,0.36 -0.06 8.98,241 123 6,27
195,01111011,00000000,-0.6708374 -0.00390625 0.013244629 0.74139404,-0.16444445 0.20666666 0.25111112,1.25 -0.9 10.79,238 123 8,27
196,01111011,00000000,-0.67492676 -0.0075683594 0.0072631836 0.73773193,-0.053333335 0.41111112 0.28333333,-0.4 0.41 176.27,10 9 11,27
197,01111011,00000000,-0.678833 -0.010375977 0.0018310547 0.73413086,-0.14777778 0.38666666 0.38333333,-1.47 0.29 9.52,232 115 14,27
198,01111011,00000000,-0.68310547 -0.011962891 -0.004760742 0.73010254,-0.28444445 0.37444445 0.40888888,0.87 0.24 10.08,229 108 16,27
199,01111011,00000000,-0.68792725 -0.013061523 -0.0115356445 0.72546387,-0.21666667 0.22666667 0.36444443,0.02 -0.01 10.12,226 102 18,27
200,01111011,00000000,-0.6912842 -0.015625 -0.014221191 0.72216797,-0.035555556 0.28111112 0.32,-0.85 -0.36 9.8,223 98 20,27
201,01111011,00000000,-0.69525146 -0.01940918 -0.01727295 0.7182007,0.01 0.36555555 0.42666668,0.73 0.07 10.33,220 94 22,27
202,01111011,00000000,-0.70196533 -0.024047852 -0.020202637 0.7114868,0.07 0.27 0.5177778,-0.85 -0.01 9.02,218 89 24,27
203,01111011,00000000,-0.7067261 -0.026062012 -0.019104004 0.706604,0.16333333 0.052222222 0.51222223,0.93 -0.66 10.97,217 85 26,27
204,01111011,00000000,-0.7094116 0.014160156 0.0053710938 -0.012390137,0.3077778 -0.18333334 0.19,-0.93 -0.61 9.71,217 84 27,27
205,01111011,00000000,-0.7095337 -0.028137207 -0.010192871 0.70391846,0.2777778 -0.18222222 -0.046666667,1.01 -0.62 10.99,219 85 29,27
206,01111011,00000000,-0.7069092 -0.030456543 -0.004760742 0.70654297,0.30444443 -0.064444445 -0.21777777,-0.78 0.18 9.13,222 86 32,27
207,01111011,00000000,-0.7030029 -0.03186035 -0.0021362305 0.7103882,0.14222223 -0.06666667 -0.42333335,-0.09 0.06 9.97,225 87 35,27
208,01111011,00000000,-0.6972656 -0.033325195 0.0009765625 0.7159424,0.27888888 -0.15222222 -0.60444444,-0.31 -0.25 9.1,226 88 38,27
209,01111011,00000000,-0.68530273 -0.033447266 0.0067749023 0.727417,0.24222222 -0.27666667 -0.92444444,0.16 -0.47 10.45,228 89 41,27
210,01111011,00000000,-0.6729126 -0.034118652 0.010986328 0.73876953,0.27888888 -0.15222222 -1.22,-0.34 -0.35 9.84,230 90 44,27
211,01111011,00000000,-0.6588745 -0.03668213 0.01184082 0.75115967,0.1711111 0.11666667 -1.3266667,1.13 -0.08 10.62,232 91 47,27
212,01111011,00000000,-0.64068604 -0.041931152 0.008239746 0.7665405,0.025555555 0.3611111 -1.2722223,-1.7 0.4 9.61,233 92 50,27
213,01111011,00000000,-0.6274414 -0.044799805 0.00390625 0.77734375,-0.10666667 0.2688889 -1.1933334,-0.13 0.04 10.8,88 -364 14079,27
214,01111011,00000000,-0.61376953 -0.046203613 6.1035156E-05 0.78808594,-0.083333336 0.17666666 -1.2655555,-1.03 -0.22 9.7,229 84 55,27
215,01111011,00000000,-0.5942383 -0.047424316 -0.0037231445 0.80285645,-0.06 0.12888889 -1.3155556,0.09 0.3 9.97,226 82 57,27
216,01111011,00000000,-0.57995605 -0.049865723 -0.008666992 0.8129883,-0.12666667 0.38444445 -1.1777778,0.82 0.21 10.07,223 81 59,27
217,01111011,00000000,-0.5678711 -0.05328369 -0.01586914 0.821228,-0.23444444 0.46666667 -0.9711111,-0.56 0.34 9.1,220 77 61,27
218,01111011,00000000,-0.5582886 -0.055603027 -0.022521973 0.8273926,-0.24111111 0.31777778 -0.76666665,0.07 -0.24 10.73,218 71 63,27
219,01111011,00000000,-0.5465698 -0.053344727 -0.025939941 0.8352661,-0.15333334 -0.16555555 -0.8477778,-0.83 -0.19 9.41,216 66 65,27
220,01111011,00000000,-0.5355835 -0.04949951 -0.025817871 0.84259033,-0.08222222 -0.22333333 -0.98,0.89 0.25 9.9,214 68 67,27
221,01111011,00000000,-0.51916504 -0.049560547 0.0051879883 -0.010437012,0.09888889 0.014444444 -0.99222225,-1.15 -0.04 9.5,212 70 69,27
222,01111011,00000000,-0.50878906 -0.051574707 -0.026000977 0.8588257,0.115555555 0.07777778 -0.75333333,-1.47 0.42 9.5,210 72 71,27
223,01111011,00000000,-0.49926758 -0.050842285 -0.024475098 0.864563,0.12444445 -0.22333333 -0.8233333,-0.23 -0.48 10.91,210 73 73,27
224,01111011,00000000,-0.48345947 -0.045288086 -0.016723633 0.8739624,0.29222223 -0.49222222 -0.9633333,-1.24 -0.11 9.64,210 75 75,27
225,01111011,00000000,-0.46832275 -0.042297363 -0.009399414 0.8824463,0.41 -0.37888888 -1.221111,0.28 0.22 10.31,212 77 77,27
226,01111011,00000000,-0.45373535 -0.042419434 -0.003967285 0.8900757,0.36333334 -0.08 -1.0766667,-0.54 -0.22 9.97,217 79 79,27
227,01111011,00000000,-0.4362793 -0.043823242 -0.00012207031 0.89868164,0.18111111 -0.025555555 -1.0111111,0.01 0.23 9.5,222 81 81,27
228,01111011,00000000,-0.42407227 -0.043762207 0.0026245117 0.904541,0.22444445 -0.16555555 -0.9288889,0.7 -0.45 10.91,224 83 83,27
229,01111011,00000000,-0.41174316 -0.0423584 0.00592041 0.9102173,0.22 -0.20666666 -0.9633333,-0.75 -0.01 9.15,225 84 84,27
230,01111011,00000000,-0.39422607 -0.042175293 0.009033203 0.9179077,0.21555555 -0.057777777 -0.98333335,0.32 0.39 9.97,226 154 15615,27
231,01111011,00000000,-0.3826294 -0.045043945 0.008728027 0.92266846,0.07 0.21333334 -0.8155556,0.02 0.42 9.58,227 86 86,27
232,01111011,00000000,-0.37390137 -0.04827881 0.005126953 0.92614746,-0.16333333 0.30222222 -0.5877778,0.33 -0.16 10.75,227 85 87,27
233,01111011,00000000,-0.36431885 -0.050354004 0.0012817383 0.9298706,-0.093333334 0.12777779 -0.55444443,-0.87 -0.11 9.42,224 81 88,27
234,01111011,00000000,-0.35601807 -0.049621582 -0.0007324219 0.93310547,-0.094444446 -0.018888889 -0.67777777,0.06 -0.21 10.59,221 79 89,27
235,01111011,00000000,-0.34625244 -0.04876709 -0.0025024414 0.9368286,-0.07666667 0.0022222223 -0.7644445,-0.54 -0.11 9.61,218 80 90,27
236,01111011,00000000,-0.33251953 -0.051818848 -0.006958008 0.9415283,-0.16333333 0.24666667 -0.78444445,1.32 0.3 10.28,215 82 91,27
237,01111011,00000000,-0.3237915 -0.055541992 -0.011474609 0.944397,-0.15666667 0.36888888 -0.6333333,-0.43 -0.29 10.15,213 81 92,27
238,01111011,00000000,-0.3161621 -0.056030273 -0.015380859 -0.009399414,-0.11333334 -0.0033333334 -0.5988889,0.16 -0.24 9.85,211 76 93,27
239,01111011,00000000,-0.3027954 -0.05218506 -0.013366699 0.95147705,0.107777774 -0.30222222 -0.7322222,-0.44 0.11 9.7,209 75 94,27
240,01111011,00000000,-0.28881836 -0.04852295 -0.010314941 0.9560547,0.16777778 -0.3122222 -1.0544444,0.12 -0.24 9.09,207 77 95,27
241,01111011,00000000,-0.2741089 -0.04901123 -0.0068969727 0.96032715,0.20666666 0.07333333 -1.0144445,0.33 -0.2 11.02,208 79 96,27
242,01111011,00000000,-0.26159668 -0.052612305 -0.005126953 0.9636841,0.31555554 0.20888889 -0.8422222,-0.94 -0.09 9.49,209 81 97,27
243,01111011,00000000,-0.24804688 -0.054504395 0 0.9671631,0.27666667 -0.037777778 -0.68777776,-1.38 -0.48 9.71,212 79 98,27
244,01111011,00000000,-0.2368164 -0.050842285 0.0056152344 0.9701538,0.35222223 -0.44444445 -0.87777776,1.15 -0.46 10.79,215 80 99,27
245,01111011,00000000,-0.22302246 -0.046936035 0.012329102 0.9735718,0.40666667 -0.33555555 -0.99777776,0.18 0 8.93,219 82 100,27
246,01111011,00000000,-0.2088623 -0.047607422 0.01751709 0.9765625,0.41111112 0.05 -0.96666664,-0.36 -0.29 9.33,224 83 101,27
247,01111011,00000000,-0.19403076 -0.053222656 0.022155762 0.97924805,0.17555556 0.22888888 -0.63666666,0.64 0.41 10.3,229 84 255,27
248,01111011,00000000,-0.18554688 -0.05456543 0.02319336 0.9807739,0.075555556 -0.0055555557 -0.58444446,-1.03 -0.07 9.47,231 82 103,27
249,01111011,00000000,-0.17663574 -0.053344727 0.024291992 0.9824829,0.094444446 -0.15555556 -0.6855556,1.03 -0.12 9.84,230 82 104,27
250,01111011,00000000,-0.16156006 -0.052001953 0.027954102 0.9850464,0.27333334 -0.025555555 -0.85,-0.73 -0.27 9.62,229 84 105,27
251,01111011,00000000,-0.15014648 -0.054138184 0.028808594 0.9867554,0.062222224 0.22222222 -0.77555555,1.08 -0.34 10.62,230 85 106,27
252,01111011,00000000,-0.1385498 -0.059448242 0.027526855 0.98809814,0.032222223 0.27 -0.56666666,-1.25 0.15 9.49,230 84 107,27
253,01111011,00000000,-0.13104248 -0.06085205 0.024475098 0.9891968,-0.15666667 0.035555556 -0.59444445,0.65 -0.47 10.65,228 81 108,27
254,01111011,00000000,-0.121398926 -0.06011963 0.021911621 0.99053955,-0.104444444 -0.10222222 -0.7511111,0 -0.09 9.15,225 80 109,27
255,01111011,00000000,-0.1081543 -0.059326172 0.020263672 0.99212646,-0.023333333 -0.022222223 -1.0044445,-0.41 -0.21 9.64,222 82 110,27
0,01111011,00000000,-0.08972168 -0.061462402 0.020996094 0.9937744,0.2188889 0.11444444 -0.8888889,0.37 0.2 9.38,219 84 111,27
1,01111011,00000000,-0.077941895 -0.06341553 0.021240234 0.99468994,0.027777778 0.078888886 -0.77444446,-1.52 -0.06 10.09,219 84 112,27
2,01111011,00000000,-0.0637207 -0.06365967 0.020629883 0.9956665,0.022222223 -0.04111111 -0.75555557,0.61 -0.23 10.56,218 84 113,27
3,01111011,00000000,-0.051818848 -0.062561035 0.021728516 0.99645996,0.15333334 -0.12 -0.85888886,-0.83 -0.12 10.43,216 85 114,27
4,01111011,00000000,-0.03894043 -0.06201172 0.024719238 0.99694824,0.27222222 -0.052222222 -0.8988889,-0.47 -0.32 10.05,216 86 115,27
5,01111011,00000000,-0.022888184 -0.062561035 0.030639648 0.9972534,0.27 -0.012222222 -0.80333334,0.6 -0.12 10.4,218 87 115,27
6,01111011,00000000,-0.012817383 -0.06262207 0.034484863 0.99731445,0.3511111 -0.031111112 -0.6888889,-1.4 -0.25 9.71,221 88 115,27
7,01111011,00000000,-0.003479004 -0.062194824 0.037353516 0.99731445,0.24444444 -0.08444444 -0.6244444,0.67 -0.52 10.97,225 89 115,27
8,01111011,00000000,0.009155273 -0.060668945 0.043151855 0.99713135,0.40888888 -0.11666667 -0.59444445,-1.64 0.11 9.05,228 90 115,27
9,01111011,00000000,0.019042969 -0.061340332 0.046813965 0.9968262,0.30222222 0.07777778 -0.6611111,-0.72 -0.28 10.17,233 92 102,27
10,01111011,00000000,0.030517578 -0.06347656 0.051086426 0.9961548,0.35444444 0.1388889 -0.95444447,-0.55 0.22 8.83,237 94 90,27
11,01111011,00000000,0.054504395 -0.06793213 0.05505371 0.9946289,0.28444445 0.18222222 -1.3544445,0.2 0.25 10.18,241 94 78,27
12,01111011,00000000,0.08276367 -0.07501221 0.058288574 0.99194336,0.45444444 0.4888889 -2.0988889,-0.04 -0.18 9.14,245 93 67,27
13,01111011,00000000,0.11743164 -0.0836792 0.0635376 0.98742676,0.45555556 0.53444445 -2.6511111,0.63 -0.07 10.22,250 88 56,27
14,01111011,00000000,0.17193604 -0.09552002 0.06665039 0.9781494,0.31 0.45777777 -2.9977777,-0.43 0.85 9.58,256 80 46,27
15,01111011,00000000,0.22155762 -0.10284424 0.06402588 0.9675293,0.08777778 0.3311111 -3.6044445,-2.09 0 9.63,260 73 37,27
16,01111011,00000000,0.2756958 -0.110961914 0.061157227 0.9527588,0.23666666 0.38111112 -4.0433335,-1.07 -0.42 10.21,260 69 29,27
17,01111011,00000000,0.3477173 -0.12042236 0.06237793 0.92767334,0.46666667 0.4 -3.9866667,231.27 0.04 10.32,261 65 21,27
18,01111011,00000000,0.39953613 -0.1239624 0.062927246 0.90600586,0.4611111 0.19333333 -3.9,-0.83 0.63 9.94,265 60 14,27
19,01111011,00000000,0.44976807 -0.1260376 0.06085205 0.88201904,0.3188889 0.05111111 -3.9133334,-1.24 0.4 10.48,271 58 8,27
20,01111011,00000000,0.51361084 -0.1303711 0.05859375 0.84594727,0.33444443 0.25555557 -3.8488889,-0.02 0.24 10.15,273 59 4,27
21,01111011,00000000,0.5571289 -0.13446045 0.058532715 0.81726074,0.34444445 0.31 -3.588889,-0.42 0.13 10.15,272 60 4,27
22,01111011,00000000,0.5963135 -0.13500977 0.060302734 0.7889404,0.64444447 0.12555556 -3.24,-1.5 -0.24 10.21,271 60 4,27
23,01111011,00000000,0.6329346 -0.13043213 0.061706543 0.7605591,0.72888887 -0.16 -3.161111,-0.57 -0.1 10.57,272 61 4,27
24,01111011,00000000,0.6796875 -0.12200928 0.062072754 0.72052,0.7411111 -0.22777778 -3.18,-0.32 0.12 10.13,275 63 4,27
25,01111011,00000000,0.70318604 -0.11682129 0.06384277 0.68914795,0.75333333 -0.57 -8.534445,-1.34 0.07 10.16,279 65 4,27
26,01111011,00000000,0.741272 -0.11273193 0.06640625 0.6582031,0.6422222 0.07111111 -2.8455555,-1.52 0.45 9.62,283 67 4,27
27,01111011,00000000,0.77563477 -0.105895996 0.06726074 0.61846924,0.69 -0.101111114 -2.6988888,-2.41 0.16 9.46,287 69 4,27
28,01111011,00000000,0.8007202 -0.09863281 0.06530762 0.5871582,0.6811111 -0.34666666 -2.8166666,-1.22 0.03 9.43,291 71 4,27
29,01111011,00000000,0.82525635 -0.0904541 0.064086914 0.55358887,0.76111114 -0.23444444 -2.8666666,-1.24 0.36 9.34,296 73 4,27
30,01111011,00000000,0.8552246 -0.082336426 0.06402588 0.5075073,0.62 -0.13444445 -2.84,-0.63 0.53 9.73,300 75 4,27
31,01111011,00000000,0.8751221 -0.077819824 0.06317139 0.47320557,0.4977778 -0.17555556 -2.718889,-2.26 -0.12 10.15,300 77 4,27
32,01111011,00000000,0.89434814 -0.07305908 0.0592041 0.4373169,0.40666667 -0.37555555 -2.9133334,-1.11 0.19 9.41,300 79 4,27
33,01111011,00000000,0.9192505 -0.06665039 0.053466797 0.38415527,0.41444445 -0.28666666 -3.1233332,-0.62 -0.04 10.28,300 81 4,27
34,01111011,00000000,0.93634033 -0.062561035 0.05114746 0.34143066,0.41333333 -0.06666667 -3.1966667,228.35 -0.12 -0.01,300 83 4,27
35,01111011,00000000,0.95147705 -0.059265137 0.048706055 0.2979126,0.27666667 -0.10222222 -3.231111,-0.68 0.56 9.74,300 85 5,27
36,01111011,00000000,0.96875 -0.05609131 0.043701172 0.23754883,0.2888889 -0.16888888 -3.3066666,-1.82 0.1 10.2,300 87 6,27
37,01111011,00000000,0.9794922 -0.05444336 0.039611816 0.18951416,0.2588889 -0.1 -3.5366666,-0.8 -0.28 9.62,300 88 8,27
38,01111011,00000000,0.9881592 -0.051879883 0.036132812 0.13983154,0.3311111 -0.06888889 -3.55,-0.64 0.16 9.73,300 89 10,27
39,01111011,00000000,0.99572754 -0.047302246 0.032348633 0.072387695,0.33666667 -0.078888886 -3.5266666,-2.02 0.39 8.91,300 90 12,27
40,01111011,00000000,0.99835205 -0.043701172 0.02935791 0.022338867,0.38444445 -0.06111111 -3.5255556,-0.65 0.29 10.09,300 91 16,27
41,01111011,00000000,0.9984131 -0.039855957 0.026794434 -0.027404785,0.3988889 -0.034444444 -3.4488888,-1.24 0.62 9.05,300 92 19,27
42,01111011,00000000,0.98443604 -0.03375244 0.024169922 -0.09100342,0.39666668 0.04777778 35.84,-1.55 0.03 9.86,300 93 22,27
43,01111011,00000000,0.98999023 -0.028869629 0.022094727 -0.13616943,0.4188889 -0.024444444 -3.1688888,-1.69 0.65 9.71,300 94 25,27
44,01111011,00000000,0.98327637 -0.02368164 0.019714355 -0.17932129,0.42666668 0.02111111 -3.0244443,-2.01 0.45 9.33,300 95 28,27
45,01111011,00000000,0.97216797 -0.016113281 0.01776123 -0.23291016,0.48666668 0.057777777 -2.8233333,-1.49 0.15 10.33,300 96 31,27
46,01111011,00000000,0.9628296 -0.010192871 0.01586914 -0.269104,0.46444446 -0.0055555557 -2.5644445,-1.31 0.23 9.19,300 96 34,27
47,01111011,00000000,0.9528198 -0.005004883 0.012512207 -0.30303955,0.4511111 -0.17555556 -2.441111,-0.56 0.71 9.93,300 97 37,27
48,01111011,00000000,0.9378052 0.0018920898 0.006652832 -0.34680176,0.4722222 -0.18222222 -2.4388888,-0.59 0.25 9.34,300 98 40,27
49,01111011,00000000,0.92559814 0.007751465 0.0025024414 -0.3782959,0.5177778 -0.1 -2.3233333,-1.09 0.14 10.14,300 99 43,27
50,01111011,00000000,0.91278076 0.013549805 -0.0015869141 -0.40802002,0.44111112 -0.18111111 -2.2622223,-0.35 0.9 9.69,300 100 46,27
51,01111011,00000000,0.89434814 0.01928711 -0.0087890625 -0.44665527,0.40555555 -0.2688889 -2.27,-1.4 -2.28 -0.01,300 101 49,27
52,01111011,00000000,0.878479 0.022827148 -0.014953613 -0.47680664,0.45777777 -0.35444444 -2.3866668,-0.72 -0.16 10.44,300 102 51,27
53,01111011,00000000,0.8609009 0.027282715 -0.020690918 -0.5074463,0.47333333 -0.23888889 -2.47,-1.72 0.18 9.95,300 103 53,27
54,01111011,00000000,0.8353882 0.032958984 -0.027404785 -0.5479126,0.4377778 -0.25333333 -2.478889,-1.47 0.24 10.11,300 104 55,27
55,01111011,00000000,0.81469727 0.036010742 -0.032043457 -0.5778198,0.3288889 -0.2688889 -2.5811112,-0.97 0.36 9.61,300 105 57,27
56,01111011,00000000,0.7919922 0.037902832 -0.0368042 -0.6081543,0.26555556 -0.32333332 -2.65,-0.42 0.39 9.56,300 106 59,27
57,01111011,00000000,0.7598877 0.0413208 -0.041259766 -0.64733887,0.21222222 -0.23 -2.6344445,-0.05 0.07 10.28,300 107 61,27
58,01111011,00000000,0.73553467 0.043823242 -0.042907715 -0.67456055,0.20888889 -0.12666667 -2.5344443,-1.63 0.76 8.99,299 108 63,27
59,01111011,00000000,0.703125 0.04498291 -0.044006348 -0.69958496,0.08444444 -0.15555556 -2.42,-0.55 0 10.44,298 109 65,27
60,01111011,00000000,0.6873779 0.045043945 -0.0446167 -0.7234497,0.052222222 -0.13333334 -2.3455555,-1.77 0.16 10.26,295 110 67,27
61,01111011,00000000,0.6550293 0.046447754 -0.044006348 -0.7528076,0.03888889 -0.06111111 -2.278889,-0.41 0.18 9.82,291 111 69,27
62,01111011,00000000,0.63183594 0.047729492 -0.04284668 -0.7723999,-0.0033333334 0.02111111 -2.1055555,-0.37 0.08 10.39,287 112 71,27
63,01111011,00000000,0.61035156 0.04888916 -0.04272461 -0.7893677,0.11111111 -0.08222222 -1.8622222,-1.98 0.14 9.97,283 113 73,27
64,01111011,00000000,0.5835571 0.047790527 -0.04425049 -0.8093262,0.046666667 -0.19222222 -1.7522222,0.14 0.31 10.27,280 114 75,27
65,01111011,00000000,0.5638428 0.04638672 -0.043884277 -0.8233032,-0.06666667 -0.11888889 -1.6766666,-0.13 -0.44 10.27,277 115 77,27
66,01111011,00000000,0.5456543 0.04748535 -0.04272461 -0.8355713,0.025555555 0.043333333 -1.4311111,-1.09 0.23 9.19,273 116 79,27
67,01111011,00000000,0.5252075 0.048583984 -0.043273926 -0.84832764,0.043333333 -0.06555556 -1.2311112,-0.62 0.01 9.38,269 117 81,27
68,01111011,00000000,0.51171875 0.04626465 -0.045898438 -0.8565674,0.08 -0.3888889 -1.1022222,-0.21 0.32 122.15,8 64 83,27
69,01111011,00000000,0.49743652 0.043884277 -0.049804688 -0.86486816,0.15777777 -0.33777776 -1.1477778,0.92 0.06 10.23,263 117 84,27
70,01111011,00000000,0.47998047 0.04437256 -0.05444336 -0.87438965,0.2777778 -0.09888889 -1.0011111,0.87 0.2 9.85,262 117 85,27
71,01111011,00000000,0.47003174 0.04486084 -0.056518555 -0.8796387,0.12444445 -0.13444445 -0.7133333,0.4 0.01 10.58,263 117 86,27
72,01111011,00000000,0.461792 0.04260254 -0.0592041 -0.88391113,0.07777778 -0.32666665 -0.62666667,-0.79 -0.06 10.89,263 117 87,27
73,01111011,00000000,0.4498291 0.036010742 -0.054870605 -0.890625,0.093333334 -0.28777778 -0.7,0.65 -0.67 10.74,261 117 88,27
74,01111011,00000000,0.44073486 0.03540039 -0.05670166 -0.89508057,0.16111112 -0.10666667 -0.65555555,-0.39 -0.15 10.58,259 117 89,27
75,01111011,00000000,0.4333496 0.036254883 -0.059814453 -0.8984375,0.16333333 -0.09555556 -0.48222223,0.58 -0.14 10.52,258 117 90,27
76,01111011,00000000,0.42614746 0.013977051 0.0072021484 -0.009643555,-0.023333333 -0.18777777 -0.39555556,-0.62 0.51 10.28,257 117 91,27
77,01111011,00000000,0.4208374 0.03161621 -0.060668945 -0.90448,-0.07777778 -0.16222222 -0.40666667,0.11 -0.22 10.23,254 117 92,27
78,01111011,00000000,0.41589355 0.030944824 -0.05987549 -0.90686035,-0.03888889 -0.011111111 -0.34666666,-0.81 -0.04 9.48,250 117 93,27
79,01111011,00000000,0.4118042 0.03173828 -0.059631348 -0.9086914,-0.0055555557 0.04 -0.22333333,-0.82 0.24 8.83,247 117 94,27
80,01111011,00000000,0.41064453 0.031799316 -0.05883789 -0.90930176,-0.09777778 -0.012222222 -0.05666667,-1.54 0.36 9.38,244 117 95,27
81,01111011,00000000,0.4107666 0.030517578 -0.057006836 -0.9093628,-0.18444444 -0.04888889 0.027777778,0.24 0.02 9.71,241 117 96,27
82,01111011,00000000,0.41229248 0.029541016 -0.055114746 -0.9088745,-0.1 0.018888889 0.07777778,-0.33 0 10.54,238 117 97,27
83,01111011,00000000,0.41534424 0.02947998 -0.053955078 -0.90753174,-0.05666667 0.053333335 0.28777778,0.18 0 9.41,235 118 98,27
84,01111011,00000000,0.42071533 0.02960205 -0.05340576 -0.9050293,0.033333335 0.034444444 0.4888889,-1.2 0.01 8.9,232 118 98,27
85,01111011,00000000,0.4293213 0.028259277 -0.054504395 -0.90093994,0.027777778 -0.08111111 0.49888888,0.55 0.03 9.77,23 -1211 -14081,27
86,01111011,00000000,0.43615723 0.026977539 -0.055541992 -0.89764404,0.07777778 -0.083333336 0.55333334,-0.34 0.24 9.39,227 119 97,27
87,01111011,00000000,0.44378662 0.026733398 -0.058044434 -0.8937378,0.20888889 -0.062222224 0.6188889,-0.09 -0.32 9.48,225 120 96,27
88,01111011,00000000,0.45483398 0.025390625 -0.061462402 -0.8880005,0.13444445 -0.11 0.6711111,0.44 -0.52 11,226 120 95,27
89,01111011,00000000,0.46258545 0.023254395 -0.06365967 -0.88391113,0.07444444 -0.15333334 0.65444446,-0.2 -0.35 9.36,226 121 94,27
90,01111011,00000000,0.4691162 0.021606445 -0.066345215 -0.88031006,0.18444444 -0.18555556 0.5,0.22 -0.5 10.8,225 121 93,27
91,01111011,00000000,0.4761963 0.019958496 -0.07110596 -0.87615967,0.19444445 -0.1711111 0.43888888,-0.21 -0.67 9.53,225 121 92,27
92,01111011,00000000,0.48095703 0.018249512 -0.074645996 -0.87335205,0.22 -0.18444444 0.41222224,1.14 -0.21 10.57,226 121 92,27
93,01111011,00000000,0.4852295 0.016906738 0.0072631836 -0.010437012,0.072222225 -0.11888889 0.35666665,-0.97 -0.47 9.67,227 121 92,27
94,01111011,00000000,0.4899292 0.016479492 -0.078552246 -0.868042,0.12222222 -0.05111111 0.41555557,-0.07 0.11 10.4,227 121 92,27
95,01111011,00000000,0.49719238 0.016418457 -0.0814209 -0.8635864,0.14 -0.044444446 0.4511111,-1.53 -0.04 9.23,226 121 92,27
96,01111011,00000000,0.50335693 0.01586914 -0.08319092 -0.8598633,0.044444446 -0.06111111 0.5222222,0.99 -0.03 10.07,226 121 92,27
97,01111011,00000000,0.5102539 0.01550293 -0.084228516 -0.8557129,0.09 -0.013333334 0.57555556,0.11 -0.53 9.28,225 121 92,27
98,01111011,00000000,0.52130127 0.01574707 -0.0848999 -0.848938,0.05666667 0.06666667 0.69666666,1.82 -0.43 10.25,224 121 91,27
99,01111011,00000000,0.5310669 0.015380859 -0.084350586 -0.8428955,-0.07777778 0.086666666 0.8377778,-0.78 -0.54 9.53,223 121 90,27
100,01111011,00000000,0.5418701 0.014953613 -0.08355713 -0.8361206,-0.0022222223 0.053333335 0.8877778,1.13 -0.34 10.45,221 120 89,27
101,01111011,00000000,0.5562134 0.014038086 -0.082458496 -0.8267212,-0.037777778 0.064444445 0.9222222,-0.11 -0.12 8.71,219 119 87,27
102,01111011,00000000,0.5666504 0.014038086 -0.08355713 -0.8195801,0.15222222 -0.012222222 0.8788889,1.12 -0.47 10.95,217 167 -12545,27
103,01111011,00000000,0.57647705 0.012939453 -0.08355713 -0.8126831,-0.043333333 0.015555556 0.84,-1.5 -0.26 9.39,216 119 83,27
104,01111011,00000000,0.588501 0.012878418 -0.08288574 -0.80407715,-0.017777778 0.08888889 0.78,0.15 -0.64 10.19,214 120 82,27
105,01111011,00000000,0.59698486 0.013244629 -0.08306885 -0.7977905,0.09555556 0.03 0.74666667,-0.67 0.02 9.91,212 119 81,27
106,01111011,00000000,0.6047363 0.0126953125 -0.084472656 -0.791687,0.08888889 -0.093333334 0.68666667,-0.2 -0.08 9.16,211 119 80,27
107,01111011,00000000,0.6133423 0.010131836 -0.08831787 -0.78479004,0.06888889 -0.19444445 0.5655556,1.16 0.07 9.88,211 120 79,27
108,01111011,00000000,0.6175537 0.009277344 -0.089782715 -0.78125,0.037777778 -0.008888889 0.38,-1.17 -0.21 9.27,210 121 79,27
109,01111011,00000000,0.6224365 0.010253906 -0.091308594 -0.77716064,0.086666666 0.023333333 0.4488889,0.58 0.17 9.47,209 121 79,27
110,01111011,00000000,0.6296387 0.010314941 -0.094177246 -0.011047363,0.14333333 -0.08222222 0.50666666,0.42 -0.62 10.66,208 121 79,27
111,01111011,00000000,0.6345215 0.0079956055 -0.097595215 -0.76660156,0.06 -0.2588889 0.4422222,0.02 -0.22 9.3,208 121 79,27
112,01111011,00000000,0.6387329 0.0061035156 -0.100097656 -0.7628174,0.12888889 -0.12888889 0.37777779,-0.48 -0.63 9.97,208 121 79,27
113,01111011,00000000,0.64489746 0.0064697266 -0.101745605 -0.7573242,0.083333336 0.028888889 0.45222223,0.27 0.12 10.42,208 121 79,27
114,01111011,00000000,0.65167236 0.007019043 -0.10229492 -0.7514038,0.07444444 0.05666667 0.68222225,-0.62 -0.18 10.66,208 121 79,27
115,01111011,00000000,0.65893555 0.005432129 -0.10253906 -0.74505615,-0.043333333 -0.07111111 0.6611111,-0.99 0.11 8.7,207 121 79,27
116,01111011,00000000,0.6679077 0.0029907227 -0.103759766 -0.7368164,0.017777778 -0.11333334 0.64555556,-0.09 -0.22 10.82,205 122 78,27
117,01111011,00000000,0.6748657 0.0021362305 -0.104003906 -0.73046875,0.05888889 0.013333334 0.6855556,0.05 -0.33 10.98,203 122 77,27
118,01111011,00000000,0.68273926 0.0022583008 -0.10321045 -0.7232666,0.01 0.08 0.77444446,-1.34 0.19 9.08,202 122 76,27
119,01111011,00000000,0.69329834 0.0004272461 -0.10168457 -0.7133789,-0.093333334 0.044444446 0.74,0.63 -0.33 9.28,201 121 255,27
120,01111011,00000000,0.70062256 -0.001159668 -0.10046387 -0.70635986,-0.062222224 0.015555556 0.69,0.94 -0.2 9.62,199 120 74,27
121,01111011,00000000,0.70843506 -0.004211426 -0.088256836 -0.7001343,-0.04888889 0.0011111111 0.6511111,1.14 -0.56 10.97,197 120 73,27
122,01111011,00000000,0.7183838 -0.0056762695 -0.0758667 -0.69140625,-0.05111111 0.078888886 0.68666667,-1.1 0.07 9.89,195 120 73,27
123,01111011,00000000,0.72595215 -0.006591797 -0.064941406 -0.6845703,0.032222223 0.045555554 0.6811111,-0.97 -0.3 10.06,193 120 73,27
124,01111011,00000000,0.7331543 -0.008544922 -0.056396484 -0.67755127,0.0044444446 -0.022222223 0.64555556,0.38 -0.6 9.54,191 119 73,27
125,01111011,00000000,0.74102783 -0.010009766 -0.057006836 -0.6688843,0.034444444 -0.06333333 0.6166667,-0.01 -0.39 10.49,190 120 73,27
126,01111011,00000000,0.74694824 -0.009765625 -0.05859375 -0.6621094,0.10666667 -0.027777778 0.63666666,-0.42 -0.29 10.21,189 121 73,27
127,01111011,00000000,0.7531128 -0.009643555 -0.053100586 -0.6555786,0.08555555 -0.08111111 0.6388889,0.21 0.13 10.18,189 121 73,27
128,01111011,00000000,0.7611084 -0.010864258 -0.05505371 -0.6460571,0.054444443 -0.13333334 0.66444445,1.7 -0.33 10.58,189 121 73,27
129,01111011,00000000,0.767334 -0.012084961 -0.05706787 -0.6385498,0.07666667 -0.16777778 0.7077778,1.26 0.02 9.97,189 121 73,27
130,01111011,00000000,0.7729492 -0.013427734 -0.05908203 -0.6314697,0.046666667 -0.14888889 0.6255556,1.4 -1 10.91,189 122 72,27
131,01111011,00000000,0.7783203 -0.0138549805 -0.06060791 -0.6246948,0.12 -0.054444443 0.5877778,0.07 -0.38 11.01,189 122 72,27
132,01111011,00000000,0.7849121 -0.0138549805 -0.061767578 -0.616333,0.078888886 -0.034444444 0.54333335,0.08 -0.34 10.81,189 122 72,27
133,01111011,00000000,0.7894287 -0.014282227 -0.062561035 -0.6104126,0.018888889 -0.0044444446 0.5177778,0.86 -0.54 10.44,189 122 72,27
134,01111011,00000000,0.79382324 -0.014953613 -0.062805176 -0.60461426,-0.036666665 -0.045555554 0.5,-1.26 -0.18 10.14,188 122 72,27
135,01111011,00000000,0.79974365 -0.016174316 -0.062438965 -0.59680176,-0.02111111 -0.013333334 0.51,0.21 -0.56 11.04,186 122 72,27
136,01111011,00000000,0.80474854 -0.016357422 -0.06213379 -0.5899658,0.036666665 0.04 0.6311111,-0.17 -0.12 9.93,185 122 72,27
137,01111011,00000000,0.8102417 -0.016784668 -0.061828613 -0.58251953,-0.006666667 0.043333333 0.6488889,0.6 -0.32 9.56,184 122 72,27
138,01111011,00000000,0.8178711 -0.01751709 -0.061035156 -0.5717163,-0.0011111111 -0.015555556 0.72555554,1.17 0.09 10.18,183 122 72,27
139,01111011,00000000,0.82403564 -0.018127441 -0.0602417 -0.56292725,-0.08 0.02 0.76111114,0.98 -0.89 11,182 122 71,27
140,01111011,00000000,0.8303833 -0.019042969 -0.059387207 -0.55358887,-0.053333335 0.033333335 0.8144444,-0.06 -0.5 10.42,181 122 70,27
141,01111011,00000000,0.83898926 -0.020019531 -0.059143066 -0.5404053,-0.008888889 -0.06333333 0.84,0.51 -0.55 11.03,180 122 69,27
142,01111011,00000000,0.8453369 -0.021972656 -0.059265137 -0.53045654,-0.036666665 -0.083333336 0.8211111,0.56 -0.55 10.6,179 123 68,27
143,01111011,00000000,0.8508911 -0.022827148 -0.059570312 -0.52124023,0.036666665 -0.04111111 0.74,-0.48 -0.71 10.46,178 123 67,27
144,01111011,00000000,0.857605 -0.022583008 -0.060791016 -0.5100708,0.07444444 -0.043333333 0.6677778,0.72 -0.41 11.01,177 123 66,27
145,01111011,00000000,0.8623047 -0.023010254 -0.061279297 -0.50201416,0.012222222 -0.08 0.63555557,0.35 0.02 10.37,177 123 66,27
146,01111011,00000000,0.86657715 -0.02368164 -0.06225586 -0.4944458,0.07333333 -0.08111111 0.58666664,1.7 -0.26 10.2,176 123 66,27
147,01111011,00000000,0.87145996 -0.024902344 -0.064208984 -0.4854126,0.032222223 -0.14666666 0.52555555,0.77 -0.98 10.75,176 123 66,27
148,01111011,00000000,0.8748779 -0.02545166 -0.06591797 -0.47906494,0.04111111 -0.12222222 0.47666666,-0.46 -0.59 9.13,176 123 66,27
149,01111011,00000000,0.8781128 -0.026062012 -0.066833496 -0.4729004,0.03 -0.04777778 0.48222223,0.49 -0.08 8.99,176 123 66,27
150,01111011,00000000,0.8824463 -0.026306152 -0.06744385 -0.46466064,0.016666668 -0.064444445 0.51,-0.79 -0.56 9.64,175 123 66,27
151,01111011,00000000,0.88586426 -0.026428223 -0.06817627 -0.45806885,0.096666664 -0.08555555 0.5477778,-0.26 -0.56 9.91,174 123 66,27
152,01111011,00000000,0.8892822 -0.02709961 -0.068603516 -0.45117188,-0.032222223 -0.06666667 0.5288889,-0.58 -0.35 10.29,174 123 66,27
153,01111011,00000000,0.89068604 -0.027709961 -0.06890869 -0.44158936,0.043333333 5.687778 25.884445,0 0.12 9.95,173 123 66,27
154,01111011,00000000,0.8978882 -0.027709961 -0.06896973 -0.4338379,0.036666665 -0.0033333334 0.6488889,-0.1 0.06 10.01,172 123 66,27
155,01111011,00000000,0.9020386 -0.027709961 -0.068603516 -0.4251709,-0.0022222223 0.016666668 0.68,0.72 -0.24 9.49,172 123 66,27
156,01111011,00000000,0.9078369 -0.0289917 -0.06756592 -0.41271973,-0.043333333 0.008888889 0.72888887,-0.19 -0.75 9.57,171 123 66,27
157,01111011,00000000,0.9122925 -0.030151367 -0.06689453 -0.40283203,0.015555556 -0.006666667 0.78444445,0.1 -0.62 10.12,170 123 66,27
158,01111011,00000000,0.9168701 -0.030822754 -0.06689453 -0.39233398,0.02 -0.014444444 0.7966667,-0.32 -0.1 8.53,169 123 65,27
159,01111011,00000000,0.9226074 -0.032836914 -0.066589355 -0.378479,-0.025555555 -0.028888889 0.8011111,-0.19 -0.62 10.19,168 123 64,27
160,01111011,00000000,0.92645264 -0.033691406 -0.06585693 -0.36895752,-0.018888889 0.06888889 0.7188889,1.32 -0.73 10.74,167 123 63,27
161,01111011,00000000,0.92993164 -0.034057617 -0.06530762 -0.36010742,0.03 0.012222222 0.6422222,-0.36 -0.63 9.95,166 123 63,27
162,01111011,00000000,0.934021 -0.034301758 -0.06567383 -0.34936523,0.083333336 -0.05 0.6188889,252.07 -2.54 -0.01,165 123 63,27
163,01111011,00000000,0.9366455 -0.03527832 -0.066467285 -0.34197998,-0.044444446 -0.075555556 0.5377778,0.07 0.12 10.6,165 123 63,27
164,01111011,00000000,0.93878174 -0.036254883 -0.066711426 -0.33581543,-0.008888889 -0.04111111 0.4488889,1.58 -0.11 10.31,164 123 63,27
165,01111011,00000000,0.94158936 -0.03704834 -0.06689453 -0.32763672,-0.013333334 -0.012222222 0.45555556,0.46 0 10.5,163 123 63,27
166,01111011,00000000,0.9437866 -0.03692627 -0.06768799 -0.32122803,0.05888889 -0.07444444 0.45555556,0.11 -0.37 10.37,162 123 64,27
167,01111011,00000000,0.9459839 -0.03729248 -0.06890869 -0.31433105,0.035555556 -0.10555556 0.48333332,-0.23 0.13 9.04,162 123 65,27
168,01111011,00000000,0.9483032 -0.03778076 -0.06945801 -0.30718994,-0.01 -0.043333333 0.5411111,1.19 -0.63 10.94,162 123 65,27
169,01111011,00000000,0.9515991 -0.038085938 -0.0703125 -0.2965088,0.05666667 -0.072222225 0.5977778,-0.25 -0.44 8.9,161 123 65,27
170,01111011,00000000,0.9533081 -0.03869629 -0.07080078 -0.28753662,0.026666667 -0.046666667 -11.663333,-1.32 -0.29 9.83,161 123 65,27
171,01111011,00000000,0.9569702 -0.03955078 -0.07098389 -0.27838135,-0.0022222223 -0.024444444 0.66555554,0.32 0.1 10.32,161 123 65,27
172,01111011,00000000,0.9604492 -0.040649414 -0.07171631 -0.26586914,-0.0022222223 -0.08888889 0.7033333,-1.54 -0.16 8.71,160 123 65,27
173,01111011,00000000,0.9630127 -0.04144287 -0.07171631 -0.2562256,0.025555555 -0.03888889 0.7077778,-0.04 -0.21 9.31,159 123 65,27
174,01111011,00000000,0.96551514 -0.04248047 -0.07147217 -0.24645996,-0.027777778 -0.034444444 0.71555555,-1.29 -0.05 8.91,159 123 65,27
175,01111011,00000000,0.9688721 -0.043823242 -0.07141113 -0.23291016,-0.02111111 -0.016666668 0.74222225,-0.08 0.11 10.07,158 123 65,27
176,01111011,00000000,0.9711304 -0.04498291 -0.07128906 -0.22283936,-0.043333333 -0.022222223 0.73333335,-0.68 -0.06 8.55,157 123 65,27
177,01111011,00000000,0.9733887 -0.045837402 -0.07080078 -0.21258545,-0.0022222223 -0.012222222 0.7322222,0.18 -0.63 10.14,156 123 65,27
178,01111011,00000000,0.9762573 -0.046813965 -0.07067871 -0.19891357,-0.011111111 -0.013333334 0.7266667,0.16 -0.38 9.17,156 123 65,27
179,01111011,00000000,0.9782715 -0.047912598 -0.07055664 -0.18884277,-0.037777778 0.007777778 0.7077778,-1.32 -0.59 -0.01,156 123 65,27
180,01111011,00000000,0.98010254 -0.04840088 -0.07067871 -0.17877197,0.014444444 -0.02 0.7133333,0.78 0.12 10.46,155 123 65,27
181,01111011,00000000,0.9824219 -0.049438477 -0.070007324 -0.16552734,0.014444444 0.028888889 0.72444445,0.43 -0.75 11.08,155 123 65,27
182,01111011,00000000,0.9840698 -0.049621582 -0.0703125 -0.15527344,0.04 -0.05888889 0.7366667,1.02 -0.13 10.45,155 123 65,27
183,01111011,00000000,0.98553467 -0.05041504 -0.07104492 -0.14483643,0.017777778 -0.10333333 0.7355555,0.08 0.19 10.48,155 123 65,27
184,01111011,00000000,0.98724365 -0.05090332 -0.072021484 -0.13195801,0.007777778 -0.06666667 0.65555555,1.26 -0.32 9.73,155 123 65,27
185,01111011,00000000,0.98846436 -0.051330566 -0.07232666 -0.12207031,0.04222222 -0.02 0.70666665,1.02 0.11 10.22,155 123 65,27
186,01111011,00000000,0.98968506 -0.051635742 -0.07244873 -0.111694336,0.024444444 -0.07 0.7277778,0.84 -0.44 10.33,155 123 65,27
187,01111011,00000000,0.984375 -0.05255127 -0.07330322 -0.09869385,-0.016666668 -0.07777778 0.65555555,-1.86 -0.33 9.11,155 123 65,27
188,01111011,00000000,0.9918823 -0.05255127 -0.0736084 -0.08905029,0.043333333 -0.026666667 0.67777777,0.12 -0.56 10.37,155 123 65,27
189,01111011,00000000,0.9926758 -0.05279541 -0.073791504 -0.07928467,0.032222223 -0.033333335 0.6722222,-1.45 0.1 8.56,155 123 65,27
190,01111011,00000000,0.9935913 -0.05340576 -0.07348633 -0.06652832,0.015555556 -0.028888889 0.67,-1.82 -0.35 9.18,155 123 65,27
191,01111011,00000000,0.99420166 -0.053894043 -0.07330322 -0.057006836,0.02111111 -0.06666667 0.66444445,0.04 -0.61 10.4,155 123 65,27
192,01111011,00000000,0.9946289 -0.054504395 -0.073791504 -0.047424316,-0.0055555557 -0.07111111 0.67,-1.56 -0.06 8.7,155 123 65,27
193,01111011,00000000,0.99505615 -0.05493164 -0.07366943 -0.03515625,0.05111111 -0.044444446 0.64666665,1.7 -0.56 10.49,155 123 65,27
194,01111011,00000000,0.9953613 -0.055786133 -0.07287598 -0.025390625,-0.023333333 0.013333334 0.7022222,-0.53 -0.13 8.59,155 123 65,27
195,01111011,00000000,0.99560547 -0.05682373 -0.07220459 -0.0154418945,-0.017777778 0.007777778 0.72555554,0.59 -0.65 11.31,155 123 65,27
196,01111011,00000000,0.9956665 -0.058044434 -0.07196045 -0.0021362305,-0.032222223 -0.03888889 0.69222224,-0.51 -0.02 71.07,9 115 65,27
197,01111011,00000000,0.99560547 -0.05847168 -0.07269287 0.007080078,-0.01 -0.11333334 0.6488889,0.15 -0.14 10.81,155 123 65,27
198,01111011,00000000,0.9953613 -0.058898926 -0.07318115 0.016052246,0.0055555557 -0.075555556 0.60555553,0.5 0.09 9.43,155 123 65,27
199,01111011,00000000,0.9951782 -0.059570312 -0.07220459 0.02746582,0.012222222 0.06 0.58666664,-0.33 0.2 9.68,155 123 65,27
200,01111011,00000000,0.99487305 -0.06036377 -0.07141113 0.035949707,-0.007777778 0.037777778 0.6111111,-0.03 -0.26 10.98,155 123 65,27
201,01111011,00000000,0.99450684 -0.060913086 -0.07183838 0.044555664,0.026666667 -0.08444444 0.60555553,0.41 -0.11 9.5,155 123 65,27
202,01111011,00000000,0.99401855 -0.06121826 -0.07305908 0.0524292,0.014444444 -0.14333333 0.5366667,-0.68 -0.82 9.21,155 123 65,27
203,01111011,00000000,0.99334717 -0.06109619 -0.074157715 0.06237793,0.007777778 -0.05888889 0.5277778,0.96 -0.55 10.01,155 123 65,27
204,01111011,00000000,0.9929199 0.009521484 0.007507324 -0.01184082,0.093333334 0.0055555557 0.53555554,-1.58 -0.61 9.27,155 123 65,27
205,01111011,00000000,0.99243164 -0.060668945 -0.072753906 0.07733154,0.037777778 0.02 0.5477778,0.47 0.14 10.26,156 123 65,27
206,01111011,00000000,0.99157715 -0.06109619 -0.07299805 0.08746338,0.011111111 -0.052222222 0.5277778,-1.44 0.07 8.59,157 123 65,27
207,01111011,00000000,0.9907837 -0.062072754 -0.07373047 0.09436035,-0.0033333334 -0.05111111 0.4588889,-1.23 -0.49 9.17,157 123 65,27
208,01111011,00000000,0.99017334 -0.061706543 -0.07385254 0.10076904,0.11 -0.06555556 0.4422222,0.37 -0.18 10.38,156 123 65,27
209,01111011,00000000,0.98931885 -0.06121826 -0.07366943 0.109375,0.046666667 -0.011111111 0.44444445,-1.78 -0.18 8.65,157 123 65,27
210,01111011,00000000,0.9885254 -0.060913086 -0.07354736 0.11639404,0.028888889 -0.016666668 0.47555557,0.96 -0.11 9.88,158 123 65,27
211,01111011,00000000,0.98773193 -0.061584473 -0.07293701 0.12310791,-0.02 0.0011111111 0.48444444,0.71 -0.46 11.11,158 123 64,27
212,01111011,00000000,0.9866333 -0.062438965 -0.072143555 0.1315918,-0.033333335 0.037777778 0.44666666,-0.13 -0.81 10.4,157 123 63,27
213,01111011,00000000,0.98602295 -0.0625 -0.07128906 0.13623047,0.04222222 0.026666667 0.2988889,0.36 -0.03 10.75,163 -1209 2815,27
214,01111011,00000000,0.98565674 -0.061950684 -0.070739746 0.13995361,0.046666667 0 0.25666666,-0.27 0.13 8.86,156 123 62,27
215,01111011,00000000,0.9851074 -0.061767578 -0.06976318 0.14404297,0.0055555557 0.036666665 0.19,0.82 0.24 10.52,156 123 62,27
216,01111011,00000000,0.9847412 -0.062072754 -0.06964111 0.14672852,0.0033333334 -0.008888889 0.18333334,0.09 -0.07 11,156 123 62,27
217,01111011,00000000,0.984375 -0.061706543 -0.06903076 0.1494751,0.03888889 0.024444444 0.18,0.2 -0.11 9.35,156 123 62,27
218,01111011,00000000,0.9838257 -0.06121826 -0.06896973 0.15301514,0.03888889 -0.03888889 0.18222222,-0.62 -0.47 9.33,156 123 62,27
219,01111011,00000000,0.9834595 -0.060791016 -0.06933594 0.15563965,0.04888889 -0.023333333 0.18111111,0.79 -0.27 10.26,156 123 62,27
220,01111011,00000000,0.98309326 -0.06060791 -0.06896973 0.15795898,0.014444444 0.015555556 0.16222222,-1.44 -0.39 9.1,156 123 62,27
221,01111011,00000000,0.98272705 -0.060424805 0.007507324 -0.01159668,0.026666667 0.043333333 0.19888888,-0.22 0.02 9.88,156 123 62,27
222,01111011,00000000,0.98223877 -0.0602417 -0.068359375 0.1638794,0.012222222 -0.06333333 0.18,-1.63 0.11 8.79,156 123 62,27
223,01111011,00000000,0.9818115 -0.0602417 -0.06933594 0.16589355,0.0055555557 -0.078888886 0.107777774,-1.58 -0.42 9.49,156 123 62,27
224,01111011,00000000,0.9814453 -0.059753418 -0.07043457 0.1675415,0.007777778 -0.034444444 0.07444444,-0.56 0.07 9.25,156 123 62,27
225,01111011,00000000,0.9813843 -0.059814453 -0.06976318 0.16833496,0.016666668 0.05 0.04777778,-0.77 0.11 8.83,156 123 62,27
226,01111011,00000000,0.9812622 -0.059814453 -0.06903076 0.16931152,0.0022222223 0.03 0.07333333,-0.52 0.06 9.04,156 123 63,27
227,01111011,00000000,0.98114014 -0.059448242 -0.07019043 0.16986084,-0.006666667 -0.093333334 0.0011111111,0.57 -0.54 11.31,156 123 63,27
228,01111011,00000000,0.9812012 -0.05834961 -0.07080078 0.1694336,0.072222225 -0.06111111 -0.05666667,-0.6 -0.62 9.37,155 123 64,27
229,01111011,00000000,0.9813843 -0.057861328 -0.070739746 0.1687622,0.024444444 0.013333334 -0.045555554,-0.28 0.09 10.74,155 123 65,27
230,01111011,00000000,0.9812622 -0.057922363 -0.07086182 0.16912842,0.0011111111 -0.031111112 0.04888889,0.74 0.48 9.57,155 118 3327,27
231,01111011,00000000,0.980896 -0.05810547 -0.07128906 0.17114258,-0.044444446 -0.024444444 0.13333334,-0.23 0.35 9.83,155 123 67,27
232,01111011,00000000,0.98028564 -0.058654785 -0.072265625 0.17370605,-0.06111111 -0.11777778 0.19888888,-0.45 -0.17 10.23,154 123 67,27
233,01111011,00000000,0.9795532 -0.058410645 -0.07318115 0.17773438,0.036666665 -0.06 0.22,0.97 0.22 10.32,154 123 67,27
234,01111011,00000000,0.9790039 -0.05847168 -0.07299805 0.18109131,0.0033333334 0.008888889 0.21666667,-0.85 0.23 9.42,154 123 67,27
235,01111011,00000000,0.9783325 -0.058654785 -0.072387695 0.18463135,-0.0011111111 0.018888889 0.24333334,1.94 -0.45 10.75,154 123 67,27
236,01111011,00000000,0.97735596 -0.059326172 -0.07318115 0.18939209,-0.0055555557 -0.05888889 0.26555556,-1.06 -0.32 9.85,154 123 67,27
237,01111011,00000000,0.9766846 -0.05908203 -0.07421875 0.19232178,-0.0055555557 -0.083333336 0.18222222,0.86 -0.77 11.42,154 123 66,27
238,01111011,00000000,0.9761963 -0.058288574 -0.07458496 -0.01159668,0.043333333 -0.027777778 0.14777778,-0.62 0.16 9.52,154 123 66,27
239,01111011,00000000,0.9758911 -0.057373047 -0.07434082 0.19696045,0.08222222 -0.013333334 0.17333333,-0.36 -0.51 10.26,154 123 66,27
240,01111011,00000000,0.97528076 -0.0569458 -0.0748291 0.19995117,-0.0011111111 -0.045555554 0.15222222,0.22 0.46 9.36,155 123 66,27
241,01111011,00000000,0.97491455 -0.057006836 -0.07489014 0.20147705,0.0055555557 -0.035555556 0.09111111,-0.44 -0.01 9.52,155 123 66,27
242,01111011,00000000,0.9746704 -0.0569458 -0.07495117 0.20263672,0.024444444 -0.0033333334 0.09,-0.75 -0.2 8.94,155 123 66,27
243,01111011,00000000,0.97442627 -0.056030273 -0.07507324 0.20385742,0.055555556 -0.024444444 0.04111111,-0.08 0 9.14,155 123 66,27
244,01111011,00000000,0.9743042 -0.05529785 -0.07489014 0.20483398,0.027777778 -0.006666667 0.06,-0.39 -0.51 9.37,155 123 66,27
245,01111011,00000000,0.9741821 -0.054748535 -0.07476807 0.20574951,0.057777777 -0.0044444446 0.054444443,0.05 -0.16 11.2,155 123 66,27
246,01111011,00000000,0.973938 -0.054138184 -0.074401855 0.20703125,0.05 -0.017777778 0.064444445,-1.62 -0.36 9.89,155 123 66,27
247,01111011,00000000,0.9737549 -0.054138184 -0.07409668 0.20794678,0.0044444446 0.016666668 0.072222225,0.62 0.07 10.53,155 123 255,27
248,01111011,00000000,0.9735718 -0.053955078 -0.07385254 0.20904541,0.055555556 0.01 0.06555556,0.41 -0.27 11.18,155 123 66,27
249,01111011,00000000,0.9733887 -0.053649902 -0.073913574 0.20996094,0.026666667 -0.02 0.053333335,-1.06 -0.56 9.83,155 123 66,27
250,01111011,00000000,0.9733887 -0.053100586 -0.07305908 0.21051025,0.032222223 0.06555556 0.044444446,0.5 0.15 10.6,155 123 66,27
251,01111011,00000000,0.9732666 -0.05303955 -0.07208252 0.2111206,0.054444443 0.06 0.062222224,-0.08 -0.17 9.01,155 123 66,27
252,01111011,00000000,0.97314453 -0.053222656 -0.07208252 0.21160889,0.0033333334 -0.0055555557 0.016666668,-0.79 -0.42 10.01,155 122 66,27
253,01111011,00000000,0.97314453 -0.053222656 -0.0725708 0.21160889,-0.016666668 -0.04111111 -0.011111111,-0.26 -0.4 9.39,155 122 66,27
254,01111011,00000000,0.97332764 -0.053222656 -0.07269287 0.21069336,-0.014444444 -0.012222222 -0.046666667,-1.54 -0.11 9.96,154 122 66,27
255,01111011,00000000,0.9735718 -0.05267334 -0.072631836 0.2097168,0.045555554 0.02111111 -0.096666664,-0.58 -0.72 10.41,154 122 66,27
0,01111011,00000000,0.973938 -0.051879883 -0.07312012 0.20800781,-0.013333334 -0.016666668 -0.1,-0.33 0.31 9.44,154 122 66,27
1,01111011,00000000,0.9743042 -0.051452637 -0.07354736 0.20648193,0.057777777 -0.07 -0.12888889,-1.1 -0.21 10.13,154 122 66,27
2,01111011,00000000,0.9748535 -0.049743652 -0.07409668 0.20404053,0.045555554 -0.0033333334 -0.15555556,1.01 0.09 10.1,154 122 66,27
3,01111011,00000000,0.9753418 -0.048828125 -0.07434082 0.20178223,0.012222222 0.0011111111 -0.17777778,-0.25 0.32 9.81,154 122 66,27
4,01111011,00000000,0.97576904 -0.047973633 -0.07458496 0.2000122,0.03888889 -0.017777778 -0.12888889,1.16 -0.17 10.45,154 122 66,27
5,01111011,00000000,0.9763794 -0.046081543 -0.07446289 0.19726562,0.09111111 0.007777778 -0.16,-1.65 -0.27 9.21,154 122 66,27
6,01111011,00000000,0.97680664 -0.04486084 -0.07507324 0.19519043,0.05111111 -0.044444446 -0.16666667,0.28 -0.5 10.49,155 122 66,27
7,01111011,00000000,0.9772949 -0.04425049 -0.07531738 0.1928711,-0.007777778 -0.026666667 -0.15111111,-2.03 0.18 8.81,156 122 66,27
8,01111011,00000000,0.9777832 -0.044006348 -0.07501221 0.19036865,0.013333334 0.03888889 -0.19,-1.37 -0.48 9.41,156 122 66,27
9,01111011,00000000,0.9785156 -0.042907715 -0.07409668 0.18737793,0.09888889 0.05 -0.16,-0.14 -0.52 10.25,156 122 66,27
10,01111011,00000000,0.9789429 -0.041992188 -0.074279785 0.18518066,0.02111111 -0.0033333334 -0.17888889,-1.74 0 8.91,157 122 66,27
11,01111011,00000000,0.97961426 -0.04119873 -0.07531738 0.18151855,0.02 -0.06555556 -0.21555555,1.15 -0.08 10.43,157 122 66,27
12,01111011,00000000,0.9801636 -0.04107666 -0.07531738 0.17810059,0.0022222223 0.043333333 -0.22666667,-1.25 0.14 8.44,157 122 66,27
13,01111011,00000000,0.9807739 -0.040893555 -0.07470703 0.17529297,0.023333333 0.053333335 -0.19111112,1.03 -0.31 10.67,157 122 66,27
14,01111011,00000000,0.9812622 -0.040893555 -0.07458496 0.17236328,0.032222223 -0.0033333334 -0.22333333,0.02 -0.33 10.58,157 122 67,27
15,01111011,00000000,0.9819336 -0.04034424 -0.075683594 0.16815186,0.0022222223 -0.04 -0.19666667,-0.22 -0.35 10.62,157 122 68,27
16,01111011,00000000,0.982605 -0.039001465 -0.07659912 0.1642456,0.06 -0.04777778 -0.28111112,0.37 0.33 10.49,157 122 69,27
17,01111011,00000000,0.98327637 -0.038208008 -0.07672119 0.1605835,0.012222222 0.008888889 -0.23555556,0.23 -2.56 11.25,157 122 70,27
18,01111011,00000000,0.9838867 -0.037841797 -0.07623291 0.15679932,-0.013333334 0.075555556 -0.18555556,-0.81 -0.45 10.24,157 122 71,27
19,01111011,00000000,0.9840698 -0.03778076 -0.07727051 0.15539551,-0.03888889 -0.05666667 -0.083333336,0.12 0.17 10.73,156 121 72,27
20,01111011,00000000,0.9841919 -0.03704834 -0.07849121 0.15393066,0.046666667 -0.10333333 -0.123333335,0.11 0.22 9,155 121 73,27
21,01111011,00000000,0.9841919 -0.03540039 -0.080200195 0.15344238,0.072222225 -0.09111111 -0.008888889,0.76 0.04 10.33,155 121 73,27
22,01111011,00000000,0.9840088 -0.035217285 -0.08074951 0.15441895,-0.011111111 -0.022222223 0.07333333,0.44 -0.1 9.85,156 121 73,27
23,01111011,00000000,0.98376465 -0.035888672 -0.08123779 0.15551758,-0.0044444446 -0.0044444446 0.055555556,-1.51 -0.43 9.22,156 121 73,27
24,01111011,00000000,0.9837036 -0.035339355 -0.08099365 0.15625,0.03888889 0.012222222 0.04111111,0.05 -0.66 10.2,155 121 73,27
25,01111011,00000000,0.96875 -0.03503418 -0.08166504 0.15679932,0.04 -11.093333 11.092222,0.72 -0.31 9.92,155 121 73,27
26,01111011,00000000,0.9834595 -0.033996582 -0.08294678 0.15722656,0.053333335 -0.12888889 0.006666667,-1.52 -0.31 9.35,155 121 73,27
27,01111011,00000000,0.9834595 -0.033691406 -0.08355713 0.15667725,-0.026666667 -0.015555556 -0.014444444,0.47 -0.41 10.1,155 121 73,27
28,01111011,00000000,0.9836426 -0.033203125 -0.08306885 0.1560669,0.026666667 0.025555555 -0.018888889,-1.75 0 8.96,154 121 73,27
29,01111011,00000000,0.9837036 -0.032958984 -0.082214355 0.15618896,0.037777778 0.04111111 0.03888889,0.8 0.16 10.53,154 121 73,27
30,01111011,00000000,0.9837036 -0.032043457 -0.082458496 0.15631104,0 -0.033333335 -0.018888889,0.18 -0.49 9.84,154 121 73,27
31,01111011,00000000,0.9838257 -0.03173828 -0.082214355 0.15539551,0.06666667 0.02 -0.09,1.65 -0.31 11.02,154 121 73,27
32,01111011,00000000,0.9840088 -0.030944824 -0.08203125 0.15490723,0.07333333 0.05666667 -0.024444444,-1.27 -0.11 9.54,154 121 73,27
33,01111011,00000000,0.98413086 -0.030395508 -0.08105469 0.15460205,-0.014444444 0.04888889 -0.033333335,-0.22 -0.33 9.26,155 121 73,27
34,01111011,00000000,0.9841919 -0.030212402 -0.0803833 0.15466309,0.007777778 0.012222222 0.025555555,-259.46 -0.01 -0.01,155 120 73,27
35,01111011,00000000,0.9842529 -0.02960205 -0.080200195 0.15435791,0.04 -0.024444444 -0.012222222,-1.44 -0.53 9.29,154 120 73,27
36,01111011,00000000,0.98431396 -0.028747559 -0.079833984 0.1541748,0.01 0.02 -0.006666667,-0.56 0.03 10.13,154 120 73,27
37,01111011,00000000,0.984375 -0.028137207 -0.08013916 0.15411377,0.07333333 -0.006666667 0.018888889,-1.9 -0.11 8.89,154 120 73,27
38,01111011,00000000,0.984375 -0.027282715 -0.080200195 0.1541748,0.07666667 -0.018888889 -0.01,1.01 -0.02 10.02,154 120 73,27
39,01111011,00000000,0.984375 -0.026733398 -0.08062744 0.15362549,0.0022222223 -0.026666667 -0.018888889,0.64 -0.68 10.36,155 120 73,27
40,01111011,00000000,0.9845581 -0.025817871 -0.08093262 0.1529541,0.07333333 -0.023333333 -0.05,1.16 -0.33 10.86,155 120 73,27
41,01111011,00000000,0.9845581 -0.025939941 -0.08178711 0.15203857,-0.05888889 -0.07777778 -0.09555556,1.16 0.1 10.32,155 120 73,27
42,01111011,00000000,0.984375 -0.024169922 -0.08319092 0.15008545,0.12777779 -0.07666667 25.598888,0.26 -0.34 9.95,154 120 74,27
43,01111011,00000000,0.98498535 -0.022583008 -0.08380127 0.1486206,0.06 -0.023333333 -0.13444445,1.56 -0.25 10.74,155 120 74,27
44,01111011,00000000,0.98516846 -0.02166748 -0.08441162 0.14776611,0.023333333 -0.05 -0.07111111,-0.68 -0.45 9.92,156 120 74,27
45,01111011,00000000,0.9852905 -0.021728516 -0.08514404 0.14642334,-0.027777778 -0.043333333 -0.07444444,-1.18 0.12 8.99,156 120 75,27
46,01111011,00000000,0.9852905 -0.021728516 -0.08569336 0.14575195,0.02111111 -0.026666667 -0.026666667,-1.19 -0.05 9.08,155 120 75,27
47,01111011,00000000,0.9854126 -0.020935059 -0.086242676 0.1449585,0.054444443 -0.054444443 -0.054444443,-0.44 0.12 9.02,155 120 76,27
48,01111011,00000000,0.98547363 -0.020080566 -0.08666992 0.14440918,0.036666665 -0.0011111111 -0.025555555,1.13 -0.43 11.27,155 120 76,27
49,01111011,00000000,0.98535156 -0.020629883 -0.08679199 0.1449585,-0.032222223 -0.022222223 0.03888889,-0.19 -0.25 9.82,155 120 76,27
50,01111011,00000000,0.98516846 -0.020812988 -0.08673096 0.14654541,-0.006666667 -0.0011111111 0.11333334,-0.14 0.07 9.31,154 120 76,27
51,01111011,00000000,0.9849243 -0.020507812 -0.08648682 0.14813232,0.052222222 -0.007777778 0.11,1.27 -0.5 -0.01,153 121 76,27
52,01111011,00000000,0.9845581 -0.019958496 -0.0871582 0.14996338,-0.027777778 -0.034444444 0.07111111,0.45 -0.14 9.98,153 121 76,27
53,01111011,00000000,0.98443604 -0.019836426 -0.08709717 0.15100098,0.03888889 0.02 0.06555556,0.33 -0.41 11.13,153 121 76,27
54,01111011,00000000,0.9842529 -0.01977539 -0.08673096 0.15252686,-0.013333334 0.026666667 0.096666664,-1.47 0 8.41,153 121 76,27
55,01111011,00000000,0.98394775 -0.018859863 -0.08666992 0.15466309,0.09888889 -0.03888889 0.12888889,-0.07 0.05 10.25,153 121 76,27
56,01111011,00000000,0.98376465 -0.018066406 -0.08703613 0.15557861,0.035555556 -0.07333333 0.04111111,-0.71 0.13 8.25,154 121 76,27
57,01111011,00000000,0.9837036 -0.017822266 -0.08728027 0.15582275,0.072222225 -0.028888889 0.026666667,-1.81 0.03 8.76,155 121 76,27
58,01111011,00000000,0.9836426 -0.01727295 -0.0871582 0.1564331,0.045555554 0.03 0.03888889,-0.71 -0.15 9.98,156 121 76,27
59,01111011,00000000,0.9689331 -0.017944336 -0.08728027 0.15679932,-0.045555554 0.015555556 0.02111111,-0.71 -0.03 8.48,156 121 76,27
60,01111011,00000000,0.9835205 -0.01751709 -0.08728027 0.15673828,0.072222225 0.0044444446 0.007777778,1.22 -0.58 11.07,155 121 76,27
61,01111011,00000000,0.98358154 -0.016296387 -0.08758545 0.15698242,0.10333333 -0.045555554 0.01,-0.28 -0.39 8.89,155 121 76,27
62,01111011,00000000,0.9835205 -0.015258789 -0.0881958 0.15667725,0.08222222 -0.06111111 -0.015555556,0.45 -0.51 11.38,156 121 76,27
63,01111011,00000000,0.9836426 -0.014831543 -0.088378906 0.15600586,0.0022222223 -0.006666667 -0.05,-0.5 0.17 9.36,157 121 76,27
64,01111011,00000000,0.9838867 -0.013916016 -0.08734131 0.1552124,0.0044444446 0.07111111 -0.053333335,-0.4 -0.12 8.75,157 121 76,27
65,01111011,00000000,0.98394775 -0.0134887695 -0.08679199 0.15460205,0.0022222223 -0.006666667 -0.06666667,0.21 -0.17 9.1,156 121 76,27
66,01111011,00000000,0.9840088 -0.012207031 -0.087402344 0.15423584,0.072222225 -0.06333333 -0.018888889,-0.86 0.11 9.74,155 121 76,27
67,01111011,00000000,0.98413086 -0.010070801 -0.08795166 0.15319824,0.06888889 -0.075555556 -0.07111111,-0.51 -0.13 8.61,155 121 76,27
68,01111011,00000000,0.9842529 -0.009155273 -0.08807373 0.15270996,0.04222222 0.012222222 -0.044444446,0.2 0.34 -146.9,28 72 76,27
69,01111011,00000000,0.98443604 -0.009033203 -0.08709717 0.15197754,0.008888889 0.09222222 -0.06,-0.37 -0.37 9.09,156 121 76,27
70,01111011,00000000,0.98461914 -0.0087890625 -0.086120605 0.1515503,0.025555555 0.033333335 0.007777778,-0.21 -0.27 11.23,156 120 76,27
71,01111011,00000000,0.9845581 -0.0079956055 -0.08728027 0.15148926,0.04111111 -0.115555555 -0.012222222,-1.66 -0.45 9.47,156 119 76,27
72,01111011,00000000,0.9844971 -0.0068969727 -0.08886719 0.1508789,0.013333334 -0.096666664 -0.062222224,0.14 0.02 10.56,156 120 76,27
73,01111011,00000000,0.9846802 -0.0059814453 -0.08972168 0.14874268,-0.015555556 -0.031111112 -0.12888889,0.33 -0.31 11.21,156 120 76,27
74,01111011,00000000,0.9850464 -0.005004883 -0.088012695 0.14746094,0.053333335 0.12 -0.09,0.94 0.1 10.28,155 120 76,27
75,01111011,00000000,0.9852905 -0.004333496 -0.08703613 0.14678955,0.046666667 0.02 -0.034444444,-0.36 0.15 10.85,155 119 76,27
76,01111011,00000000,0.98547363 0.00982666 0.0071411133 -0.0107421875,0.13222222 -0.04 -0.104444444,0.19 0.2 9.48,155 118 76,27
77,01111011,00000000,0.98565674 -0.0018310547 -0.089660645 0.14276123,0.07666667 -0.14222223 -0.19888888,0.12 0.03 10.46,156 119 76,27
78,01111011,00000000,0.986084 -0.00048828125 -0.089660645 0.13995361,0.05666667 0.08555555 -0.22,1.1 -0.02 9.45,157 119 76,27
79,01111011,00000000,0.9866333 -0.00018310547 -0.08734131 0.13739014,-0.013333334 0.11111111 -0.11888889,-0.94 -0.23 9.36,158 119 77,27
80,01111011,00000000,0.98687744 -0.00012207031 -0.08648682 0.13604736,0.04111111 0.08222222 -0.09111111,0.51 -0.32 9.95,158 118 78,27
81,01111011,00000000,0.9869385 0.0005493164 -0.08795166 0.13482666,0.027777778 -0.14666666 -0.09555556,-1.71 -0.41 9.5,158 117 79,27
82,01111011,00000000,0.9869995 0.0018310547 -0.08984375 0.13323975,0.11 -0.14 -0.12666667,-0.35 -0.24 8.92,158 118 79,27
83,01111011,00000000,0.9873047 0.0032348633 -0.08996582 0.13085938,0.043333333 0.01 -0.12111111,1.12 0.05 9.66,159 119 79,27
84,01111011,00000000,0.98760986 0.0036621094 -0.087524414 0.12982178,0.086666666 0.21444444 -0.044444446,-0.76 -0.29 9.05,160 119 79,27
85,01111011,00000000,0.9876709 0.0043945312 -0.086242676 0.1303711,0.008888889 0.013333334 0.08,-0.91 -0.12 10.68,13 -1422 2303,27
86,01111011,00000000,0.9873657 0.0040893555 -0.08886719 0.13085938,-0.046666667 -0.14666666 0.018888889,-0.59 -0.67 9.52,161 116 80,27
87,01111011,00000000,0.98724365 0.0045776367 -0.09106445 0.13024902,0.034444444 -0.11666667 -0.057777777,-1.19 -0.45 9.86,160 117 80,27
88,01111011,00000000,0.98724365 0.005432129 -0.09136963 0.12945557,0.13666667 0.0055555557 -0.033333335,0.66 0.11 10.47,159 118 80,27
89,01111011,00000000,0.9871826 0.007507324 -0.089538574 0.13122559,0.11333334 0.08 0.12444445,-2.1 -0.02 9.01,160 119 80,27
90,01111011,00000000,0.9869385 0.007507324 -0.089538574 0.13323975,-0.043333333 -0.031111112 0.14,-1.08 -0.23 9.29,162 118 80,27
91,01111011,00000000,0.98669434 0.006225586 -0.09088135 0.13433838,-0.12666667 -0.07111111 0.057777777,-0.63 -0.37 10.62,161 118 80,27
92,01111011,00000000,0.98669434 0.0068969727 -0.0927124 0.13323975,0.008888889 -0.08777778 -0.08555555,-0.96 -0.76 9.54,160 119 80,27
93,01111011,00000000,0.9868164 0.008972168 0.0073242188 -0.0107421875,0.15111111 -0.0055555557 -0.07777778,-1.45 -0.42 9.53,159 120 80,27
94,01111011,00000000,0.9868164 0.010620117 -0.092041016 0.13189697,0.12555556 0.037777778 0.023333333,0.73 0.38 10.22,160 120 80,27
95,01111011,00000000,0.9868164 0.010925293 -0.091674805 0.13256836,0.015555556 0.022222223 0.04888889,-1.81 0.01 8.7,162 120 80,27
96,01111011,00000000,0.9868164 0.010009766 -0.09240723 0.13220215,-0.014444444 -0.078888886 -0.044444446,0.74 -0.11 10,162 120 80,27
97,01111011,00000000,0.9869385 0.010437012 -0.0927124 0.13098145,0.04222222 -0.011111111 -0.072222225,0.97 -0.42 10.83,161 120 80,27
98,01111011,00000000,0.9869995 0.012939453 -0.09283447 0.13024902,0.14 -0.012222222 -0.064444445,1.13 0.33 10.09,161 120 80,27
99,01111011,00000000,0.9871216 0.013916016 -0.0927124 0.1296997,0.03888889 0.01 -0.036666665,-0.82 0.2 8.99,162 120 80,27
100,01111011,00000000,0.9871216 0.014831543 -0.091918945 0.12957764,0.04111111 0.037777778 -0.023333333,1.41 -0.09 10.65,163 120 80,27
101,01111011,00000000,0.9871826 0.015991211 -0.09100342 0.1296997,0.093333334 0.025555555 0,0.14 -0.48 10.61,163 120 80,27
102,01111011,00000000,0.9871216 0.016662598 -0.09088135 0.12994385,0.075555556 0.0044444446 0.011111111,0.1 -0.46 10.54,164 185 2047,27
103,01111011,00000000,0.9871216 0.01739502 -0.09124756 0.1296997,0.11777778 -0.006666667 -0.045555554,0.27 -0.22 11.24,165 120 80,27
104,01111011,00000000,0.9871826 0.018737793 -0.091552734 0.12927246,0.024444444 -0.053333335 -0.032222223,-0.2 0.25 9.09,166 120 80,27
105,01111011,00000000,0.9873047 0.019348145 -0.091430664 0.12823486,0.07777778 -0.01 -0.09777778,-0.58 0.11 10.21,166 120 80,27
106,01111011,00000000,0.9873657 0.020446777 -0.09136963 0.12731934,0.07666667 -0.02 -0.07,-0.71 -0.34 10.41,166 120 80,27
107,01111011,00000000,0.9875488 0.02154541 -0.091430664 0.12567139,0.012222222 0.0022222223 -0.075555556,-0.07 0.02 10.79,167 120 80,27
108,01111011,00000000,0.98773193 0.022399902 -0.091796875 0.12426758,0.03 -0.05 -0.094444446,-2.14 -0.11 9.21,167 120 81,27
109,01111011,00000000,0.987854 0.02319336 -0.09210205 0.12249756,0.054444443 -0.015555556 -0.11,-0.6 0.15 9.35,167 120 82,27
110,01111011,00000000,0.9880371 0.023864746 -0.09234619 -0.010559082,0 -0.031111112 -0.107777774,1.7 -0.54 10.68,167 120 82,27
111,01111011,00000000,0.9879761 0.02557373 -0.0927124 0.12042236,0.14 -0.03 -0.014444444,-0.54 0.11 8.46,166 120 83,27
112,01111011,00000000,0.98791504 0.026245117 -0.09362793 0.12005615,0.033333335 -0.06888889 -0.017777778,-0.11 -0.8 9.79,167 120 83,27
113,01111011,00000000,0.98791504 0.027282715 -0.093811035 0.11987305,0.05666667 0.022222223 -0.017777778,-0.24 -0.11 11.01,167 120 83,27
114,01111011,00000000,0.9879761 0.027160645 -0.09338379 0.119628906,0.025555555 0.04888889 -0.03888889,-1.08 -0.31 9.39,167 120 83,27
115,01111011,00000000,0.9879761 0.027770996 -0.093322754 0.11968994,0.052222222 0.022222223 -0.008888889,0.5 -0.36 9.35,167 120 83,27
116,01111011,00000000,0.987854 0.029296875 -0.09375 0.11993408,0.1 -0.037777778 0.008888889,-1.31 -0.45 9.26,167 120 83,27
117,01111011,00000000,0.98779297 0.030456543 -0.09423828 0.11975098,0.026666667 -0.037777778 -0.037777778,1.46 -0.5 11.11,168 120 83,27
118,01111011,00000000,0.987854 0.030944824 -0.093444824 0.11981201,0.046666667 0.08222222 0.0022222223,-0.42 0.05 10.17,168 120 83,27
119,01111011,00000000,0.987854 0.03137207 -0.09283447 0.12017822,0.072222225 -0.0022222223 0.006666667,-1.31 0.26 8.69,168 120 255,27
120,01111011,00000000,0.98773193 0.03314209 -0.09338379 0.120666504,0.112222224 -0.064444445 0.023333333,-0.28 0.05 10.4,168 120 83,27
121,01111011,00000000,0.98760986 0.033996582 -0.09411621 0.12042236,0.053333335 -0.052222222 -0.03,1.37 0.11 10.31,169 120 83,27
122,01111011,00000000,0.9876709 0.03515625 -0.09350586 0.12011719,0.104444444 0.04888889 -0.027777778,0.4 0.12 10.52,169 120 83,27
123,01111011,00000000,0.98773193 0.03540039 -0.0925293 0.12011719,-0.017777778 0.07444444 -0.007777778,0 -0.2 9.88,170 120 83,27
124,01111011,00000000,0.98779297 0.035949707 -0.09222412 0.12005615,0.06666667 -0.013333334 -0.025555555,-1.15 0 8.75,169 119 83,27
125,01111011,00000000,0.98760986 0.037231445 -0.093688965 0.1194458,0.06111111 -0.11111111 -0.06666667,0.28 -0.15 10.02,169 119 83,27
126,01111011,00000000,0.98773193 0.038879395 -0.09484863 0.117614746,0.054444443 -0.072222225 -0.094444446,0.49 0.09 9.27,169 119 83,27
127,01111011,00000000,0.98791504 0.03918457 -0.094055176 0.11639404,0.008888889 0.044444446 -0.08444444,-0.57 -0.32 9.35,169 119 83,27
128,01111011,00000000,0.9880371 0.040161133 -0.0925293 0.11590576,0.12 0.06333333 -0.0055555557,-1.85 -0.19 9.47,168 119 84,27
129,01111011,00000000,0.9879761 0.040649414 -0.09277344 0.1159668,0.044444446 -0.03888889 0.008888889,0.63 -0.49 11.39,169 118 84,27
130,01111011,00000000,0.98779297 0.0423584 -0.09423828 0.11590576,0.10333333 -0.11 -0.015555556,-0.46 -0.21 10.22,169 119 84,27
131,01111011,00000000,0.98779297 0.04321289 -0.09472656 0.115478516,0.046666667 -0.0033333334 -0.02,1.23 -0.32 11.07,170 119 84,27
132,01111011,00000000,0.98773193 0.0446167 -0.09350586 0.11651611,0.006666667 0.053333335 0.07,-0.67 -0.16 10.24,170 119 84,27
133,01111011,00000000,0.9875488 0.0446167 -0.09320068 0.11791992,0.022222223 -0.027777778 0.10666667,-0.88 -0.61 10.24,169 119 84,27
134,01111011,00000000,0.9873047 0.04547119 -0.093933105 0.11907959,0.06555556 -0.07111111 0.083333336,-0.61 -0.02 10.73,168 120 84,27
135,01111011,00000000,0.9869995 0.047302246 -0.09515381 0.11987305,0.07 -0.045555554 0.015555556,1.15 0.11 10.2,168 120 84,27
136,01111011,00000000,0.9869995 0.047973633 -0.09484863 0.12042236,0.04888889 0.07666667 0.054444443,-1.56 0.07 8.71,168 120 84,27
137,01111011,00000000,0.9868164 0.04840088 -0.09442139 0.12145996,0.04777778 0.057777777 0.07,-0.32 -0.02 9.03,168 120 84,27
138,01111011,00000000,0.98669434 0.04888916 -0.09448242 0.12249756,0.03888889 -0.03 0.055555556,-2.04 0.17 8.88,168 119 84,27
139,01111011,00000000,0.9864502 0.050231934 -0.095336914 0.123168945,0.01 -0.101111114 -0.0055555557,0.42 -0.48 9.16,168 119 84,27
140,01111011,00000000,0.98638916 0.050476074 -0.09613037 0.122924805,0.033333335 -0.033333335 -0.03,0.03 0.36 9.61,167 119 84,27
141,01111011,00000000,0.98651123 0.05114746 -0.09515381 0.12249756,0.05111111 0.064444445 -0.034444444,-0.05 -0.34 8.92,167 119 84,27
255,11111111,11111111,-6.1035156E-05 -6.1035156E-05 -6.1035156E-05 -6.1035156E-05,-0.0011111111 -0.0011111111 -0.0011111111,-0.01 -0.01 -0.01,-1 -1 -1,255
255,11111111,11111111,-6.1035156E-05 -6.1035156E-05 -6.1035156E-05 -6.1035156E-05,-0.0011111111 -0.0011111111 -0.0011111111,-0.01 -0.01 -0.01,-1 -1 -1,255
255,11111111,11111111,-6.1035156E-05 -6.1035156E-05 -6.1035156E-05 -6.1035156E-05,-0.0011111111 -0.0011111111 -0.0011111111,-0.01 -0.01 -0.01,-1 -1 -1,255
255,11111111,11111111,-6.1035156E-05 -6.1035156E-05 -6.1035156E-05 -6.1035156E-05,-0.0011111111 -0.0011111111 -0.0011111111,-0.01 -0.01 -0.01,-1 -1 -1,255
255,11111111,11111111,-6.1035156E-05 -6.1035156E-05 -6.1035156E-05 -6.1035156E-05,-0.0011111111 -0.0011111111 -0.0011111111,-0.01 -0.01 -0.01,-1 -1 -1,255
255,11111111,11111111,-6.1035156E-05 -6.1035156E-05 -6.1035156E-05 -6.1035156E-05,-0.0011111111 -0.0011111111 -0.0011111111,-0.01 -0.01 -0.01,-1 -1 -1,255
255,11111111,11111111,-6.1035156E-05 -6.1035156E-05 -6.1035156E-05 -6.1035156E-05,-0.0011111111 -0.0011111111 -0.0011111111,-0.01 -0.01 -0.01,-1 -1 -1,255
255,11111111,11111111,-6.1035156E-05 -6.1035156E-05 -6.1035156E-05 -6.1035156E-05,-0.0011111111 -0.0011111111 -0.0011111111,-0.01 -0.01 -0.01,-1 -1 -1,255
255,11111111,11111111,-6.1035156E-05 -6.1035156E-05 -6.1035156E-05 -6.1035156E-05,-0.0011111111 -0.0011111111 -0.0011111111,-0.01 -0.01 -0.01,-1 -1 -1,255
255,11111111,11111111,-6.1035156E-05 -6.1035156E-05 -6.1035156E-05 -6.1035156E-05,-0.0011111111 -0.0011111111 -0.0011111111,-0.01 -0.01 -0.01,-1 -1 -1,255
255,11111111,11111111,-6.1035156E-05 -6.1035156E-05 -6.1035156E-05 -6.1035156E-05,-0.0011111111 -0.0011111111 -0.0011111111,-0.01 -0.01 -0.01,-1 -1 -1,255
255,11111111,11111111,-6.1035156E-05 -6.1035156E-05 -6.1035156E-05 -6.1035156E-05,-0.0011111111 -0.0011111111 -0.0011111111,-0.01 -0.01 -0.01,-1 -1 -1,255
255,11111111,11111111,-6.1035156E-05 -6.1035156E-05 -6.1035156E-05 -6.1035156E-05,-0.0011111111 -0.0011111111 -0.0011111111,-0.01 -0.01 -0.01,-1 -1 -1,255
255,11111111,11111111,-6.1035156E-05 -6.1035156E-05 -6.1035156E-05 -6.1035156E-05,-0.0011111111 -0.0011111111 -0.0011111111,-0.01 -0.01 -0.01,-1 -1 -1,255
255,11111111,11111111,-6.1035156E-05 -6.1035156E-05 -6.1035156E-05 -6.1035156E-05,-0.0011111111 -0.0011111111 -0.0011111111,-0.01 -0.01 -0.01,-1 -1 -1,255
255,11111111,11111111,-6.1035156E-05 -6.1035156E-05 -6.1035156E-05 -6.1035156E-05,-0.0011111111 -0.0011111111 -0.0011111111,-0.01 -0.01 -0.01,-1 -1 -1,255
255,11111111,11111111,-6.1035156E-05 -6.1035156E-05 -6.1035156E-05 -6.1035156E-05,-0.0011111111 -0.0011111111 -0.0011111111,-0.01 -0.01 -0.01,-1 -1 -1,255
255,11111111,11111111,-6.1035156E-05 -6.1035156E-05 -6.1035156E-05 -6.1035156E-05,-0.0011111111 -0.0011111111 -0.0011111111,-0.01 -0.01 -0.01,-1 -1 -1,255
255,11111111,11111111,-6.1035156E-05 -6.1035156E-05 -6.1035156E-05 -6.1035156E-05,-0.0011111111 -0.0011111111 -0.0011111111,-0.01 -0.01 -0.01,-1 -1 -1,255
255,11111111,11111111,-6.1035156E-05 -6.1035156E-05 -6.1035156E-05 -6.1035156E-05,-0.0011111111 -0.0011111111 -0.0011111111,-0.01 -0.01 -0.01,-1 -1 -1,255
255,11111111,11111111,-6.1035156E-05 -6.1035156E-05 -6.1035156E-05 -6.1035156E-05,-0.0011111111 -0.0011111111 -0.0011111111,-0.01 -0.01 -0.01,-1 -1 -1,255
255,11111111,11111111,-6.1035156E-05 -6.1035156E-05 -6.1035156E-05 -6.1035156E-05,-0.0011111111 -0.0011111111 -0.0011111111,-0.01 -0.01 -0.01,-1 -1 -1,255
255,11111111,11111111,-6.1035156E-05 -6.1035156E-05 -6.1035156E-05 -6.1035156E-05,-0.0011111111 -0.0011111111 -0.0011111111,-0.01 -0.01 -0.01,-1 -1 -1,255
255,11111111,11111111,-6.1035156E-05 -6.1035156E-05 -6.1035156E-05 -6.1035156E-05,-0.0011111111 -0.0011111111 -0.0011111111,-0.01 -0.01 -0.01,-1 -1 -1,255
255,11111111,11111111,-6.1035156E-05 -6.1035156E-05 -6.1035156E-05 -6.1035156E-05,-0.0011111111 -0.0011111111 -0.0011111111,-0.01 -0.01 -0.01,-1 -1 -1,255
255,11111111,11111111,-6.1035156E-05 -6.1035156E-05 -6.1035156E-05 -6.1035156E-05,-0.0011111111 -0.0011111111 -0.0011111111,-0.01 -0.01 -0.01,-1 -1 -1,255
255,11111111,11111111,-6.1035156E-05 -6.1035156E-05 -6.1035156E-05 -6.1035156E-05,-0.0011111111 -0.0011111111 -0.0011111111,-0.01 -0.01 -0.01,-1 -1 -1,255
255,11111111,11111111,-6.1035156E-05 -6.1035156E-05 -6.1035156E-05 -6.1035156E-05,-0.0011111111 -0.0011111111 -0.0011111111,-0.01 -0.01 -0.01,-1 -1 -1,255
255,11111111,11111111,-6.1035156E-05 -6.1035156E-05 -6.1035156E-05 -6.1035156E-05,-0.0011111111 -0.0011111111 -0.0011111111,-0.01 -0.01 -0.01,-1 -1 -1,255
255,11111111,11111111,-6.1035156E-05 -6.1035156E-05 -6.1035156E-05 -6.1035156E-05,-0.0011111111 -0.0011111111 -0.0011111111,-0.01 -0.01 -0.01,-1 -1 -1,255
255,11111111,11111111,-6.1035156E-05 -6.1035156E-05 -6.1035156E-05 -6.1035156E-05,-0.0011111111 -0.0011111111 -0.0011111111,-0.01 -0.01 -0.01,-1 -1 -1,255
255,11111111,11111111,-6.1035156E-05 -6.1035156E-05 -6.1035156E-05 -6.1035156E-05,-0.0011111111 -0.0011111111 -0.0011111111,-0.01 -0.01 -0.01,-1 -1 -1,255
255,11111111,11111111,-6.1035156E-05 -6.1035156E-05 -6.1035156E-05 -6.1035156E-05,-0.0011111111 -0.0011111111 -0.0011111111,-0.01 -0.01 -0.01,-1 -1 -1,255
255,11111111,11111111,-6.1035156E-05 -6.1035156E-05 -6.1035156E-05 -6.1035156E-05,-0.0011111111 -0.0011111111 -0.0011111111,-0.01 -0.01 -0.01,-1 -1 -1,255
255,11111111,11111111,-6.1035156E-05 -6.1035156E-05 -6.1035156E-05 -6.1035156E-05,-0.0011111111 -0.0011111111 -0.0011111111,-0.01 -0.01 -0.01,-1 -1 -1,255
255,11111111,11111111,-6.1035156E-05 -6.1035156E-05 -6.1035156E-05 -6.1035156E-05,-0.0011111111 -0.0011111111 -0.0011111111,-0.01 -0.01 -0.01,-1 -1 -1,255
255,11111111,11111111,-6.1035156E-05 -6.1035156E-05 -6.1035156E-05 -6.1035156E-05,-0.0011111111 -0.0011111111 -0.0011111111,-0.01 -0.01 -0.01,-1 -1 -1,255
255,11111111,11111111,-6.1035156E-05 -6.1035156E-05 -6.1035156E-05 -6.1035156E-05,-0.0011111111 -0.0011111111 -0.0011111111,-0.01 -0.01 -0.01,-1 -1 -1,255
255,11111111,11111111,-6.1035156E-05 -6.1035156E-05 -6.1035156E-05 -6.1035156E-05,-0.0011111111 -0.0011111111 -0.0011111111,-0.01 -0.01 -0.01,-1 -1 -1,255
255,11111111,11111111,-6.1035156E-05 -6.1035156E-05 -6.1035156E-05 -6.1035156E-05,-0.0011111111 -0.0011111111 -0.0011111111,-0.01 -0.01 -0.01,-1 -1 -1,255
255,11111111,11111111,-6.1035156E-05 -6.1035156E-05 -6.1035156E-05 -6.1035156E-05,-0.0011111111 -0.0011111111 -0.0011111111,-0.01 -0.01 -0.01,-1 -1 -1,255
255,11111111,11111111,-6.1035156E-05 -6.1035156E-05 -6.1035156E-05 -6.1035156E-05,-0.0011111111 -0.0011111111 -0.0011111111,-0.01 -0.01 -0.01,-1 -1 -1,255
255,11111111,11111111,-6.1035156E-05 -6.1035156E-05 -6.1035156E-05 -6.1035156E-05,-0.0011111111 -0.0011111111 -0.0011111111,-0.01 -0.01 -0.01,-1 -1 -1,255
255,11111111,11111111,-6.1035156E-05 -6.1035156E-05 -6.1035156E-05 -6.1035156E-05,-0.0011111111 -0.0011111111 -0.0011111111,-0.01 -0.01 -0.01,-1 -1 -1,255
255,11111111,11111111,-6.1035156E-05 -6.1035156E-05 -6.1035156E-05 -6.1035156E-05,-0.0011111111 -0.0011111111 -0.0011111111,-0.01 -0.01 -0.01,-1 -1 -1,255
255,11111111,11111111,-6.1035156E-05 -6.1035156E-05 -6.1035156E-05 -6.1035156E-05,-0.0011111111 -0.0011111111 -0.0011111111,-0.01 -0.01 -0.01,-1 -1 -1,255
255,11111111,11111111,-6.1035156E-05 -6.1035156E-05 -6.1035156E-05 -6.1035156E-05,-0.0011111111 -0.0011111111 -0.0011111111,-0.01 -0.01 -0.01,-1 -1 -1,255
255,11111111,11111111,-6.1035156E-05 -6.1035156E-05 -6.1035156E-05 -6.1035156E-05,-0.0011111111 -0.0011111111 -0.0011111111,-0.01 -0.01 -0.01,-1 -1 -1,255
255,11111111,11111111,-6.1035156E-05 -6.1035156E-05 -6.1035156E-05 -6.1035156E-05,-0.0011111111 -0.0011111111 -0.0011111111,-0.01 -0.01 -0.01,-1 -1 -1,255
255,11111111,11111111,-6.1035156E-05 -6.1035156E-05 -6.1035156E-05 -6.1035156E-05,-0.0011111111 -0.0011111111 -0.0011111111,-0.01 -0.01 -0.01,-1 -1 -1,255
255,11111111,11111111,-6.1035156E-05 -6.1035156E-05 -6.1035156E-05 -6.1035156E-05,-0.0011111111 -0.0011111111 -0.0011111111,-0.01 -0.01 -0.01,-1 -1 -1,255
255,11111111,11111111,-6.1035156E-05 -6.1035156E-05 -6.1035156E-05 -6.1035156E-05,-0.0011111111 -0.0011111111 -0.0011111111,-0.01 -0.01 -0.01,-1 -1 -1,255
255,11111111,11111111,-6.1035156E-05 -6.1035156E-05 -6.1035156E-05 -6.1035156E-05,-0.0011111111 -0.0011111111 -0.0011111111,-0.01 -0.01 -0.01,-1 -1 -1,255
255,11111111,11111111,-6.1035156E-05 -6.1035156E-05 -6.1035156E-05 -6.1035156E-05,-0.0011111111 -0.0011111111 -0.0011111111,-0.01 -0.01 -0.01,-1 -1 -1,255
255,11111111,11111111,-6.1035156E-05 -6.1035156E-05 -6.1035156E-05 -6.1035156E-05,-0.0011111111 -0.0011111111 -0.0011111111,-0.01 -0.01 -0.01,-1 -1 -1,255
255,11111111,11111111,-6.1035156E-05 -6.1035156E-05 -6.1035156E-05 -6.1035156E-05,-0.0011111111 -0.0011111111 -0.0011111111,-0.01 -0.01 -0.01,-1 -1 -1,255
255,11111111,11111111,-6.1035156E-05 -6.1035156E-05 -6.1035156E-05 -6.1035156E-05,-0.0011111111 -0.0011111111 -0.0011111111,-0.01 -0.01 -0.01,-1 -1 -1,255
255,11111111,11111111,-6.1035156E-05 -6.1035156E-05 -6.1035156E-05 -6.1035156E-05,-0.0011111111 -0.0011111111 -0.0011111111,-0.01 -0.01 -0.01,-1 -1 -1,255
255,11111111,11111111,-6.1035156E-05 -6.1035156E-05 -6.1035156E-05 -6.1035156E-05,-0.0011111111 -0.0011111111 -0.0011111111,-0.01 -0.01 -0.01,-1 -1 -1,255
255,11111111,11111111,-6.1035156E-05 -6.1035156E-05 -6.1035156E-05 -6.1035156E-05,-0.0011111111 -0.0011111111 -0.0011111111,-0.01 -0.01 -0.01,-1 -1 -1,255
255,11111111,11111111,-6.1035156E-05 -6.1035156E-05 -6.1035156E-05 -6.1035156E-05,-0.0011111111 -0.0011111111 -0.0011111111,-0.01 -0.01 -0.01,-1 -1 -1,255
255,11111111,11111111,-6.1035156E-05 -6.1035156E-05 -6.1035156E-05 -6.1035156E-05,-0.0011111111 -0.0011111111 -0.0011111111,-0.01 -0.01 -0.01,-1 -1 -1,255
255,11111111,11111111,-6.1035156E-05 -6.1035156E-05 -6.1035156E-05 -6.1035156E-05,-0.0011111111 -0.0011111111 -0.0011111111,-0.01 -0.01 -0.01,-1 -1 -1,255
255,11111111,11111111,-6.1035156E-05 -6.1035156E-05 -6.1035156E-05 -6.1035156E-05,-0.0011111111 -0.0011111111 -0.0011111111,-0.01 -0.01 -0.01,-1 -1 -1,255
255,11111111,11111111,-6.1035156E-05 -6.1035156E-05 -6.1035156E-05 -6.1035156E-05,-0.0011111111 -0.0011111111 -0.0011111111,-0.01 -0.01 -0.01,-1 -1 -1,255
255,11111111,11111111,-6.1035156E-05 -6.1035156E-05 -6.1035156E-05 -6.1035156E-05,-0.0011111111 -0.0011111111 -0.0011111111,-0.01 -0.01 -0.01,-1 -1 -1,255
255,11111111,11111111,-6.1035156E-05 -6.1035156E-05 -6.1035156E-05 -6.1035156E-05,-0.0011111111 -0.0011111111 -0.0011111111,-0.01 -0.01 -0.01,-1 -1 -1,255
255,11111111,11111111,-6.1035156E-05 -6.1035156E-05 -6.1035156E-05 -6.1035156E-05,-0.0011111111 -0.0011111111 -0.0011111111,-0.01 -0.01 -0.01,-1 -1 -1,255
255,11111111,11111111,-6.1035156E-05 -6.1035156E-05 -6.1035156E-05 -6.1035156E-05,-0.0011111111 -0.0011111111 -0.0011111111,-0.01 -0.01 -0.01,-1 -1 -1,255
255,11111111,11111111,-6.1035156E-05 -6.1035156E-05 -6.1035156E-05 -6.1035156E-05,-0.0011111111 -0.0011111111 -0.0011111111,-0.01 -0.01 -0.01,-1 -1 -1,255
255,11111111,11111111,-6.1035156E-05 -6.1035156E-05 -6.1035156E-05 -6.1035156E-05,-0.0011111111 -0.0011111111 -0.0011111111,-0.01 -0.01 -0.01,-1 -1 -1,255
255,11111111,11111111,-6.1035156E-05 -6.1035156E-05 -6.1035156E-05 -6.1035156E-05,-0.0011111111 -0.0011111111 -0.0011111111,-0.01 -0.01 -0.01,-1 -1 -1,255
255,11111111,11111111,-6.1035156E-05 -6.1035156E-05 -6.1035156E-05 -6.1035156E-05,-0.0011111111 -0.0011111111 -0.0011111111,-0.01 -0.01 -0.01,-1 -1 -1,255
255,11111111,11111111,-6.1035156E-05 -6.1035156E-05 -6.1035156E-05 -6.1035156E-05,-0.0011111111 -0.0011111111 -0.0011111111,-0.01 -0.01 -0.01,-1 -1 -1,255
255,11111111,11111111,-6.1035156E-05 -6.1035156E-05 -6.1035156E-05 -6.1035156E-05,-0.0011111111 -0.0011111111 -0.0011111111,-0.01 -0.01 -0.01,-1 -1 -1,255
255,11111111,11111111,-6.1035156E-05 -6.1035156E-05 -6.1035156E-05 -6.1035156E-05,-0.0011111111 -0.0011111111 -0.0011111111,-0.01 -0.01 -0.01,-1 -1 -1,255
255,11111111,11111111,-6.1035156E-05 -6.1035156E-05 -6.1035156E-05 -6.1035156E-05,-0.0011111111 -0.0011111111 -0.0011111111,-0.01 -0.01 -0.01,-1 -1 -1,255
255,11111111,11111111,-6.1035156E-05 -6.1035156E-05 -6.1035156E-05 -6.1035156E-05,-0.0011111111 -0.0011111111 -0.0011111111,-0.01 -0.01 -0.01,-1 -1 -1,255
255,11111111,11111111,-6.1035156E-05 -6.1035156E-05 -6.1035156E-05 -6.1035156E-05,-0.0011111111 -0.0011111111 -0.0011111111,-0.01 -0.01 -0.01,-1 -1 -1,255
255,11111111,11111111,-6.1035156E-05 -6.1035156E-05 -6.1035156E-05 -6.1035156E-05,-0.0011111111 -0.0011111111 -0.0011111111,-0.01 -0.01 -0.01,-1 -1 -1,255
255,11111111,11111111,-6.1035156E-05 -6.1035156E-05 -6.1035156E-05 -6.1035156E-05,-0.0011111111 -0.0011111111 -0.0011111111,-0.01 -0.01 -0.01,-1 -1 -1,255
255,11111111,11111111,-6.1035156E-05 -6.1035156E-05 -6.1035156E-05 -6.1035156E-05,-0.0011111111 -0.0011111111 -0.0011111111,-0.01 -0.01 -0.01,-1 -1 -1,255
255,11111111,11111111,-6.1035156E-05 -6.1035156E-05 -6.1035156E-05 -6.1035156E-05,-0.0011111111 -0.0011111111 -0.0011111111,-0.01 -0.01 -0.01,-1 -1 -1,255
255,11111111,11111111,-6.1035156E-05 -6.1035156E-05 -6.1035156E-05 -6.1035156E-05,-0.0011111111 -0.0011111111 -0.0011111111,-0.01 -0.01 -0.01,-1 -1 -1,255
255,11111111,11111111,-6.1035156E-05 -6.1035156E-05 -6.1035156E-05 -6.1035156E-05,-0.0011111111 -0.0011111111 -0.0011111111,-0.01 -0.01 -0.01,-1 -1 -1,255
255,11111111,11111111,-6.1035156E-05 -6.1035156E-05 -6.1035156E-05 -6.1035156E-05,-0.0011111111 -0.0011111111 -0.0011111111,-0.01 -0.01 -0.01,-1 -1 -1,255
255,11111111,11111111,-6.1035156E-05 -6.1035156E-05 -6.1035156E-05 -6.1035156E-05,-0.0011111111 -0.0011111111 -0.0011111111,-0.01 -0.01 -0.01,-1 -1 -1,255
255,11111111,11111111,-6.1035156E-05 -6.1035156E-05 -6.1035156E-05 -6.1035156E-05,-0.0011111111 -0.0011111111 -0.0011111111,-0.01 -0.01 -0.01,-1 -1 -1,255
255,11111111,11111111,-6.1035156E-05 -6.1035156E-05 -6.1035156E-05 -6.1035156E-05,-0.0011111111 -0.0011111111 -0.0011111111,-0.01 -0.01 -0.01,-1 -1 -1,255
255,11111111,11111111,-6.1035156E-05 -6.1035156E-05 -6.1035156E-05 -6.1035156E-05,-0.0011111111 -0.0011111111 -0.0011111111,-0.01 -0.01 -0.01,-1 -1 -1,255
255,11111111,11111111,-6.1035156E-05 -6.1035156E-05 -6.1035156E-05 -6.1035156E-05,-0.0011111111 -0.0011111111 -0.0011111111,-0.01 -0.01 -0.01,-1 -1 -1,255
255,11111111,11111111,-6.1035156E-05 -6.1035156E-05 -6.1035156E-05 -6.1035156E-05,-0.0011111111 -0.0011111111 -0.0011111111,-0.01 -0.01 -0.01,-1 -1 -1,255
255,11111111,11111111,-6.1035156E-05 -6.1035156E-05 -6.1035156E-05 -6.1035156E-05,-0.0011111111 -0.0011111111 -0.0011111111,-0.01 -0.01 -0.01,-1 -1 -1,255
255,11111111,11111111,-6.1035156E-05 -6.1035156E-05 -6.1035156E-05 -6.1035156E-05,-0.0011111111 -0.0011111111 -0.0011111111,-0.01 -0.01 -0.01,-1 -1 -1,255
255,11111111,11111111,-6.1035156E-05 -6.1035156E-05 -6.1035156E-05 -6.1035156E-05,-0.0011111111 -0.0011111111 -0.0011111111,-0.01 -0.01 -0.01,-1 -1 -1,255
255,11111111,11111111,-6.1035156E-05 -6.1035156E-05 -6.1035156E-05 -6.1035156E-05,-0.0011111111 -0.0011111111 -0.0011111111,-0.01 -0.01 -0.01,-1 -1 -1,255
255,11111111,11111111,-6.1035156E-05 -6.1035156E-05 -6.1035156E-05 -6.1035156E-05,-0.0011111111 -0.0011111111 -0.0011111111,-0.01 -0.01 -0.01,-1 -1 -1,255
255,11111111,11111111,-6.1035156E-05 -6.1035156E-05 -6.1035156E-05 -6.1035156E-05,-0.0011111111 -0.0011111111 -0.0011111111,-0.01 -0.01 -0.01,-1 -1 -1,255
255,11111111,11111111,-6.1035156E-05 -6.1035156E-05 -6.1035156E-05 -6.1035156E-05,-0.0011111111 -0.0011111111 -0.0011111111,-0.01 -0.01 -0.01,-1 -1 -1,255
