FksB data obtained with FksB support program @2026/03/08 0228 57index,flag1,flag2,ori,mp ( Big-Endian )1772904569.686911,10,01100001,00000000,1 0 0 0,0 0 0
1772904571.037475,20,01100001,00000000,0.040771484 0.71484375 0.697876 -0.017028809,0 0 0
1772904572.284544,30,01100001,00000000,0.054870605 0.692688 0.71899414 -0.013549805,0 0 0
1772904573.358783,40,01100001,00000000,0.049072266 0.6651001 0.74505615 -0.012145996,0 0 0
1772904574.733977,50,01100001,00000000,0.05316162 0.6654053 0.7444458 -0.015319824,0 0 0
1772904575.988805,60,01100001,00000000,0.9998779 -0.00018310547 -0.005065918 -0.0031738281,0 0 0
1772904577.172777,70,01100001,00000000,0.9998779 -0.0013427734 -0.0040283203 -0.0078125,0 0 0
1772904578.42106,80,01100001,00000000,0.9985962 -0.0012207031 -0.0061035156 -0.051452637,0 0 0
1772904579.118599,90,01100110,00000000,0.9897461 -0.008850098 -0.0025634766 -0.14208984,0 0 0
1772904579.659915,100,01100110,00000000,0.7532959 0.09631348 -0.49749756 -0.4189453,23 23 23
1772904580.21975,110,01100110,00000000,0.040771484 -0.030456543 -0.015319824 -0.99853516,53 53 53
1772904580.71097,120,01100110,00000000,-0.9333496 -0.060791016 0.08148193 -0.34405518,73 73 73
1772904581.278673,130,01100110,00000000,-0.96533203 0.07086182 -0.012817383 0.25048828,89 89 89
1772904581.764941,140,01100110,00000000,-0.5401001 0.027893066 0.018310547 0.8408203,99 99 99
1772904582.325014,150,01100110,00000000,-0.38220215 0.007873535 0.011291504 0.92388916,109 109 109
1772904582.878433,160,01100110,00000000,-0.5266113 0.005126953 0.0037841797 0.8500366,117 117 117
1772904583.899315,180,01100110,00000000,-0.8007202 -0.0036010742 -0.046936035 0.59710693,117 117 117
1772904584.392322,190,01100110,00000000,-0.8775635 -0.034423828 -0.04425049 -0.47595215,117 117 117
1772904585.019235,200,01100110,00000000,-0.48815918 -0.020019531 -0.03314209 -0.8718262,117 117 117
1772904585.483983,210,01100110,00000000,0.14953613 -0.021240234 -0.012023926 -0.9884033,117 117 117
1772904586.042854,220,01100110,00000000,0.68530273 -0.004760742 0.02911377 -0.72753906,117 117 117
1772904586.607932,230,01100110,00000010,0.86157227 0.03894043 0.06878662 -0.50128174,117 117 117
1772904587.097994,240,01100110,00000010,0.98168945 0.05029297 0.05859375 -0.17401123,117 117 117
1772904587.378579,250,01100111,00000010,0.9213257 0.020568848 0.07397461 0.3809204,117 117 117
1772904587.594334,0,01100111,00000010,0.9219971 0.027526855 0.014770508 0.38580322,193 33 143
1772904587.874051,10,01100111,00000010,0.91552734 0.0033569336 0.011962891 0.40185547,234 69 147
1772904588.149859,20,01100111,00000010,0.93914795 0.05328369 0.08001709 0.3295288,95 96 130
1772904588.433035,30,01100111,00000010,0.91796875 0.16235352 -0.10797119 0.34509277,67 67 159
1772904588.643314,40,01100111,00000010,0.92755127 0.16973877 -0.14337158 0.30023193,232 173 171
1772904588.99601,50,01100111,00000010,0.95477295 0.021972656 -0.06970215 0.28790283,296 210 169
1772904589.267554,60,01100111,00000010,0.9284668 -0.16522217 0.061401367 0.3267212,251 149 156
1772904589.542532,70,01100111,00000010,0.920166 -0.14227295 0.06347656 0.3590088,292 300 204
1772904589.822211,80,01100111,00000010,0.92352295 -0.18548584 0.07006836 0.32800293,290 295 218
1772904590.103306,90,01100111,00000010,0.95599365 -0.1361084 0.08343506 0.24584961,290 295 215
1772904590.384023,100,01100111,00000010,0.9937744 0.022583008 0.017089844 0.10760498,273 285 192
1772904590.596058,110,01100111,00000010,0.98620605 0.12219238 -0.017211914 0.11022949,166 168 163
1772904590.945191,120,01100111,00000010,0.9470825 0.19445801 -0.06726074 0.24603271,106 137 201
1772904591.243067,130,01100111,00000010,0.9124756 0.31030273 -0.06933594 0.25720215,241 179 222
1772904609.548902,0,01101001,00000000,0.8952637 0.13952637 -0.06097412 0.4185791,194 85 212
1772904609.691331,10,01101001,00000000,-0.67852783 -0.04046631 0.036132812 -0.7324829,236 115 217
1772904610.944826,20,01101001,00000000,-0.53186035 -0.04272461 0.044128418 -0.84454346,236 115 217
1772904612.11972,30,01101001,00000000,-0.5262451 -0.04473877 0.04638672 -0.84783936,236 115 217
1772904613.361371,40,01101001,00000000,0.99938965 -0.004333496 -0.0018310547 -0.032592773,236 115 217
1772904614.604439,50,01101001,00000000,0.9980469 -0.006164551 -0.0014038086 -0.061523438,236 115 217
1772904615.856203,60,01101001,00000000,0.99993896 0.00061035156 -0.00036621094 0.010925293,236 115 217
1772904616.504977,70,01101010,00000000,0.9995117 -0.005065918 -0.006652832 0.028930664,236 115 217
1772904617.0492,80,01101010,00000000,0.66674805 -0.14746094 -0.057373047 -0.7282715,215 117 202
1772904617.530854,90,01101010,00000000,-0.3040161 0.0017089844 0.12371826 -0.94451904,195 117 182
1772904618.076641,100,01101010,00000000,-0.97961426 0.049865723 0.09851074 0.16748047,179 117 172
1772904618.629399,110,01101010,00000000,-0.602478 0.082092285 -0.048950195 0.7923584,169 117 162
1772904619.189311,120,01101010,00000000,0.23718262 0.05609131 -0.035339355 0.96917725,159 117 152
1772904619.63081,130,01101010,00000000,0.58270264 0.013549805 -0.026489258 0.81207275,150 117 150
1772904619.971773,140,01111011,00000000,0.7046509 0.007385254 -0.020263672 0.7092285,150 117 150
1772904620.253283,150,01111011,00000000,0.8128662 -0.002746582 -0.03942871 0.58099365,188 95 159
1772904620.46471,160,01111011,00000000,0.83374023 -0.012023926 0.044921875 0.55010986,163 146 162
1772904620.812007,170,01111011,00000000,0.80340576 0.12805176 0.068725586 0.5773926,117 194 145
1772904621.098734,180,01111011,00000000,0.65740967 0.12542725 -0.017578125 0.74279785,106 100 157
1772904621.396539,190,01111011,00000000,0.65704346 0.115112305 -0.16210938 0.7271118,111 265 108
1772904749.583145,10,01100001,00000000,0.3069458 0.046447754 -0.08929443 0.9463501,69 246 131
1772904750.716045,20,01100001,00000000,0.022521973 0.14337158 0.98931885 0.014892578,0 0 0
1772904751.921232,30,01100001,00000000,0.99993896 0.0048217773 0.0014038086 -0.0036010742,0 0 0
1772904752.27481,40,01110011,00000000,0.99176025 0.0079956055 -0.00390625 -0.12750244,0 0 0
1772904752.552765,50,01110011,00000000,0.8339844 -0.066589355 -0.045837402 -0.54571533,120 6 1
1772904752.833902,60,01110011,00000000,0.32800293 -0.02911377 0.06536865 -0.94195557,177 130 1
1772904753.049833,70,01110011,00000000,0.08959961 -0.031188965 -0.06964111 0.99298096,125 197 5
1772904753.368128,80,01110011,00000000,0.26263428 0.06262207 0.013427734 0.9627075,162 179 39
1772904753.641981,90,01110011,00000000,0.69329834 0.18713379 -0.12823486 0.68395996,100 97 35
1772904753.923476,100,01110011,00000000,0.87945557 0.05029297 -0.09454346 0.46374512,197 170 45
1772904754.20424,110,01110011,00000000,0.9309082 -0.1026001 0.056274414 0.34588623,197 200 55
1772904754.485832,120,01110011,00000000,0.994812 -0.029418945 0.0064086914 0.09686279,176 197 37
1772904754.765016,130,01110011,00000000,0.98236084 0.023986816 -0.10583496 -0.1519165,161 179 28
1772904755.043838,140,01110011,00000000,0.9680786 -0.05493164 -0.0015258789 -0.2444458,197 144 31
1772904755.327409,150,01110011,00000000,0.9273071 -0.010864258 0.12512207 -0.35253906,181 200 38
1772904755.605806,160,01110011,00000000,0.89019775 0.037841797 -0.044067383 -0.45166016,187 191 50
1772904755.886068,170,01110011,00000000,0.87127686 -0.0017089844 -0.086120605 -0.48309326,146 143 50
1772904756.165278,180,01110011,00000000,0.87890625 -0.031799316 0.07147217 -0.47045898,197 147 55
1772904756.447523,190,01110011,00000000,0.868103 0.014160156 0.1048584 -0.48486328,194 197 63
1772904756.731292,200,01110011,00000000,0.8692627 0.059753418 -0.076171875 -0.48468018,90 101 67
1772904830.370997,0,01100001,00000000,0.9111328 0.0030517578 -0.16168213 -0.37890625,116 49 95
1772904831.005462,10,01100001,00000000,0.05029297 0.99432373 0.093444824 0.00024414062,0 0 0
1772904832.109122,20,01100001,00000000,0.052612305 0.99017334 0.12957764 0.0008544922,0 0 0
1772904833.416813,30,01100001,00000000,1 -0.0020751953 -0.0037841797 -0.0024414062,0 0 0
1772904834.684429,40,01100001,00000000,0.99975586 -0.019348145 0.004760742 -0.008850098,0 0 0
1772904836.798188,0,01100001,00000000,0.99920654 -0.008239746 0.009399414 -0.037475586,0 0 0
1772904837.942923,10,01100010,00000000,0.9981079 0.005004883 0.016113281 -0.0592041,0 0 0
1772904838.486262,20,01100110,00000000,0.99731445 0.012329102 0.030029297 -0.06549072,0 0 0
1772904839.029969,30,01100110,00000000,0.6801758 -0.05090332 0.04650879 -0.72979736,21 21 21
1772904839.503959,40,01100110,00000000,0.99505615 -0.009887695 0.06427002 -0.074279785,38 38 38
1772904840.126661,50,01100110,00000000,0.98876953 -0.022338867 0.013549805 -0.14697266,48 48 48
1772904840.399411,60,01110111,00000000,0.9105835 -0.020812988 0.0154418945 -0.41241455,58 58 58
1772904840.739329,70,01110111,00000000,0.8330078 -0.015686035 0.022094727 -0.5526123,72 72 13
1772904841.083362,80,01110111,00000000,0.85198975 -0.009399414 0.017944336 -0.52319336,65 72 1
1772904841.424964,90,01110111,00000000,0.87127686 -0.005859375 0.024780273 -0.49005127,70 82 1
1772904841.758778,100,01110111,00000000,0.88812256 -0.00592041 0.028198242 -0.45874023,77 86 24
1772904842.103206,110,01110111,00000000,0.8463135 0.080566406 0.03173828 -0.52557373,2 119 30
1772904842.444283,120,01110111,00000000,0.9763794 -0.038330078 0.066345215 -0.2019043,79 46 140
1772904842.787057,130,01110111,00000000,0.9489136 -0.007446289 0.03265381 -0.31365967,104 98 93
1772904843.124962,140,01110111,00000000,0.98217773 -0.00012207031 0.018310547 -0.18701172,90 79 124
1772904843.396328,150,01110111,00000000,0.9840088 0.006958008 0.018737793 -0.17706299,79 82 116
1772904843.733386,160,01110111,00000000,0.94348145 -0.02130127 0.14434814 0.29742432,1 1 155
1772904844.075546,170,01110111,00000000,0.88720703 0.101257324 -0.13726807 0.4286499,197 77 165
1772904844.422162,180,01110111,00000000,0.99609375 -0.06744385 -0.051818848 -0.02319336,192 129 95
1772904844.764026,190,01110111,00000000,0.97210693 -0.015930176 0.022949219 -0.23284912,128 200 40
1772904845.108052,200,01110111,00000000,0.9538574 -0.0053710938 0.017150879 -0.29974365,104 172 35
1772904845.44138,210,01110111,00000000,0.5164795 -0.05999756 0.11584473 -0.84625244,76 179 7
1772904845.786254,220,01110111,00000000,0.67645264 -0.055541992 -0.027282715 -0.7338257,59 159 1
1772904846.130386,230,01110111,00000000,0.60510254 -0.004333496 0.025634766 -0.79571533,68 200 1
1772904846.403115,240,01110111,00000000,0.6815796 0.0068969727 0.015930176 -0.7314453,52 187 1
1772904846.755068,250,01110111,00000000,0.81036377 0.013061523 0.022644043 -0.58532715,61 174 17
1772904846.958007,0,01110111,00000000,0.9107666 0.011657715 0.02154541 -0.4121704,71 146 61
1772904847.299112,10,01110111,00000000,0.93341064 -0.00030517578 0.018920898 -0.3583374,88 126 79
1772904847.633633,20,01110111,00000000,0.9112549 -0.01171875 0.020263672 -0.4111328,103 112 66
1772904847.9738,30,01110111,00000000,0.9623413 -0.16748047 0.20654297 0.055603027,134 100 104
1772904848.315356,40,01110111,00000000,0.9805908 0.10772705 -0.03692627 -0.1595459,192 49 82
1772904848.647728,50,01110111,00000000,0.99768066 0.007446289 -0.017822266 -0.064575195,197 46 94
1772904848.996343,60,01110111,00000000,0.9736328 -0.026306152 -0.0048217773 -0.22631836,162 74 62
1772904849.272911,70,01110111,00000000,0.95410156 -0.019348145 0.0154418945 -0.29840088,142 108 51
1772904849.625134,80,01110111,00000000,0.934021 -0.023376465 0.016113281 -0.3560791,136 103 44
1772904925.710824,10,01100001,00000000,0.90063477 -0.020874023 0.015930176 -0.43371582,121 98 34
1772904926.3276,20,01100110,00000000,0.034240723 0.6011963 0.7952881 0.06994629,0 0 0
1772904926.870384,30,01100110,00000000,0.3026123 0.7817383 -0.30871582 0.4494629,26 26 26
1772904927.431408,40,01100110,00000000,-0.055603027 0.88793945 0.4453125 0.10058594,55 55 55
1772904927.901907,50,01100110,00000000,0.009887695 -0.2277832 0.9736328 0.0071411133,75 75 75
1772904928.378466,60,01100110,00000000,0.9249878 -0.0057373047 0.020324707 -0.37927246,90 90 90
1772904928.99721,70,01100110,00000000,0.93218994 -0.013000488 0.010253906 -0.36157227,100 100 100
1772904929.532038,80,01100110,00000000,0.9953613 -0.04638672 -0.018615723 0.08154297,110 110 110
1772904930.007474,90,01100110,00000000,0.8253174 -0.043029785 -0.024353027 0.56243896,117 117 117
1772904936.105961,0,01101001,00000000,0.7671509 -0.0126953125 -0.013183594 0.6411133,117 117 117
1772904936.716512,10,01101001,00000000,0.68310547 -0.029846191 0.012634277 -0.7294922,117 117 117
1772904938.097815,20,01101001,00000000,0.77453613 -0.043640137 0.03564453 -0.62994385,117 117 117
1772904938.935139,30,01111011,00000000,0.99920654 -0.0014038086 0.0015869141 0.039001465,117 117 117
1772904939.212638,40,01111011,00000000,0.99920654 -0.0009765625 -0.0030517578 0.038146973,120 131 100
1772904939.491602,50,01111011,00000000,0.45666504 -0.08807373 0.010009766 0.8851929,54 88 5
1772904939.759285,60,01111011,00000000,0.074035645 -0.062072754 -0.14361572 0.9848633,1 98 1
1772904940.09567,70,01111011,00000000,0.28668213 -0.0491333 -0.0018920898 -0.95666504,16 100 12
1772904940.29304,80,01111011,00000000,0.67803955 0.04675293 0.070617676 -0.73010254,1 1 1
1772904940.636919,90,01111011,00000000,0.83483887 0.05871582 -0.0048828125 -0.5471802,16 32 9
1772904940.909446,100,01111011,00000000,0.8287964 0.072387695 0.0067749023 -0.55474854,37 35 93
1772904941.183808,110,01111011,00000000,0.8296509 0.046875 0.022521973 -0.55578613,1 57 156
1772904941.457815,120,01111011,00000000,0.8223877 0.034240723 0.01965332 -0.5675049,23 101 207
1772904941.736025,130,01111011,00000000,0.84991455 0.007873535 0.038391113 -0.5253906,1 88 218
1772904942.008834,140,01111011,00000000,0.8383179 -0.09881592 0.019897461 -0.53570557,6 212 255
1772904942.348598,150,01111011,00000000,0.9057617 0.23382568 -0.3258667 -0.1362915,141 295 103
1772904942.552623,160,01111011,00000000,0.942749 0.080444336 0.16607666 -0.27764893,1 1 161
1772904942.824962,170,01111011,00000000,0.7183838 -0.12805176 -0.010803223 -0.68359375,16 158 264
1772904943.167944,180,01111011,00000000,0.7819214 -0.08105469 0.039123535 -0.6166992,42 54 189
1772904943.45024,190,01111011,00000000,0.9345703 0.042175293 -0.29693604 -0.19140625,274 157 127
1772904943.723262,200,01111011,00000000,0.96759033 0.028320312 -0.08679199 0.23504639,289 65 83
1772904943.99295,210,01111011,00000000,0.39544678 -0.15826416 -0.18945312 0.88464355,226 91 4
1772904944.266513,220,01111011,00000000,0.3848877 -0.037475586 -0.029418945 0.9216919,300 112 4
1772904944.543252,230,01111011,00000000,0.004211426 0.16436768 0.07318115 0.9836426,286 177 4
1772904944.817116,240,01111011,00000000,0.42614746 -0.08984375 0.0015869141 -0.9001465,285 143 26
1772904945.087199,250,01111011,00000000,0.71069336 -0.06262207 -0.5308838 0.45721436,296 179 4
1772904945.285235,0,01111011,00000000,0.18139648 -0.105163574 0.12097168 -0.97021484,300 287 4
1772904945.560389,10,01111011,00000000,0.32641602 -0.17199707 0.006164551 -0.9293213,300 295 32
1772904945.840333,20,01111011,00000000,0.8881836 -0.16485596 -0.087890625 -0.41967773,300 289 4
1772904946.120879,30,01111011,00000000,0.9639282 -0.10510254 -0.18096924 0.16400146,300 295 11
1772904946.393903,40,01111011,00000000,0.74157715 -0.022521973 -0.22589111 0.63116455,300 294 4
1772904946.663828,50,01111011,00000000,0.29058838 -0.016113281 -0.16473389 0.9423828,283 273 4
1772904946.930677,60,01111011,00000000,0.089416504 -0.018615723 0.08062744 -0.9924927,300 283 17
1772904947.198146,70,01111011,00000000,0.41973877 0.0028076172 0.030517578 -0.90704346,300 266 27
1772904947.524132,80,01111011,00000000,0.5881958 0.01739502 -0.0059814453 -0.80841064,300 238 69
1772904947.791169,90,01111011,00000000,0.7241211 0.01550293 -0.016601562 -0.689209,275 225 90
1772904948.067904,100,01111011,00000000,0.8178711 0.011657715 -0.0049438477 -0.5751343,246 231 109
1772904948.337936,110,01111011,00000000,0.852417 0.05444336 -0.052246094 -0.51727295,295 285 129
1772904948.674349,120,01111011,00000000,0.8442383 0.024047852 -0.010375977 -0.5352783,222 254 170
1772904948.93798,130,01111011,00000000,0.8937988 0.046142578 -0.0021972656 -0.44610596,230 137 145
1772904949.212272,140,01111011,00000000,0.81170654 -0.010437012 0.01965332 -0.5835571,144 145 209
1772904949.483973,150,01111011,00000000,0.73968506 0.08996582 -0.1907959 -0.638916,159 135 196
1772904949.758466,160,01111011,00000000,0.44500732 0.2029419 -0.0020751953 -0.8721924,56 1 289
1772904950.032524,170,01111011,00000000,0.30358887 0.119384766 -0.0017089844 -0.94525146,36 22 295
1772904950.29976,180,01111011,00000000,0.022033691 0.12927246 -0.0033569336 -0.991333,40 13 295
1772904950.568871,190,01111011,00000000,0.5107422 -0.10839844 -0.10040283 0.8468628,12 32 295
1772904950.8381,200,01111011,00000000,0.9640503 0.1184082 0.21008301 0.111328125,12 1 289
1772904951.167923,210,01111011,00000000,0.9428711 -0.15423584 0.062194824 -0.28851318,65 124 295
1772904951.435347,220,01111011,00000000,0.6812744 -0.14984131 -0.064941406 -0.713501,37 38 295
1772904951.708844,230,01111011,00000000,0.86016846 0.29589844 -0.2300415 -0.3456421,89 1 190
1772904951.986918,240,01111011,00000000,0.94921875 0.07080078 0.06286621 -0.2999878,29 4 71
1772904952.263495,250,01111011,00000000,0.5623169 0.036010742 0.0026855469 -0.8260498,1 59 169
1772904952.471304,0,01111011,00000000,0.8461304 0.042114258 0.018554688 -0.5308838,1 1 123
1772904952.743887,10,01111011,00000000,0.8413696 0.07946777 0.009521484 -0.53448486,40 1 137
1772904952.947715,20,01111011,00000000,0.8479614 0.036621094 -0.0025634766 -0.52874756,1 47 152
1772904953.279756,30,01111011,00000000,0.894104 0.120788574 -0.107299805 -0.4175415,16 62 114
1772904953.53473,40,01111011,00000000,0.97021484 0.20629883 -0.07098389 -0.10510254,22 1 49
1772904953.870921,50,01111011,00000000,0.65179443 -0.11981201 -0.023742676 -0.7484131,32 73 214
1772904954.074779,60,01111011,00000000,0.9812012 -0.0970459 0.059570312 -0.15551758,29 1 68
1772904954.414915,70,01111011,00000000,0.84124756 0.10266113 -0.06652832 -0.5265503,16 33 120
1772904954.690068,80,01111011,00000000,0.8242798 0.04248047 -0.020324707 -0.5640869,24 129 142
1772904954.967842,90,01111011,00000000,0.8482666 0.02508545 0.058532715 -0.5255127,1 5 146
1772904955.235682,100,01111011,00000000,0.7125244 -0.026611328 -0.035583496 -0.7001953,6 61 177
1772904955.510964,110,01111011,00000000,0.677124 0.041870117 -0.06347656 -0.73187256,36 80 195
1772904955.851241,120,01111011,00000000,0.6533203 0.05041504 -0.009094238 -0.755249,16 1 215
1772904956.05481,130,01111011,00000000,0.7338257 -0.021057129 -0.009155273 -0.67889404,1 78 197
1772904956.39926,140,01111011,00000000,0.6390381 0.024291992 -0.06506348 -0.7659912,24 71 257
1772904956.667471,150,01111011,00000000,0.49645996 -0.17370605 0.005432129 -0.85040283,1 155 295
1772904956.934092,160,01111011,00000000,0.85406494 -0.11462402 -0.049743652 -0.50476074,28 23 90
1772904957.203026,170,01111011,00000000,0.9630127 0.03326416 -0.20196533 -0.17510986,105 79 90
1772904957.468305,180,01111011,00000000,0.9921875 0.08996582 -0.07574463 -0.040100098,93 37 71
1772904957.801334,190,01111011,00000000,0.98895264 -0.066589355 0.037902832 -0.1270752,1 51 120
1772904958.079169,200,01111011,00000000,0.9871216 -0.021240234 -0.11981201 -0.10369873,6 97 88
1772904958.354833,210,01111011,00000000,0.9588623 -0.017028809 0.04272461 -0.2800293,1 1 120
1772904958.562866,220,01111011,00000000,0.956604 -0.053710938 -0.023742676 -0.2852173,1 71 115
1772904958.903003,230,01111011,00000000,0.89849854 0.0044555664 -0.064941406 -0.434021,16 69 131
1772904959.173146,240,01111011,00000000,0.8760376 0.005126953 0.004211426 -0.48205566,15 1 148
1772904959.439925,250,01111011,00000000,0.901001 -0.04559326 -0.03704834 -0.42962646,1 63 132
1772904959.640329,0,01111011,00000000,0.8898926 0.101501465 -0.06549072 -0.4397583,148 44 132
1772904959.908139,10,01111011,00000000,0.91522217 0.13726807 -0.07434082 -0.37121582,200 55 104
1772904960.182275,20,01111011,00000000,0.77557373 -0.04840088 0.0024414062 -0.6293335,1 95 220
1772904960.459287,30,01111011,00000000,0.32409668 -0.055786133 -0.085876465 -0.9404297,1 75 289
1772904960.733464,40,01111011,00000000,0.19360352 -0.02557373 0.021240234 -0.98046875,16 29 289
1772904961.005256,50,01111011,00000000,0.27612305 0.021972656 -0.024841309 -0.96051025,69 69 291
1772904961.282747,60,01111011,00000000,0.27789307 0.06225586 0.008300781 -0.9584961,70 19 295
1772904961.557203,70,01111011,00000000,0.19769287 0.039733887 -0.012939453 -0.9793091,73 39 295
1772904961.831633,80,01111011,00000000,0.053588867 0.06604004 0.025817871 -0.9960327,65 41 295
1772904962.106209,90,01111011,00000000,0.32281494 -0.036743164 0.011352539 0.9456787,195 89 270
1772904962.382002,100,01111011,00000000,0.6991577 -0.059265137 0.06689453 0.7092285,258 21 288
1772904962.658044,110,01111011,00000000,0.7970581 -0.097717285 0.144104 0.5782471,179 1 253
1772904963.001319,120,01111011,00000000,0.3408203 -0.06695557 -0.015258789 0.93756104,14 29 120
1772904963.273473,130,01111011,00000000,0.29473877 0.33184814 0.10656738 -0.8897095,85 211 295
1772904963.541231,140,01111011,00000000,0.020080566 -0.024475098 0.039245605 0.9986572,127 232 178
1772904963.814704,150,01111011,00000000,0.8658447 0.057250977 0.10583496 0.48553467,146 112 295
1772904964.083705,160,01111011,00000000,0.96466064 0.20178223 0.095581055 -0.13989258,90 88 295
1772904964.356444,170,01111011,00000000,0.8925781 -0.047668457 0.21569824 0.3928833,86 101 295
1772904964.628897,180,01111011,00000000,0.14587402 -0.19177246 -0.18591309 0.95251465,127 113 295
1772904964.904948,190,01111011,00000000,0.47857666 0.17645264 0.03753662 0.8592529,300 269 210
1772904965.187452,200,01111011,00000000,0.62890625 -0.04321289 0.027526855 0.77575684,146 44 202
1772904965.525206,210,01111011,00000000,0.76013184 0.09466553 0.02734375 0.6421509,184 174 175
1772904965.797484,220,01111011,00000000,0.81866455 0.10949707 0.05065918 0.56134033,169 158 161
1772904966.083862,230,01111011,00000000,0.8236084 -0.031921387 0.07598877 0.56103516,48 1 144
1772904966.362318,240,01111011,00000000,0.8486328 0.1116333 -0.048461914 0.5145874,16 36 127
1772904966.637017,250,01111011,00000000,0.8143921 0.08380127 0.013671875 0.5739136,41 21 97
1772904966.769648,0,01111011,00000000,0.8017578 0.0079956055 -0.018859863 0.59716797,1 34 68
1772904967.043271,10,01111011,00000000,0.7717285 -0.017944336 0.023864746 0.63513184,1 1 39
1772904967.314798,20,01111011,00000000,0.8707886 0.1071167 -0.07147217 0.47436523,16 65 60
1772904967.659428,30,01111011,00000000,0.7175293 -0.0029296875 0.008178711 0.69641113,1 1 1
1772904967.934396,40,01111011,00000000,0.4128418 0.044128418 -0.113220215 0.9026489,5 129 4
1772904968.209216,50,01111011,00000000,0.17089844 0.077941895 -0.11621094 0.9752197,16 201 8
1772904968.484675,60,01111011,00000000,0.19830322 0.2197876 0.040893555 0.95422363,230 247 4
1772904968.762269,70,01111011,00000000,0.24090576 0.26611328 0.11437988 0.92626953,245 261 4
1772904969.04525,80,01111011,00000000,0.258667 0.26037598 0.105529785 0.9241333,163 230 4
1772904969.322418,90,01111011,00000000,0.3439331 0.19592285 0.11669922 0.91082764,93 130 1
1772904969.533188,100,01111011,00000000,0.37097168 0.18035889 0.12658691 0.9020386,95 125 4
1772905048.469703,0,01100001,00000000,0.42230225 0.16796875 0.14526367 0.8787842,98 134 1
1772905048.822131,10,01100001,00000000,-0.040039062 -0.91729736 0.39593506 0.013061523,0 0 0
1772905049.93339,20,01100001,00000000,-0.039855957 -0.711853 0.7010498 0.015136719,0 0 0
1772905051.139363,30,01100001,00000000,-0.026977539 -0.47772217 0.87750244 0.032165527,0 0 0
1772905052.394867,40,01100001,00000000,0.99993896 -0.00592041 -0.00091552734 0.008544922,0 0 0
1772905053.491759,50,01100001,00000000,0.99365234 -0.002746582 -0.00091552734 -0.11187744,0 0 0
1772905054.739781,60,01100001,00000000,0.9890137 0.00982666 -0.022094727 -0.14575195,0 0 0
1772905056.059242,70,01100001,00000000,0.95721436 0.12915039 -0.09814453 -0.23950195,0 0 0
1772905057.174029,80,01100001,00000000,0.8999634 0.004272461 -0.02722168 -0.43493652,0 0 0
1772905058.498988,90,01100001,00000000,0.99365234 -0.018249512 -0.006286621 -0.11077881,0 0 0
1772905059.737351,100,01100001,00000000,0.96661377 0.006591797 0.25604248 -0.0036010742,0 0 0
1772905060.699621,110,01100110,00000000,0.94366455 0.02154541 -0.067993164 0.32299805,0 0 0
1772905061.263221,120,01100110,00000000,0.9785156 0.16894531 -0.09326172 0.07196045,12 12 12
1772905061.750882,130,01100110,00000000,0.63116455 -0.24188232 0.04058838 -0.7357788,44 44 44
1772905062.30177,140,01100110,00000000,-0.73461914 -0.07336426 0.08782959 -0.6687622,67 67 67
1772905062.791277,150,01100110,00000000,-0.8065796 0.097473145 0.0010375977 0.5830078,86 86 86
1772905063.344794,160,01100110,00000000,0.15905762 0.080200195 -0.08312988 0.98046875,96 96 96
1772905063.888561,170,01100110,00000000,0.9041748 0 -0.05731201 0.42321777,106 106 106
1772905064.381685,180,01100110,00000000,0.9584961 -0.061828613 -0.0056152344 -0.27819824,116 116 116
1772905064.822827,190,01110111,00000000,0.71295166 -0.032348633 0.0501709 -0.6986084,117 117 117
1772905065.175179,200,01110111,00000000,0.6010742 -0.008605957 0.07354736 -0.79571533,121 112 97
1772905065.525978,210,01110111,00000000,0.8083496 0.03540039 0.05114746 -0.5853882,82 130 119
1772905065.805738,220,01110111,00000000,0.8740845 0.05621338 0.15203857 -0.45776367,131 207 130
1772905066.157264,230,01110111,00000000,0.87939453 0.09094238 0.1506958 -0.44226074,128 128 113
1772905066.50635,240,01110111,00000000,0.8985596 -0.0008544922 0.13702393 -0.41687012,253 1 106
1772905066.853711,250,01110111,00000000,0.9810791 -0.09161377 0.026550293 -0.16845703,296 85 84
1772905067.06505,0,01110111,00000000,0.96551514 0.036132812 -0.0715332 0.2475586,295 1 104
1772905067.352996,10,01110111,00000000,0.69903564 0.05255127 -0.05493164 0.71099854,272 6 138
1772905067.701847,20,01110111,00000000,0.5192261 -0.2088623 0.020080566 0.8284302,296 119 158
1772905068.052048,30,01110111,00000000,0.4515381 0.19494629 0.015625 -0.8704834,172 16 228
1772905075.777338,46,01101000,00000000,0.76708984 0.05267334 0.17346191 -0.61535645,199 84 199
1772905076.131177,60,01111011,00000000,-0.0115356445 -0.021972656 -0.05279541 1.6279297,193 -122 -167
1772905076.413038,70,01111011,00000000,0.6795654 -0.17156982 -0.0435791 -0.711853,297 13 46
1772905076.778855,80,01111011,00000000,0.22106934 0.0491333 0.04626465 -0.9729004,191 262 2
1772905080.354827,86,01101000,00000000,0.13244629 -0.09942627 -0.004638672 -0.986145,283 201 1
1772905080.426386,252,01011010,01111011,-0.0007324219 -0.005859375 -0.05657959 1.6303711,238 -97 -174
1772905080.775986,100,01111011,00000000,-1.703125 -0.7782593 0.15618896 -1.4373169,-10495 8960 -11264
1772905081.129969,110,01111011,00000000,0.77093506 -0.010131836 0.040771484 -0.635437,260 193 1
1772905081.405797,120,01111011,00000000,0.7689209 -0.010070801 0.04675293 -0.6375122,237 189 1
1772905081.754894,130,01111011,00000000,0.73846436 -0.011230469 0.064453125 -0.6710205,231 201 1
1772905082.10669,140,01111011,00000000,0.6765137 -0.026000977 0.042785645 -0.7346802,196 162 1
1772905082.46093,150,01111011,00000000,0.61206055 -0.0067749023 0.07336426 -0.7872925,230 295 5
1772905082.740814,160,01111011,00000000,0.62908936 -0.06298828 -0.011291504 -0.7746582,297 235 15
1772905083.105977,170,01111011,00000000,0.5609131 0.03527832 0.11810303 -0.8186035,191 179 13
1772905145.126782,0,01100001,00000000,0.6094971 -0.13250732 -0.14727783 -0.7675171,145 282 64
1772905145.728224,10,01100001,00000000,0.028808594 -0.029052734 0.9986572 0.031188965,0 0 0
1772905146.935352,20,01100001,00000000,0.002319336 -0.5395508 0.8405762 0.04827881,0 0 0
1772905148.178222,30,01100001,00000000,-0.022399902 -0.78637695 0.6154175 0.04840088,0 0 0
1772905149.406268,40,01100001,00000000,0.9998779 0.00036621094 0.009460449 0.003967285,0 0 0
1772905149.809762,50,01110011,00000000,0.979187 0.004638672 0.012878418 0.20214844,0 0 0
1772905150.155191,60,01110011,00000000,0.9944458 0.039123535 -0.082092285 -0.051330566,92 1 1
1772905150.496376,70,01110011,00000000,0.6826172 -0.029724121 0.033996582 -0.7293701,172 93 1
1772905150.836922,80,01110011,00000000,0.2695923 -0.1574707 -0.066467285 -0.94763184,86 1 1
1772905151.174942,90,01110011,00000000,0.12182617 0.18481445 0.11431885 -0.9684448,157 200 30
1772905151.447699,100,01110011,00000000,0.51123047 0.12042236 -0.020446777 0.850647,129 191 67
1772905151.78366,110,01110011,00000000,0.7084961 0.004333496 -0.058532715 0.7032471,197 199 79
1772905152.127184,120,01110011,00000000,0.90448 -0.01550293 -0.028930664 0.4251709,141 191 66
1772905152.470156,130,01110011,00000000,0.98010254 -0.023742676 -0.030578613 0.19451904,197 200 58
1772905152.812619,140,01110011,00000000,0.9991455 -0.01928711 0.005554199 -0.035095215,169 197 49
1772905153.147921,150,01110011,00000000,0.9972534 -0.028381348 -0.033935547 -0.058654785,197 176 62
1772905153.480292,160,01110011,00000000,0.9800415 0.04309082 0.004272461 -0.19403076,163 191 69
1772905153.824362,170,01110011,00000000,0.8851929 -0.036193848 0.011779785 -0.46350098,173 200 47
1772905154.155515,180,01110011,00000000,0.8544922 0.00982666 -0.018554688 -0.51898193,119 197 41
1772905154.506004,190,01110011,00000000,0.7490845 -0.034423828 0.07092285 -0.6576538,197 200 19
1772905154.774807,200,01110011,00000000,0.6419678 -0.028259277 -0.06518555 -0.7633667,183 191 14
1772905155.174538,210,01110011,00000000,0.60528564 -0.030944824 0.083862305 -0.79089355,197 164 3
1772905155.445976,220,01110011,00000000,0.5751343 -0.022521973 -0.08166504 -0.8135376,183 187 10
1772905155.788233,230,01110011,00000000,0.59729004 0.022583008 0.07067871 -0.7984619,197 200 12
1772905156.136123,240,01110011,00000000,0.6210327 0.010620117 -0.070251465 -0.7805176,131 167 15
1772905156.481995,250,01110011,00000000,0.66796875 -0.034423828 -0.00091552734 -0.74334717,197 198 25
1772905156.686309,0,01110011,00000000,0.703125 0.093811035 -0.03741455 -0.70373535,124 124 65
1772905157.022316,10,01110011,00000000,0.48876953 0.0037231445 -0.23449707 -0.84020996,28 72 9
1772905270.596531,0,01100001,00000000,0.8721924 0.0068359375 0.034729004 -0.487854,151 200 44
1772905271.071885,10,01100001,00000000,0.048217773 0.9904785 -0.12854004 0.008544922,0 0 0
1772905272.289969,20,01100001,00000000,0.028503418 0.65856934 -0.7519531 -0.0049438477,0 0 0
1772905273.506614,30,01100001,00000000,0.009399414 -0.0703125 -0.9970093 -0.031188965,0 0 0
1772905274.791227,40,01100001,00000000,-0.013183594 -0.6277466 -0.777771 -0.028930664,0 0 0
1772905276.1452,50,01100001,00000000,-0.035095215 -0.8242798 -0.56414795 -0.033203125,0 0 0
1772905277.239829,60,01100001,00000000,-0.045532227 -0.7746582 -0.63012695 -0.027526855,0 0 0
1772905278.447874,70,01100001,00000000,-0.046569824 -0.66070557 -0.7484741 -0.032958984,0 0 0
1772905279.671601,80,01100001,00000000,0.9998779 0.0057373047 0.0018920898 -0.007080078,0 0 0
1772905280.874306,90,01100001,00000000,0.99871826 -0.0013427734 0.0012817383 -0.050476074,0 0 0
1772905282.121979,100,01100001,00000000,0.9805908 -0.0020751953 0.027038574 -0.1940918,0 0 0
1772905282.523585,110,01110011,00000000,0.9812622 -0.028808594 0.03387451 -0.1873169,0 0 0
1772905282.8573,120,01110011,00000000,0.963501 -0.013061523 0.026611328 -0.2658081,28 29 14
1772905283.206132,130,01110011,00000000,0.97766113 -0.00982666 0.03668213 -0.2064209,48 52 40
1772905283.543742,140,01110011,00000000,0.97875977 0.018615723 -0.015930176 -0.20318604,30 28 53
1772905283.883727,150,01110011,00000000,0.9888916 -0.036132812 -0.0703125 -0.12567139,76 1 72
1772905284.216064,160,01110011,00000000,0.9108887 -0.13110352 0.06628418 -0.38549805,80 116 39
1772905284.560232,170,01110011,00000000,0.103881836 -0.09777832 0.20947266 -0.9673462,195 200 1
1772905284.83532,180,01110011,00000000,0.87646484 0.05871582 -0.20141602 0.4331665,189 191 6
1772905285.181898,190,01110011,00000000,0.9283447 -0.1998291 -0.033935547 -0.3114624,197 144 3
1772905285.514976,200,01110011,00000000,0.29364014 -0.13842773 0.14343262 -0.9348755,193 181 1
1772905285.855975,210,01110011,00000000,0.6397095 0.1763916 -0.1817627 0.72558594,129 56 1
1772905286.193937,220,01110011,00000000,0.9761963 -0.13604736 0.09667969 0.13787842,176 200 14
1772905286.525726,230,01110011,00000000,0.7442627 -0.093811035 -0.044799805 -0.65966797,185 191 5
1772905286.85982,240,01110011,00000000,0.1437378 -0.1671753 0.07574463 -0.9724121,198 161 1
1772905461.956161,0,01100001,00000000,0.58569336 -0.083496094 -0.08905029 0.8012085,175 191 1
1772905462.09851,10,01100001,00000000,0.04498291 0.9879761 -0.14788818 -0.0012207031,0 0 0
1772905463.054052,20,01100001,00000000,0.044006348 0.91223145 -0.40698242 -0.017089844,0 0 0
1772905464.40628,30,01100001,00000000,0.9986572 0.0016479492 0 -0.05206299,0 0 0
1772905464.751405,40,01110011,00000000,0.9979248 0.008911133 -0.0016479492 0.06378174,0 0 0
1772905465.085681,50,01110011,00000000,0.9477539 -0.08081055 -0.06329346 -0.30181885,163 17 1
1772905465.421442,60,01110011,00000000,0.4550171 0.0138549805 -0.024291992 -0.89001465,105 68 1
1772905465.765342,70,01110011,00000000,0.21459961 -0.12249756 -0.0072631836 -0.9689331,197 200 4
1772905466.104834,80,01110011,00000000,0.21557617 -0.004638672 -0.03173828 0.9758911,140 197 21
1772905466.43751,90,01110011,00000000,0.55999756 0.022827148 -0.058410645 0.82611084,178 200 33
1772905466.710726,100,01110011,00000000,0.8105469 -0.004333496 -0.05102539 0.58343506,170 195 45
1772905467.054471,110,01110011,00000000,0.9075928 -0.05731201 -0.07183838 0.40960693,197 159 39
1772905467.393339,120,01110011,00000000,0.9941406 -0.024414062 -0.07067871 0.07757568,148 191 34
1772905624.841754,0,01100001,00000000,0.9770508 -0.075683594 0.0064697266 -0.19903564,151 200 23
1772905625.596687,10,01100001,00000000,0.018737793 0.87677 0.4802246 0.016906738,0 0 0
1772905626.788029,20,01100001,00000000,0.003479004 0.8753052 0.48303223 0.022460938,0 0 0
1772905628.019457,30,01100001,00000000,0.99993896 -0.00030517578 0 -0.0006713867,0 0 0
1772905629.246261,40,01100001,00000000,0.9998779 0.001159668 -0.006958008 -0.010131836,0 0 0
1772905630.460337,50,01100001,00000000,0.99798584 0.0057373047 -0.056762695 0.027648926,0 0 0
1772905631.627148,60,01100001,00000000,0.9466553 0.035705566 -0.31481934 0.057739258,0 0 0
1772905632.917465,70,01100001,00000000,0.99957275 0.0012207031 -0.026794434 0.00024414062,0 0 0
1772905634.077143,80,01100001,00000000,0.9623413 -0.05053711 -0.027160645 0.26550293,0 0 0
1772905635.370583,90,01100001,00000000,0.7831421 -0.13470459 -0.049926758 0.60498047,0 0 0
1772905636.506878,100,01100001,00000000,0.9165039 -0.10559082 -0.04144287 0.38342285,0 0 0
1772905637.084031,110,01110011,00000000,0.99871826 0.029785156 -0.03918457 0.0063476562,0 0 0
1772905637.363647,120,01110011,00000000,0.99902344 0.024780273 -0.033996582 0.010131836,17 17 17
1772905637.720384,130,01110011,00000000,0.9990845 0.024169922 -0.032104492 0.010620117,36 36 36
1772905638.095171,140,01110011,00000000,0.99920654 0.020935059 -0.030090332 0.010375977,46 46 46
1772905638.364177,150,01110011,00000000,0.9992676 0.018676758 -0.030517578 0.010925293,56 56 56
1772905638.722715,160,01110011,00000000,0.9992676 0.017456055 -0.030822754 0.010803223,66 66 66
1772905639.059646,170,01110011,00000000,0.9992676 0.018005371 -0.03173828 0.010864258,67 67 67
1772905639.346005,180,01110011,00000000,0.9993286 0.017028809 -0.029052734 0.010437012,67 67 67
1772905639.75652,190,01110011,00000000,0.9993286 0.018737793 -0.02935791 0.0075683594,67 67 67
1772905640.024593,200,01110011,00000000,0.9993286 0.01574707 -0.030944824 0.007446289,67 67 67
1772905640.366188,210,01110011,00000000,0.99938965 0.015075684 -0.029846191 0.006225586,67 67 67
1772905640.686369,220,01110011,00000000,0.9993286 0.010803223 -0.030761719 0.016601562,67 67 67
1772905641.046107,230,01110011,00000000,0.98999023 -0.007385254 -0.044189453 0.13372803,67 67 67
1772905641.395547,240,01110011,00000000,0.97491455 -0.0068359375 -0.048095703 0.21716309,67 67 67
1772905641.678493,250,01110011,00000000,0.9517822 -0.04333496 -0.04534912 0.3001709,67 67 67
1772905641.887913,0,01110011,00000000,0.9203491 -0.034057617 -0.047851562 0.38641357,67 67 67
1772905642.227524,10,01110011,00000000,0.8850708 -0.074035645 -0.04486084 0.45715332,67 67 67
1772905642.548698,20,01110011,00000000,0.87005615 -0.08203125 -0.05834961 0.4824829,67 67 73
1772905642.932209,30,01110011,00000000,0.86083984 -0.08703613 -0.06689453 0.49676514,67 67 95
1772905643.258871,40,01110011,00000000,0.85632324 -0.08734131 -0.07110596 0.50390625,67 67 115
1772905643.585051,50,01110011,00000000,0.85546875 -0.087890625 -0.07489014 0.50457764,67 67 125
1772905643.905229,60,01110011,00000000,0.8554077 -0.08721924 -0.07702637 0.5046387,67 67 135
1772905644.244705,70,01110011,00000000,0.8574219 -0.08605957 -0.077941895 0.50115967,67 67 145
1772905644.576411,80,01110011,00000000,0.8604126 -0.085754395 -0.07885742 0.49597168,67 67 147
1772905644.901343,90,01110011,00000000,0.91015625 -0.07128906 -0.07745361 0.4005127,67 67 139
1772905645.229821,100,01110011,00000000,0.96765137 -0.014282227 -0.076171875 0.23986816,67 67 126
1772905645.56664,110,01110011,00000000,0.9846802 -0.0076904297 -0.07775879 0.15576172,67 67 116
1772905645.901934,120,01110011,00000000,0.99432373 0.026184082 -0.06488037 0.079956055,67 67 106
1772905646.237683,130,01110011,00000000,0.99420166 0.019104004 -0.0670166 0.0814209,67 67 100
1772905646.580233,140,01110011,00000000,0.99432373 0.01574707 -0.06530762 0.08190918,67 67 100
1772905646.905375,150,01110011,00000000,0.99432373 0.014587402 -0.06500244 0.08178711,67 67 100
1772905647.262316,160,01110011,00000000,0.9929199 0.013061523 -0.06549072 0.097595215,67 67 100
1772905647.589426,170,01110011,00000000,0.7092285 -0.06866455 -0.09667969 0.6947632,67 67 113
1772905647.922576,180,01110011,00000000,0.9584961 0 -0.092041016 0.26965332,67 67 118
1772905648.253289,190,01110011,00000000,0.99432373 0.064086914 -0.07910156 0.030212402,67 67 108
1772905648.579191,200,01110011,00000000,0.99591064 0.033569336 -0.08068848 0.020812988,67 67 100
1772905648.951172,210,01110011,00000000,0.99627686 0.024169922 -0.08117676 0.013305664,67 67 100
1772905649.298671,220,01110011,00000000,0.9967041 0.018310547 -0.077697754 0.012634277,67 67 100
1772905649.565357,230,01110011,00000000,0.9970093 0.014221191 -0.07373047 0.012634277,67 67 100
1772905649.898595,240,01110011,00000000,0.9968872 0.019165039 -0.074523926 -0.011657715,67 67 100
1772905650.248564,250,01110011,00000000,0.9946289 0.04638672 -0.042114258 -0.08117676,67 67 100
1772905650.410885,0,01110011,00000000,0.9897461 0.059143066 -0.028259277 -0.1260376,67 67 100
1772905650.755341,10,01110011,00000000,0.9899292 0.06085205 -0.0178833 -0.12652588,67 67 100
1772905651.104507,20,01110011,00000000,0.98809814 0.057922363 0.018188477 -0.14086914,67 67 100
1772905651.460546,30,01110011,00000000,0.9963379 0.023742676 -0.021057129 -0.07885742,67 67 100
1772905651.779881,40,01110011,00000000,0.9918823 0.008483887 -0.0859375 -0.09259033,67 67 100
1772905652.144033,50,01110011,00000000,0.9890747 0.0044555664 -0.11102295 -0.09613037,67 67 100
1772905652.424169,60,01110011,00000000,0.99279785 0.00036621094 -0.09350586 -0.07434082,67 67 100
1772905652.787633,70,01110011,00000000,0.9848633 -0.02368164 0.15765381 -0.06719971,67 67 100
1772905653.133767,80,01110011,00000000,0.9473877 -0.0234375 0.30871582 -0.08026123,67 67 100
1772905653.436232,90,01110011,00000000,0.93188477 -0.024841309 0.35009766 -0.09161377,67 67 100
1772905653.814691,100,01110011,00000000,0.9259033 -0.018249512 0.36468506 -0.09625244,67 67 100
1772905654.155405,110,01110011,00000000,0.9139404 -0.016967773 0.3930664 -0.09887695,67 67 100
1772905654.424469,120,01110011,00000000,0.9038696 -0.010559082 0.41503906 -0.10284424,67 67 100
1772905654.757842,130,01110011,00000000,0.8963623 -0.0034179688 0.42980957 -0.10797119,67 67 100
1772905655.091568,140,01110011,00000000,0.88848877 0.0017700195 0.44470215 -0.112854004,67 67 100
1772905655.447494,150,01110011,00000000,0.8880005 0.0034179688 0.44580078 -0.11193848,67 67 100
1772905655.805049,160,01110011,00000000,0.88708496 0.006652832 0.44714355 -0.11340332,67 67 100
1772905656.087936,170,01110011,00000000,0.871521 0.0028686523 0.47357178 -0.12670898,67 67 100
1772905656.419727,180,01110011,00000000,0.8544922 -0.012084961 0.5042114 -0.12390137,67 184 94
1772905656.749429,190,01110011,00000000,0.8477173 -0.01550293 0.5158081 -0.12225342,67 200 94
1772905657.145546,200,01110011,00000000,0.8510132 -0.013671875 0.510437 -0.12182617,67 200 94
1772905657.470488,210,01110011,00000000,0.8588867 -0.012207031 0.49749756 -0.12042236,67 200 94
1772905657.769822,220,01110011,00000000,0.88690186 -0.0057373047 0.44543457 -0.12207031,67 185 94
1772905658.105288,230,01110011,00000000,0.91864014 0.010131836 0.3748169 -0.12414551,67 158 94
1772905658.452403,240,01110011,00000000,0.946228 0.015625 0.30108643 -0.11706543,67 138 94
1772905658.784183,250,01110011,00000000,0.9749756 0.024353027 0.18927002 -0.1138916,67 125 94
1772905658.983974,0,01110011,00000000,0.9857788 0.032104492 0.12249756 -0.10992432,67 115 94
1772905659.332281,10,01110011,00000000,0.98724365 0.034851074 0.10974121 -0.10974121,67 109 94
1772905659.669423,20,01110011,00000000,0.9911499 0.03918457 0.06506348 -0.10845947,67 100 94
1772905660.019712,30,01110011,00000000,0.99243164 0.036376953 0.04901123 -0.10620117,67 100 94
1772905660.298764,40,01110011,00000000,0.9923706 0.038513184 0.04840088 -0.10632324,67 100 94
1772905660.637277,50,01110011,00000000,0.9916382 0.04095459 0.054504395 -0.10900879,67 100 94
1772905660.970349,60,01110011,00000000,0.9797363 0.028625488 0.15991211 -0.11651611,67 100 94
1772905661.303588,70,01110011,00000000,0.9623413 0.022460938 0.23980713 -0.12585449,67 100 94
1772905661.657061,80,01110011,00000000,0.9075928 -0.0029296875 0.4033203 -0.11608887,67 100 94
1772905661.947229,90,01110011,00000000,0.8900757 -0.00012207031 0.4373169 -0.12805176,67 100 94
1772905662.295338,100,01110011,00000000,0.87615967 -0.0016479492 0.46484375 -0.12713623,67 100 94
1772905662.615363,110,01110011,00000000,0.85180664 -0.0065307617 0.50756836 -0.12860107,67 190 94
1772905662.991608,120,01110011,00000000,0.8458252 -0.009094238 0.5180664 -0.12683105,67 200 94
1772905663.330525,130,01110011,00000000,0.9538574 -0.008178711 0.28894043 -0.08026123,67 182 94
1772905663.673133,140,01110011,00000000,0.9876709 -0.13165283 -0.015625 0.082458496,67 156 94
1772905663.950777,150,01110011,00000000,0.9959717 -0.07305908 0.015014648 0.048950195,67 136 94
1772905664.28366,160,01110011,00000000,0.99768066 -0.028320312 -0.030151367 0.053771973,67 124 94
1772905664.613254,170,01110011,00000000,0.9975586 -0.011474609 -0.035888672 0.057739258,67 114 94
1772905664.948774,180,01110011,00000000,0.99780273 -0.010253906 -0.03656006 0.053771973,67 104 94
1772905665.279992,190,01110011,00000000,0.9977417 -0.00970459 -0.03753662 0.053771973,67 100 94
1772905665.609884,200,01110011,00000000,0.9977417 -0.0095825195 -0.038269043 0.053771973,67 100 94
1772905666.004702,210,01110011,00000000,0.99768066 -0.009460449 -0.038757324 0.053710938,67 100 94
1772905666.321753,220,01110011,00000000,0.99768066 -0.009460449 -0.038757324 0.053710938,67 100 94
1772905666.637702,230,01110011,00000000,0.99768066 -0.009460449 -0.038757324 0.053710938,67 100 94
1772905666.954794,240,01110011,00000000,0.99768066 -0.009460449 -0.038757324 0.053710938,67 100 94
1772905667.27937,250,01110011,00000000,0.99768066 -0.009460449 -0.038757324 0.053710938,67 100 94
1772905667.478518,0,01110011,00000000,0.99768066 -0.009460449 -0.038757324 0.053710938,67 100 94
1772905667.810392,10,01110011,00000000,0.99768066 -0.009460449 -0.038757324 0.053710938,67 100 94
1772905668.140755,20,01110011,00000000,0.99768066 -0.009460449 -0.038757324 0.053710938,67 100 94
1772905668.522875,30,01110011,00000000,0.99768066 -0.009460449 -0.038757324 0.053710938,67 100 94
1772905668.843014,40,01110011,00000000,0.99768066 -0.009460449 -0.038757324 0.053710938,67 100 94
1772905669.169786,50,01110011,00000000,0.99768066 -0.009460449 -0.038757324 0.053710938,67 100 94
1772905669.50768,60,01110011,00000000,0.99768066 -0.009460449 -0.038757324 0.053710938,67 100 94
1772905669.827068,70,01110011,00000000,0.99768066 -0.009460449 -0.038757324 0.053710938,67 100 94
1772905670.152745,80,01110011,00000000,0.99768066 -0.009460449 -0.038757324 0.053710938,67 100 94
1772905670.523124,90,01110011,00000000,0.99768066 -0.009460449 -0.038757324 0.053710938,67 100 94
1772905670.855869,100,01110011,00000000,0.99768066 -0.009460449 -0.038757324 0.053710938,67 100 94
1772905671.189841,110,01110011,00000000,0.99768066 -0.009460449 -0.038757324 0.053710938,67 100 94
1772905671.510358,120,01110011,00000000,0.99768066 -0.009460449 -0.038757324 0.053710938,67 100 94
1772905671.810616,130,01110011,00000000,0.99768066 -0.009460449 -0.038757324 0.053710938,67 100 94
1772905672.179741,140,01110011,00000000,0.99768066 -0.009460449 -0.038757324 0.053710938,67 100 94
1772905672.473873,150,01110011,00000000,0.99768066 -0.009460449 -0.038757324 0.053710938,67 100 94
1772905672.825648,160,01110011,00000000,0.99768066 -0.009460449 -0.038757324 0.053710938,67 100 94
1772905673.165431,170,01110011,00000000,0.99768066 -0.009460449 -0.038757324 0.053710938,67 100 94
1772905673.495579,180,01110011,00000000,0.99768066 -0.009460449 -0.038757324 0.053710938,67 100 94
1772905673.820762,190,01110011,00000000,0.99768066 -0.009460449 -0.038757324 0.053710938,67 100 94
1772905674.167791,200,01110011,00000000,0.99768066 -0.009460449 -0.038757324 0.053710938,67 100 94
1772905674.49913,210,01110011,00000000,0.99768066 -0.009460449 -0.038757324 0.053710938,67 100 94
1772905674.831966,220,01110011,00000000,0.99768066 -0.009460449 -0.038757324 0.053710938,67 100 94
1772905675.172473,230,01110011,00000000,0.99768066 -0.009460449 -0.038757324 0.053710938,67 100 94
1772905675.492553,240,01110011,00000000,0.99768066 -0.009460449 -0.038757324 0.053710938,67 100 94
1772905675.832845,250,01110011,00000000,0.99768066 -0.009460449 -0.038757324 0.053710938,67 100 94
1772905676.056716,0,01110011,00000000,0.99768066 -0.009460449 -0.038757324 0.053710938,67 100 94
1772905676.383162,10,01110011,00000000,0.99768066 -0.009460449 -0.038757324 0.053710938,67 100 94
1772905676.743907,20,01110011,00000000,0.99768066 -0.009460449 -0.038757324 0.053710938,67 100 94
1772905677.01581,30,01110011,00000000,0.99768066 -0.009460449 -0.038757324 0.053710938,67 100 94
1772905677.369806,40,01110011,00000000,0.99768066 -0.009460449 -0.038757324 0.053710938,67 100 94
1772905677.691098,50,01110011,00000000,0.99768066 -0.009460449 -0.038757324 0.053710938,67 100 94
1772905678.071323,60,01110011,00000000,0.99768066 -0.009460449 -0.038757324 0.053710938,67 100 94
1772905678.341751,70,01110011,00000000,0.99768066 -0.009460449 -0.038757324 0.053710938,67 100 94
1772905678.68556,80,01110011,00000000,0.99768066 -0.009460449 -0.038757324 0.053710938,67 100 94
1772905679.031702,90,01110011,00000000,0.99768066 -0.009460449 -0.038757324 0.053710938,67 100 94
1772905679.351814,100,01110011,00000000,0.99768066 -0.009460449 -0.038757324 0.053710938,67 100 94
1772905679.679456,110,01110011,00000000,0.99768066 -0.009460449 -0.038757324 0.053710938,67 100 94
1772905680.020903,120,01110011,00000000,0.99768066 -0.009460449 -0.038757324 0.053710938,67 100 94
1772905680.376465,130,01110011,00000000,0.99768066 -0.009460449 -0.038757324 0.053710938,67 100 94
1772905680.736383,140,01110011,00000000,0.99768066 -0.009460449 -0.038757324 0.053710938,67 100 94
1772905681.027124,150,01110011,00000000,0.99768066 -0.009460449 -0.038757324 0.053710938,67 100 94
1772905681.38657,160,01110011,00000000,0.99768066 -0.009460449 -0.038757324 0.053710938,67 100 94
1772905681.688748,170,01110011,00000000,0.99768066 -0.009460449 -0.038757324 0.053710938,67 100 94
1772905682.040731,180,01110011,00000000,0.99768066 -0.009460449 -0.038757324 0.053710938,67 100 94
1772905682.391243,190,01110011,00000000,0.99768066 -0.009460449 -0.038757324 0.053710938,67 100 94
1772905682.726551,200,01110011,00000000,0.99768066 -0.009460449 -0.038757324 0.053710938,67 100 94
1772905683.095028,210,01110011,00000000,0.99768066 -0.009460449 -0.038757324 0.053710938,67 100 94
1772905683.389374,220,01110011,00000000,0.99768066 -0.009460449 -0.038757324 0.053710938,67 100 94
1772905683.724689,230,01110011,00000000,0.99768066 -0.009460449 -0.038757324 0.053710938,67 100 94
1772905684.023009,240,01110011,00000000,0.99768066 -0.009460449 -0.038757324 0.053710938,67 100 94
1772905684.383059,250,01110011,00000000,0.99768066 -0.009460449 -0.038757324 0.053710938,67 100 94
1772905684.604363,0,01110011,00000000,0.99768066 -0.009460449 -0.038757324 0.053710938,67 100 94
1772905684.880465,10,01110011,00000000,0.99768066 -0.009460449 -0.038757324 0.053710938,67 100 94
1772905685.228631,20,01110011,00000000,0.99768066 -0.009460449 -0.038757324 0.053710938,67 100 94
1772905685.548423,30,01110011,00000000,0.99768066 -0.009460449 -0.038757324 0.053710938,67 100 94
1772905685.901988,40,01110011,00000000,0.99768066 -0.009460449 -0.038757324 0.053710938,67 100 94
1772905686.222405,50,01110011,00000000,0.99768066 -0.009460449 -0.038757324 0.053710938,67 100 94
1772905686.555523,60,01110011,00000000,0.99768066 -0.009460449 -0.038757324 0.053710938,67 100 94
1772905686.911311,70,01110011,00000000,0.99768066 -0.009460449 -0.038757324 0.053710938,67 100 94
1772905687.246801,80,01110011,00000000,0.99768066 -0.009460449 -0.038757324 0.053710938,67 100 94
1772905687.570182,90,01110011,00000000,0.99768066 -0.009460449 -0.038757324 0.053710938,67 100 94
1772905687.886209,100,01110011,00000000,0.99768066 -0.009460449 -0.038757324 0.053710938,67 100 94
1772905688.209821,110,01110011,00000000,0.99768066 -0.009460449 -0.038757324 0.053710938,67 100 94
1772905688.539706,120,01110011,00000000,0.99768066 -0.009460449 -0.038757324 0.053710938,67 100 94
1772905688.919152,130,01110011,00000000,0.99768066 -0.009460449 -0.038757324 0.053710938,67 100 94
1772905689.237659,140,01110011,00000000,0.99768066 -0.009460449 -0.038757324 0.053710938,67 100 94
1772905689.553479,150,01110011,00000000,0.99768066 -0.009460449 -0.038757324 0.053710938,67 100 94
1772905689.935946,160,01110011,00000000,0.99768066 -0.009460449 -0.038757324 0.053710938,67 100 94
1772905690.254832,170,01110011,00000000,0.99768066 -0.009460449 -0.038757324 0.053710938,67 100 94
1772905690.579411,180,01110011,00000000,0.99768066 -0.009460449 -0.038757324 0.053710938,67 100 94
1772905690.914346,190,01110011,00000000,0.99768066 -0.009460449 -0.038757324 0.053710938,67 100 94
1772905691.246716,200,01110011,00000000,0.99768066 -0.009460449 -0.038757324 0.053710938,67 100 94
1772905691.577013,210,01110011,00000000,0.99768066 -0.009460449 -0.038757324 0.053710938,67 100 94
1772905691.910028,220,01110011,00000000,0.99768066 -0.009460449 -0.038757324 0.053710938,67 100 94
1772905692.236724,230,01110011,00000000,0.99768066 -0.009460449 -0.038757324 0.053710938,67 100 94
1772905692.551917,240,01110011,00000000,0.99768066 -0.009460449 -0.038757324 0.053710938,67 100 94
1772905692.942724,250,01110011,00000000,0.99768066 -0.009460449 -0.038757324 0.053710938,67 100 94
1772905693.07547,0,01110011,00000000,0.99768066 -0.009460449 -0.038757324 0.053710938,67 100 94
1772905693.461657,10,01110011,00000000,0.99768066 -0.009460449 -0.038757324 0.053710938,67 100 94
1772905693.777029,20,01110011,00000000,0.99768066 -0.009460449 -0.038757324 0.053710938,67 100 94
1772905694.13543,30,01110011,00000000,0.99768066 -0.009460449 -0.038757324 0.053710938,67 100 94
1772905694.422386,40,01110011,00000000,0.99768066 -0.009460449 -0.038757324 0.053710938,67 100 94
1772905694.761703,50,01110011,00000000,0.99768066 -0.009460449 -0.038757324 0.053710938,67 100 94
1772905695.109467,60,01110011,00000000,0.99768066 -0.009460449 -0.038757324 0.053710938,67 100 94
1772905695.443695,70,01110011,00000000,0.99768066 -0.009460449 -0.038757324 0.053710938,67 100 94
1772905695.777453,80,01110011,00000000,0.99768066 -0.009460449 -0.038757324 0.053710938,67 100 94
1772905696.109531,90,01110011,00000000,0.99768066 -0.009460449 -0.038757324 0.053710938,67 100 94
1772905696.488389,100,01110011,00000000,0.99768066 -0.009460449 -0.038757324 0.053710938,67 100 94
1772905696.767439,110,01110011,00000000,0.99768066 -0.009460449 -0.038757324 0.053710938,67 100 94
1772905697.096281,120,01110011,00000000,0.99768066 -0.009460449 -0.038757324 0.053710938,67 100 94
1772905697.451462,130,01110011,00000000,0.99768066 -0.009460449 -0.038757324 0.053710938,67 100 94
1772905697.795198,140,01110011,00000000,0.99768066 -0.009460449 -0.038757324 0.053710938,67 100 94
1772905698.152918,150,01110011,00000000,0.99768066 -0.009460449 -0.038757324 0.053710938,67 100 94
1772905698.429851,160,01110011,00000000,0.99768066 -0.009460449 -0.038757324 0.053710938,67 100 94
1772905698.815824,170,01110011,00000000,0.99768066 -0.009460449 -0.038757324 0.053710938,67 100 94
1772905699.103399,180,01110011,00000000,0.99768066 -0.009460449 -0.038757324 0.053710938,67 100 94
1772905699.440887,190,01110011,00000000,0.99768066 -0.009460449 -0.038757324 0.053710938,67 100 94
1772905699.74798,200,01110011,00000000,0.99768066 -0.009460449 -0.038757324 0.053710938,67 100 94
1772905700.106293,210,01110011,00000000,0.99768066 -0.009460449 -0.038757324 0.053710938,67 100 94
1772905700.426526,220,01110011,00000000,0.99768066 -0.009460449 -0.038757324 0.053710938,67 100 94
1772905700.783381,230,01110011,00000000,0.99768066 -0.009460449 -0.038757324 0.053710938,67 100 94
1772905701.133484,240,01110011,00000000,0.99768066 -0.009460449 -0.038757324 0.053710938,67 100 94
1772905701.417452,250,01110011,00000000,0.99768066 -0.009460449 -0.038757324 0.053710938,67 100 94
1772905701.62485,0,01110011,00000000,0.99768066 -0.009460449 -0.038757324 0.053710938,67 100 94
1772905701.971604,10,01110011,00000000,0.99768066 -0.009460449 -0.038757324 0.053710938,67 100 94
1772905702.316321,20,01110011,00000000,0.99768066 -0.009460449 -0.038757324 0.053710938,67 100 94
1772905702.659817,30,01110011,00000000,0.99768066 -0.009460449 -0.038757324 0.053710938,67 100 94
1772905702.950822,40,01110011,00000000,0.99768066 -0.009460449 -0.038757324 0.053710938,67 100 94
1772905703.301539,50,01110011,00000000,0.99768066 -0.009460449 -0.038757324 0.053710938,67 100 94
1772905703.645395,60,01110011,00000000,0.99768066 -0.009460449 -0.038757324 0.053710938,67 100 94
1772905703.991277,70,01110011,00000000,0.99768066 -0.009460449 -0.038757324 0.053710938,67 100 94
1772905704.284857,80,01110011,00000000,0.99768066 -0.009460449 -0.038757324 0.053710938,67 100 94
1772905704.661799,90,01110011,00000000,0.99768066 -0.009460449 -0.038757324 0.053710938,67 100 94
1772905704.947929,100,01110011,00000000,0.99768066 -0.009460449 -0.038757324 0.053710938,67 100 94
1772905705.306822,110,01110011,00000000,0.99768066 -0.009460449 -0.038757324 0.053710938,67 100 94
1772905705.637132,120,01110011,00000000,0.99768066 -0.009460449 -0.038757324 0.053710938,67 100 94
1772905705.959286,130,01110011,00000000,0.99768066 -0.009460449 -0.038757324 0.053710938,67 100 94
1772905706.33201,140,01110011,00000000,0.99768066 -0.009460449 -0.038757324 0.053710938,67 100 94
1772905706.667537,150,01110011,00000000,0.99768066 -0.009460449 -0.038757324 0.053710938,67 100 94
1772905706.993207,160,01110011,00000000,0.99768066 -0.009460449 -0.038757324 0.053710938,67 100 94
1772905707.314319,170,01110011,00000000,0.99768066 -0.009460449 -0.038757324 0.053710938,67 100 94
1772905707.669184,180,01110011,00000000,0.99768066 -0.009460449 -0.038757324 0.053710938,67 100 94
1772905707.940224,190,01110011,00000000,0.99768066 -0.009460449 -0.038757324 0.053710938,67 100 94
1772905708.321765,200,01110011,00000000,0.99768066 -0.009460449 -0.038757324 0.053710938,67 100 94
1772905708.609066,210,01110011,00000000,0.99768066 -0.009460449 -0.038757324 0.053710938,67 100 94
1772905708.978023,220,01110011,00000000,0.99768066 -0.009460449 -0.038757324 0.053710938,67 100 94
1772905709.30725,230,01110011,00000000,0.99768066 -0.009460449 -0.038757324 0.053710938,67 100 94
1772905709.672601,240,01110011,00000000,0.99768066 -0.009460449 -0.038757324 0.053710938,67 100 94
1772905709.953296,250,01110011,00000000,0.99768066 -0.009460449 -0.038757324 0.053710938,67 100 94
1772905710.169652,0,01110011,00000000,0.99768066 -0.009460449 -0.038757324 0.053710938,67 100 94
1772905710.530987,10,01110011,00000000,0.99768066 -0.009460449 -0.038757324 0.053710938,67 100 94
1772905710.835776,20,01110011,00000000,0.99768066 -0.009460449 -0.038757324 0.053710938,67 100 94
1772905711.167005,30,01110011,00000000,0.99768066 -0.009460449 -0.038757324 0.053710938,67 100 94
1772905711.494289,40,01110011,00000000,0.99768066 -0.009460449 -0.038757324 0.053710938,67 100 94
1772905711.818886,50,01110011,00000000,0.99768066 -0.009460449 -0.038757324 0.053710938,67 100 94
1772905712.165623,60,01110011,00000000,0.99768066 -0.009460449 -0.038757324 0.053710938,67 100 94
1772905712.497538,70,01110011,00000000,0.99768066 -0.009460449 -0.038757324 0.053710938,67 100 94
1772905712.828217,80,01110011,00000000,0.99768066 -0.009460449 -0.038757324 0.053710938,67 100 94
1772905713.160248,90,01110011,00000000,0.99768066 -0.009460449 -0.038757324 0.053710938,67 100 94
1772905713.49536,100,01110011,00000000,0.99768066 -0.009460449 -0.038757324 0.053710938,67 100 94
1772905713.833461,110,01110011,00000000,0.99768066 -0.009460449 -0.038757324 0.053710938,67 100 94
1772905714.187547,120,01110011,00000000,0.9977417 -0.009338379 -0.03881836 0.053771973,67 100 94
1772905714.516018,130,01110011,00000000,0.99768066 -0.009460449 -0.03881836 0.053710938,67 100 94
1772905714.8606,140,01110011,00000000,0.99768066 -0.009460449 -0.03881836 0.053710938,67 100 94
1772905715.194488,150,01110011,00000000,0.99768066 -0.009460449 -0.03881836 0.053710938,67 100 94
1772905715.513307,160,01110011,00000000,0.99768066 -0.009460449 -0.03881836 0.053710938,67 100 94
1772905715.836838,170,01110011,00000000,0.99768066 -0.009460449 -0.03881836 0.053710938,67 100 94
1772905716.157294,180,01110011,00000000,0.99768066 -0.009460449 -0.03881836 0.053710938,67 100 94
1772905716.476192,190,01110011,00000000,0.99768066 -0.009460449 -0.03881836 0.053710938,67 100 94
1772905716.81828,200,01110011,00000000,0.99768066 -0.009460449 -0.03881836 0.053710938,67 100 94
1772905717.14436,210,01110011,00000000,0.99768066 -0.009460449 -0.03881836 0.053710938,67 100 94
1772905717.474897,220,01110011,00000000,0.99768066 -0.009460449 -0.03881836 0.053710938,67 100 94
1772905717.859066,230,01110011,00000000,0.99768066 -0.009460449 -0.03881836 0.053710938,67 100 94
1772905718.18028,240,01110011,00000000,0.99768066 -0.009460449 -0.03881836 0.053710938,67 100 94
1772905718.509348,250,01110011,00000000,0.99768066 -0.009460449 -0.03881836 0.053710938,67 100 94
1772905718.708249,0,01110011,00000000,0.99768066 -0.009460449 -0.03881836 0.053710938,67 100 94
1772905719.027282,10,01110011,00000000,0.99768066 -0.009460449 -0.03881836 0.053710938,67 100 94
1772905719.342196,20,01110011,00000000,0.99768066 -0.009460449 -0.03881836 0.053710938,67 100 94
1772905719.673861,30,01110011,00000000,0.99768066 -0.009460449 -0.03881836 0.053710938,67 100 94
1772905720.060529,40,01110011,00000000,0.99768066 -0.009460449 -0.03881836 0.053710938,67 100 94
1772905720.377327,50,01110011,00000000,0.99768066 -0.009460449 -0.03881836 0.053710938,67 100 94
1772905720.708847,60,01110011,00000000,0.99768066 -0.009460449 -0.03881836 0.053710938,67 100 94
1772905721.079508,70,01110011,00000000,0.99768066 -0.009460449 -0.03881836 0.053710938,67 100 94
1772905721.366278,80,01110011,00000000,0.99768066 -0.009460449 -0.03881836 0.053710938,67 100 94
1772905721.720735,90,01110011,00000000,0.99768066 -0.009460449 -0.03881836 0.053710938,67 100 94
1772905722.040776,100,01110011,00000000,0.99768066 -0.009460449 -0.03881836 0.053710938,67 100 94
1772905722.363961,110,01110011,00000000,0.99768066 -0.009460449 -0.03881836 0.053710938,67 100 94
1772905722.695734,120,01110011,00000000,0.99768066 -0.009460449 -0.03881836 0.053710938,67 100 94
1772905723.050093,130,01110011,00000000,0.99768066 -0.009460449 -0.03881836 0.053710938,67 100 94
1772905723.36681,140,01110011,00000000,0.99768066 -0.009460449 -0.03881836 0.053710938,67 100 94
1772905723.691662,150,01110011,00000000,0.99768066 -0.009460449 -0.03881836 0.053710938,67 100 94
1772905724.020525,160,01110011,00000000,0.99768066 -0.009460449 -0.03881836 0.053710938,67 100 94
1772905724.354385,170,01110011,00000000,0.99768066 -0.009460449 -0.03881836 0.053710938,67 100 94
1772905724.696056,180,01110011,00000000,0.9977417 -0.009399414 -0.038879395 0.053771973,67 100 94
1772905725.017071,190,01110011,00000000,0.99768066 -0.009460449 -0.03881836 0.053710938,67 100 94
1772905725.371811,200,01110011,00000000,0.99768066 -0.009460449 -0.03881836 0.053710938,67 100 94
1772905725.720409,210,01110011,00000000,0.9977417 -0.009216309 -0.038879395 0.053771973,67 100 94
1772905726.018448,220,01110011,00000000,0.9977417 -0.009216309 -0.038879395 0.053771973,67 100 94
1772905726.384613,230,01110011,00000000,0.9977417 -0.009216309 -0.038879395 0.053771973,67 100 94
1772905726.721489,240,01110011,00000000,0.9977417 -0.009216309 -0.038879395 0.053771973,67 100 94
1772905727.056471,250,01110011,00000000,0.9977417 -0.009216309 -0.038879395 0.053771973,67 100 94
1772905727.212535,0,01110011,00000000,0.9977417 -0.009216309 -0.038879395 0.053771973,67 100 94
1772905727.547865,10,01110011,00000000,0.9977417 -0.009216309 -0.038879395 0.053771973,67 100 94
1772905727.902329,20,01110011,00000000,0.9977417 -0.009216309 -0.038879395 0.053771973,67 100 94
1772905728.225801,30,01110011,00000000,0.9977417 -0.009216309 -0.038879395 0.053771973,67 100 94
1772905728.548415,40,01110011,00000000,0.9977417 -0.009216309 -0.038879395 0.053771973,67 100 94
1772905728.881633,50,01110011,00000000,0.9977417 -0.009216309 -0.038879395 0.053771973,67 100 94
1772905729.245132,60,01110011,00000000,0.9977417 -0.009216309 -0.038879395 0.053771973,67 100 94
1772905729.59184,70,01110011,00000000,0.9977417 -0.009216309 -0.038879395 0.053771973,67 100 94
1772905729.890828,80,01110011,00000000,0.9977417 -0.009216309 -0.038879395 0.053771973,67 100 94
1772905730.256843,90,01110011,00000000,0.9977417 -0.009216309 -0.038879395 0.053771973,67 100 94
1772905730.543134,100,01110011,00000000,0.9977417 -0.009216309 -0.038879395 0.053771973,67 100 94
1772905730.897482,110,01110011,00000000,0.9977417 -0.009216309 -0.038879395 0.053771973,67 100 94
1772905731.270025,120,01110011,00000000,0.9977417 -0.009216309 -0.038879395 0.053771973,67 100 94
1772905731.587411,130,01110011,00000000,0.9977417 -0.009216309 -0.038879395 0.053771973,67 100 94
1772905731.932557,140,01110011,00000000,0.9977417 -0.009216309 -0.038879395 0.053771973,67 100 94
1772905732.237596,150,01110011,00000000,0.9977417 -0.009216309 -0.038879395 0.053771973,67 100 94
1772905732.582597,160,01110011,00000000,0.9977417 -0.009216309 -0.038879395 0.053771973,67 100 94
1772905732.90313,170,01110011,00000000,0.9977417 -0.009216309 -0.038879395 0.053771973,67 100 94
1772905733.234884,180,01110011,00000000,0.9977417 -0.009216309 -0.038879395 0.053771973,67 100 94
1772905733.564179,190,01110011,00000000,0.9977417 -0.009216309 -0.038879395 0.053771973,67 100 94
1772905733.906448,200,01110011,00000000,0.99768066 -0.009399414 -0.0390625 0.053710938,67 100 94
1772905734.247815,210,01110011,00000000,0.99768066 -0.010620117 -0.038757324 0.053710938,67 100 94
1772905734.601444,220,01110011,00000000,0.99768066 -0.010681152 -0.038757324 0.053710938,67 100 94
1772905734.87292,230,01110011,00000000,0.99768066 -0.010253906 -0.039123535 0.053710938,67 100 94
1772905756.77257,0,01100001,00000000,0.99768066 -0.010253906 -0.039123535 0.053710938,67 100 94
1772905757.143605,10,01100001,00000000,0.018859863 0.8859863 0.45996094 0.055419922,0 0 0
1772905758.362569,20,01100001,00000000,0.015197754 0.88671875 0.45874023 0.05596924,0 0 0
1772905759.01037,30,01110011,00000000,0.99993896 -0.00024414062 -0.002319336 0.00030517578,0 0 0
1772905759.357169,40,01110011,00000000,1 0.0010986328 -0.0028686523 0.0020141602,11 11 11
1772905759.688969,50,01110011,00000000,1 0.00091552734 -0.0021972656 0.002319336,31 31 31
1772905760.023046,60,01110011,00000000,1 0.00036621094 -0.0025024414 0.002380371,43 43 43
1772905760.328322,70,01110011,00000000,1 0.0020141602 -0.0033569336 0.0032348633,53 53 53
1772905760.673298,80,01110011,00000000,1 0.002380371 -0.0028686523 0.004272461,63 63 63
1772905761.032842,90,01110011,00000000,0.99993896 0.0034179688 -0.003112793 0.004699707,67 67 67
1772905761.365897,100,01110011,00000000,0.99993896 0.0008544922 -0.0029907227 0.007446289,67 67 67
1772905761.705446,110,01110011,00000000,0.99993896 -0.0008544922 -0.009643555 0.0041503906,67 67 67
1772905762.050366,120,01110011,00000000,0.9998779 -0.013061523 -0.0078125 0.0026855469,67 67 67
1772905762.335313,130,01110011,00000000,0.99993896 0.0007324219 -0.010681152 -0.002319336,67 67 67
1772905762.694437,140,01110011,00000000,0.9993286 0.025756836 -0.0211792 -0.012390137,67 67 67
1772905763.030855,150,01110011,00000000,0.9959717 0.026184082 -0.079711914 -0.029968262,67 62 67
1772905763.345561,160,01110011,00000000,0.9845581 0.013793945 -0.17132568 -0.032226562,67 36 67
1772905763.703735,170,01110011,00000000,0.96868896 0.017944336 -0.24725342 -0.010253906,67 1 68
1772905764.041516,180,01110011,00000000,0.9571533 0.008850098 -0.2880249 0.026733398,67 1 74
1772905764.328247,190,01110011,00000000,0.9734497 -0.0031738281 -0.2234497 0.04888916,68 1 77
1772905764.703801,200,01110011,00000000,0.97406006 0.00390625 -0.16223145 0.1574707,74 1 87
1772905765.009358,210,01110011,00000000,0.93182373 -0.019165039 -0.14904785 0.33007812,79 1 97
1772905765.344289,220,01110011,00000000,0.9072876 -0.018066406 -0.11816406 0.40319824,81 1 107
1772905765.673215,230,01110011,00000000,0.90374756 -0.020935059 -0.13165283 0.4066162,82 1 117
1772905766.004647,240,01110011,00000000,0.95910645 -0.0030517578 -0.14916992 0.24047852,82 1 122
1772905766.337038,250,01110011,00000000,0.9841919 0.018615723 -0.16186523 0.068725586,82 1 117
1772905766.551433,0,01110011,00000000,0.9894409 0.04876709 -0.13537598 0.018676758,73 1 107
1772905766.875417,10,01110011,00000000,0.9945679 0.05090332 -0.085876465 0.02935791,67 1 105
1772905767.238737,20,01110011,00000000,0.9954834 0.09277344 0.00012207031 -0.018371582,56 18 98
1772905767.568855,30,01110011,00000000,0.98291016 0.14434814 0.0871582 -0.07354736,36 47 89
1772905767.917576,40,01110011,00000000,0.95440674 0.21343994 0.17144775 -0.11853027,7 87 82
1772905768.24476,50,01110011,00000000,0.9685669 0.12036133 0.20904541 -0.059936523,2 111 82
1772905768.577271,60,01110011,00000000,0.96551514 0.10192871 0.23718262 -0.03265381,2 141 82
1772905768.858936,70,01110011,00000000,0.96972656 0.101623535 0.21990967 -0.02923584,2 165 82
1772905769.207527,80,01110011,00000000,0.98602295 0.0836792 0.13909912 -0.036254883,2 175 82
1772905769.535672,90,01110011,00000000,0.99298096 0.06994629 0.08581543 -0.040771484,7 174 82
1772905769.869036,100,01110011,00000000,0.986145 0.09899902 -0.008300781 -0.13287354,7 156 81
1772905770.22657,110,01110011,00000000,0.9661865 0.15582275 0.043701172 -0.20074463,2 141 75
1772905770.560897,120,01110011,00000000,0.9421997 0.15539551 0.1663208 -0.2454834,2 140 75
1772905770.895673,130,01110011,00000000,0.9209595 0.14874268 0.27545166 -0.2319336,2 152 75
1772905771.198031,140,01110011,00000000,0.9590454 0.0791626 0.21258545 -0.1694336,2 178 73
1772905771.547794,150,01110011,00000000,0.99157715 0.058654785 0.02319336 -0.11279297,12 169 73
1772905771.871381,160,01110011,00000000,0.991333 -0.009216309 0.03112793 -0.1270752,25 152 73
1772905772.247836,170,01110011,00000000,0.97717285 -0.16851807 0.02545166 -0.1262207,65 140 73
1772905772.565844,180,01110011,00000000,0.96832275 -0.21905518 0.026489258 -0.11663818,115 130 73
1772905772.880907,190,01110011,00000000,0.9841919 -0.12475586 0.027648926 -0.12249756,146 121 73
1772905773.265421,200,01110011,00000000,0.996521 0.03112793 -0.018493652 -0.074279785,137 113 73
1772905773.585347,210,01110011,00000000,0.99786377 0.04901123 -0.008911133 -0.041992188,115 103 73
1772905773.91672,220,01110011,00000000,0.99694824 0.04284668 -0.046875 -0.044128418,97 93 73
1772905774.24514,230,01110011,00000000,0.994812 0.059265137 -0.06616211 -0.049194336,82 75 73
1772905774.579171,240,01110011,00000000,0.99554443 0.014709473 -0.027404785 -0.08880615,76 69 73
1772905774.911665,250,01110011,00000000,0.9942627 0.0014038086 -0.006164551 -0.10687256,76 69 73
1772905775.110532,0,01110011,00000000,0.9937744 0.0032958984 -0.055847168 -0.096191406,76 65 73
1772905775.439701,10,01110011,00000000,0.9937744 0.006164551 -0.057128906 -0.09503174,76 59 73
1772905775.767642,20,01110011,00000000,0.99401855 0.0064086914 -0.05682373 -0.092285156,76 53 73
1772905776.1081,30,01110011,00000000,0.9940796 0.006713867 -0.05645752 -0.09222412,76 53 73
1772905776.436335,40,01110011,00000000,0.9941406 0.006286621 -0.05621338 -0.09222412,76 53 73
1772905776.759762,50,01110011,00000000,0.9940796 0.008300781 -0.056274414 -0.09210205,76 53 73
1772905777.076608,60,01110011,00000000,0.99401855 0.0053710938 -0.055847168 -0.093933105,76 53 73
1772905777.40337,70,01110011,00000000,0.9939575 0.0072631836 -0.056274414 -0.09399414,76 53 73
1772905777.783071,80,01110011,00000000,0.9939575 0.00592041 -0.05609131 -0.094055176,76 53 73
1772905778.102431,90,01110011,00000000,0.9939575 0.00592041 -0.05609131 -0.094055176,76 53 73
1772905778.428712,100,01110011,00000000,0.9939575 0.00592041 -0.05609131 -0.094055176,76 53 73
1772905778.769433,110,01110011,00000000,0.9939575 0.00592041 -0.05609131 -0.094055176,76 53 73
1772905779.091544,120,01110011,00000000,0.9939575 0.00592041 -0.05609131 -0.094055176,76 53 73
1772905779.415193,130,01110011,00000000,0.9939575 0.00592041 -0.05609131 -0.094055176,76 53 73
1772905779.748702,140,01110011,00000000,0.9939575 0.00592041 -0.05609131 -0.094055176,76 53 73
1772905780.095795,150,01110011,00000000,0.9939575 0.00592041 -0.05609131 -0.094055176,76 53 73
1772905780.425215,160,01110011,00000000,0.9939575 0.00592041 -0.05609131 -0.094055176,76 53 73
1772905780.759746,170,01110011,00000000,0.9939575 0.00592041 -0.05609131 -0.094055176,76 53 73
1772905781.082171,180,01110011,00000000,0.9939575 0.00592041 -0.05609131 -0.094055176,76 53 73
1772905781.402703,190,01110011,00000000,0.9939575 0.00592041 -0.05609131 -0.094055176,76 53 73
1772905781.796585,200,01110011,00000000,0.9939575 0.00592041 -0.05609131 -0.094055176,76 53 73
1772905782.086397,210,01110011,00000000,0.9939575 0.00592041 -0.05609131 -0.094055176,76 53 73
1772905782.420232,220,01110011,00000000,0.9939575 0.00592041 -0.05609131 -0.094055176,76 53 73
1772905782.738121,230,01110011,00000000,0.9939575 0.004638672 -0.055603027 -0.09454346,76 53 73
1772905783.085884,240,01110011,00000000,0.9938965 0.00579834 -0.05621338 -0.09448242,76 53 73
1772905783.451942,250,01110011,00000000,0.9938965 0.00579834 -0.05621338 -0.09448242,76 53 73
1772905783.640977,0,01110011,00000000,0.9938965 0.00579834 -0.05621338 -0.09448242,76 53 73
1772905783.986813,10,01110011,00000000,0.9938965 0.00579834 -0.05621338 -0.09448242,76 53 73
1772905784.311656,20,01110011,00000000,0.9938965 0.0051879883 -0.05609131 -0.09454346,76 53 73
1772905784.641255,30,01110011,00000000,0.99383545 0.0056152344 -0.056274414 -0.09454346,76 53 73
1772905784.971938,40,01110011,00000000,0.9938965 0.0049438477 -0.05609131 -0.09454346,76 53 73
1772905785.306461,50,01110011,00000000,0.9938965 0.005004883 -0.056030273 -0.09454346,76 53 73
1772905785.639737,60,01110011,00000000,0.9938965 0.0048217773 -0.05596924 -0.09454346,76 53 73
1772905785.970565,70,01110011,00000000,0.9938965 0.0048217773 -0.055725098 -0.09454346,76 53 73
1772905786.299584,80,01110011,00000000,0.9938965 0.005493164 -0.055908203 -0.09454346,76 53 73
1772905786.63991,90,01110011,00000000,0.9938965 0.006164551 -0.05596924 -0.09448242,76 53 73
1772905786.991609,100,01110011,00000000,0.9938965 0.006164551 -0.05596924 -0.09448242,76 53 73
1772905787.281261,110,01110011,00000000,0.9938965 0.006164551 -0.05596924 -0.09448242,76 53 73
1772905787.652776,120,01110011,00000000,0.9938965 0.006164551 -0.05596924 -0.09448242,76 53 73
1772905787.944465,130,01110011,00000000,0.9938965 0.006164551 -0.05596924 -0.09448242,76 53 73
1772905788.291354,140,01110011,00000000,0.99505615 0.007019043 -0.056030273 -0.08105469,76 53 73
1772905788.672847,150,01110011,00000000,0.9981079 0.008361816 -0.05505371 -0.025878906,76 53 73
1772905788.957928,160,01110011,00000000,0.99816895 0.0061035156 -0.05505371 -0.024963379,76 53 73
1772905965.498368,0,01100001,00000000,0.9981079 0.004699707 -0.055603027 -0.025756836,76 53 73
1772905965.844344,10,01100001,00000000,0.041809082 0.56866455 0.82092285 0.030761719,0 0 0
1772905967.064585,20,01100001,00000000,0.033691406 0.4909668 0.8696289 0.03942871,0 0 0
1772905967.832932,30,01110011,00000000,0.9994507 -0.0061035156 0.0052490234 -0.03173828,0 0 0
1772905968.179061,40,01110011,00000000,0.9995117 -0.00061035156 0.0063476562 -0.030273438,4 3 10
1772905968.520403,50,01110011,00000000,0.9894409 0.11450195 -0.08532715 0.02142334,142 185 55
1772905968.855715,60,01110011,00000000,0.9890137 -0.043823242 0.11199951 0.085632324,191 200 54
1772905969.194582,70,01110011,00000000,0.99823 0.045043945 -0.0034179688 0.03668213,114 108 57
1772905969.540065,80,01110011,00000000,0.98358154 -0.019348145 0.119018555 0.13391113,50 200 56
1772905969.873189,90,01110011,00000000,0.9939575 0.09362793 0.008972168 0.054504395,28 155 33
1772905979.727892,0,01101001,00000000,0.984375 -0.030212402 0.101135254 0.1408081,30 200 97
1772905980.069417,10,01101001,00000000,0.9995117 0.028869629 0.0018310547 0.0007324219,59 197 91
1772905981.30163,20,01101001,00000000,0.9993286 0.034729004 0.00012207031 0.003540039,59 197 91
1772905982.520616,30,01101001,00000000,0.9992676 0.036621094 -0.004699707 0.004211426,59 197 91
1772905983.78112,40,01101001,00000000,0.99993896 0 -0.0025634766 0.00012207031,59 197 91
1772905984.98166,50,01101001,00000000,1 -0.0037841797 -0.0032348633 -0.0016479492,59 197 91
1772905985.740348,60,01111011,00000000,0.99993896 -0.00079345703 -0.004638672 -0.0013427734,59 197 91
1772905986.082379,70,01111011,00000000,0.9998779 -0.0012817383 -0.010009766 -0.010803223,71 170 89
1772905986.482884,80,01111011,00000000,0.9998779 0.003112793 -0.009216309 -0.007019043,68 148 88
1772905986.755908,90,01111011,00000000,0.99975586 0.0018310547 -0.0043945312 0.019226074,69 146 95
1772905987.098619,100,01111011,00000000,0.96136475 0.013427734 0.05041504 0.2701416,57 200 168
1772905987.443558,110,01111011,00000000,0.97052 -0.003540039 0.034729004 0.23852539,90 166 155
1772905987.771134,120,01111011,00000000,0.9393921 -0.057678223 -0.03289795 -0.3363037,186 95 1
1772905988.112435,130,01111011,00000000,0.99731445 0.016662598 0.05505371 0.045898438,66 200 128
1772905988.453167,140,01111011,00000000,0.97473145 0.016967773 0.030944824 0.22052002,97 163 170
1772905988.785022,150,01111011,00000000,0.98413086 -0.022338867 -0.030151367 -0.17327881,164 54 49
1772905989.118023,160,01111011,00000000,0.9176636 -0.38726807 -0.04534912 -0.07678223,197 68 61
1772905989.45821,170,01111011,00000000,0.9869995 -0.12634277 -0.04901123 -0.085998535,2 87 67
1772905989.73329,180,01111011,00000000,0.9885864 0.13452148 -0.04333496 -0.050842285,147 78 73
1772905990.077351,190,01111011,00000000,0.94873047 -0.30090332 -0.034606934 -0.08972168,68 58 57
1772905990.415566,200,01111011,00000000,0.99438477 0.02532959 -0.026367188 -0.09881592,108 43 62
1772905990.758291,210,01111011,00000000,0.91918945 -0.10687256 -0.37890625 -0.0061035156,197 2 85
1772905991.098049,220,01111011,00000000,0.9935913 0.01159668 0.09136963 -0.06488037,75 191 73
1772905991.425933,230,01111011,00000000,0.991333 -0.0657959 -0.113342285 0.009094238,127 112 88
1772905991.776129,240,01111011,00000000,0.9984741 -0.03845215 -0.038635254 0.0087890625,90 175 87
1772905992.127695,250,01111011,00000000,0.99786377 -0.05218506 -0.014831543 0.03552246,121 166 95
1772905992.260876,0,01111011,00000000,0.99798584 -0.022338867 -0.029785156 0.05102539,65 115 100
1772905992.598057,10,01111011,00000000,0.9989624 -0.023132324 -0.022216797 0.03173828,83 113 94
1772905992.936764,20,01111011,00000000,0.9974365 -0.05419922 0.029052734 0.035461426,135 197 93
1772905993.268756,30,01111011,00000000,0.993103 -0.080566406 -0.039916992 0.0748291,82 179 99
1772905993.666236,40,01111011,00000000,0.98669434 -0.109375 0.038024902 0.11352539,177 197 105
1772905993.944609,50,01111011,00000000,0.9897461 -0.0079956055 -0.12231445 -0.07336426,127 179 96
1772906083.09151,10,01100001,00000000,0.99212646 -0.101379395 -0.034484863 0.06488037,197 109 108
1772906083.225764,0,01100001,00000000,0.025634766 0.92889404 -0.36914062 0.013366699,0 0 0
1772906084.330447,20,01100001,00000000,0.014343262 0.95440674 -0.29736328 0.021118164,0 0 0
1772906084.975,30,01110011,00000000,0.9998779 -0.010559082 -0.008728027 -0.004638672,0 0 0
1772906085.311469,40,01110011,00000000,0.99401855 0.032226562 -0.0602417 -0.08465576,2 2 8
1772906085.655744,50,01110011,00000000,0.4713745 -0.1274414 -0.049926758 -0.87127686,105 1 1
1772906085.996785,60,01110011,00000000,0.06225586 -0.017150879 0.045715332 -0.9968262,147 54 2
1772906086.334018,70,01110011,00000000,0.059570312 0.0049438477 -0.010314941 -0.99816895,108 68 2
1772906086.678486,80,01110011,00000000,0.20568848 -0.0015258789 -0.021362305 -0.97839355,94 66 6
1772906087.017832,90,01110011,00000000,0.3595581 -0.006225586 0.022827148 -0.9328003,114 84 12
1772906087.295629,100,01110011,00000000,0.48809814 0.014221191 -0.055725098 -0.8708496,67 68 19
1772906087.631217,110,01110011,00000000,0.77789307 0.020996094 0.012451172 -0.6278076,70 106 44
1772906087.972313,120,01110011,00000000,0.9126587 0.018127441 0.04284668 -0.40594482,67 88 60
1772906088.318377,130,01110011,00000000,0.98114014 0.06640625 -0.13769531 -0.11804199,54 40 86
1772906088.66051,140,01110011,00000000,0.96881104 -0.06329346 0.13708496 -0.19628906,98 129 79
1772906089.015667,150,01110011,00000000,0.9507446 0.043640137 -0.1560669 -0.26397705,8 21 79
1772906234.75944,0,01100001,00000000,0.96087646 -0.07141113 -0.012390137 -0.26733398,91 84 79
1772906235.168867,10,01100001,00000000,0.0423584 0.9525757 -0.2987671 -0.039794922,0 0 0
1772906236.399911,20,01100001,00000000,0.04925537 0.9985962 0.013122559 -0.015380859,0 0 0
1772906237.589964,30,01100001,00000000,0.99505615 -0.005432129 0.014221191 -0.097595215,0 0 0
1772906238.815741,40,01100001,00000000,0.9962158 -0.010192871 0.035217285 -0.07757568,0 0 0
1772906240.035764,50,01100001,00000000,0.9987793 0.014709473 0.03930664 -0.02355957,0 0 0
1772906241.31364,60,01100001,00000000,0.97595215 0.047912598 -0.12298584 -0.17315674,0 0 0
1772906242.520457,70,01100001,00000000,0.9765625 0.03845215 -0.15441895 -0.14453125,0 0 0
1772906243.729686,80,01100001,00000000,0.9765625 0.030822754 -0.15356445 -0.14691162,0 0 0
1772906244.936292,90,01100001,00000000,0.9755249 0.050354004 -0.16137695 -0.14031982,0 0 0
1772906246.088874,100,01100001,00000000,0.99053955 0.03881836 -0.09613037 -0.08850098,0 0 0
1772906246.720777,110,01110011,00000000,0.95947266 -0.013061523 0.042175293 -0.27807617,0 0 0
1772906247.056008,120,01110011,00000000,0.7786865 -0.023986816 -0.06567383 -0.6234741,16 16 14
1772906247.396602,130,01110011,00000000,0.2133789 0.1272583 -0.040222168 0.9677124,33 33 31
1772906247.733519,140,01110011,00000000,0.8250122 0.03338623 -0.021484375 0.56359863,43 43 49
1772906248.06569,150,01110011,00000000,0.982605 -0.032714844 0.0040283203 0.18243408,53 53 59
1772906248.394607,160,01110011,00000000,0.904541 -0.13244629 0.017333984 -0.40478516,63 63 64
1772906248.73715,170,01110011,00000000,0.715271 -0.07098389 0.047058105 -0.69348145,73 70 64
1772906249.00923,180,01110011,00000000,0.21594238 0.13848877 -0.15673828 0.9536743,77 75 67
1772906249.355716,190,01110011,00000000,0.9741821 -0.08068848 -0.08691406 0.19158936,77 75 75
1772906249.689163,200,01110011,00000000,0.7235718 -0.14746094 0.036071777 -0.6732788,83 75 75
1772906250.030122,210,01110011,00000000,0.04626465 -0.12823486 0.054382324 -0.9890747,91 78 72
1772906250.374439,220,01110011,00000000,0.6665039 0.078308105 -0.06536865 0.7384033,87 78 82
1772906250.707486,230,01110011,00000000,0.9794922 -0.039245605 -0.017028809 0.1965332,87 78 82
1772906251.052017,240,01110011,00000000,0.96429443 -0.05596924 0.029663086 -0.256958,87 78 82
1772906251.39132,250,01110011,00000000,0.76013184 -0.08013916 0.040222168 -0.6435547,87 78 82
1772906251.593517,0,01110011,00000000,0.53460693 -0.07122803 0.03375244 -0.8413086,87 78 80
1772906251.93112,10,01110011,00000000,0.4837036 -0.07098389 0.036376953 -0.871521,87 78 79
1772906252.259759,20,01110011,00000000,0.49145508 -0.040893555 0.047790527 -0.8685303,87 78 79
1772906252.594247,30,01110011,00000000,0.6381836 -0.023254395 0.06726074 -0.7664795,87 78 79
1772906252.937828,40,01110011,00000000,0.85668945 0.013122559 0.07141113 -0.5105591,87 78 79
1772906253.209269,50,01110011,00000000,0.99072266 0.04486084 0.085510254 -0.09460449,87 78 79
1772906253.540936,60,01110011,00000000,0.89556885 0.06689453 0.07659912 0.43304443,87 78 79
1772906253.87471,70,01110011,00000000,0.47479248 0.057373047 0.044799805 0.87701416,87 78 86
1772906254.213455,80,01110011,00000000,0.091430664 -0.030578613 0.012451172 -0.99523926,87 78 92
1772906254.551449,90,01110011,00000000,0.6820679 0.019470215 0.06530762 -0.72802734,87 78 83
1772906254.880675,100,01110011,00000000,0.99224854 0.07208252 0.09869385 0.020202637,87 78 83
1772906255.221676,110,01110011,00000000,0.696167 0.06982422 0.08154297 0.7097168,87 78 83
1772906255.559326,120,01110011,00000000,0.04815674 0.021972656 0.018066406 0.99835205,87 78 92
1772906256.373907,130,01110011,00000000,0.67230225 0.03100586 0.07312012 -0.7359009,87 78 83
1772906346.989936,10,01100001,00000000,0.989624 0.07543945 0.10076904 0.068725586,87 78 83
1772906348.23247,20,01100001,00000000,-0.03717041 0.19866943 -0.9793701 -0.005432129,0 0 0
1772906349.320729,30,01100001,00000000,0.998291 -0.0032348633 0.0005493164 0.057922363,0 0 0
1772906349.867476,40,01110011,00000000,0.99560547 -0.017089844 0.0073242188 -0.09112549,0 0 0
1772906350.204852,50,01110011,00000000,0.93933105 -0.023925781 0.016601562 -0.34155273,24 24 1
1772906350.552316,60,01110011,00000000,0.850647 -0.031982422 0.024719238 -0.52404785,54 54 1
1772906350.835692,70,01110011,00000000,0.7036743 -0.032592773 0.03540039 -0.7088623,81 83 1
1772906351.173392,80,01110011,00000000,0.5061035 -0.044799805 0.041015625 -0.8602905,111 104 1
1772906351.506964,90,01110011,00000000,0.26330566 -0.048828125 0.04937744 -0.9621582,139 133 1
1772906351.843741,100,01110011,00000000,0.01373291 0.051696777 -0.049316406 0.9972534,161 157 4
1772906352.185373,110,01110011,00000000,0.2843628 0.055603027 -0.044189453 0.9560547,102 106 126
1772906352.522798,120,01110011,00000000,0.5319214 0.051452637 -0.04437256 0.8439331,61 70 200
1772906352.866045,130,01110011,00000000,0.73565674 0.042541504 -0.036376953 0.6749878,38 49 200
1772906370.12206,0,01101001,00000000,0.8864136 0.03778076 -0.026977539 0.46032715,28 42 200
1772906370.466205,10,01101001,00000000,-0.9175415 0.008422852 0.030639648 -0.39611816,27 42 200
1772906371.183563,20,01111011,00000000,-0.9746704 0.0017089844 0.020812988 -0.22253418,27 42 200
1772906371.527297,30,01111011,00000000,0.98846436 0.06378174 -0.070251465 -0.11773682,32 43 187
1772906371.800918,40,01111011,00000000,0.29663086 -0.01727295 -0.06536865 0.95251465,104 29 124
1772906372.151828,50,01111011,00000000,0.9852905 -0.029052734 -0.04083252 -0.1630249,90 7 144
1772906372.497688,60,01111011,00000000,0.49224854 -0.008605957 -0.09686279 -0.8649292,107 1 66
1772906372.841161,70,01111011,00000000,0.8052368 0.010925293 0.08062744 -0.58721924,116 36 3
1772906373.18484,80,01111011,00000000,0.95440674 0.041259766 -0.047851562 -0.29156494,85 58 1
1772906373.522307,90,01111011,00000000,0.93743896 -0.01727295 0.06726074 0.34094238,92 71 31
1772906373.799014,100,01111011,00000000,0.711853 0.022521973 -0.0045776367 0.70184326,71 90 89
1772906374.136691,110,01111011,00000000,0.63531494 -0.049438477 -0.029907227 0.7699585,89 70 162
1772906374.475648,120,01111011,00000000,0.998291 -0.030212402 -0.046875 -0.014404297,96 51 175
1772906374.818992,130,01111011,00000000,0.69885254 -0.027832031 -0.064575195 -0.7116699,114 38 109
1772906375.158039,140,01111011,00000000,0.8765869 0.016052246 0.044799805 -0.47869873,115 44 46
1772906375.499209,150,01111011,00000000,0.99487305 0.04522705 0.013183594 0.08911133,85 73 42
1772906375.842048,160,01111011,00000000,0.6387329 -0.03967285 0.06768799 0.7653198,93 92 99
1772906376.176876,170,01111011,00000000,0.5040283 0.031982422 -0.031921387 0.8624878,77 96 174
1772906450.862723,0,01100001,00000000,0.69989014 -0.03375244 -0.072509766 0.70965576,73 52 200
1772906451.562957,10,01100001,00000000,0.057922363 0.6837158 0.727478 0.0013427734,0 0 0
1772906452.798349,20,01100001,00000000,0.041870117 0.46350098 0.8842163 0.038879395,0 0 0
1772906453.902115,30,01100001,00000000,0.016540527 0.12860107 0.9891968 0.06842041,0 0 0
1772906455.248442,40,01100001,00000000,0.010375977 -0.22436523 0.9733887 0.045288086,0 0 0
1772906456.50148,50,01100001,00000000,0.032165527 -0.4981079 0.8654785 0.042297363,0 0 0
1772906457.573132,60,01100001,00000000,-0.013244629 -0.6437378 0.7631836 0.053771973,0 0 0
1772906458.911347,70,01100001,00000000,0.99993896 0.0026245117 0.0032958984 0.004638672,0 0 0
1772906459.675946,80,01110011,00000000,0.99224854 -0.0016479492 -0.001159668 0.1237793,0 0 0
1772906460.015346,90,01110011,00000000,0.96606445 0.007751465 -0.0032348633 0.25793457,6 12 16
1772906460.360899,100,01110011,00000000,0.7461548 -0.0064086914 -0.050720215 -0.6636963,74 26 1
1772906460.691555,110,01110011,00000000,0.18096924 -0.08734131 0.004760742 -0.9795532,171 50 1
1772906461.035971,120,01110011,00000000,0.2265625 0.037963867 -0.03552246 0.9725952,148 77 51
1772906461.371429,130,01110011,00000000,0.7163696 0.047790527 -0.13952637 0.68188477,159 30 87
1772906461.714032,140,01110011,00000000,0.994812 -0.0791626 0.016357422 0.060791016,162 91 64
1772906532.609799,0,01100001,00000000,0.8833618 -0.028198242 -0.15985107 -0.43951416,112 8 30
1772906533.233812,10,01100001,00000000,-0.001159668 0.96447754 0.2640381 0.0072021484,0 0 0
1772906534.106283,20,01100001,00000000,0.005065918 0.9890747 -0.14703369 -0.0052490234,0 0 0
1772906535.320382,30,01100001,00000000,0.9135132 -0.014221191 -0.0119018555 0.40625,0 0 0
1772906535.716144,40,01110011,00000000,0.40740967 -0.018310547 -0.03515625 0.9123535,0 0 0
1772906536.056766,50,01110011,00000000,0.52227783 0.06854248 -0.08013916 0.8461914,9 1 79
1772906536.397254,60,01110011,00000000,0.960022 -0.030029297 -0.11773682 -0.25195312,33 1 92
1772906536.748639,70,01110011,00000000,0.3817749 0.0037231445 0.0010375977 -0.9242554,63 17 32
1772906537.083769,80,01110011,00000000,0.38153076 0.03845215 0.037963867 -0.9227295,68 52 1
1772906537.416671,90,01110011,00000000,0.7576904 0.07635498 -0.013793945 -0.6479492,46 69 1
1772906537.690292,100,01110011,00000000,0.9873657 0.025268555 -0.051574707 0.14764404,37 68 19
1772906538.040431,110,01110011,00000000,0.9992676 0.004272461 -0.025878906 0.025634766,40 63 41
1772906538.379695,120,01110011,00000000,0.9985962 0.01739502 -0.04534912 0.020324707,48 49 51
1772906538.726491,130,01110011,00000000,0.9953613 0.033203125 -0.026977539 -0.08581543,53 49 58
1772906539.071231,140,01110011,00000000,0.9686279 0.02319336 -0.04840088 -0.24230957,54 47 51
1772906539.422559,150,01110011,00000000,0.972229 0.024108887 -0.03289795 -0.23028564,54 42 47
1772906539.696865,160,01110011,00000000,0.9550781 0.021728516 -0.01184082 -0.29534912,54 52 37
1772906540.034148,170,01110011,00000000,0.954834 0.0087890625 -0.032592773 -0.29522705,56 53 30
1772906540.37722,180,01110011,00000000,0.96502686 0.010131836 -0.003479004 -0.26171875,62 58 30
1772906540.725596,190,01110011,00000000,0.9654541 0.007751465 -0.013183594 -0.26000977,63 63 30
1772906541.076255,200,01110011,00000000,0.9906616 -0.03765869 -0.02130127 -0.12866211,73 63 32
1772906541.357437,210,01110011,00000000,0.94055176 0.21710205 -0.0178833 -0.26037598,37 63 39
1772906541.692436,220,01110011,00000000,0.98895264 -0.10803223 0.036499023 -0.094055176,42 64 33
1772906542.044811,230,01110011,00000000,0.60040283 0.039855957 0.14868164 0.78466797,82 122 82
1772906542.391011,240,01110011,00000000,0.5634155 0.16906738 0.09375 -0.80322266,61 152 72
1772906542.724631,250,01110011,00000000,0.92419434 0.049316406 0.024841309 0.37774658,25 137 68
1772906542.926843,0,01110011,00000000,0.1694336 0.06048584 0.026306152 0.9833374,14 147 140
1772906543.267369,10,01110011,00000000,0.0057373047 -0.0048217773 -0.046691895 0.99884033,15 131 188
1772906543.599661,20,01110011,00000000,0.4048462 0.0021362305 -0.09069824 0.90979004,35 75 200
1772906543.943959,30,01110011,00000000,0.91778564 0.008056641 -0.057250977 0.3928833,38 52 198
1772906544.283856,40,01110011,00000000,0.9854126 -0.01373291 -0.03656006 -0.16558838,57 45 167
1772906544.559497,50,01110011,00000000,0.93859863 0.010681152 0.024658203 -0.34387207,65 59 127
1772906544.893238,60,01110011,00000000,0.987854 0.035949707 0.009277344 -0.1505127,60 73 100
1772906545.240113,70,01110011,00000000,0.92041016 0.029296875 0.011779785 0.38964844,55 78 108
1772906545.590074,80,01110011,00000000,0.7609863 0.030090332 -0.008483887 0.6479492,48 78 138
1772906615.853598,0,01100001,00000000,0.78900146 0.007873535 -0.03857422 0.6130371,49 68 165
1772906616.462931,10,01100001,00000000,0.049438477 0.8829346 0.46661377 0.013183594,0 0 0
1772906617.486519,20,01100001,00000000,0.05114746 0.8120117 0.5810547 0.020751953,0 0 0
1772906618.778319,30,01100001,00000000,0.99993896 0 0 0,0 0 0
1772906620.014466,40,01100001,00000000,0.98864746 0.0368042 -0.007446289 0.14556885,0 0 0
1772906621.297337,50,01100001,00000000,0.98443604 0.019592285 -0.0040893555 0.17425537,0 0 0
1772906622.304865,60,01110011,00000000,0.9941406 0.006286621 -0.0060424805 0.10772705,0 0 0
1772906622.655036,70,01110011,00000000,0.9985962 0.008300781 -0.0034179688 0.0513916,3 3 3
1772906622.988676,80,01110011,00000000,0.8227539 -0.058166504 -0.009155273 -0.5652466,51 17 1
1772906623.325877,90,01110011,00000000,0.27624512 -0.07409668 -0.0028076172 -0.9581909,90 35 1
1772906623.663236,100,01110011,00000000,0.3352661 0.035339355 0.025390625 -0.9411011,94 79 1
1772906623.99832,110,01110011,00000000,0.5922241 0.013916016 0.012573242 -0.80548096,91 81 1
1772906624.341243,120,01110011,00000000,0.836853 0.036254883 0.011779785 -0.5460205,83 94 1
1772906624.679418,130,01110011,00000000,0.9246216 -0.04260254 -0.017944336 -0.3779297,90 85 3
1772906624.946511,140,01110011,00000000,0.6744385 -0.050231934 0.027038574 -0.73602295,117 94 1
1772906625.339691,150,01110011,00000000,0.62164307 0.0073242188 0.0012817383 -0.7831421,110 100 1
1772906625.684697,160,01110011,00000000,0.8185425 0.021911621 0.001159668 -0.5739746,95 104 1
1772906625.960649,170,01110011,00000000,0.9515381 0.010986328 0.020507812 -0.30651855,91 105 4
1772906626.307425,180,01110011,00000000,0.71032715 -0.032287598 -0.0076904297 -0.7030029,112 96 1
1772906626.644272,190,01110011,00000000,0.68188477 0.014160156 0.007446289 -0.7312012,111 103 1
1772906626.988133,200,01110011,00000000,0.68792725 0.013549805 0.0040283203 -0.72558594,104 105 1
1772906627.33566,210,01110011,00000000,0.90289307 0.041015625 0.020996094 -0.42736816,92 107 1
1772906627.681455,220,01110011,00000000,0.9141846 -0.041015625 -0.039123535 -0.40112305,94 93 3
1772906627.953386,230,01110011,00000000,0.7476196 -0.044799805 -0.022460938 -0.6621704,114 89 1
1772906628.287066,240,01110011,00000000,0.67596436 0.0009765625 0.047851562 -0.73535156,113 111 1
1772906628.628697,250,01110011,00000000,0.9356079 -0.15301514 0.12957764 -0.29034424,133 103 10
1772906628.834727,0,01110011,00000000,0.60162354 0.020690918 -0.013549805 -0.79833984,64 144 1
1772906629.179236,10,01110011,00000000,0.2647705 -0.030944824 -0.008728027 0.9637451,53 161 10
1772906629.512069,20,01110011,00000000,0.9692383 0.035888672 -0.18792725 -0.15429688,94 86 17
1772906629.843181,30,01110011,00000000,0.80981445 -0.055786133 0.03503418 -0.58288574,152 92 1
1772906630.184191,40,01110011,00000000,0.5072632 -0.032836914 0.005493164 -0.861084,138 109 1
1772906630.525453,50,01110011,00000000,0.45922852 -0.034118652 -0.008666992 -0.8875122,129 99 1
1772906630.855717,60,01110011,00000000,0.5484009 0.031066895 0.04034424 -0.83465576,121 116 1
1772906631.202966,70,01110011,00000000,0.6951294 -0.039367676 -0.052246094 -0.7158203,102 93 1
1772906631.545325,80,01110011,00000000,0.82244873 0.062194824 0.049743652 -0.5631714,88 115 1
1772906631.815367,90,01110011,00000000,0.9401245 0.036987305 -0.032470703 -0.3369751,77 94 4
1772906641.677214,112,01101000,00000000,0.76257324 -0.05078125 -0.024353027 -0.64434814,108 86 1
1772906641.816401,118,01101000,00000000,-0.002746582 -0.005432129 -0.058776855 1.631958,213 -90 -185
1772906642.096765,130,01111011,00000000,-0.002319336 -0.0056762695 -0.058654785 1.9291992,166 7331 754
1772906642.45069,140,01111011,00000000,0.60479736 0.088378906 -0.09448242 0.78570557,58 43 83
1772906642.802767,150,01111011,00000000,0.9998169 0.00579834 0.006164551 0.015930176,46 38 108
1772906643.144748,160,01111011,00000000,0.9993286 0.0052490234 0.006591797 0.036621094,56 50 99
1772906643.479584,170,01111011,00000000,0.99920654 0.006958008 0.007385254 0.038085938,64 60 99
1772906643.823399,180,01111011,00000000,0.9986572 -0.0087890625 0.030456543 0.041015625,73 73 98
1772906644.150222,190,01111011,00000000,0.9970703 -0.024230957 -0.019714355 0.069885254,84 80 97
1772906644.481931,200,01111011,00000000,0.9994507 -0.00970459 0.025878906 0.018249512,82 88 95
1772906644.828813,210,01111011,00000000,0.9916992 -0.055236816 0.004699707 -0.11590576,101 95 85
1772906645.107677,220,01111011,00000000,0.97961426 -0.026428223 0.013366699 -0.19885254,101 98 73
1772906645.444084,230,01111011,00000000,0.98498535 -0.060180664 0.03540039 -0.15777588,117 107 66
1772906645.781055,240,01111011,00000000,0.9887085 -0.014892578 -0.0007324219 -0.14923096,109 104 62
1772906646.122884,250,01111011,00000000,0.989563 -0.06512451 0.044128418 -0.12072754,123 115 60
1772906646.333218,0,01111011,00000000,0.99328613 -0.036865234 -0.0018920898 -0.109558105,120 109 59
1772906646.67417,10,01111011,00000000,0.9686279 0.061950684 0 -0.24060059,96 114 53
1772906647.01459,20,01111011,00000000,0.96466064 -0.11987305 0.055847168 -0.22802734,131 108 41
1772906647.345623,30,01111011,00000000,0.99591064 0.040100098 0.018066406 -0.07885742,109 110 52
1772906788.822905,10,01100001,00000000,0.99261475 -0.030090332 0.026367188 -0.11444092,113 108 49
1772906790.073349,20,01100001,00000000,0.029663086 0.93151855 0.36053467 0.037841797,0 0 0
1772906791.292088,30,01100001,00000000,0.04425049 0.71972656 0.69244385 0.023742676,0 0 0
1772906791.993243,40,01110011,00000000,0.99627686 -0.0009765625 -0.0020751953 0.0859375,0 0 0
1772906792.341331,50,01110011,00000000,0.9984741 0.04095459 -0.03326416 0.01159668,8 8 12
1772906792.607876,60,01110011,00000000,0.73309326 -0.078186035 -0.00390625 -0.67559814,42 17 9
1772906792.943561,70,01110011,00000000,0.53479004 0.00793457 0.024536133 -0.8446045,59 46 1
1772906793.288633,80,01110011,00000000,0.5696411 -0.015258789 0.0052490234 -0.8217163,70 58 1
1772906793.621733,90,01110011,00000000,0.8735962 0.030395508 0.017456055 -0.4854126,71 71 6
1772906793.957345,100,01110011,00000000,0.8500366 -0.024475098 -0.0099487305 -0.526062,80 72 10
1772906794.300193,110,01110011,00000000,0.7211304 -0.03338623 0.025024414 -0.6914673,89 81 7
1772906794.646516,120,01110011,00000000,0.58862305 -0.020690918 0.0134887695 -0.80792236,93 85 1
1772906794.987602,130,01110011,00000000,0.7681885 0.029968262 0.008666992 -0.6394043,89 91 1
1772906795.318255,140,01110011,00000000,0.89086914 -0.04071045 0.020812988 -0.4519043,92 91 11
1772906795.656823,150,01110011,00000000,0.8666992 -0.027954102 0.07519531 -0.49224854,102 101 17
1772906800.584834,170,01111011,00000000,0.18127441 0.09460449 -0.039978027 0.97802734,89 100 16
1772906800.9268,180,01111011,00000000,0.26623535 -0.120666504 -0.0029907227 -0.9562988,91 94 21
1772906801.203594,190,01111011,00000000,0.1505127 0.08392334 -0.11584473 0.9781494,81 81 54
1772906801.544781,200,01111011,00000000,0.2434082 0.07208252 -0.034057617 0.96661377,66 62 102
1772906801.885769,210,01111011,00000000,0.12438965 0.030578613 -0.08886719 0.98773193,54 52 140
1772906802.269239,220,01111011,00000000,0.12701416 0.07476807 -0.06109619 0.9871826,46 39 169
1772906802.535969,230,01111011,00000000,0.11224365 0.044067383 -0.082214355 0.9892578,42 29 189
1772906802.875587,240,01111011,00000000,0.9971924 0.0057373047 0.009399414 0.07354736,48 42 171
1772906803.216858,250,01111011,00000000,0.89971924 0.017150879 0.024658203 0.4352417,54 57 160
1772906803.414637,0,01111011,00000000,0.65301514 0.00970459 0.0065307617 0.7571411,56 66 166
1772906803.769695,10,01111011,00000000,0.66522217 0.014831543 -0.022277832 0.7460327,59 66 167
1772906804.104993,20,01111011,00000000,0.9967041 -0.011230469 0.011047363 -0.078308105,64 71 152
1772906804.433664,30,01111011,00000000,0.9904175 0.015380859 0.023132324 -0.13476562,67 79 131
1772906804.785439,40,01111011,00000000,0.9994507 0.012634277 0.026672363 0.009765625,68 81 118
1772906805.129731,50,01111011,00000000,0.9991455 0.007751465 0.012573242 0.037475586,71 81 108
1772906805.458983,60,01111011,00000000,0.99920654 -0.0008544922 0.0059814453 -0.03753662,71 81 98
1772906805.742774,70,01111011,00000000,0.99798584 0.0068969727 0.0067749023 -0.061584473,72 81 91
1772906806.085917,80,01111011,00000000,0.99993896 0.00018310547 0.0018310547 -0.0044555664,72 81 91
1772906806.431507,90,01111011,00000000,0.9979248 0.0016479492 -0.0040893555 -0.064086914,72 81 90
1772906806.770177,100,01111011,00000000,0.9782715 0.06939697 0.049987793 -0.1887207,67 86 80
1772906807.102223,110,01111011,00000000,0.97436523 -0.11212158 -0.14196777 0.13317871,82 69 78
1772906807.435458,120,01111011,00000000,0.99102783 -0.0053710938 -0.015930176 -0.13238525,68 68 79
1772906807.779645,130,01111011,00000000,0.99658203 0.06970215 0.03741455 0.022583008,70 74 84
1772906808.126972,140,01111011,00000000,0.9992676 -0.036376953 -0.0107421875 0.0012207031,75 70 80
1772906808.407193,150,01111011,00000000,0.99438477 0.01940918 -0.01727295 -0.10223389,73 72 80
1772906808.740272,160,01111011,00000000,0.96698 -0.0592041 -0.21624756 0.120910645,79 50 83
1772906809.083318,170,01111011,00000000,0.62286377 -0.1751709 0.13739014 -0.74993896,93 93 68
1772906809.432591,180,01111011,00000000,0.5202637 0.05255127 -0.17785645 0.8335571,96 83 77
1772906809.768225,190,01111011,00000000,0.9925537 -0.037902832 -0.059020996 0.099609375,102 77 84
1772906810.114306,200,01111011,00000000,0.91241455 -0.0234375 0.0051879883 -0.40844727,102 80 74
1772906810.456351,210,01111011,00000000,0.9579468 0.03668213 0.010681152 -0.2841797,93 85 67
1772906810.733672,220,01111011,00000000,0.9923096 0.027832031 0.02142334 0.11834717,86 86 74
1772906811.125895,230,01111011,00000000,0.91278076 0.029846191 -0.00793457 0.4071045,80 85 89
1772906811.404276,240,01111011,00000000,0.9161377 0.009277344 -0.023925781 0.4000244,80 80 99
1772906811.753277,250,01111011,00000000,0.97631836 0.00793457 -0.02545166 0.21453857,80 79 101
1772906812.293746,10,01111011,00000000,0.99957275 0.0018310547 -0.013305664 0.024963379,80 79 98
1772906812.62367,20,01111011,00000000,0.9993286 0.019470215 0.0028686523 -0.02960205,80 79 91
1772906812.967872,30,01111011,00000000,0.9980469 0.02154541 -0.0021972656 0.057617188,80 79 91
1772906813.311571,40,01111011,00000000,0.98931885 0.024108887 -0.00030517578 0.1437378,79 79 91
1772906813.64903,50,01111011,00000000,0.97210693 0.025024414 -0.006652832 0.23309326,78 79 96
1772906813.984168,60,01111011,00000000,0.96917725 0.018371582 -0.014160156 0.24511719,77 79 96
1772906814.324727,70,01111011,00000000,0.97125244 0.019470215 -0.012512207 0.23669434,77 79 96
1772906814.667835,80,01111011,00000000,0.9729614 0.018066406 -0.012023926 0.22998047,77 79 96
1772906814.941125,90,01111011,00000000,0.9473877 0.116760254 0.14959717 -0.25787354,57 94 88
1772906815.281434,100,01111011,00000000,0.8451538 -0.048095703 0.0748291 0.52697754,76 86 96
1772906815.623924,110,01111011,00000000,0.34875488 -0.08203125 -0.013183594 0.9334717,86 85 127
1772906815.966165,120,01111011,00000000,0.45281982 0.08721924 -0.044189453 0.88616943,73 71 149
1772906816.30573,130,01111011,00000000,0.7480469 0.023620605 -0.048461914 0.66137695,71 64 156
1772906816.637756,140,01111011,00000000,0.956604 0.0006713867 -0.03942871 0.28857422,73 64 146
1772906816.982788,150,01111011,00000000,0.9500122 0.038391113 0.016235352 0.30926514,68 71 137
1772906817.318504,160,01111011,00000000,0.80877686 0.026428223 0.00592041 0.58740234,66 74 141
1772906817.653527,170,01111011,00000000,0.663147 0.032836914 -0.024475098 0.74731445,66 72 151
1772906817.992538,180,01111011,00000000,0.7548828 0.020141602 -0.032226562 0.6546631,65 68 157
1772906818.268231,190,01111011,00000000,0.9782715 0.008361816 -0.046691895 0.20184326,69 62 145
1772906818.610661,200,01111011,00000000,0.9937134 -0.006591797 0.011047363 -0.11102295,74 70 125
1772906818.974103,210,01111011,00000000,0.9619751 0.0095825195 0.002380371 -0.27288818,74 74 105
1772906825.071877,220,01101000,00000000,0.98999023 0.02758789 0.02154541 -0.13647461,74 81 95
1772906825.276441,230,01111011,00000000,0.0015258789 -0.008605957 -0.0592041 1.6385498,166 -109 -178
1772906825.602236,240,01111011,00000000,0.9619751 0.09008789 -0.09814453 -0.23828125,69 68 88
1772906825.945574,250,01111011,00000000,0.12957764 -0.15405273 -0.039611816 -0.97869873,104 70 49
1772906826.143301,0,01111011,00000000,0.45373535 0.0099487305 -0.07330322 0.8880005,95 75 74
1772906826.48688,10,01111011,00000000,0.6977539 0.036132812 -0.11981201 0.70526123,87 64 89
1772906826.823823,20,01111011,00000000,0.9713135 -0.080078125 -0.04498291 0.21911621,95 61 96
1772906827.164002,30,01111011,00000000,0.8284912 -0.061462402 -0.011962891 -0.5564575,106 69 78
1772906827.507591,40,01111011,00000000,0.31677246 -0.0914917 0.014465332 -0.9439697,120 80 43
1772906827.850939,50,01111011,00000000,0.11444092 0.03253174 -0.059143066 0.99108887,116 84 45
1772906828.191462,60,01111011,00000000,0.541687 0.05340576 -0.06402588 0.83636475,97 71 88
1772906828.47028,70,01111011,00000000,0.9433594 -0.012329102 -0.08178711 0.32128906,95 63 100
1772906828.81491,80,01111011,00000000,0.94659424 -0.055236816 -0.02734375 -0.31652832,102 63 88
1772906829.159669,90,01111011,00000000,0.7241821 -0.047973633 0.018432617 -0.6876221,109 71 66
1772906829.49383,100,01111011,00000000,0.5494385 -0.016906738 0.013671875 -0.8352051,110 83 42
1772906829.830757,110,01111011,00000000,0.48754883 -0.020690918 0.0045166016 -0.87280273,110 83 22
1772906830.170896,120,01111011,00000000,0.5444336 -0.008728027 0.023498535 -0.8383789,110 92 9
1772906830.505111,130,01111011,00000000,0.61505127 -0.0010986328 0.009216309 -0.7883911,105 93 1
1772906830.852002,140,01111011,00000000,0.8649292 0.015930176 0.014221191 -0.5013428,97 93 6
1772906831.131891,150,01111011,00000000,0.94537354 0.012878418 0.022583008 -0.32489014,92 94 16
1772906831.532602,160,01111011,00000000,0.99786377 0.013671875 0.017089844 -0.061157227,88 94 31
1772906831.802658,170,01111011,00000000,0.97021484 0.028381348 0.014831543 0.23999023,81 94 51
1772906832.134644,180,01111011,00000000,0.8560791 0.011779785 0.014038086 0.51641846,79 94 73
1772906832.476213,190,01111011,00000000,0.78460693 0.0067749023 -0.022033691 0.61950684,79 88 93
1772906832.821621,200,01111011,00000000,0.80548096 0.010986328 -0.03643799 0.5913696,79 78 110
1772906833.157706,210,01111011,00000000,0.90875244 -0.0009765625 -0.036193848 0.41571045,79 74 116
1772906833.496936,220,01111011,00000000,0.973938 0.003112793 -0.033203125 0.22406006,79 72 116
1772906833.834768,230,01111011,00000000,0.99609375 0.00018310547 -0.0154418945 0.085998535,79 72 107
1772906834.168774,240,01111011,00000000,0.9968262 0.013305664 -0.01727295 0.076416016,79 72 106
1772906834.510485,250,01111011,00000000,0.98669434 0.009399414 -0.008483887 0.16174316,79 72 106
1772906834.713166,0,01111011,00000000,0.96343994 0.014465332 -0.009033203 0.26708984,79 72 106
1772906835.056893,10,01111011,00000000,0.92993164 0.010253906 -0.013244629 0.36730957,79 72 111
1772906835.38718,20,01111011,00000000,0.8721924 0.00982666 -0.014160156 0.48883057,79 72 121
1772906835.718231,30,01111011,00000000,0.85028076 0.007080078 -0.023498535 0.52557373,79 72 131
1772906836.052779,40,01111011,00000000,0.8388672 0.003967285 -0.026977539 0.5435791,79 72 133
1772906836.395064,50,01111011,00000000,0.8364868 0.006713867 -0.02355957 0.5473633,79 72 134
1772906836.666354,60,01111011,00000000,0.8123779 0.0009765625 -0.028747559 0.5823364,79 72 140
1772906837.003507,70,01111011,00000000,0.7891846 0.002746582 -0.027526855 0.61346436,79 72 143
1772906837.337527,80,01111011,00000000,0.7772827 0.002380371 -0.029663086 0.62835693,79 72 146
1772906998.026153,10,01100001,00000000,0.74749756 0.00030517578 -0.030761719 0.6635132,79 72 151
1772906999.2457,20,01100001,00000000,0.04901123 0.9838867 0.17193604 0.0021362305,0 0 0
1772907000.332954,30,01100001,00000000,0.9996338 -0.0030517578 -0.0014038086 0.02520752,0 0 0
1772907001.013951,40,01110011,00000000,0.9980469 0 -0.0045166016 0.06225586,0 0 0
1772907001.290767,50,01110011,00000000,0.97332764 0.054748535 -0.09698486 -0.20031738,13 8 14
1772907001.631014,60,01110011,00000000,0.3361206 -0.10662842 -0.009033203 -0.93573,48 26 11
1772907001.974572,70,01110011,00000000,0.17840576 0.045043945 -0.06915283 0.98046875,56 42 35
1772907002.309224,80,01110011,00000000,0.32263184 -0.013977051 -0.02532959 0.94610596,59 47 72
1772907002.650916,90,01110011,00000000,0.3199463 0.012939453 0.0049438477 0.94732666,64 53 100
1772907002.990131,100,01110011,00000000,0.14227295 0.024963379 -0.017822266 0.98931885,64 56 120
1772907003.323497,110,01110011,00000000,0.062683105 0.0037841797 -0.024719238 0.9977417,64 56 140
1772907003.659788,120,01110011,00000000,0.02557373 -0.027709961 0.029174805 -0.99884033,67 61 138
1772907004.002057,130,01110011,00000000,0.40698242 0.034362793 0.011657715 -0.9127197,72 74 100
1772907004.349905,140,01110011,00000000,0.9242554 0.06628418 0.01184082 -0.3758545,72 81 87
1772907004.672956,150,01110011,00000000,0.9291382 0.0602417 0.03692627 0.36279297,70 88 92
1772907005.019269,160,01110011,00000000,0.7570801 -0.00030517578 -0.0016479492 0.6532593,72 88 102
1772907005.29723,170,01110011,00000000,0.67352295 0.0076904297 -0.041259766 0.73791504,73 80 112
1772907005.631928,180,01110011,00000000,0.8433838 0.028564453 -0.036132812 0.5352173,73 77 116
1772907005.965941,190,01110011,00000000,0.9507446 0.0045166016 -0.04083252 0.30725098,73 77 116
1772907006.308297,200,01110011,00000000,0.9658203 0.026550293 -0.0028686523 0.25769043,73 77 116
1772907006.651188,210,01110011,00000000,0.9398804 0.0335083 -0.0029296875 0.33972168,73 77 116
1772907006.991931,220,01110011,00000000,0.798645 0.01574707 -0.0053100586 0.6015625,73 77 120
1772907007.336249,230,01110011,00000000,0.6824341 0.030212402 -0.0134887695 0.7301636,73 77 130
1772907007.680237,240,01110011,00000000,0.60528564 0.013916016 -0.0368042 0.7949829,73 77 138
1772907008.018784,250,01110011,00000000,0.61950684 0.018371582 -0.027954102 0.78430176,73 77 138
1772907008.217697,0,01110011,00000000,0.64642334 0.023498535 -0.036865234 0.76171875,73 77 138
1772907008.491533,10,01110011,00000000,0.6489868 0.014892578 -0.036499023 0.7597656,73 76 138
1772907008.834999,20,01110011,00000000,0.67211914 0.019348145 -0.03375244 0.73931885,73 76 138
1772907009.171674,30,01110011,00000000,0.70306396 0.020629883 -0.038146973 0.70983887,73 76 138
1772908262.33998,0,01100001,00000000,0.7206421 0.014221191 -0.03881836 0.6920166,73 76 138
1772908262.595543,10,01100001,00000000,0.040222168 0.9989624 0.020874023 0.0018310547,0 0 0
1772908263.838719,20,01100001,00000000,0.05053711 0.9761963 0.21105957 -0.0033569336,0 0 0
1772908265.052935,30,01100001,00000000,0.055908203 0.84710693 0.52838135 0.0068969727,0 0 0
1772908266.275763,40,01100001,00000000,0.967041 -0.015686035 0.022460938 -0.25286865,0 0 0
1772908266.673185,50,01110011,00000000,0.8598633 -0.028869629 0.047912598 -0.5073242,0 0 0
1772908267.017595,60,01110011,00000000,0.6477661 -0.10229492 -0.010986328 -0.7548218,25 16 5
1772908267.362568,70,01110011,00000000,0.32299805 0.11804199 -0.0524292 0.9375,46 38 18
1772908267.691634,80,01110011,00000000,0.93237305 0.046020508 -0.015991211 0.3581543,48 48 43
1772908268.031858,90,01110011,00000000,0.98272705 -0.040649414 -0.0014038086 -0.18048096,62 58 50
1772908268.307827,100,01110011,00000000,0.76782227 -0.09552002 0.07421875 -0.62908936,80 75 45
1772908268.650445,110,01110011,00000000,0.2475586 -0.09423828 0.05895996 -0.9624634,96 89 30
1772908268.983135,120,01110011,00000000,0.3128662 0.1060791 -0.041931152 0.9428711,89 87 48
1772908269.328488,130,01110011,00000000,0.68481445 0.06732178 -0.036315918 0.7246094,76 80 74
1772908269.668624,140,01110011,00000000,0.9505005 0.0034179688 -0.010559082 0.31030273,76 80 84
1772908270.000105,150,01110011,00000000,0.9579468 -0.057861328 0.040222168 -0.2781372,83 87 79
1772908270.332112,160,01110011,00000000,0.70269775 -0.074157715 0.046813965 -0.70599365,93 97 65
1772908270.677987,170,01110011,00000000,0.50177 -0.0713501 0.05731201 -0.8601074,103 103 48
1772908271.019175,180,01110011,00000000,0.4397583 -0.062561035 0.045959473 -0.89471436,106 105 38
1772908271.357393,190,01110011,00000000,0.41278076 -0.056640625 0.048828125 -0.90771484,106 105 28
1772908271.634307,200,01110011,00000000,0.48431396 -0.048095703 0.052734375 -0.87194824,106 105 20
1772908271.978202,210,01110011,00000000,0.58410645 -0.030700684 0.054260254 -0.80926514,106 105 20
1772908272.321288,220,01110011,00000000,0.7207031 -0.016723633 0.066589355 -0.68969727,106 105 20
1772908272.655302,230,01110011,00000000,0.87402344 0.007385254 0.06933594 -0.48077393,100 105 27
1772908273.006433,240,01110011,00000000,0.98101807 0.033325195 0.07244873 -0.17675781,90 105 37
1772908273.342468,250,01110011,00000000,0.98339844 0.05303955 0.07116699 0.15802002,80 105 52
1772908273.54871,0,01110011,00000000,0.85302734 0.062438965 0.052978516 0.5152588,71 105 72
1772908273.891434,10,01110011,00000000,0.7519531 0.0680542 0.033081055 0.65478516,67 105 84
1772908274.225954,20,01110011,00000000,0.63531494 0.06677246 0.010803223 0.76916504,60 101 103
1772908274.508276,30,01110011,00000000,0.6539917 0.0657959 0.004211426 0.7536011,59 96 113
1772908274.924965,40,01110011,00000000,0.7097168 0.06713867 0.0015869141 0.7012329,59 94 123
1772908275.198299,50,01110011,00000000,0.7894287 0.055908203 0.0119018555 0.61102295,59 94 123
1772908275.526378,60,01110011,00000000,0.83709717 0.05419922 0.018127441 0.54400635,59 94 123
1772908275.873969,70,01110011,00000000,0.848999 0.053955078 0.023986816 0.5250244,59 94 123
1772908276.221596,80,01110011,00000000,0.83081055 0.054260254 0.024536133 0.5532837,59 94 123
1772908276.565903,90,01110011,00000000,0.7755127 0.062927246 0.021972656 0.62768555,59 94 123
1772908276.835665,100,01110011,00000000,0.6859741 0.0635376 0.016540527 0.7246704,59 94 131
1772908277.170505,110,01110011,00000000,0.6123657 0.06506348 0.007446289 0.7878418,59 94 138
1772908277.511886,120,01110011,00000000,0.54125977 0.064697266 -0.0024414062 0.8383179,59 93 144
1772908277.853184,130,01110011,00000000,0.49438477 0.066101074 -0.004211426 0.8666992,58 92 148
1772908278.197291,140,01110011,00000000,0.44049072 0.06329346 -0.009277344 0.8954468,58 89 153
1772908278.540352,150,01110011,00000000,0.38024902 0.06817627 -0.012756348 0.9222412,55 85 158
1772908278.879058,160,01110011,00000000,0.33154297 0.062438965 -0.01763916 0.9411621,54 84 162
1772908279.215233,170,01110011,00000000,0.27416992 0.0635376 -0.020080566 0.95928955,54 81 167
1772908279.562361,180,01110011,00000000,0.22729492 0.06591797 -0.02154541 0.9713135,52 79 170
1772908279.834746,190,01110011,00000000,0.13781738 0.057556152 -0.028381348 0.9883423,52 77 178
1772908280.180327,200,01110011,00000000,0.095458984 0.06427002 -0.029907227 0.9928589,51 71 180
1772908280.519544,210,01110011,00000000,0.059020996 0.06225586 -0.037475586 0.99554443,49 69 183
1772908280.866134,220,01110011,00000000,0.013122559 0.05505371 -0.0390625 0.9976196,49 65 187
1772908281.210741,230,01110011,00000000,0.09869385 -0.041259766 0.044799805 -0.9932251,63 76 147
1772908281.54844,240,01110011,00000000,0.66186523 0.035095215 0.041870117 -0.7476196,68 86 112
1772908281.887911,250,01110011,00000000,0.9906616 0.10394287 0.06652832 0.058044434,63 96 104
1772908282.101192,0,01110011,00000000,0.68011475 0.085510254 0.054138184 0.7260742,55 102 113
1772908282.403225,10,01110011,00000000,0.39331055 0.045043945 0.02178955 0.9180298,55 102 125
1772908411.709364,10,01100001,00000000,0.09576416 -0.010864258 0.0413208 -0.9944458,59 97 131
1772908412.947005,20,01100001,00000000,0.029052734 0.76123047 -0.64697266 -0.03326416,0 0 0
1772908413.973422,30,01110011,00000000,0.9998779 -0.0014038086 -0.0037231445 -0.008911133,0 0 0
1772908414.318051,40,01110011,00000000,0.9987793 -0.012939453 -0.008361816 -0.046081543,3 2 2
1772908414.655306,50,01110011,00000000,0.78125 -0.0925293 0.0154418945 -0.6170654,42 17 6
1772908415.000242,60,01110011,00000000,0.1408081 0.053833008 -0.02368164 0.9882202,71 43 10
1772908415.329547,70,01110011,00000000,0.786438 0.0423584 -0.09375 0.6090088,72 38 49
1772908415.656788,80,01110011,00000000,0.9963989 -0.057556152 -0.055236816 -0.027404785,87 43 57
1772908416.004893,90,01110011,00000000,0.7591553 -0.0637207 0.0034179688 -0.64764404,103 58 43
1772908416.350501,100,01110011,00000000,0.22540283 -0.06793213 0.026000977 -0.9714966,119 73 14
1772908416.682297,110,01110011,00000000,0.29571533 0.04144287 -0.053649902 0.9528198,112 78 33
1772908417.020123,120,01110011,00000000,0.7094116 0.020812988 -0.05822754 0.7020874,100 70 69
1772908417.365717,130,01110011,00000000,0.98101807 -0.023864746 -0.054626465 0.1843872,102 64 79
1772908417.638965,140,01110011,00000000,0.9212036 -0.050842285 -0.024841309 -0.38476562,110 66 68
1772908417.971214,150,01110011,00000000,0.74658203 -0.035888672 0.0076293945 -0.6642456,114 75 48
1772908418.304679,160,01110011,00000000,0.6114502 -0.024963379 0.006713867 -0.7908325,114 82 28
1772908418.649589,170,01110011,00000000,0.5648804 -0.021240234 0.0016479492 -0.82489014,114 82 14
1772908418.989973,180,01110011,00000000,0.5887451 -0.0087890625 0.013366699 -0.8081665,113 85 4
1772908419.324879,190,01110011,00000000,0.7402954 0.016784668 0.010986328 -0.67193604,104 89 2
1772908419.668701,200,01110011,00000000,0.90179443 0.009765625 0.008239746 -0.43188477,97 90 12
1772908420.016884,210,01110011,00000000,0.9810791 0.0079956055 0.023254395 -0.19177246,93 93 24
1772908420.347796,220,01110011,00000000,0.9885864 0.018066406 0.016784668 0.1484375,87 93 44
1772908420.677731,230,01110011,00000000,0.85821533 0.01727295 0.023498535 0.5123291,82 93 73
1772908421.017814,240,01110011,00000000,0.7539673 0.00091552734 -0.0037841797 0.6567993,82 92 96
1772908421.357913,250,01110011,00000000,0.7391968 0.009094238 -0.020019531 0.67315674,82 82 115
1772908421.560967,0,01110011,00000000,0.8284302 0.008178711 -0.023071289 0.5595703,82 79 125
1772908421.836745,10,01110011,00000000,0.8748779 -0.002746582 -0.024902344 0.48358154,82 79 126
1772908422.170617,20,01110011,00000000,0.9222412 0.006164551 -0.014404297 0.38616943,82 79 126
1772908422.50835,30,01110011,00000000,0.9495239 0.0029907227 -0.011779785 0.3133545,82 79 126
1772908422.854251,40,01110011,00000000,0.9373779 0.005432129 -0.0073242188 0.34802246,82 79 126
1772908423.195538,50,01110011,00000000,0.9061279 0.013183594 -0.0036621094 0.42260742,82 79 126
1772908423.517374,60,01110011,00000000,0.8310547 0.0068969727 -0.004211426 0.5560303,82 79 134
1772908423.847354,70,01110011,00000000,0.9911499 -0.012023926 0.040283203 0.12542725,80 93 125
1772908424.185688,80,01110011,00000000,0.9927368 0.06713867 -0.08807373 -0.04559326,65 69 111
1772908424.517764,90,01110011,00000000,0.9824219 -0.01977539 -0.014709473 0.18481445,74 70 108
1772908424.863007,100,01110011,00000000,0.91156006 0.017944336 0.012512207 0.41046143,74 74 117
1772908425.208397,110,01110011,00000000,0.8444824 0.01928711 -0.01776123 0.5348511,71 74 127
1772908425.544166,120,01110011,00000000,0.77319336 -0.0115356445 -0.0072021484 0.63397217,74 74 137
1772908425.875335,130,01110011,00000000,0.7261963 0.017150879 -0.029418945 0.68652344,74 69 147
1772908426.219032,140,01110011,00000000,0.71551514 -0.0056762695 -0.02368164 0.6981201,72 69 154
1772908426.561303,150,01110011,00000000,0.7508545 0.010131836 -0.025817871 0.65979004,74 67 154
1772908426.886955,160,01110011,00000000,0.7067871 0.008300781 -0.02520752 0.7069092,74 67 159
1772908427.224884,170,01110011,00000000,0.69055176 -0.006225586 -0.016357422 0.72302246,74 67 160
1772908427.565948,180,01110011,00000000,0.64312744 0.0115356445 -0.036743164 0.7647705,74 65 169
1772908427.838693,190,01110011,00000000,0.6116333 -0.0009765625 -0.03503418 0.79034424,74 65 172
1772908428.184472,200,01110011,00000000,0.58843994 -0.00018310547 -0.046875 0.8071289,74 60 177
1772908428.51953,210,01110011,00000000,0.54467773 0.0006713867 -0.050964355 0.83703613,74 53 182
1772908428.859942,220,01110011,00000000,0.51763916 0.00018310547 -0.049316406 0.854126,74 52 186
1772908429.195855,230,01110011,00000000,0.4683838 -0.0049438477 -0.053466797 0.88183594,74 49 193
1772908429.527122,240,01110011,00000000,0.44036865 -0.0026855469 -0.05029297 0.8963623,74 48 195
1772908429.856708,250,01110011,00000000,0.39605713 -0.010681152 -0.055603027 0.9164429,74 47 200
1772908430.04579,0,01110011,00000000,0.33465576 -0.046875 -0.061767578 0.9390869,82 45 200
1772908430.391261,10,01110011,00000000,0.22839355 -0.07904053 -0.11193848 0.9638672,95 38 200
1772908430.733592,20,01110011,00000000,0.5307617 -0.056884766 0.042419434 -0.8444824,98 38 169
1772908431.072102,30,01110011,00000000,0.9406738 0.110961914 -0.08380127 -0.3093872,69 46 138
1772908431.405001,40,01110011,00000000,0.9857788 0.0791626 0.0064697266 0.14758301,59 61 128
1772908431.74319,50,01110011,00000000,0.78601074 -0.014038086 0.009155273 0.61798096,62 70 135
1772908432.082482,60,01110011,00000000,0.4173584 0.0064697266 -0.009155273 0.9086914,66 69 155
1772908432.41377,70,01110011,00000000,0.053527832 -0.032226562 -0.057250977 0.9963379,75 62 185
1772908432.754851,80,01110011,00000000,0.06439209 -0.00982666 -0.039978027 0.9970093,80 52 200
1772908463.953154,10,01101001,00000000,0.16052246 0.0056762695 -0.057128906 0.9852905,80 43 200
1772908465.251852,20,01101001,00000000,-0.97491455 0 0.036376953 -0.21948242,80 38 200
1772908466.346307,30,01111011,00000000,0.99993896 0.0036621094 0.00048828125 -0.0020751953,80 38 200
1772908466.624947,40,01111011,00000000,0.99993896 -0.0010986328 0.001159668 -0.002380371,80 39 197
1772908466.971893,50,01111011,00000000,0.4229126 -0.15600586 -0.10003662 -0.8869629,113 20 139
1772908467.310476,60,01111011,00000000,0.24475098 0.083862305 -0.05633545 0.9642334,104 48 126
1772908467.646265,70,01111011,00000000,0.5317993 -0.024169922 -0.0345459 0.8457031,97 50 145
1772908467.987476,80,01111011,00000000,0.8432007 0.026611328 -0.007080078 0.53686523,85 51 147
1772908468.328746,90,01111011,00000000,0.83966064 -0.02154541 -0.007751465 0.5425415,86 58 147
1772908468.674283,100,01111011,00000000,0.6903076 0.028137207 0.010498047 0.7227783,76 65 155
1772908469.015786,110,01111011,00000000,0.40118408 -0.02355957 0.012329102 0.91552734,79 73 170
1772908469.358963,120,01111011,00000000,0.034606934 -0.014282227 -0.0030517578 -0.9992676,75 74 185
1772908469.697377,130,01111011,00000000,0.5977173 0.055480957 -0.019348145 -0.7994995,72 83 130
1772908469.967451,140,01111011,00000000,0.9840698 0.08514404 0.06439209 0.14190674,67 97 121
1772908470.304846,150,01111011,00000000,0.8206177 -0.008666992 -0.0076904297 0.57128906,72 100 132
1772908470.645355,160,01111011,00000000,0.99157715 0.010559082 -0.05731201 -0.11480713,84 82 115
1772908470.987041,170,01111011,00000000,0.9505615 -0.010864258 0.029541016 -0.30889893,93 91 94
1772908471.320664,180,01111011,00000000,0.9957886 0.046142578 0.010498047 0.07873535,84 90 92
1772908471.655705,190,01111011,00000000,0.93499756 -0.0024414062 0.013061523 0.35430908,80 91 102
1772908471.989634,200,01111011,00000000,0.9205322 -0.0031738281 -0.0014648438 0.39056396,82 88 111
1772908472.332473,210,01111011,00000000,0.94854736 0.030578613 -0.02935791 0.31347656,78 79 111
1772908472.673907,220,01111011,00000000,0.9783325 -0.023254395 -0.014526367 0.20507812,82 77 111
1772908473.023958,230,01111011,00000000,0.9973755 -0.0029907227 -0.005126953 0.07165527,83 77 106
1772908473.293012,240,01111011,00000000,0.9992676 0.016906738 -0.0045166016 -0.03375244,83 78 96
1772908473.627596,250,01111011,00000000,0.99975586 -0.011230469 0.0064697266 0.01586914,83 78 94
1772908473.829485,0,01111011,00000000,0.98114014 -0.11029053 0.1541748 -0.035583496,97 105 90
1772908474.179494,10,01111011,00000000,0.9708252 0.09423828 -0.085632324 -0.20275879,79 90 84
1772908474.520264,20,01111011,00000000,0.8831787 0.08850098 -0.037719727 -0.4588623,62 72 69
1772908474.860884,30,01111011,00000000,0.9365845 -0.024475098 0.1404419 0.3199463,85 93 83
1772908475.199015,40,01111011,00000000,0.4824829 0.016296387 -0.057861328 0.8737793,80 86 114
1772908475.584747,50,01111011,00000000,0.3937378 0 0.0013427734 0.9191284,80 76 144
1772908475.859226,60,01111011,00000000,0.84381104 0.03503418 -0.03967285 0.5338135,76 70 145
1772908476.195059,70,01111011,00000000,0.9434204 0.0022583008 -0.04949951 0.3277588,76 63 135
1772908476.528827,80,01111011,00000000,0.9975586 -0.04876709 -0.0013427734 0.04888916,85 71 125
1772908476.866799,90,01111011,00000000,0.9758911 0.018310547 -0.014160156 -0.21673584,80 71 105
1772908477.210294,100,01111011,00000000,0.97784424 -0.01159668 0.010314941 -0.2084961,83 74 91
1772908477.553774,110,01111011,00000000,0.9996948 0.012939453 0.020080566 -0.001953125,84 82 90
1772908477.887244,120,01111011,00000000,0.98846436 0.021972656 -0.008056641 0.14929199,80 82 92
1772908478.221539,130,01111011,00000000,0.97320557 -0.001159668 0.0115356445 0.22924805,80 82 96
1772908478.497032,140,01111011,00000000,0.8083496 -0.121398926 -0.08337402 0.56988525,101 67 108
1772908478.848039,150,01111011,00000000,0.5854492 0.20233154 -0.010375977 0.7849121,51 50 130
1772908479.191693,160,01111011,00000000,0.8295288 -0.08459473 -0.021240234 0.5515747,68 71 135
1772908479.530164,170,01111011,00000000,0.99645996 0.05090332 -0.0146484375 0.06365967,65 68 124
1772908479.873337,180,01111011,00000000,0.973938 -0.0021362305 -0.012817383 -0.22613525,67 66 106
1772908480.217418,190,01111011,00000000,0.9904175 -0.0076293945 0.041870117 0.13079834,76 77 104
1772908480.552128,200,01111011,00000000,0.940979 0.064453125 -0.025146484 0.33129883,65 74 109
1772908480.827266,210,01111011,00000000,0.9805908 -0.038635254 0.18737793 0.04144287,64 104 107
1772908481.17694,220,01111011,00000000,0.0037231445 -0.1003418 -0.05078125 0.9935913,68 134 68
1772908481.51932,230,01111011,00000000,0.8594971 -0.1472168 -0.27600098 -0.40405273,153 97 60
1772908481.852981,240,01111011,00000000,0.5745239 -0.15716553 0.12878418 -0.79278564,194 110 37
1772908482.199435,250,01111011,00000000,0.36254883 -0.0005493164 -0.24285889 0.89971924,190 121 24
1772908482.404065,0,01111011,00000000,0.9567261 -0.14648438 -0.12432861 -0.21826172,197 96 35
1772908482.74932,10,01111011,00000000,0.6535034 -0.19494629 -0.078552246 -0.7270508,197 93 34
1772908483.093178,20,01111011,00000000,0.21582031 0.0814209 -0.14782715 0.9616699,187 91 43
1772908483.362952,30,01111011,00000000,0.944458 -0.051635742 -0.17071533 0.27581787,174 71 63
1772908483.707868,40,01111011,00000000,0.7333374 -0.12310791 -0.08630371 -0.66290283,188 63 46
1772908484.050214,50,01111011,00000000,0.117492676 -0.09326172 0.04486084 -0.98760986,197 78 13
1772908484.398448,60,01111011,00000000,0.5151367 0.014587402 -0.09375 0.8517456,166 71 56
1772908484.732552,70,01111011,00000000,0.92700195 -0.027770996 -0.103393555 0.35931396,152 61 75
1772908485.065308,80,01111011,00000000,0.9741821 -0.05731201 -0.07055664 -0.20648193,150 59 70
1772908485.398125,90,01111011,00000000,0.8583374 -0.03503418 -0.020324707 -0.5114746,141 64 60
1772908485.742181,100,01111011,00000000,0.85095215 -0.0008544922 0.020812988 -0.52471924,129 74 50
1772908486.082171,110,01111011,00000000,0.96069336 0.020935059 0.035217285 -0.27435303,116 84 50
1772908486.36167,120,01111011,00000000,0.9793701 0.03387451 0.048095703 0.19293213,104 93 65
1772908486.702587,130,01111011,00000000,0.74676514 0.0154418945 0.036987305 0.66381836,94 98 92
1772908487.043127,140,01111011,00000000,0.42138672 0.016784668 0.010375977 0.9066162,86 97 122
1772908487.372225,150,01111011,00000000,0.16351318 0.016723633 -0.004638672 0.9863281,78 90 152
1772908487.716332,160,01111011,00000000,0.07525635 0.026672363 -0.022277832 0.996521,72 80 179
1772908488.062249,170,01111011,00000000,0.08123779 0.02746582 -0.022277832 0.9960327,62 70 199
1772908488.397133,180,01111011,00000000,0.118652344 0.022644043 -0.018249512 0.99243164,61 68 200
1772908488.733301,190,01111011,00000000,0.008666992 -0.018127441 0.010681152 -0.9996948,60 68 197
1772908489.076857,200,01111011,00000000,0.49993896 0.032287598 0.0024414062 -0.8654175,66 78 135
1772908489.416854,210,01111011,00000000,0.9881592 0.088012695 0.047851562 0.1161499,61 95 125
1772908489.749975,220,01111011,00000000,0.40582275 0.029968262 0.08691406 0.9092407,55 113 150
1772908490.026521,230,01111011,00000000,0.20788574 0.03253174 0.012268066 -0.977478,63 120 144
1772908490.425718,240,01111011,00000000,0.93359375 0.07366943 0.008972168 -0.35040283,58 119 116
1772908490.698507,250,01111011,00000000,0.59661865 0.079956055 0.085998535 0.7937622,52 135 135
1772908490.908492,0,01111011,00000000,0.17541504 0.015808105 -0.028076172 -0.98394775,56 138 143
1772908491.251695,10,01111011,00000000,0.5814209 0.09844971 -0.0021362305 -0.80755615,53 136 118
1772908491.592634,20,01111011,00000000,0.9234009 0.09710693 0.099365234 0.35772705,49 144 118
1772908491.922858,30,01111011,00000000,0.15570068 0.04248047 0.08959961 0.9827881,42 157 152
1772908492.262049,40,01111011,00000000,0.5979004 0.11584473 -0.011657715 -0.79296875,46 150 114
1772908492.604965,50,01111011,00000000,0.9746094 0.08660889 0.089782715 0.18566895,46 149 112
1772908492.940008,60,01111011,00000000,0.6558838 0.056518555 0.051635742 0.7509155,46 148 131
1772908493.283232,70,01111011,00000000,0.113708496 -0.101867676 -0.009887695 0.9881592,59 134 163
1772908493.619153,80,01111011,00000000,0.22149658 0.066101074 0.02368164 0.9725952,52 115 184
1772908493.947226,90,01111011,00000000,0.021118164 0.015014648 -0.093811035 0.99523926,53 93 200
1772908494.292482,100,01111011,00000000,0.21862793 0.03564453 -0.014709473 0.9750366,53 77 200
1772908494.56796,110,01111011,00000000,0.4706421 0.06665039 -0.02142334 0.87945557,48 73 200
1772908494.976,120,01111011,00000000,0.446167 0.011230469 -0.032714844 0.8942261,50 67 200
1772908495.244198,130,01111011,00000000,0.5745239 0.044128418 0.016174316 0.81707764,48 67 199
1772908495.570137,140,01111011,00000000,0.62042236 0.044921875 -0.026916504 0.7824707,48 67 195
1772908495.914021,150,01111011,00000000,0.51220703 0.022583008 -0.006958008 0.8585205,48 67 195
1772908496.253685,160,01111011,00000000,0.5321655 0.048706055 -0.028564453 0.84472656,48 65 195
1772908496.589444,170,01111011,00000000,0.2970581 -0.024780273 -0.09222412 0.9500122,50 55 200
1772908496.931631,180,01111011,00000000,0.6851196 0.0007324219 -0.0138549805 0.7282715,58 58 194
1772908497.283998,190,01111011,00000000,0.77282715 0.080200195 -0.0680542 0.6257324,46 49 184
1772908497.622002,200,01111011,00000000,0.7379761 -0.014465332 -0.0045166016 0.67456055,54 57 182
1772908730.552793,0,01101001,00000000,0.76483154 0.06970215 -0.033935547 0.63946533,51 55 177
1772908731.140778,10,01101001,00000000,0.032836914 0.46295166 0.8848877 0.039245605,0 0 0
1772908732.044976,20,01111011,00000000,0.99993896 0.0012817383 -0.00030517578 0.007019043,0 0 0
1772908732.387271,30,01111011,00000000,0.9989624 0.0076293945 0.0025024414 0.045166016,3 3 3
1772908732.731751,40,01111011,00000000,0.8718872 -0.039245605 0.0032958984 -0.48809814,34 17 11
1772908733.00381,50,01111011,00000000,0.46765137 -0.059814453 -0.01727295 -0.88165283,61 32 1
1772908733.347679,60,01111011,00000000,0.61065674 0.026000977 0.037902832 -0.79052734,72 60 1
1772908733.672343,70,01111011,00000000,0.90075684 -0.010864258 -0.016418457 -0.4338379,72 63 9
1772908734.059865,80,01111011,00000000,0.92785645 -0.0017700195 0.037353516 -0.3710327,77 75 19
1772908734.393793,90,01111011,00000000,0.9526367 0.0012817383 -0.0048828125 -0.30395508,78 75 29
1772908734.668246,100,01111011,00000000,0.97540283 0.0012817383 0.022705078 -0.21929932,80 81 39
1772908735.012742,110,01111011,00000000,0.99072266 0.009765625 0.0013427734 -0.13562012,80 83 49
1772908735.354147,120,01111011,00000000,0.9995117 0.0025024414 0.011291504 -0.027160645,80 83 59
1772908735.69384,130,01111011,00000000,0.9970093 -0.0031738281 0.0067749023 -0.07647705,80 83 64
1772908736.038968,140,01111011,00000000,0.99420166 -0.004272461 -0.00091552734 -0.10772705,80 83 64
1772908736.378061,150,01111011,00000000,0.9779663 -0.0076293945 0.010437012 -0.20855713,80 83 64
1772908736.711664,160,01111011,00000000,0.9771118 -0.0078125 0.0028076172 -0.21246338,80 83 64
1772908737.041295,170,01111011,00000000,0.9686279 -0.003112793 0.0099487305 -0.24816895,80 84 64
1772908737.383474,180,01111011,00000000,0.9710083 -0.004272461 0.009643555 -0.2387085,80 84 64
1772908737.727073,190,01111011,00000000,0.9764404 -0.0024414062 0.012939453 -0.215271,80 84 64
1772908737.998848,200,01111011,00000000,0.9868164 -0.0029296875 0.007751465 -0.16156006,80 84 64
1772908738.335337,210,01111011,00000000,0.98986816 -0.0018920898 0.0138549805 -0.14111328,80 84 64
1772908738.674907,220,01111011,00000000,0.99035645 -0.0064697266 0.008850098 -0.13812256,80 84 64
1772908739.01285,230,01111011,00000000,0.9908447 -0.004699707 0.010925293 -0.13421631,80 84 64
1772908739.348427,240,01111011,00000000,0.9857788 -0.006958008 0.011413574 -0.16741943,80 84 64
1772908739.680631,250,01111011,00000000,0.98651123 -0.008422852 0.010070801 -0.16290283,80 84 64
1772908739.884387,0,01111011,00000000,0.982666 -0.0064086914 0.014221191 -0.18469238,80 84 64
1772908740.227012,10,01111011,00000000,0.98217773 -0.009887695 0.010986328 -0.18743896,80 84 64
1772908740.570403,20,01111011,00000000,0.9864502 -0.00579834 0.014587402 -0.16345215,80 84 64
1772908740.907968,30,01111011,00000000,0.9827881 -0.008666992 0.014404297 -0.18371582,80 84 64
1772908741.241146,40,01111011,00000000,0.9875488 -0.010314941 0.010192871 -0.15637207,80 84 64
1772908741.581955,50,01111011,00000000,0.98309326 0.011352539 0.02154541 -0.18145752,80 86 64
1772908741.926954,60,01111011,00000000,0.979126 -0.030944824 -0.0010375977 -0.20074463,87 88 63
1772908742.264312,70,01111011,00000000,0.9998779 0.012634277 -0.0040283203 0.010559082,83 85 70
1772908742.537837,80,01111011,00000000,0.95562744 -0.030578613 0.03894043 -0.2902832,87 92 63
1772908746.075339,100,01111011,00000000,0.9801636 -0.027648926 -0.012390137 -0.19561768,91 87 62
1772908746.398739,110,01111011,00000000,0.920166 0.033203125 -0.14898682 0.36053467,84 66 81
1772908746.742635,120,01111011,00000000,0.8895874 -0.02532959 0.0041503906 -0.45599365,92 67 68
1772908747.088191,130,01111011,00000000,0.5421753 -0.045654297 -0.0134887695 -0.8388672,104 69 41
1772908747.426038,140,01111011,00000000,0.052368164 -0.07354736 0.114868164 -0.9892578,125 97 6
1772908747.758278,150,01111011,00000000,0.6682129 0.011108398 -0.10028076 0.7369995,111 84 41
1772908748.104216,160,01111011,00000000,0.9898071 0.01751709 -0.10491943 0.09454346,105 66 55
1772908748.439997,170,01111011,00000000,0.87323 -0.051330566 -0.016967773 -0.48425293,114 68 47
1772908748.71639,180,01111011,00000000,0.6251831 -0.0073242188 0.044189453 -0.7791748,114 82 27
1772908749.053787,190,01111011,00000000,0.48388672 0.012634277 0.021118164 -0.87475586,103 93 8
1772908749.395252,200,01111011,00000000,0.6229248 0.033203125 0.014282227 -0.7813721,96 94 1
1772908749.739541,210,01111011,00000000,0.89190674 0.07122803 0.016174316 -0.44628906,83 99 8
1772908750.074193,220,01111011,00000000,0.9979248 0.04296875 0.017578125 0.044311523,77 99 29
1772908750.419627,230,01111011,00000000,0.87091064 0.043762207 -0.008300781 0.48937988,69 94 59
1772908750.759843,240,01111011,00000000,0.7770996 0.013549805 -0.038024902 0.62805176,69 84 86
1772908751.09502,250,01111011,00000000,0.8964844 0.025146484 -0.06298828 0.4378662,69 74 100
1772908751.31167,0,01111011,00000000,0.99487305 0.0072631836 -0.041625977 0.09185791,71 70 98
1772908751.581525,10,01111011,00000000,0.99420166 -0.0012817383 -0.025390625 -0.10455322,74 72 92
1772908751.916967,20,01111011,00000000,0.9373169 0.025390625 -0.0033569336 -0.34747314,74 74 82
1772908752.262734,30,01111011,00000000,0.9277344 0.010009766 0.028564453 -0.37194824,74 83 72
1772908752.602413,40,01111011,00000000,0.975647 0.030395508 0.023925781 -0.21582031,74 88 69
1772908752.936238,50,01111011,00000000,0.99920654 0.026977539 0.024230957 -0.01361084,74 89 72
1772908753.292267,60,01111011,00000000,0.9915161 0.021606445 0.013244629 0.12780762,74 89 82
1772908753.622186,70,01111011,00000000,0.9899292 0.013793945 -0.00018310547 0.14093018,74 89 84
1772908753.958522,80,01111011,00000000,0.9938965 0.009277344 0.004638672 0.109680176,74 89 84
1772908754.297392,90,01111011,00000000,0.99890137 0.005065918 -0.00024414062 0.04675293,74 89 84
1772908754.641752,100,01111011,00000000,0.9996948 0.003112793 0.0040283203 -0.024780273,74 89 84
1772908754.917752,110,01111011,00000000,0.99450684 -0.0014038086 0.0051879883 -0.10443115,74 89 84
1772908755.261738,120,01111011,00000000,0.98846436 -0.00024414062 0.00982666 -0.15100098,74 89 81
1772908755.590943,130,01111011,00000000,0.9920654 -0.015380859 -0.038635254 -0.11853027,78 83 80
1772908755.939649,140,01111011,00000000,0.9435425 -0.018859863 0.021118164 0.33013916,85 75 92
1772908756.279323,150,01111011,00000000,0.975647 0.024902344 0.03161621 -0.21575928,72 80 85
1772908756.613956,160,01111011,00000000,0.9437866 -0.015625 0.044067383 -0.32720947,79 90 75
1772908756.957315,170,01111011,00000000,0.8588257 0.003112793 0.014160156 -0.5120239,77 93 63
1772908757.31094,180,01111011,00000000,0.86883545 -0.010498047 0.010925293 -0.49487305,81 91 53
1772908757.586457,190,01111011,00000000,0.8912964 0.0115356445 0.024597168 -0.45251465,82 93 46
1772908757.916142,200,01111011,00000000,0.61553955 -0.03338623 0.27294922 -0.7385254,88 132 30
1772908758.256963,210,01111011,00000000,0.3453369 -0.0602417 -0.26837158 -0.8972168,85 84 8
1772908758.600632,220,01111011,00000000,0.42071533 0.085998535 0.10925293 -0.8964844,104 88 1
1772908758.95189,230,01111011,00000000,0.9729004 0.05041504 0.031555176 -0.22320557,86 97 15
1772908759.286493,240,01111011,00000000,0.767395 0.05218506 0.08514404 0.63323975,87 112 53
1772908759.627749,250,01111011,00000000,0.19140625 -0.016052246 -0.031066895 0.980896,85 104 102
1772908759.830144,0,01111011,00000000,0.22088623 0.051696777 0.009887695 0.97387695,77 93 139
1772908760.173903,10,01111011,00000000,0.33374023 0.06542969 -0.035217285 0.93969727,71 87 152
1772908760.449167,20,01111011,00000000,0.6149292 0.024536133 -0.06726074 0.78533936,68 74 162
1772908760.79119,30,01111011,00000000,0.9744873 -0.026916504 -0.039916992 0.21936035,75 73 148
1772908761.125957,40,01111011,00000000,0.9519043 -0.032104492 -0.0032958984 -0.30444336,85 77 120
1772908761.467369,50,01111011,00000000,0.8040161 -0.035583496 0.02319336 -0.5930786,94 86 90
1772908761.810899,60,01111011,00000000,0.80682373 0.007507324 0.026489258 -0.5901489,93 94 69
1772908762.148737,70,01111011,00000000,0.9234009 0.00592041 0.023864746 -0.3829956,92 94 61
1772908762.494312,80,01111011,00000000,0.99420166 0.02508545 0.028808594 -0.1003418,85 95 64
1772908762.840231,90,01111011,00000000,0.99786377 0.0067749023 0.018554688 0.062561035,83 92 74
1772908763.120304,100,01111011,00000000,0.9996338 -0.0025634766 0.00390625 0.024658203,83 92 75
1772908763.455889,110,01111011,00000000,0.9946289 -0.008911133 0.005004883 -0.10290527,83 92 75
1772908763.798912,120,01111011,00000000,0.96398926 -0.024597168 0.0146484375 -0.26452637,88 92 68
1772908860.132378,0,01100001,00000000,0.9302368 -0.019104004 0.016540527 -0.36608887,89 92 58
1772908860.480612,10,01100001,00000000,0.04711914 0.9840088 0.17181396 0.0048217773,0 0 0
1772908861.464188,20,01100001,00000000,0.055480957 0.97991943 0.19165039 0.00079345703,0 0 0
1772908862.55979,30,01100001,00000000,0.99993896 0 0 0,0 0 0
1772908863.775572,40,01100001,00000000,0.9996948 0.0014648438 -0.005554199 -0.020080566,0 0 0
1772908865.133169,50,01100001,00000000,0.99993896 0.0043945312 -0.0016479492 0.00036621094,0 0 0
1772908866.339786,60,01100001,00000000,0.98913574 0.0034179688 0.008728027 0.14654541,0 0 0
1772908867.315787,70,01100010,00000000,0.99871826 0.03942871 0.0036621094 -0.029846191,0 0 0
1772908867.854723,80,01100010,00000000,0.99523926 0.060302734 -0.0014038086 0.076538086,7 7 7
1772908868.397097,90,01100010,00000000,0.99383545 0.043884277 0.042663574 0.09136963,27 27 27
1772908868.942983,100,01100010,00000000,0.9957886 -0.0017700195 -0.0079956055 0.0904541,41 41 41
1772908869.41945,110,01100010,00000000,0.99005127 -0.00024414062 0.003540039 0.14031982,51 51 51
1772908869.966571,120,01100010,00000000,0.9996338 -0.0021972656 -0.02154541 0.013977051,61 61 61
1772908870.486611,130,01100010,00000000,0.9682007 -0.008728027 -0.012817383 -0.24969482,67 67 67
1772908870.832664,140,01110011,00000000,0.8875122 -0.011474609 0.015136719 -0.4602661,67 67 67
1772908871.171934,150,01110011,00000000,0.84680176 -0.009155273 0.020751953 -0.53131104,76 76 56
1772908871.516502,160,01110011,00000000,0.8912964 0.008605957 0.027648926 -0.45239258,76 84 50
1772908871.858212,170,01110011,00000000,0.947937 0.008666992 0.023742676 -0.31726074,76 87 50
1772908872.13211,180,01110011,00000000,0.9810791 0.0134887695 0.027648926 -0.19073486,76 91 53
1772908872.533241,190,01110011,00000000,0.9975586 0.015136719 0.020324707 -0.064697266,76 91 63
1772908872.816031,200,01110011,00000000,0.9976196 0.006713867 0.011230469 -0.066223145,76 91 63
1772908873.161001,210,01110011,00000000,0.9972534 0.01361084 0.016845703 -0.069885254,76 91 63
1772908873.487274,220,01110011,00000000,0.9946289 -0.0037841797 0.015014648 -0.10211182,78 91 63
1772908873.835308,230,01110011,00000000,0.99432373 -0.016174316 0.014038086 -0.103759766,82 91 63
1772908874.179663,240,01110011,00000000,0.96569824 0.15454102 -0.07324219 -0.19500732,69 91 69
1772908874.521195,250,01110011,00000000,0.7875366 0.074035645 0.042114258 -0.6102905,57 87 46
1772908874.724788,0,01110011,00000000,0.9857178 0.026977539 0.041015625 0.16070557,64 80 65
1772908875.061131,10,01110011,00000000,0.9727783 0.1003418 0.023864746 0.20721436,52 80 71
1772908875.388799,20,01110011,00000000,0.9171753 -0.03527832 0.040771484 0.39471436,72 88 88
1772908875.718406,30,01110011,00000000,0.9644165 0.057006836 -0.013366699 0.25750732,64 78 93
1772908876.056521,40,01110011,00000000,0.9715576 -0.038391113 0.022094727 0.23223877,76 84 97
1772908876.3939,50,01110011,00000000,0.9991455 0.028930664 -0.0087890625 -0.026672363,72 80 90
1772908876.669369,60,01110011,00000000,0.9953003 -0.01953125 0.019714355 -0.09246826,82 85 84
1772908877.011672,70,01110011,00000000,0.99243164 0.021911621 0.004211426 -0.12023926,77 86 80
1772908877.351745,80,01110011,00000000,0.97094727 -0.010986328 -0.13476562 0.19696045,74 57 89
1772908877.680786,90,01110011,00000000,0.84484863 -0.16259766 0.16143799 -0.48327637,87 113 69
1772908878.024891,100,01110011,00000000,0.07836914 -0.059326172 0.023132324 -0.99487305,109 109 22
1772908878.369141,110,01110011,00000000,0.13720703 0.03729248 -0.09106445 0.9855957,91 83 69
1772908878.716517,120,01110011,00000000,0.8706665 0.019470215 -0.07116699 0.48620605,87 76 83
1772908879.060606,130,01110011,00000000,0.9605713 -0.029907227 -0.018493652 -0.27563477,95 75 67
1772908879.396583,140,01110011,00000000,0.91607666 -0.0029296875 0.04144287 -0.3986206,98 87 57
1772908879.667326,150,01110011,00000000,0.8131714 -0.021606445 0.007080078 -0.58148193,95 88 42
1772908880.008986,160,01110011,00000000,0.88165283 0.020446777 0.04901123 -0.46875,92 97 41
1772908880.340396,170,01110011,00000000,0.9244995 -0.00024414062 0.014770508 -0.3807373,92 95 41
1772908880.682932,180,01110011,00000000,0.9928589 0.046813965 0.04711914 -0.09832764,84 102 51
1772908881.026551,190,01110011,00000000,0.9835205 0.0099487305 0.024353027 0.17858887,83 102 65
1772908881.36888,200,01110011,00000000,0.9102173 0.04937744 0.013671875 0.4107666,74 99 85
1772908881.714012,210,01110011,00000000,0.8674927 0.003479004 -0.0061035156 0.49725342,75 95 101
1772908882.060284,220,01110011,00000000,0.89801025 0.03149414 -0.016723633 0.43841553,70 87 111
1772908882.336283,230,01110011,00000000,0.914978 -0.002746582 -0.012634277 0.40319824,73 84 114
1772908882.679383,240,01110011,00000000,0.93566895 0.026794434 -0.018066406 0.35125732,70 80 114
1772908883.024967,250,01110011,00000000,0.9161377 0.0020141602 -0.0067749023 0.40063477,70 80 119
1772908883.232702,0,01110011,00000000,0.890625 0.025146484 -0.017822266 0.45361328,70 75 125
1772908883.558506,10,01110011,00000000,0.87298584 0.019958496 -0.020446777 0.4868164,70 75 129
1772908883.905913,20,01110011,00000000,0.85198975 0.009521484 -0.014160156 0.5230713,70 74 133
1772908884.244613,30,01110011,00000000,0.82562256 0.015625 -0.031921387 0.5630493,70 70 140
1772908884.58493,40,01110011,00000000,0.8067627 0.00793457 -0.024719238 0.590271,70 70 142
1772908884.931288,50,01110011,00000000,0.77685547 0.014282227 -0.029174805 0.6287842,70 67 148
1772908885.273027,60,01110011,00000000,0.75164795 0.0056762695 -0.03515625 0.65844727,72 65 153
1772908885.537339,70,01110011,00000000,0.73413086 0.0045166016 -0.035461426 0.6779785,72 65 155
1772908885.872443,80,01110011,00000000,0.7122803 0.009155273 -0.035949707 0.70080566,72 63 159
1772908886.215882,90,01110011,00000000,0.6765137 -0.0009765625 -0.05303955 0.73443604,72 58 166
1772908886.557387,100,01110011,00000000,0.66290283 0.00079345703 -0.056640625 0.746521,72 56 166
1772908886.958821,110,01110011,00000000,0.6226196 -0.0033569336 -0.06762695 0.77948,72 47 173
1772908887.233801,120,01110011,00000000,0.61535645 0.0005493164 -0.06506348 0.7854614,72 44 174
1772908887.578319,130,01110011,00000000,0.6000366 -0.0045776367 -0.07147217 0.7966919,72 41 176
1772908887.921263,140,01110011,00000000,0.56140137 -0.0064697266 -0.0657959 0.8248291,72 41 180
1772908888.203246,150,01110011,00000000,0.53637695 -0.00579834 -0.070373535 0.8410034,72 39 185
1772908888.609521,160,01110011,00000000,0.5140991 -0.007080078 -0.06732178 0.85498047,72 37 186
1772908888.876202,170,01110011,00000000,0.48883057 -0.010314941 -0.07354736 0.86920166,72 34 191
1772908889.22033,180,01110011,00000000,0.4694214 -0.010437012 -0.0690918 0.88012695,72 31 192
1772908889.553975,190,01110011,00000000,0.4451294 0.006591797 -0.07373047 0.89227295,73 25 197
1772908889.903573,200,01110011,00000000,0.45220947 -0.0211792 -0.0647583 0.8892822,76 25 199
1772908890.246007,210,01110011,00000000,0.5883789 0.022277832 -0.08685303 0.80352783,75 21 197
1772908890.579216,220,01110011,00000000,0.7835083 0.0029296875 -0.0715332 0.6171875,75 24 187
1772908890.918138,230,01110011,00000000,0.8410034 0.0435791 -0.059692383 0.5358887,70 27 177
1772908891.263172,240,01110011,00000000,0.80163574 -0.00048828125 -0.06121826 0.59454346,70 32 172
1772908891.544779,250,01110011,00000000,0.6914673 0.021240234 -0.06097412 0.7194214,70 30 173
1772908891.753394,0,01110011,00000000,0.5284424 -0.023925781 -0.067871094 0.84588623,72 31 183
1772908892.098563,10,01110011,00000000,0.49951172 -0.020507812 -0.059692383 0.86395264,75 30 188
1772908892.432058,20,01110011,00000000,0.428833 0.0012207031 -0.074035645 0.90026855,75 24 198
1772908892.779811,30,01110011,00000000,0.45098877 -0.012390137 -0.06677246 0.88983154,80 21 199
1772908893.124404,40,01110011,00000000,0.60113525 0.027709961 -0.111083984 0.7908325,80 15 196
1772908893.456736,50,01110011,00000000,0.815979 0.0038452148 -0.10668945 0.5680542,82 17 185
1772908893.731676,60,01110011,00000000,0.9248047 0.02166748 -0.06866455 0.37347412,78 25 167
1772908894.078481,70,01110011,00000000,0.880188 0.026367188 -0.05822754 0.47009277,71 30 160
1772908894.4253,80,01110011,00000000,0.73443604 0.004638672 -0.05218506 0.6765747,71 35 164
1772908894.763063,90,01110011,00000000,0.52453613 -0.008361816 -0.064331055 0.8488159,72 35 174
1772908895.097448,100,01110011,00000000,0.37982178 -0.014343262 -0.061401367 0.92285156,76 35 184
1772908895.436699,110,01110011,00000000,0.27648926 -0.023498535 -0.05987549 0.95880127,80 31 194
1772908895.780219,120,01110011,00000000,0.26715088 -0.026184082 -0.07067871 0.9606323,84 27 204
1772908896.115453,130,01110011,00000000,0.34527588 -0.011108398 -0.07720947 0.93518066,86 22 208
1772908896.46013,140,01110011,00000000,0.4541626 0.005065918 -0.070007324 0.8880615,85 18 208
1772908896.737693,150,01110011,00000000,0.48321533 -0.027526855 -0.09857178 0.86938477,88 19 208
1772908897.086715,160,01110011,00000000,0.6357422 0.053771973 -0.057739258 0.76776123,78 17 202
1772908897.419621,170,01110011,00000000,0.5673218 -0.017456055 -0.095214844 0.817688,80 17 200
1772908897.756964,180,01110011,00000000,0.6553955 0.019897461 -0.07171631 0.7515259,76 19 194
1772908898.10038,190,01110011,00000000,0.54315186 -0.047302246 -0.15447998 0.8239136,81 17 197
1772908898.440952,200,01110011,00000000,0.94122314 0.070251465 -0.012512207 0.33013916,60 28 177
1772908898.782361,210,01110011,00000000,0.91986084 0.011474609 -0.121154785 0.37261963,54 15 163
1772908899.12863,220,01110011,00000000,0.878479 0.027709961 -0.028503418 0.47595215,59 32 159
1772908899.40732,230,01110011,00000000,0.7507324 0.012634277 -0.084350586 0.6550293,56 30 163
1772908907.417833,0,01101001,00000000,0.67822266 0.024475098 -0.054748535 0.73236084,59 30 169
1772908908.160641,10,01101001,00000000,0.9748535 0.007507324 0.02178955 -0.22143555,64 25 173
1772908909.38613,20,01101001,00000000,0.97576904 0.005004883 0.016052246 -0.21813965,64 25 173
1772908910.480703,30,01101001,00000000,0.9916992 -0.0041503906 -0.00079345703 -0.1281128,64 25 173
1772908911.832392,40,01101001,00000000,0.989563 -0.007446289 0.0075683594 -0.14343262,64 25 173
1772908913.079255,50,01101001,00000000,0.99871826 -0.0071411133 -0.0016479492 -0.049438477,64 25 173
1772908914.287019,60,01101001,00000000,0.9725342 -0.0026245117 -0.0037841797 0.23254395,64 25 173
1772908915.497538,70,01101001,00000000,0.7614746 -0.0007324219 -0.042114258 0.6467285,64 25 173
1772908916.7307,80,01101001,00000000,0.6824341 0.011657715 -0.08300781 0.7260742,64 25 173
1772908917.949819,90,01101001,00000000,0.90527344 -0.00030517578 -0.0579834 0.42077637,64 25 173
1772908919.171577,100,01101001,00000000,0.9987793 0.009887695 -0.028869629 -0.037719727,64 25 173
1772908920.406101,110,01101001,00000000,0.9981079 -0.008666992 -0.015319824 0.057556152,64 25 173
1772908921.48853,120,01101001,00000000,0.9998169 0.00079345703 -0.0154418945 0.009460449,64 25 173
1772908922.839885,130,01101001,00000000,0.9996338 0.006652832 0.0014648438 0.024475098,64 25 173
1772908923.747765,140,01101010,00000000,0.9998169 -0.007507324 0.00982666 0.01184082,64 25 173
1772908924.292455,150,01101010,00000000,0.9375 0.06677246 -0.08868408 -0.32965088,67 33 162
1772908924.774595,160,01101010,00000000,-0.75823975 -0.030456543 0.06274414 -0.64819336,67 44 142
1772908925.308034,170,01101010,00000000,-0.9573364 -0.005493164 -0.01928711 -0.28814697,67 54 127
1772908925.841148,180,01101010,00000000,-0.9836426 0.0087890625 -0.001159668 -0.17962646,67 64 117
1772908926.455099,190,01101010,00000000,-0.8359375 -0.015197754 -0.0037841797 -0.5484619,67 67 107
1772908926.85823,200,01101010,00000000,-0.26361084 0.026977539 -0.0018920898 -0.96417236,67 67 100
1772908927.470613,210,01101010,00000000,0.7398071 0.03918457 0.008728027 -0.6715088,67 67 100
1772908927.941,220,01101010,00000000,0.9938965 0.011413574 0.0021972656 -0.109313965,67 67 100
1772908928.439758,230,01101010,00000000,0.9852295 0.011230469 -0.0076904297 0.17053223,67 67 100
1772908928.841654,240,01111011,00000000,0.9380493 0.00018310547 -0.0015869141 0.34631348,67 67 100
1772908929.172141,250,01111011,00000000,0.91308594 0.013549805 -0.014221191 0.40722656,68 66 110
1772908929.378699,0,01111011,00000000,0.94018555 -0.002380371 -0.02154541 0.33972168,74 67 111
1772908929.709905,10,01111011,00000000,0.9639282 0.00793457 -0.022766113 0.2649536,74 67 111
1772908930.052838,20,01111011,00000000,0.9906006 -0.0037841797 -0.028442383 0.13305664,76 67 108
1772908930.394536,30,01111011,00000000,0.99823 -0.0025634766 -0.008422852 0.05847168,79 67 102
1772908930.669619,40,01111011,00000000,0.99975586 0.0056762695 -0.016601562 0.0076904297,79 67 97
1772908931.002177,50,01111011,00000000,0.998291 0.0018310547 -0.0065307617 0.057739258,80 72 97
1772908931.344637,60,01111011,00000000,0.998291 0.0065307617 -0.016418457 0.054260254,80 72 97
1772908931.684299,70,01111011,00000000,0.97943115 -0.12371826 0.067871094 0.14398193,100 87 97
1772908932.015312,80,01111011,00000000,0.9569092 0.17108154 -0.0881958 -0.21704102,65 73 88
1772908932.352639,90,01111011,00000000,0.92749023 0.010192871 -0.03668213 -0.37176514,67 59 73
1772908932.697948,100,01111011,00000000,0.96240234 0.057128906 0.039733887 0.26226807,66 72 90
1772908933.042934,110,01111011,00000000,0.8356323 -0.01940918 -0.019714355 0.5484009,72 74 107
1772908933.372619,120,01111011,00000000,0.8016968 0.02368164 -0.008178711 0.59710693,73 72 121
1772908933.708661,130,01111011,00000000,0.8498535 0.0015869141 -0.046142578 0.5248413,73 67 128
1772908934.047817,140,01111011,00000000,0.9238281 -0.0044555664 -0.021118164 0.38201904,77 67 127
1772908934.383161,150,01111011,00000000,0.99212646 0.011230469 -0.039916992 0.11785889,75 64 117
1772908934.727041,160,01111011,00000000,0.99017334 -0.009887695 -0.008117676 0.13879395,80 68 113
1772908935.001036,170,01111011,00000000,0.9986572 0.013427734 -0.026184082 0.041809082,77 68 105
1772908935.336821,180,01111011,00000000,0.9890137 0.0004272461 -0.007873535 0.14764404,77 71 105
1772908935.671368,190,01111011,00000000,0.9741821 0.088256836 -0.1116333 0.17474365,67 52 105
1772908936.014518,200,01111011,00000000,0.97631836 -0.10015869 0.085632324 0.17120361,72 78 106
1772908936.359367,210,01111011,00000000,0.85162354 -0.08605957 -0.07086182 -0.51208496,90 79 78
1772908936.701961,220,01111011,00000000,0.53448486 -0.0491333 0.043029785 -0.84259033,108 93 46
1772908937.036059,230,01111011,00000000,0.25012207 -0.005554199 0.021484375 -0.9678955,105 105 15
1772908937.379323,240,01111011,00000000,0.012207031 -0.0335083 0.028198242 -0.9989624,112 106 1
1772908937.720629,250,01111011,00000000,0.1864624 0.04107666 0.012817383 -0.9814453,100 116 1
1772908937.924318,0,01111011,00000000,0.6743164 0.057373047 0.026977539 -0.73565674,92 114 4
1772908938.263585,10,01111011,00000000,0.810791 0.03149414 0.0037231445 -0.5843506,88 108 7
1772908938.529589,20,01111011,00000000,0.74957275 -0.018615723 0.005859375 -0.66156006,93 103 6
1772908938.928776,30,01111011,00000000,0.6375122 0.011352539 0.03112793 -0.7696533,92 109 1
1772908939.213536,40,01111011,00000000,0.7058716 0.020751953 0.014160156 -0.7078247,87 108 2
1772908939.545558,50,01111011,00000000,0.7211304 0.005126953 0.018676758 -0.69244385,85 105 3
1772908939.863564,60,01111011,00000000,0.69696045 0.002746582 0.026184082 -0.71661377,87 106 3
1772908940.250394,70,01111011,00000000,0.6906738 0.021972656 0.02545166 -0.72229004,84 109 1
1772908940.584387,80,01111011,00000000,0.81359863 0.022277832 0.019348145 -0.5805664,81 106 6
1772908940.924656,90,01111011,00000000,0.81066895 0.008544922 0.024475098 -0.5848999,81 105 6
1772908941.25578,100,01111011,00000000,0.79382324 0.009887695 0.020324707 -0.607605,81 104 6
1772908941.595996,110,01111011,00000000,0.8066406 0.008239746 0.028869629 -0.5901489,81 104 6
1772908941.866532,120,01111011,00000000,0.8120117 0.011352539 0.02557373 -0.5828247,81 104 6
1772908942.207069,130,01111011,00000000,0.8390503 0.015258789 0.0256958 -0.5432129,81 104 6
1772908942.53364,140,01111011,00000000,0.8554077 0.01184082 0.025878906 -0.51708984,81 104 9
1772908942.922256,150,01111011,00000000,0.8864746 0.024169922 0.026855469 -0.46118164,81 104 16
1772908943.261325,160,01111011,00000000,0.8619385 0.067993164 0.019592285 -0.5019531,72 105 16
1772908943.528422,170,01111011,00000000,0.8530884 -0.14074707 -0.0065307617 -0.50231934,88 90 16
1772908943.863362,180,01111011,00000000,0.86761475 0.11584473 -0.07501221 0.47753906,68 68 56
1772908944.211148,190,01111011,00000000,0.7329712 0.05316162 0.023803711 0.67767334,46 77 90
1772908944.563434,200,01111011,00000000,0.85284424 -0.008422852 -0.082458496 0.51538086,66 64 100
1772908944.89719,210,01111011,00000000,0.9961548 0.015136719 0.029052734 0.08105469,61 72 96
1772908945.234301,220,01111011,00000000,0.9746704 0.010009766 -0.044921875 -0.2185669,66 64 83
1772908945.566565,230,01111011,00000000,0.9250488 -0.0029296875 0.06549072 -0.37402344,74 83 73
1772908945.911221,240,01111011,00000000,0.9105835 0.023254395 -0.014221191 -0.41229248,71 81 63
1772908946.24418,250,01111011,00000000,0.94311523 0.016723633 0.04815674 -0.3283081,75 92 59
1772908946.450682,0,01111011,00000000,0.9819946 0.031311035 0.010681152 -0.18585205,71 92 60
1772908946.785701,10,01111011,00000000,0.99798584 0.029296875 0.0013427734 -0.055786133,70 90 66
1772908947.127057,20,01111011,00000000,0.9987793 0.019226074 0.026123047 -0.034973145,74 91 70
1772908947.401006,30,01111011,00000000,0.9996948 0.020019531 -0.0072021484 0.00079345703,74 88 73
1772908947.744479,40,01111011,00000000,0.9986572 0.0056762695 0.023742676 -0.044006348,76 91 73
1772908948.079951,50,01111011,00000000,0.99853516 0.015014648 -0.011230469 -0.050598145,76 85 73
1772908948.425925,60,01111011,00000000,0.9970703 0.068481445 -0.0029296875 0.033325195,58 78 75
1772908948.771391,70,01111011,00000000,0.98498535 -0.12786865 0.115478516 -0.009399414,108 106 73
1772908949.102817,80,01111011,00000000,0.8811035 0.060302734 -0.1538086 0.44299316,64 57 95
1772908949.446354,90,01111011,00000000,0.9664917 -0.15631104 0.053771973 -0.19622803,90 94 81
1772908949.788311,100,01111011,00000000,0.3359375 -0.011474609 0.056884766 -0.94000244,98 101 39
1772908950.062942,110,01111011,00000000,0.18487549 -0.13305664 0.021240234 -0.9733887,120 98 6
1772908950.404742,120,01111011,00000000,0.29730225 -0.010131836 -0.10620117 0.94873047,128 101 31
1772908950.734438,130,01111011,00000000,0.77264404 0.077697754 -0.0072631836 0.62994385,96 84 62
1772908951.062184,140,01111011,00000000,0.91296387 -0.017456055 -0.07080078 0.40124512,104 73 77
1772908951.409576,150,01111011,00000000,0.98846436 -0.043884277 0.026000977 -0.14227295,103 84 72
1772908951.737799,160,01111011,00000000,0.82751465 -0.015380859 -0.024719238 -0.5606079,101 82 52
1772908952.073566,170,01111011,00000000,0.7702637 -0.034423828 0.0602417 -0.63397217,109 94 39
1772908952.421471,180,01111011,00000000,0.7620239 0.0018920898 -0.010925293 -0.64733887,99 93 29
1772908952.753355,190,01111011,00000000,0.83465576 -0.010559082 0.056640625 -0.54766846,102 100 26
1772908953.092711,200,01111011,00000000,0.9310913 0.02331543 0.008605957 -0.36383057,91 99 32
1772908953.428227,210,01111011,00000000,0.9963379 0.020935059 0.050598145 -0.064819336,88 103 45
1772908953.771585,220,01111011,00000000,0.97039795 0.03540039 0.01727295 0.23809814,79 101 65
1772908954.115875,230,01111011,00000000,0.8613281 0.024291992 0.025634766 0.5067749,75 100 88
1772908954.461314,240,01111011,00000000,0.84680176 0.021606445 -0.015930176 0.53118896,74 91 104
1772908954.73202,250,01111011,00000000,0.8555908 0.016235352 -0.00579834 0.51727295,74 88 114
1772908954.933339,0,01111011,00000000,0.90771484 0.014282227 -0.023986816 0.41851807,74 80 115
1772908955.278007,10,01111011,00000000,0.91082764 0.014953613 -0.015563965 0.41210938,74 80 117
1772908955.613991,20,01111011,00000000,0.9259033 0.0015869141 -0.0056762695 0.37750244,75 80 117
1772908955.948952,30,01111011,00000000,0.90075684 0.03552246 -0.023742676 0.43206787,70 74 123
1772908956.290009,40,01111011,00000000,0.8903198 0.01739502 0.0012207031 0.45495605,70 76 124
