FksB data obtained with FksB support program @2026/03/07 0035 00index,flag1,flag2,ori,mp ( Big-Endian )1772811308.213283,0,01100001,00000000,1 0 0 0,0 0 0
1772811308.826288,10,01100001,00000000,0.0446167 0.83966064 0.54125977 -0.005493164,0 0 0
1772811309.894128,20,01100001,00000000,0.0256958 0.8373413 0.5455322 -0.023925781,0 0 0
1772811311.152898,30,01100001,00000000,0.09136963 0.8788452 0.46643066 0.04071045,0 0 0
1772811312.366215,40,01100001,00000000,0.053955078 0.920166 0.3876953 0.0065307617,0 0 0
1772811313.622559,50,01100001,00000000,0.07446289 0.9221802 0.37854004 0.02734375,0 0 0
1772811314.817872,60,01100001,00000000,0.11785889 0.94592285 0.302063 -0.009887695,0 0 0
1772811316.011289,70,01100001,00000000,0.068359375 0.91290283 0.40167236 0.024658203,0 0 0
1772811317.254315,80,01100001,00000000,-0.056518555 0.9241333 0.3657837 0.09503174,0 0 0
1772811318.484797,90,01100001,00000000,-0.046875 0.930603 0.34924316 0.09899902,0 0 0
1772811319.719076,100,01100001,00000000,-0.04864502 0.930542 0.34942627 0.0982666,0 0 0
1772811320.935728,110,01100001,00000000,-0.05303955 0.9300537 0.34924316 0.10107422,0 0 0
1772811322.193402,120,01100001,00000000,-0.05303955 0.9300537 0.34924316 0.10107422,0 0 0
1772811323.268554,130,01100001,00000000,-0.05303955 0.9300537 0.34924316 0.10107422,0 0 0
1772811324.527468,140,01100001,00000000,-0.05303955 0.9300537 0.34924316 0.10107422,0 0 0
1772811325.996081,150,01100001,00000000,-0.05303955 0.9300537 0.34924316 0.10107422,0 0 0
1772811327.074747,160,01100001,00000000,-0.05303955 0.9300537 0.34924316 0.10107422,0 0 0
1772811328.206936,170,01100001,00000000,-0.05303955 0.9300537 0.34924316 0.10107422,0 0 0
1772811329.534203,180,01100001,00000000,-0.05303955 0.9300537 0.34924316 0.10107422,0 0 0
1772811330.640409,190,01100001,00000000,-0.05303955 0.9300537 0.34924316 0.10107422,0 0 0
1772811332.02008,200,01100001,00000000,-0.05303955 0.9300537 0.34924316 0.10107422,0 0 0
1772811333.253,210,01100001,00000000,-0.05303955 0.9300537 0.34924316 0.10107422,0 0 0
1772811334.455605,220,01100001,00000000,-0.05303955 0.9300537 0.34924316 0.10107422,0 0 0
1772811335.656392,230,01100001,00000000,-0.05303955 0.9300537 0.34924316 0.10107422,0 0 0
1772811336.91464,240,01100001,00000000,-0.05303955 0.9300537 0.34924316 0.10107422,0 0 0
1772811338.112943,250,01100001,00000000,-0.05303955 0.9300537 0.34924316 0.10107422,0 0 0
1772811338.866729,0,01100001,00000000,-0.05303955 0.9300537 0.34924316 0.10107422,0 0 0
1772811340.090569,10,01100001,00000000,-0.05303955 0.9300537 0.34924316 0.10107422,0 0 0
1772811341.322388,20,01100001,00000000,-0.05303955 0.9300537 0.34924316 0.10107422,0 0 0
1772811342.413469,30,01100001,00000000,-0.05303955 0.9300537 0.34924316 0.10107422,0 0 0
1772811343.796904,40,01100001,00000000,-0.05303955 0.9300537 0.34924316 0.10107422,0 0 0
1772811344.895178,50,01100001,00000000,-0.05303955 0.9300537 0.34924316 0.10107422,0 0 0
1772811346.22134,60,01100001,00000000,-0.05303955 0.9300537 0.34924316 0.10107422,0 0 0
1772811347.444104,70,01100001,00000000,-0.052612305 0.9301758 0.3493042 0.099975586,0 0 0
1772811348.71815,80,01100001,00000000,-0.052612305 0.9301758 0.3493042 0.099975586,0 0 0
1772811349.918955,90,01100001,00000000,-0.052612305 0.9301758 0.3493042 0.09991455,0 0 0
1772811351.136816,100,01100001,00000000,-0.052612305 0.9301758 0.3493042 0.09991455,0 0 0
1772811352.365094,110,01100001,00000000,-0.05230713 0.9304199 0.3496704 0.09649658,0 0 0
1772811353.583507,120,01100001,00000000,-0.053100586 0.9303589 0.3496704 0.09686279,0 0 0
1772811354.73226,130,01100001,00000000,-0.053100586 0.9303589 0.3496704 0.09686279,0 0 0
1772811356.066215,140,01100001,00000000,-0.053100586 0.9303589 0.3496704 0.09686279,0 0 0
1772811357.300492,150,01100001,00000000,-0.053100586 0.9303589 0.3496704 0.09686279,0 0 0
1772811358.511928,160,01100001,00000000,-0.052734375 0.9303589 0.3496704 0.09698486,0 0 0
1772811359.734425,170,01100001,00000000,-0.052612305 0.9303589 0.3496704 0.09674072,0 0 0
1772811360.951914,180,01100001,00000000,-0.05267334 0.9303589 0.3496704 0.09680176,0 0 0
1772811362.176565,190,01100001,00000000,-0.05255127 0.9304199 0.3496704 0.09643555,0 0 0
1772811363.451037,200,01100001,00000000,-0.05206299 0.930542 0.34973145 0.09515381,0 0 0
1772811364.773748,210,01100001,00000000,-0.05206299 0.930542 0.34973145 0.095214844,0 0 0
1772811365.916851,220,01100001,00000000,-0.05206299 0.930542 0.34973145 0.095214844,0 0 0
1772811367.129301,230,01100001,00000000,-0.052001953 0.930542 0.34973145 0.095214844,0 0 0
1772811368.300703,240,01100001,00000000,-0.052001953 0.930542 0.34973145 0.095214844,0 0 0
1772811369.536065,250,01100001,00000000,-0.052001953 0.930542 0.34973145 0.095214844,0 0 0
1772811370.140263,0,01100001,00000000,-0.052001953 0.930542 0.34973145 0.095214844,0 0 0
1772811371.53359,10,01100001,00000000,-0.052001953 0.930542 0.34973145 0.09515381,0 0 0
1772811372.733392,20,01100001,00000000,-0.052124023 0.930542 0.34973145 0.09539795,0 0 0
1772811373.865993,30,01100001,00000000,-0.052124023 0.930542 0.34973145 0.09539795,0 0 0
1772811392.286164,0,01100001,00000000,-0.052124023 0.930542 0.34973145 0.09539795,0 0 0
1772811393.295688,10,01100001,00000000,0.09942627 -0.14117432 -0.98498535 6.1035156E-05,0 0 0
1772811394.457546,20,01100001,00000000,0.09942627 -0.14117432 -0.98498535 6.1035156E-05,0 0 0
1772811395.714644,30,01100001,00000000,0.10015869 -0.14111328 -0.9849243 0.00012207031,0 0 0
1772811396.914031,40,01100001,00000000,0.097839355 -0.13964844 -0.98535156 0.00091552734,0 0 0
1772811397.990662,50,01100001,00000000,0.01373291 0.1293335 -0.98553467 -0.1083374,0 0 0
1772811399.370907,60,01100001,00000000,-0.03668213 0.20800781 -0.97717285 0.023864746,0 0 0
1772811400.443978,70,01100010,00000000,-0.026184082 0.20788574 -0.9777832 0.0026245117,0 0 0
1772811400.885123,80,01100010,00000000,-0.008300781 0.19561768 -0.9780884 -0.07098389,4 4 4
1772811401.455438,90,01100010,00000000,-0.020202637 0.09326172 -0.994751 -0.036743164,38 38 38
1772811401.903229,100,01100010,00000000,-0.048583984 0.016662598 -0.9985962 0.012451172,63 63 63
1772811402.46965,110,01100010,00000000,-0.01763916 -0.19995117 -0.970459 -0.13366699,83 83 83
1772811403.033768,120,01100010,00000000,0.030212402 -0.16748047 -0.9852905 -0.013671875,94 94 94
1772811403.477345,130,01100010,00000000,0.008239746 -0.14013672 -0.9897461 -0.026550293,104 104 104
1772811404.043449,140,01100010,00000000,-0.008972168 0.0602417 -0.9970093 -0.046936035,114 114 114
1772811404.485989,150,01100010,00000000,0.005065918 0.13543701 -0.9879761 -0.07434082,117 117 117
1772811405.059547,160,01100010,00000000,0.008911133 0.1348877 -0.9883423 -0.06964111,117 117 117
1772811405.562843,170,01100010,00000000,-0.003967285 0.14971924 -0.9867554 -0.06274414,117 117 117
1772811406.128521,180,01100010,00000000,-0.022766113 0.07397461 -0.9622803 -0.26086426,117 117 117
1772811406.632976,190,01100010,00000000,-0.003967285 0.07525635 -0.9932251 -0.088134766,117 117 117
1772811407.139072,200,01100010,00000000,-0.00579834 0.07946777 -0.993042 -0.08666992,117 117 117
1772811407.689683,210,01100010,00000000,-0.008422852 0.07550049 -0.9935913 -0.083618164,117 117 117
1772811408.145481,220,01100010,00000000,-0.013183594 0.076660156 -0.99450684 -0.07019043,117 117 117
1772811408.730405,230,01100010,00000000,0.0368042 0.1317749 -0.9769287 -0.16412354,117 117 117
1772811409.188282,240,01100010,00000000,-0.0038452148 0.07904053 -0.9864502 -0.14379883,117 117 117
1772811409.705223,250,01100010,00000000,-0.004638672 0.09094238 -0.99383545 -0.062927246,117 117 117
1772811410.027193,0,01100010,00000000,-0.009643555 0.087646484 -0.9945679 -0.055480957,117 117 117
1772811410.547479,10,01100010,00000000,-0.008728027 0.08605957 -0.994751 -0.055114746,117 117 117
1772811411.073484,20,01100010,00000000,0.09423828 0.064697266 -0.9749756 -0.1906128,117 117 117
1772811411.599679,30,01100010,00000000,-0.0119018555 0.08917236 -0.9957886 0.016357422,117 117 117
1772811412.122909,40,01100010,00000000,0.065979004 0.09967041 -0.9555664 -0.26940918,117 117 117
1772811412.602409,50,01100010,00000000,-0.03314209 0.117126465 -0.98931885 -0.080444336,117 117 117
1772811413.148493,60,01100010,00000000,0.064453125 0.08459473 -0.9612427 -0.25445557,117 117 117
1772811413.623464,70,01100010,00000000,-0.041992188 0.14190674 -0.97857666 -0.14300537,117 117 117
1772811414.179448,80,01100010,00000000,0 0.13555908 -0.9746094 -0.17816162,117 117 117
1772811414.712704,90,01100010,00000000,0.09503174 0.12939453 -0.94940186 -0.26983643,117 117 117
1772811415.177146,100,01100010,00000000,-0.10510254 0.26470947 -0.95458984 -0.08734131,117 117 117
1772811415.712262,110,01100010,00000000,0.033447266 0.20806885 -0.94610596 -0.24597168,117 117 117
1772811416.273519,120,01100010,00000000,0.013671875 0.17437744 -0.96533203 -0.19366455,117 117 117
1772811416.727806,130,01100010,00000000,0.019348145 -0.17529297 -0.98272705 -0.05633545,117 117 117
1772811417.245212,140,01100010,00000000,0.027832031 -0.26593018 -0.9622803 -0.0501709,117 117 117
1772811417.761542,150,01100010,00000000,0.011230469 -0.26672363 -0.9619751 -0.0579834,117 117 117
1772811418.282924,160,01100010,00000000,-0.0020751953 -0.26623535 -0.9625244 -0.051208496,117 117 117
1772811418.808699,170,01100010,00000000,-0.006286621 -0.26605225 -0.9627075 -0.0491333,117 117 117
1772811419.293649,180,01100010,00000000,-0.008300781 -0.26593018 -0.96276855 -0.048095703,117 117 117
1772811419.868989,190,01100010,00000000,-0.008300781 -0.26593018 -0.96276855 -0.048095703,117 117 117
1772811420.336188,200,01100010,00000000,-0.008300781 -0.26593018 -0.96276855 -0.048095703,117 117 117
1772811420.842036,210,01100010,00000000,-0.008300781 -0.26593018 -0.96276855 -0.048095703,117 117 117
1772811421.407919,220,01100010,00000000,-0.008300781 -0.26593018 -0.96276855 -0.048095703,117 117 117
1772811421.914837,230,01100010,00000000,-0.008300781 -0.26593018 -0.96276855 -0.048095703,117 117 117
1772811422.422978,240,01100010,00000000,-0.008300781 -0.26593018 -0.96276855 -0.048095703,117 117 117
1772811422.929749,250,01100010,00000000,-0.008300781 -0.26593018 -0.96276855 -0.048095703,117 117 117
1772811423.247407,0,01100010,00000000,-0.008300781 -0.26593018 -0.96276855 -0.048095703,117 117 117
1772811423.758952,10,01100010,00000000,-0.008300781 -0.26593018 -0.96276855 -0.048095703,117 117 117
1772811424.331091,20,01100010,00000000,-0.008300781 -0.26593018 -0.96276855 -0.048095703,117 117 117
1772811424.78097,30,01100010,00000000,-0.008300781 -0.26593018 -0.96276855 -0.048095703,117 117 117
1772811425.308486,40,01100010,00000000,-0.008300781 -0.26593018 -0.96276855 -0.048095703,117 117 117
1772811425.881863,50,01100010,00000000,-0.008300781 -0.26593018 -0.96276855 -0.048095703,117 117 117
1772811426.394724,60,01100010,00000000,-0.008300781 -0.26593018 -0.96276855 -0.048095703,117 117 117
1772811426.866682,70,01100010,00000000,-0.008300781 -0.26593018 -0.96276855 -0.048095703,117 117 117
1772811427.42721,80,01100010,00000000,-0.008300781 -0.26593018 -0.96276855 -0.048095703,117 117 117
1772811427.902796,90,01100010,00000000,-0.008300781 -0.26593018 -0.96276855 -0.048095703,117 117 117
1772811428.43128,100,01100010,00000000,-0.008300781 -0.26593018 -0.96276855 -0.048095703,117 117 117
1772811428.962361,110,01100010,00000000,-0.008300781 -0.26593018 -0.96276855 -0.048095703,117 117 117
1772811429.392607,120,01100010,00000000,-0.008300781 -0.26593018 -0.96276855 -0.048095703,117 117 117
1772811430.007249,130,01100010,00000000,-0.008300781 -0.26593018 -0.96276855 -0.048095703,117 117 117
1772811430.484003,140,01100010,00000000,-0.008300781 -0.26593018 -0.96276855 -0.048095703,117 117 117
1772811431.032248,150,01100010,00000000,-0.008300781 -0.26593018 -0.96276855 -0.048095703,117 117 117
1772811431.616146,160,01100010,00000000,-0.008300781 -0.26593018 -0.96276855 -0.048095703,117 117 117
1772811432.060458,170,01100010,00000000,-0.008300781 -0.26593018 -0.96276855 -0.048095703,117 117 117
1772811432.566358,180,01100010,00000000,-0.008300781 -0.26593018 -0.96276855 -0.048095703,117 117 117
1772811433.069699,190,01100010,00000000,-0.008300781 -0.26593018 -0.96276855 -0.048095703,117 117 117
1772811433.57628,200,01100010,00000000,-0.008300781 -0.26593018 -0.96276855 -0.048095703,117 117 117
1772811434.147289,210,01100010,00000000,-0.008300781 -0.26593018 -0.96276855 -0.048095703,117 117 117
1772811434.650744,220,01100010,00000000,-0.008300781 -0.26593018 -0.96276855 -0.048095703,117 117 117
1772811435.158217,230,01100010,00000000,-0.008300781 -0.26593018 -0.96276855 -0.048095703,117 117 117
1772811435.65924,240,01100010,00000000,-0.018859863 -0.27062988 -0.95739746 -0.09906006,117 117 117
1772811436.165242,250,01100010,00000000,-0.071777344 -0.00030517578 -0.996521 -0.04168701,117 117 117
1772811436.481936,0,01100010,00000000,0.042297363 0.14648438 -0.9256592 -0.34631348,117 117 117
1772811436.991411,10,01100010,00000000,-0.046875 0.15576172 -0.9755249 -0.14807129,117 117 117
1772811437.563086,20,01100010,00000000,0.05407715 0.1373291 -0.9378662 -0.31402588,117 117 117
1772811438.070441,30,01100010,00000000,0.009521484 0.18560791 -0.96398926 -0.19024658,117 117 117
1772811438.582749,40,01100010,00000000,0.06890869 0.18225098 -0.9109497 -0.36358643,117 117 117
1772811439.09037,50,01100010,00000000,-0.12579346 0.30895996 -0.91467285 -0.22827148,117 117 117
1772811439.590462,60,01100010,00000000,0.026184082 0.26098633 -0.9095459 -0.32244873,117 117 117
1772811440.037074,70,01100010,00000000,0.039733887 0.24206543 -0.92559814 -0.288208,117 117 117
1772811440.6652,80,01100010,00000000,0.08660889 0.1887207 -0.9262085 -0.31469727,117 117 117
1772811441.1687,90,01100010,00000000,0.019348145 0.20666504 -0.9239502 -0.32128906,117 117 117
1772811441.671011,100,01100010,00000000,0.05596924 0.23443604 -0.91796875 -0.31500244,117 117 117
1772811442.186006,110,01100010,00000000,0.05810547 0.2276001 -0.9262085 -0.29486084,117 117 117
1772811442.674888,120,01100010,00000000,0.061828613 0.22619629 -0.93096924 -0.2798462,117 117 117
1772811443.235016,130,01100010,00000000,0.064208984 0.22564697 -0.93200684 -0.27630615,117 117 117
1772811443.772883,140,01100010,00000000,0.047912598 0.23461914 -0.89398193 -0.37878418,117 117 117
1772811444.265846,150,01100010,00000000,0.13500977 0.22357178 -0.87249756 -0.41296387,117 117 117
1772811444.74148,160,01100010,00000000,0.087524414 0.21685791 -0.9246216 -0.30065918,117 117 117
1772811445.306672,170,01100010,00000000,-0.0063476562 0.0040893555 -0.9996948 0.023986816,117 117 117
1772811445.783251,180,01100010,00000000,0.013671875 -0.19055176 -0.9815674 0.0063476562,117 117 117
1772811446.33314,190,01100010,00000000,-0.017089844 -0.29223633 -0.9534302 -0.07232666,117 117 117
1772811446.854094,200,01100010,00000000,-0.022338867 -0.28918457 -0.95111084 -0.10614014,117 117 117
1772811447.34192,210,01100010,00000000,-0.03753662 -0.28814697 -0.9468384 -0.13812256,117 117 117
1772811447.849278,220,01100010,00000000,-0.043518066 -0.28912354 -0.94366455 -0.15496826,117 117 117
1772811448.416077,230,01100010,00000000,-0.045715332 -0.28875732 -0.9435425 -0.15563965,117 117 117
1772811448.942686,240,01100010,00000000,-0.04663086 -0.28857422 -0.9437256 -0.15466309,117 117 117
1772811449.422241,250,01100010,00000000,-0.047912598 -0.28833008 -0.9434204 -0.15661621,117 117 117
1772811449.766644,0,01100010,00000000,-0.048583984 -0.288208 -0.9434204 -0.15679932,117 117 117
1772811450.234785,10,01100010,00000000,-0.04876709 -0.28814697 -0.9433594 -0.15686035,117 117 117
1772811450.78615,20,01100010,00000000,-0.04876709 -0.28814697 -0.9433594 -0.15686035,117 117 117
1772811451.283798,30,01100010,00000000,-0.04876709 -0.28814697 -0.9433594 -0.15686035,117 117 117
1772811451.790283,40,01100010,00000000,-0.04876709 -0.28814697 -0.9433594 -0.15686035,117 117 117
1772811452.307156,50,01100010,00000000,-0.04876709 -0.28814697 -0.9433594 -0.15686035,117 117 117
1772811452.872583,60,01100010,00000000,-0.04876709 -0.28814697 -0.9433594 -0.15686035,117 117 117
1772811453.348476,70,01100010,00000000,-0.04876709 -0.28814697 -0.9433594 -0.15686035,117 117 117
1772811453.955557,80,01100010,00000000,-0.04876709 -0.28814697 -0.9433594 -0.15686035,117 117 117
1772811454.882157,100,01100010,00000000,-0.04876709 -0.28814697 -0.9433594 -0.15686035,117 117 117
1772811455.39635,110,01100010,00000000,-0.04876709 -0.28814697 -0.9433594 -0.15686035,117 117 117
1772811455.972325,120,01100010,00000000,-0.04876709 -0.28814697 -0.9433594 -0.15686035,117 117 117
1772811456.413128,130,01100010,00000000,-0.04876709 -0.28814697 -0.9433594 -0.15686035,117 117 117
1772811456.989896,140,01100010,00000000,-0.04876709 -0.28814697 -0.9433594 -0.15686035,117 117 117
1772811457.495865,150,01100010,00000000,-0.04876709 -0.28814697 -0.9433594 -0.15686035,117 117 117
1772811457.945363,160,01100010,00000000,-0.04876709 -0.28814697 -0.9433594 -0.15686035,117 117 117
1772811458.461489,170,01100010,00000000,-0.04876709 -0.28814697 -0.9433594 -0.15686035,117 117 117
1772811458.967117,180,01100010,00000000,-0.04876709 -0.28814697 -0.9433594 -0.15686035,117 117 117
1772811459.533867,190,01100010,00000000,-0.04876709 -0.28814697 -0.9433594 -0.15686035,117 117 117
1772811460.104205,200,01100010,00000000,-0.04876709 -0.28814697 -0.9433594 -0.15686035,117 117 117
1772811460.620477,210,01100010,00000000,-0.04876709 -0.28814697 -0.9433594 -0.15686035,117 117 117
1772811461.136879,220,01100010,00000000,-0.04876709 -0.28814697 -0.9433594 -0.15686035,117 117 117
1772811461.646304,230,01100010,00000000,-0.04876709 -0.28814697 -0.9433594 -0.15686035,117 117 117
1772811462.15141,240,01100010,00000000,-0.04876709 -0.28814697 -0.9433594 -0.15686035,117 117 117
1772811462.657032,250,01100010,00000000,-0.04876709 -0.28814697 -0.9433594 -0.15686035,117 117 117
1772811462.970798,0,01100010,00000000,-0.04876709 -0.28814697 -0.9433594 -0.15686035,117 117 117
1772811463.48054,10,01100010,00000000,-0.04876709 -0.28814697 -0.9433594 -0.15686035,117 117 117
1772811463.986023,20,01100010,00000000,-0.04876709 -0.28814697 -0.9433594 -0.15686035,117 117 117
1772811464.551931,30,01100010,00000000,-0.04876709 -0.28814697 -0.9433594 -0.15686035,117 117 117
1772811465.063228,40,01100010,00000000,-0.04876709 -0.28814697 -0.9433594 -0.15686035,117 117 117
1772811465.565925,50,01100010,00000000,-0.04876709 -0.28814697 -0.9433594 -0.15686035,117 117 117
1772811466.071108,60,01100010,00000000,-0.04876709 -0.28814697 -0.9433594 -0.15686035,117 117 117
1772811466.581227,70,01100010,00000000,-0.04876709 -0.28814697 -0.9433594 -0.15686035,117 117 117
1772811467.085229,80,01100010,00000000,-0.04876709 -0.28814697 -0.9433594 -0.15686035,117 117 117
1772811467.654891,90,01100010,00000000,-0.04876709 -0.28814697 -0.9433594 -0.15686035,117 117 117
1772811468.164797,100,01100010,00000000,-0.04876709 -0.28814697 -0.9433594 -0.15686035,117 117 117
1772811468.67208,110,01100010,00000000,-0.04876709 -0.28814697 -0.9433594 -0.15686035,117 117 117
1772811469.123645,120,01100010,00000000,-0.04876709 -0.28814697 -0.9433594 -0.15686035,117 117 117
1772811469.691281,130,01100010,00000000,-0.04876709 -0.28814697 -0.9433594 -0.15686035,117 117 117
1772811470.205034,140,01100010,00000000,-0.04876709 -0.28814697 -0.9433594 -0.15686035,117 117 117
1772811470.648632,150,01100010,00000000,-0.04876709 -0.28814697 -0.9433594 -0.15686035,117 117 117
1772811471.222032,160,01100010,00000000,-0.04876709 -0.28814697 -0.9433594 -0.15686035,117 117 117
1772811471.788565,170,01100010,00000000,-0.04876709 -0.28814697 -0.9433594 -0.15686035,117 117 117
1772811472.299348,180,01100010,00000000,-0.04876709 -0.28814697 -0.9433594 -0.15686035,117 117 117
1772811472.811643,190,01100010,00000000,-0.04876709 -0.28814697 -0.9433594 -0.15686035,117 117 117
1772811473.324083,200,01100010,00000000,-0.04876709 -0.28814697 -0.9433594 -0.15686035,117 117 117
1772811473.781195,210,01100010,00000000,-0.04876709 -0.28814697 -0.9433594 -0.15686035,117 117 117
1772811474.345477,220,01100010,00000000,-0.068115234 -0.29187012 -0.9442749 -0.13598633,117 117 117
1772811474.837403,230,01100010,00000000,-0.03503418 -0.3741455 -0.9146118 -0.14910889,117 117 117
1772811475.334258,240,01100010,00000000,0.011352539 -0.49987793 -0.864624 -0.049072266,117 117 117
1772811475.89786,250,01100010,00000000,-0.018371582 -0.5883179 -0.80804443 0.025390625,117 117 117
1772811476.243454,0,01100010,00000000,-0.11328125 -0.58947754 -0.7991333 0.03173828,117 117 117
1772811476.738099,10,01100010,00000000,0.06384277 -0.6204834 -0.78149414 0.010864258,117 117 117
1772811477.166123,20,01100010,00000000,-0.059753418 -0.604187 -0.79364014 0.03942871,117 117 117
1772811477.796499,30,01100010,00000000,0.052246094 -0.5772705 -0.81469727 -0.017150879,117 117 117
1772811478.28011,40,01100010,00000000,0.025390625 -0.55822754 -0.8283081 -0.04071045,117 117 117
1772811478.773931,50,01100010,00000000,0.012512207 -0.53234863 -0.84576416 -0.03375244,117 117 117
1772811479.30636,60,01100010,00000000,-0.0045166016 -0.5369873 -0.84313965 -0.027282715,117 117 117
1772811479.862452,70,01100010,00000000,-0.040405273 -0.52685547 -0.848999 -0.0031738281,117 117 117
1772811480.280186,80,01100010,00000000,-0.03491211 -0.53656006 -0.8430786 -0.01171875,117 117 117
1772811480.843863,90,01100010,00000000,-0.030944824 -0.5506592 -0.83343506 0.035095215,117 117 117
1772811481.354463,100,01100010,00000000,-0.26153564 -0.5109253 -0.8078613 0.13372803,117 117 117
1772811481.916678,110,01100010,00000000,-0.0059814453 -0.5397339 -0.84161377 0.018920898,117 117 117
1772811482.431598,120,01100010,00000000,-0.03930664 -0.55651855 -0.82977295 0.015197754,117 117 117
1772811482.927779,130,01100010,00000000,-0.23919678 -0.6003418 -0.75616455 0.10266113,117 117 117
1772811483.431881,140,01100010,00000000,0.022766113 -0.60095215 -0.79888916 -0.009521484,117 117 117
1772811483.993135,150,01100010,00000000,0.008056641 -0.6087036 -0.79333496 -0.005859375,117 117 117
1772811484.47667,160,01100010,00000000,-0.3746338 -0.600708 -0.6782837 0.19689941,117 117 117
1772811485.03198,170,01100010,00000000,0.02911377 -0.5283203 -0.84576416 0.068481445,117 117 117
1772811485.483054,180,01100010,00000000,-0.3164673 -0.54418945 -0.77233887 0.08465576,117 117 117
1772811485.96841,190,01100010,00000000,-0.058776855 -0.53149414 -0.83496094 0.13024902,117 117 117
1772811486.578918,200,01100010,00000000,-0.46087646 -0.5266113 -0.71429443 -0.004638672,117 117 117
1772811487.061471,210,01100010,00000000,-0.21276855 -0.51568604 -0.8255005 -0.08581543,117 117 117
1772811487.609025,220,01100010,00000000,-0.16168213 -0.56707764 -0.78912354 -0.1720581,117 117 117
1772811488.151709,230,01100010,00000000,-0.1605835 -0.53253174 -0.81695557 -0.15216064,117 117 117
1772811488.590887,240,01100010,00000000,-0.15942383 -0.53411865 -0.82025146 -0.12854004,117 117 117
1772811489.17097,250,01100010,00000000,-0.16326904 -0.53234863 -0.8208008 -0.12756348,117 117 117
1772811489.437413,0,01100010,00000000,-0.16644287 -0.5339966 -0.81921387 -0.12640381,117 117 117
1772811489.96623,10,01100010,00000000,-0.16802979 -0.53411865 -0.8189697 -0.12530518,117 117 117
1772811490.47663,20,01100010,00000000,-0.18475342 -0.5623169 -0.80249023 -0.07550049,117 117 117
1772811490.987669,30,01100010,00000000,-0.11218262 -0.58795166 -0.7993164 -0.053466797,117 117 117
1772811491.503086,40,01100010,00000000,-0.1439209 -0.5541992 -0.81689453 -0.06970215,117 117 117
1772811492.069864,50,01100010,00000000,-0.16821289 -0.5567627 -0.8119507 -0.0501709,117 117 117
1772811492.511014,60,01100010,00000000,0.0032348633 -0.6199341 -0.76641846 0.16802979,117 117 117
1772811493.014482,70,01100010,00000000,-0.12878418 -0.56573486 -0.81207275 -0.062683105,117 117 117
1772811493.581481,80,01100010,00000000,-0.13519287 -0.5576782 -0.81884766 -0.012390137,117 117 117
1772811494.151739,90,01100010,00000000,-0.10601807 -0.53582764 -0.8374634 -0.016845703,117 117 117
1772811494.666329,100,01100010,00000000,0.0076904297 -0.45159912 -0.8914795 0.0357666,117 117 117
1772811495.107425,110,01100010,00000000,-0.035949707 -0.4368286 -0.8986206 0.020019531,117 117 117
1772811495.684941,120,01100010,00000000,-0.040222168 -0.4364624 -0.8988037 0.0033569336,117 117 117
1772811496.218469,130,01100010,00000000,-0.03527832 -0.4364624 -0.89904785 -0.002319336,117 117 117
1772811496.715397,140,01100010,00000000,-0.036254883 -0.43658447 -0.8989258 0.0008544922,117 117 117
1772811497.210133,150,01100010,00000000,-0.035461426 -0.43658447 -0.8989258 0.00048828125,117 117 117
1772811497.766743,160,01100010,00000000,-0.035095215 -0.43658447 -0.8989868 0.00030517578,117 117 117
1772811498.27834,170,01100010,00000000,-0.035095215 -0.43658447 -0.8989868 0.00030517578,117 117 117
1772811498.784902,180,01100010,00000000,-0.035095215 -0.43658447 -0.8989868 0.00030517578,117 117 117
1772811499.289497,190,01100010,00000000,-0.035095215 -0.43658447 -0.8989868 0.00030517578,117 117 117
1772811499.793331,200,01100010,00000000,-0.035095215 -0.43658447 -0.8989868 0.00030517578,117 117 117
1772811500.307481,210,01100010,00000000,-0.035095215 -0.43658447 -0.8989868 0.00030517578,117 117 117
1772811500.778522,220,01100010,00000000,-0.035095215 -0.43658447 -0.8989868 0.00030517578,117 117 117
1772811501.386457,230,01100010,00000000,-0.035095215 -0.43658447 -0.8989868 0.00030517578,117 117 117
1772811501.800558,240,01100010,00000000,-0.035095215 -0.43658447 -0.8989868 0.00030517578,117 117 117
1772811502.368235,250,01100010,00000000,-0.035095215 -0.43658447 -0.8989868 0.00030517578,117 117 117
1772811502.686217,0,01100010,00000000,-0.035095215 -0.43658447 -0.8989868 0.00030517578,117 117 117
1772811503.200219,10,01100010,00000000,-0.035095215 -0.43658447 -0.8989868 0.00030517578,117 117 117
1772811503.710372,20,01100010,00000000,-0.035095215 -0.43658447 -0.8989868 0.00030517578,117 117 117
1772811504.237423,30,01100010,00000000,-0.035095215 -0.43658447 -0.8989868 0.00030517578,117 117 117
1772811504.703724,40,01100010,00000000,-0.035095215 -0.43658447 -0.8989868 0.00030517578,117 117 117
1772811505.332867,50,01100010,00000000,-0.035095215 -0.43658447 -0.8989868 0.00030517578,117 117 117
1772811505.770234,60,01100010,00000000,-0.035095215 -0.43658447 -0.8989868 0.00030517578,117 117 117
1772811506.266004,70,01100010,00000000,-0.035095215 -0.43658447 -0.8989868 0.00030517578,117 117 117
1772811506.866699,80,01100010,00000000,-0.035095215 -0.43658447 -0.8989868 0.00030517578,117 117 117
1772811507.335157,90,01100010,00000000,-0.035095215 -0.43658447 -0.8989868 0.00030517578,117 117 117
1772811507.88647,100,01100010,00000000,-0.035095215 -0.43658447 -0.8989868 0.00030517578,117 117 117
1772811508.41165,110,01100010,00000000,-0.035095215 -0.43658447 -0.8989868 0.00030517578,117 117 117
1772811508.926829,120,01100010,00000000,-0.035095215 -0.43658447 -0.8989868 0.00030517578,117 117 117
1772811509.422968,130,01100010,00000000,-0.035095215 -0.43658447 -0.8989868 0.00030517578,117 117 117
1772811509.918274,140,01100010,00000000,-0.035095215 -0.43658447 -0.8989868 0.00030517578,117 117 117
1772811510.48196,150,01100010,00000000,-0.035095215 -0.43658447 -0.8989868 0.00030517578,117 117 117
1772811510.928116,160,01100010,00000000,-0.035095215 -0.43658447 -0.8989868 0.00030517578,117 117 117
1772811511.505057,170,01100010,00000000,-0.035095215 -0.43658447 -0.8989868 0.00030517578,117 117 117
1772811512.048414,180,01100010,00000000,-0.035095215 -0.43658447 -0.8989868 0.00030517578,117 117 117
1772811512.557008,190,01100010,00000000,-0.035095215 -0.43658447 -0.8989868 0.00030517578,117 117 117
1772811513.002262,200,01100010,00000000,-0.035095215 -0.43658447 -0.8989868 0.00030517578,117 117 117
1772811513.549511,210,01100010,00000000,-0.035095215 -0.43658447 -0.8989868 0.00030517578,117 117 117
1772811514.027534,220,01100010,00000000,-0.035095215 -0.43658447 -0.8989868 0.00030517578,117 117 117
1772811514.61073,230,01100010,00000000,-0.035095215 -0.43658447 -0.8989868 0.00030517578,117 117 117
1772811515.084354,240,01100010,00000000,-0.035095215 -0.43658447 -0.8989868 0.00030517578,117 117 117
1772811515.610859,250,01100010,00000000,-0.035095215 -0.43658447 -0.8989868 0.00030517578,117 117 117
1772811515.867295,0,01100010,00000000,-0.035095215 -0.43658447 -0.8989868 0.00030517578,117 117 117
1772811516.430475,10,01100010,00000000,-0.035095215 -0.43658447 -0.8989868 0.00030517578,117 117 117
1772811516.95944,20,01100010,00000000,-0.035095215 -0.43658447 -0.8989868 0.00030517578,117 117 117
1772811517.482134,30,01100010,00000000,-0.035095215 -0.43658447 -0.8989868 0.00030517578,117 117 117
1772811517.996957,40,01100010,00000000,-0.035095215 -0.43658447 -0.8989868 0.00030517578,117 117 117
1772811518.518163,50,01100010,00000000,-0.035095215 -0.43658447 -0.8989868 0.00030517578,117 117 117
1772811519.050945,60,01100010,00000000,-0.035095215 -0.43658447 -0.8989868 0.00030517578,117 117 117
1772811519.529839,70,01100010,00000000,-0.035095215 -0.43658447 -0.8989868 0.00030517578,117 117 117
1772811520.059531,80,01100010,00000000,-0.035095215 -0.43658447 -0.8989868 0.00030517578,117 117 117
1772811520.625324,90,01100010,00000000,-0.035095215 -0.43658447 -0.8989868 0.00030517578,117 117 117
1772811521.142117,100,01100010,00000000,-0.035095215 -0.43658447 -0.8989868 0.00030517578,117 117 117
1772811521.59886,110,01100010,00000000,-0.035095215 -0.43658447 -0.8989868 0.00030517578,117 117 117
1772811522.180592,120,01100010,00000000,-0.035095215 -0.43658447 -0.8989868 0.00030517578,117 117 117
1772811522.694899,130,01100010,00000000,-0.035095215 -0.43658447 -0.8989868 0.00030517578,117 117 117
1772811523.204983,140,01100010,00000000,-0.035095215 -0.43658447 -0.8989868 0.00030517578,117 117 117
1772811523.684669,150,01100010,00000000,-0.035095215 -0.43658447 -0.8989868 0.00030517578,117 117 117
1772811524.171383,160,01100010,00000000,-0.035095215 -0.43658447 -0.8989868 0.00030517578,117 117 117
1772811524.690122,170,01100010,00000000,-0.035095215 -0.43658447 -0.8989868 0.00030517578,117 117 117
1772811525.256972,180,01100010,00000000,-0.035095215 -0.43658447 -0.8989868 0.00030517578,117 117 117
1772811525.738042,190,01100010,00000000,-0.035095215 -0.43658447 -0.8989868 0.00030517578,117 117 117
1772811526.233021,200,01100010,00000000,-0.035095215 -0.43658447 -0.8989868 0.00030517578,117 117 117
1772811526.790566,210,01100010,00000000,-0.035095215 -0.43658447 -0.8989868 0.00030517578,117 117 117
1772811527.259641,220,01100010,00000000,-0.035095215 -0.43658447 -0.8989868 0.00030517578,117 117 117
1772811527.764748,230,01100010,00000000,-0.035095215 -0.43658447 -0.8989868 0.00030517578,117 117 117
1772811544.598698,0,01100001,00000000,-0.035095215 -0.43658447 -0.8989868 0.00030517578,117 117 117
1772811545.340013,10,01100001,00000000,0.020507812 0.19769287 0.9800415 0,0 0 0
1772811546.633186,20,01100001,00000000,0.020507812 0.19769287 0.9800415 0,0 0 0
1772811547.902424,30,01100001,00000000,0.020507812 0.19769287 0.9800415 0,0 0 0
1772811549.097509,40,01100001,00000000,0.020507812 0.19769287 0.9800415 0,0 0 0
1772811550.308885,50,01100001,00000000,0.028625488 0.1984253 0.9796753 -0.0010986328,0 0 0
1772811551.493522,60,01100001,00000000,0.028259277 0.1984253 0.9796753 -0.0017089844,0 0 0
1772811552.610713,70,01100001,00000000,0.0289917 0.1984253 0.9796753 -0.0022583008,0 0 0
1772811553.932595,80,01100001,00000000,0.024047852 0.19836426 0.97979736 0.0010986328,0 0 0
1772811555.058456,90,01100001,00000000,-0.13671875 0.03894043 0.9830322 0.11584473,0 0 0
1772811556.254571,100,01100001,00000000,0.027709961 -0.09283447 0.9937744 0.05456543,0 0 0
1772811557.597093,110,01100001,00000000,0.007446289 -0.07244873 0.9957886 0.055847168,0 0 0
1772811558.450274,120,01100010,00000000,0.007080078 -0.06616211 0.9963379 0.053344727,0 0 0
1772811558.954318,130,01100010,00000000,-0.1038208 -0.13885498 0.9383545 0.29907227,16 16 16
1772811559.521858,140,01100010,00000000,0.014770508 -0.08911133 0.99334717 0.07110596,47 47 47
1772811560.029383,150,01100010,00000000,0.023742676 -0.08215332 0.9946289 0.058288574,69 69 69
1772811560.537122,160,01100010,00000000,0.0234375 -0.08074951 0.9953613 0.04699707,87 87 87
1772811561.10448,170,01100010,00000000,0.024353027 -0.080078125 0.9954834 0.0446167,97 97 97
1772811561.485704,180,01100010,00000000,0.02734375 -0.08013916 0.99554443 0.04168701,107 107 107
1772811562.116247,190,01100010,00000000,0.026489258 -0.0791626 0.9957886 0.038208008,117 117 117
1772811562.624356,200,01100010,00000000,0.025512695 -0.07940674 0.9958496 0.036499023,117 117 117
1772811563.075388,210,01100010,00000000,0.024475098 -0.079711914 0.99591064 0.03515625,117 117 117
1772811563.584676,220,01100010,00000000,0.023925781 -0.080078125 0.9959717 0.031982422,117 117 117
1772811564.107589,230,01100010,00000000,0.022888184 -0.07940674 0.99609375 0.031982422,117 117 117
1772811564.613092,240,01100010,00000000,0.02319336 -0.077697754 0.9961548 0.033447266,117 117 117
1772811565.05346,250,01100010,00000000,0.022521973 -0.07788086 0.9962158 0.03100586,117 117 117
1772811565.434111,0,01100010,00000000,0.023071289 -0.07788086 0.9962158 0.030456543,117 117 117
1772811565.943789,10,01100010,00000000,0.022094727 -0.078186035 0.9961548 0.031982422,117 117 117
1772811566.448648,20,01100010,00000000,0.024353027 -0.109436035 0.993042 0.036132812,117 117 117
1772811566.95209,30,01100010,00000000,0.023803711 -0.13806152 0.9894409 0.036315918,117 117 117
1772811567.525093,40,01100010,00000000,-0.12884521 -0.22979736 0.93310547 0.24481201,117 117 117
1772811568.03582,50,01100010,00000000,0.036193848 -0.23370361 0.9674072 0.09039307,117 117 117
1772811568.484503,60,01100010,00000000,0.00390625 -0.25512695 0.9594116 0.11993408,117 117 117
1772811569.057156,70,01100010,00000000,-0.036987305 -0.24310303 0.9664917 0.07348633,117 117 117
1772811569.565515,80,01100010,00000000,-0.046142578 -0.24621582 0.9666748 0.052856445,117 117 117
1772811570.005314,90,01100010,00000000,-0.04815674 -0.25073242 0.9647217 0.064697266,117 117 117
1772811570.574974,100,01100010,00000000,-0.07366943 -0.23162842 0.95874023 0.1473999,117 117 117
1772811571.018393,110,01100010,00000000,-0.11529541 -0.26013184 0.93115234 0.22814941,117 117 117
1772811571.590632,120,01100010,00000000,-0.019836426 -0.24072266 0.96447754 0.10699463,117 117 117
1772811572.163221,130,01100010,00000000,-0.08831787 -0.2838745 0.93670654 0.1850586,117 117 117
1772811572.676337,140,01100010,00000000,-0.15338135 -0.27087402 0.92633057 0.21203613,117 117 117
1772811573.129459,150,01100010,00000000,-0.057556152 -0.32110596 0.93707275 0.12420654,117 117 117
1772811573.640115,160,01100010,00000000,-0.21746826 -0.29431152 0.8984375 0.24261475,117 117 117
1772811574.211418,170,01100010,00000000,-0.033447266 -0.3493042 0.92474365 0.14715576,117 117 117
1772811574.721472,180,01100010,00000000,-0.035888672 -0.35632324 0.92803955 0.10211182,117 117 117
1772811575.243526,190,01100010,00000000,-0.013122559 -0.3591919 0.9296875 0.080322266,117 117 117
1772811575.76408,200,01100010,00000000,-0.014465332 -0.36047363 0.9296875 0.074279785,117 117 117
1772811576.222364,210,01100010,00000000,-0.013061523 -0.35333252 0.93255615 0.07299805,117 117 117
1772811576.736442,220,01100010,00000000,-0.031799316 -0.26135254 0.9641113 -0.03479004,117 117 117
1772811577.287035,230,01100010,00000000,-0.047058105 -0.03503418 0.99786377 -0.02960205,117 117 117
1772811577.762341,240,01100010,00000000,-0.031921387 -0.035095215 0.99871826 -0.018859863,117 117 117
1772811578.221654,250,01100010,00000000,-0.026489258 -0.03515625 0.99890137 -0.015197754,117 117 117
1772811578.627438,0,01100010,00000000,-0.024169922 -0.03515625 0.99902344 -0.0134887695,117 117 117
1772811579.043543,10,01100010,00000000,-0.023254395 -0.03515625 0.99902344 -0.012878418,117 117 117
1772811579.585859,20,01100010,00000000,-0.02319336 -0.03515625 0.99902344 -0.012817383,117 117 117
1772811580.10841,30,01100010,00000000,-0.02319336 -0.03515625 0.99902344 -0.012817383,117 117 117
1772811580.600898,40,01100010,00000000,-0.02319336 -0.03515625 0.99902344 -0.012817383,117 117 117
1772811581.173519,50,01100010,00000000,-0.02319336 -0.03515625 0.99902344 -0.012817383,117 117 117
1772811581.649975,60,01100010,00000000,-0.02319336 -0.03515625 0.99902344 -0.012817383,117 117 117
1772811582.126985,70,01100010,00000000,-0.02319336 -0.03515625 0.99902344 -0.012817383,117 117 117
1772811582.714197,80,01100010,00000000,-0.02319336 -0.03515625 0.99902344 -0.012817383,117 117 117
1772811583.192668,90,01100010,00000000,-0.02319336 -0.03515625 0.99902344 -0.012817383,117 117 117
1772811583.729583,100,01100010,00000000,-0.02319336 -0.03515625 0.99902344 -0.012817383,117 117 117
1772811584.217464,110,01100010,00000000,-0.02319336 -0.03515625 0.99902344 -0.012817383,117 117 117
1772811584.771689,120,01100010,00000000,-0.02319336 -0.03515625 0.99902344 -0.012817383,117 117 117
1772811585.266355,130,01100010,00000000,-0.02319336 -0.03515625 0.99902344 -0.012817383,117 117 117
1772811585.810247,140,01100010,00000000,-0.02319336 -0.03515625 0.99902344 -0.012817383,117 117 117
1772811586.276729,150,01100010,00000000,-0.02319336 -0.03515625 0.99902344 -0.012817383,117 117 117
1772811586.819605,160,01100010,00000000,-0.02319336 -0.03515625 0.99902344 -0.012817383,117 117 117
1772811587.329036,170,01100010,00000000,-0.02319336 -0.03515625 0.99902344 -0.012817383,117 117 117
1772811587.862239,180,01100010,00000000,-0.02319336 -0.03515625 0.99902344 -0.012817383,117 117 117
1772811588.341082,190,01100010,00000000,-0.02319336 -0.03515625 0.99902344 -0.012817383,117 117 117
1772811588.902538,200,01100010,00000000,-0.02319336 -0.03515625 0.99902344 -0.012817383,117 117 117
1772811589.398264,210,01100010,00000000,-0.02319336 -0.03515625 0.99902344 -0.012817383,117 117 117
1772811589.975941,220,01100010,00000000,-0.02319336 -0.03515625 0.99902344 -0.012817383,117 117 117
1772811590.366138,230,01100010,00000000,-0.02319336 -0.03515625 0.99902344 -0.012817383,117 117 117
1772811590.92356,240,01100010,00000000,-0.02319336 -0.03515625 0.99902344 -0.012817383,117 117 117
1772811591.468316,250,01100010,00000000,-0.02319336 -0.03515625 0.99902344 -0.012817383,117 117 117
1772811591.670663,0,01100010,00000000,-0.02319336 -0.03515625 0.99902344 -0.012817383,117 117 117
1772811592.290091,10,01100010,00000000,-0.02319336 -0.03515625 0.99902344 -0.012817383,117 117 117
1772811592.742313,20,01100010,00000000,-0.02319336 -0.03515625 0.99902344 -0.012817383,117 117 117
1772811593.257867,30,01100010,00000000,-0.02319336 -0.03515625 0.99902344 -0.012817383,117 117 117
1772811593.779741,40,01100010,00000000,-0.02319336 -0.03515625 0.99902344 -0.012817383,117 117 117
1772811594.393138,50,01100010,00000000,-0.02319336 -0.03515625 0.99902344 -0.012817383,117 117 117
1772811594.865428,60,01100010,00000000,-0.02319336 -0.03515625 0.99902344 -0.012817383,117 117 117
1772811595.32688,70,01100010,00000000,-0.02319336 -0.03515625 0.99902344 -0.012817383,117 117 117
1772811595.838681,80,01100010,00000000,-0.02319336 -0.03515625 0.99902344 -0.012817383,117 117 117
1772811596.356099,90,01100010,00000000,-0.02319336 -0.03515625 0.99902344 -0.012817383,117 117 117
1772811596.907835,100,01100010,00000000,-0.02319336 -0.03515625 0.99902344 -0.012817383,117 117 117
1772811597.323769,110,01100010,00000000,-0.02319336 -0.03515625 0.99902344 -0.012817383,117 117 117
1772811597.91946,120,01100010,00000000,-0.02319336 -0.03515625 0.99902344 -0.012817383,117 117 117
1772811598.43045,130,01100010,00000000,-0.02319336 -0.03515625 0.99902344 -0.012817383,117 117 117
1772811598.902957,140,01100010,00000000,-0.02319336 -0.03515625 0.99902344 -0.012817383,117 117 117
1772811599.43556,150,01100010,00000000,-0.02319336 -0.03515625 0.99902344 -0.012817383,117 117 117
1772811599.921883,160,01100010,00000000,-0.02319336 -0.03515625 0.99902344 -0.012817383,117 117 117
1772811600.478564,170,01100010,00000000,-0.02319336 -0.03515625 0.99902344 -0.012817383,117 117 117
1772811600.974546,180,01100010,00000000,-0.02319336 -0.03515625 0.99902344 -0.012817383,117 117 117
1772811601.545293,190,01100010,00000000,-0.02319336 -0.03515625 0.99902344 -0.012817383,117 117 117
1772811602.002937,200,01100010,00000000,-0.02319336 -0.03515625 0.99902344 -0.012817383,117 117 117
1772811602.544657,210,01100010,00000000,-0.02319336 -0.03515625 0.99902344 -0.012817383,117 117 117
1772811603.076127,220,01100010,00000000,-0.02319336 -0.03515625 0.99902344 -0.012817383,117 117 117
1772811603.528287,230,01100010,00000000,-0.02319336 -0.03515625 0.99902344 -0.012817383,117 117 117
1772811604.08122,240,01100010,00000000,-0.02319336 -0.03515625 0.99902344 -0.012817383,117 117 117
1772811604.543407,250,01100010,00000000,-0.02319336 -0.03515625 0.99902344 -0.012817383,117 117 117
1772811604.86354,0,01100010,00000000,-0.02319336 -0.03515625 0.99902344 -0.012817383,117 117 117
1772811605.363791,10,01100010,00000000,-0.02319336 -0.03515625 0.99902344 -0.012817383,117 117 117
1772811605.922233,20,01100010,00000000,-0.02319336 -0.03515625 0.99902344 -0.012817383,117 117 117
1772811606.451329,30,01100010,00000000,-0.02319336 -0.03515625 0.99902344 -0.012817383,117 117 117
1772811606.927842,40,01100010,00000000,-0.02319336 -0.03515625 0.99902344 -0.012817383,117 117 117
1772811607.483012,50,01100010,00000000,-0.02319336 -0.03515625 0.99902344 -0.012817383,117 117 117
1772811607.898879,60,01100010,00000000,-0.02319336 -0.03515625 0.99902344 -0.012817383,117 117 117
1772811608.507043,70,01100010,00000000,-0.02319336 -0.03515625 0.99902344 -0.012817383,117 117 117
1772811608.992029,80,01100010,00000000,-0.02319336 -0.03515625 0.99902344 -0.012817383,117 117 117
1772811609.525348,90,01100010,00000000,-0.02319336 -0.03515625 0.99902344 -0.012817383,117 117 117
1772811610.007948,100,01100010,00000000,-0.02319336 -0.03515625 0.99902344 -0.012817383,117 117 117
1772811610.520322,110,01100010,00000000,-0.02319336 -0.03515625 0.99902344 -0.012817383,117 117 117
1772811611.049876,120,01100010,00000000,-0.02319336 -0.03515625 0.99902344 -0.012817383,117 117 117
1772811611.571667,130,01100010,00000000,-0.02319336 -0.03515625 0.99902344 -0.012817383,117 117 117
1772811612.08044,140,01100010,00000000,-0.02319336 -0.03515625 0.99902344 -0.012817383,117 117 117
1772811612.596116,150,01100010,00000000,-0.02319336 -0.03515625 0.99902344 -0.012817383,117 117 117
1772811613.135691,160,01100010,00000000,-0.02319336 -0.03515625 0.99902344 -0.012817383,117 117 117
1772811613.669275,170,01100010,00000000,-0.02319336 -0.03515625 0.99902344 -0.012817383,117 117 117
1772811614.141319,180,01100010,00000000,-0.02319336 -0.03515625 0.99902344 -0.012817383,117 117 117
1772811614.649777,190,01100010,00000000,-0.02319336 -0.03515625 0.99902344 -0.012817383,117 117 117
1772811615.18483,200,01100010,00000000,-0.02319336 -0.03515625 0.99902344 -0.012817383,117 117 117
1772811615.666177,210,01100010,00000000,-0.02319336 -0.03515625 0.99902344 -0.012817383,117 117 117
1772811616.208852,220,01100010,00000000,-0.02319336 -0.03515625 0.99902344 -0.012817383,117 117 117
1772811616.69002,230,01100010,00000000,-0.02319336 -0.03515625 0.99902344 -0.012817383,117 117 117
1772811617.160794,240,01100010,00000000,-0.02319336 -0.03515625 0.99902344 -0.012817383,117 117 117
1772811617.725499,250,01100010,00000000,-0.02319336 -0.03515625 0.99902344 -0.012817383,117 117 117
1772811618.077873,0,01100010,00000000,-0.02319336 -0.03515625 0.99902344 -0.012817383,117 117 117
1772811618.562942,10,01100010,00000000,-0.02319336 -0.03515625 0.99902344 -0.012817383,117 117 117
1772811619.086355,20,01100010,00000000,-0.02319336 -0.03515625 0.99902344 -0.012817383,117 117 117
1772811651.497866,0,01100001,00000000,-0.02319336 -0.03515625 0.99902344 -0.012817383,117 117 117
1772811652.503336,10,01100001,00000000,0.02130127 -0.45440674 -0.89056396 0.003479004,0 0 0
1772811653.717396,20,01100001,00000000,0.020996094 -0.45440674 -0.89056396 0.002380371,0 0 0
1772811658.642715,0,01101001,00000000,1 0 0 0,0 0 0
1772811659.630073,10,01101001,00000000,1 0.00036621094 6.1035156E-05 0,0 0 0
1772811660.827234,20,01101001,00000000,1 0.0007324219 6.1035156E-05 0,0 0 0
1772811661.606089,30,01101010,00000000,1 -0.00079345703 -0.0007324219 0.00030517578,0 0 0
1772811662.142504,40,01101010,00000000,0.9581909 -0.10668945 0.11224365 0.24053955,20 20 20
1772811662.575652,50,01101010,00000000,0.9598999 -0.044067383 0.047973633 0.272583,50 50 50
1772811663.172152,60,01101010,00000000,0.96136475 -0.03515625 -0.003479004 0.27282715,71 71 71
1772811663.626096,70,01101010,00000000,0.963562 -0.061706543 -0.019470215 0.25964355,88 88 88
1772811664.10332,80,01101010,00000000,0.9606323 -0.06237793 -0.030578613 0.26885986,98 98 98
1772811664.613195,90,01101010,00000000,0.9604492 -0.053894043 -0.03692627 0.27069092,108 108 108
1772811665.215066,100,01101010,00000000,0.9614258 -0.048095703 -0.03692627 0.26812744,117 117 117
1772811665.655764,110,01101010,00000000,0.961853 -0.04168701 -0.03741455 0.2675171,117 117 117
1772811666.226594,120,01101010,00000000,0.9619751 -0.03845215 -0.03741455 0.26782227,117 117 117
1772811666.730894,130,01101010,00000000,0.96069336 -0.012329102 -0.053222656 0.27209473,117 117 117
1772811667.243031,140,01101010,00000000,0.95098877 0.059509277 -0.070617676 0.29504395,117 117 117
1772811667.684702,150,01101010,00000000,0.95910645 0.059326172 0.056152344 0.2709961,117 117 117
1772811668.262944,160,01101010,00000000,0.9631958 0.0446167 0.045715332 0.26086426,117 117 117
1772811668.791817,170,01101010,00000000,0.9708252 -0.024047852 -0.08660889 0.22210693,117 117 117
1772811669.296043,180,01101010,00000000,0.9798584 -0.043518066 0.081604004 0.17694092,117 117 117
1772811669.811092,190,01101010,00000000,0.98168945 -0.0048828125 0.02508545 0.1887207,117 117 117
1772811670.323193,200,01101010,00000000,0.97442627 0.0178833 -0.08508301 0.20697021,117 117 117
1772811670.828456,210,01101010,00000000,0.9717407 0.024902344 -0.076538086 0.22180176,117 117 117
1772811671.277238,220,01101010,00000000,0.9649658 0.018676758 -0.070617676 0.2518921,117 117 117
1772811671.84575,230,01101010,00000000,0.9577637 -0.0013427734 -0.045959473 0.28363037,117 117 117
1772811672.352012,240,01101010,00000000,0.9581909 -0.0064697266 -0.03540039 0.2836914,117 117 117
1772811672.863628,250,01101010,00000000,0.9581909 -0.0068969727 -0.035705566 0.2836914,117 117 117
1772811673.189498,0,01101010,00000000,0.9581909 -0.007019043 -0.035827637 0.2836914,117 117 117
1772811673.700018,10,01101010,00000000,0.9581909 -0.007019043 -0.035827637 0.2836914,117 117 117
1772811674.20781,20,01101010,00000000,0.95544434 0.008911133 -0.05859375 0.28912354,117 117 117
1772811674.711224,30,01101010,00000000,0.9152832 0.020690918 0.1628418 0.36767578,117 117 117
1772811675.277785,40,01101010,00000000,0.9197998 -0.01586914 -0.06762695 0.3861084,117 117 117
1772811675.783005,50,01101010,00000000,0.8970337 0.03363037 0.20251465 0.39135742,117 117 117
1772811676.29619,60,01101010,00000000,0.91900635 -0.05102539 -0.053100586 0.38720703,117 117 117
1772811676.813824,70,01101010,00000000,0.9286499 -0.057250977 -0.023010254 0.3657837,117 117 117
1772811677.327373,80,01101010,00000000,0.92974854 -0.062683105 -0.02355957 0.36193848,117 117 117
1772811677.746416,90,01101010,00000000,0.9291382 -0.066101074 -0.032043457 0.3623047,117 117 117
1772811678.331604,100,01101010,00000000,0.9169922 -0.07775879 -0.019042969 0.390625,117 117 117
1772811678.836688,110,01101010,00000000,0.9121094 0.003479004 0.099365234 0.397583,117 117 117
1772811679.342595,120,01101010,00000000,0.90319824 -0.0079956055 0.20196533 0.37872314,117 117 117
1772811679.853714,130,01101010,00000000,0.9260254 -0.038513184 -0.014892578 0.37512207,117 117 117
1772811680.378469,140,01101010,00000000,0.9390259 -0.028198242 0.011962891 0.34246826,117 117 117
1772811680.965872,150,01101010,00000000,0.9365845 -0.006713867 -0.03161621 0.34881592,117 117 117
1772811681.4067,160,01101010,00000000,0.9365845 -0.0068969727 -0.03149414 0.34875488,117 117 117
1772811681.946427,170,01101010,00000000,0.9365845 -0.007019043 -0.03149414 0.34875488,117 117 117
1772811682.420898,180,01101010,00000000,0.9365845 -0.007019043 -0.03149414 0.34875488,117 117 117
1772811682.959792,190,01101010,00000000,0.9365845 -0.007019043 -0.03149414 0.34875488,117 117 117
1772811683.495564,200,01101010,00000000,0.9365845 -0.007019043 -0.03149414 0.34875488,117 117 117
1772811683.989126,210,01101010,00000000,0.9365845 -0.007019043 -0.03149414 0.34875488,117 117 117
1772811684.523638,220,01101010,00000000,0.9365845 -0.007019043 -0.03149414 0.34875488,117 117 117
1772811684.971832,230,01101010,00000000,0.9365845 -0.007019043 -0.03149414 0.34875488,117 117 117
1772811685.531646,240,01101010,00000000,0.9365845 -0.007019043 -0.03149414 0.34875488,117 117 117
1772811686.061354,250,01101010,00000000,0.9365845 -0.007019043 -0.03149414 0.34875488,117 117 117
1772811686.386417,0,01101010,00000000,0.9365845 -0.007019043 -0.03149414 0.34875488,117 117 117
1772811686.905201,10,01101010,00000000,0.9365845 -0.007019043 -0.03149414 0.34875488,117 117 117
1772811687.393471,20,01101010,00000000,0.9365845 -0.007019043 -0.03149414 0.34875488,117 117 117
1772811687.927865,30,01101010,00000000,0.9365845 -0.007019043 -0.03149414 0.34875488,117 117 117
1772811688.41213,40,01101010,00000000,0.9365845 -0.007019043 -0.03149414 0.34875488,117 117 117
1772811688.949495,50,01101010,00000000,0.9365845 -0.007019043 -0.03149414 0.34875488,117 117 117
1772811689.424023,60,01101010,00000000,0.9365845 -0.007019043 -0.03149414 0.34875488,117 117 117
1772811689.97774,70,01101010,00000000,0.9365845 -0.007019043 -0.03149414 0.34875488,117 117 117
1772811690.451929,80,01101010,00000000,0.9365845 -0.007019043 -0.03149414 0.34875488,117 117 117
1772811690.970644,90,01101010,00000000,0.9365845 -0.007019043 -0.03149414 0.34875488,117 117 117
1772811691.435138,100,01101010,00000000,0.9365845 -0.007019043 -0.03149414 0.34875488,117 117 117
1772811692.003438,110,01101010,00000000,0.9365845 -0.007019043 -0.03149414 0.34875488,117 117 117
1772811692.512859,120,01101010,00000000,0.9365845 -0.007019043 -0.03149414 0.34875488,117 117 117
1772811693.023143,130,01101010,00000000,0.9365845 -0.007019043 -0.03149414 0.34875488,117 117 117
1772811693.589969,140,01101010,00000000,0.9365845 -0.007019043 -0.03149414 0.34875488,117 117 117
1772811694.054009,150,01101010,00000000,0.9365845 -0.007019043 -0.03149414 0.34875488,117 117 117
1772811694.579518,160,01101010,00000000,0.9365845 -0.007019043 -0.03149414 0.34875488,117 117 117
1772811695.078513,170,01101010,00000000,0.9365845 -0.007019043 -0.03149414 0.34875488,117 117 117
1772811695.642556,180,01101010,00000000,0.9365845 -0.007019043 -0.03149414 0.34875488,117 117 117
1772811696.116307,190,01101010,00000000,0.9365845 -0.007019043 -0.03149414 0.34875488,117 117 117
1772811696.670756,200,01101010,00000000,0.9365845 -0.007019043 -0.03149414 0.34875488,117 117 117
1772811697.132683,210,01101010,00000000,0.9365845 -0.007019043 -0.03149414 0.34875488,117 117 117
1772811697.676716,220,01101010,00000000,0.9365845 -0.007019043 -0.03149414 0.34875488,117 117 117
1772811698.17478,230,01101010,00000000,0.9365845 -0.007019043 -0.03149414 0.34875488,117 117 117
1772811698.725327,240,01101010,00000000,0.9365845 -0.007019043 -0.03149414 0.34875488,117 117 117
1772811699.149136,250,01101010,00000000,0.9365845 -0.007019043 -0.03149414 0.34875488,117 117 117
1772811699.560766,0,01101010,00000000,0.9365845 -0.007019043 -0.03149414 0.34875488,117 117 117
1772811700.054889,10,01101010,00000000,0.9365845 -0.007019043 -0.03149414 0.34875488,117 117 117
1772811700.535097,20,01101010,00000000,0.9365845 -0.007019043 -0.03149414 0.34875488,117 117 117
1772811701.008506,30,01101010,00000000,0.9365845 -0.007019043 -0.03149414 0.34875488,117 117 117
1772811701.55484,40,01101010,00000000,0.9365845 -0.007019043 -0.03149414 0.34875488,117 117 117
1772811702.118059,50,01101010,00000000,0.9365845 -0.007019043 -0.03149414 0.34875488,117 117 117
1772811702.587735,60,01101010,00000000,0.9365845 -0.007019043 -0.03149414 0.34875488,117 117 117
1772811703.155803,70,01101010,00000000,0.9365845 -0.007019043 -0.03149414 0.34875488,117 117 117
1772811703.644735,80,01101010,00000000,0.9365845 -0.007019043 -0.03149414 0.34875488,117 117 117
1772811704.142972,90,01101010,00000000,0.9365845 -0.007019043 -0.03149414 0.34875488,117 117 117
1772811704.655819,100,01101010,00000000,0.9365845 -0.007019043 -0.03149414 0.34875488,117 117 117
1772811705.181744,110,01101010,00000000,0.9365845 -0.007019043 -0.03149414 0.34875488,117 117 117
1772811705.701508,120,01101010,00000000,0.9365845 -0.007019043 -0.03149414 0.34875488,117 117 117
1772811706.251082,130,01101010,00000000,0.9365845 -0.007019043 -0.03149414 0.34875488,117 117 117
1772811706.678173,140,01101010,00000000,0.9365845 -0.007019043 -0.03149414 0.34875488,117 117 117
1772811707.231558,150,01101010,00000000,0.9365845 -0.007019043 -0.03149414 0.34875488,117 117 117
1772811707.777211,160,01101010,00000000,0.9365845 -0.007019043 -0.03149414 0.34875488,117 117 117
1772811708.277016,170,01101010,00000000,0.9365845 -0.007019043 -0.03149414 0.34875488,117 117 117
1772811708.708711,180,01101010,00000000,0.9365845 -0.007019043 -0.03149414 0.34875488,117 117 117
1772811709.280945,190,01101010,00000000,0.9365845 -0.007019043 -0.03149414 0.34875488,117 117 117
1772811709.834105,200,01101010,00000000,0.9365845 -0.007019043 -0.03149414 0.34875488,117 117 117
1772811710.319092,210,01101010,00000000,0.9365845 -0.007019043 -0.03149414 0.34875488,117 117 117
1772811710.847811,220,01101010,00000000,0.9365845 -0.007019043 -0.03149414 0.34875488,117 117 117
1772811711.337797,230,01101010,00000000,0.9365845 -0.007019043 -0.03149414 0.34875488,117 117 117
1772811711.831261,240,01101010,00000000,0.9365845 -0.007019043 -0.03149414 0.34875488,117 117 117
1772811712.407404,250,01101010,00000000,0.9365845 -0.007019043 -0.03149414 0.34875488,117 117 117
1772811712.691096,0,01101010,00000000,0.9365845 -0.006958008 -0.03149414 0.34875488,117 117 117
1772811713.249919,10,01101010,00000000,0.9365845 -0.006958008 -0.03149414 0.34875488,117 117 117
1772811713.733828,20,01101010,00000000,0.9365845 -0.006958008 -0.03149414 0.34875488,117 117 117
1772811714.23898,30,01101010,00000000,0.9365845 -0.006958008 -0.03149414 0.34875488,117 117 117
1772811714.759926,40,01101010,00000000,0.9365845 -0.006958008 -0.03149414 0.34875488,117 117 117
1772811715.282625,50,01101010,00000000,0.9365845 -0.006958008 -0.03149414 0.34875488,117 117 117
1772811715.812043,60,01101010,00000000,0.9365845 -0.006958008 -0.03149414 0.34875488,117 117 117
1772811716.273201,70,01101010,00000000,0.9365845 -0.006958008 -0.03149414 0.34875488,117 117 117
1772811716.805979,80,01101010,00000000,0.9365845 -0.006958008 -0.03149414 0.34875488,117 117 117
1772811717.340588,90,01101010,00000000,0.9365845 -0.006958008 -0.03149414 0.34875488,117 117 117
1772811717.776467,100,01101010,00000000,0.9365845 -0.006958008 -0.03149414 0.34875488,117 117 117
1772811718.380181,110,01101010,00000000,0.9365845 -0.006958008 -0.03149414 0.34875488,117 117 117
1772811718.862288,120,01101010,00000000,0.9365845 -0.006958008 -0.03149414 0.34875488,117 117 117
1772811719.399086,130,01101010,00000000,0.9365845 -0.006958008 -0.03149414 0.34875488,117 117 117
1772811719.87361,140,01101010,00000000,0.9365845 -0.006958008 -0.03149414 0.34875488,117 117 117
1772811720.424051,150,01101010,00000000,0.9365845 -0.006958008 -0.03149414 0.34875488,117 117 117
1772811720.890183,160,01101010,00000000,0.9365845 -0.006958008 -0.03149414 0.34875488,117 117 117
1772811721.391199,170,01101010,00000000,0.9365845 -0.006958008 -0.03149414 0.34875488,117 117 117
1772811721.877293,180,01101010,00000000,0.9365845 -0.006958008 -0.03149414 0.34875488,117 117 117
1772811722.438473,190,01101010,00000000,0.9365845 -0.006958008 -0.03149414 0.34875488,117 117 117
1772811722.972145,200,01101010,00000000,0.9365845 -0.006958008 -0.03149414 0.34875488,117 117 117
1772811723.498383,210,01101010,00000000,0.9365845 -0.006958008 -0.03149414 0.34875488,117 117 117
1772811723.970141,220,01101010,00000000,0.9365845 -0.006958008 -0.03149414 0.34875488,117 117 117
1772811724.497791,230,01101010,00000000,0.9365845 -0.006958008 -0.03149414 0.34875488,117 117 117
1772811725.031797,240,01101010,00000000,0.9365845 -0.006958008 -0.03149414 0.34875488,117 117 117
1772811725.482913,250,01101010,00000000,0.9365845 -0.006958008 -0.03149414 0.34875488,117 117 117
1772811725.877938,0,01101010,00000000,0.9365845 -0.006958008 -0.03149414 0.34875488,117 117 117
1772811726.40984,10,01101010,00000000,0.9365845 -0.006958008 -0.03149414 0.34875488,117 117 117
1772811726.887033,20,01101010,00000000,0.9365845 -0.006958008 -0.03149414 0.34875488,117 117 117
1772811727.408079,30,01101010,00000000,0.9365845 -0.006958008 -0.03149414 0.34875488,117 117 117
1772811727.892379,40,01101010,00000000,0.9365845 -0.006958008 -0.03149414 0.34875488,117 117 117
1772811728.433251,50,01101010,00000000,0.9365845 -0.006958008 -0.03149414 0.34875488,117 117 117
1772811728.864608,60,01101010,00000000,0.9365845 -0.006958008 -0.03149414 0.34875488,117 117 117
1772811729.487289,70,01101010,00000000,0.9365845 -0.006958008 -0.03149414 0.34875488,117 117 117
1772811729.97392,80,01101010,00000000,0.9365845 -0.006958008 -0.03149414 0.34875488,117 117 117
1772811730.473859,90,01101010,00000000,0.9365845 -0.006958008 -0.03149414 0.34875488,117 117 117
1772811730.958171,100,01101010,00000000,0.9365845 -0.006958008 -0.03149414 0.34875488,117 117 117
1772811731.547338,110,01101010,00000000,0.9365845 -0.006958008 -0.03149414 0.34875488,117 117 117
1772811732.078285,120,01101010,00000000,0.9365845 -0.006958008 -0.03149414 0.34875488,117 117 117
1772811732.536861,130,01101010,00000000,0.9365845 -0.006958008 -0.03149414 0.34875488,117 117 117
1772811733.026286,140,01101010,00000000,0.9365845 -0.006958008 -0.03149414 0.34875488,117 117 117
1772811733.578567,150,01101010,00000000,0.9365845 -0.006958008 -0.03149414 0.34875488,117 117 117
1772811734.063739,160,01101010,00000000,0.9365845 -0.006958008 -0.03149414 0.34875488,117 117 117
1772811734.575474,170,01101010,00000000,0.9365845 -0.006958008 -0.03149414 0.34875488,117 117 117
1772811735.128046,180,01101010,00000000,0.9365845 -0.006958008 -0.03149414 0.34875488,117 117 117
1772811735.642271,190,01101010,00000000,0.9365845 -0.006958008 -0.03149414 0.34875488,117 117 117
1772811736.120827,200,01101010,00000000,0.9365845 -0.006958008 -0.03149414 0.34875488,117 117 117
1772811736.657679,210,01101010,00000000,0.9365845 -0.006958008 -0.03149414 0.34875488,117 117 117
1772811737.113118,220,01101010,00000000,0.9365845 -0.006958008 -0.03149414 0.34875488,117 117 117
1772811737.679071,230,01101010,00000000,0.9365845 -0.006958008 -0.03149414 0.34875488,117 117 117
1772811738.227872,240,01101010,00000000,0.9365845 -0.006958008 -0.03149414 0.34875488,117 117 117
1772811738.645533,250,01101010,00000000,0.9365845 -0.006958008 -0.03149414 0.34875488,117 117 117
1772811739.058289,0,01101010,00000000,0.9365845 -0.006958008 -0.03149414 0.34875488,117 117 117
1772811739.529046,10,01101010,00000000,0.9365845 -0.006958008 -0.03149414 0.34875488,117 117 117
1772811740.065863,20,01101010,00000000,0.9365845 -0.006958008 -0.03149414 0.34875488,117 117 117
1772811740.542188,30,01101010,00000000,0.9365845 -0.006958008 -0.03149414 0.34875488,117 117 117
1772811741.107524,40,01101010,00000000,0.9365845 -0.006958008 -0.03149414 0.34875488,117 117 117
1772811741.587669,50,01101010,00000000,0.9365845 -0.006958008 -0.03149414 0.34875488,117 117 117
1772811742.022326,60,01101010,00000000,0.9365845 -0.006958008 -0.03149414 0.34875488,117 117 117
1772811742.635111,70,01101010,00000000,0.9365845 -0.006958008 -0.03149414 0.34875488,117 117 117
1772811743.188768,80,01101010,00000000,0.9365845 -0.006958008 -0.03149414 0.34875488,117 117 117
1772811743.632374,90,01101010,00000000,0.9365845 -0.006958008 -0.03149414 0.34875488,117 117 117
1772811744.215954,100,01101010,00000000,0.9365845 -0.006958008 -0.03149414 0.34875488,117 117 117
1772811744.593794,110,01101010,00000000,0.9365845 -0.006958008 -0.03149414 0.34875488,117 117 117
1772811745.166678,120,01101010,00000000,0.9365845 -0.006958008 -0.03149414 0.34875488,117 117 117
1772811745.664264,130,01101010,00000000,0.9365845 -0.006958008 -0.03149414 0.34875488,117 117 117
1772811746.175672,140,01101010,00000000,0.9365845 -0.006958008 -0.03149414 0.34875488,117 117 117
1772811746.700987,150,01101010,00000000,0.9365845 -0.006958008 -0.03149414 0.34875488,117 117 117
1772811747.177289,160,01101010,00000000,0.9365845 -0.006958008 -0.03149414 0.34875488,117 117 117
1772811747.72961,170,01101010,00000000,0.9365845 -0.006958008 -0.03149414 0.34875488,117 117 117
1772811748.286561,180,01101010,00000000,0.9365845 -0.006958008 -0.03149414 0.34875488,117 117 117
1772811748.698014,190,01101010,00000000,0.9365845 -0.006958008 -0.03149414 0.34875488,117 117 117
1772811749.261092,200,01101010,00000000,0.9365845 -0.006958008 -0.03149414 0.34875488,117 117 117
1772811749.761381,210,01101010,00000000,0.9365845 -0.006958008 -0.03149414 0.34875488,117 117 117
1772811750.313069,220,01101010,00000000,0.9365845 -0.006958008 -0.03149414 0.34875488,117 117 117
1772811750.869305,230,01101010,00000000,0.9365845 -0.006958008 -0.03149414 0.34875488,117 117 117
1772811751.341287,240,01101010,00000000,0.9365845 -0.006958008 -0.03149414 0.34875488,117 117 117
1772811751.873327,250,01101010,00000000,0.9365845 -0.006958008 -0.03149414 0.34875488,117 117 117
1772811784.617834,0,01100001,00000000,0.9365845 -0.006958008 -0.03149414 0.34875488,117 117 117
1772811784.810809,10,01100010,00000000,0.01953125 -0.088012695 0.99591064 0,0 0 0
1772811785.321479,20,01100010,00000000,0.01953125 -0.088012695 0.99591064 0,16 16 16
1772811785.827929,30,01100010,00000000,0.01953125 -0.088012695 0.99591064 0,47 47 47
1772811786.334943,40,01100010,00000000,0.01953125 -0.088012695 0.99591064 0,69 69 69
1772811786.789365,50,01100010,00000000,0.01953125 -0.088012695 0.99591064 0,87 87 87
1772811787.361373,60,01100010,00000000,0.01953125 -0.088012695 0.99591064 0,97 97 97
1772811787.874057,70,01100010,00000000,0.027770996 -0.087646484 0.9957886 -0.0018310547,107 107 107
1772811788.44592,80,01100010,00000000,0.019836426 -0.09082031 0.9956665 0.0015869141,117 117 117
1772811788.892033,90,01100010,00000000,-0.02923584 -0.06347656 0.9973755 0.017456055,117 117 117
1772811789.460294,100,01100010,00000000,-0.08093262 -0.08544922 0.9929199 0.016967773,117 117 117
1772811789.963085,110,01100010,00000000,-0.02368164 -0.08807373 0.99560547 -0.022399902,117 117 117
1772811790.469367,120,01100010,00000000,0.03729248 -0.08679199 0.9954834 0.008239746,117 117 117
1772811790.982021,130,01100010,00000000,0.037963867 -0.08679199 0.9954834 0.008239746,117 117 117
1772811791.560728,140,01100010,00000000,0.037963867 -0.08679199 0.9954834 0.008117676,117 117 117
1772811792.077422,150,01100010,00000000,0.037963867 -0.08679199 0.9954834 0.008117676,117 117 117
1772811792.5946,160,01100010,00000000,0.037963867 -0.08679199 0.9954834 0.008117676,117 117 117
1772811793.036221,170,01100010,00000000,0.037963867 -0.08679199 0.9954834 0.008117676,117 117 117
1772811793.622917,180,01100010,00000000,0.037963867 -0.08679199 0.9954834 0.008117676,117 117 117
1772811794.139711,190,01100010,00000000,0.037963867 -0.08679199 0.9954834 0.008117676,117 117 117
1772811794.619674,200,01100010,00000000,0.037963867 -0.08679199 0.9954834 0.008117676,117 117 117
1772811795.137997,210,01100010,00000000,0.037963867 -0.08679199 0.9954834 0.008117676,117 117 117
1772811795.601025,220,01100010,00000000,0.037963867 -0.08679199 0.9954834 0.008117676,117 117 117
1772811796.178989,230,01100010,00000000,0.037963867 -0.08679199 0.9954834 0.008117676,117 117 117
1772811796.688946,240,01100010,00000000,0.037963867 -0.08679199 0.9954834 0.008117676,117 117 117
1772811797.210286,250,01100010,00000000,0.037963867 -0.08679199 0.9954834 0.008117676,117 117 117
1772811797.532796,0,01100010,00000000,0.037963867 -0.08679199 0.9954834 0.008117676,117 117 117
1772811797.979329,10,01100010,00000000,0.037963867 -0.08679199 0.9954834 0.008117676,117 117 117
1772811798.55513,20,01100010,00000000,0.037963867 -0.08679199 0.9954834 0.008117676,117 117 117
1772811812.717995,10,01100010,00000000,0.037963867 -0.08679199 0.9954834 0.008117676,117 117 117
1772811813.289094,20,01100010,00000000,0.0390625 0.06744385 0.99694824 0,29 29 29
1772811813.80466,30,01100010,00000000,0.0390625 0.06744385 0.99694824 0,57 57 57
1772811814.356758,40,01100010,00000000,0.0390625 0.06744385 0.99694824 0,77 77 77
1772811814.860831,50,01100010,00000000,0.0390625 0.06744385 0.99694824 0,91 91 91
1772811815.376982,60,01100010,00000000,0.0390625 0.06744385 0.99694824 0,101 101 101
1772811815.881523,70,01100010,00000000,0.042907715 0.06713867 0.99676514 -0.008239746,111 111 111
1772811816.385548,80,01100010,00000000,-0.13671875 0.15783691 0.9776001 -0.026611328,117 117 117
1772811816.958755,90,01100010,00000000,0.009765625 0.12945557 0.9915161 0.008361816,117 117 117
1772811817.469278,100,01100010,00000000,0.04736328 0.12420654 0.9907837 -0.026428223,117 117 117
1772811817.977081,110,01100010,00000000,0.04840088 0.12426758 0.99072266 -0.026489258,117 117 117
1772811818.425006,120,01100010,00000000,0.049072266 0.12426758 0.9906616 -0.026367188,117 117 117
1772811818.990389,130,01100010,00000000,0.049194336 0.12426758 0.9906616 -0.026367188,117 117 117
1772811819.499078,140,01100010,00000000,0.049194336 0.12426758 0.9906616 -0.026367188,117 117 117
1772811820.073715,150,01100010,00000000,0.049194336 0.12426758 0.9906616 -0.026367188,117 117 117
1772811820.592811,160,01100010,00000000,0.049194336 0.12426758 0.9906616 -0.026367188,117 117 117
1772811821.035984,170,01100010,00000000,0.049194336 0.12426758 0.9906616 -0.026367188,117 117 117
1772811821.622244,180,01100010,00000000,0.08917236 0.09716797 0.99053955 0.037902832,117 117 117
1772811822.136865,190,01100010,00000000,-0.14019775 0.17016602 0.97509766 -0.024169922,117 117 117
1772811822.586225,200,01100010,00000000,-0.05316162 0.10961914 0.9923096 0.021057129,117 117 117
1772811823.165944,210,01100010,00000000,-0.020324707 0.022033691 0.99957275 0.0026855469,117 117 117
1772811823.673642,220,01100010,00000000,0.030090332 0.007446289 0.9993286 0.018005371,117 117 117
1772811824.18947,230,01100010,00000000,0.08441162 -0.0059814453 0.99609375 0.024841309,117 117 117
1772811824.700671,240,01100010,00000000,-0.15014648 0.16290283 0.9680176 -0.11779785,117 117 117
1772811825.26943,250,01100010,00000000,-0.046691895 0.057739258 0.99676514 0.031188965,117 117 117
1772811825.522194,0,01100010,00000000,0.04260254 -0.005493164 0.9987793 0.024902344,117 117 117
1772811826.032314,10,01100010,00000000,0.042236328 -0.005493164 0.9987793 0.0256958,117 117 117
1772811826.606031,20,01100010,00000000,0.04156494 -0.005493164 0.9987793 0.02557373,117 117 117
1772811827.050191,30,01100010,00000000,0.041259766 -0.005493164 0.9987793 0.02557373,117 117 117
1772811827.628931,40,01100010,00000000,0.041259766 -0.005493164 0.9987793 0.02557373,117 117 117
1772811828.144661,50,01100010,00000000,0.041259766 -0.005493164 0.9987793 0.02557373,117 117 117
1772811828.584742,60,01100010,00000000,0.041259766 -0.005493164 0.9987793 0.02557373,117 117 117
1772811829.127421,70,01100010,00000000,0.041259766 -0.005493164 0.9987793 0.02557373,117 117 117
1772811829.667496,80,01100010,00000000,0.041259766 -0.005493164 0.9987793 0.02557373,117 117 117
1772811830.240737,90,01100010,00000000,0.09008789 0.0063476562 0.99572754 0.018981934,117 117 117
1772811830.752046,100,01100010,00000000,-0.20715332 0.16033936 0.9649658 -0.017150879,117 117 117
1772811831.259651,110,01100010,00000000,-0.0357666 0.07867432 0.994751 0.054748535,117 117 117
1772811831.770591,120,01100010,00000000,-0.08892822 0.13964844 0.98461914 -0.055664062,117 117 117
1772811832.350363,130,01100010,00000000,0.06726074 -0.0004272461 0.9974365 0.024047852,117 117 117
1772811832.732097,140,01100010,00000000,0.056152344 -0.0008544922 0.9981079 0.024108887,117 117 117
1772811833.311115,150,01100010,00000000,0.056152344 -0.0008544922 0.9981079 0.024047852,117 117 117
1772811833.822523,160,01100010,00000000,0.056152344 -0.0008544922 0.9981079 0.024047852,117 117 117
1772811834.392778,170,01100010,00000000,0.056152344 -0.0008544922 0.9981079 0.024047852,117 117 117
1772811834.898559,180,01100010,00000000,0.056152344 -0.0008544922 0.9981079 0.024047852,117 117 117
1772811835.40229,190,01100010,00000000,0.056152344 -0.0008544922 0.9981079 0.024047852,117 117 117
1772811835.909466,200,01100010,00000000,0.056152344 -0.0008544922 0.9981079 0.024047852,117 117 117
1772811836.423281,210,01100010,00000000,0.056152344 -0.0008544922 0.9981079 0.024047852,117 117 117
1772811836.947417,220,01100010,00000000,0.056152344 -0.0008544922 0.9981079 0.024047852,117 117 117
1772811837.472101,230,01100010,00000000,0.056152344 -0.0008544922 0.9981079 0.024047852,117 117 117
1772811837.979692,240,01100010,00000000,0.056152344 -0.0008544922 0.9981079 0.024047852,117 117 117
1772811838.492832,250,01100010,00000000,0.056152344 -0.0008544922 0.9981079 0.024047852,117 117 117
1772811838.811556,0,01100010,00000000,0.056152344 -0.0008544922 0.9981079 0.024047852,117 117 117
1772811839.318699,10,01100010,00000000,0.056152344 -0.0008544922 0.9981079 0.024047852,117 117 117
1772811839.827651,20,01100010,00000000,0.056152344 -0.0008544922 0.9981079 0.024047852,117 117 117
1772811840.40209,30,01100010,00000000,0.056152344 -0.0008544922 0.9981079 0.024047852,117 117 117
1772811840.908533,40,01100010,00000000,0.056152344 -0.0008544922 0.9981079 0.024047852,117 117 117
1772811841.348349,50,01100010,00000000,0.056152344 -0.0008544922 0.9981079 0.024047852,117 117 117
1772811841.921232,60,01100010,00000000,0.056152344 -0.0008544922 0.9981079 0.024047852,117 117 117
1772811842.442253,70,01100010,00000000,0.056152344 -0.0008544922 0.9981079 0.024047852,117 117 117
1772811842.959031,80,01100010,00000000,0.056152344 -0.0008544922 0.9981079 0.024047852,117 117 117
1772811843.529838,90,01100010,00000000,0.056152344 -0.0008544922 0.9981079 0.024047852,117 117 117
1772811844.033643,100,01100010,00000000,0.056152344 -0.0008544922 0.9981079 0.024047852,117 117 117
1772811844.543237,110,01100010,00000000,0.056152344 -0.0008544922 0.9981079 0.024047852,117 117 117
1772811845.053933,120,01100010,00000000,0.056152344 -0.0008544922 0.9981079 0.024047852,117 117 117
1772811845.556767,130,01100010,00000000,0.056152344 -0.0008544922 0.9981079 0.024047852,117 117 117
1772811846.067914,140,01100010,00000000,0.056152344 -0.0008544922 0.9981079 0.024047852,117 117 117
1772811860.901367,10,01100010,00000000,0.056152344 -0.0008544922 0.9981079 0.024047852,117 117 117
1772811861.41011,20,01100010,00000000,0.06201172 0.33483887 0.9402466 0,23 23 23
1772811861.917148,30,01100010,00000000,0.06774902 0.33520508 0.93969727 -0.0052490234,53 53 53
1772811862.432164,40,01100010,00000000,0.06463623 0.33514404 0.9399414 -0.0026855469,73 73 73
1772811862.998498,50,01100010,00000000,0.06585693 0.335083 0.9398804 -0.0025634766,89 89 89
1772811863.453147,60,01100010,00000000,0.06488037 0.335083 0.9399414 -0.0018920898,99 99 99
1772811864.018936,70,01100010,00000000,0.0637207 0.33496094 0.9400635 0.00061035156,109 109 109
1772811864.526106,80,01100010,00000000,0.0647583 0.33496094 0.94000244 -0.00018310547,117 117 117
1772811865.032284,90,01100010,00000000,0.065979004 0.33496094 0.9398804 -0.0006713867,117 117 117
1772811865.544503,100,01100010,00000000,0.062438965 0.3347168 0.9402466 0.0053710938,117 117 117
1772811866.045571,110,01100010,00000000,0.06109619 0.33465576 0.94036865 0.0064697266,117 117 117
1772811866.554912,120,01100010,00000000,0.06121826 0.33465576 0.9403076 0.006713867,117 117 117
1772811867.099143,130,01100010,00000000,0.060424805 0.33459473 0.94036865 0.0072631836,117 117 117
1772811867.611247,140,01100010,00000000,0.05987549 0.33465576 0.9404297 0.0068359375,117 117 117
1772811868.064913,150,01100010,00000000,0.05987549 0.33465576 0.9404297 0.0068359375,117 117 117
1772811868.630809,160,01100010,00000000,0.06085205 0.3347168 0.94036865 0.00592041,117 117 117
1772811869.201181,170,01100110,00000000,0.055114746 0.3347168 0.9406738 0.0071411133,117 117 117
1772811869.711505,180,01100110,00000000,-0.07208252 0.3824463 0.9188843 0.06500244,117 117 117
1772811870.155341,190,01100110,00000010,-0.05493164 0.333313 0.93688965 0.08996582,117 117 117
1772811870.736513,200,01100110,00000010,-0.1920166 0.37963867 0.90460205 -0.026306152,117 117 117
1772811871.054007,210,01100111,00000010,0.020141602 0.36676025 0.93011475 0.002380371,117 117 117
1772811871.321435,220,01100111,00000010,0.040100098 0.34924316 0.9361572 -0.0017089844,4 300 127
1772811871.577689,230,01100111,00000010,0.043029785 0.34698486 0.93688965 -0.0033569336,4 300 127
1772811871.77209,240,01100111,00000010,0.040283203 0.347229 0.93688965 -0.005859375,4 300 127
1772811872.102978,250,01100111,00000010,0.038208008 0.34729004 0.9369507 -0.0052490234,4 300 127
1772811872.236721,0,01100111,00000010,0.035827637 0.34729004 0.93707275 -0.0044555664,4 300 127
1772811872.502484,10,01100111,00000010,0.035705566 0.34729004 0.93707275 -0.0045166016,4 300 127
1772811872.727728,20,01100111,00000010,0.033935547 0.34729004 0.9371338 -0.0040283203,4 300 127
1772811872.984591,30,01100111,00000010,0.029846191 0.33825684 0.94055176 0.00982666,4 300 127
1772811873.318537,40,01100111,00000010,0.026367188 0.28393555 0.9584961 -0.003967285,18 300 114
1772811873.583898,50,01100111,00000010,0.05230713 0.2855835 0.9569092 -0.008544922,60 300 111
1772811873.784629,60,01100111,00000010,0.052612305 0.28582764 0.9567871 -0.0056152344,79 300 111
1772811874.041545,70,01100111,00000010,0.052124023 0.28588867 0.95684814 -0.005065918,89 300 111
1772811874.364867,80,01100111,00000010,0.051757812 0.2859497 0.95684814 -0.0044555664,97 300 111
1772811874.559059,90,01100111,00000010,0.049316406 0.2859497 0.9569702 -0.003479004,100 300 111
1772811874.814637,100,01100111,00000010,0.047790527 0.28601074 0.95703125 -0.0030517578,101 300 111
1772811875.134441,110,01100111,00000010,0.045715332 0.28607178 0.9570923 -0.0021972656,104 300 111
1772811875.349099,120,01100111,00000010,0.04559326 0.28607178 0.9570923 -0.0028076172,104 300 111
1772811875.614075,130,01100111,00000010,0.043151855 0.2861328 0.95721436 -0.0028686523,104 300 111
1772811875.869161,140,01100111,00000010,0.04449463 0.28607178 0.9571533 -0.0014648438,107 300 111
1772811876.130883,150,01100111,00000010,0.046203613 0.28607178 0.9570923 -0.001159668,109 300 111
1772811876.396336,160,01100111,00000010,0.045959473 0.28607178 0.9570923 -0.0010375977,109 300 111
1772811876.666294,170,01100111,00000010,0.046813965 0.28607178 0.9570923 -0.00036621094,109 300 111
1772811876.982577,180,01100111,00000010,0.046813965 0.28601074 0.9570923 0.0005493164,109 300 111
1772811877.261417,190,01100111,00000010,0.047729492 0.28607178 0.95703125 0.00024414062,105 300 122
1772811877.520105,200,01100111,00000010,0.04827881 0.2861328 0.9569702 -0.0014038086,105 300 120
1772811877.778418,210,01100111,00000010,0.04901123 0.28607178 0.9569702 0.00012207031,108 300 119
1772811878.045243,220,01100111,00000010,0.050354004 0.28607178 0.9569092 0.0008544922,110 300 119
1772811878.310707,230,01100111,00000010,0.05078125 0.28607178 0.95684814 0.0008544922,110 300 119
1772811878.57827,240,01100111,00000010,0.050720215 0.28607178 0.95684814 0.0009765625,110 300 119
1772811878.779448,250,01100111,00000010,0.05065918 0.28607178 0.95684814 0.0010986328,110 300 119
1772811878.977437,0,01100111,00000010,0.05065918 0.28607178 0.95684814 0.001159668,110 300 119
1772811879.232822,10,01100111,00000010,0.05065918 0.28607178 0.95684814 0.001159668,110 300 119
1772811879.493404,20,01100111,00000010,0.05065918 0.28607178 0.95684814 0.0010986328,110 300 119
1772811879.758795,30,01100111,00000010,0.050476074 0.28619385 0.95684814 -0.0012817383,107 300 118
1772811880.02409,40,01100111,00000010,0.05041504 0.28619385 0.95684814 -0.0017089844,108 300 118
1772811880.279343,50,01100111,00000010,0.05029297 0.28625488 0.95684814 -0.0021362305,108 300 118
1772811880.56995,60,01100111,00000010,0.05029297 0.28625488 0.95684814 -0.0021362305,108 300 118
1772811880.847175,70,01100111,00000010,0.05029297 0.28625488 0.95684814 -0.0021362305,103 300 128
1772811881.109682,80,01100111,00000010,0.05029297 0.28625488 0.95684814 -0.0021362305,103 300 128
1772811881.374538,90,01100111,00000010,0.05029297 0.28625488 0.95684814 -0.0021362305,103 300 128
1772811881.641872,100,01100111,00000010,0.05029297 0.28625488 0.95684814 -0.0021362305,103 300 128
1772811881.903548,110,01100111,00000010,0.05029297 0.28625488 0.95684814 -0.0021362305,103 300 128
1772811882.157953,120,01100111,00000010,0.05029297 0.28625488 0.95684814 -0.0021362305,103 300 128
1772811882.410948,130,01100111,00000010,0.05029297 0.28625488 0.95684814 -0.0021362305,103 300 128
1772811882.66601,140,01100111,00000010,0.05029297 0.28625488 0.95684814 -0.0021362305,103 300 128
1772811882.922753,150,01100111,00000010,0.05029297 0.28625488 0.95684814 -0.0021362305,103 300 128
1772811883.181799,160,01100111,00000010,0.05029297 0.28625488 0.95684814 -0.0021362305,103 300 128
1772811883.506427,170,01100111,00000010,0.05029297 0.28625488 0.95684814 -0.0021362305,103 300 128
1772811883.772206,180,01100111,00000010,0.05029297 0.28625488 0.95684814 -0.0021362305,99 300 132
1772811889.921136,0,01101101,00000010,0.05029297 0.28625488 0.95684814 -0.0021362305,99 300 132
1772811890.704659,10,01101101,00000010,0.051574707 0.28656006 0.95666504 -0.003112793,99 300 132
1772811892.039239,20,01101101,00000010,0.051635742 0.28656006 0.95666504 -0.002746582,99 300 132
1772811893.223071,30,01101101,00000010,0.051208496 0.28656006 0.95666504 -0.003112793,99 300 132
1772811894.459532,40,01101101,00000010,0.050231934 0.2866211 0.9567261 -0.0012817383,99 300 132
1772811895.662498,50,01101101,00000010,-0.03930664 0.41912842 0.9069214 0.0146484375,99 300 132
1772811896.843591,60,01101101,00000010,0.056640625 0.3458252 0.93652344 0.009216309,99 300 132
1772811897.96388,70,01101101,00000010,0.068359375 0.34698486 0.93536377 -0.0072631836,99 300 132
1772811899.317483,80,01101101,00000010,-0.024658203 0.41723633 0.9083252 -0.018005371,99 300 132
1772811900.369576,90,01101101,00000010,-0.021606445 0.38006592 0.9246826 0.008728027,99 300 132
1772811901.70822,100,01101101,00000010,0.018310547 0.32861328 0.9440918 -0.018981934,99 300 132
1772811902.964506,110,01101101,00000010,0.05529785 0.30541992 0.95062256 0,99 300 132
1772811903.878517,120,01101111,00000010,-0.009033203 0.446167 0.8944702 -0.027648926,99 300 132
1772811904.154171,130,01101111,00000010,0.032409668 0.36767578 0.928833 0.032287598,64 300 145
1772811904.42472,140,01101111,00000010,0.12896729 -0.43914795 -0.8843994 -0.09106445,295 59 158
1772811904.688514,150,01101111,00000010,0.11218262 -0.44158936 -0.8898926 -0.023498535,295 1 154
1772811904.958873,160,01101111,00000010,0.11694336 -0.43218994 -0.894104 -0.011657715,295 1 149
1772811905.22627,170,01101111,00000010,0.091674805 -0.4169922 -0.9042969 0.00030517578,295 1 148
1772811905.492005,180,01101111,00000010,0.072509766 -0.41101074 -0.9086914 0.0068969727,295 1 148
1772811905.754715,190,01101111,00000010,0.05883789 -0.39874268 -0.91516113 -0.00030517578,295 1 148
1772811906.02365,200,01101111,00000010,0.015258789 -0.38476562 -0.92285156 0.0107421875,295 1 148
1772811906.222462,210,01101111,00000010,0.029968262 0.3597412 0.9324951 -0.012817383,177 208 142
1772811906.552886,220,01101111,00000010,0.047790527 0.33392334 0.9413452 -0.0072021484,25 300 132
1772811906.819666,230,01101111,00000010,0.05303955 0.33129883 0.94189453 -0.016418457,4 300 132
1772811907.022244,240,01101111,00000010,0.049743652 0.33062744 0.9423218 -0.01550293,4 300 132
1772811908.581744,0,01101101,00000010,0.053955078 0.33294678 0.94122314 -0.016296387,4 300 132
1772811909.928604,10,01101101,00000010,0.025512695 0.26452637 0.96398926 0.00982666,4 300 132
1772811911.172177,20,01101101,00000010,0.051818848 0.26501465 0.9627075 0.016906738,4 300 132
1772811912.291715,30,01101101,00000010,-0.010314941 0.40368652 0.90930176 0.1005249,4 300 132
1772811913.622774,40,01101101,00000010,0.018432617 0.40386963 0.9144287 0.018493652,4 300 132
1772811914.17555,50,01101111,00000010,0.11529541 0.35546875 0.92736816 0.019592285,4 300 132
1772811914.440986,60,01101111,00000010,0.059753418 0.36505127 0.9259033 0.07659912,5 300 136
1772811914.70863,70,01101111,00000010,0.03302002 0.38116455 0.9230957 -0.038635254,4 300 136
1772811914.976373,80,01101111,00000010,0.041015625 0.39154053 0.9164429 -0.07147217,4 300 136
1772811915.241719,90,01101111,00000010,0.04547119 0.39367676 0.9140625 -0.08630371,4 300 136
1772811915.505312,100,01101111,00000010,0.046020508 0.39630127 0.91278076 -0.087768555,4 300 136
1772811915.773514,110,01101111,00000010,0.0435791 0.3963623 0.9133301 -0.08251953,4 300 136
1772811916.039163,120,01101111,00000010,0.045410156 0.3996582 0.91137695 -0.08728027,4 300 136
1772811916.305784,130,01101111,00000010,0.043518066 0.40148926 0.9109497 -0.08392334,4 300 136
1772811916.507995,140,01101111,00000010,0.04534912 0.40167236 0.9107666 -0.084472656,4 300 136
1772811916.774028,150,01101111,00000010,0.041137695 0.4025879 0.91082764 -0.08166504,4 300 136
1772811917.040272,160,01101111,00000010,0.036987305 0.4105835 0.9082031 -0.07232666,4 300 136
1772811917.308223,170,01101111,00000010,0.0013427734 0.4527588 0.8914795 -0.01574707,4 300 136
1772811917.573297,180,01101111,00000010,0.0413208 -0.42352295 -0.9048462 -0.01361084,204 1 129
1772811917.838214,190,01101111,00000010,0.010375977 0.4321289 0.901062 -0.03527832,220 75 130
1772811918.095421,200,01101111,00000010,0.004699707 0.43432617 0.90063477 -0.01171875,29 300 130
1772811918.316218,210,01101111,00000010,0.008911133 0.4281006 0.9036865 -0.0068359375,4 300 128
1772811918.647523,220,01101111,00000010,0.010192871 0.4281006 0.9036865 -0.005493164,4 300 128
1772811918.866202,230,01101111,00000010,0.010437012 0.4281006 0.9036865 -0.005493164,4 300 128
1772811919.134192,240,01101111,00000010,0.010681152 0.4281006 0.9036865 -0.0053710938,4 300 128
1772811919.406198,250,01101111,00000010,0.010864258 0.4281006 0.9036255 -0.0053100586,4 300 128
1772811919.540675,0,01101111,00000010,0.010925293 0.4281006 0.9036255 -0.0052490234,4 300 128
1772811919.803971,10,01101111,00000010,0.010925293 0.4281006 0.9036255 -0.0052490234,4 300 128
1772811920.059504,20,01101111,00000010,0.010925293 0.4281006 0.9036255 -0.0052490234,4 300 128
1772811920.32716,30,01101111,00000010,0.010925293 0.4281006 0.9036255 -0.0052490234,4 300 128
1772811920.608562,40,01101111,00000010,0.010925293 0.4281006 0.9036255 -0.0052490234,4 300 128
1772811920.898977,50,01101111,00000010,0.010925293 0.4281006 0.9036255 -0.0052490234,4 300 128
1772811921.122739,60,01101111,00000010,0.010925293 0.4281006 0.9036255 -0.0052490234,4 300 128
1772811921.39124,70,01101111,00000010,0.010925293 0.4281006 0.9036255 -0.0052490234,4 300 128
1772811921.673403,80,01101111,00000010,0.010925293 0.4281006 0.9036255 -0.0052490234,4 300 128
1772811921.931946,90,01101111,00000010,0.010925293 0.4281006 0.9036255 -0.0052490234,4 300 128
1772811922.123641,100,01101111,00000010,0.010925293 0.4281006 0.9036255 -0.0052490234,4 300 128
1772811922.455657,110,01101111,00000010,0.010925293 0.4281006 0.9036255 -0.0052490234,4 300 128
1772811922.721936,120,01101111,00000010,0.010925293 0.4281006 0.9036255 -0.0052490234,4 300 128
1772811922.928647,130,01101111,00000010,0.010925293 0.4281006 0.9036255 -0.0052490234,4 300 128
1772811923.160113,140,01101111,00000010,0.010925293 0.4281006 0.9036255 -0.0052490234,4 300 128
1772811923.489286,150,01101111,00000010,0.010925293 0.4281006 0.9036255 -0.0052490234,4 300 128
1772811923.687994,160,01101111,00000010,0.010925293 0.4281006 0.9036255 -0.0052490234,4 300 128
1772811923.976928,170,01101111,00000010,0.010925293 0.4281006 0.9036255 -0.0052490234,4 300 128
1772811924.23921,180,01101111,00000010,0.010925293 0.4281006 0.9036255 -0.0052490234,4 300 128
1772811924.510945,190,01101111,00000010,0.010925293 0.4281006 0.9036255 -0.0052490234,4 300 128
1772811924.787891,200,01101111,00000010,0.010925293 0.4281006 0.9036255 -0.0052490234,4 300 128
1772811924.98808,210,01101111,00000010,0.010925293 0.4281006 0.9036255 -0.0052490234,4 300 128
1772811925.322609,220,01101111,00000010,0.010925293 0.4281006 0.9036255 -0.0052490234,4 300 128
1772811925.586184,230,01101111,00000010,0.010925293 0.4281006 0.9036255 -0.0052490234,4 300 128
1772811925.851504,240,01101111,00000010,0.010925293 0.4281006 0.9036255 -0.0052490234,4 300 128
1772811926.051453,250,01101111,00000010,0.010925293 0.4281006 0.9036255 -0.0052490234,4 300 128
1772811926.185217,0,01101111,00000010,0.010925293 0.4281006 0.9036255 -0.0052490234,4 300 128
1772811926.52126,10,01101111,00000010,0.010925293 0.4281006 0.9036255 -0.0052490234,4 300 128
1772811926.735279,20,01101111,00000010,0.010925293 0.4281006 0.9036255 -0.0052490234,4 300 128
1772811927.001696,30,01101111,00000010,0.010925293 0.4281006 0.9036255 -0.0052490234,4 300 128
1772811927.229389,40,01101111,00000010,0.010925293 0.4281006 0.9036255 -0.0052490234,4 300 128
1772811927.550168,50,01101111,00000010,0.010925293 0.4281006 0.9036255 -0.0052490234,4 300 128
1772811927.816449,60,01101111,00000010,0.010925293 0.4281006 0.9036255 -0.0052490234,4 300 128
1772811928.091511,70,01101111,00000010,0.010925293 0.4281006 0.9036255 -0.0052490234,4 300 128
1772811928.300684,80,01101111,00000010,0.010925293 0.4281006 0.9036255 -0.0052490234,4 300 128
1772811928.568311,90,01101111,00000010,0.010925293 0.4281006 0.9036255 -0.0052490234,4 300 128
1772811928.845805,100,01101111,00000010,0.010925293 0.4281006 0.9036255 -0.0052490234,4 300 128
1772811929.076325,110,01101111,00000010,0.010925293 0.4281006 0.9036255 -0.0052490234,4 300 128
1772811929.397441,120,01101111,00000010,0.010925293 0.4281006 0.9036255 -0.0052490234,4 300 128
1772811929.596954,130,01101111,00000010,0.010925293 0.4281006 0.9036255 -0.0052490234,4 300 128
1772811929.85229,140,01101111,00000010,0.010925293 0.4281006 0.9036255 -0.0052490234,4 300 128
1772811930.17886,150,01101111,00000010,0.010925293 0.4281006 0.9036255 -0.0052490234,4 300 128
1772811930.434459,160,01101111,00000010,0.010925293 0.4281006 0.9036255 -0.0052490234,4 300 128
1772811930.649335,170,01101111,00000010,0.010925293 0.4281006 0.9036255 -0.0052490234,4 300 128
1772811930.912776,180,01101111,00000010,0.010925293 0.4281006 0.9036255 -0.0052490234,4 300 128
1772811931.204355,190,01101111,00000010,0.010925293 0.4281006 0.9036255 -0.0052490234,4 300 128
1772811931.465272,200,01101111,00000010,0.010925293 0.4281006 0.9036255 -0.0052490234,4 300 128
1772811931.730159,210,01101111,00000010,0.010925293 0.4281006 0.9036255 -0.0052490234,4 300 128
1772811931.997017,220,01101111,00000010,0.010925293 0.4281006 0.9036255 -0.0052490234,4 300 128
1772811932.219241,230,01101111,00000010,0.010925293 0.4281006 0.9036255 -0.0052490234,4 300 128
1772811932.491589,240,01101111,00000010,0.010925293 0.4281006 0.9036255 -0.0052490234,4 300 128
1772811932.760917,250,01101111,00000010,0.010925293 0.4281006 0.9036255 -0.0052490234,4 300 128
1772811932.901088,0,01101111,00000010,0.010925293 0.4281006 0.9036255 -0.0052490234,4 300 128
1772811933.16151,10,01101111,00000010,0.010925293 0.4281006 0.9036255 -0.0052490234,4 300 128
1772811933.467945,20,01101111,00000010,0.010925293 0.4281006 0.9036255 -0.0052490234,4 300 128
1772811933.727704,30,01101111,00000010,0.010925293 0.4281006 0.9036255 -0.0052490234,4 300 128
1772811933.92499,40,01101111,00000010,0.010925293 0.4281006 0.9036255 -0.0052490234,4 300 128
1772811934.213072,50,01101111,00000010,0.010925293 0.4281006 0.9036255 -0.0052490234,4 300 128
1772811934.486477,60,01101111,00000010,0.010925293 0.4281006 0.9036255 -0.0052490234,4 300 128
1772811934.694646,70,01101111,00000010,0.010925293 0.4281006 0.9036255 -0.0052490234,4 300 128
1772811934.961098,80,01101111,00000010,0.010925293 0.4281006 0.9036255 -0.0052490234,4 300 128
1772811935.227282,90,01101111,00000010,0.010925293 0.4281006 0.9036255 -0.0052490234,4 300 128
1772811935.489156,100,01101111,00000010,0.010925293 0.4281006 0.9036255 -0.0052490234,4 300 128
1772811935.756786,110,01101111,00000010,0.010925293 0.4281006 0.9036255 -0.0052490234,4 300 128
1772811936.036559,120,01101111,00000010,0.010925293 0.4281006 0.9036255 -0.0052490234,4 300 128
1772811936.313509,130,01101111,00000010,0.010925293 0.4281006 0.9036255 -0.0052490234,4 300 128
1772811936.580319,140,01101111,00000010,0.010925293 0.4281006 0.9036255 -0.0052490234,4 300 128
1772811936.780881,150,01101111,00000010,0.010925293 0.4281006 0.9036255 -0.0052490234,4 300 128
1772811937.056849,160,01101111,00000010,0.010925293 0.4281006 0.9036255 -0.0052490234,4 300 128
1772811937.344684,170,01101111,00000010,0.010925293 0.4281006 0.9036255 -0.0052490234,4 300 128
1772811937.60818,180,01101111,00000010,0.010925293 0.4281006 0.9036255 -0.0052490234,4 300 128
1772811937.876178,190,01101111,00000010,0.010925293 0.4281006 0.9036255 -0.0052490234,4 300 128
1772811938.134274,200,01101111,00000010,0.010925293 0.4281006 0.9036255 -0.0052490234,4 300 128
1772811938.354983,210,01101111,00000010,0.010925293 0.4281006 0.9036255 -0.0052490234,4 300 128
1772811938.616227,220,01101111,00000010,0.010925293 0.4281006 0.9036255 -0.0052490234,4 300 128
1772811938.884901,230,01101111,00000010,0.010925293 0.4281006 0.9036255 -0.0052490234,4 300 128
1772811939.150528,240,01101111,00000010,0.010925293 0.4281006 0.9036255 -0.0052490234,4 300 128
1772811939.418479,250,01101111,00000010,0.010925293 0.4281006 0.9036255 -0.0052490234,4 300 128
1772811939.55129,0,01101111,00000010,0.010925293 0.4281006 0.9036255 -0.0052490234,4 300 128
1772811939.817173,10,01101111,00000010,0.010925293 0.4281006 0.9036255 -0.0052490234,4 300 128
1772811940.080133,20,01101111,00000010,0.010925293 0.4281006 0.9036255 -0.0052490234,4 300 128
1772811940.399483,30,01101111,00000010,0.010925293 0.4281006 0.9036255 -0.0052490234,4 300 128
1772811940.599799,40,01101111,00000010,0.010925293 0.4281006 0.9036255 -0.0052490234,4 300 128
1772811940.862577,50,01101111,00000010,0.010925293 0.4281006 0.9036255 -0.0052490234,4 300 128
1772811941.124832,60,01101111,00000010,0.010925293 0.4281006 0.9036255 -0.0052490234,4 300 128
1772811941.384023,70,01101111,00000010,0.010925293 0.4281006 0.9036255 -0.0052490234,4 300 128
1772811941.648389,80,01101111,00000010,0.010925293 0.4281006 0.9036255 -0.0052490234,4 300 128
1772811941.916129,90,01101111,00000010,0.010925293 0.4281006 0.9036255 -0.0052490234,4 300 128
1772811942.195409,100,01101111,00000010,0.010925293 0.4281006 0.9036255 -0.0052490234,4 300 128
1772811942.448171,110,01101111,00000010,0.010925293 0.4281006 0.9036255 -0.0052490234,4 300 128
1772811942.647209,120,01101111,00000010,0.010925293 0.4281006 0.9036255 -0.0052490234,4 300 128
1772811943.002695,130,01101111,00000010,0.010925293 0.4281006 0.9036255 -0.0052490234,4 300 128
1772811943.203627,140,01101111,00000010,0.010925293 0.4281006 0.9036255 -0.0052490234,4 300 128
1772811943.461696,150,01101111,00000010,0.010925293 0.4281006 0.9036255 -0.0052490234,4 300 128
1772811943.738757,160,01101111,00000010,0.010925293 0.4281006 0.9036255 -0.0052490234,4 300 128
1772811943.938759,170,01101111,00000010,0.010925293 0.4281006 0.9036255 -0.0052490234,4 300 128
1772811944.263789,180,01101111,00000010,0.010925293 0.4281006 0.9036255 -0.0052490234,4 300 128
1772811944.530163,190,01101111,00000010,0.010925293 0.4281006 0.9036255 -0.0052490234,4 300 128
1772811944.79784,200,01101111,00000010,0.010925293 0.4281006 0.9036255 -0.0052490234,4 300 128
1772811944.99846,210,01101111,00000010,0.010925293 0.4281006 0.9036255 -0.0052490234,4 300 128
1772811945.331958,220,01101111,00000010,0.010925293 0.4281006 0.9036255 -0.0052490234,4 300 128
1772811945.529373,230,01101111,00000010,0.010925293 0.4281006 0.9036255 -0.0052490234,4 300 128
1772811945.811729,240,01101111,00000010,0.010925293 0.4281006 0.9036255 -0.0052490234,4 300 128
1772811946.083812,250,01101111,00000010,0.010925293 0.4281006 0.9036255 -0.0052490234,4 300 128
1772811946.213461,0,01101111,00000010,0.010925293 0.4281006 0.9036255 -0.0052490234,4 300 128
1772811946.502469,10,01101111,00000010,0.010925293 0.4281006 0.9036255 -0.0052490234,4 300 128
1772811946.731517,20,01101111,00000010,0.010925293 0.4281006 0.9036255 -0.0052490234,4 300 128
1772811946.996756,30,01101111,00000010,0.010925293 0.4281006 0.9036255 -0.0052490234,4 300 128
1772811947.263177,40,01101111,00000010,0.010925293 0.4281006 0.9036255 -0.0052490234,4 300 128
1772811947.529234,50,01101111,00000010,0.010925293 0.4281006 0.9036255 -0.0052490234,4 300 128
1772811947.794557,60,01101111,00000010,0.010925293 0.4281006 0.9036255 -0.0052490234,4 300 128
1772811948.055929,70,01101111,00000010,0.010925293 0.4281006 0.9036255 -0.0052490234,4 300 128
1772811948.322981,80,01101111,00000010,0.010925293 0.4281006 0.9036255 -0.0052490234,4 300 128
1772811948.589578,90,01101111,00000010,0.010925293 0.4281006 0.9036255 -0.0052490234,4 300 128
1772811948.846517,100,01101111,00000010,0.010925293 0.4281006 0.9036255 -0.0052490234,4 300 128
1772811949.102571,110,01101111,00000010,0.010925293 0.4281006 0.9036255 -0.0052490234,4 300 128
1772811949.384311,120,01101111,00000010,0.010925293 0.4281006 0.9036255 -0.0052490234,4 300 128
1772811949.639984,130,01101111,00000010,0.010925293 0.4281006 0.9036255 -0.0052490234,4 300 128
1772811949.921611,140,01101111,00000010,0.010925293 0.4281006 0.9036255 -0.0052490234,4 300 128
1772811950.111907,150,01101111,00000010,0.010925293 0.4281006 0.9036255 -0.0052490234,4 300 128
1772811950.368815,160,01101111,00000010,0.010925293 0.4281006 0.9036255 -0.0052490234,4 300 128
1772811950.660962,170,01101111,00000010,0.010925293 0.4281006 0.9036255 -0.0052490234,4 300 128
1772811950.921501,180,01101111,00000010,0.010925293 0.4281006 0.9036255 -0.0052490234,4 300 128
1772811951.184236,190,01101111,00000010,0.010925293 0.4281006 0.9036255 -0.0052490234,4 300 128
1772811951.453162,200,01101111,00000010,0.010925293 0.4281006 0.9036255 -0.0052490234,4 300 128
1772811951.716602,210,01101111,00000010,0.010925293 0.4281006 0.9036255 -0.0052490234,4 300 128
1772811951.983218,220,01101111,00000010,0.010925293 0.4281006 0.9036255 -0.0052490234,4 300 128
1772811952.242008,230,01101111,00000010,0.010925293 0.4281006 0.9036255 -0.0052490234,4 300 128
1772811952.501199,240,01101111,00000010,0.010925293 0.4281006 0.9036255 -0.0052490234,4 300 128
1772811952.755934,250,01101111,00000010,0.010925293 0.4281006 0.9036255 -0.0052490234,4 300 128
1772811952.886749,0,01101111,00000010,0.010925293 0.4281006 0.9036255 -0.0052490234,4 300 128
1772811953.151558,10,01101111,00000010,0.010925293 0.4281006 0.9036255 -0.0052490234,4 300 128
1772811953.416777,20,01101111,00000010,0.010925293 0.4281006 0.9036255 -0.0052490234,4 300 128
1772811953.671378,30,01101111,00000010,0.010925293 0.4281006 0.9036255 -0.0052490234,4 300 128
1772811953.93333,40,01101111,00000010,0.010925293 0.4281006 0.9036255 -0.0052490234,4 300 128
1772811954.208544,50,01101111,00000010,0.010925293 0.4281006 0.9036255 -0.0052490234,4 300 128
1772811954.469021,60,01101111,00000010,0.010925293 0.4281006 0.9036255 -0.0052490234,4 300 128
1772811954.741911,70,01101111,00000010,0.010925293 0.4281006 0.9036255 -0.0052490234,4 300 128
1772811955.019818,80,01101111,00000010,0.010925293 0.4281006 0.9036255 -0.0052490234,4 300 128
1772811955.240711,90,01101111,00000010,0.010925293 0.4281006 0.9036255 -0.0052490234,4 300 128
1772811955.496861,100,01101111,00000010,0.010925293 0.4281006 0.9036255 -0.0052490234,4 300 128
1772811955.763242,110,01101111,00000010,0.010925293 0.4281006 0.9036255 -0.0052490234,4 300 128
1772811956.029536,120,01101111,00000010,0.010925293 0.4281006 0.9036255 -0.0052490234,4 300 128
1772811956.30152,130,01101111,00000010,0.010925293 0.4281006 0.9036255 -0.0052490234,4 300 128
1772811956.580142,140,01101111,00000010,0.010925293 0.4281006 0.9036255 -0.0052490234,4 300 128
1772811956.834591,150,01101111,00000010,0.010925293 0.4281006 0.9036255 -0.0052490234,4 300 128
1772811957.094421,160,01101111,00000010,0.010925293 0.4281006 0.9036255 -0.0052490234,4 300 128
1772811957.368748,170,01101111,00000010,0.010925293 0.4281006 0.9036255 -0.0052490234,4 300 128
1772811957.630758,180,01101111,00000010,0.010925293 0.4281006 0.9036255 -0.0052490234,4 300 128
1772811957.891368,190,01101111,00000010,0.010925293 0.4281006 0.9036255 -0.0052490234,4 300 128
1772811958.159758,200,01101111,00000010,0.010925293 0.4281006 0.9036255 -0.0052490234,4 300 128
1772811958.414765,210,01101111,00000010,0.010925293 0.4281006 0.9036255 -0.0052490234,4 300 128
1772811958.675746,220,01101111,00000010,0.010925293 0.4281006 0.9036255 -0.0052490234,4 300 128
1772811958.874651,230,01101111,00000010,0.010925293 0.4281006 0.9036255 -0.0052490234,4 300 128
1772811959.195714,240,01101111,00000010,0.010925293 0.4281006 0.9036255 -0.0052490234,4 300 128
1772811959.393608,250,01101111,00000010,0.010925293 0.4281006 0.9036255 -0.0052490234,4 300 128
1772811959.585312,0,01101111,00000010,0.010925293 0.4281006 0.9036255 -0.0052490234,4 300 128
1772811959.840865,10,01101111,00000010,0.010925293 0.4281006 0.9036255 -0.0052490234,4 300 128
1772811960.106688,20,01101111,00000010,0.010925293 0.4281006 0.9036255 -0.0052490234,4 300 128
1772811960.407327,30,01101111,00000010,0.010925293 0.4281006 0.9036255 -0.0052490234,4 300 128
1772811960.673435,40,01101111,00000010,0.010925293 0.4281006 0.9036255 -0.0052490234,4 300 128
1772811960.874015,50,01101111,00000010,0.010925293 0.4281006 0.9036255 -0.0052490234,4 300 128
1772811961.134906,60,01101111,00000010,0.010925293 0.4281006 0.9036255 -0.0052490234,4 300 128
1772811961.43217,70,01101111,00000010,0.010925293 0.4281006 0.9036255 -0.0052490234,4 300 128
1772811961.690378,80,01101111,00000010,0.010925293 0.4281006 0.9036255 -0.0052490234,4 300 128
1772811961.9548,90,01101111,00000010,0.010925293 0.4281006 0.9036255 -0.0052490234,4 300 128
1772811962.240445,100,01101111,00000010,0.010925293 0.4281006 0.9036255 -0.0052490234,4 300 128
1772811962.504662,110,01101111,00000010,0.010925293 0.4281006 0.9036255 -0.0052490234,4 300 128
1772811962.709067,120,01101111,00000010,0.010925293 0.4281006 0.9036255 -0.0052490234,4 300 128
1772811962.96464,130,01101111,00000010,0.010925293 0.4281006 0.9036255 -0.0052490234,4 300 128
1772811963.223144,140,01101111,00000010,0.010925293 0.4281006 0.9036255 -0.0052490234,4 300 128
1772811963.487092,150,01101111,00000010,0.010925293 0.4281006 0.9036255 -0.0052490234,4 300 128
1772811963.752741,160,01101111,00000010,0.010925293 0.4281006 0.9036255 -0.0052490234,4 300 128
1772811964.010946,170,01101111,00000010,0.010925293 0.4281006 0.9036255 -0.0052490234,4 300 128
1772811964.268795,180,01101111,00000010,0.010925293 0.4281006 0.9036255 -0.0052490234,4 300 128
1772811964.552232,190,01101111,00000010,0.010925293 0.4281006 0.9036255 -0.0052490234,4 300 128
1772811964.818274,200,01101111,00000010,0.010925293 0.4281006 0.9036255 -0.0052490234,4 300 128
1772811965.057052,210,01101111,00000010,0.010925293 0.4281006 0.9036255 -0.0052490234,4 300 128
1772811965.340426,220,01101111,00000010,0.010925293 0.4281006 0.9036255 -0.0052490234,4 300 128
1772811965.600187,230,01101111,00000010,0.010925293 0.4281006 0.9036255 -0.0052490234,4 300 128
1772811965.865814,240,01101111,00000010,0.010925293 0.4281006 0.9036255 -0.0052490234,4 300 128
1772811966.155836,250,01101111,00000010,0.010925293 0.4281006 0.9036255 -0.0052490234,4 300 128
1772811966.29104,0,01101111,00000010,0.010925293 0.4281006 0.9036255 -0.0052490234,4 300 128
1772811966.54948,10,01101111,00000010,0.010925293 0.4281006 0.9036255 -0.0052490234,4 300 128
1772811966.804852,20,01101111,00000010,0.010925293 0.4281006 0.9036255 -0.0052490234,4 300 128
1772811967.061861,30,01101111,00000010,0.010925293 0.4281006 0.9036255 -0.0052490234,4 300 128
1772811967.33192,40,01101111,00000010,0.010925293 0.4281006 0.9036255 -0.0052490234,4 300 128
1772811967.55425,50,01101111,00000010,0.010925293 0.4281006 0.9036255 -0.0052490234,4 300 128
1772811967.838548,60,01101111,00000010,0.010925293 0.4281006 0.9036255 -0.0052490234,4 300 128
1772811968.099366,70,01101111,00000010,0.010925293 0.4281006 0.9036255 -0.0052490234,4 300 128
1772811968.370016,80,01101111,00000010,0.010925293 0.4281006 0.9036255 -0.0052490234,4 300 128
1772811968.570559,90,01101111,00000010,0.010925293 0.4281006 0.9036255 -0.0052490234,4 300 128
1772811968.908593,100,01101111,00000010,0.010925293 0.4281006 0.9036255 -0.0052490234,4 300 128
1772811969.105786,110,01101111,00000010,0.010925293 0.4281006 0.9036255 -0.0052490234,4 300 128
1772811969.372653,120,01101111,00000010,0.010925293 0.4281006 0.9036255 -0.0052490234,4 300 128
1772811969.638344,130,01101111,00000010,0.010925293 0.4281006 0.9036255 -0.0052490234,4 300 128
1772811969.904412,140,01101111,00000010,0.010925293 0.4281006 0.9036255 -0.0052490234,4 300 128
1772811970.17904,150,01101111,00000010,0.010925293 0.4281006 0.9036255 -0.0052490234,4 300 128
1772811970.45108,160,01101111,00000010,0.010925293 0.4281006 0.9036255 -0.0052490234,4 300 128
1772811970.725899,170,01101111,00000010,0.010925293 0.4281006 0.9036255 -0.0052490234,4 300 128
1772811970.93778,180,01101111,00000010,0.010925293 0.4281006 0.9036255 -0.0052490234,4 300 128
1772811971.195726,190,01101111,00000010,0.010925293 0.4281006 0.9036255 -0.0052490234,4 300 128
1772811971.496382,200,01101111,00000010,0.010925293 0.4281006 0.9036255 -0.0052490234,4 300 128
1772811971.692565,210,01101111,00000010,0.010925293 0.4281006 0.9036255 -0.0052490234,4 300 128
1772811972.027305,220,01101111,00000010,0.010925293 0.4281006 0.9036255 -0.0052490234,4 300 128
1772811972.296829,230,01101111,00000010,0.010925293 0.4281006 0.9036255 -0.0052490234,4 300 128
1772811972.56161,240,01101111,00000010,0.010925293 0.4281006 0.9036255 -0.0052490234,4 300 128
1772811972.758652,250,01101111,00000010,0.010925293 0.4281006 0.9036255 -0.0052490234,4 300 128
1772811972.956939,0,01101111,00000010,0.010925293 0.4281006 0.9036255 -0.0052490234,4 300 128
1772811973.219906,10,01101111,00000010,0.010925293 0.4281006 0.9036255 -0.0052490234,4 300 128
1772811973.474354,20,01101111,00000010,0.010925293 0.4281006 0.9036255 -0.0052490234,4 300 128
1772811973.739146,30,01101111,00000010,0.010925293 0.4281006 0.9036255 -0.0052490234,4 300 128
1772811974.001994,40,01101111,00000010,0.010925293 0.4281006 0.9036255 -0.0052490234,4 300 128
1772811974.214724,50,01101111,00000010,0.010925293 0.4281006 0.9036255 -0.0052490234,4 300 128
1772811974.524824,60,01101111,00000010,0.010925293 0.4281006 0.9036255 -0.0052490234,4 300 128
1772811974.791549,70,01101111,00000010,0.010925293 0.4281006 0.9036255 -0.0052490234,4 300 128
1772811975.058889,80,01101111,00000010,0.010925293 0.4281006 0.9036255 -0.0052490234,4 300 128
1772811975.328116,90,01101111,00000010,0.010925293 0.4281006 0.9036255 -0.0052490234,4 300 128
1772811975.612201,100,01101111,00000010,0.010925293 0.4281006 0.9036255 -0.0052490234,4 300 128
1772811975.807461,110,01101111,00000010,0.010925293 0.4281006 0.9036255 -0.0052490234,4 300 128
1772811976.077661,120,01101111,00000010,0.010925293 0.4281006 0.9036255 -0.0052490234,4 300 128
1772811976.371324,130,01101111,00000010,0.010925293 0.4281006 0.9036255 -0.0052490234,4 300 128
1772811976.574729,140,01101111,00000010,0.010925293 0.4281006 0.9036255 -0.0052490234,4 300 128
1772811976.836998,150,01101111,00000010,0.010925293 0.4281006 0.9036255 -0.0052490234,4 300 128
1772811977.103715,160,01101111,00000010,0.010925293 0.4281006 0.9036255 -0.0052490234,4 300 128
1772811977.395206,170,01101111,00000010,0.010925293 0.4281006 0.9036255 -0.0052490234,4 300 128
1772811977.603545,180,01101111,00000010,0.010925293 0.4281006 0.9036255 -0.0052490234,4 300 128
1772811977.875467,190,01101111,00000010,0.010925293 0.4281006 0.9036255 -0.0052490234,4 300 128
1772811978.136492,200,01101111,00000010,0.010925293 0.4281006 0.9036255 -0.0052490234,4 300 128
1772811978.416797,210,01101111,00000010,0.010925293 0.4281006 0.9036255 -0.0052490234,4 300 128
1772812064.632856,0,01100001,00000000,0.010925293 0.4281006 0.9036255 -0.0052490234,4 300 128
1772812065.508353,10,01100001,00000000,0.012756348 -0.09509277 0.9953613 0,0 0 0
1772812066.595197,20,01100001,00000000,0.01373291 -0.09509277 0.9953613 0.00048828125,0 0 0
1772812067.927059,30,01100001,00000000,-0.016357422 0.050476074 0.99853516 -0.013061523,0 0 0
1772812068.810063,40,01100110,00000000,0.058166504 -0.10223389 0.9899292 0.078552246,0 0 0
1772812069.334116,50,01100110,00000000,-0.1161499 -0.037841797 0.9907837 -0.058532715,16 16 16
1772812069.831737,60,01100110,00000000,-0.03930664 -0.015991211 0.9985962 -0.03137207,47 47 47
1772812070.339839,70,01100110,00000000,0.01751709 -0.04498291 0.9987793 0.011047363,69 69 69
1772812070.837399,80,01100110,00000000,0.029846191 0.0026245117 0.99890137 -0.036499023,87 87 87
1772812071.337715,90,01100110,00000000,-0.002319336 -0.013427734 0.9998779 -0.0044555664,97 97 97
1772812071.887331,100,01100110,00000000,0.010559082 -0.013916016 0.9998169 -0.0079956055,107 107 107
1772812072.420868,110,01100110,00000000,0.0076293945 -0.012023926 0.9998169 -0.013549805,117 117 117
1772812072.886823,120,01100110,00000000,0.005126953 -0.01171875 0.99975586 -0.017456055,117 117 117
1772812073.4074,130,01100110,00000000,-0.010559082 -0.02557373 0.9993286 -0.023620605,117 117 117
1772812073.919785,140,01100110,00000000,-0.032165527 -0.037719727 0.99823 -0.032043457,117 117 117
1772812074.456011,150,01100110,00000000,-0.031311035 -0.043762207 0.9974365 -0.047302246,117 117 117
1772812075.004583,160,01100110,00000000,-0.017578125 -0.051635742 0.99749756 -0.04498291,117 117 117
1772812075.491192,170,01100110,00000000,-0.016906738 -0.048034668 0.9977417 -0.04321289,117 117 117
1772812075.972953,180,01100110,00000000,-0.045654297 -0.057373047 0.9953613 -0.061828613,117 117 117
1772812076.531947,190,01100110,00000010,0.010253906 -0.043884277 0.9935303 -0.10455322,117 117 117
1772812077.032011,200,01100110,00000010,0.087768555 -0.17047119 0.97998047 0.053894043,117 117 117
1772812077.511679,210,01100111,00000010,0.08319092 -0.08129883 0.9904785 -0.07354736,117 117 117
1772812077.803871,220,01100111,00000010,0.017822266 0.13922119 -0.98876953 -0.050842285,126 73 128
1772812078.098446,230,01100111,00000010,0.047302246 0.14483643 -0.9868164 -0.05444336,142 1 134
1772812078.290919,240,01100111,00000010,0.05065918 0.1494751 -0.98620605 -0.050231934,141 1 137
1772812078.55715,250,01100111,00000010,0.064208984 0.14587402 -0.9859009 -0.05053711,146 1 142
1772812078.691447,0,01100111,00000010,0.03466797 0.11138916 -0.9929199 -0.022216797,119 1 152
1772812078.955133,10,01100111,00000010,0.014404297 0.09362793 -0.99542236 -0.012390137,114 1 155
1772812079.221448,20,01100111,00000010,0.020324707 -0.06964111 0.9972534 -0.012878418,99 208 148
1772812079.4954,30,01100111,00000010,0.042175293 -0.051452637 0.9970093 -0.039855957,70 300 145
1772812079.771543,40,01100111,00000010,0.04284668 -0.049194336 0.9957886 -0.064697266,56 300 139
1772812080.03872,50,01100111,00000010,0.028564453 -0.07342529 0.9949341 -0.06237793,79 300 125
1772812080.306486,60,01100111,00000010,0.022766113 -0.12750244 0.9909668 -0.034851074,147 300 93
1772812080.50798,70,01100111,00000010,0.0038452148 -0.122680664 0.9923706 -0.010131836,196 300 95
1772812080.83711,80,01100111,00000010,0.010070801 0.111450195 -0.9935303 -0.017822266,205 90 105
1772812081.105455,90,01100111,00000010,0.031188965 0.10498047 -0.9923706 -0.056396484,237 1 118
1772812081.306185,100,01100111,00000010,0.014038086 0.08258057 -0.99450684 -0.06311035,224 1 129
1772812081.581167,110,01100111,00000010,0.0040893555 -0.08288574 0.9958496 0.03753662,179 165 130
1772812081.841832,120,01100111,00000010,0.0010986328 0.084106445 -0.99591064 -0.033325195,169 1 135
1772812082.103549,130,01100111,00000010,0.0030517578 -0.082092285 0.99627686 0.026428223,153 300 130
1772812082.381435,140,01100111,00000010,0.006652832 -0.076049805 0.99676514 0.025146484,142 300 128
1772812082.662454,150,01100111,00000010,0.0012817383 0.07824707 -0.9968262 -0.016479492,131 285 127
1772812082.860935,160,01100111,00000010,0.008483887 0.08178711 -0.99645996 -0.018005371,138 1 133
1772812083.18243,170,01100111,00000010,0.009094238 0.07763672 -0.9968262 -0.016418457,141 1 139
1772812083.381762,180,01100111,00000010,0.0051879883 0.07897949 -0.99676514 -0.013122559,141 1 139
1772812083.653566,190,01100111,00000010,0.004638672 0.078186035 -0.9968262 -0.014526367,144 1 139
1772812083.931941,200,01100111,00000010,0.005493164 0.074035645 -0.9971924 -0.01159668,145 1 140
1772812084.198985,210,01100111,00000010,0.009155273 0.07623291 -0.99694824 -0.013977051,151 1 140
1772812084.461599,220,01100111,00000010,0.0028686523 0.07421875 -0.9971924 -0.012329102,151 1 140
1772812084.735706,230,01100111,00000010,0.007385254 0.07519531 -0.9970093 -0.0146484375,155 1 140
1772812084.961198,240,01100111,00000010,0.007751465 0.07788086 -0.9968262 -0.012817383,153 1 140
1772812085.230585,250,01100111,00000010,0.003967285 0.07543945 -0.9970093 -0.016357422,154 1 142
1772812085.377968,0,01100111,00000010,0.0025634766 0.075683594 -0.9970703 -0.013122559,152 1 142
1772812085.656972,10,01100111,00000010,0.006225586 0.08135986 -0.99658203 -0.014892578,156 1 143
1772812085.921978,20,01100111,00000010,0.003479004 0.055114746 -0.99786377 0.034301758,104 1 151
1772812086.1866,30,01100111,00000010,0.031982422 -0.005554199 0.9994507 -0.0068359375,155 213 156
1772812086.448908,40,01100111,00000010,0.035888672 0.022399902 0.9990845 -0.0020141602,165 300 152
1772812086.677986,50,01100111,00000010,0.03955078 0.022521973 0.9989624 -0.002380371,152 300 140
1772812086.946134,60,01100111,00000010,0.04058838 0.022521973 0.99890137 -0.0012207031,142 300 132
1772812087.265826,70,01100111,00000010,0.041381836 0.022583008 0.99890137 -0.00036621094,132 300 132
1772812087.460384,80,01100111,00000010,0.042236328 0.022583008 0.99884033 0.00048828125,127 300 132
1772812087.746862,90,01100111,00000010,0.042785645 0.022644043 0.99884033 0.0009765625,126 300 132
1772812088.028564,100,01100111,00000010,0.043151855 0.022644043 0.99884033 0.0013427734,126 300 132
1772812088.292076,110,01100111,00000010,0.04345703 0.022644043 0.9987793 0.0016479492,126 300 132
1772812088.5542,120,01100111,00000010,0.051574707 0.022460938 0.9984131 -0.0032348633,120 300 130
1772812088.770735,130,01100111,00000010,0.015075684 0.0045776367 0.9996338 0.021911621,170 300 113
1772812089.045964,140,01100111,00000010,0.018798828 -0.013977051 -0.9996948 -0.0028686523,147 47 122
1772812089.306948,150,01100111,00000010,0.0056762695 0.008728027 0.99993896 0.006958008,156 275 124
1772812089.587599,160,01100111,00000010,0.020446777 -0.0032348633 0.99975586 0.0021972656,146 300 114
1772812089.794864,170,01100111,00000010,0.024230957 -0.0020751953 0.9996338 0.0095825195,161 300 113
1772812090.060022,180,01100111,00000010,0.034118652 -0.0016479492 0.99938965 0.007873535,153 300 111
1772812090.324429,190,01100111,00000010,0.034240723 -0.0016479492 0.99938965 0.008178711,143 300 111
1772812090.610677,200,01100111,00000010,0.034057617 -0.0016479492 0.99938965 0.008361816,133 300 111
1772812090.889574,210,01100111,00000010,0.03387451 -0.0016479492 0.99938965 0.008483887,128 300 111
1772812091.103829,220,01100111,00000010,0.03375244 -0.0015869141 0.99938965 0.008605957,128 300 111
1772812091.389503,230,01100111,00000010,0.03375244 -0.0015869141 0.99938965 0.008605957,128 300 111
1772812091.650251,240,01100111,00000010,0.03375244 -0.0015869141 0.99938965 0.008605957,128 300 111
1772812091.913013,250,01100111,00000010,0.03375244 -0.0015869141 0.99938965 0.008605957,128 300 111
1772812092.109376,0,01100111,00000010,0.03375244 -0.0015869141 0.99938965 0.008605957,128 300 111
1772812092.32592,10,01100111,00000010,0.03375244 -0.0015869141 0.99938965 0.008605957,128 300 111
1772812094.155594,0,01100101,00000010,0.03375244 -0.0015869141 0.99938965 0.008605957,128 300 111
1772812095.415746,10,01100101,00000010,0.03375244 -0.0015869141 0.99938965 0.008605957,128 300 111
1772812096.601462,20,01100101,00000010,0.03375244 -0.0015869141 0.99938965 0.008605957,128 300 111
1772812097.695153,30,01100101,00000010,0.03375244 -0.0015869141 0.99938965 0.008605957,128 300 111
1772812098.994694,40,01100101,00000010,0.03375244 -0.0015869141 0.99938965 0.008605957,128 300 111
1772812100.240677,50,01100101,00000010,0.03375244 -0.0015869141 0.99938965 0.008605957,128 300 111
1772812101.456427,60,01100101,00000010,0.03375244 -0.0015869141 0.99938965 0.008605957,128 300 111
1772812102.822215,70,01100101,00000010,0.03375244 -0.0015869141 0.99938965 0.008605957,128 300 111
1772812103.917597,80,01100101,00000010,0.03375244 -0.0015869141 0.99938965 0.008605957,128 300 111
1772812105.248444,90,01100101,00000010,0.03375244 -0.0015869141 0.99938965 0.008605957,128 300 111
1772812106.334211,100,01100101,00000010,0.03375244 -0.0015869141 0.99938965 0.008605957,128 300 111
1772812107.548167,110,01100101,00000010,0.03375244 -0.0015869141 0.99938965 0.008605957,128 300 111
1772812108.625464,120,01100101,00000010,0.03375244 -0.0015869141 0.99938965 0.008605957,128 300 111
1772812109.827401,130,01100101,00000010,0.03375244 -0.0015869141 0.99938965 0.008605957,128 300 111
1772812111.147533,140,01100101,00000010,0.03375244 -0.0015869141 0.99938965 0.008605957,128 300 111
1772812112.418299,150,01100101,00000010,0.03375244 -0.0015869141 0.99938965 0.008605957,128 300 111
1772812113.490021,160,01100101,00000010,0.03375244 -0.0015869141 0.99938965 0.008605957,128 300 111
1772812114.812321,170,01100101,00000010,0.03375244 -0.0015869141 0.99938965 0.008605957,128 300 111
1772812116.017931,180,01100101,00000010,0.03375244 -0.0015869141 0.99938965 0.008605957,128 300 111
1772812117.275151,190,01100101,00000010,0.03375244 -0.0015869141 0.99938965 0.008605957,128 300 111
1772812118.505633,200,01100101,00000010,0.03375244 -0.0015869141 0.99938965 0.008605957,128 300 111
1772812119.658175,210,01100101,00000010,0.03375244 -0.0015869141 0.99938965 0.008605957,128 300 111
1772812120.914009,220,01100101,00000010,0.03375244 -0.0015869141 0.99938965 0.008605957,128 300 111
1772812122.141423,230,01100101,00000010,0.03375244 -0.0015869141 0.99938965 0.008605957,128 300 111
1772812123.326887,240,01100101,00000010,0.03375244 -0.0015869141 0.99938965 0.008605957,128 300 111
1772812124.529863,250,01100101,00000010,0.03375244 -0.0015869141 0.99938965 0.008605957,128 300 111
1772812125.291175,0,01100101,00000010,0.03375244 -0.0015869141 0.99938965 0.008605957,128 300 111
1772812126.496741,10,01100101,00000010,0.03375244 -0.0015869141 0.99938965 0.008605957,128 300 111
1772812127.698794,20,01100101,00000010,0.03375244 -0.0015869141 0.99938965 0.008605957,128 300 111
1772812128.912604,30,01100101,00000010,0.03375244 -0.0015869141 0.99938965 0.008605957,128 300 111
1772812130.005759,40,01100101,00000010,0.03375244 -0.0015869141 0.99938965 0.008605957,128 300 111
1772812131.337861,50,01100101,00000010,0.03375244 -0.0015869141 0.99938965 0.008605957,128 300 111
1772812132.423456,60,01100101,00000010,0.03375244 -0.0015869141 0.99938965 0.008605957,128 300 111
1772812133.816498,70,01100101,00000010,0.03375244 -0.0015869141 0.99938965 0.008605957,128 300 111
1772812135.015213,80,01100101,00000010,0.03375244 -0.0015869141 0.99938965 0.008605957,128 300 111
1772812136.217947,90,01100101,00000010,0.03375244 -0.0015869141 0.99938965 0.008605957,128 300 111
1772812137.42182,100,01100101,00000010,0.03375244 -0.0015869141 0.99938965 0.008605957,128 300 111
1772812138.633009,110,01100101,00000010,0.03375244 -0.0015869141 0.99938965 0.008605957,128 300 111
1772812139.845256,120,01100101,00000010,0.03375244 -0.0015869141 0.99938965 0.008605957,128 300 111
1772812140.937199,130,01100101,00000010,0.03375244 -0.0015869141 0.99938965 0.008605957,128 300 111
1772812142.321056,140,01100101,00000010,0.03375244 -0.0015869141 0.99938965 0.008605957,128 300 111
1772812143.540712,150,01100101,00000010,0.03375244 -0.0015869141 0.99938965 0.008605957,128 300 111
1772812144.724468,160,01100101,00000010,0.03375244 -0.0015869141 0.99938965 0.008605957,128 300 111
1772812145.970909,170,01100101,00000010,0.03375244 -0.0015869141 0.99938965 0.008605957,128 300 111
1772812147.181915,180,01100101,00000010,0.03375244 -0.0015869141 0.99938965 0.008605957,128 300 111
1772812148.388868,190,01100101,00000010,0.03375244 -0.0015869141 0.99938965 0.008605957,128 300 111
1772812149.60078,200,01100101,00000010,0.03375244 -0.0015869141 0.99938965 0.008605957,128 300 111
1772812150.795089,210,01100101,00000010,0.03375244 -0.0015869141 0.99938965 0.008605957,128 300 111
1772812152.056401,220,01100101,00000010,0.03375244 -0.0015869141 0.99938965 0.008605957,128 300 111
1772812153.261986,230,01100101,00000010,0.03375244 -0.0015869141 0.99938965 0.008605957,128 300 111
1772812154.430123,240,01100101,00000010,0.03375244 -0.0015869141 0.99938965 0.008605957,128 300 111
1772812155.521154,250,01100101,00000010,0.03375244 -0.0015869141 0.99938965 0.008605957,128 300 111
1772812156.371183,0,01100101,00000010,0.03375244 -0.0015869141 0.99938965 0.008605957,128 300 111
1772812157.600871,10,01100101,00000010,0.03375244 -0.0015869141 0.99938965 0.008605957,128 300 111
1772812158.817177,20,01100101,00000010,0.03375244 -0.0015869141 0.99938965 0.008605957,128 300 111
1772812160.020974,30,01100101,00000010,0.03375244 -0.0015869141 0.99938965 0.008605957,128 300 111
1772812161.112865,40,01100101,00000010,0.03375244 -0.0015869141 0.99938965 0.008605957,128 300 111
1772812162.50971,50,01100101,00000010,0.03375244 -0.0015869141 0.99938965 0.008605957,128 300 111
1772812163.672449,60,01100101,00000010,0.03375244 -0.0015869141 0.99938965 0.008605957,128 300 111
1772812164.913104,70,01100101,00000010,0.03375244 -0.0015869141 0.99938965 0.008605957,128 300 111
1772812166.114768,80,01100101,00000010,0.03375244 -0.0015869141 0.99938965 0.008605957,128 300 111
1772812167.230184,90,01100101,00000010,0.03375244 -0.0015869141 0.99938965 0.008605957,128 300 111
1772812168.56185,100,01100101,00000010,0.03375244 -0.0015869141 0.99938965 0.008605957,128 300 111
1772812169.760436,110,01100101,00000010,0.03375244 -0.0015869141 0.99938965 0.008605957,128 300 111
1772812170.988099,120,01100101,00000010,0.03375244 -0.0015869141 0.99938965 0.008605957,128 300 111
1772812172.224563,130,01100101,00000010,0.03375244 -0.0015869141 0.99938965 0.008605957,128 300 111
1772812173.411735,140,01100101,00000010,0.03375244 -0.0015869141 0.99938965 0.008605957,128 300 111
1772812174.663511,150,01100101,00000010,0.03375244 -0.0015869141 0.99938965 0.008605957,128 300 111
1772812175.839726,160,01100101,00000010,0.03375244 -0.0015869141 0.99938965 0.008605957,128 300 111
1772812176.958805,170,01100101,00000010,0.03375244 -0.0015869141 0.99938965 0.008605957,128 300 111
1772812178.323769,180,01100101,00000010,0.03375244 -0.0015869141 0.99938965 0.008605957,128 300 111
1772812179.378442,190,01100101,00000010,0.03375244 -0.0015869141 0.99938965 0.008605957,128 300 111
1772812180.700377,200,01100101,00000010,0.03375244 -0.0015869141 0.99938965 0.008605957,128 300 111
1772812181.957928,210,01100101,00000010,0.03375244 -0.0015869141 0.99938965 0.008605957,128 300 111
1772812183.153363,220,01100101,00000010,0.03375244 -0.0015869141 0.99938965 0.008605957,128 300 111
1772812184.346727,230,01100101,00000010,0.03375244 -0.0015869141 0.99938965 0.008605957,128 300 111
1772812185.58502,240,01100101,00000010,0.03375244 -0.0015869141 0.99938965 0.008605957,128 300 111
1772812186.687916,250,01100101,00000010,0.03375244 -0.0015869141 0.99938965 0.008605957,128 300 111
1772812187.515674,0,01100101,00000010,0.03375244 -0.0015869141 0.99938965 0.008605957,128 300 111
1772812188.768897,10,01100101,00000010,0.03375244 -0.0015869141 0.99938965 0.008605957,128 300 111
1772812189.952497,20,01100101,00000010,0.99993896 0 0 0,128 300 111
1772812191.092705,30,01100101,00000010,0.99993896 0 0 0,128 300 111
