FksB data obtained with FksB support program @2026/03/03 2134 21index,flag1,flag2,ori,mp ( Big-Endian )1772541293.973711,0,01100001,00000000,1 0 0 0,0 0 0
1772541295.310118,10,01100001,00000000,0.036071777 0.0010986328 0.9993286 -0.0018920898,0 0 0
1772541296.359126,20,01110011,00000000,0.99993896 0 0 0,0 0 0
1772541296.651439,30,01110011,00000000,0.99993896 0 0 0,2 2 2
1772541296.846262,40,01110011,00000000,0.99993896 0 0 0,12 12 12
1772541297.116126,50,01110011,00000000,0.99993896 0 0 0,22 22 22
1772541297.37954,60,01110011,00000000,0.99993896 0 0 0,32 32 32
1772541297.645756,70,01110011,00000000,0.99993896 0 0 0,42 42 42
1772541297.846466,80,01110011,00000000,0.99993896 0 0 0,51 51 51
1772541298.116053,90,01110011,00000000,0.99993896 0 0 0,51 51 51
1772541298.386864,100,01110011,00000000,0.99993896 0 0 0,51 51 51
1772541298.651544,110,01110011,00000000,0.99993896 0 0 0,51 51 51
1772541298.915932,120,01110011,00000000,0.99993896 0 0 0,51 51 51
1772541299.117979,130,01110011,00000000,0.99993896 0 0 0,51 51 51
1772541299.383122,140,01110011,00000000,0.99993896 0 0 0,51 51 51
1772541299.649903,150,01110011,00000000,0.99993896 0 0 0,51 51 51
1772541299.93165,160,01110011,00000000,0.99993896 0 0 0,51 51 51
1772541300.191696,170,01110011,00000000,0.9920044 0.007080078 0.0025634766 -0.12561035,51 51 61
1772541300.459515,180,01110011,00000000,0.9711914 0.015808105 0.00030517578 -0.23773193,51 51 78
1772541300.7235,190,01110011,00000000,0.9678955 0.013427734 0.0048217773 -0.25079346,51 51 88
1772541300.981314,200,01110011,00000000,0.9674072 0.013793945 -0.00018310547 -0.25274658,51 51 98
1772541301.242475,210,01110011,00000000,0.9667969 0.011962891 -0.0007324219 -0.25506592,51 51 108
1772541301.508674,220,01110011,00000000,0.96643066 0.0115356445 0 -0.2564087,51 51 118
1772541301.837876,230,01110011,00000000,0.9642334 0.01361084 0.0012817383 -0.2644043,51 51 123
1772541302.03981,240,01110011,00000000,0.9638672 0.01586914 0 -0.26556396,51 51 123
1772541302.30717,250,01110011,00000000,0.96533203 0.015136719 -0.0006713867 -0.26055908,51 51 123
1772541302.509711,0,01110011,00000000,0.97003174 0.017028809 -0.0012817383 -0.2423706,51 51 123
1772541302.774066,10,01110011,00000000,0.97161865 0.015319824 -0.0007324219 -0.23571777,51 51 123
1772541303.042791,20,01110011,00000000,0.9689331 0.016845703 -0.0009765625 -0.24639893,51 51 123
1772541303.30967,30,01110011,00000000,0.9556885 0.01739502 0.004699707 -0.29364014,51 51 133
1772541303.639587,40,01110011,00000000,0.95336914 0.018981934 0.006225586 -0.30096436,51 51 134
1772541303.906293,50,01110011,00000000,0.9534302 0.018615723 0.0034179688 -0.30090332,51 51 134
1772541304.110658,60,01110011,00000000,0.94262695 0.014892578 0.0014648438 -0.333313,51 51 137
1772541304.438357,70,01110011,00000000,0.7220459 -0.0036010742 -0.051330566 -0.6898804,51 51 172
1772541304.703047,80,01110011,00000000,0.68078613 0.004272461 -0.03552246 -0.7315674,51 51 194
1772541304.970545,90,01110011,00000000,0.6795654 0.0032348633 -0.0368042 -0.73254395,51 51 212
1772541305.23352,100,01110011,00000000,0.6793823 0.0076904297 -0.03881836 -0.732666,51 51 222
1772541305.566428,110,01110011,00000000,0.680542 0.011352539 -0.040283203 -0.7314453,51 51 232
1772541305.83193,120,01110011,00000000,0.6817627 0.016601562 -0.041015625 -0.73010254,51 51 242
1772541306.09614,130,01110011,00000000,0.6824341 0.01928711 -0.040283203 -0.7295532,51 51 252
1772541306.355152,140,01110011,00000000,0.68359375 0.021484375 -0.040649414 -0.7283325,51 51 259
1772541306.618526,150,01110011,00000000,0.6848755 0.024353027 -0.03967285 -0.7271118,51 51 259
1772541306.889117,160,01110011,00000000,0.68518066 0.026794434 -0.039611816 -0.7267456,51 51 259
1772541307.218446,170,01110011,00000000,0.6848755 0.028564453 -0.03942871 -0.7269287,51 51 259
1772541307.418563,180,01110011,00000000,0.6807251 0.02734375 -0.036193848 -0.73101807,51 51 262
1772541307.756245,190,01110011,00000000,0.59924316 0.023498535 -0.028686523 -0.7996826,51 51 272
1772541308.016652,200,01110011,00000000,0.46069336 0.039245605 -0.029907227 -0.88604736,51 51 291
1772541308.285515,210,01110011,00000000,0.46307373 0.035339355 -0.024780273 -0.8851929,51 51 296
1772541308.550673,220,01110011,00000000,0.4640503 0.034057617 -0.02709961 -0.88464355,51 51 296
1772541308.818078,230,01110011,00000000,0.4619751 0.0345459 -0.025390625 -0.8858032,51 51 296
1772541309.085952,240,01110011,00000000,0.4371338 0.048583984 -0.02508545 -0.8977051,51 51 296
1772541309.348997,250,01110011,00000000,0.30059814 0.0647583 -0.036743164 -0.9507446,51 51 296
1772541309.547107,0,01110011,00000000,0.18572998 0.05065918 -0.05670166 -0.97961426,51 51 296
1772541309.750427,10,01110011,00000000,0.1661377 0.05444336 -0.057373047 -0.9828491,51 51 296
1772541310.084807,20,01110011,00000000,0.14575195 0.05670166 -0.06451416 -0.98553467,51 51 296
1772541310.35047,30,01110011,00000000,0.15631104 0.051330566 -0.071777344 -0.9837036,51 51 296
1772541310.614409,40,01110011,00000000,0.2734375 0.03363037 -0.07446289 -0.958374,51 51 296
1772541310.881903,50,01110011,00000000,0.50024414 0.012390137 -0.06036377 -0.8635864,51 51 295
1772541311.146071,60,01110011,00000000,0.74853516 0.0053710938 -0.057373047 -0.6604614,51 51 280
1772541311.476717,70,01110011,00000000,0.9032593 -0.036621094 -0.0038452148 -0.4272461,51 51 256
1772541311.744704,80,01110011,00000000,0.96551514 -0.08856201 0.021118164 -0.24383545,51 51 229
1772541312.012942,90,01110011,00000000,0.9819946 -0.09399414 0.01940918 -0.16204834,51 51 209
1772541312.280458,100,01110011,00000000,0.9906616 -0.087890625 0.010437012 -0.103271484,51 51 189
1772541312.54279,110,01110011,00000000,0.99298096 -0.07348633 0.01373291 -0.09100342,51 51 169
1772541312.810895,120,01110011,00000000,0.99176025 -0.06903076 0.0099487305 -0.10681152,51 51 159
1772541313.073226,130,01110011,00000000,0.9885864 -0.06439209 0.012756348 -0.1352539,51 51 149
1772541313.330789,140,01110011,00000000,0.9848633 -0.05432129 0.014526367 -0.16375732,51 51 143
1772541313.591708,150,01110011,00000000,0.9862671 -0.053222656 0.008911133 -0.15588379,51 51 137
1772541313.862765,160,01110011,00000000,0.9871216 -0.04949951 0.004699707 -0.15167236,51 51 135
1772541314.124007,170,01110011,00000000,0.98724365 -0.033813477 -0.0022583008 -0.1550293,51 51 135
1772541314.393778,180,01110011,00000000,0.9824829 -0.011169434 -6.1035156E-05 -0.18560791,51 51 135
1772541314.688471,190,01110011,00000000,0.98223877 -0.012756348 -0.0010375977 -0.18725586,51 51 134
1772541314.971508,200,01110011,00000000,0.9963989 -0.005554199 -0.0009765625 -0.08441162,51 51 124
1772541315.250476,210,01110011,00000000,0.9985962 -0.0073242188 0.00012207031 -0.052490234,51 51 114
1772541315.506314,220,01110011,00000000,0.99853516 -0.004638672 -0.00061035156 -0.052612305,51 51 113
1772541315.772758,230,01110011,00000000,0.99853516 -0.00390625 -0.0008544922 -0.05279541,51 51 113
1772541316.06281,240,01110011,00000000,0.99853516 -0.00390625 -0.00079345703 -0.05279541,51 51 113
1772541316.272541,250,01110011,00000000,0.99853516 -0.003967285 -0.00079345703 -0.05279541,51 51 113
1772541316.401822,0,01110011,00000000,0.99853516 -0.003967285 -0.00079345703 -0.05279541,51 51 113
1772541316.734058,10,01110011,00000000,0.99853516 -0.003967285 -0.00079345703 -0.05279541,51 51 113
1772541316.956699,20,01110011,00000000,0.99853516 -0.003967285 -0.00079345703 -0.05279541,51 51 113
1772541317.227594,30,01110011,00000000,0.99853516 -0.003967285 -0.00079345703 -0.05279541,51 51 113
1772541317.553559,40,01110011,00000000,0.99853516 -0.003967285 -0.00079345703 -0.05279541,51 51 113
1772541317.818214,50,01110011,00000000,0.99853516 -0.003967285 -0.00079345703 -0.05279541,51 51 113
1772541318.087903,60,01110011,00000000,0.99853516 -0.003967285 -0.00079345703 -0.05279541,51 51 113
1772541318.376805,70,01110011,00000000,0.99853516 -0.003967285 -0.00079345703 -0.05279541,51 51 113
1772541318.57135,80,01110011,00000000,0.99853516 -0.003967285 -0.00079345703 -0.05279541,51 51 113
1772541318.853584,90,01110011,00000000,0.99853516 -0.003967285 -0.00079345703 -0.05279541,51 51 113
1772541319.123288,100,01110011,00000000,0.99853516 -0.003967285 -0.00079345703 -0.05279541,51 51 113
1772541319.408542,110,01110011,00000000,0.99853516 -0.003967285 -0.00079345703 -0.05279541,51 51 113
1772541319.673474,120,01110011,00000000,0.99853516 -0.003967285 -0.00079345703 -0.05279541,51 51 113
1772541319.966381,130,01110011,00000000,0.9850464 -0.016174316 0.0010375977 -0.17138672,51 51 118
1772541320.237716,140,01110011,00000000,0.9801636 -0.015075684 -0.00024414062 -0.19744873,51 51 119
1772541320.507056,150,01110011,00000000,0.9801636 -0.015075684 -0.00024414062 -0.19744873,51 51 119
1772541320.763915,160,01110011,00000000,0.9801636 -0.015136719 -0.00030517578 -0.19744873,51 51 119
1772541321.050596,170,01110011,00000000,0.9801636 -0.015136719 -0.00030517578 -0.19744873,51 51 119
1772541321.315335,180,01110011,00000000,0.9801636 -0.015136719 -0.00030517578 -0.19744873,51 51 119
1772541321.621902,190,01110011,00000000,0.9801636 -0.015136719 -0.00030517578 -0.19744873,51 51 119
1772541321.895398,200,01110011,00000000,0.9801636 -0.015136719 -0.00030517578 -0.19744873,51 51 119
1772541322.113534,210,01110011,00000000,0.9801636 -0.015136719 -0.00030517578 -0.19744873,51 51 119
1772541322.394004,220,01110011,00000000,0.99993896 -0.0032958984 -0.00012207031 0.00079345703,55 55 107
1772541322.656163,230,01110011,00000000,0.9946289 0.0048217773 -0.0010986328 0.103027344,56 55 93
1772541322.920057,240,01110011,00000000,0.9946289 0.0076904297 -0.0012817383 0.10296631,56 55 83
1772541323.18052,250,01110011,00000000,0.99468994 0.007751465 -0.0010986328 0.10266113,56 55 73
1772541323.395869,0,01110011,00000000,0.98327637 0.014099121 -0.0007324219 0.18115234,56 56 63
1772541323.664299,10,01110011,00000000,0.9819336 0.014343262 -0.00061035156 0.18835449,56 56 57
1772541323.886993,20,01110011,00000000,0.9819336 0.014343262 -0.00048828125 0.18835449,56 56 51
1772541324.21292,30,01110011,00000000,0.9819336 0.014343262 -0.00030517578 0.18835449,56 56 51
1772541324.488495,40,01110011,00000000,0.9819336 0.014709473 -6.1035156E-05 0.18835449,56 56 51
1772541324.715568,50,01110011,00000000,0.9819336 0.014831543 -6.1035156E-05 0.18835449,56 56 51
1772541324.987719,60,01110011,00000000,0.9819336 0.014831543 -6.1035156E-05 0.18835449,56 56 51
1772541325.275145,70,01110011,00000000,0.9819336 0.014831543 -6.1035156E-05 0.18835449,56 56 51
1772541325.558958,80,01110011,00000000,0.9819336 0.014892578 0 0.18835449,56 56 51
1772541325.854638,90,01110011,00000000,0.982605 0.014343262 -6.1035156E-05 0.18481445,56 56 51
1772541326.096613,100,01110011,00000000,0.98638916 0.012878418 0.00012207031 0.16357422,56 56 51
1772541326.363568,110,01110011,00000000,0.98968506 0.011230469 0.00024414062 0.14257812,56 56 51
1772541326.651275,120,01110011,00000000,0.99261475 0.010375977 0.0004272461 0.12054443,56 56 51
1772541326.933234,130,01110011,00000000,0.99316406 0.010314941 0.0005493164 0.115722656,56 56 51
1772541327.204641,140,01110011,00000000,0.99316406 0.010314941 0.00061035156 0.115722656,56 56 51
1772541327.478454,150,01110011,00000000,0.99316406 0.010314941 0.00061035156 0.115722656,56 56 51
1772541327.772036,160,01110011,00000000,0.99316406 0.010314941 0.00061035156 0.115722656,56 56 51
1772541328.040509,170,01110011,00000000,0.99316406 0.010314941 0.00061035156 0.115722656,56 56 51
1772541328.30772,180,01110011,00000000,0.99316406 0.010314941 0.00061035156 0.115722656,56 56 51
1772541328.576968,190,01110011,00000000,0.99316406 0.010314941 0.00061035156 0.115722656,56 56 51
1772541328.859555,200,01110011,00000000,0.99316406 0.010314941 0.00061035156 0.115722656,56 56 51
1772541329.125604,210,01110011,00000000,0.99316406 0.010314941 0.00061035156 0.115722656,56 56 51
1772541329.458465,220,01110011,00000000,0.99316406 0.010314941 0.00061035156 0.115722656,56 56 51
1772541329.727332,230,01110011,00000000,0.99316406 0.010314941 0.00061035156 0.115722656,56 56 51
1772541329.952968,240,01110011,00000000,0.99316406 0.010314941 0.00061035156 0.115722656,56 56 51
1772541330.299837,250,01110011,00000000,0.99316406 0.010314941 0.00061035156 0.115722656,56 56 51
1772541330.439303,0,01110011,00000000,0.99316406 0.010314941 0.00061035156 0.115722656,56 56 51
1772541330.707017,10,01110011,00000000,0.99316406 0.010314941 0.00061035156 0.115722656,56 56 51
1772541330.993128,20,01110011,00000000,0.99316406 0.010314941 0.00061035156 0.115722656,56 56 51
1772541331.257127,30,01110011,00000000,0.99316406 0.010314941 0.00061035156 0.115722656,56 56 51
1772541331.533334,40,01110011,00000000,0.99316406 0.010314941 0.00061035156 0.115722656,56 56 51
1772541331.80339,50,01110011,00000000,0.99316406 0.010314941 0.00061035156 0.115722656,56 56 51
1772541332.101586,60,01110011,00000000,0.99316406 0.010314941 0.00061035156 0.115722656,56 56 51
1772541332.372046,70,01110011,00000000,0.99316406 0.010314941 0.00061035156 0.115722656,56 56 51
1772541332.630851,80,01110011,00000000,0.99316406 0.010314941 0.00061035156 0.115722656,56 56 51
1772541332.925501,90,01110011,00000000,0.99316406 0.010314941 0.00061035156 0.115722656,56 56 51
1772541333.216089,100,01110011,00000000,0.99316406 0.010314941 0.00061035156 0.115722656,56 56 51
1772541333.42545,110,01110011,00000000,0.99316406 0.010314941 0.00061035156 0.115722656,56 56 51
1772541333.762793,120,01110011,00000000,0.99316406 0.010314941 0.00061035156 0.115722656,56 56 51
1772541334.038893,130,01110011,00000000,0.99316406 0.010314941 0.00061035156 0.115722656,56 56 51
1772541334.324124,140,01110011,00000000,0.99316406 0.010314941 0.00061035156 0.115722656,56 56 51
1772541334.555277,150,01110011,00000000,0.99316406 0.010314941 0.00061035156 0.115722656,56 56 51
1772541334.87078,160,01110011,00000000,0.99316406 0.010314941 0.00061035156 0.115722656,56 56 51
1772541335.094759,170,01110011,00000000,0.99316406 0.010314941 0.00061035156 0.115722656,56 56 51
1772541335.38657,180,01110011,00000000,0.99316406 0.010314941 0.00061035156 0.115722656,56 56 51
1772541335.660264,190,01110011,00000000,0.99316406 0.010314941 0.00061035156 0.115722656,56 56 51
1772541335.934695,200,01110011,00000000,0.99316406 0.010314941 0.00061035156 0.115722656,56 56 51
1772541336.221118,210,01110011,00000000,0.99316406 0.010314941 0.00061035156 0.115722656,56 56 51
1772541336.478648,220,01110011,00000000,0.99316406 0.010314941 0.00061035156 0.115722656,56 56 51
1772541336.79984,230,01110011,00000000,0.99316406 0.010314941 0.00061035156 0.115722656,56 56 51
1772541337.067504,240,01110011,00000000,0.99316406 0.010314941 0.00061035156 0.115722656,56 56 51
1772541337.332093,250,01110011,00000000,0.99316406 0.010314941 0.00061035156 0.115722656,56 56 51
1772541337.482573,0,01110011,00000000,0.99316406 0.010314941 0.00061035156 0.115722656,56 56 51
1772541337.747236,10,01110011,00000000,0.99316406 0.010314941 0.00061035156 0.115722656,56 56 51
1772541338.077753,20,01110011,00000000,0.99316406 0.010314941 0.00061035156 0.115722656,56 56 51
1772541338.370815,30,01110011,00000000,0.99316406 0.010314941 0.00061035156 0.115722656,56 56 51
1772541338.631476,40,01110011,00000000,0.99316406 0.010314941 0.00061035156 0.115722656,56 56 51
1772541338.857676,50,01110011,00000000,0.99316406 0.010314941 0.00061035156 0.115722656,56 56 51
1772541339.145182,60,01110011,00000000,0.99316406 0.010314941 0.00061035156 0.115722656,56 56 51
1772541339.42832,70,01110011,00000000,0.99316406 0.010314941 0.00061035156 0.115722656,56 56 51
1772541339.656618,80,01110011,00000000,0.99316406 0.010314941 0.00061035156 0.115722656,56 56 51
1772541340.002578,90,01110011,00000000,0.99316406 0.010314941 0.00061035156 0.115722656,56 56 51
1772541340.259076,100,01110011,00000000,0.99316406 0.010314941 0.00061035156 0.115722656,56 56 51
1772541340.55228,110,01110011,00000000,0.99316406 0.010314941 0.00061035156 0.115722656,56 56 51
1772541340.840666,120,01110011,00000000,0.99316406 0.010314941 0.00061035156 0.115722656,56 56 51
1772541341.064417,130,01110011,00000000,0.99316406 0.010314941 0.00061035156 0.115722656,56 56 51
1772541341.40208,140,01110011,00000000,0.99316406 0.010314941 0.00061035156 0.115722656,56 56 51
1772541341.661219,150,01110011,00000000,0.99316406 0.010314941 0.00061035156 0.115722656,56 56 51
1772541341.954366,160,01110011,00000000,0.99316406 0.010314941 0.00061035156 0.115722656,56 56 51
1772541342.173454,170,01110011,00000000,0.99316406 0.010314941 0.00061035156 0.115722656,56 56 51
1772541342.505527,180,01110011,00000000,0.99316406 0.010314941 0.00061035156 0.115722656,56 56 51
1772541342.785264,190,01110011,00000000,0.99316406 0.010314941 0.00061035156 0.115722656,56 56 51
1772541342.998011,200,01110011,00000000,0.99316406 0.010314941 0.00061035156 0.115722656,56 56 51
1772541343.290912,210,01110011,00000000,0.99316406 0.010314941 0.00061035156 0.115722656,56 56 51
1772541343.617849,220,01110011,00000000,0.99316406 0.010314941 0.00061035156 0.115722656,56 56 51
1772541343.889268,230,01110011,00000000,0.99316406 0.010314941 0.00061035156 0.115722656,56 56 51
1772541344.164778,240,01110011,00000000,0.99316406 0.010314941 0.00061035156 0.115722656,56 56 51
1772541344.441635,250,01110011,00000000,0.99316406 0.010314941 0.00061035156 0.115722656,56 56 51
1772541344.573278,0,01110011,00000000,0.99316406 0.010314941 0.00061035156 0.115722656,56 56 51
1772541344.834337,10,01110011,00000000,0.99316406 0.010314941 0.00061035156 0.115722656,56 56 51
1772541345.112715,20,01110011,00000000,0.99316406 0.010314941 0.00061035156 0.115722656,56 56 51
1772541345.378246,30,01110011,00000000,0.99316406 0.010314941 0.00061035156 0.115722656,56 56 51
1772541345.672344,40,01110011,00000000,0.99316406 0.010314941 0.00061035156 0.115722656,56 56 51
1772541345.950837,50,01110011,00000000,0.99316406 0.010314941 0.00061035156 0.115722656,56 56 51
1772541346.217672,60,01110011,00000000,0.99316406 0.010314941 0.00061035156 0.115722656,56 56 51
1772541346.480392,70,01110011,00000000,0.99316406 0.010314941 0.00061035156 0.115722656,56 56 51
1772541346.799379,80,01110011,00000000,0.99316406 0.010314941 0.00061035156 0.115722656,56 56 51
1772541347.064222,90,01110011,00000000,0.99316406 0.010314941 0.00061035156 0.115722656,56 56 51
1772541347.333433,100,01110011,00000000,0.9937134 0.010070801 0.0006713867 0.111083984,56 56 51
1772541347.599546,110,01110011,00000000,0.99383545 0.010009766 0.0007324219 0.11022949,56 56 51
1772541347.864699,120,01110011,00000000,0.99383545 0.0099487305 0.0007324219 0.11022949,56 56 51
1772541348.135526,130,01110011,00000000,0.99383545 0.009887695 0.00079345703 0.11022949,56 56 51
1772541348.498741,140,01110011,00000000,0.99383545 0.00982666 0.0008544922 0.11022949,56 56 51
1772541348.696818,150,01110011,00000000,0.99383545 0.00982666 0.0008544922 0.11022949,56 56 51
1772541348.966362,160,01110011,00000000,0.99383545 0.00982666 0.0008544922 0.11022949,56 56 51
1772541349.293881,170,01110011,00000000,0.99383545 0.00982666 0.0008544922 0.11022949,56 56 51
1772541349.522033,180,01110011,00000000,0.99383545 0.00982666 0.0008544922 0.11022949,56 56 51
1772541349.849774,190,01110011,00000000,0.99383545 0.00982666 0.0008544922 0.11022949,56 56 51
1772541350.076574,200,01110011,00000000,0.99383545 0.00982666 0.0008544922 0.11004639,56 56 51
1772541350.358891,210,01110011,00000000,0.99383545 0.00982666 0.0008544922 0.11004639,56 56 51
1772541350.683313,220,01110011,00000000,0.99383545 0.00982666 0.0008544922 0.11004639,56 56 51
1772541350.975368,230,01110011,00000000,0.99383545 0.00982666 0.0008544922 0.11004639,56 56 51
1772541351.184481,240,01110011,00000000,0.99383545 0.00982666 0.0008544922 0.11004639,56 56 51
1772541351.472164,250,01110011,00000000,0.99383545 0.00982666 0.0008544922 0.11004639,56 56 51
1772541351.693794,0,01110011,00000000,0.99383545 0.00982666 0.0008544922 0.11004639,56 56 51
1772541351.920372,10,01110011,00000000,0.99383545 0.00982666 0.0008544922 0.11004639,56 56 51
1772541352.228325,20,01110011,00000000,0.99383545 0.00982666 0.0008544922 0.11004639,56 56 51
1772541352.427038,30,01110011,00000000,0.99383545 0.00982666 0.0008544922 0.11004639,56 56 51
1772541352.748803,40,01110011,00000000,0.99383545 0.00982666 0.0008544922 0.11004639,56 56 51
1772541353.028197,50,01110011,00000000,0.99383545 0.00982666 0.0008544922 0.11004639,56 56 51
1772541353.346532,60,01110011,00000000,0.99383545 0.00982666 0.0008544922 0.11004639,56 56 51
1772541353.612683,70,01110011,00000000,0.99383545 0.00982666 0.0008544922 0.11004639,56 56 51
1772541353.845022,80,01110011,00000000,0.99383545 0.00982666 0.0008544922 0.11004639,56 56 51
1772541354.158362,90,01110011,00000000,0.99383545 0.00982666 0.0008544922 0.11004639,56 56 51
1772541354.445194,100,01110011,00000000,0.99383545 0.00982666 0.0008544922 0.11004639,56 56 51
1772541354.66906,110,01110011,00000000,0.99383545 0.00982666 0.0008544922 0.11004639,56 56 51
1772541354.939053,120,01110011,00000000,0.99383545 0.00982666 0.0008544922 0.11004639,56 56 51
1772541355.218265,130,01110011,00000000,0.99383545 0.00982666 0.0008544922 0.11004639,56 56 51
1772541355.473409,140,01110011,00000000,0.99383545 0.00982666 0.0008544922 0.11004639,56 56 51
1772541355.775276,150,01110011,00000000,0.99383545 0.00982666 0.0008544922 0.11004639,56 56 51
1772541356.070085,160,01110011,00000000,0.99383545 0.00982666 0.0008544922 0.11004639,56 56 51
1772541356.378889,170,01110011,00000000,0.99383545 0.00982666 0.0008544922 0.11004639,56 56 51
1772541356.652322,180,01110011,00000000,0.99383545 0.00982666 0.0008544922 0.11004639,56 56 51
1772541356.92279,190,01110011,00000000,0.99383545 0.00982666 0.0008544922 0.11004639,56 56 51
1772541357.190035,200,01110011,00000000,0.99383545 0.00982666 0.0008544922 0.11004639,56 56 51
1772541357.455854,210,01110011,00000000,0.99383545 0.00982666 0.0008544922 0.11004639,56 56 51
1772541357.722442,220,01110011,00000000,0.99383545 0.00982666 0.0008544922 0.11004639,56 56 51
1772541357.988486,230,01110011,00000000,0.99383545 0.00982666 0.0008544922 0.11004639,56 56 51
1772541358.253781,240,01110011,00000000,0.99383545 0.00982666 0.0008544922 0.11004639,56 56 51
1772541358.585252,250,01110011,00000000,0.99383545 0.00982666 0.0008544922 0.11004639,56 56 51
1772541358.719107,0,01110011,00000000,0.99383545 0.00982666 0.0008544922 0.11004639,56 56 51
1772541358.98899,10,01110011,00000000,0.99383545 0.00982666 0.0008544922 0.11004639,56 56 51
1772541359.256554,20,01110011,00000000,0.99383545 0.00982666 0.0008544922 0.11004639,56 56 51
1772541359.582585,30,01110011,00000000,0.99383545 0.00982666 0.0008544922 0.11004639,56 56 51
1772541359.85189,40,01110011,00000000,0.99383545 0.00982666 0.0008544922 0.11004639,56 56 51
1772541360.051776,50,01110011,00000000,0.99383545 0.00982666 0.0008544922 0.11004639,56 56 51
1772541360.383434,60,01110011,00000000,0.99383545 0.00982666 0.0008544922 0.11004639,56 56 51
1772541360.650513,70,01110011,00000000,0.99383545 0.00982666 0.0008544922 0.11004639,56 56 51
1772541360.916624,80,01110011,00000000,0.99383545 0.00982666 0.0008544922 0.11004639,56 56 51
1772541361.187077,90,01110011,00000000,0.99383545 0.00982666 0.0008544922 0.11004639,56 56 51
1772541361.516451,100,01110011,00000000,0.99383545 0.00982666 0.0008544922 0.11004639,56 56 51
1772541374.029664,0,01111001,00000000,0.99383545 0.00982666 0.0008544922 0.11004639,56 56 51
1772541375.080673,10,01111001,00000000,0.9810791 -0.0034179688 0.049804688 0.18676758,56 56 51
1772541375.87905,20,01111011,00000000,0.99993896 -0.00091552734 -0.0015869141 0,56 56 51
1772541376.14717,30,01111011,00000000,0.99993896 -0.0016479492 0.0044555664 0.006225586,56 56 52
1772541376.428485,40,01111011,00000000,0.9998779 0.005432129 -0.011413574 0.0017089844,56 56 55
1772541376.649843,50,01111011,00000000,0.9996948 0.0068359375 -0.01361084 -0.016723633,56 56 58
1772541376.937758,60,01111011,00000000,0.9490967 0.008972168 -0.018127441 -0.3140869,56 56 83
1772541377.203888,70,01111011,00000000,0.8516846 0.056762695 -0.05596924 -0.51782227,56 56 114
1772541377.4713,80,01111011,00000000,0.85113525 0.056884766 -0.06262207 -0.5180054,56 56 133
1772541377.750517,90,01111011,00000000,0.970459 0.021118164 -0.0524292 -0.2341919,56 56 127
1772541378.079019,100,01111011,00000000,0.99676514 -0.01574707 -0.034423828 0.07019043,56 56 107
1772541378.310218,110,01111011,00000000,0.9560547 -0.061706543 0.0034179688 0.28649902,60 59 80
1772541378.601194,120,01111011,00000000,0.9100952 -0.055847168 0.0072021484 0.41046143,61 60 55
1772541378.897964,130,01111011,00000000,0.9313965 -0.042419434 0.0017089844 0.36138916,61 60 43
1772541379.162126,140,01111011,00000000,0.9968872 0.01171875 -0.04321289 0.06414795,61 60 53
1772541379.451711,150,01111011,00000000,0.9282837 0.0602417 -0.07183838 -0.3597412,61 60 85
1772541379.664664,160,01111011,00000000,0.90130615 0.06384277 -0.080566406 -0.42077637,61 60 105
1772541379.941509,170,01111011,00000000,0.96417236 0.02935791 -0.057800293 -0.25720215,61 60 109
1772541380.2793,180,01111011,00000000,0.9981079 0.010559082 -0.05078125 -0.030334473,61 60 100
1772541380.544104,190,01111011,00000000,0.989563 -0.016479492 -0.021484375 0.14147949,61 60 83
1772541380.838315,200,01111011,00000000,0.94903564 -0.044433594 0.007080078 0.31176758,61 60 63
1772541381.105667,210,01111011,00000000,0.94036865 -0.04522705 0.014587402 0.336792,61 60 50
1772541381.324535,220,01111011,00000000,0.9418335 -0.043518066 0.009033203 0.3330078,61 60 40
1772541381.661755,230,01111011,00000000,0.9413452 -0.04498291 0.010314941 0.3340454,61 60 30
1772541381.938795,240,01111011,00000000,0.91552734 -0.048583984 0.029785156 0.3980713,61 60 18
1772541382.164763,250,01111011,00000000,0.8878174 -0.06109619 0.026428223 0.45526123,61 60 6
1772541382.295396,0,01111011,00000000,0.84594727 -0.076660156 0.0154418945 0.5274048,61 60 1
1772541382.642075,10,01111011,00000000,0.82806396 -0.07366943 0.017944336 0.5554199,61 60 1
1772541382.908043,20,01111011,00000000,0.8339844 -0.062561035 0.018493652 0.5479126,61 60 1
1772541383.156369,30,01111011,00000000,0.7755127 -0.057006836 0.038879395 0.6274414,61 60 1
1772541383.461876,40,01111011,00000000,0.7282715 -0.07598877 0.029907227 0.6803589,61 60 1
1772541383.692548,50,01111011,00000000,0.76068115 -0.06793213 0.020507812 0.6451416,61 60 1
1772541383.9646,60,01111011,00000000,0.9052124 -0.010925293 0.014770508 0.42437744,61 60 2
1772541384.317828,70,01111011,00000000,0.9835205 0.007446289 0.0053100586 0.18017578,61 60 13
1772541384.520524,80,01111011,00000000,0.9989624 0.037475586 -0.021911621 0.009338379,61 60 29
1772541384.78745,90,01111011,00000000,0.9835205 0.03845215 -0.018493652 -0.17559814,61 60 52
1772541385.117326,100,01111011,00000000,0.9295044 0.049560547 -0.030212402 -0.3640747,61 60 81
1772541385.357395,110,01111011,00000000,0.835022 0.04425049 -0.06060791 -0.5449829,61 60 113
1772541385.617388,120,01111011,00000000,0.6608887 0.035461426 -0.032226562 -0.74884033,61 60 152
1772541385.901626,130,01111011,00000000,0.43621826 0.043518066 -0.049804688 -0.89733887,61 60 196
1772541386.172501,140,01111011,00000000,0.25390625 0.059387207 -0.030456543 -0.9649048,61 60 239
1772541386.490188,150,01111011,00000000,0.16809082 0.060668945 -0.019714355 -0.9836426,61 60 277
1772541386.771823,160,01111011,00000000,0.5112915 -0.022766113 -0.047668457 -0.85772705,61 60 279
1772541386.987966,170,01111011,00000000,0.8594971 -0.07531738 -0.040283203 -0.50390625,61 60 255
1772541387.32013,180,01111011,00000000,0.982605 -0.059265137 -0.041992188 -0.17071533,61 60 222
1772541387.588996,190,01111011,00000000,0.99328613 -0.029907227 0.015136719 0.11016846,61 60 182
1772541387.855809,200,01111011,00000000,0.958374 -0.038391113 0.046569824 0.27893066,61 60 143
1772541417.381851,0,01111001,00000000,0.9180908 -0.028869629 0.024658203 0.39440918,61 60 110
1772541418.631813,10,01111001,00000000,0.99212646 -0.018188477 -0.038146973 -0.117492676,61 60 107
1772541419.695939,20,01111001,00000000,0.99993896 0.00048828125 -0.00030517578 -0.0005493164,61 60 107
1772541419.992093,30,01111011,00000000,0.99993896 0.00030517578 -0.0007324219 -0.0015869141,61 60 107
1772541420.258752,40,01111011,00000000,0.9998779 0.004638672 -0.0056152344 -0.00048828125,61 60 101
1772541420.52565,50,01111011,00000000,0.9998779 0.0068969727 -0.007873535 -0.0028686523,61 60 98
1772541420.789889,60,01111011,00000000,0.99957275 -0.0032958984 -0.023620605 0.008483887,63 62 96
1772541421.057793,70,01111011,00000000,0.9776001 0.02142334 -0.011352539 -0.20874023,63 62 105
1772541421.323997,80,01111011,00000000,0.9998779 -0.010498047 -0.004272461 -0.005859375,65 64 93
1772541421.584146,90,01111011,00000000,0.9171753 0.03479004 0.0413208 -0.3945923,65 64 114
1772541421.907433,100,01111011,00000000,0.9989624 -0.010009766 -0.024169922 0.036193848,67 66 92
1772541422.193531,110,01111011,00000000,0.9401245 0.019836426 0.02935791 -0.3388672,67 66 112
1772541422.457494,120,01111011,00000000,0.9984741 -0.0076904297 -0.04168701 0.032714844,69 68 90
1772541422.717802,130,01111011,00000000,0.99816895 -0.028137207 -0.04815674 0.022521973,70 68 92
1772541423.006394,140,01111011,00000000,0.9216919 0.032165527 0.03894043 -0.3843994,69 68 111
1772541423.270989,150,01111011,00000000,0.99468994 -0.018615723 -0.041381836 0.09210205,69 68 92
1772541423.536298,160,01111011,00000000,0.93914795 0.028930664 0.016601562 -0.34173584,69 68 115
1772541423.802652,170,01111011,00000000,0.9429321 0.028869629 0.076416016 -0.32269287,71 70 114
1772541424.10203,180,01111011,00000000,0.94366455 0.039123535 0.07220459 -0.32025146,72 72 112
1772541424.37202,190,01111011,00000000,0.9637451 0.041870117 0.059326172 -0.25653076,72 72 110
1772541582.19629,0,01100001,00000000,0.9918823 -0.003112793 0.0043945312 -0.12683105,72 72 104
1772541583.457671,10,01100001,00000000,0.0057373047 0.9944458 0.10479736 0.010559082,0 0 0
1772541584.479525,20,01110011,00000000,0.99993896 -0.0034179688 -0.0018310547 -0.006958008,0 0 0
1772541584.767558,30,01110011,00000000,0.9998779 0.0005493164 -0.0010375977 0.014343262,1 1 2
1772541585.070562,40,01110011,00000000,0.8097534 -0.0289917 -0.101257324 0.57714844,13 13 1
1772541585.279338,50,01110011,00000000,0.025146484 0.020507812 -0.08691406 0.9956665,23 23 1
1772541585.54923,60,01110011,00000000,0.4975586 -0.022705078 0.052124023 -0.86553955,33 33 48
1772541585.842974,70,01110011,00000000,0.7142334 -0.02722168 0.004760742 -0.6992798,41 43 83
1772541586.1349,80,01110011,00000000,0.9434204 -0.0079956055 -0.03741455 -0.3291626,51 52 86
1772541586.343943,90,01110011,00000000,0.99871826 0.001159668 0.005004883 -0.04949951,53 53 76
1772541586.637341,100,01110011,00000000,0.9993286 0.021118164 0.0018920898 -0.029418945,53 53 74
1772541586.944056,110,01110011,00000000,0.9580078 0.027893066 -0.0076293945 -0.28503418,53 53 94
1772541587.232118,120,01110011,00000000,0.8539429 0.029541016 0.0040893555 -0.5194092,53 53 124
1772541587.514853,130,01110011,00000000,0.8109131 0.021972656 0.0037841797 -0.58465576,53 53 146
1772541587.801122,140,01110011,00000000,0.8039551 0.014404297 -0.010559082 -0.59436035,53 53 165
1772541588.07383,150,01110011,00000000,0.8120117 0.016845703 -0.006652832 -0.583313,53 53 175
1772541588.352291,160,01110011,00000000,0.7994995 0.019348145 -0.0009765625 -0.60028076,53 53 185
1772541588.577904,170,01110011,00000000,0.75445557 0.01977539 -0.011352539 -0.65582275,53 53 201
1772541588.876377,180,01110011,00000000,0.7137451 0.020019531 -0.012817383 -0.6999512,53 53 215
1772541589.171827,190,01110011,00000000,0.67370605 0.020629883 -0.006652832 -0.7385864,53 53 229
1772541589.398336,200,01110011,00000000,0.6345215 0.020324707 -0.012634277 -0.772522,53 53 242
1772541589.695078,210,01110011,00000000,0.5862427 0.019958496 -0.016296387 -0.80963135,53 53 257
1772541589.989148,220,01110011,00000000,0.5446167 0.020202637 -0.01159668 -0.8383789,53 53 269
1772541590.199582,230,01110011,00000000,0.5013428 0.018249512 -0.015930176 -0.86486816,53 53 282
1772541590.549618,240,01110011,00000000,0.49938965 0.011657715 -0.019348145 -0.86602783,53 53 292
1772541590.838192,250,01110011,00000000,0.503479 0.012756348 -0.016540527 -0.8637085,53 53 296
1772541590.908454,0,01110011,00000000,0.42163086 0.022155762 -0.022705078 -0.90618896,53 53 296
1772541591.266082,10,01110011,00000000,0.32037354 0.026977539 -0.029418945 -0.94641113,53 53 296
1772541591.485765,20,01110011,00000000,0.056518555 0.042663574 -0.02947998 -0.9970093,53 53 296
1772541591.79076,30,01110011,00000000,0.4625244 -0.04888916 0.05230713 0.883667,60 60 226
1772541592.072893,40,01110011,00000000,0.99591064 0.0021972656 0.050842285 -0.07476807,60 60 231
1772541592.356083,50,01110011,00000000,0.5452881 0.06921387 -0.0010986328 -0.83532715,60 60 272
1772541592.643843,60,01110011,00000000,0.36187744 0.018005371 -0.020874023 -0.9317627,60 60 296
1772541592.870775,70,01110011,00000000,0.48443604 -0.021484375 -0.0032958984 -0.8744507,60 60 296
1772541593.159532,80,01110011,00000000,0.7312012 -0.0099487305 0.008117676 -0.68200684,60 60 284
1772541593.448936,90,01110011,00000000,0.8648071 -0.03466797 -0.018859863 -0.5004883,60 60 264
1772541593.738945,100,01110011,00000000,0.8609009 -0.00024414062 -0.01586914 -0.5083618,60 60 254
1772541593.967595,110,01110011,00000000,0.86761475 0.010925293 0.0020751953 -0.4970703,60 60 244
1772541594.265917,120,01110011,00000000,0.8342285 -0.002319336 -0.0012207031 -0.55133057,60 60 242
1772541594.490139,130,01110011,00000000,0.81359863 0.006286621 -0.012634277 -0.58117676,60 60 242
1772541594.753174,140,01110011,00000000,0.8442383 0.00036621094 -0.00018310547 -0.5358887,60 60 236
1772541595.004779,150,01110011,00000000,0.87042236 0.0030517578 0.004699707 -0.4921875,60 60 226
1772541595.359513,160,01110011,00000000,0.87524414 0.0024414062 -0.006958008 -0.4835205,60 60 224
1772541595.577345,170,01110011,00000000,0.88635254 0.00061035156 -0.008056641 -0.4628296,60 60 217
1772541595.848788,180,01110011,00000000,0.89508057 0.0033569336 0.0009765625 -0.44586182,60 60 212
1772541596.081153,190,01110011,00000000,0.9019165 0.0007324219 -0.0067749023 -0.43170166,60 60 208
1772541596.361892,200,01110011,00000000,0.9039917 -0.002319336 -0.012451172 -0.4272461,60 60 208
1772541596.654812,210,01110011,00000000,0.9199829 -0.0012817383 -0.008117676 -0.39160156,60 60 200
1772541596.954762,220,01110011,00000000,0.92456055 0.0014038086 -0.009643555 -0.38079834,60 60 194
1772541597.239656,230,01110011,00000000,0.9216919 -0.00030517578 -0.011413574 -0.38757324,60 60 194
1772541597.539608,240,01110011,00000000,0.93133545 0.0010986328 -0.00970459 -0.36383057,60 60 188
1772541597.772682,250,01110011,00000000,0.9337158 0.0041503906 -0.0032958984 -0.35784912,60 60 185
1772541597.911243,0,01110011,00000000,0.92755127 0.0045776367 -0.008666992 -0.37347412,60 60 185
1772541598.19585,10,01110011,00000000,0.9301758 0.0033569336 -0.007507324 -0.36688232,60 60 185
1772541598.479831,20,01110011,00000000,0.94281006 0.0015258789 -0.003479004 -0.33319092,60 60 179
1772541598.77023,30,01110011,00000000,0.9433594 0.004211426 -0.006164551 -0.331604,60 60 179
1772541598.994324,40,01110011,00000000,0.9503174 0.002319336 -0.0064086914 -0.3110962,60 60 174
1772541599.277957,50,01110011,00000000,0.9525757 0.0025634766 -0.005004883 -0.3040161,60 60 174
1772541599.562555,60,01110011,00000000,0.95758057 0.0045166016 -0.004211426 -0.28790283,60 60 169
1772541599.861824,70,01110011,00000000,0.9572754 0.0026855469 -0.00592041 -0.2890625,60 60 169
1772541600.085303,80,01110011,00000000,0.95996094 0.0036621094 -0.0053100586 -0.27990723,60 60 167
1772541600.371851,90,01110011,00000000,0.9614258 0.0030517578 -0.0033569336 -0.2748413,60 60 165
1772541600.662297,100,01110011,00000000,0.9658203 0.0026245117 -0.0052490234 -0.25891113,60 60 162
1772541600.959688,110,01110011,00000000,0.9641113 0.0044555664 -0.0071411133 -0.2652588,60 60 162
1772541601.184689,120,01110011,00000000,0.9647827 0.0030517578 -0.007446289 -0.26263428,60 60 162
1772541601.480534,130,01110011,00000000,0.9692993 0.001159668 -0.010437012 -0.24536133,60 60 158
1772541601.772839,140,01110011,00000000,0.9708252 0.0010375977 -0.011047363 -0.23931885,60 60 158
1772541602.00088,150,01110011,00000000,0.97320557 0.0059814453 -0.008239746 -0.22937012,60 60 154
1772541602.296258,160,01110011,00000000,0.9694214 0.006164551 -0.0059814453 -0.24511719,60 60 154
1772541602.585024,170,01110011,00000000,0.9689331 0.005126953 -0.0079956055 -0.24682617,60 60 154
1772541603.272405,180,01110011,00000000,0.97302246 0.0040283203 -0.008422852 -0.23034668,60 60 152
1772541683.252221,0,01100001,00000000,0.9761963 0.0030517578 -0.009765625 -0.2164917,60 60 151
1772541684.371524,10,01100001,00000000,-0.0032958984 -0.32128906 0.94696045 -0.0007324219,0 0 0
1772541685.233119,20,01110011,00000000,0.9996948 0 -0.00079345703 0.023986816,0 0 0
1772541685.568031,30,01110011,00000000,0.99957275 -0.018615723 0.018188477 -0.0012817383,5 5 5
1772541685.790575,40,01110011,00000000,0.5911865 -0.01159668 -0.038330078 0.80548096,17 16 1
1772541686.066642,50,01110011,00000000,0.22998047 -0.010375977 0.07122803 -0.970459,27 26 27
1772541686.332925,60,01110011,00000000,0.6680298 -0.010925293 0.04473877 -0.7426758,37 36 72
1772541686.627412,70,01110011,00000000,0.90093994 -0.052368164 -0.012756348 -0.43048096,47 46 89
1772541686.91715,80,01110011,00000000,0.99786377 -0.012390137 -0.015930176 -0.06097412,57 56 78
1772541687.202438,90,01110011,00000000,0.99560547 0.023132324 -0.015380859 0.08905029,58 57 65
1772541687.419203,100,01110011,00000000,0.9942627 0.008483887 0.01361084 -0.10559082,58 57 80
1772541687.729448,110,01110011,00000000,0.94921875 0.014465332 0.009643555 -0.31396484,58 57 108
1772541688.018924,120,01110011,00000000,0.9293213 0.015136719 -0.009460449 -0.3687744,58 57 128
1772541688.23927,130,01110011,00000000,0.9266968 0.0078125 -0.0008544922 -0.37554932,58 57 140
1772541688.509148,140,01110011,00000000,0.91485596 0.009521484 0.0014648438 -0.40350342,58 57 154
1772541688.784723,150,01110011,00000000,0.897583 0.006225586 -0.0028686523 -0.44073486,58 57 170
1772541689.057912,160,01110011,00000000,0.88031006 0.008911133 -0.0065307617 -0.4741211,58 57 184
1772541689.389642,170,01110011,00000000,0.86413574 0.009460449 -0.002319336 -0.50305176,58 57 196
1772541689.643794,180,01110011,00000000,0.84106445 0.008178711 -0.003540039 -0.54071045,58 57 211
1772541689.895473,190,01110011,00000000,0.8168335 0.004760742 -0.003112793 -0.5767212,58 57 226
1772541690.178692,200,01110011,00000000,0.79608154 0.0073242188 -0.0064086914 -0.60498047,58 57 237
1772541690.467323,210,01110011,00000000,0.7659302 0.007507324 -0.008361816 -0.6427002,58 57 253
1772541690.757517,220,01110011,00000000,0.74053955 0.005065918 -0.006713867 -0.67193604,58 57 267
1772541691.049506,230,01110011,00000000,0.71643066 0.006591797 -0.008300781 -0.6973877,58 57 279
1772541691.334984,240,01110011,00000000,0.6984253 0.004699707 -0.009094238 -0.7155762,58 57 292
1772541691.56067,250,01110011,00000000,0.71258545 0.0014648438 -0.0052490234 -0.70147705,58 57 296
1772541691.783673,0,01110011,00000000,0.65460205 0.010925293 -0.013549805 -0.7557373,58 57 296
1772541692.015778,10,01110011,00000000,0.57733154 0.018737793 -0.014404297 -0.8161011,58 57 296
1772541692.316712,20,01110011,00000000,0.3283081 0.026184082 -0.019592285 -0.9439087,58 57 296
1772541692.549717,30,01110011,00000000,0.041381836 -0.03729248 0.033447266 0.99786377,60 59 272
1772541692.839373,40,01110011,00000000,0.72821045 -0.034973145 0.08013916 0.6796875,64 63 215
1772541693.135617,50,01110011,00000000,0.873291 0.0368042 0.039123535 -0.4841919,64 63 262
1772541693.432746,60,01110011,00000000,0.5354004 0.0413208 -0.014770508 -0.8433838,62 63 296
1772541693.646793,70,01110011,00000000,0.6109619 -0.013427734 -0.006225586 -0.7914429,62 63 296
1772541693.93828,80,01110011,00000000,0.68933105 -0.023254395 0.0119018555 -0.72387695,62 63 296
1772541694.222448,90,01110011,00000000,0.8348999 -0.018859863 -0.026062012 -0.54937744,62 63 285
1772541694.503757,100,01110011,00000000,0.930542 -0.024536133 -0.0064086914 -0.36517334,62 63 265
1772541694.782145,110,01110011,00000000,0.92559814 -0.003967285 -0.002380371 -0.37835693,62 63 255
1772541695.083688,120,01110011,00000000,0.88726807 0.0015869141 -0.00982666 -0.46105957,62 63 255
1772541695.304345,130,01110011,00000000,0.8651123 -0.0021362305 -0.0032958984 -0.5014038,62 63 255
1772541695.595882,140,01110011,00000000,0.88165283 -0.00982666 -0.0037841797 -0.4716797,62 63 253
1772541695.891406,150,01110011,00000000,0.9001465 -0.0095825195 -0.010375977 -0.43511963,62 63 245
1772541696.112654,160,01110011,00000000,0.9119873 -0.0034179688 -0.0053710938 -0.40997314,62 63 237
1772541696.381539,170,01110011,00000000,0.91278076 -0.0048828125 -0.006286621 -0.40826416,62 63 237
1772541696.650885,180,01110011,00000000,1 0 0 0,62 63 231
1772541696.939352,190,01110011,00000000,0.9991455 0.010864258 0.008972168 -0.037963867,62 63 205
1772541697.237855,200,01110011,00000000,0.973938 0.01977539 0.01727295 -0.22540283,62 63 201
1772541697.468537,210,01110011,00000000,0.9326172 0.012939453 0.012145996 -0.36035156,62 63 205
1772541697.741584,220,01110011,00000000,0.9241333 0.0012207031 0.005493164 -0.381958,62 63 205
1772541698.027704,230,01110011,00000000,0.9540405 -0.0063476562 0.0032958984 -0.29956055,62 63 198
1772541698.298774,240,01110011,00000000,0.98028564 -0.0048828125 -0.00024414062 -0.19763184,62 63 187
1772541698.578566,250,01110011,00000000,0.98828125 -0.0032348633 0.0030517578 -0.15228271,62 63 176
1772541698.71682,0,01110011,00000000,0.9849243 0.004211426 0.007019043 -0.17279053,62 63 167
1772541698.990377,10,01110011,00000000,0.9802246 0.0078125 0.008178711 -0.19726562,62 63 167
1772541699.27275,20,01110011,00000000,0.9821167 0.0014038086 0.009521484 -0.18804932,62 63 161
1772541699.54846,30,01110011,00000000,0.98339844 -0.0015869141 0.008056641 -0.18109131,62 63 159
1772541699.814559,40,01110011,00000000,0.9899292 0.068725586 -0.049316406 -0.113464355,62 63 148
1772541700.091036,50,01110011,00000000,0.9894409 -0.026489258 0.062561035 0.12756348,62 63 119
1772541700.360988,60,01110011,00000000,0.9827881 -0.14727783 0.10437012 0.038391113,62 63 111
1772541700.641536,70,01110011,00000000,0.99224854 0.08673096 -0.087890625 -0.010131836,62 63 110
1772541700.934903,80,01110011,00000000,0.96118164 0.0065307617 -0.0022583008 0.27581787,64 63 77
1772541701.163876,90,01110011,00000000,0.95318604 -0.051452637 0.0413208 0.29510498,64 63 56
1772541701.42912,100,01110011,00000000,0.9993286 0.030212402 -0.0126953125 0.015197754,64 63 70
1772541701.698488,110,01110011,00000000,0.9995117 0.027648926 0.0018920898 0.0134887695,64 63 72
1772541701.967915,120,01110011,00000000,0.9996948 -0.015319824 0.0044555664 0.01550293,64 63 72
1772541702.230983,130,01110011,00000000,0.9996948 -0.003967285 0.007507324 -0.022705078,64 63 72
1772541702.503919,140,01110011,00000000,0.99938965 0.0138549805 0.00018310547 0.031555176,64 63 71
1772541702.796613,150,01110011,00000000,0.9949951 0.008056641 -0.0004272461 0.099365234,64 63 62
1772541703.020132,160,01110011,00000000,0.9971924 0.00091552734 0.012084961 0.07366943,64 63 60
1772541703.299661,170,01110011,00000000,0.9996338 0.0072631836 0.007507324 0.024414062,64 63 64
1772541703.573591,180,01110011,00000000,0.9980469 0.008361816 0.007751465 0.061401367,64 63 62
1772541703.848049,190,01110011,00000000,0.99212646 0.0028686523 0.025939941 0.12219238,64 63 52
1772541704.055381,200,01110011,00000000,0.9993286 0.00579834 -0.016662598 0.031188965,64 63 58
1772541704.399572,210,01110011,00000000,0.9993286 0.0119018555 0.0006713867 -0.034423828,64 63 67
1772541704.672717,220,01110011,00000000,0.993042 0.0087890625 0.018249512 0.11584473,64 63 56
1772541704.940192,230,01110011,00000000,0.9779053 0.015625 0.015930176 0.20776367,64 63 46
1772541705.166097,240,01110011,00000000,0.99658203 -0.0016479492 -0.02368164 0.07836914,64 63 49
1772541705.456936,250,01110011,00000000,0.9977417 0.01965332 0.016540527 -0.061523438,64 63 64
1772541705.594148,0,01110011,00000000,0.9996948 0.022766113 -0.003967285 0.008056641,64 63 64
1772541705.893989,10,01110011,00000000,0.99975586 0.010192871 -0.0026245117 0.019042969,64 63 64
1772541706.109773,20,01110011,00000000,0.9979248 0.009033203 0.005493164 0.0635376,64 63 60
1772541706.377529,30,01110011,00000000,0.9975586 0.019104004 -0.002746582 -0.06689453,64 63 72
1772541706.663575,40,01110011,00000000,0.99212646 0.024597168 -0.021057129 -0.120910645,64 63 82
1772541706.957262,50,01110011,00000000,0.95062256 -0.004638672 0.0119018555 -0.31011963,64 63 106
1772541707.189643,60,01110011,00000000,0.97180176 0.028808594 0.039489746 -0.23046875,64 63 114
1772541707.514884,70,01110011,00000000,0.97662354 0.01751709 -0.008117676 -0.21392822,64 63 119
1772541707.805162,80,01110011,00000000,0.9304199 0.017822266 -0.008850098 -0.3657837,64 63 139
1772541708.034826,90,01110011,00000000,0.921875 0.021240234 0.01965332 -0.38635254,64 63 154
1772541708.328293,100,01110011,00000000,0.9378052 0.007385254 0.016723633 -0.3466797,64 63 163
1772541708.553689,110,01110011,00000000,0.92596436 0.008605957 0.0029907227 -0.37750244,64 63 173
1772541708.848391,120,01110011,00000000,0.92041016 0.009277344 0.008728027 -0.39068604,64 63 183
1772541709.135092,130,01110011,00000000,0.91137695 0.004211426 0.017211914 -0.41119385,64 63 193
1772541709.421593,140,01110011,00000000,0.9086304 0.010070801 0.007385254 -0.41723633,64 63 199
1772541709.640293,150,01110011,00000000,0.8850708 0.009155273 0.0028076172 -0.46533203,64 63 209
1772541709.929278,160,01110011,00000000,0.8591919 0.007751465 0.015014648 -0.5114136,64 63 219
1772541710.216906,170,01110011,00000000,0.8359375 0.007751465 0.012512207 -0.548584,64 63 229
1772541710.518684,180,01110011,00000000,0.8093872 0.006225586 0.008056641 -0.58709717,64 63 239
1772541710.805265,190,01110011,00000000,0.7960205 0.007507324 0.011352539 -0.6050415,64 63 249
1772541711.031508,200,01110011,00000000,0.7877197 0.0007324219 0.010681152 -0.61590576,64 63 259
1772541711.322883,210,01110011,00000000,0.7825928 -0.00061035156 0.0076293945 -0.6224365,64 63 269
1772541711.615164,220,01110011,00000000,0.78967285 0.00030517578 0.006591797 -0.61346436,64 63 275
1772541711.890499,230,01110011,00000000,0.7802124 -0.0005493164 0.008666992 -0.62542725,64 63 283
1772541712.166516,240,01110011,00000000,0.8006592 -0.0021362305 0.008911133 -0.598999,64 63 283
1772541712.445519,250,01110011,00000000,0.77648926 0.0041503906 0.00982666 -0.6300049,64 63 289
1772541712.581947,0,01110011,00000000,0.74108887 0.007080078 0.01171875 -0.6712036,64 63 296
1772541712.860421,10,01110011,00000000,0.7137451 0.004699707 0.010314941 -0.7003174,64 63 296
1772541713.154754,20,01110011,00000000,0.61431885 0.011108398 0.006652832 -0.7889404,64 63 296
1772541713.43307,30,01110011,00000000,0.45269775 0.016601562 0.00036621094 -0.8914795,64 63 296
1772541713.706649,40,01110011,00000000,0.21582031 0.019042969 -0.008850098 -0.9761963,64 63 296
1772541713.920622,50,01110011,00000000,0.083496094 -0.023986816 0.015686035 0.9960327,67 66 259
1772541714.292009,60,01110011,00000000,0.75305176 -0.018249512 0.0770874 0.6531372,70 69 205
1772541714.512621,70,01110011,00000000,0.91656494 0.036193848 0.0501709 -0.39501953,70 69 242
1772541714.805052,80,01110011,00000000,0.6793823 0.02130127 0.011230469 -0.7333374,70 69 278
1772541715.038194,90,01110011,00000000,0.76068115 -0.0289917 -0.0067749023 -0.6484375,70 69 281
1772541715.336286,100,01110011,00000000,0.9042969 -0.041259766 0.026977539 -0.4239502,70 69 262
1772541715.635543,110,01110011,00000000,0.9664917 -0.017333984 -0.010498047 -0.25585938,70 69 237
1772541715.920071,120,01110011,00000000,0.95684814 -0.0032348633 0.00030517578 -0.29058838,70 69 227
1772541716.168188,130,01110011,00000000,0.9594116 -0.009216309 0.028015137 -0.28033447,70 69 217
1772541716.437719,140,01110011,00000000,0.94750977 -0.015686035 0.0018310547 -0.3192749,70 69 214
1772541716.749772,150,01110011,00000000,0.95080566 -0.010620117 -0.0076904297 -0.3095703,70 69 208
1772541717.035847,160,01110011,00000000,0.97650146 -0.016540527 0.0059814453 -0.21453857,70 69 194
1772541717.2468,170,01110011,00000000,0.9835205 -0.01751709 -0.00061035156 -0.17999268,70 69 183
1772541718.03849,180,01110011,00000000,0.98083496 -0.009460449 -0.0043945312 -0.19451904,70 69 174
1772541728.138705,210,01111010,00000000,0.9813843 -0.011047363 0.0048828125 -0.19140625,70 69 164
1772541802.493069,0,01100001,00000000,-0.55493164 -0.68774414 0.237854 -0.4029541,70 69 164
1772541803.677394,10,01100001,00000000,-0.010009766 0.9649048 0.26245117 0.0031738281,0 0 0
1772541804.857078,20,01100001,00000000,-0.005065918 0.9897461 0.14263916 0.003112793,0 0 0
1772541805.716214,30,01110011,00000000,0.9998169 -0.004699707 -0.0014038086 -0.018798828,0 0 0
1772541806.004849,40,01110011,00000000,0.98950195 -0.016662598 0.024291992 -0.14154053,4 4 11
1772541806.275019,50,01110011,00000000,0.7190552 -0.005126953 -0.038146973 0.69384766,16 16 1
1772541806.56011,60,01110011,00000000,0.13378906 0.010192871 0.07836914 -0.98779297,25 26 18
1772541806.788897,70,01110011,00000000,0.6594238 -0.01776123 0.05090332 -0.74975586,31 33 80
1772541807.08082,80,01110011,00000000,0.9416504 -0.058410645 -0.0043945312 -0.33129883,41 43 88
1772541807.357546,90,01110011,00000000,0.9970093 -0.011474609 -0.040161133 0.06427002,51 53 61
1772541807.648006,100,01110011,00000000,0.99224854 0.02746582 -0.006591797 0.12097168,57 57 49
1772541807.938292,110,01110011,00000000,0.99798584 0.0078125 0.012878418 -0.06109619,57 57 69
1772541808.155615,120,01110011,00000000,0.9720459 0.013793945 -0.0053710938 -0.23400879,57 57 103
1772541808.440718,130,01110011,00000000,0.9868164 0.013305664 -0.019042969 -0.16009521,57 57 108
1772541808.734638,140,01110011,00000000,0.9875488 0.0036010742 -0.004699707 -0.15692139,57 57 116
1772541809.020803,150,01110011,00000000,0.97961426 0.007751465 -0.009216309 -0.20037842,57 57 127
1772541809.237858,160,01110011,00000000,0.9696655 0.009765625 -0.012512207 -0.24377441,57 57 144
1772541809.532955,170,01110011,00000000,0.9795532 0.01361084 0.10595703 -0.17004395,57 57 144
1772541809.771032,180,01110011,00000000,0.9350586 0.04095459 -0.16271973 -0.3121338,57 57 161
1772541810.048451,190,01110011,00000000,0.59851074 0.10437012 -0.047851562 -0.7928467,51 56 262
1772541810.409485,200,01110011,00000000,0.22161865 -0.038269043 0.09576416 -0.9696655,48 53 296
1772541810.637831,210,01110011,00000000,0.3531494 0.0256958 -0.012084961 -0.9351196,48 53 296
1772541810.92146,220,01110011,00000000,0.571228 0.0071411133 -0.0020751953 -0.82073975,48 53 296
1772541811.201852,230,01110011,00000000,0.6314087 0.021118164 0.023742676 -0.7747803,48 53 296
1772541811.433862,240,01110011,00000000,0.5782471 0.011474609 -0.006958008 -0.81573486,48 53 296
1772541811.788509,250,01110011,00000000,0.41015625 0.024780273 -0.012145996 -0.91156006,48 53 296
1772541811.869452,0,01110011,00000000,0.11694336 0.03375244 -0.0012817383 -0.9925537,48 53 296
1772541812.183553,10,01110011,00000000,0.09259033 -0.029785156 0.016357422 0.9951172,51 56 248
1772541812.489047,20,01110011,00000000,0.87646484 -0.013061523 0.08685303 0.47332764,56 60 210
1772541812.792582,30,01110011,00000000,0.822876 0.034118652 0.04321289 -0.56555176,51 56 296
1772541813.01565,40,01110011,00000000,0.7424927 0.012023926 -0.001953125 -0.66973877,51 56 296
1772541813.32255,50,01110011,00000000,0.7767334 -0.023864746 0.0017700195 -0.62927246,51 56 296
1772541813.616359,60,01110011,00000000,0.8366089 -0.011413574 0.013366699 -0.54748535,51 56 296
1772541813.830938,70,01110011,00000000,0.9204712 -0.013305664 -0.011230469 -0.39031982,51 56 284
1772541814.123084,80,01110011,00000000,0.94000244 -0.014526367 -0.0016479492 -0.34075928,51 56 276
1772541814.427834,90,01110011,00000000,0.9364624 -0.0079956055 -0.0021972656 -0.35058594,51 56 276
1772541814.656275,100,01110011,00000000,0.9400635 -0.009643555 -0.009643555 -0.34057617,51 56 272
1772541814.949858,110,01110011,00000000,0.9385376 -0.011169434 -0.011230469 -0.34484863,51 56 270
1772541815.248906,120,01110011,00000000,0.9465332 -0.008361816 -0.006225586 -0.32232666,51 56 262
1772541815.540719,130,01110011,00000000,0.88513184 0.0040283203 -0.013305664 -0.46514893,51 56 280
1772541815.754506,140,01110011,00000000,0.9067993 -0.01739502 -0.006958008 -0.4210205,51 56 282
1772541816.061565,150,01110011,00000000,0.9503174 -0.026733398 -0.0134887695 -0.30969238,51 56 268
1772541816.275478,160,01110011,00000000,0.9579468 -0.0024414062 -0.018981934 -0.28619385,51 56 257
1772541816.581065,170,01110011,00000000,0.91534424 0.007080078 -0.013549805 -0.40234375,51 56 267
1772541816.876531,180,01110011,00000000,0.8967285 -0.01373291 -0.019348145 -0.4418335,51 56 277
1772541817.161309,190,01110011,00000000,0.92541504 -0.01940918 -0.024108887 -0.3776245,51 56 273
1772541817.377765,200,01110011,00000000,0.9530029 -0.015197754 -0.029907227 -0.30090332,51 56 263
1772541817.666601,210,01110011,00000000,0.9494629 -0.0115356445 -0.024536133 -0.31274414,51 56 258
1772541817.953231,220,01110011,00000000,0.93237305 -0.011047363 -0.024597168 -0.3604126,51 56 260
1772541818.247673,230,01110011,00000000,0.92889404 -0.010681152 -0.03289795 -0.36853027,51 56 260
1772541818.548401,240,01110011,00000000,0.93652344 -0.013366699 -0.031433105 -0.348938,51 56 259
1772541818.770622,250,01110011,00000000,0.9470215 -0.016052246 -0.03161621 -0.31903076,51 56 254
1772541818.994282,0,01110011,00000000,0.94073486 -0.01586914 -0.03918457 -0.33648682,51 56 254
1772541819.218706,10,01110011,00000000,0.9403076 -0.012207031 -0.03729248 -0.3380127,51 56 254
1772541819.511468,20,01110011,00000000,0.9489136 -0.014770508 -0.0368042 -0.3128662,51 56 251
1772541819.736336,30,01110011,00000000,0.9466553 -0.01751709 -0.042236328 -0.31878662,51 56 248
1772541820.08853,40,01110011,00000000,0.9421997 -0.014770508 -0.04248047 -0.33172607,51 56 248
1772541820.309556,50,01110011,00000000,0.9465332 -0.016418457 -0.045654297 -0.31884766,51 56 248
1772541820.601928,60,01110011,00000000,0.9528198 -0.020202637 -0.046691895 -0.29925537,51 56 244
1772541820.890993,70,01110011,00000000,0.9546509 -0.01727295 -0.044067383 -0.29388428,51 56 243
1772541821.162574,80,01110011,00000000,0.9540405 -0.015563965 -0.05078125 -0.2947998,51 56 243
1772541821.451564,90,01110011,00000000,0.9651489 -0.026916504 -0.046875 -0.2559204,51 56 233
1772541821.680484,100,01110011,00000000,0.96417236 -0.021728516 -0.048583984 -0.2597046,51 56 229
1772541821.968663,110,01110011,00000000,0.9714966 -0.01928711 -0.053894043 -0.22979736,51 56 219
1772541822.252786,120,01110011,00000000,0.9674072 -0.016113281 -0.04748535 -0.24829102,51 56 216
1772541822.547122,130,01110011,00000000,0.96936035 -0.01763916 -0.038208008 -0.24194336,51 56 215
1772541822.837008,140,01110011,00000000,0.9724121 -0.024353027 -0.050231934 -0.22613525,51 56 211
1772541823.057945,150,01110011,00000000,0.973999 -0.024719238 -0.049926758 -0.21942139,51 56 206
1772541823.341384,160,01110011,00000000,0.9746094 -0.0211792 -0.05230713 -0.21655273,51 56 205
1772541823.643295,170,01110011,00000000,0.9758911 -0.02331543 -0.054382324 -0.20996094,51 56 201
1772541823.857807,180,01110011,00000000,0.9772949 -0.022766113 -0.05090332 -0.20410156,51 56 198
1772541824.155061,190,01110011,00000000,0.9770508 -0.022033691 -0.053466797 -0.20483398,51 56 197
1772541824.446051,200,01110011,00000000,0.98010254 -0.023132324 -0.05065918 -0.19049072,51 56 191
1772541824.739544,210,01110011,00000000,0.9812012 -0.021240234 -0.050109863 -0.18530273,51 56 185
1772541824.962525,220,01110011,00000000,0.97320557 -0.01586914 -0.048583984 -0.22424316,51 56 186
1772541825.249136,230,01110011,00000000,0.97857666 -0.020141602 -0.050354004 -0.1984253,51 56 185
1772541825.48704,240,01110011,00000000,0.9807739 -0.020935059 -0.054626465 -0.18591309,51 56 183
1772541825.834792,250,01110011,00000000,0.9842529 -0.020751953 -0.050048828 -0.16784668,51 56 179
1772541825.980577,0,01110011,00000000,0.9859619 -0.018310547 -0.052490234 -0.15740967,51 56 174
1772541826.196345,10,01110011,00000000,0.9852295 -0.016113281 -0.05303955 -0.16192627,51 56 174
1772541826.48487,20,01110011,00000000,0.9864502 -0.018676758 -0.04827881 -0.15563965,51 56 171
1772541826.770778,30,01110011,00000000,0.98583984 -0.018249512 -0.045410156 -0.16003418,51 56 171
1772541827.061805,40,01110011,00000000,0.98876953 -0.015136719 -0.04083252 -0.14276123,51 56 165
1772541827.352328,50,01110011,00000000,0.9897461 -0.014709473 -0.042541504 -0.13568115,51 56 163
1772541827.60365,60,01110011,00000000,0.98864746 -0.015686035 -0.038330078 -0.14428711,51 56 159
1772541827.856038,70,01110011,00000000,0.982605 -0.011413574 -0.0423584 -0.18029785,51 56 161
1772541828.137412,80,01110011,00000000,0.9869995 -0.010620117 -0.039123535 -0.15545654,51 56 158
1772541828.429847,90,01110011,00000000,0.9908447 -0.015930176 -0.035827637 -0.12866211,51 56 154
1772541828.710009,100,01110011,00000000,0.9924927 -0.014282227 -0.036621094 -0.115722656,51 56 151
1772541828.935344,110,01110011,00000000,0.9909668 -0.01184082 -0.041625977 -0.12670898,51 56 149
1772541829.299981,120,01110011,00000000,0.9921875 -0.010437012 -0.03765869 -0.11853027,51 56 148
1772541829.524545,130,01110011,00000000,0.9923706 -0.013916016 -0.04284668 -0.11437988,51 56 146
1772541829.812973,140,01110011,00000000,0.9927368 -0.0099487305 -0.044921875 -0.11077881,51 56 144
1772541830.101246,150,01110011,00000000,0.9934082 -0.0115356445 -0.046569824 -0.10333252,51 56 141
1772541834.409522,170,01111011,00000000,0.99157715 -0.010925293 -0.04699707 -0.11999512,51 56 141
1772541834.70266,180,01111011,00000000,0.19122314 0.03729248 -0.00030517578 -0.98083496,51 56 152
1772541834.992117,190,01111011,00000000,0.8241577 -0.050109863 -0.22253418 0.5182495,66 69 1
1772541835.295635,200,01111011,00000000,0.32086182 -0.10601807 0.08874512 -0.9369507,65 68 30
1772541835.582786,210,01111011,00000000,0.8899536 -0.095825195 -0.013366699 -0.4454956,65 68 46
1772541835.812274,220,01111011,00000000,0.9772949 -0.07562256 -0.09124756 -0.17541504,65 68 55
1772541836.10097,230,01111011,00000000,0.9953613 0.028869629 -0.09094238 -0.013671875,65 68 51
1772541836.380004,240,01111011,00000000,0.9771118 0.0021972656 -0.0178833 0.21160889,66 68 25
1772541836.674479,250,01111011,00000000,0.9692383 -0.047424316 -0.0024414062 0.24133301,68 68 9
1772541836.807466,0,01111011,00000000,0.9990845 -0.003479004 -0.0234375 0.03466797,68 68 28
1772541837.079879,10,01111011,00000000,0.9939575 0.023376465 -0.010925293 -0.10638428,68 68 50
1772541837.374045,20,01111011,00000000,0.932312 0.005493164 -0.020935059 -0.36102295,68 68 102
1772541837.663452,30,01111011,00000000,0.9326172 -0.019958496 -0.033447266 -0.3587036,68 68 132
1772541837.884189,40,01111011,00000000,0.984375 -0.015319824 -0.032470703 -0.17199707,68 68 127
1772541838.175081,50,01111011,00000000,0.9940796 -0.0015258789 -0.021240234 -0.10638428,68 68 123
1772541838.475276,60,01111011,00000000,0.9801636 -0.0013427734 -0.009216309 -0.19781494,68 68 138
1772541838.758139,70,01111011,00000000,0.96258545 -0.0009765625 -0.018066406 -0.27008057,68 68 158
1772541839.03067,80,01111011,00000000,0.96173096 -0.00036621094 -0.020202637 -0.2730713,68 68 169
1772541839.310268,90,01111011,00000000,0.96276855 -0.0012817383 -0.014282227 -0.26965332,68 68 179
1772541839.593723,100,01111011,00000000,0.9581299 -0.00024414062 -0.018981934 -0.2855835,68 68 189
1772541839.809987,110,01111011,00000000,0.9494629 0.002746582 -0.019714355 -0.3131714,68 68 199
1772541840.105653,120,01111011,00000000,0.930542 0.003479004 -0.021972656 -0.36535645,68 68 214
1772541840.412326,130,01111011,00000000,0.92962646 0.001953125 -0.02178955 -0.36779785,68 68 224
1772541840.627683,140,01111011,00000000,0.92736816 0.0025024414 -0.022644043 -0.37329102,68 68 234
1772541840.929056,150,01111011,00000000,0.9205322 0.0029907227 -0.022338867 -0.38989258,68 68 244
1772541841.221585,160,01111011,00000000,0.9124756 0.005554199 -0.018371582 -0.4085083,68 68 254
1772541841.525491,170,01111011,00000000,0.90130615 0.0048828125 -0.023010254 -0.43243408,68 68 264
1772541841.748811,180,01111011,00000000,0.87939453 0.007080078 -0.021911621 -0.47546387,68 68 276
1772541842.036259,190,01111011,00000000,0.8684082 0.007751465 -0.018127441 -0.49542236,68 68 286
1772541842.320363,200,01111011,00000000,0.88464355 -0.0018310547 -0.01776123 -0.46588135,68 68 290
1772541842.612799,210,01111011,00000000,0.87475586 0.0021362305 -0.016845703 -0.4841919,68 68 296
1772541842.918047,220,01111011,00000000,0.84313965 0.012390137 -0.014404297 -0.53723145,68 68 296
1772541843.130093,230,01111011,00000000,0.7487793 0.022216797 -0.013549805 -0.6622925,68 68 296
1772541843.42979,240,01111011,00000000,0.5541992 0.033996582 -0.019042969 -0.83148193,68 68 296
1772541843.655291,250,01111011,00000000,0.2748413 0.04736328 -0.022888184 -0.960022,68 68 296
1772541843.867147,0,01111011,00000000,0.112976074 -0.048339844 0.026916504 0.9920654,71 71 251
1772541844.155082,10,01111011,00000000,0.5204468 -0.047790527 0.06512451 0.8500366,73 73 203
1772541844.435521,20,01111011,00000000,0.9672241 0.03363037 0.049926758 -0.246521,66 67 264
1772541844.670258,30,01111011,00000000,0.74835205 0.043151855 -0.0072021484 -0.6618042,63 64 296
1772541844.957096,40,01111011,00000000,0.82177734 -0.008728027 -0.01550293 -0.569397,63 64 296
1772541845.250962,50,01111011,00000000,0.8522949 -0.027160645 0.0037841797 -0.5222168,63 64 296
1772541845.47896,60,01111011,00000000,0.93634033 -0.0012817383 -0.038085938 -0.34887695,63 64 280
1772541845.774902,70,01111011,00000000,0.9710083 -0.0015258789 -0.012817383 -0.23858643,63 64 257
1772541846.062345,80,01111011,00000000,0.93774414 -0.0065307617 0.0026855469 -0.347229,63 64 262
1772541846.364994,90,01111011,00000000,0.923584 0.0025024414 -0.02368164 -0.3826294,63 64 268
1772541846.597159,100,01111011,00000000,0.95684814 -0.008605957 -0.007080078 -0.2902832,63 64 256
1772541846.890461,110,01111011,00000000,0.9628296 -0.014465332 -0.0024414062 -0.26965332,63 64 247
1772541847.186395,120,01111011,00000000,0.9555054 -0.00079345703 -0.012268066 -0.29467773,63 64 247
1772541862.082504,160,01111011,00000000,0.9611206 -0.0037231445 -0.0031738281 -0.276062,63 64 239
1772541862.303548,170,01111011,00000000,0.28076172 0.018188477 -0.017211914 -0.9594116,61 62 259
1772541862.654115,180,01111011,00000000,0.9625244 -0.16601562 -0.025512695 0.21264648,69 68 149
1772541862.920834,190,01111011,00000000,0.9897461 -0.015930176 -0.054504395 -0.13092041,70 69 155
1772541863.189409,200,01111011,00000000,0.9881592 -0.024291992 0.029968262 -0.14801025,70 69 155
1772541863.469617,210,01111011,00000000,0.92370605 0.018615723 -0.0126953125 -0.38232422,70 69 191
1772541863.759973,220,01111011,00000000,0.9191284 -0.026611328 -0.020080566 -0.3925171,70 69 207
1772541864.038495,230,01111011,00000000,0.94506836 -0.01184082 -0.005004883 -0.32659912,70 69 211
1772541864.327308,240,01111011,00000000,0.9208374 -0.0052490234 -0.022338867 -0.38928223,70 69 228
1772541864.551789,250,01111011,00000000,0.9246216 -0.011169434 -0.010559082 -0.38043213,70 69 238
1772541864.774616,0,01111011,00000000,0.92333984 -0.014099121 -0.017944336 -0.38311768,70 69 248
1772541864.989806,10,01111011,00000000,0.9221802 -0.0146484375 -0.023803711 -0.38555908,70 69 252
1772541865.279869,20,01111011,00000000,0.9232178 -0.0068969727 -0.017822266 -0.38378906,70 69 255
1772541865.564112,30,01111011,00000000,0.99975586 -6.1035156E-05 -0.0022583008 -0.0178833,70 69 245
1772541865.785873,40,01111011,00000000,0.9874878 0.021484375 0.0068969727 -0.15582275,70 69 235
1772541866.151714,50,01111011,00000000,0.960083 0.011352539 0.0033569336 -0.27929688,70 69 238
1772541866.34792,60,01111011,00000000,0.95532227 0.0008544922 0.0037841797 -0.2952881,70 69 237
1772541866.640906,70,01111011,00000000,0.99993896 0.0008544922 0.0021362305 0,70 69 222
1772541866.920487,80,01111011,00000000,0.9984131 0.006713867 0.01574707 -0.053100586,70 69 202
1772541867.165652,90,01111011,00000000,0.9890747 0.0045166016 0.010314941 -0.14678955,70 69 198
1772541867.459986,100,01111011,00000000,1 -0.0020141602 0.00091552734 0.0038452148,70 69 182
1772541867.680036,110,01111011,00000000,0.9998169 0.0028076172 0.0038452148 -0.017822266,70 69 164
1772541867.973712,120,01111011,00000000,0.9991455 0.0026855469 0.00061035156 -0.04119873,70 69 150
1772541868.221346,130,01111011,00000000,0.99920654 -0.00061035156 0.0004272461 -0.03918457,70 69 138
1772541868.518461,140,01111011,00000000,0.99993896 0.0007324219 -0.0025024414 0.00018310547,70 69 128
1772541868.7334,150,01111011,00000000,0.99993896 0.0021972656 -6.1035156E-05 0.0053710938,70 69 118
1772541868.94958,160,01111011,00000000,0.99993896 -0.0026855469 -0.0005493164 -0.0015869141,70 69 110
1772541869.235887,170,01111011,00000000,0.99993896 -0.0010986328 -0.0065307617 0.0056762695,70 69 102
1772541869.525874,180,01111011,00000000,0.99993896 0.00079345703 -0.0015258789 0.010131836,70 69 96
1772541869.761531,190,01111011,00000000,0.9996948 -0.0059814453 -0.0030517578 0.02154541,70 69 90
1772541870.059936,200,01111011,00000000,0.99957275 -0.003540039 -0.0041503906 0.02911377,70 69 88
1772541870.279931,210,01111011,00000000,0.9992676 -0.0028076172 -0.0053710938 0.035827637,70 69 88
1772541870.566175,220,01111011,00000000,0.99902344 -0.007507324 -0.0013427734 0.043762207,70 69 88
1772541870.868813,230,01111011,00000000,0.9993286 -0.00579834 -0.0048828125 0.03515625,70 69 82
1772541871.104383,240,01111011,00000000,0.9984131 0.00030517578 -0.009643555 0.05517578,70 69 76
1772541871.347629,250,01111011,00000000,0.9994507 -0.020629883 0.022949219 0.0076904297,70 69 78
1772541871.581994,0,01111011,00000000,0.99823 -0.0018310547 -0.030822754 0.04949951,70 69 68
1772541871.797853,10,01111011,00000000,0.99816895 0.039916992 -0.026245117 0.035827637,70 69 68
1772541872.104865,20,01111011,00000000,0.8527832 -0.0713501 -0.043395996 0.5155029,76 75 1
1772541872.406316,30,01111011,00000000,0.8092041 0.0065307617 -0.032043457 0.58654785,76 75 1
1772541872.631058,40,01111011,00000000,0.8312378 -0.008361816 0.0015869141 0.55584717,76 75 1
1772541872.916305,50,01111011,00000000,0.9459839 -0.01184082 0.014465332 0.32354736,76 75 1
1772541873.233438,60,01111011,00000000,0.9855957 0.025390625 -0.021972656 0.16571045,76 75 5
1772541873.485192,70,01111011,00000000,0.9949951 -0.008605957 0.005432129 0.0993042,76 75 11
1772541873.739845,80,01111011,00000000,0.9934082 0.0043945312 -0.026916504 0.11102295,76 75 11
1772541874.000064,90,01111011,00000000,0.9837036 0.009887695 -0.01928711 0.17816162,76 75 2
1772541874.334814,100,01111011,00000000,0.99035645 0.011291504 0.0043945312 0.13769531,76 75 5
1772541874.612032,110,01111011,00000000,0.97784424 0.037475586 0.026550293 -0.20391846,72 73 49
1772541874.893613,120,01111011,00000000,0.9152832 0.027526855 -0.0067749023 -0.40167236,70 72 106
1772541875.188554,130,01111011,00000000,0.99853516 -0.038513184 -0.016540527 -0.0335083,70 72 83
1772541875.40846,140,01111011,00000000,0.9968262 0.018493652 -0.02545166 0.07287598,70 72 70
1772541875.693804,150,01111011,00000000,0.9986572 0.014465332 0.0013427734 0.04901123,70 72 66
1772541875.996204,160,01111011,00000000,0.92401123 0.049987793 0.053771973 -0.37512207,69 71 122
1772541876.263934,170,01111011,00000000,0.96380615 -0.017700195 -0.030578613 -0.26416016,69 71 132
1772541876.553413,180,01111011,00000000,0.99658203 -0.01727295 -0.020446777 -0.07745361,69 71 120
1772541876.848535,190,01111011,00000000,0.99890137 0.024414062 -0.026672363 0.029296875,69 71 105
1772541877.068897,200,01111011,00000000,0.99957275 0.023620605 -0.008300781 0.015014648,69 71 100
1772541877.354475,210,01111011,00000000,0.93499756 0.033813477 0.029968262 -0.35162354,68 70 145
1772541877.652716,220,01111011,00000000,0.95495605 -0.00091552734 -0.053100586 -0.29162598,68 70 159
1772541877.924855,230,01111011,00000000,0.9975586 -0.020019531 -0.037353516 -0.054260254,68 70 136
1772541878.15295,240,01111011,00000000,0.99853516 0.023254395 -0.04663086 -0.011291504,68 70 123
1772541878.446058,250,01111011,00000000,0.9451294 0.07775879 0.037231445 -0.31488037,65 68 152
1772541878.601433,0,01111011,00000000,0.90515137 0.029418945 -0.046081543 -0.4215088,64 68 189
1772541878.910007,10,01111011,00000000,0.98309326 -0.037902832 -0.033447266 -0.17584229,64 68 168
1772541879.205193,20,01111011,00000000,0.9980469 -0.0028076172 -0.05114746 -0.033935547,64 68 147
1772542142.202107,0,01100001,00000000,0.99694824 0.018554688 -0.04827881 -0.057250977,64 68 140
1772542143.475671,10,01100001,00000000,-0.011108398 0.15161133 0.9883423 0.004272461,0 0 0
1772542144.635109,20,01100001,00000000,0.011962891 -0.06542969 0.9975586 0.020202637,0 0 0
1772542145.745412,30,01100001,00000000,-0.013427734 0.23608398 0.9715576 0.010986328,0 0 0
1772542147.106256,40,01100001,00000000,-0.013366699 0.20037842 0.97961426 0.0037841797,0 0 0
1772542148.328949,50,01100001,00000000,-6.1035156E-05 0.2107544 0.977478 0.010986328,0 0 0
1772542148.992502,60,01110011,00000000,0.99993896 -0.005065918 0.003540039 -0.0013427734,0 0 0
1772542149.281499,70,01110011,00000000,1 -0.0024414062 0.0030517578 0.0007324219,8 6 6
1772542149.50428,80,01110011,00000000,1 -0.00390625 0.0014648438 0.003112793,20 16 16
1772542149.739515,90,01110011,00000000,1 -0.0048217773 0.0041503906 0.0053710938,30 26 26
1772542150.033366,100,01110011,00000000,1 -0.001953125 0.002746582 0.0025634766,40 36 36
1772542150.264535,110,01110011,00000000,0.99993896 -0.0043945312 0.0010986328 0.0060424805,44 46 46
1772542150.563541,120,01110011,00000000,0.99993896 -0.0030517578 0.0018310547 0.006713867,51 50 50
1772542150.79501,130,01110011,00000000,1 -0.0038452148 0.0015258789 0.005493164,55 51 51
1772542151.082872,140,01110011,00000000,0.99993896 -0.0030517578 0.0017089844 0.007507324,59 51 51
1772542151.308218,150,01110011,00000000,0.99993896 -0.002319336 0.0056762695 0.005432129,63 51 51
1772542151.528892,160,01110011,00000000,1 -0.002746582 -0.003112793 0,64 52 52
1772542151.825579,170,01110011,00000000,0.9998779 0.0031738281 0.009643555 -0.007507324,70 52 52
1772542152.128614,180,01110011,00000000,0.9838257 0.038146973 0.17254639 0.029846191,94 52 52
1772542152.404898,190,01110011,00000000,0.94744873 0.048339844 0.30767822 0.072631836,118 52 52
1772542152.643779,200,01110011,00000000,0.9456787 0.037475586 0.31628418 0.06463623,129 52 52
1772542152.934566,210,01110011,00000000,0.9484253 0.034973145 0.3092041 0.059509277,136 52 52
1772542153.247705,220,01110011,00000000,0.9923096 0.06555176 0.092163086 0.0501709,154 53 53
1772542153.464133,230,01110011,00000000,0.97924805 -0.060058594 -0.18328857 0.06201172,73 58 58
1772542153.74763,240,01110011,00000000,0.9918213 0.012817383 0.06945801 0.10614014,113 58 58
1772542154.033447,250,01110011,00000000,0.99823 0.02368164 0.046142578 0.029968262,127 58 58
1772542154.182979,0,01110011,00000000,0.97540283 0.007446289 -0.21209717 -0.05871582,110 58 58
1772542154.438026,10,01110011,00000000,0.99853516 -0.027160645 -0.0119018555 -0.044799805,79 58 58
1772542154.691016,20,01110011,00000000,0.982666 0.023864746 0.17578125 -0.053222656,102 58 58
1772542155.033287,30,01110011,00000000,0.96875 -0.025939941 -0.23516846 -0.07434082,96 58 58
1772542155.317502,40,01110011,00000000,0.99450684 0.0014038086 0.103881836 0.011169434,101 58 58
1772542155.592236,50,01110011,00000000,0.99884033 0.024658203 0.029846191 -0.028808594,123 58 58
1772542155.810338,60,01110011,00000000,0.9812012 -0.02368164 -0.19006348 -0.024230957,92 58 58
1772542156.092567,70,01110011,00000000,0.9798584 0.029541016 0.1973877 0.0044555664,119 58 58
1772542156.387079,80,01110011,00000000,0.991272 -0.009460449 -0.117614746 -0.058532715,110 58 58
1772542156.678773,90,01110011,00000000,0.99823 -0.011657715 -0.0579834 -0.008728027,94 58 58
1772542156.903002,100,01110011,00000000,0.99591064 0.028564453 0.080322266 -0.030151367,123 58 58
1772542157.211791,110,01110011,00000000,0.99121094 -0.036743164 -0.114990234 -0.053894043,80 58 58
1772542157.49226,120,01110011,00000000,0.9996338 0.021972656 0.0040893555 -0.016235352,104 58 58
1772542157.714195,130,01110011,00000000,0.99890137 -0.013122559 0.015014648 -0.0423584,81 58 58
1772542158.015386,140,01110011,00000000,0.9986572 -0.00061035156 -0.04425049 -0.026794434,84 58 58
1772542158.301618,150,01110011,00000000,0.9994507 0.0004272461 0.020019531 -0.025756836,82 58 58
1772542158.522236,160,01110011,00000000,0.9990845 -0.006958008 0.0025634766 -0.042236328,75 58 58
1772542158.831881,170,01110011,00000000,0.9996948 0.0014038086 -0.011657715 -0.022521973,79 58 58
1772542159.050698,180,01110011,00000000,0.9991455 -0.003540039 0.012939453 -0.038391113,74 58 58
1772542159.273578,190,01110011,00000000,0.99957275 -0.001159668 0.00018310547 -0.028686523,75 58 58
1772542159.556968,200,01110011,00000000,0.9995117 -0.0032958984 -0.0020141602 -0.029785156,75 58 58
1772542159.847028,210,01110011,00000000,0.9995117 -0.0026245117 0.008300781 -0.028808594,74 58 58
1772542160.074661,220,01110011,00000000,0.99957275 -0.0012817383 -0.0009765625 -0.02911377,75 58 58
1772542160.304323,230,01110011,00000000,0.9996948 -0.003479004 0.0015869141 -0.025512695,74 58 58
1772542160.591624,240,01110011,00000000,0.9994507 0.0040283203 0.009216309 -0.032043457,78 58 58
1772542160.87913,250,01110011,00000000,0.99920654 0.0017089844 0.011047363 -0.037841797,78 58 58
1772542161.032373,0,01110011,00000000,0.9986572 -0.0036010742 -0.0028076172 -0.0513916,75 58 58
1772542161.248289,10,01110011,00000000,0.99871826 -0.010437012 -0.0071411133 -0.049194336,68 58 58
1772542161.551959,20,01110011,00000000,0.9992676 0.0024414062 -0.0017089844 -0.038391113,75 58 58
1772542161.780616,30,01110011,00000000,0.99871826 -0.0036010742 0.007446289 -0.05078125,73 58 58
1772542162.076958,40,01110011,00000000,0.9993286 -0.007019043 0.0017089844 -0.034851074,71 58 58
1772542162.295255,50,01110011,00000000,0.9990845 0.0014038086 -0.0034179688 -0.042114258,75 58 58
1772542162.584452,60,01110011,00000000,0.9991455 -0.005065918 0.00079345703 -0.040649414,71 58 58
1772542162.818209,70,01110011,00000000,0.9990845 0.0059814453 -0.0013427734 -0.042236328,79 58 58
1772542163.122869,80,01110011,00000000,0.99938965 -0.009277344 0.005432129 -0.03338623,68 58 58
1772542163.333254,90,01110011,00000000,0.9994507 0.0036621094 0.0014648438 -0.03302002,77 58 58
1772542163.624507,100,01110011,00000000,0.9995117 -0.0059814453 0.0052490234 -0.030761719,71 58 58
1772542163.848937,110,01110011,00000000,0.9993286 -0.0059814453 0.0025634766 -0.035705566,71 58 58
1772542164.147195,120,01110011,00000000,0.9995117 0.0024414062 -0.0030517578 -0.032104492,76 58 58
1772542164.37925,130,01110011,00000000,0.99920654 -0.0063476562 0.006713867 -0.038879395,70 58 58
1772542164.681162,140,01110011,00000000,0.9993286 -0.001953125 0.0021362305 -0.03656006,72 58 58
1772542164.913694,150,01110011,00000000,0.9992676 -0.003112793 0.0045776367 -0.038635254,72 58 58
1772542165.129484,160,01110011,00000000,0.9990845 0.00018310547 0.006958008 -0.04296875,74 58 58
1772542165.42278,170,01110011,00000000,0.9990845 -0.0017700195 -0.016235352 -0.039001465,73 58 58
1772542165.720593,180,01110011,00000000,0.9975586 -0.0178833 0.062927246 -0.023925781,62 58 58
1772542165.93831,190,01110011,00000000,0.99523926 0.017089844 -0.050048828 -0.08190918,89 58 58
1772542166.224883,200,01110011,00000000,0.99731445 -0.024353027 0.036071777 -0.058044434,57 58 58
1772542166.517712,210,01110011,00000000,0.9953613 0.023498535 0.04925537 -0.07897949,89 58 58
1772542166.812655,220,01110011,00000000,0.9956665 -0.032165527 -0.0524292 -0.06982422,61 58 58
1772542167.037525,230,01110011,00000000,0.99731445 0.0034179688 0.042114258 -0.059387207,72 58 58
1772542167.34333,240,01110011,00000000,0.99591064 0.0037841797 -0.0056762695 -0.08996582,77 58 58
1772542167.593693,250,01110011,00000000,0.99523926 0.002319336 -0.041015625 -0.08850098,77 58 58
1772542167.806672,0,01110011,00000000,0.9951172 0.0056762695 -0.04296875 -0.08874512,79 58 58
1772542168.019191,10,01110011,00000000,0.9951172 0.005859375 -0.04309082 -0.08874512,79 58 58
1772542168.30357,20,01110011,00000000,0.9951172 0.0061035156 -0.043151855 -0.08874512,79 58 58
1772542168.591396,30,01110011,00000000,0.99505615 0.0063476562 -0.04333496 -0.08874512,79 58 58
1772542168.894349,40,01110011,00000000,0.99505615 0.0065307617 -0.04333496 -0.08874512,79 58 58
1772542169.116696,50,01110011,00000000,0.99505615 0.0065307617 -0.04333496 -0.08874512,79 58 58
1772542169.413799,60,01110011,00000000,0.99505615 0.0065307617 -0.04333496 -0.08874512,79 58 58
1772542169.650133,70,01110011,00000000,0.99505615 0.0065307617 -0.04333496 -0.08874512,79 58 58
1772542169.937497,80,01110011,00000000,0.99505615 0.0065307617 -0.04333496 -0.08874512,79 58 58
1772542170.216139,90,01110011,00000000,0.99505615 0.0065307617 -0.04333496 -0.08874512,79 58 58
1772542170.515335,100,01110011,00000000,0.99505615 0.0065307617 -0.04333496 -0.08874512,79 58 58
1772542170.726275,110,01110011,00000000,0.99505615 0.0065307617 -0.04333496 -0.08874512,79 58 58
1772542171.026952,120,01110011,00000000,0.99505615 0.0065307617 -0.04333496 -0.08874512,79 58 58
1772542171.304473,130,01110011,00000000,0.99505615 0.0065307617 -0.04333496 -0.08874512,79 58 58
1772542171.535955,140,01110011,00000000,0.99505615 0.0065307617 -0.04333496 -0.08874512,79 58 58
1772542171.824362,150,01110011,00000000,0.99505615 0.0065307617 -0.04333496 -0.08874512,79 58 58
1772542172.086522,160,01110011,00000000,0.99505615 0.0065307617 -0.04333496 -0.08874512,79 58 58
1772542172.356649,170,01110011,00000000,0.99505615 0.0065307617 -0.04333496 -0.08874512,79 58 58
1772542172.660522,180,01110011,00000000,0.99505615 0.0065307617 -0.04333496 -0.08874512,79 58 58
1772542172.941635,190,01110011,00000000,0.99505615 0.0065307617 -0.04333496 -0.08874512,79 58 58
1772542173.181833,200,01110011,00000000,0.99505615 0.0065307617 -0.04333496 -0.08874512,79 58 58
1772542173.420672,210,01110011,00000000,0.99505615 0.0065307617 -0.04333496 -0.08874512,79 58 58
1772542173.698352,220,01110011,00000000,0.99505615 0.0065307617 -0.04333496 -0.08874512,79 58 58
1772542173.980259,230,01110011,00000000,0.99505615 0.0065307617 -0.04333496 -0.08874512,79 58 58
1772542174.270163,240,01110011,00000000,0.99505615 0.0065307617 -0.04333496 -0.08874512,79 58 58
1772542174.557018,250,01110011,00000000,0.99505615 0.0065307617 -0.04333496 -0.08874512,79 58 58
1772542174.706226,0,01110011,00000000,0.99505615 0.0065307617 -0.04333496 -0.08874512,79 58 58
1772542174.990209,10,01110011,00000000,0.99505615 0.0065307617 -0.04333496 -0.08874512,79 58 58
1772542175.209496,20,01110011,00000000,0.99505615 0.0065307617 -0.04333496 -0.08874512,79 58 58
1772542175.513851,30,01110011,00000000,0.99505615 0.0065307617 -0.04333496 -0.08874512,79 58 58
1772542175.801496,40,01110011,00000000,0.99505615 0.0065307617 -0.04333496 -0.08874512,79 58 58
1772542176.095499,50,01110011,00000000,0.99505615 0.0065307617 -0.04333496 -0.08874512,79 58 58
1772542176.315015,60,01110011,00000000,0.99505615 0.0065307617 -0.04333496 -0.08874512,79 58 58
1772542176.607308,70,01110011,00000000,0.99505615 0.0065307617 -0.04333496 -0.08874512,79 58 58
1772542176.836539,80,01110011,00000000,0.99505615 0.0065307617 -0.04333496 -0.08874512,79 58 58
1772542177.134216,90,01110011,00000000,0.99505615 0.0065307617 -0.04333496 -0.08874512,79 58 58
1772542177.410587,100,01110011,00000000,0.99505615 0.0065307617 -0.04333496 -0.08874512,79 58 58
1772542177.704991,110,01110011,00000000,0.99505615 0.0065307617 -0.04333496 -0.08874512,79 58 58
1772542177.918629,120,01110011,00000000,0.99505615 0.0065307617 -0.04333496 -0.08874512,79 58 58
1772542178.209349,130,01110011,00000000,0.99505615 0.0065307617 -0.04333496 -0.08874512,79 58 58
1772542178.498042,140,01110011,00000000,0.9951172 0.0044555664 -0.04272461 -0.08892822,79 58 58
1772542178.708783,150,01110011,00000000,0.99505615 0.0075683594 -0.043701172 -0.08892822,82 58 58
1772542179.027451,160,01110011,00000000,0.9951172 0.005004883 -0.042785645 -0.08874512,82 58 58
1772542179.313853,170,01110011,00000000,0.99505615 0.0064086914 -0.04333496 -0.08905029,82 58 58
1772542179.533804,180,01110011,00000000,0.99505615 0.0078125 -0.043640137 -0.08892822,83 58 58
1772542179.821318,190,01110011,00000000,0.99554443 0.006713867 -0.04321289 -0.08300781,85 58 58
1772542180.108314,200,01110011,00000000,0.9967041 0.004272461 -0.04058838 -0.070495605,86 58 58
1772542180.338377,210,01110011,00000000,0.99780273 0.0052490234 -0.041625977 -0.05053711,87 58 58
1772542180.629681,220,01110011,00000000,0.9953613 0.007385254 -0.0435791 -0.08538818,89 58 58
1772542180.926765,230,01110011,00000000,0.9953613 0.009460449 -0.044433594 -0.08496094,92 58 58
1772542181.157144,240,01110011,00000000,0.9953613 0.009277344 -0.044433594 -0.08502197,92 58 58
1772542181.459295,250,01110011,00000000,0.9953613 0.009338379 -0.044433594 -0.08502197,92 58 58
1772542181.599473,0,01110011,00000000,0.9953613 0.009765625 -0.044433594 -0.08496094,92 58 58
1772542181.910064,10,01110011,00000000,0.9953613 0.009765625 -0.044433594 -0.0848999,92 58 58
1772542182.199005,20,01110011,00000000,0.9953613 0.010070801 -0.044555664 -0.08465576,92 58 58
1772542182.41776,30,01110011,00000000,0.9944458 0.00982666 -0.0446167 -0.09472656,89 58 58
1772542182.713613,40,01110011,00000000,0.99298096 0.009521484 -0.043945312 -0.109436035,91 58 58
1772542182.941625,50,01110011,00000000,0.99572754 0.008422852 -0.04296875 -0.08129883,91 58 58
1772542183.247952,60,01110011,00000000,0.9949951 0.0099487305 -0.04449463 -0.08935547,93 58 58
1772542183.545497,70,01110011,00000000,0.9949951 0.009887695 -0.044433594 -0.08929443,93 58 58
1772542183.833631,80,01110011,00000000,0.9949951 0.00982666 -0.044433594 -0.08929443,93 58 58
1772542185.766491,90,01110011,00000000,0.9949951 0.009765625 -0.044433594 -0.08929443,93 58 58
1772542185.909998,0,01110001,00000000,0.9949951 0.00970459 -0.044433594 -0.08929443,93 58 58
1772542194.520947,0,01111001,00000000,0.9949951 0.00970459 -0.044433594 -0.08929443,93 58 58
1772542195.731718,10,01111001,00000000,0.8548584 -0.014892578 0.009155273 -0.5185547,93 58 58
1772542196.9989,20,01111001,00000000,0.6112671 0.009216309 0.010681152 -0.79125977,93 58 58
1772542198.234324,30,01111001,00000000,0.55822754 -0.009643555 0.026000977 -0.82922363,93 58 58
1772542199.43812,40,01111001,00000000,0.9225464 0.047546387 -0.021911621 -0.38226318,93 58 58
1772542200.66934,50,01111001,00000000,0.9610596 -0.0006713867 -0.031066895 -0.27459717,93 58 58
1772542201.780598,60,01111001,00000000,0.99102783 0.00982666 -0.018676758 0.13214111,93 58 58
1772542203.293345,70,01111001,00000000,0.9890747 0.013549805 -0.10498047 0.10217285,93 58 58
1772542204.345564,80,01111001,00000000,0.99401855 -0.0005493164 0.013427734 0.10839844,93 58 58
1772542205.430604,90,01111001,00000000,0.99316406 -0.0045776367 0.0095825195 0.11621094,93 58 58
1772542206.801052,100,01111001,00000000,0.99279785 -0.00091552734 0.0022583008 0.11981201,93 58 58
1772542207.937122,110,01111001,00000000,1 0.0013427734 0.0008544922 -0.00030517578,93 58 58
1772542208.297838,120,01111011,00000000,1 -0.0008544922 0.0043945312 -0.0025024414,93 58 58
1772542208.587936,130,01111011,00000000,0.927063 -0.026672363 -0.07067871 0.3670044,39 60 60
1772542208.886865,140,01111011,00000000,0.98168945 0.041931152 0.020080566 0.18481445,100 60 60
1772542209.177589,150,01111011,00000000,0.9971924 0.0134887695 -0.0021972656 -0.07366943,91 60 60
1772542209.405217,160,01111011,00000000,0.9779663 0.0289917 0.009765625 -0.20635986,110 60 60
1772542209.693657,170,01111011,00000000,0.9729004 0.015319824 -0.024902344 -0.22943115,110 60 60
1772542209.985318,180,01111011,00000000,0.99664307 0.035095215 0.0692749 -0.024536133,118 60 60
1772542210.286103,190,01111011,00000000,0.9657593 -0.056762695 -0.09301758 0.23516846,24 62 62
1772542210.502544,200,01111011,00000000,0.9989624 0.025878906 0.011657715 -0.035705566,37 62 62
1772542210.796491,210,01111011,00000000,0.84295654 0.061645508 0.018188477 0.53411865,38 63 63
1772542211.082049,220,01111011,00000000,0.97424316 0.036132812 -0.17608643 -0.1361084,11 65 65
1772542211.352143,230,01111011,00000000,0.8502197 0.012939453 0.19012451 -0.4906006,0 65 65
1772542211.645027,240,01111011,00000000,0.8308716 0.032836914 -0.13031006 -0.539917,119 65 65
1772542211.940678,250,01111011,00000000,0.96624756 0 -0.082214355 -0.24383545,117 65 65
1772542212.082695,0,01111011,00000000,0.63391113 0.08508301 -0.087768555 0.7636719,186 65 65
1772542212.371019,10,01111011,00000000,0.25152588 -0.108947754 -0.16143799 0.94799805,105 65 65
1772542212.577314,20,01111011,00000000,0.33148193 0.0028686523 -0.020263672 -0.9432373,137 65 65
1772542212.859128,30,01111011,00000000,0.2730713 0.005065918 -0.021606445 0.96173096,105 65 65
1772542213.145448,40,01111011,00000000,0.45220947 -0.15112305 -0.01776123 0.8787842,0 65 65
1772542213.493311,50,01111011,00000000,0.7184448 0.037963867 -0.022277832 0.69415283,54 65 65
1772542213.704366,60,01111011,00000000,0.7348633 -0.06756592 -0.044799805 0.6732788,0 65 65
1772542213.992444,70,01111011,00000000,0.7474365 -0.010559082 -0.08068848 0.65930176,10 65 65
1772542214.289342,80,01111011,00000000,0.6275635 -0.04437256 -0.033325195 0.7765503,21 65 65
1772542214.587928,90,01111011,00000000,0.5456543 -0.018188477 -0.0791626 0.8340454,0 65 65
1772542214.80418,100,01111011,00000000,0.548645 -0.033813477 -0.01763916 0.83514404,11 65 65
1772542215.089998,110,01111011,00000000,0.42321777 -0.12414551 -0.03668213 0.8966675,0 65 65
1772542215.371411,120,01111011,00000000,0.692749 0.19659424 0.020629883 0.69348145,101 65 65
1772542215.656523,130,01111011,00000000,0.5305786 -0.23394775 0.0029907227 0.81463623,0 70 70
1772542215.944393,140,01111011,00000000,0.77697754 0.22125244 -0.053100586 0.58691406,116 71 71
1772542216.163669,150,01111011,00000000,0.027160645 0.030700684 -0.0067749023 0.9991455,181 71 71
1772542216.528356,160,01111011,00000000,0.9072876 -0.014221191 -0.0029296875 -0.42010498,148 71 71
1772542216.747824,170,01111011,00000000,0.99786377 0.02960205 0.0017089844 -0.0579834,133 71 71
1772542217.04674,180,01111011,00000000,0.8678589 0.08605957 -0.050842285 -0.4866333,170 71 71
1772542217.34095,190,01111011,00000000,0.5595093 0.040222168 0.13153076 -0.81726074,159 71 71
1772542217.568797,200,01111011,00000000,0.30010986 0.060180664 0.014221191 -0.95184326,233 71 71
1772542217.867953,210,01111011,00000000,0.28485107 0.030334473 0.04937744 -0.9567871,215 71 71
1772542218.1624,220,01111011,00000000,0.2944336 0.015808105 0.033813477 -0.954895,210 71 71
1772542218.400117,230,01111011,00000000,0.35083008 0.020568848 0.035827637 -0.93548584,196 71 71
1772542218.701239,240,01111011,00000000,0.4777832 0.05041504 0.05493164 -0.8753052,189 71 71
1772542218.982777,250,01111011,00000000,0.6790161 0.06994629 0.06878662 -0.727417,193 71 71
1772542219.119568,0,01111011,00000000,0.71728516 0.11645508 0.13049316 -0.6744385,207 71 71
1772542219.402024,10,01111011,00000000,0.74298096 0.26672363 0.28234863 -0.5449829,260 71 71
1772542219.663603,20,01111011,00000000,0.73968506 0.34136963 0.35998535 -0.45458984,300 71 71
1772542219.975482,30,01111011,00000000,0.7095337 -0.014343262 0.003540039 -0.7044678,289 71 71
1772542220.196447,40,01111011,00000000,0.5925293 -0.20635986 -0.21765137 -0.7475586,164 71 71
1772542220.491673,50,01111011,00000000,0.68499756 -0.003479004 -0.02746582 -0.7279663,57 71 71
1772542220.783999,60,01111011,00000000,0.7529907 0.26513672 0.32928467 -0.5042114,139 71 71
1772542221.050176,70,01111011,00000000,0.70458984 -0.0008544922 0.029541016 -0.70892334,198 71 71
1772542221.321162,80,01111011,00000000,0.7297363 0.026123047 0.02331543 -0.6828003,179 71 71
1772542221.599796,90,01111011,00000000,0.7454834 0.026611328 -0.06378174 -0.66290283,189 71 71
1772542221.89193,100,01111011,00000000,0.8406372 0.037231445 0.071777344 -0.5354004,149 71 71
1772542222.196758,110,01111011,00000000,0.68444824 0.02154541 -0.044006348 -0.72735596,188 71 71
1772542222.426429,120,01111011,00000000,0.21954346 0.11456299 0.043823242 -0.9678345,138 72 72
1772542222.744532,130,01111011,00000000,0.17163086 0.044433594 -0.17114258 0.9691162,176 72 72
1772542223.038363,140,01111011,00000000,0.33239746 -0.16668701 -0.14068604 -0.91748047,276 72 72
1772542223.257422,150,01111011,00000000,0.9760742 0.017456055 -0.20874023 -0.057373047,300 72 72
1772542223.545137,160,01111011,00000000,0.74017334 -0.03112793 -0.16229248 0.6517334,300 72 72
1772542224.297084,170,01111011,00000000,0.3192749 0.09277344 -0.067871094 0.9406128,300 72 72
1772542245.203087,0,01111001,00000000,0.19268799 -0.047546387 0.043395996 -0.979126,275 72 72
1772542246.63219,10,01111001,00000000,-0.795105 0.018676758 0.00390625 -0.6062012,275 72 72
1772542247.745231,20,01111001,00000000,-0.8170166 0.017456055 0.0022583008 -0.57629395,275 72 72
1772542248.956709,30,01111001,00000000,-0.8137207 0.059570312 -0.044799805 -0.576416,275 72 72
1772542250.052828,40,01111001,00000000,-0.7942505 0.022155762 0.020812988 -0.6067505,275 72 72
1772542251.303144,50,01111001,00000000,-0.79345703 0.007446289 0.0076293945 -0.6085205,275 72 72
1772542252.120846,60,01111011,00000000,0.99993896 0.006286621 -0.0064086914 0.0007324219,275 72 72
1772542252.34394,70,01111011,00000000,0.9885864 -0.072265625 0.044006348 0.12414551,201 73 73
1772542252.635515,80,01111011,00000000,0.58862305 -0.10095215 -0.12976074 0.7915039,97 74 73
1772542252.860226,90,01111011,00000000,0.47680664 0.067871094 -0.0357666 0.87561035,187 74 73
1772542253.142064,100,01111011,00000000,0.4510498 -0.045532227 -0.033325195 0.89068604,143 74 73
1772542253.457244,110,01111011,00000000,0.6433716 -0.017700195 0.016479492 0.7651367,142 74 73
1772542253.746755,120,01111011,00000000,0.93444824 0.029968262 0.04827881 0.3513794,170 74 73
1772542254.028884,130,01111011,00000000,0.9928589 0.0010986328 0.016906738 0.11785889,143 74 73
1772542254.30733,140,01111011,00000000,0.99853516 0.024902344 -0.003112793 0.046813965,149 74 73
1772542254.584599,150,01111011,00000000,0.9984741 0.013183594 0.0026855469 0.053100586,140 74 73
1772542254.792704,160,01111011,00000000,0.9561157 -0.06732178 0.27301025 0.082092285,107 74 73
1772542255.153671,170,01111011,00000000,0.80285645 0.20544434 -0.11743164 -0.5471802,296 71 71
1772542255.373825,180,01111011,00000000,0.51708984 0.04107666 0.11975098 -0.8464966,226 71 71
1772542255.674252,190,01111011,00000000,0.27703857 0.06237793 0.015563965 -0.9586792,283 71 71
1772542255.952055,200,01111011,00000000,0.3456421 -0.028869629 0.02142334 -0.9376221,223 71 71
1772542256.224707,210,01111011,00000000,0.6968994 -0.027404785 0.011657715 -0.7164917,187 71 71
1772542256.524033,220,01111011,00000000,0.91363525 -0.036499023 -0.040283203 -0.402771,162 71 71
1772542256.810829,230,01111011,00000000,0.9944458 -0.012268066 -0.063964844 0.08306885,166 71 71
1772542257.031431,240,01111011,00000000,0.8828125 0.0036621094 -0.07287598 0.46398926,165 71 71
1772542257.326333,250,01111011,00000000,0.7873535 0.008972168 -0.032348633 0.61553955,172 71 71
1772542257.479053,0,01111011,00000000,0.8311157 0.021240234 -0.0076293945 0.555603,171 71 71
1772542257.794169,10,01111011,00000000,0.86376953 0.006652832 0.008300781 0.5037842,159 71 71
1772542258.080055,20,01111011,00000000,0.9834595 0.042297363 0.014770508 0.175354,172 71 71
1772542258.310674,30,01111011,00000000,0.99609375 0.038391113 0.019470215 -0.0769043,175 71 71
1772542258.59961,40,01111011,00000000,0.9519043 0.04437256 0.0138549805 -0.3027954,183 71 71
1772542258.806809,50,01111011,00000000,0.94659424 0.02758789 0.007446289 -0.32110596,176 71 71
1772542259.207038,60,01111011,00000000,0.95684814 0.024291992 -0.010192871 -0.28918457,174 71 71
1772542340.849081,0,01100001,00000000,0.9848633 0.021850586 -0.009399414 -0.1716919,164 71 71
1772542342.063257,10,01100001,00000000,0.004211426 0.8721924 0.48919678 -0.0020141602,0 0 0
1772542343.153119,20,01100001,00000000,0.99957275 -0.0015869141 0.004760742 -0.030395508,0 0 0
1772542344.370066,30,01100001,00000000,0.99823 0.0073242188 0.006652832 0.058654785,0 0 0
1772542344.667767,40,01110011,00000000,0.9998779 0.002319336 0.0052490234 -0.012207031,0 0 0
1772542344.972166,50,01110011,00000000,0.8652344 -0.049316406 -0.10253906 0.4882202,0 127 14
1772542345.261886,60,01110011,00000000,0.83428955 -0.034240723 -0.008605957 0.5501709,23 98 24
1772542345.547318,70,01110011,00000000,0.8045654 -0.0107421875 -0.023620605 0.59332275,27 118 34
1772542345.837893,80,01110011,00000000,0.7989502 -0.039855957 -0.05706787 0.5973511,1 141 44
1772542346.053057,90,01110011,00000000,0.7160034 -0.01574707 -0.034484863 0.6970825,5 155 51
1772542346.331082,100,01110011,00000000,0.50738525 0.014282227 -0.035583496 0.8609009,31 170 52
1772542346.620392,110,01110011,00000000,0.41235352 -0.020141602 -0.027709961 0.91033936,32 161 54
1772542346.844068,120,01110011,00000000,0.38623047 0.008361816 -0.03363037 0.9217529,37 178 56
1772542347.212215,130,01110011,00000000,0.4326172 0.01763916 -0.004699707 0.9013672,63 165 57
1772542347.524371,140,01110011,00000000,0.5031128 -0.044006348 0.016174316 0.8629761,53 123 62
1772542347.743767,150,01110011,00000000,0.64904785 -0.01763916 -0.012451172 0.760437,52 136 65
1772542347.967668,160,01110011,00000000,0.83551025 0.14672852 -0.06323242 0.52575684,118 193 66
1772542348.278137,170,01110011,00000000,0.9556885 0.16601562 0.045532227 0.23876953,161 93 67
1772542348.604197,180,01110011,00000000,0.9803467 0.0006713867 0.16601562 -0.10675049,87 0 69
1772542348.901087,190,01110011,00000000,0.9075928 0.057617188 0.21746826 -0.35430908,85 2 71
1772542349.182831,200,01110011,00000000,0.76641846 -0.023925781 0.061828613 -0.638855,78 89 71
1772542349.40076,210,01110011,00000000,0.42907715 0.018981934 -0.08520508 -0.8989868,165 57 70
1772542349.699475,220,01110011,00000000,0.25976562 -0.089660645 -0.09051514 -0.95721436,140 124 70
1772542349.914174,230,01110011,00000000,0.17382812 0.11645508 0.015686035 -0.97772217,87 20 72
1772542350.215866,240,01110011,00000000,0.18334961 0.070495605 -0.0068969727 -0.9805298,104 0 73
1772542350.506623,250,01110011,00000000,0.28411865 0.10296631 0.15124512 -0.9411621,53 0 76
1772542350.665217,0,01110011,00000000,0.60931396 0.06695557 0.08013916 -0.78601074,59 22 75
1772542350.955673,10,01110011,00000000,0.69036865 0.06439209 -0.049804688 -0.71881104,104 46 74
1772542351.230302,20,01110011,00000000,0.9017334 0.06939697 0.041625977 -0.42462158,69 34 75
1772542351.521253,30,01110011,00000000,0.9946289 0.08795166 -0.046081543 -0.029907227,62 75 75
1772542351.814056,40,01110011,00000000,0.93878174 0.032348633 0.02746582 0.34173584,68 31 75
1772542352.115022,50,01110011,00000000,0.78674316 -0.08544922 -0.079956055 0.6060791,0 82 76
1772542352.829415,60,01110011,00000000,0.67333984 -0.020812988 -0.08709717 0.7338867,1 96 76
1772542372.804707,0,01111001,00000000,0.6455078 0.015686035 -0.13305664 0.7518921,2 118 76
1772542374.030662,10,01111001,00000000,0.87023926 0.0040283203 0.00030517578 -0.49249268,2 118 76
1772542375.16811,20,01111001,00000000,0.9998779 -0.0014038086 0.0028076172 -0.007019043,2 118 76
1772542376.003429,30,01111011,00000000,0.9998779 -0.0007324219 0.007446289 -0.0075683594,2 118 76
1772542376.274181,40,01111011,00000000,0.99823 -0.027160645 0.037475586 0.035888672,0 87 76
1772542376.559939,50,01111011,00000000,0.57128906 -0.09741211 -0.07891846 0.8109741,0 148 76
1772542376.849365,60,01111011,00000000,0.5484009 0.048095703 -0.00079345703 0.83477783,75 184 76
1772542377.141938,70,01111011,00000000,0.6621704 -0.017211914 -0.016479492 0.74884033,59 149 76
1772542377.451991,80,01111011,00000000,0.8201904 0.008239746 0.019592285 0.57159424,82 122 76
1772542377.73498,90,01111011,00000000,0.94415283 0.027038574 0.01184082 0.32800293,101 118 76
1772542377.940596,100,01111011,00000000,0.96325684 0.0012817383 -0.021362305 0.26733398,82 123 76
1772542378.32326,110,01111011,00000000,0.9316406 0.007751465 -0.0146484375 0.36279297,91 118 76
1772542378.546117,120,01111011,00000000,0.90478516 -0.00061035156 -0.017822266 0.425354,85 119 76
1772542378.749363,130,01111011,00000000,0.9016113 0.014465332 -0.014099121 0.43200684,93 118 76
1772542379.057516,140,01111011,00000000,0.91052246 0.013183594 -0.0126953125 0.4128418,97 116 76
1772542379.345499,150,01111011,00000000,0.9151001 0.0044555664 -0.033447266 0.40167236,89 129 76
1772542379.633682,160,01111011,00000000,0.9534302 0.08691406 -0.009155273 0.28845215,162 151 74
1772542379.928639,170,01111011,00000000,0.36938477 -0.09173584 0.13995361 0.91400146,27 0 78
1772542380.233535,180,01111011,00000000,0.8032837 0.12896729 -0.0692749 0.57714844,23 70 78
1772542380.463339,190,01111011,00000000,0.9395752 -0.04901123 0.07922363 0.32928467,10 13 78
1772542380.753653,200,01111011,00000000,0.9927368 0.09942627 -0.03265381 -0.057617188,100 88 78
1772542381.041448,210,01111011,00000000,0.9968872 -0.012390137 0.016967773 0.07501221,51 55 78
1772542381.348252,220,01111011,00000000,0.9906616 0.021362305 -0.030883789 0.1305542,76 93 78
1772542381.579433,230,01111011,00000000,0.94573975 -0.00061035156 -0.024230957 0.32385254,70 93 78
1772542381.876581,240,01111011,00000000,0.9486084 -0.023925781 -0.01184082 0.31518555,59 92 78
1772542382.165192,250,01111011,00000000,0.9956665 0.0059814453 0.087890625 -0.026672363,23 40 78
1772542382.314,0,01111011,00000000,0.88342285 0.10882568 -0.19799805 0.41046143,157 196 74
1772542382.608486,10,01111011,00000000,0.7701416 -0.0814209 -0.017456055 0.6322632,117 93 75
1772542382.84254,20,01111011,00000000,0.46990967 0.0017700195 -0.076171875 0.8793335,95 139 75
1772542383.129107,30,01111011,00000000,0.5565796 0.0048217773 -0.019592285 0.83044434,103 146 75
1772542383.425369,40,01111011,00000000,0.5596924 -0.031311035 -0.034057617 0.82733154,76 136 75
1772542383.710951,50,01111011,00000000,0.670166 0.024841309 -0.015136719 0.74157715,103 148 75
1772542383.999273,60,01111011,00000000,0.7692871 0.0005493164 -0.04473877 0.63726807,77 154 75
1772542384.275945,70,01111011,00000000,0.80548096 0.005554199 -0.009033203 0.5923462,91 135 75
1772542384.552367,80,01111011,00000000,0.83062744 0.022644043 -0.054382324 0.55352783,85 171 75
1772542384.842416,90,01111011,00000000,0.786499 -0.010009766 -0.019714355 0.6170654,82 147 75
1772542385.075981,100,01111011,00000000,0.7821655 0.029846191 -0.05456543 0.61987305,89 178 75
1772542385.3794,110,01111011,00000000,0.77545166 -0.009460449 -0.01751709 0.63098145,85 149 75
1772542385.611247,120,01111011,00000000,0.78808594 0.032165527 -0.049438477 0.6126709,96 180 75
1772542385.900439,130,01111011,00000000,0.74938965 0.13879395 -0.06781006 0.6437988,154 234 74
1772542386.240795,140,01111011,00000000,0.7090454 -0.18023682 -0.06896973 0.6781616,56 128 75
1772542386.526209,150,01111011,00000000,0.36254883 -0.0068969727 -0.046936035 0.93066406,14 185 75
1772542386.820759,160,01111011,00000000,0.74328613 0.0680542 0.014892578 0.66522217,51 164 75
1772542387.039595,170,01111011,00000000,0.80529785 -0.008728027 -0.064941406 0.58917236,2 143 75
1772542387.328044,180,01111011,00000000,0.83032227 0.046203613 -0.024108887 0.5546875,64 137 75
1772542387.639324,190,01111011,00000000,0.82629395 0.0040283203 -0.043518066 0.5614624,52 143 75
1772542387.857675,200,01111011,00000000,0.7687988 0.014160156 -0.06298828 0.6361084,63 171 75
1772542388.154158,210,01111011,00000000,0.76153564 0.01550293 -0.037902832 0.64678955,83 169 75
1772542388.437843,220,01111011,00000000,0.7775879 0.026794434 -0.05822754 0.62542725,87 189 75
1772542388.737043,230,01111011,00000000,0.77038574 0.0056762695 -0.04058838 0.63616943,94 181 75
1772542389.014344,240,01111011,00000000,0.7663574 0.033996582 -0.062805176 0.63830566,106 213 75
1772542389.31695,250,01111011,00000000,0.76568604 0.012390137 -0.038269043 0.6418457,108 198 75
1772542389.433287,0,01111011,00000000,0.760376 0.035095215 -0.066467285 0.6449585,116 230 75
1772542389.703247,10,01111011,00000000,0.76953125 0.038879395 -0.06274414 0.6342163,120 233 75
1772542389.99913,20,01111011,00000000,0.7609253 -0.0015258789 -0.0345459 0.6478882,117 208 75
1772542390.301947,30,01111011,00000000,0.76379395 0.04815674 -0.066223145 0.64019775,129 240 75
1772542390.590694,40,01111011,00000000,0.76068115 0.0009765625 -0.032470703 0.64819336,123 209 75
1772542390.823709,50,01111011,00000000,0.76519775 0.04888916 -0.067871094 0.6381836,137 246 75
1772542391.115455,60,01111011,00000000,0.7564087 -0.0021362305 -0.030761719 0.6532593,130 210 75
1772542391.413448,70,01111011,00000000,0.7665405 0.05078125 -0.06744385 0.63653564,146 247 75
1772542391.68429,80,01111011,00000000,0.7524414 0.0028076172 -0.035461426 0.6575928,134 210 75
1772542391.91178,90,01111011,00000000,0.7624512 0.041625977 -0.056518555 0.64312744,144 233 75
1772542392.209903,100,01111011,00000000,0.7665405 0.0037841797 -0.042114258 0.64068604,130 212 75
1772542396.58324,120,01111011,00000000,0.76586914 0.037719727 -0.05517578 0.6394043,140 225 75
1772542396.864315,130,01111011,00000000,0.7366333 -0.04864502 0.003112793 0.6744385,112 173 76
1772542397.157422,140,01111011,00000000,0.016296387 -0.08886719 -0.09716797 0.99108887,0 248 77
1772542397.458793,150,01111011,00000000,0.09838867 -0.06713867 0.026306152 -0.99243164,5 240 77
1772542397.747212,160,01111011,00000000,0.28656006 -0.007751465 0.032348633 -0.95739746,15 164 77
1772542397.982761,170,01111011,00000000,0.20953369 0.006591797 0.014587402 -0.9776001,24 125 77
1772542398.270653,180,01111011,00000000,0.029052734 0.0005493164 0.00091552734 0.9995117,54 115 77
1772542398.499985,190,01111011,00000000,0.27716064 -0.0022583008 -0.0056762695 0.9607544,55 106 77
1772542398.780015,200,01111011,00000000,0.39300537 0.013916016 -0.009460449 0.91937256,61 116 77
1772542399.082803,210,01111011,00000000,0.37121582 -0.00024414062 -0.030456543 0.9279785,57 121 77
1772542399.371186,220,01111011,00000000,0.303833 0.013549805 -0.023132324 0.9522705,71 138 77
1772542399.593149,230,01111011,00000000,0.27392578 0.0056152344 -0.026672363 0.9613037,75 142 77
1772542399.889247,240,01111011,00000000,0.27178955 0.010375977 -0.018249512 0.96209717,87 143 77
1772542400.171444,250,01111011,00000000,0.28234863 0.009399414 -0.020385742 0.9589844,89 147 77
1772542400.344549,0,01111011,00000000,0.27960205 0.00970459 -0.02130127 0.95977783,93 148 77
1772542400.551658,10,01111011,00000000,0.277771 0.008544922 -0.020507812 0.9602661,96 148 77
1772542400.840449,20,01111011,00000000,0.9998779 0.0045776367 -0.0076293945 -0.0015258789,95 139 77
1772542401.139791,30,01111011,00000000,0.99993896 0.002746582 -0.0040283203 -0.0026855469,90 125 77
1772542401.350159,40,01111011,00000000,0.9998779 0.0057373047 -0.008666992 0.0015258789,90 118 77
1772542401.637575,50,01111011,00000000,0.99993896 0.0040283203 -0.005432129 -0.001953125,89 107 77
1772542401.941372,60,01111011,00000000,0.99993896 0.0057373047 -0.0072021484 0.0007324219,88 101 77
1772542402.169529,70,01111011,00000000,0.9998779 0.0053710938 -0.007873535 0.0015869141,86 95 77
1772542402.395889,80,01111011,00000000,0.99993896 0.0056762695 -0.0064086914 0.0020751953,84 89 77
1772542402.687973,90,01111011,00000000,0.9998169 0.012390137 -0.0071411133 0,86 86 77
1772542402.991096,100,01111011,00000000,0.9996338 -0.010864258 -0.009216309 -0.01965332,72 86 77
1772542403.216123,110,01111011,00000000,0.9446411 -0.12646484 -0.09692383 -0.28649902,2 123 77
1772542403.499258,120,01111011,00000000,0.84643555 0.14758301 -0.1453247 0.49035645,143 129 76
1772542403.800843,130,01111011,00000000,0.14117432 0.0072631836 -0.09729004 0.9851074,201 226 74
1772542404.082971,140,01111011,00000000,0.26727295 -0.03765869 0.078063965 -0.95965576,159 183 74
1772542404.361435,150,01111011,00000000,0.32592773 0.0037841797 -0.018005371 -0.9451294,191 154 74
1772542404.662232,160,01111011,00000000,0.14764404 0.062072754 0.013061523 -0.9869385,199 104 74
1772542404.882443,170,01111011,00000000,0.28100586 -0.055114746 0.045043945 0.95703125,193 82 74
1772542405.170147,180,01111011,00000000,0.56451416 -0.019470215 0.0020141602 0.8251343,140 90 74
1772542405.471883,190,01111011,00000000,0.7714844 -0.020385742 0.022583008 0.63549805,129 68 74
1772542405.795183,200,01111011,00000000,0.8232422 -0.0065307617 -0.015625 0.5673828,107 93 74
1772542819.87768,0,01100001,00000000,0.70336914 -0.016113281 -0.03503418 0.7097168,80 111 74
1772542821.241575,10,01100001,00000000,0.010925293 0.99523926 0.096191406 0.008117676,0 0 0
1772542822.488205,20,01100001,00000000,0.99542236 -0.005493164 -0.0029296875 0.09509277,0 0 0
1772542823.665583,30,01100001,00000000,1 -0.001953125 -0.00018310547 0.0049438477,0 0 0
1772542824.284845,40,01110011,00000000,0.99664307 -0.0014038086 -0.0034179688 0.08190918,0 0 0
1772542824.642527,50,01110011,00000000,0.9992676 0.00030517578 -0.0044555664 0.03704834,8 10 9
1772542824.927147,60,01110011,00000000,0.9991455 -0.0014038086 -0.004638672 0.04168701,18 20 19
1772542825.294136,70,01110011,00000000,0.9980469 0.0006713867 -0.0048828125 0.062561035,28 32 20
1772542825.590511,80,01110011,00000000,0.99713135 -0.0018310547 -0.0049438477 0.07543945,36 42 20
1772542825.958823,90,01110011,00000000,0.99749756 0.001159668 -0.006286621 0.06994629,46 54 20
1772542826.304012,100,01110011,00000000,0.99853516 -0.0026855469 -0.0016479492 0.053710938,51 58 29
1772542826.599039,110,01110011,00000000,0.9979248 -0.022155762 -0.028381348 -0.053466797,40 79 45
1772542826.970658,120,01110011,00000000,0.96661377 -0.06738281 0.02911377 -0.24536133,0 52 81
1772542827.268018,130,01110011,00000000,0.98327637 -0.06109619 0.064086914 -0.15930176,1 15 93
1772542827.640026,140,01110011,00000000,0.9972534 0.001159668 -0.0020751953 -0.07434082,30 36 93
1772542828.01261,150,01110011,00000000,0.99298096 -0.0004272461 -0.002319336 -0.11810303,36 43 102
1772542828.312955,160,01110011,00000000,0.993042 0.008972168 -0.009399414 -0.117370605,47 51 108
1772542828.611548,170,01110011,00000000,0.9924927 -0.003967285 -0.002746582 -0.12188721,45 54 115
1772542828.982128,180,01110011,00000000,0.9923706 -0.0059814453 -0.0025634766 -0.123046875,46 59 116
1772542829.263831,190,01110011,00000000,0.9953613 -0.0072021484 0.00048828125 -0.095947266,45 61 116
1772542829.621609,200,01110011,00000000,0.9942627 -0.004699707 0.001159668 -0.10656738,47 64 117
1772542829.981447,210,01110011,00000000,0.99346924 -0.014526367 0 -0.113220215,41 67 117
1772542830.278219,220,01110011,00000000,0.993042 -0.0178833 -0.001953125 -0.11633301,36 68 117
1772542830.646143,230,01110011,00000000,0.99279785 -0.017150879 -0.002319336 -0.11859131,35 68 117
1772542830.944415,240,01110011,00000000,0.99279785 -0.018554688 -0.0025634766 -0.11846924,32 69 117
1772542831.311566,250,01110011,00000000,0.9925537 -0.020751953 -0.002380371 -0.11968994,28 69 117
1772542831.525056,0,01110011,00000000,0.9923706 -0.0211792 -0.0018310547 -0.121276855,27 69 117
1772542831.824269,10,01110011,00000000,0.9923096 -0.02130127 -0.0020751953 -0.12194824,25 69 117
1772542832.122656,20,01110011,00000000,0.9918213 -0.018432617 -0.0044555664 -0.1262207,24 72 120
1772542832.494642,30,01110011,00000000,0.99316406 -0.007385254 -0.010192871 -0.11627197,32 79 120
1772542832.790081,40,01110011,00000000,0.9939575 -0.00079345703 -0.0013427734 -0.109436035,42 78 120
1772542833.165924,50,01110011,00000000,0.99560547 0.0048828125 0.0020751953 -0.09338379,51 74 120
1772542833.464252,60,01110011,00000000,0.99835205 -0.0015258789 -0.0018920898 -0.0569458,51 75 116
1772542833.8392,70,01110011,00000000,0.9996338 0.0032958984 0.00048828125 -0.0256958,58 75 106
1772542834.136817,80,01110011,00000000,0.9998779 -0.0017089844 -0.002746582 -0.016967773,58 75 98
1772542834.505667,90,01110011,00000000,0.9996338 0.001159668 0.0015869141 -0.02545166,60 73 98
1772542834.786947,100,01110011,00000000,0.9992676 0.003112793 -0.0033569336 -0.038269043,63 74 98
1772542835.146167,110,01110011,00000000,0.9990845 0.0021972656 6.1035156E-05 -0.043395996,63 74 98
1772542835.502957,120,01110011,00000000,0.99938965 0.0010375977 -0.0018310547 -0.03479004,65 74 94
1772542835.794184,130,01110011,00000000,0.99975586 0.00390625 -0.0034179688 -0.023071289,67 75 94
1772542836.158576,140,01110011,00000000,0.99975586 -0.0012207031 -0.0010375977 -0.021850586,68 76 94
1772542836.495926,150,01110011,00000000,0.9996338 0.002746582 -0.0010986328 -0.026184082,72 76 94
1772542836.794398,160,01110011,00000000,0.9993286 0.002319336 0.0008544922 -0.035217285,73 75 94
1772542837.166036,170,01110011,00000000,0.9992676 -0.001159668 0.0018920898 -0.037841797,71 75 94
1772542837.464426,180,01110011,00000000,0.99957275 0.0024414062 -0.0006713867 -0.029907227,72 76 94
1772542837.835854,190,01110011,00000000,0.99975586 0.0008544922 0.0006713867 -0.023620605,72 76 94
1772542838.136883,200,01110011,00000000,0.9996948 -0.009521484 -0.007385254 -0.02355957,68 80 94
1772542838.503101,210,01110011,00000000,0.99902344 -0.011169434 0.035827637 -0.022644043,54 70 92
1772542838.797702,220,01110011,00000000,0.9942627 0.09729004 0.040649414 -0.017822266,114 40 91
1772542839.154927,230,01110011,00000000,0.9871826 -0.045776367 -0.14971924 -0.031677246,55 179 91
1772542839.520905,240,01110011,00000000,0.9885254 -0.0032958984 0.1505127 0.010986328,57 10 86
1772542839.822429,250,01110011,00000000,0.9937134 0.013793945 -0.09875488 0.05090332,76 131 76
1772542840.012251,0,01110011,00000000,0.99212646 -0.0154418945 0.0758667 0.09820557,63 46 66
1772542840.329332,10,01110011,00000000,0.99346924 0.016784668 0.010253906 0.11236572,75 62 60
1772542840.677,20,01110011,00000000,0.99468994 -0.006286621 -0.023254395 0.09967041,70 94 53
1772542841.026288,30,01110011,00000000,0.99749756 -0.008544922 0.028442383 0.06500244,65 58 53
1772542841.369693,40,01110011,00000000,0.99902344 0.0051879883 -0.017150879 0.04144287,72 81 54
1772542841.650687,50,01110011,00000000,0.9996948 -0.0036621094 0.007446289 0.025024414,69 70 59
1772542842.007779,60,01110011,00000000,0.99938965 -0.0064086914 0.0013427734 0.033691406,68 73 59
1772542842.371773,70,01110011,00000000,0.9985962 0.005126953 -0.006164551 0.051452637,76 79 59
1772542842.656269,80,01110011,00000000,0.9985962 -0.0068969727 0.0020141602 0.05291748,70 77 59
1772542843.016222,90,01110011,00000000,0.99890137 0.00024414062 -0.0014648438 0.046875,72 79 59
1772542843.371984,100,01110011,00000000,0.99920654 -0.0016479492 -0.003967285 0.03930664,71 79 59
1772542843.660898,110,01110011,00000000,0.99920654 -0.002746582 0.00390625 0.039001465,71 74 59
1772542844.020232,120,01110011,00000000,0.99884033 -0.0006713867 -0.0063476562 0.048095703,71 80 59
1772542844.374193,130,01110011,00000000,0.99871826 -0.00030517578 0.00592041 0.050598145,72 76 59
1772542844.661351,140,01110011,00000000,0.99871826 -0.003112793 -0.010070801 0.049316406,70 79 59
1772542845.007239,150,01110011,00000000,0.99902344 -0.0020751953 -6.1035156E-05 0.044128418,70 78 59
1772542845.348128,160,01110011,00000000,0.99920654 0.0071411133 0.0041503906 0.039978027,75 76 59
1772542845.699879,170,01110011,00000000,0.9962158 -0.07720947 0.017578125 0.035827637,20 77 59
1772542846.047292,180,01110011,00000000,0.9873657 0.144104 -0.021240234 -0.06286621,150 70 65
1772542846.318573,190,01110011,00000000,0.97436523 -0.06561279 -0.0569458 -0.20733643,57 141 89
1772542846.675971,200,01110011,00000000,0.94311523 0.0065307617 0.101257324 -0.31658936,42 20 119
1772542847.028979,210,01110011,00000000,0.91845703 0.05871582 -0.07342529 -0.38409424,142 90 149
1772542847.380556,220,01110011,00000000,0.8931885 -0.13891602 0.08416748 -0.41931152,0 70 179
1772542847.675428,230,01110011,00000000,0.8217163 0.15930176 0.041137695 -0.54559326,119 10 201
1772542848.042989,240,01110011,00000000,0.20379639 -0.03277588 -0.0625 -0.9764404,136 145 296
1772542848.339348,250,01110011,00000000,0.5946655 -0.041870117 -0.008666992 0.8027954,61 139 222
1772542848.564643,0,01110011,00000000,0.8466797 0.043640137 0.026428223 0.5296631,117 138 158
1772542848.871265,10,01110011,00000000,0.8461914 -0.04925537 0.009460449 0.53045654,69 111 117
1772542849.246332,20,01110011,00000000,0.645813 -0.003112793 0.019897461 0.7632446,67 117 20
1772542849.540897,30,01110011,00000000,0.0413208 0.0051879883 -0.0024414062 0.9991455,72 114 1
1772542849.914112,40,01110011,00000000,0.76898193 -0.01928711 0.020874023 -0.6386719,58 102 50
1772542850.196645,50,01110011,00000000,0.9753418 -0.014587402 0.03173828 0.21801758,37 87 3
1772542850.565104,60,01110011,00000000,0.60601807 -0.0234375 0.0076904297 0.79504395,21 100 1
1772542850.848697,70,01110011,00000000,0.28112793 0.016235352 0.0010375977 0.9595337,31 99 1
1772542851.226582,80,01110011,00000000,0.2952881 -0.01928711 0.0015258789 0.9552002,38 93 0
1772542851.527033,90,01110011,00000000,0.60791016 -0.0022583008 0.0018920898 0.79400635,48 95 1
1772542851.885524,100,01110011,00000000,0.90045166 -0.04486084 0.024353027 0.43206787,38 69 0
1772542852.246574,110,01110011,00000000,0.8508301 -0.010986328 0.033996582 0.5241699,40 81 1
1772542852.534616,120,01110011,00000000,0.6170044 -0.00079345703 0.06439209 0.7842407,35 57 0
1772542852.893172,130,01110011,00000000,0.37573242 -0.0076293945 -0.033813477 0.9260864,6 94 1
1772542853.185119,140,01110011,00000000,0.33807373 -0.02355957 0.0040893555 0.9407959,10 91 0
1772542853.56881,150,01110011,00000000,0.5048218 0.013061523 -0.013549805 0.8630371,18 100 1
1772542853.87671,160,01110011,00000000,0.76379395 -0.024780273 0.019165039 0.6446533,24 80 0
1772542864.597289,0,01111001,00000000,0.96569824 -0.003967285 0.011047363 0.25915527,32 73 8
1772542865.642086,10,01111011,00000000,0.9998779 -0.0024414062 -0.0048217773 0.012268066,44 69 38
1772542865.938862,20,01111011,00000000,0.99975586 -0.00061035156 -0.0037231445 0.021484375,45 69 39
1772542866.245395,30,01111011,00000000,0.6270752 -0.032165527 -0.0029907227 0.7782593,10 119 1
1772542866.593811,40,01111011,00000000,0.1508789 0.055725098 0.120666504 -0.9794922,2 119 25
1772542866.965425,50,01111011,00000000,0.40795898 -0.048339844 0.0099487305 -0.91156006,5 137 89
1772542867.262919,60,01111011,00000000,0.8563843 -0.024963379 0.027038574 -0.51483154,10 88 106
1772542867.631646,70,01111011,00000000,0.9977417 -0.044433594 -0.022583008 0.04272461,2 121 84
1772542867.93143,80,01111011,00000000,0.99572754 0.027282715 -0.012634277 0.08660889,15 104 73
1772542868.285453,90,01111011,00000000,0.98638916 -0.013000488 0.00390625 -0.16345215,0 108 88
1772542868.582439,100,01111011,00000000,0.888855 0.0501709 -0.03643799 -0.45385742,12 91 114
1772542868.955542,110,01111011,00000000,0.86035156 -0.0028076172 0.004211426 -0.5095215,7 89 162
1772542869.248482,120,01111011,00000000,0.91137695 -0.022460938 -0.029785156 -0.409729,4 97 176
1772542869.621798,130,01111011,00000000,0.93377686 0.027770996 -0.026794434 -0.3555298,18 94 179
1772542869.990433,140,01111011,00000000,0.92523193 0.02178955 0.012451172 -0.37835693,28 79 196
1772542870.289143,150,01111011,00000000,0.8960571 0.016235352 -0.031555176 -0.4423828,49 105 219
1772542870.577296,160,01111011,00000000,0.8925781 0.029785156 -0.03967285 -0.447937,63 109 236
1772542870.944252,170,01111011,00000000,0.8861084 0.0032348633 -0.004272461 -0.4633789,57 102 252
1772542871.246583,180,01111011,00000000,0.8668823 0.004699707 0 -0.4984131,63 100 270
1772542871.621464,190,01111011,00000000,0.8503418 0.03552246 -0.06994629 -0.5202637,95 128 286
1772542871.90747,200,01111011,00000000,0.85357666 -0.026184082 -0.08666992 -0.5128784,77 143 294
1772542872.280227,210,01111011,00000000,0.8291626 0.057495117 0.031677246 -0.5550537,95 107 295
1772542872.575638,220,01111011,00000000,0.81073 0.051208496 -0.080200195 -0.57751465,86 195 289
1772542872.956572,230,01111011,00000000,0.61712646 0.027954102 0.04498291 -0.78497314,17 207 296
1772542873.255384,240,01111011,00000000,0.37005615 0.08544922 -0.080566406 -0.92144775,48 226 296
1772542873.627873,250,01111011,00000000,0.06750488 -0.05340576 0.0099487305 0.9962158,20 190 268
1772542873.778578,0,01111011,00000000,0.8892212 0.032043457 0.10784912 0.4432373,100 156 214
1772542874.150623,10,01111011,00000000,0.9649658 0.087646484 0.036865234 -0.2444458,156 169 245
1772542874.444501,20,01111011,00000000,0.7496338 -0.10443115 -0.022399902 -0.6530762,69 200 296
1772543083.880869,0,01111001,00000000,0.7512207 0.047302246 0.023376465 -0.6577759,5 187 282
1772543085.114806,10,01111001,00000000,0.99645996 0.0013427734 -0.0009765625 -0.08337402,0 283 266
1772543086.189627,20,01111001,00000000,0.9984131 0.018127441 -0.0134887695 -0.050842285,0 283 266
1772543087.557699,30,01111001,00000000,1 0 0 0,0 283 266
1772543088.089197,40,01111011,00000000,0.99993896 0.005432129 -0.0053100586 0.004272461,0 283 266
1772543088.369639,50,01111011,00000000,0.9998779 0.00018310547 -0.0010375977 0.011047363,10 255 238
1772543088.715496,60,01111011,00000000,0.9998169 0.006225586 -0.01171875 0.009094238,23 229 208
1772543089.066929,70,01111011,00000000,0.9996948 0.010864258 -0.016113281 0.011108398,34 203 184
1772543089.403805,80,01111011,00000000,0.9995117 0.015563965 -0.022399902 0.013427734,43 182 164
1772543089.688152,90,01111011,00000000,0.97906494 -0.013977051 -0.070007324 -0.19030762,29 194 171
1772543090.020965,100,01111011,00000000,0.994751 0.08972168 -0.0491333 0.0017700195,103 181 150
1772543090.352767,110,01111011,00000000,0.99212646 -0.11816406 0.030334473 -0.027282715,17 103 139
1772543090.691158,120,01111011,00000000,0.97229004 0.18096924 -0.042175293 0.14178467,215 146 114
1772543091.046303,130,01111011,00000000,0.9873047 -0.026367188 -0.08319092 -0.13256836,136 131 130
1772543091.399944,140,01111011,00000000,0.9954834 0.06640625 -0.006591797 0.06768799,229 104 102
1772543091.769944,150,01111011,00000000,0.9920044 0.107788086 -0.063964844 0.013977051,259 136 97
1772543092.033293,160,01111011,00000000,0.95318604 0.18530273 -0.1519165 -0.1842041,300 296 102
1772543092.386902,170,01111011,00000000,0.92163086 0.14782715 0.07965088 -0.34973145,296 219 122
1772543092.685702,180,01111011,00000000,0.86883545 -0.010864258 0.043518066 -0.49298096,267 264 154
1772543093.035476,190,01111011,00000000,0.98394775 0.033081055 -0.061279297 -0.1642456,292 283 150
1772543093.414906,200,01111011,00000000,0.99780273 -0.034423828 0.022399902 -0.051574707,222 219 140
1772543093.676897,210,01111011,00000000,0.9949951 0.067993164 -0.05908203 0.04296875,242 234 119
1772543094.05025,220,01111011,00000000,0.9884033 -0.052856445 0.037902832 0.137146,171 162 98
1772543094.380545,230,01111011,00000000,0.98913574 0.110961914 -0.083862305 -0.047424316,232 199 103
1772543094.68628,240,01111011,00000000,0.9873657 -0.0289917 0.15307617 -0.028015137,142 67 104
1772543095.093817,250,01111011,00000000,0.9716797 -0.13537598 0.10272217 -0.16369629,51 39 128
1772543095.241097,0,01111011,00000000,0.9868164 -0.014953613 -0.14208984 -0.075805664,5 81 114
1772543095.594301,10,01111011,00000000,0.98547363 -0.14123535 0.08868408 -0.030273438,0 43 114
1772543095.885302,20,01111011,00000000,0.9937134 -0.003540039 -0.05102539 -0.09942627,11 13 107
1772543096.210868,30,01111011,00000000,0.99786377 0.016113281 0.04675293 -0.04168701,7 17 101
1772543096.57298,40,01111011,00000000,0.99450684 -0.040100098 0.06689453 0.06854248,0 3 89
1772543096.925752,50,01111011,00000000,0.99780273 -0.0068969727 0.02911377 0.05895996,5 6 84
1772543097.276795,60,01111011,00000000,0.9960327 -0.02368164 0.05218506 0.06793213,2 0 77
1772543097.549161,70,01111011,00000000,0.99780273 -0.010864258 0.029968262 0.0579834,11 5 72
1772543097.904709,80,01111011,00000000,0.9935303 -0.046142578 -0.0040893555 -0.10308838,0 33 86
1772543098.239467,90,01111011,00000000,0.9624634 0.055664062 0.12109375 0.23626709,17 23 67
1772543098.540651,100,01111011,00000000,0.9650879 0.070129395 -0.07867432 -0.23956299,16 102 84
1772543098.909215,110,01111011,00000000,0.5040283 -0.07977295 0.07507324 -0.8566284,0 90 207
1772543099.242544,120,01111011,00000000,0.81555176 -0.099975586 -0.0036010742 -0.5699463,21 93 233
1772543099.603105,130,01111011,00000000,0.9746094 -0.07336426 -0.0234375 0.20996094,18 151 154
1772543099.884799,140,01111011,00000000,0.85791016 0.01763916 0.012512207 0.51330566,66 144 76
1772543100.228999,150,01111011,00000000,0.9924927 -0.0064697266 0.044555664 0.1138916,74 101 76
1772543100.579453,160,01111011,00000000,0.98809814 -0.02545166 0.014770508 -0.15093994,65 92 102
1772543100.92529,170,01111011,00000000,0.9977417 -0.03161621 0.007873535 -0.058410645,51 82 101
1772543101.267399,180,01111011,00000000,0.9960327 -0.047180176 -0.00036621094 0.07531738,39 82 85
1772543101.585418,190,01111011,00000000,0.9974365 -0.014221191 0.022216797 0.06567383,51 67 77
1772543101.904933,200,01111011,00000000,0.99713135 -0.04748535 -0.0025024414 0.058898926,27 75 73
1772543102.259505,210,01111011,00000000,0.9991455 -0.008056641 0.011657715 0.038024902,44 58 73
1772543102.620795,220,01111011,00000000,0.994812 -0.039367676 0.0028076172 0.093811035,25 63 65
1772543102.902117,230,01111011,00000000,0.9973755 0.007019043 0.011291504 0.070739746,46 55 61
1772543103.241111,240,01111011,00000000,0.9959717 -0.029541016 0.00048828125 0.084228516,28 60 56
1772543220.899289,0,01100001,00000000,0.99731445 0.008544922 0.0146484375 0.07067871,47 53 55
1772543222.122345,10,01100001,00000000,0.0022583008 0.86242676 0.5061035 0.0107421875,0 0 0
1772543222.791284,20,01110011,00000000,0.99993896 0.0020141602 0.011657715 -0.0029907227,0 0 0
1772543223.169047,30,01110011,00000000,0.9576416 -0.0748291 0.05908203 0.27166748,0 15 0
1772543223.467676,40,01110011,00000000,0.8434448 0.010131836 0.060302734 0.5336914,46 22 3
1772543223.837334,50,01110011,00000000,0.9963989 0.055908203 0.036315918 0.052612305,84 31 27
1772543224.183959,60,01110011,00000000,0.9014282 0.032470703 0.046936035 -0.4290161,92 25 83
1772543224.526803,70,01110011,00000000,0.9484253 0.0009765625 0.012939453 -0.31671143,87 39 103
1772543224.803383,80,01110011,00000000,0.9998169 0.0037841797 -0.0078125 -0.014953613,87 56 88
1772543225.187598,90,01110011,00000000,0.993103 0.022338867 -0.00030517578 0.11456299,98 58 74
1772543225.492647,100,01110011,00000000,0.9998779 0.013916016 -0.004699707 0.0025634766,96 65 77
1772543225.796813,110,01110011,00000000,0.97753906 0.049682617 -0.0056762695 -0.20477295,112 88 100
1772543226.146472,120,01110011,00000000,0.9561157 0.014709473 0.13189697 0.26116943,74 3 69
1772543226.487068,130,01110011,00000000,0.9439697 0.097229004 -0.048095703 -0.3116455,97 68 106
1772543226.832441,140,01110011,00000000,0.9472656 0.014587402 0.032836914 -0.3184204,75 48 127
1772543227.17929,150,01110011,00000000,0.9798584 0.012023926 -0.01171875 -0.19873047,82 65 128
1772543227.472874,160,01110011,00000000,0.9968262 0.020812988 -0.004272461 -0.07635498,91 66 120
1772543227.823114,170,01110011,00000000,0.99713135 0.028503418 0.003479004 -0.06994629,101 65 116
1772543228.179897,180,01110011,00000000,0.984375 -0.10064697 0.13952637 0.037109375,38 0 105
1772543228.510041,190,01110011,00000000,0.9456177 0.1963501 -0.19329834 -0.17260742,183 156 117
1772543228.858282,200,01110011,00000000,0.9928589 -0.068359375 0.0914917 -0.03338623,76 44 108
1772543229.139095,210,01110011,00000000,0.99383545 0.022033691 -0.03729248 -0.10192871,110 84 113
1772543229.483235,220,01110011,00000000,0.9888916 -0.07733154 0.029174805 -0.123168945,71 69 116
1772543229.812232,230,01110011,00000000,0.9470825 -0.0803833 0.17010498 0.26013184,11 38 92
1772543230.177687,240,01110011,00000000,0.95391846 0.26953125 -0.12023926 -0.05340576,98 177 98
1772543230.505666,250,01110011,00000000,0.53063965 -0.057678223 -0.034362793 -0.84490967,40 157 192
1772543230.708349,0,01110011,00000000,0.72369385 0.09063721 0.01751709 -0.6838989,38 87 226
1772543231.012471,10,01110011,00000000,0.96698 0.012390137 0.037963867 -0.2514038,16 69 197
1772543231.355899,20,01110011,00000000,0.9105835 0.028686523 -0.0022583008 -0.41235352,32 66 211
1772543231.688014,30,01110011,00000000,0.99194336 0.027709961 -0.025390625 -0.12097168,58 79 185
1772543232.00743,40,01110011,00000000,0.982605 0.022460938 -0.016662598 -0.18353271,69 76 178
1772543232.333218,50,01110011,00000000,0.94311523 0.0211792 0.029907227 -0.33050537,76 59 188
1772543232.70443,60,01110011,00000000,0.85180664 -0.26867676 -0.008056641 -0.44958496,0 71 204
1772543233.053844,70,01110011,00000000,0.9069214 0.057922363 -0.3363037 0.24682617,76 196 149
1772543233.389228,80,01110011,00000000,0.42144775 0.082092285 -0.026062012 0.90270996,186 190 34
1772543233.674595,90,01110011,00000000,0.3623047 0.044921875 0.11669922 -0.923584,167 50 52
1772543234.02963,100,01110011,00000000,0.8093872 -0.013916016 -0.0008544922 -0.58703613,155 77 78
1772543234.384066,110,01110011,00000000,0.85272217 0.01776123 0.06542969 -0.51794434,125 39 116
1772543234.685492,120,01110011,00000000,0.95788574 0.0446167 -0.00970459 -0.28344727,140 64 119
1772543235.035202,130,01110011,00000000,0.93951416 0.015563965 -0.00793457 -0.34210205,122 50 136
1772543235.369865,140,01110011,00000000,0.8166504 0.048950195 0.034362793 -0.5739746,132 37 179
1772543235.741375,150,01110011,00000000,0.69970703 0.024047852 0 -0.7140503,136 42 221
1772543236.014136,160,01110011,00000000,0.6903076 0.029418945 0.022827148 -0.7225342,126 36 252
1772543236.345992,170,01110011,00000000,0.6781616 0.019104004 0.0028076172 -0.7345581,127 38 277
1772543236.698581,180,01110011,00000000,0.6175537 0.021362305 0.013000488 -0.7861328,121 34 296
1772543237.041905,190,01110011,00000000,0.51660156 0.02557373 0.00061035156 -0.8557739,120 36 296
1772543237.334631,200,01110011,00000000,0.1538086 0.048217773 -0.0033569336 -0.98687744,120 38 296
1772543237.662177,210,01110011,00000000,0.59503174 -0.049865723 0.0692749 0.7991333,129 29 231
1772543237.994655,220,01110011,00000000,0.9398804 0.028381348 0.10626221 -0.32330322,182 1 256
1772543238.329619,230,01110011,00000000,0.6456299 0.057373047 -0.01776123 -0.7612915,218 26 296
1772543238.681785,240,01110011,00000000,0.6664429 -0.020996094 0.034606934 -0.74438477,175 33 296
1772543239.024055,250,01110011,00000000,0.77648926 -0.021606445 -0.029296875 -0.6290283,157 54 293
1772543239.236935,0,01110011,00000000,0.9506836 -0.02557373 -0.020629883 -0.30828857,130 64 265
1772543239.530503,10,01110011,00000000,0.9528198 0.0020751953 -0.012756348 -0.3032837,130 63 258
1772543239.86888,20,01110011,00000000,0.9436035 -0.0030517578 -0.009765625 -0.3307495,117 64 249
1772543240.255179,30,01110011,00000000,0.9177246 -0.0045166016 0.0008544922 -0.3972168,104 66 249
1772543240.528313,40,01110011,00000000,0.9366455 0.0026855469 -0.018554688 -0.3496704,100 77 240
1772543240.882547,50,01110011,00000000,0.9389038 -0.022705078 -0.02368164 -0.34240723,83 84 233
1772543241.253661,60,01110011,00000000,0.9647217 -0.14147949 0.22192383 0.010498047,5 1 193
1772543241.535157,70,01110011,00000000,0.93084717 0.15045166 -0.18847656 -0.2744751,40 48 185
1772543241.891147,80,01110011,00000000,0.9772949 -0.028686523 0.11077881 0.17810059,12 1 148
1772543242.191978,90,01110011,00000000,0.97595215 -0.018005371 -0.06713867 -0.206604,23 27 148
1772543242.558641,100,01110011,00000000,0.99542236 0.04071045 -0.018432617 0.084472656,81 19 123
1772543242.89516,110,01110011,00000000,0.9942627 -0.08874512 0.056640625 -0.021240234,21 0 117
1772543243.229213,120,01110011,00000000,0.99383545 0.022827148 -0.059753418 -0.09008789,66 52 118
1772543243.540762,130,01110011,00000000,0.9987793 -0.029785156 0.026062012 -0.028930664,45 31 110
1772543243.897594,140,01110011,00000000,0.9869385 0.0007324219 -0.025817871 -0.15887451,54 54 119
1772543244.245139,150,01110011,00000000,0.99786377 -0.001953125 -0.0015869141 -0.06549072,57 54 112
1772543244.575095,160,01110011,00000000,0.9911499 -0.0017089844 -0.020751953 -0.13122559,57 67 116
1772543244.858802,170,01110011,00000000,0.99664307 -0.004638672 -0.010986328 -0.08068848,60 72 113
1772543245.23353,180,01110011,00000000,0.923645 -0.09625244 0.33917236 0.15014648,0 6 91
1772543245.533962,190,01110011,00000000,0.8944092 0.17108154 -0.18255615 -0.3706665,127 84 119
1772543245.885239,200,01110011,00000000,0.9484253 0.014892578 0.0115356445 0.31628418,100 26 71
1772543246.237634,210,01110011,00000000,0.9321289 -0.039489746 -0.037719727 0.3579712,23 68 39
1772543246.531186,220,01110011,00000000,0.9840698 0.08081055 0.029724121 -0.15557861,96 75 76
1772543246.864315,230,01110011,00000000,0.7949829 0.004760742 -0.0368042 -0.60546875,77 103 140
1772543247.210874,240,01110011,00000000,0.9920654 -0.021850586 -0.037719727 -0.11755371,72 111 121
1772543247.549059,250,01110011,00000000,0.9985962 0.0057373047 -0.013916016 0.049682617,81 111 101
1772543247.744272,0,01110011,00000000,0.99694824 0.030151367 -0.0423584 -0.058288574,92 119 103
1772543248.107102,10,01110011,00000000,0.994812 0.0072631836 0.03161621 -0.096069336,84 92 107
1772543248.415566,20,01110011,00000000,0.95214844 -0.12786865 0.23022461 -0.15509033,55 57 125
1772543248.749071,30,01110011,00000000,0.8935547 0.024169922 -0.1550293 -0.42071533,195 115 164
1772543249.105063,40,01110011,00000000,0.7573242 -0.05847168 0.0413208 0.6489868,186 74 62
1772543249.449495,50,01110011,00000000,0.8699341 0.070495605 0.0017089844 0.48797607,174 116 26
1772543249.751871,60,01110011,00000000,0.9921875 0.0020751953 0.046875 -0.11529541,165 80 62
1772543250.084422,70,01110011,00000000,0.8656616 0.01574707 -0.0048828125 -0.5003052,168 91 117
1772543250.473052,80,01110011,00000000,0.97698975 -0.018981934 -0.021972656 -0.21142578,142 101 117
1772543250.773746,90,01110011,00000000,0.9985962 0.01159668 -0.031066895 -0.040771484,139 112 107
1772545154.402142,0,01100001,00000000,0.9994507 -0.00036621094 -0.012573242 -0.028747559,124 103 102
1772545155.500955,10,01100001,00000000,0.0018920898 0.73883057 0.67388916 0.0018920898,0 0 0
1772545156.835486,20,01100001,00000000,0.0006713867 0.73132324 0.68200684 0.0008544922,0 0 0
1772545157.943635,30,01100001,00000000,0.9996948 -0.0006713867 -0.003967285 0.0256958,0 0 0
1772545158.352783,40,01110011,00000000,1 0.0012817383 -0.0017089844 0.0072021484,0 0 0
1772545158.684199,50,01110011,00000000,0.78448486 -0.013183594 -0.019470215 0.61968994,17 7 1
1772545159.016253,60,01110011,00000000,0.11639404 -0.035583496 -0.09057617 0.9884033,29 17 1
1772545159.346397,70,01110011,00000000,0.32080078 -0.052734375 0.030151367 -0.9451904,39 21 1
1772545159.707228,80,01110011,00000000,0.56573486 -0.0099487305 0.0026245117 -0.8245239,52 31 1
1772545159.988053,90,01110011,00000000,0.6990967 -0.004638672 0.0119018555 -0.7149048,54 41 6
1772545160.328163,100,01110011,00000000,0.5662842 0.005554199 0.0009765625 -0.8241577,54 51 16
1772545160.657487,110,01110011,00000000,0.31793213 0.032287598 -0.018920898 -0.9473877,54 51 26
1772545160.993401,120,01110011,00000000,0.18725586 -0.016784668 0.035461426 0.98150635,58 55 1
1772545161.365587,130,01110011,00000000,0.70965576 -0.030456543 0.050842285 0.70196533,58 55 1
1772545161.637417,140,01110011,00000000,0.984375 -0.0014648438 0.049743652 0.16894531,58 55 1
1772545162.007962,150,01110011,00000000,0.947937 0.013183594 0.018371582 -0.317688,58 55 11
1772545162.298797,160,01110011,00000000,0.7472534 0.0045166016 -0.0072021484 -0.66448975,58 55 21
1772545162.639595,170,01110011,00000000,0.5805664 0.006713867 -0.0004272461 -0.814209,58 55 31
1772545163.030145,180,01110011,00000000,0.5595703 -0.014038086 -0.010437012 -0.82855225,58 55 41
1772545163.320856,190,01110011,00000000,0.66571045 -0.025024414 -0.012939453 -0.74560547,58 56 45
1772545163.66295,200,01110011,00000000,0.8583374 -0.045166016 -0.009277344 -0.5109253,59 58 32
1772545164.029984,210,01110011,00000000,0.9830322 -0.057617188 -0.01776123 -0.17321777,60 59 19
1772545164.30294,220,01110011,00000000,0.98217773 -0.05645752 -0.022277832 0.17785645,63 62 5
1772545164.678544,230,01110011,00000000,0.8729248 -0.041748047 -0.0115356445 0.4857788,64 63 1
1772545165.024081,240,01110011,00000000,0.7506714 -0.03314209 -0.011047363 0.659729,64 63 1
1772545165.299638,250,01110011,00000000,0.6882324 -0.013305664 -0.0032348633 0.7253418,64 63 1
1772545165.51702,0,01110011,00000000,0.7123413 -0.004272461 -0.00012207031 0.7017822,64 63 1
1772545165.84665,10,01110011,00000000,0.7687378 -0.0024414062 0.006225586 0.63946533,64 63 1
1772545166.177342,20,01110011,00000000,0.8718262 -0.012084961 0.022460938 0.48913574,64 63 1
1772545166.500057,30,01110011,00000000,0.92962646 0.045898438 -0.0072631836 0.36541748,73 62 1
1772545166.904981,40,01110011,00000000,0.993042 0.117004395 -0.0025024414 -0.011047363,126 62 5
1772545167.188015,50,01110011,00000000,0.70440674 -0.030944824 0.010986328 -0.7090454,122 51 15
1772545167.521715,60,01110011,00000000,0.5819702 0.09301758 0.057006836 -0.80578613,134 26 21
1772545167.908475,70,01110011,00000000,0.58044434 -0.014892578 0.024230957 -0.81378174,138 24 26
1772545168.194546,80,01110011,00000000,0.41992188 0.032470703 0.008300781 -0.9069214,128 34 36
1772545168.558822,90,01110011,00000000,0.64001465 -0.005432129 0.021240234 -0.7680664,118 44 29
1772545168.832188,100,01110011,00000000,0.7197876 -0.016967773 0.006286621 -0.6939087,108 52 37
1772545169.186604,110,01110011,00000000,0.9002075 -0.02154541 -0.028869629 -0.43389893,106 59 26
1772545169.518813,120,01110011,00000000,0.99560547 -0.03564453 -0.015380859 -0.08508301,106 59 15
1772545169.90184,130,01110011,00000000,0.96588135 -0.031433105 -0.034118652 0.2548828,104 61 1
1772545170.177637,140,01110011,00000000,0.89276123 -0.028015137 -0.025817871 0.44891357,103 61 1
1772545170.519321,150,01110011,00000000,0.8143921 -0.01739502 -0.01928711 0.5797119,103 61 1
1772545170.874525,160,01110011,00000000,0.79748535 -0.025512695 -0.014770508 0.60266113,103 61 1
1772545171.220041,170,01110011,00000000,0.84155273 -0.010192871 -0.0040893555 0.539978,103 61 1
1772545171.555387,180,01110011,00000000,0.91741943 -0.0005493164 -0.0032348633 0.39788818,103 61 1
1772545198.436683,238,01111000,00000000,0.98254395 0.0038452148 0.0040283203 0.18615723,103 61 1
1772545198.807151,250,01111011,00000000,0.003479004 0.0020141602 -0.06298828 1.9365234,141 15874 451
1772545199.037419,0,01111011,00000000,0.77020264 0.0072631836 -0.026367188 0.637146,106 42 1
1772545199.311455,10,01111011,00000000,0.35614014 0.039916992 -0.07550049 0.93048096,105 48 1
1772545199.657139,20,01111011,00000000,0.122802734 -0.014099121 0.050476074 -0.99102783,115 37 1
1772545200.00054,30,01111011,00000000,0.28045654 0.007751465 0.017089844 -0.9597168,145 27 7
1772545200.329323,40,01111011,00000000,0.40185547 0.03314209 0.033203125 -0.91448975,137 20 12
1772545200.665124,50,01111011,00000000,0.13110352 0.031677246 0.016662598 -0.99072266,127 30 22
1772545201.004774,60,01111011,00000000,0.21453857 -0.035949707 -0.0028076172 0.9760132,121 42 1
1772545201.323065,70,01111011,00000000,0.6538696 0.0052490234 0.032714844 0.7558594,111 52 1
1772545201.655441,80,01111011,00000000,0.97454834 0.031921387 0.05065918 0.21594238,103 54 1
1772545201.984632,90,01111011,00000000,0.9071655 0.0592041 0.048950195 -0.41375732,106 54 10
1772545202.321075,100,01111011,00000000,0.625 0.046691895 0.036315918 -0.77838135,121 54 20
1772545202.644575,110,01111011,00000000,0.33673096 0.029846191 0.020935059 -0.94091797,111 54 30
1772545203.001477,120,01111011,00000000,0.22686768 0.010437012 0.02557373 -0.97351074,101 54 40
1772545203.354132,130,01111011,00000000,0.9991455 -0.0040283203 -0.009216309 0.039489746,100 54 50
1772545203.646539,140,01111011,00000000,0.9642334 -0.011291504 -0.026794434 0.26342773,100 62 32
1772545203.981759,150,01111011,00000000,0.8115845 -0.016296387 -0.048828125 0.5819092,100 69 1
1772545204.311118,160,01111011,00000000,0.51135254 -0.004638672 -0.06097412 0.8571167,100 69 1
1772545204.634749,170,01111011,00000000,0.12927246 0.0018920898 -0.054016113 0.9901123,100 69 1
1772545204.963294,180,01111011,00000000,0.21386719 -0.0045166016 0.035949707 -0.9761963,100 64 1
1772545205.353378,190,01111011,00000000,0.45489502 0.0068969727 0.025756836 -0.8901367,100 64 1
1772545205.679789,200,01111011,00000000,0.55114746 0.013061523 0.01965332 -0.8340454,100 64 10
1772545206.005678,210,01111011,00000000,0.58325195 0.031066895 -0.009277344 -0.8116455,100 64 20
1772545206.329457,220,01111011,00000000,0.35913086 0.013244629 0.031311035 -0.9326172,100 64 30
1772545206.679868,230,01111011,00000000,0.1274414 0.026367188 0.020263672 -0.991272,100 64 40
1772545206.964743,240,01111011,00000000,0.0044555664 -0.03515625 -0.00030517578 0.9993286,108 65 38
1772545207.295509,250,01111011,00000000,0.15820312 -0.0076293945 0 0.9873657,103 69 1
1772545207.497489,0,01111011,00000000,0.3371582 -0.014160156 -0.0028076172 0.9413452,103 69 1
1772545207.869586,10,01111011,00000000,0.38238525 -0.010253906 0.0018920898 0.92388916,103 69 1
1772545208.163318,20,01111011,00000000,0.40222168 -0.001953125 -0.008972168 0.9154663,103 69 1
1772545208.509126,30,01111011,00000000,0.3708496 0.007751465 -0.014282227 0.92852783,103 69 1
1772545208.876772,40,01111011,00000000,0.2913208 0.0037231445 -0.018676758 0.9564209,103 69 1
1772545209.174654,50,01111011,00000000,0.20391846 0.010803223 -0.0178833 0.97875977,103 69 1
1772545209.527085,60,01111011,00000000,0.15484619 0.007751465 -0.018981934 0.9876709,103 69 1
1772545209.826823,70,01111011,00000000,0.12799072 0.010864258 -0.0126953125 0.99157715,103 69 1
1772545210.179065,80,01111011,00000000,0.15026855 0.007507324 -0.0138549805 0.98846436,103 69 1
1772545210.523327,90,01111011,00000000,0.1895752 0.01184082 -0.008483887 0.9817505,103 69 1
1772545210.893596,100,01111011,00000000,0.22546387 0.024230957 -0.006958008 0.973938,103 69 1
1772545211.162501,110,01111011,00000000,0.032958984 0.030273438 0.046447754 0.99786377,109 64 1
1772545211.539388,120,01111011,00000000,0.6116333 0.07232666 0.08874512 -0.7827759,119 43 2
1772545211.89545,130,01111011,00000000,0.18621826 0.04425049 0.1640625 0.9677124,162 26 1
1772545212.204642,140,01111011,00000000,0.8592529 -0.053649902 0.05328369 0.5058594,152 26 1
1772545212.570821,150,01111011,00000000,0.9901123 0.03918457 0.13342285 0.015930176,149 5 7
1772545212.855094,160,01111011,00000000,0.9837036 -0.012634277 0.03277588 -0.17633057,139 3 17
1772545213.182601,170,01111011,00000000,0.89294434 -0.018066406 0.05328369 -0.44659424,129 11 27
1772545213.529779,180,01111011,00000000,0.96209717 -0.030761719 0.050720215 -0.26611328,119 3 28
1772545213.863771,190,01111011,00000000,0.9944458 -0.033935547 -0.014343262 -0.09869385,109 14 33
1772545214.221494,200,01111011,00000000,0.9434204 -0.004211426 -0.010375977 0.3312378,107 24 4
1772545214.496047,210,01111011,00000000,0.5946655 0.0026245117 -0.059570312 0.8016968,103 34 1
1772545214.840005,220,01111011,00000000,0.028442383 0.048950195 -0.037902832 0.9976196,103 44 1
1772545215.171528,230,01111011,00000000,0.41064453 -0.042663574 0.0423584 -0.90979004,103 45 1
1772545215.515767,240,01111011,00000000,0.6934204 -0.03894043 0.010009766 -0.71936035,103 54 1
1772545215.85017,250,01111011,00000000,0.78948975 -0.014099121 0.031188965 -0.6126709,100 54 9
1772545216.050829,0,01111011,00000000,0.7686157 -0.0048828125 0.016967773 -0.63946533,100 54 19
1772545226.672294,0,01111001,00000000,0.6705322 0.00061035156 0.0048828125 -0.7418213,100 54 25
1772545227.86837,10,01111001,00000000,0.77874756 0.0028686523 -0.035827637 0.6263428,100 54 31
1772545229.004793,20,01111001,00000000,0.7732544 0.007751465 -0.03302002 0.6331177,100 54 31
1772545229.871381,30,01111011,00000000,0.99993896 -0.0048828125 -0.0032348633 0,100 54 31
1772545230.228649,40,01111011,00000000,0.9859619 -0.07116699 0.041931152 0.14489746,100 35 23
1772545230.562898,50,01111011,00000000,0.6386719 -0.0126953125 -0.109069824 0.76153564,100 45 1
1772545230.878613,60,01111011,00000000,0.6166992 0.0040283203 0.016723633 0.78692627,103 54 1
1772545231.265949,70,01111011,00000000,0.87506104 0.021850586 0.01776123 0.4831543,103 54 1
1772545231.586403,80,01111011,00000000,0.99554443 0.081970215 -0.028442383 0.03643799,116 54 3
1772545231.903481,90,01111011,00000000,0.9595947 -0.010070801 0.04949951 -0.2767334,143 1 16
1772545232.223298,100,01111011,00000000,0.97088623 0.10217285 0.0040283203 0.2163086,184 9 1
1772545232.593962,110,01111011,00000000,0.61206055 -0.27661133 -0.13555908 0.72821045,164 19 1
1772545232.909904,120,01111011,00000000,0.7458496 0.13342285 -0.03265381 0.6517334,175 29 1
1772545233.275666,130,01111011,00000000,0.18774414 0.061035156 -0.057250977 0.97857666,163 38 1
1772545233.594704,140,01111011,00000000,0.46984863 0.01373291 0.0357666 -0.881897,148 39 1
1772545233.931288,150,01111011,00000000,0.755249 -0.0020751953 0.007080078 -0.6553345,138 49 2
1772545234.263683,160,01111011,00000000,0.79229736 0.038024902 0.00390625 -0.60876465,128 51 12
1772545234.601449,170,01111011,00000000,0.6986084 0.06225586 0.013000488 -0.7126465,139 51 22
1772545234.892356,180,01111011,00000000,0.33892822 0.06463623 0.021484375 -0.93829346,152 51 32
1772545235.221595,190,01111011,00000000,0.11505127 -0.079956055 -0.012023926 0.98999023,167 54 10
1772545235.566282,200,01111011,00000000,0.6027832 -0.03289795 0.022827148 0.7967529,150 55 1
1772545235.910122,210,01111011,00000000,0.90734863 0.00970459 0.016113281 0.41992188,140 55 1
1772545236.254125,220,01111011,00000000,0.99920654 0.038146973 0.010253906 0.00036621094,130 55 5
1772545236.581064,230,01111011,00000000,0.9691162 0.034118652 0.0056152344 -0.24395752,120 55 15
1772545236.921575,240,01111011,00000000,0.9595947 0.017028809 -0.011047363 -0.28045654,110 55 25
1772545237.255675,250,01111011,00000000,0.99212646 -0.022521973 -0.007873535 -0.122924805,103 56 28
1772545237.407793,0,01111011,00000000,0.9156494 -0.319458 -0.22180176 0.10101318,120 60 23
1772545237.775508,10,01111011,00000000,0.79052734 0.0028686523 -0.15386963 0.59265137,205 60 1
1772545238.120434,20,01111011,00000000,0.27947998 0.13354492 -0.19018555 0.93151855,195 60 1
1772545238.468869,30,01111011,00000000,0.8811035 -0.21185303 -0.15710449 -0.39239502,191 60 1
1772545238.738416,40,01111011,00000000,0.66571045 0.09118652 -0.18389893 0.7173462,185 60 1
1772545239.090579,50,01111011,00000000,0.05340576 0.038635254 -0.05090332 0.99645996,170 60 1
1772545239.443166,60,01111011,00000000,0.5050049 -0.093811035 0.0075683594 -0.8579712,158 58 1
1772545239.774504,70,01111011,00000000,0.93933105 0.024597168 -0.089660645 -0.32989502,149 57 1
1772545240.115462,80,01111011,00000000,0.9904785 -0.044128418 0.005126953 -0.13018799,139 57 7
1772545240.456566,90,01111011,00000000,0.9963379 0.04156494 -0.011352539 -0.07293701,129 57 14
1772545240.789283,100,01111011,00000000,0.786499 0.08013916 0.0056152344 -0.61224365,138 57 24
1772545241.155646,110,01111011,00000000,0.068725586 -0.0904541 0.0053100586 0.99346924,176 58 23
1772545241.449659,120,01111011,00000000,0.74261475 -0.07409668 0.047058105 0.6638794,161 61 1
1772545241.78147,130,01111011,00000000,0.9961548 0.049621582 0.07092285 -0.009033203,153 50 4
1772545242.071474,140,01111011,00000000,0.63061523 0.11895752 0.020202637 -0.7665405,194 45 14
1772545242.422153,150,01111011,00000000,0.2098999 -0.11968994 0.021728516 0.9700928,254 49 1
1772545242.792297,160,01111011,00000000,0.8057251 -0.045776367 0.072631836 0.58599854,227 51 1
1772545243.125958,170,01111011,00000000,0.99664307 0.04852295 0.05493164 -0.0357666,198 41 4
1772545243.476277,180,01111011,00000000,0.7930298 0.081726074 0.027770996 -0.60302734,204 48 14
1772545243.785692,190,01111011,00000000,0.44049072 0.066589355 0.009765625 -0.8951416,214 48 24
1772545244.098388,200,01111011,00000000,0.28674316 0.044555664 0.00982666 -0.95684814,214 49 34
1772545244.437789,210,01111011,00000000,0.3373413 0.009887695 0.00592041 -0.94122314,189 51 44
1772545244.742721,220,01111011,00000000,0.58776855 -0.0119018555 -0.0057373047 -0.8088379,169 59 31
1772545245.077933,230,01111011,00000000,0.883667 -0.040405273 -0.032043457 -0.46520996,155 61 11
1772545245.413074,240,01111011,00000000,0.9944458 -0.04168701 -0.070129395 0.06567383,145 63 1
1772545245.768641,250,01111011,00000000,0.77734375 -0.024780273 -0.08569336 0.6226196,135 63 1
1772545245.972591,0,01111011,00000000,0.2828369 0.0043945312 -0.056762695 0.9574585,125 63 1
1772545246.305602,10,01111011,00000000,0.0357666 -0.010253906 0.033813477 -0.9986572,119 63 1
1772545246.631887,20,01111011,00000000,0.47106934 -0.0053710938 0.0056152344 -0.88201904,109 63 1
1772545246.954759,30,01111011,00000000,0.66900635 0.0030517578 -0.011352539 -0.743042,100 63 4
1772545247.275792,40,01111011,00000000,0.66815186 0.029907227 0.002746582 -0.74334717,100 63 14
1772545247.599914,50,01111011,00000000,0.4414673 0.041137695 -0.017150879 -0.89611816,100 63 24
1772545247.990593,60,01111011,00000000,0.0357666 0.059631348 -0.0048828125 -0.9975586,125 63 34
1772545248.310087,70,01111011,00000000,0.39752197 -0.052490234 0.033813477 0.9154053,118 67 1
1772545248.632096,80,01111011,00000000,0.7762451 -0.029541016 0.026611328 0.62908936,108 67 1
1772545248.990513,90,01111011,00000000,0.95947266 -0.0036010742 0.012878418 0.2814331,103 67 1
1772545405.038274,0,01100001,00000000,0.9998779 -0.0057373047 -0.0056152344 0.00592041,100 67 7
1772545406.314778,10,01100001,00000000,0.019042969 -0.04095459 0.9989624 -0.0014038086,0 0 0
1772545407.621073,20,01100001,00000000,0.99993896 -0.0043945312 0.007080078 0.00091552734,0 0 0
1772545407.960568,30,01110011,00000000,0.99993896 0.0014038086 0.0032348633 0.005859375,0 0 0
1772545408.32708,40,01110011,00000000,0.68792725 -0.0079956055 -0.06567383 0.7227173,14 7 1
1772545408.68758,50,01110011,00000000,0.18249512 0.0026855469 0.072021484 -0.9805298,26 14 1
1772545408.973043,60,01110011,00000000,0.40270996 -0.018615723 0.021240234 -0.91485596,55 6 4
1772545409.309894,70,01110011,00000000,0.42401123 0.022277832 0.0138549805 -0.9052124,74 4 14
1772545409.6913,80,01110011,00000000,0.022155762 -0.024719238 0.0012207031 0.9994507,91 8 13
1772545409.986485,90,01110011,00000000,0.56066895 -0.018615723 0.042663574 0.8267212,92 17 1
1772545410.321115,100,01110011,00000000,0.95092773 0.016784668 0.05657959 0.30352783,94 22 1
1772545410.606772,110,01110011,00000000,0.9259033 0.036254883 0.051086426 -0.37243652,121 13 9
1772545410.952193,120,01110011,00000000,0.7028198 0.02758789 0.024047852 -0.7103882,136 10 19
1772545411.353485,130,01110011,00000000,0.5667114 0.008483887 0.019470215 -0.82366943,131 12 29
1772545411.619477,140,01110011,00000000,0.6397705 -0.00970459 0.015075684 -0.76831055,121 18 31
1772545411.940232,150,01110011,00000000,0.82177734 -0.03277588 0.005004883 -0.56884766,113 28 21
1772545412.284428,160,01110011,00000000,0.9812622 -0.03564453 -0.014282227 -0.1885376,113 38 4
1772545412.634181,170,01110011,00000000,0.98046875 -0.022277832 -0.024353027 0.19366455,113 48 1
1772545412.958795,180,01110011,00000000,0.89611816 -0.011047363 -0.014587402 0.44335938,109 53 1
1772545413.33759,190,01110011,00000000,0.85235596 -0.012512207 -0.0013427734 0.5227051,104 54 1
1772545413.608409,200,01110011,00000000,0.91156006 -0.0037841797 0.008300781 0.41107178,104 54 1
1772545413.994421,210,01110011,00000000,0.97802734 0.004760742 0.008483887 0.20819092,104 54 1
1772545414.320199,220,01110011,00000000,0.9998779 0.010986328 0.011413574 0.0037841797,105 54 9
1772545414.622003,230,01110011,00000000,0.9944458 0.010131836 -0.0072631836 -0.10430908,103 54 19
1772545414.992143,240,01110011,00000000,0.9951782 0.0036621094 -0.0072631836 -0.09765625,103 54 27
1772545415.272646,250,01110011,00000000,0.89227295 -0.07720947 -0.097961426 -0.43371582,101 47 37
1772545415.501706,0,01110011,00000000,0.97869873 0.18914795 0.017944336 -0.077697754,126 2 32
1772545415.859656,10,01110011,00000000,0.99871826 0.015991211 -0.025634766 0.03955078,159 1 25
1772545416.193394,20,01110011,00000000,0.88134766 -0.040161133 -0.009277344 -0.47058105,158 2 35
1772545416.526477,30,01110011,00000000,0.92944336 0.0072021484 -0.014953613 -0.36846924,162 3 35
1772545416.855679,40,01110011,00000000,0.9937134 6.1035156E-05 -0.034179688 -0.10656738,154 13 25
1772545417.18207,50,01110011,00000000,0.99853516 -0.029907227 -0.031921387 0.030517578,148 21 26
1772545417.509634,60,01110011,00000000,0.9981079 -0.0064697266 -0.04144287 0.045166016,144 30 30
1772545417.849439,70,01110011,00000000,0.98791504 -0.14984131 -0.020812988 -0.032470703,134 26 40
1772545418.185553,80,01110011,00000000,0.9508667 -0.2831421 -0.015136719 0.1239624,213 19 36
1772545418.514371,90,01110011,00000000,0.93029785 0.35101318 -0.09082031 0.054748535,300 11 18
1772545418.841924,100,01110011,00000000,0.9711914 -0.2253418 0.059326172 0.048828125,265 1 26
1772545419.172655,110,01110011,00000000,0.98376465 0.12994385 -0.105651855 -0.06323242,300 9 34
1772545419.498798,120,01110011,00000000,0.9844971 -0.051757812 -0.05908203 0.15661621,286 1 29
1772545419.823364,130,01110011,00000000,0.93847656 -0.035827637 -0.060791016 0.3378296,266 11 8
1772545420.154053,140,01110011,00000000,0.96972656 0.016723633 -0.042785645 0.23986816,261 14 4
1772545420.494195,150,01110011,00000000,0.99316406 0.0087890625 -0.047546387 0.10638428,234 23 6
1772545420.843559,160,01110011,00000000,0.99884033 0.020324707 -0.04156494 -0.011230469,214 29 16
1772545421.181089,170,01110011,00000000,0.9577637 -0.28338623 0.0030517578 -0.046875,197 19 24
1772545421.518693,180,01110011,00000000,0.9857178 -0.034301758 -0.09454346 0.13476562,300 11 15
1772545421.849213,190,01110011,00000000,0.97265625 0.16949463 -0.11175537 0.11248779,292 1 15
1772545422.184683,200,01110011,00000000,0.8342285 -0.16583252 0.03253174 0.52490234,271 5 1
1772545422.517921,210,01110011,00000000,0.9714966 0.22381592 0.036376953 -0.0680542,300 1 4
1772545422.85208,220,01110011,00000000,0.61450195 0.1505127 -0.0028076172 -0.774353,300 2 14
1772545423.181807,230,01110011,00000000,0.02520752 -0.21051025 -0.042297363 0.97631836,298 3 13
1772545423.509352,240,01110011,00000000,0.6470947 -0.07519531 0.013122559 0.75860596,273 15 1
1772545423.838143,250,01110011,00000000,0.82281494 -0.042175293 -0.042297363 0.5650635,238 25 1
1772545424.033557,0,01110011,00000000,0.8772583 0.0032348633 -0.03161621 0.47888184,212 35 1
1772545424.369913,10,01110011,00000000,0.8345337 -0.0211792 -0.061767578 0.5470581,197 41 1
1772545424.696813,20,01110011,00000000,0.6442871 -0.0078125 -0.078186035 0.76068115,177 51 1
1772545425.049044,30,01110011,00000000,0.22125244 0.001159668 -0.08703613 0.9713135,157 54 1
1772545425.355658,40,01110011,00000000,0.41131592 -0.029846191 0.029174805 -0.9104614,147 54 1
1772545425.720709,50,01110011,00000000,0.916626 -0.038879395 -0.05731201 -0.39367676,137 54 1
1772545426.025904,60,01110011,00000000,0.9482422 -0.018493652 -0.10235596 0.29986572,132 54 1
1772545426.361194,70,01110011,00000000,0.6221924 0.003112793 -0.09173584 0.7774658,122 54 1
1772545426.747522,80,01110011,00000000,0.25378418 -0.01361084 -0.052612305 0.9656372,112 54 1
1772545427.035436,90,01110011,00000000,0.18121338 -0.014587402 -0.0126953125 0.98327637,105 54 1
1772545427.396625,100,01110011,00000000,0.41033936 -0.021240234 0.0032348633 0.9116211,104 54 1
1772545427.759048,110,01110011,00000000,0.7859497 -0.0029907227 0.031066895 0.61743164,104 54 1
1772545428.046272,120,01110011,00000000,0.9970703 0.026977539 0.047607422 0.052124023,115 50 3
1772545428.343603,130,01110011,00000000,0.8902588 0.049743652 0.030456543 -0.45159912,140 40 13
1772545428.706815,140,01110011,00000000,0.6939087 0.027709961 0.026245117 -0.71899414,143 34 23
1772545429.027054,150,01110011,00000000,0.60876465 0.016479492 0.016357422 -0.7929077,143 34 33
1772545429.378478,160,01110011,00000000,0.6933594 -0.0045166016 0.012573242 -0.720459,133 34 34
1772545429.746336,170,01110011,00000000,0.86035156 -0.02130127 -0.007019043 -0.5091553,123 43 24
1772545430.044687,180,01110011,00000000,0.9812622 -0.017333984 -0.019958496 -0.1907959,121 53 14
1772545430.343186,190,01110011,00000000,0.9920044 -0.015380859 -0.02746582 0.12200928,117 58 4
1772545430.704803,200,01110011,00000000,0.9510498 -0.012023926 -0.017333984 0.30828857,110 58 1
1772545431.055552,210,01110011,00000000,0.9577637 -0.0014648438 -0.0053100586 0.2874756,108 58 1
1772545431.350967,220,01110011,00000000,0.98895264 -0.00030517578 -0.0041503906 0.14764404,103 58 1
1772545431.710684,230,01110011,00000000,0.99938965 0.013549805 0.0018310547 -0.030578613,103 57 11
1772545432.065526,240,01110011,00000000,0.98657227 0.016784668 -0.004699707 -0.16217041,105 54 21
1772545432.362944,250,01110011,00000000,0.98480225 -0.00091552734 -0.013793945 -0.17285156,103 54 31
1772545432.581277,0,01110011,00000000,0.8616333 -0.4833374 0.013366699 -0.15405273,100 53 37
1772545432.928029,10,01110011,00000000,0.9528198 -0.29022217 0.0024414062 0.08862305,186 52 23
1772545433.257889,20,01110011,00000000,0.91516113 0.3116455 -0.13513184 0.2166748,300 30 9
1772545433.58027,30,01110011,00000000,0.050354004 -0.14978027 -0.08782959 -0.9834595,273 26 1
1772545433.910635,40,01110011,00000000,0.9689331 -0.017150879 -0.07861328 -0.23370361,253 33 1
1772545434.236465,50,01110011,00000000,0.97766113 -0.06048584 -0.1104126 0.16802979,231 14 1
1772545434.573518,60,01110011,00000000,0.39794922 0.04071045 -0.1104126 0.90979004,209 23 1
1772545434.908062,70,01110011,00000000,0.051757812 -0.0015869141 0.010070801 -0.9985962,200 29 2
1772545435.258686,80,01110011,00000000,0.08721924 -0.056152344 0.009460449 0.9945679,192 32 1
1772545435.541971,90,01110011,00000000,0.395813 -0.032836914 0.022521973 0.91741943,175 38 1
1772545435.889989,100,01110011,00000000,0.753479 -0.02130127 0.018249512 0.6567383,161 40 1
1772545436.242346,110,01110011,00000000,0.99017334 0.05267334 0.059570312 -0.11444092,191 15 5
1772545436.575181,120,01110011,00000000,0.62579346 0.08642578 0.058410645 -0.7728882,196 1 15
1772545436.922855,130,01110011,00000000,0.08074951 0.15887451 -0.06488037 -0.9818115,248 2 24
1772545437.231037,140,01110011,00000000,0.50457764 -0.077697754 0.050964355 0.8583374,255 5 1
1772545437.599055,150,01110011,00000000,0.87805176 -0.041625977 0.07147217 0.47125244,239 7 1
1772545437.893167,160,01110011,00000000,0.99694824 0.033447266 0.054748535 -0.0435791,229 1 9
1772545438.262723,170,01110011,00000000,0.86260986 0.07366943 0.016723633 -0.50006104,239 2 19
1772545438.587982,180,01110011,00000000,0.4180298 0.09020996 0.02911377 -0.9034424,256 1 29
1772545438.882954,190,01110011,00000000,0.087402344 0.04272461 0.009094238 -0.9951782,261 2 39
1772545439.237935,200,01110011,00000000,0.027648926 -0.032287598 -0.0012207031 0.9990845,253 11 1
1772545439.6019,210,01110011,00000000,0.020690918 -0.024291992 -0.010681152 0.99938965,223 21 1
1772545439.90029,220,01110011,00000000,0.011169434 0.01763916 0.037597656 -0.99902344,215 5 8
1772545440.249451,230,01110011,00000000,0.3397827 0.15789795 -0.25860596 0.8903198,201 15 1
1772545440.546542,240,01110011,00000000,0.6254883 -0.28295898 -0.29858398 -0.66290283,200 21 1
1772545440.917683,250,01110011,00000000,0.8161011 0.0647583 -0.18225098 0.5444946,199 31 1
1772545441.094238,0,01110011,00000000,0.11633301 0.07543945 -0.16363525 0.9766846,186 39 1
1772545441.434587,10,01110011,00000000,0.50531006 -0.15881348 -0.120666504 -0.8395386,188 44 1
1772545441.821503,20,01110011,00000000,0.9555054 -0.13354492 -0.08935547 -0.24713135,179 50 1
1772545442.119989,30,01110011,00000000,0.7003784 0.01184082 -0.15679932 0.696228,173 53 1
1772545442.416059,40,01110011,00000000,0.123291016 -0.10290527 -0.006713867 -0.9869385,165 53 1
1772545442.779037,50,01110011,00000000,0.64727783 -0.06097412 -0.026855469 -0.75927734,159 54 1
1772545443.080155,60,01110011,00000000,0.9232788 -0.037902832 -0.053466797 -0.37835693,152 54 1
1772545443.449308,70,01110011,00000000,0.98065186 -0.030334473 -0.00018310547 -0.19329834,142 46 4
1772545443.779175,80,01110011,00000000,0.93096924 0.005432129 -0.0068969727 -0.36499023,141 50 14
1772545444.145037,90,01110011,00000000,0.64276123 0.050476074 0.00592041 -0.76434326,155 46 24
1772545444.4273,100,01110011,00000000,0.0068969727 0.09564209 -0.03552246 -0.99468994,212 47 34
1772545444.79551,110,01110011,00000000,0.62371826 -0.07757568 0.07891846 0.7737427,206 42 1
1772545445.141237,120,01110011,00000000,0.98779297 -0.013671875 0.0914917 0.125,202 34 2
1772545445.440071,130,01110011,00000000,0.7619629 0.062927246 0.04840088 -0.6427002,243 16 12
1772545445.74324,140,01110011,00000000,0.11114502 0.12060547 -0.01965332 -0.9862671,300 14 22
1772545446.074442,150,01110011,00000000,0.3270874 -0.10626221 0.054138184 0.9373779,279 19 1
1772545446.426664,160,01110011,00000000,0.8372803 -0.044799805 0.119384766 0.5315552,249 22 1
1772545446.790958,170,01110011,00000000,0.9590454 0.0368042 0.072143555 -0.27124023,266 8 6
1772545447.092892,180,01110011,00000000,0.5807495 0.08331299 0.026733398 -0.8093262,288 1 16
1772545447.451825,190,01110011,00000000,0.103149414 0.099365234 -0.03692627 -0.98895264,300 11 26
1772545447.79467,200,01110011,00000000,0.3604126 -0.07128906 0.05505371 0.9283447,274 18 1
1772545448.13856,210,01110011,00000000,0.6782837 -0.060546875 0.050048828 0.7305298,241 28 1
1772545448.47458,220,01110011,00000000,0.8424072 -0.028442383 0.036254883 0.5368042,211 35 1
1772545448.744473,230,01110011,00000000,0.8967285 -0.029785156 0.014099121 0.44128418,189 44 1
1772545449.089133,240,01110011,00000000,0.8779297 -0.012512207 -0.003540039 0.4784546,169 54 1
1772545449.435389,250,01110011,00000000,0.7579346 0.0032348633 -0.022521973 0.65185547,152 54 1
1772545449.635906,0,01110011,00000000,0.47009277 0.004272461 -0.04046631 0.8815918,142 54 1
1772545449.976979,10,01110011,00000000,0.2164917 0.025939941 -0.043029785 0.97491455,136 54 1
1772545450.314966,20,01110011,00000000,0.27667236 -0.041748047 0.037902832 -0.95928955,126 54 1
1772545450.651611,30,01110011,00000000,0.7849121 -0.05456543 0.0048828125 -0.6170654,120 54 1
1772545450.985514,40,01110011,00000000,0.99835205 -0.020019531 -0.0068969727 -0.052978516,117 54 1
1772545451.335144,50,01110011,00000000,0.8745117 -0.08050537 -0.029418945 0.47729492,109 54 1
1772545451.698077,60,01110011,00000000,0.9026489 0.09466553 0.023803711 0.41906738,125 50 1
1772545451.97408,70,01110011,00000000,0.9796753 -0.03894043 0.03363037 0.19366455,121 38 1
1772545452.331706,80,01110011,00000000,0.76586914 0.07897949 0.11663818 -0.62731934,185 1 11
1772545452.637137,90,01110011,00000000,0.12005615 0.032714844 -0.015319824 -0.9920654,205 3 21
1772545452.990065,100,01110011,00000000,0.21136475 -0.04815674 0.001159668 0.9761963,218 9 1
1772545453.31661,110,01110011,00000000,0.29077148 -0.049987793 0.035827637 0.95477295,195 14 1
1772545453.667095,120,01110011,00000000,0.47894287 0.020507812 0.02545166 0.87719727,179 23 1
1772545453.978652,130,01110011,00000000,0.5586548 0.0017700195 -0.030273438 0.8287964,159 33 1
1772545460.87694,0,01111001,00000000,0.340271 0.02508545 -0.026916504 0.9395752,149 43 1
1772545462.009245,10,01111001,00000000,1 0 0 0,148 43 1
1772545463.386252,20,01111001,00000000,1 -0.0008544922 -0.002380371 0.003540039,148 43 1
1772545464.304659,30,01111011,00000000,0.99993896 0.0007324219 0.0008544922 0.0012817383,148 43 1
1772545464.65468,40,01111011,00000000,1 0.0012207031 0.0009765625 0.0013427734,146 43 3
1772545464.979411,50,01111011,00000000,0.7429199 -0.043395996 -0.1083374 0.6590576,137 38 1
1772545465.300873,60,01111011,00000000,0.6656494 0.047607422 0.011657715 0.74450684,136 42 1
1772545465.626505,70,01111011,00000000,0.84521484 -0.023864746 -0.006713867 0.53375244,129 44 1
1772545465.950181,80,01111011,00000000,0.9279175 0.04248047 -0.012207031 0.36999512,129 48 1
1772545466.282814,90,01111011,00000000,0.9741821 -0.013671875 -0.00024414062 0.22509766,123 49 1
1772545466.631323,100,01111011,00000000,0.9624634 0.032043457 -0.022338867 0.26849365,126 52 1
1772545466.995926,110,01111011,00000000,0.95965576 -0.0057373047 -0.04284668 0.2775879,118 54 1
1772545467.355696,120,01111011,00000000,0.8097534 0.4501953 -0.015075684 0.37591553,195 52 1
1772545467.67907,130,01111011,00000000,0.6442871 -0.2939453 0.060180664 0.7034302,187 32 1
1772545468.007716,140,01111011,00000000,0.9212036 0.25823975 0.12261963 0.26385498,225 31 1
1772545468.31902,150,01111011,00000000,0.6141968 0.0736084 -0.054260254 -0.78375244,283 17 9
1772545468.615981,160,01111011,00000000,0.47998047 0.028259277 0.16070557 -0.86187744,272 1 19
1772545468.989035,170,01111011,00000000,0.5246582 -0.006591797 -0.062561035 -0.848938,290 10 14
1772545469.283364,180,01111011,00000000,0.87353516 -0.0031738281 -0.02758789 -0.4859619,262 4 1
1772545469.627882,190,01111011,00000000,0.91748047 0.0154418945 -0.03302002 -0.3959961,242 1 7
1772545469.97972,200,01111011,00000000,0.9680176 0.020080566 -0.033203125 -0.24761963,222 10 12
1772545470.282882,210,01111011,00000000,0.9370117 0.030456543 -0.00024414062 -0.34777832,210 12 22
1772545470.64714,220,01111011,00000000,0.9013672 0.0335083 -0.024414062 -0.43096924,200 21 32
1772545471.004353,230,01111011,00000000,0.9020386 0.016662598 -0.016113281 -0.43078613,187 29 42
1772545471.303302,240,01111011,00000000,0.9036255 0.010437012 -0.020568848 -0.42755127,178 39 48
1772545471.629232,250,01111011,00000000,0.9248047 0.015563965 -0.005859375 -0.38000488,166 43 50
1772545471.859923,0,01111011,00000000,0.913147 0.013793945 -0.009033203 -0.40722656,156 49 50
1772545472.147296,10,01111011,00000000,0.9164429 0.011657715 -0.008728027 -0.39978027,150 50 50
1772545472.531171,20,01111011,00000000,0.9159546 0.011779785 -0.015930176 -0.4006958,141 50 50
1772545472.827496,30,01111011,00000000,0.9179077 0.011169434 -0.015014648 -0.39611816,133 50 50
1772545473.171973,40,01111011,00000000,0.91516113 0.00970459 -0.0234375 -0.40216064,127 51 50
1772545473.527985,50,01111011,00000000,0.91741943 0.006591797 -0.01977539 -0.3972168,119 51 50
1772545473.862206,60,01111011,00000000,0.9188843 0.0073242188 -0.016662598 -0.3939209,115 51 51
1772545474.1606,70,01111011,00000000,0.91833496 0.006713867 -0.013793945 -0.3953247,110 51 51
1772545474.513152,80,01111011,00000000,0.91748047 0.0034179688 -0.016662598 -0.39727783,107 51 51
1772545474.858962,90,01111011,00000000,0.91778564 0.0076293945 -0.018615723 -0.3963623,106 51 51
1772545475.142855,100,01111011,00000000,0.9180908 0.002319336 -0.022277832 -0.39556885,105 51 51
1772545475.49847,110,01111011,00000000,0.91937256 0.0056762695 -0.023925781 -0.39233398,105 51 51
1772545475.815418,120,01111011,00000000,0.9187012 0.0049438477 -0.028869629 -0.39379883,105 51 51
1772545476.164237,130,01111011,00000000,0.92077637 0.0056152344 -0.028747559 -0.38891602,105 50 51
1772545476.533089,140,01111011,00000000,0.9203491 0.0033569336 -0.03729248 -0.38909912,103 51 51
1772545476.860664,150,01111011,00000000,0.9260864 -0.0068969727 -0.03704834 -0.37530518,102 51 51
1772545477.199636,160,01111011,00000000,0.9435425 -0.0053100586 -0.034973145 -0.3293457,102 47 51
1772545477.496021,170,01111011,00000000,0.9492798 0.014770508 -0.04663086 -0.3102417,108 50 51
1772545477.822249,180,01111011,00000000,0.94104004 -0.00091552734 -0.04168701 -0.3355713,104 51 51
1772545478.15314,190,01111011,00000000,0.9439087 -0.0049438477 -0.046325684 -0.32659912,100 51 51
1772545478.484719,200,01111011,00000000,0.9463501 -0.0020141602 -0.05316162 -0.31854248,100 51 51
1772545478.820813,210,01111011,00000000,0.9494629 -0.003540039 -0.041625977 -0.31097412,100 51 51
1772545479.14934,220,01111011,00000000,0.91619873 0.020080566 -0.04815674 -0.3972168,111 50 51
1772545479.483505,230,01111011,00000000,0.83062744 0.021850586 -0.047851562 -0.55426025,115 49 52
1772545479.817633,240,01111011,00000000,0.7944336 0.021728516 -0.05102539 -0.60479736,123 50 52
1772545480.216002,250,01111011,00000000,0.7920532 -0.0029907227 -0.06549072 -0.6068115,122 46 53
1772545480.348659,0,01111011,00000000,0.8601074 0.04107666 -0.06567383 -0.50408936,178 1 50
1772545480.705301,10,01111011,00000000,0.91485596 0.010986328 -0.094055176 -0.39239502,184 1 47
1772545481.044548,20,01111011,00000000,0.9586792 -0.046936035 -0.06750488 -0.27209473,187 4 44
1772545481.403357,30,01111011,00000000,0.99243164 -0.021118164 -0.080200195 -0.090026855,186 6 38
1772545481.681649,40,01111011,00000000,0.996521 -0.037597656 -0.07324219 -0.0061035156,172 12 38
1772545482.068411,50,01111011,00000000,0.9967041 -0.023132324 -0.07513428 -0.0178833,160 20 47
1772545482.428849,60,01111011,00000000,0.9957886 -0.018859863 -0.06817627 -0.057678223,148 28 51
1772545482.71937,70,01111011,00000000,0.9849243 -0.0068359375 -0.074645996 -0.15539551,140 37 51
1772545483.092851,80,01111011,00000000,0.97161865 -0.00018310547 -0.074523926 -0.22418213,132 44 51
1772545483.379045,90,01111011,00000000,0.96240234 -0.002319336 -0.0826416 -0.2584839,122 51 51
1772545483.74183,100,01111011,00000000,0.9682007 -0.0028686523 -0.051757812 -0.24450684,114 51 51
1772545484.018935,110,01111011,00000000,0.98010254 -0.0031738281 -0.039001465 -0.19433594,108 52 51
1772545484.374652,120,01111011,00000000,0.98095703 -0.0038452148 -0.03643799 -0.19036865,101 52 51
1772545484.732986,130,01111011,00000000,0.9770508 0.0063476562 -0.03363037 -0.2098999,100 49 51
1772545485.079482,140,01111011,00000000,0.9767456 -0.0028076172 -0.037597656 -0.21057129,100 51 51
1772545485.406364,150,01111011,00000000,0.963501 0.0030517578 -0.049621582 -0.26281738,100 51 51
1772545485.691905,160,01111011,00000000,0.97698975 -0.002319336 -0.040100098 -0.20922852,101 52 51
1772545486.061106,170,01111011,00000000,0.9813843 -0.0016479492 -0.04309082 -0.18688965,103 52 51
1772545486.358927,180,01111011,00000000,1 -0.0014648438 6.1035156E-05 -0.0021362305,100 52 51
1772545486.727951,190,01111011,00000000,0.99786377 0.01159668 -0.0048217773 -0.064453125,103 52 51
1772545487.056104,200,01111011,00000000,0.99786377 0.003967285 -0.003967285 -0.064819336,103 52 51
1772545487.362543,210,01111011,00000000,0.99664307 0.0018310547 -0.011230469 -0.08154297,103 52 51
1772545487.759003,220,01111011,00000000,0.9822998 -0.028320312 -0.03253174 -0.18200684,100 52 51
1772545488.04993,230,01111011,00000000,0.92248535 0.11657715 -0.09185791 0.35638428,190 23 9
1772545488.411379,240,01111011,00000000,0.23876953 -0.08648682 0.025268555 0.9668579,174 18 1
1772545488.713822,250,01111011,00000000,0.15228271 0.010437012 -0.09454346 0.9837036,159 21 1
1772545488.91338,0,01111011,00000000,0.36743164 -0.05303955 0.031188965 0.92803955,149 25 1
1772545489.243391,10,01111011,00000000,0.28637695 -0.0793457 -0.006286621 0.95477295,143 31 1
1772545489.563139,20,01111011,00000000,0.67962646 0.012268066 0.019897461 0.7331543,137 40 1
1772545489.882244,30,01111011,00000000,0.895874 -0.020629883 0.02935791 0.44274902,127 40 1
1772545490.228888,40,01111011,00000000,0.98913574 0.049621582 0.028808594 -0.13500977,145 37 6
1772545490.563355,50,01111011,00000000,0.83947754 0.032409668 0.030578613 -0.5415039,151 28 16
1772545490.916391,60,01111011,00000000,0.713501 0.039001465 0.004211426 -0.6995239,163 32 26
1772545491.265267,70,01111011,00000000,0.68878174 0.014404297 0.015563965 -0.7246094,155 34 35
1772545491.615112,80,01111011,00000000,0.7965698 -0.0021362305 -0.0068969727 -0.60443115,145 40 32
1772545491.922927,90,01111011,00000000,0.9289551 -0.010864258 -0.022399902 -0.3692627,135 50 22
1772545492.221011,100,01111011,00000000,0.99768066 -0.016052246 -0.032226562 -0.058044434,128 57 12
1772545492.584176,110,01111011,00000000,0.97906494 -0.019042969 -0.036010742 0.19934082,122 60 2
1772545492.921089,120,01111011,00000000,0.9397583 -0.0008544922 -0.0048828125 0.3418579,113 60 1
1772545493.265995,130,01111011,00000000,0.9371948 0.0018310547 0.013244629 0.3484497,106 60 1
1772545493.623429,140,01111011,00000000,0.9711304 0.010864258 0.022460938 0.23730469,106 60 1
1772545616.091827,0,01100001,00000000,0.9963379 0.013244629 0.024963379 0.0803833,107 53 5
1772545617.312774,10,01100001,00000000,0.0004272461 0.8909302 0.4541626 0.004638672,0 0 0
1772545618.915854,30,01110011,00000000,0.99993896 0.00012207031 0.0018920898 0.0032348633,0 0 0
1772545619.213109,40,01110011,00000000,0.7012329 -0.025146484 -0.036865234 0.7114258,28 15 2
1772545619.550849,50,01110011,00000000,0.336792 0.022033691 -0.0602417 0.93933105,51 35 2
1772545619.865586,60,01110011,00000000,0.5253906 -0.03314209 0.011352539 0.8500366,72 45 2
1772545620.217233,70,01110011,00000000,0.9324341 0.023071289 0.045898438 0.35766602,99 54 2
1772545620.563127,80,01110011,00000000,0.98168945 0.04724121 0.04272461 -0.17932129,146 45 16
1772545620.925287,90,01110011,00000000,0.87280273 0.025024414 0.021606445 -0.4868164,164 42 36
1772545621.213784,100,01110011,00000000,0.9002075 0.005126953 0.013244629 -0.43511963,167 52 45
1772545621.522297,110,01110011,00000000,0.9701538 0.00036621094 -0.011108398 -0.24212646,165 62 45
1772545621.923506,120,01110011,00000000,0.9996948 0.0045166016 -0.014892578 -0.016113281,165 72 40
1772545622.202354,130,01110011,00000000,0.9958496 0.006591797 -0.00793457 0.090148926,163 78 40
1772545622.555244,140,01110011,00000000,0.99768066 0.016723633 -0.00024414062 0.06591797,168 84 50
1772545622.878507,150,01110011,00000000,0.99957275 0.014404297 -0.0065307617 0.023620605,163 92 60
1772545623.232815,160,01110011,00000000,0.9980469 0.012023926 -0.008972168 0.058898926,163 97 65
1772545623.519905,170,01110011,00000000,0.9945679 -0.10333252 0.009338379 0.007751465,157 82 72
1772545623.865797,180,01110011,00000000,0.91052246 0.2625122 -0.16101074 0.27581787,300 29 25
1772545624.238381,190,01110011,00000000,0.2738037 -0.15576172 -0.053100586 -0.9475708,300 41 2
1772545624.549029,200,01110011,00000000,0.9661865 -0.083740234 -0.095947266 -0.22393799,300 44 2
1772545624.866007,210,01110011,00000000,0.74139404 0.080322266 -0.21014404 0.6321411,295 58 2
1772545625.223624,220,01110011,00000000,0.15423584 -0.14239502 0.07495117 -0.97473145,283 62 2
1772545625.557662,230,01110011,00000000,0.61309814 -0.019165039 -0.0044555664 -0.7897339,289 54 3
1772545625.898926,240,01110011,00000000,0.5895386 0.05303955 0.051452637 -0.80426025,288 11 23
1772545626.223253,250,01110011,00000000,0.18939209 0.087524414 0.01550293 -0.97784424,300 2 43
1772545626.438324,0,01110011,00000000,0.4560547 -0.097229004 0.053955078 0.8829346,296 14 2
1772545626.746187,10,01110011,00000000,0.8526001 -0.031311035 0.1329956 0.50427246,300 16 2
1772545627.075261,20,01110011,00000000,0.88446045 0.11657715 0.13946533 -0.42956543,300 2 15
1772545627.377262,30,01110011,00000000,0.15234375 0.16314697 0.016357422 -0.97454834,300 3 34
1772545627.722781,40,01110011,00000000,0.72998047 -0.0949707 0.13085938 0.6639404,300 9 2
1772545628.077161,50,01110011,00000000,0.97265625 0.09881592 0.13867188 -0.15771484,300 2 13
1772545628.38115,60,01110011,00000000,0.60601807 0.09454346 0.041992188 -0.7885742,300 2 33
1772545628.771763,70,01110011,00000000,0.30847168 0.034606934 0.037902832 -0.9498291,299 7 52
1772545629.119349,80,01110011,00000000,0.37365723 -0.028320312 0.022949219 -0.92681885,275 7 54
1772545629.393174,90,01110011,00000000,0.71313477 -0.0625 -0.013122559 -0.6980591,265 26 30
1772545629.742429,100,01110011,00000000,0.98724365 -0.0569458 -0.07501221 -0.12792969,270 46 2
1772545630.077173,110,01110011,00000000,0.8789673 0.0078125 -0.09875488 0.46636963,261 61 2
1772545630.416674,120,01110011,00000000,0.5164795 0.03515625 -0.06506348 0.8529663,248 71 2
1772545630.717063,130,01110011,00000000,0.1954956 0.01184082 -0.031311035 0.98010254,228 81 2
1772545631.057135,140,01110011,00000000,0.16644287 -0.020446777 -0.00982666 0.9857788,211 91 2
1772545631.390758,150,01110011,00000000,0.4459839 -0.03515625 0.021972656 0.89404297,201 95 2
1772545631.720657,160,01110011,00000000,0.7973633 -0.004760742 0.052856445 0.6010742,196 95 2
1772545632.121105,170,01110011,00000000,0.98516846 0.026428223 0.04675293 0.16235352,204 86 3
1772545632.398912,180,01110011,00000000,0.9888916 0.02130127 0.022827148 -0.14489746,206 78 22
1772545632.747816,190,01110011,00000000,0.9909668 -0.0012207031 0.0028076172 -0.13378906,196 82 38
1772545633.08296,200,01110011,00000000,0.9972534 -0.00390625 -0.020751953 0.06976318,187 92 36
1772545633.419344,210,01110011,00000000,0.944458 -0.004638672 -0.026855469 0.32739258,182 102 10
1772545633.761428,220,01110011,00000000,0.87371826 -0.0012207031 -0.018920898 0.48590088,174 106 2
1772545634.104937,230,01110011,00000000,0.8583374 0.012512207 -0.008544922 0.5126953,169 107 2
1772545634.381535,240,01110011,00000000,0.8852539 -0.009338379 -0.016662598 0.46453857,162 107 2
1772545634.737696,250,01110011,00000000,0.88739014 0.09790039 0.022277832 0.44989014,187 105 2
1772545634.944484,0,01110011,00000000,0.78601074 0.3330078 0.08728027 0.5133667,268 82 2
1772545635.278957,10,01110011,00000000,0.9902344 -0.13848877 -0.0071411133 0.012939453,261 49 5
1772545635.611884,20,01110011,00000000,0.9876709 0.018493652 -0.0869751 0.12823486,300 7 2
1772545635.943401,30,01110011,00000000,0.28759766 0.072143555 -0.17663574 0.93847656,291 23 2
1772545636.273395,40,01110011,00000000,0.42456055 -0.1282959 0.03741455 -0.89538574,284 16 2
1772545636.620713,50,01110011,00000000,0.8965454 -0.046142578 -0.037109375 -0.4387207,274 29 4
1772545636.910114,60,01110011,00000000,0.8688965 0.044067383 0.038757324 -0.491333,263 2 24
1772545637.275312,70,01110011,00000000,0.6635132 0.056884766 0.024536133 -0.74554443,277 3 43
1772545637.634738,80,01110011,00000000,0.02368164 0.10845947 0.030578613 -0.99334717,300 2 56
1772545637.912533,90,01110011,00000000,0.61712646 -0.083740234 0.10308838 0.7755127,290 12 2
1772545638.283686,100,01110011,00000000,0.97052 0.025024414 0.101867676 0.2166748,299 11 2
1772545638.587889,110,01110011,00000000,0.97161865 0.024475098 0.05999756 -0.22717285,286 2 20
1772545638.910814,120,01110011,00000000,0.8720093 0.023254395 0.026855469 -0.4880371,283 7 40
1772545639.315145,130,01110011,00000000,0.90167236 -0.014282227 -0.010498047 -0.43200684,261 22 49
1772545639.602468,140,01110011,00000000,0.9938965 -0.032836914 -0.044067383 -0.09564209,244 42 31
1772545639.944714,150,01110011,00000000,0.9251709 -0.006652832 -0.07287598 0.37219238,244 60 2
1772545640.307506,160,01110011,00000000,0.6656494 0.010559082 -0.059265137 0.7437134,228 70 2
1772545640.575051,170,01110011,00000000,0.46350098 -0.00018310547 -0.028686523 0.8855591,215 80 2
1772545640.92199,180,01110011,00000000,0.45758057 -0.024047852 -0.0064086914 0.88879395,203 90 2
1772545641.318317,190,01110011,00000000,0.6359863 -0.017211914 0.013000488 0.77130127,193 97 2
1772545641.592864,200,01110011,00000000,0.81811523 0.0005493164 0.014221191 0.5748291,183 98 2
1772545641.938211,210,01110011,00000000,0.90582275 0.004638672 0.0017700195 0.42352295,173 102 2
1772545642.277872,220,01110011,00000000,0.9213257 0.00048828125 -0.013977051 0.38848877,163 107 2
1772545642.64957,230,01110011,00000000,0.8970947 0.12200928 0.048950195 0.4216919,199 100 2
1772545642.921778,240,01110011,00000000,0.8626709 0.27716064 0.08258057 0.41479492,272 78 2
1772545643.280192,250,01110011,00000000,0.7854614 0.027160645 -0.17492676 -0.5928955,300 45 17
1772545643.515938,0,01110011,00000000,0.9556885 0.08850098 -0.03668213 0.2781372,287 10 2
1772545643.801618,10,01110011,00000000,0.8317871 -0.12835693 -0.13092041 0.5237427,272 17 2
1772545644.172883,20,01110011,00000000,0.6411133 0.09277344 0.0068969727 0.76171875,271 33 2
1772545644.466892,30,01110011,00000000,0.84191895 -0.09088135 0.042175293 0.53009033,259 22 2
1772545644.82933,40,01110011,00000000,0.9310913 0.04272461 0.01184082 0.36193848,277 38 2
1772545645.121826,50,01110011,00000000,0.9304199 0.0014648438 0.008117676 0.3661499,281 43 2
1772545645.505145,60,01110011,00000000,0.9293823 -0.008361816 -0.012939453 0.36865234,269 55 2
1772545645.836175,70,01110011,00000000,0.9094238 0.02520752 -0.0032958984 0.4151001,268 63 2
1772545646.126667,80,01110011,00000000,0.89746094 -0.010253906 -0.0017089844 0.44085693,247 72 2
1772545646.536626,90,01110011,00000000,0.78533936 0.296875 0.21655273 0.4981079,300 55 2
1772545646.827558,100,01110011,00000000,0.9048462 0.05883789 0.12908936 -0.40124512,300 4 8
1772545647.173409,110,01110011,00000000,0.24102783 -0.18408203 -0.038879395 0.95202637,284 7 2
1772545647.466976,120,01110011,00000000,0.93084717 0.006713867 0.17694092 0.31951904,289 2 11
1772545647.820273,130,01110011,00000000,0.62664795 0.18310547 0.053527832 -0.75549316,298 2 30
1772545648.122112,140,01110011,00000000,0.29382324 0.006713867 0.069885254 -0.95318604,289 2 50
1772545648.486026,150,01110011,00000000,0.3774414 -0.035827637 0.019958496 -0.92510986,282 2 52
1772545648.78727,160,01110011,00000000,0.7571411 -0.05432129 0.0020751953 -0.65093994,275 9 35
1772545649.116148,170,01110011,00000000,0.97772217 -0.039001465 -0.05517578 -0.19848633,287 30 5
1772545649.475337,180,01110011,00000000,0.8496704 0.021057129 -0.12823486 0.5109863,273 50 2
1772545649.81642,190,01110011,00000000,0.21887207 0.11254883 -0.12072754 0.9616699,263 63 2
1772545650.162623,200,01110011,00000000,0.640625 -0.14093018 -0.0037231445 -0.75476074,261 68 2
1772545650.498361,210,01110011,00000000,0.9906616 -0.047546387 -0.115478516 0.05316162,263 78 2
1772545650.832527,220,01110011,00000000,0.71795654 0.07348633 -0.13226318 0.6793823,259 88 2
1772545651.176712,230,01110011,00000000,0.09991455 0.096191406 -0.074279785 0.9874878,249 97 2
1772545651.447024,240,01110011,00000000,0.32122803 -0.037719727 0.02532959 -0.9458618,248 85 2
1772545651.785135,250,01110011,00000000,0.39172363 0.015014648 0.035583496 -0.9192505,236 52 19
1772545651.986694,0,01110011,00000000,0.118652344 0.044067383 0.020080566 -0.9916992,253 33 39
1772545652.325649,10,01110011,00000000,0.15466309 -0.052734375 -0.0032348633 0.98651123,264 37 2
1772545652.657529,20,01110011,00000000,0.64245605 -0.04083252 0.059509277 0.7628174,248 49 2
1772545652.984514,30,01110011,00000000,0.96258545 0.025939941 0.09423828 0.25274658,254 44 2
1772545653.32443,40,01110011,00000000,0.96154785 0.038879395 0.07385254 -0.26141357,277 16 20
1772545653.66005,50,01110011,00000000,0.8468628 0.028320312 0.047302246 -0.5288696,280 6 40
1772545653.991665,60,01110011,00000000,0.83483887 0.0034179688 0.0234375 -0.5498657,260 10 55
1772545654.32259,70,01110011,00000000,0.9312134 -0.01977539 -0.0014648438 -0.3638916,238 28 49
1772545654.668044,80,01110011,00000000,0.9992676 -0.009643555 -0.035949707 0.0063476562,234 48 30
1772545655.014172,90,01110011,00000000,0.91760254 0.0034179688 -0.045288086 0.3947754,228 66 2
1772545655.36532,100,01110011,00000000,0.76953125 0.010009766 -0.030578613 0.63775635,218 76 2
1772545655.665157,110,01110011,00000000,0.7103882 0.0040893555 -0.009216309 0.7036133,207 86 2
1772545656.024518,120,01110011,00000000,0.7866211 0.0029296875 0.010314941 0.6173096,197 93 2
1772545656.318274,130,01110011,00000000,0.88793945 0.017211914 0.0234375 0.45898438,190 93 2
1772545656.661508,140,01110011,00000000,0.95080566 -0.0012817383 0.01574707 0.3092041,183 93 2
1772545669.736324,0,01111001,00000000,0.9760742 0.03717041 0.008728027 0.21380615,199 91 2
1772545670.925411,10,01111001,00000000,1 0 0 0,199 93 2
1772545672.182628,20,01111001,00000000,1 0.0021362305 -0.0009765625 -0.0007324219,199 93 2
1772545673.251446,30,01111001,00000000,0.99993896 0.0013427734 -0.0016479492 -0.0008544922,199 93 2
1772545674.468768,40,01111001,00000000,1 0.0033569336 0.001159668 -0.0016479492,199 93 2
1772545675.387228,50,01111011,00000000,0.9838867 0.005859375 0.010375977 -0.17810059,199 93 2
1772545675.72792,60,01111011,00000000,0.94818115 -0.11364746 0.05609131 0.29119873,197 73 2
1772545676.084791,70,01111011,00000000,0.73516846 0.009399414 -0.08050537 0.67297363,203 80 2
1772545676.366692,80,01111011,00000000,0.7424927 0.0057373047 -0.0005493164 0.6697998,203 77 2
1772545676.69777,90,01111011,00000000,0.9143677 -0.012268066 0.021362305 0.4039917,198 78 2
1772545677.030174,100,01111011,00000000,0.9925537 0.03253174 0.01159668 0.11633301,210 78 5
1772545677.43442,110,01111011,00000000,0.99780273 0.011230469 0.007507324 -0.06427002,201 80 24
1772545677.70675,120,01111011,00000000,0.99816895 0.011779785 -0.013793945 -0.05633545,202 87 40
1772545678.048932,130,01111011,00000000,0.9987793 0.014526367 -0.02178955 0.040405273,199 94 49
1772545678.363196,140,01111011,00000000,0.99554443 0.008666992 -0.00982666 0.09259033,193 94 50
1772545678.724583,150,01111011,00000000,0.9962158 0.018859863 -0.013122559 0.08306885,193 102 58
1772545679.084173,160,01111011,00000000,0.99645996 0.013549805 -0.011352539 0.08111572,191 103 60
1772545679.376974,170,01111011,00000000,0.9962158 0.01727295 -0.017333984 0.08258057,191 103 61
1772545679.713573,180,01111011,00000000,0.9940796 0.019165039 -0.008605957 0.10601807,195 99 61
1772545680.039224,190,01111011,00000000,0.9984131 0.01727295 -0.020568848 0.048828125,195 103 66
1772545680.386485,200,01111011,00000000,0.9949951 0.014709473 -0.016052246 0.09686279,197 100 66
1772545680.74134,210,01111011,00000000,0.94226074 0.06781006 0.049438477 -0.32403564,252 58 75
1772545681.037554,220,01111011,00000000,0.84936523 0.04156494 -0.008544922 -0.526001,263 59 83
1772545681.41268,230,01111011,00000000,0.9385376 0.0075683594 -0.014892578 -0.34454346,252 67 74
1772545681.727336,240,01111011,00000000,0.9864502 0.018981934 -0.034729004 -0.15863037,252 74 64
1772545682.078307,250,01111011,00000000,0.99902344 0.02557373 -0.034301758 0.008056641,242 80 63
1772545682.247684,0,01111011,00000000,0.9975586 0.021240234 -0.020751953 0.06262207,233 82 63
1772545682.563062,10,01111011,00000000,0.99853516 0.022155762 -0.027709961 0.040100098,228 88 68
1772545682.956092,20,01111011,00000000,0.9975586 0.024963379 -0.031677246 0.056152344,223 94 72
1772545683.226607,30,01111011,00000000,0.90057373 0.3861084 0.0134887695 0.19915771,300 69 51
1772545683.599464,40,01111011,00000000,0.9472656 -0.1973877 -0.035949707 -0.24957275,283 8 53
1772545683.941419,50,01111011,00000000,0.8973999 0.22131348 -0.21966553 0.31188965,300 11 11
1772545684.278883,60,01111011,00000000,0.276062 -0.07922363 -0.07678223 -0.9547119,300 30 2
1772545684.574121,70,01111011,00000000,0.8634033 -0.03692627 0.023742676 -0.5024414,282 15 2
1772545684.971322,80,01111011,00000000,0.9667969 -0.14471436 -0.13458252 0.1616211,279 16 2
1772545685.248281,90,01111011,00000000,0.911499 0.16156006 -0.044677734 0.37548828,300 32 2
1772545685.655343,100,01111011,00000000,0.9897461 -0.117126465 0.020385742 0.078308105,284 3 9
1772545685.948562,110,01111011,00000000,0.95458984 0.10449219 -0.016235352 -0.27838135,300 10 29
1772545686.283522,120,01111011,00000000,0.7803955 0.08105469 0.032043457 -0.6190796,300 2 47
1772545686.584212,130,01111011,00000000,0.6407471 0.2111206 -0.16278076 -0.71990967,300 9 59
1772545686.946532,140,01111011,00000000,0.22314453 -0.105285645 -0.13769531 0.9591675,297 2 53
1772545687.256017,150,01111011,00000000,0.2756958 -0.029968262 0.08807373 0.95666504,298 11 2
1772545687.611933,160,01111011,00000000,0.22845459 -0.095825195 -0.10040283 0.96362305,269 24 2
1772545687.906128,170,01111011,00000000,0.059570312 -0.037963867 -0.07373047 0.99468994,250 43 2
1772545688.230319,180,01111011,00000000,0.21472168 0.022766113 0.036071777 -0.975708,255 33 2
1772545688.595376,190,01111011,00000000,0.5062256 0.017028809 -0.0026855469 -0.8621826,251 45 2
1772545688.894241,200,01111011,00000000,0.7028198 0.02911377 -0.0134887695 -0.7105713,247 56 3
1772545689.247404,210,01111011,00000000,0.7614136 0.05267334 -0.010986328 -0.64593506,256 56 18
1772545689.619574,220,01111011,00000000,0.70892334 0.054504395 0.0031738281 -0.703125,262 62 38
1772545689.896967,230,01111011,00000000,0.6399536 0.059020996 -0.007873535 -0.7659912,280 72 53
1772545690.291504,240,01111011,00000000,0.60595703 0.045288086 -0.007385254 -0.7940674,281 82 63
1772545690.562186,250,01111011,00000000,0.64782715 0.040100098 -0.012268066 -0.7605591,279 91 71
1772545690.75958,0,01111011,00000000,0.67181396 0.042541504 -0.018737793 -0.7391968,279 97 78
1772545691.092756,10,01111011,00000000,0.5814209 0.027038574 -0.018676758 -0.8128662,275 99 84
1772545691.494161,20,01111011,00000000,0.17419434 -0.15209961 -0.043884277 0.9718628,292 48 21
1772545691.824317,30,01111011,00000000,0.45861816 -0.04473877 0.025146484 0.88708496,284 52 2
1772545692.101322,40,01111011,00000000,0.47924805 -0.06945801 -0.055847168 0.8730469,255 62 2
1772545692.452363,50,01111011,00000000,0.21887207 0.00091552734 -0.035705566 0.9750366,235 72 2
1772545692.795606,60,01111011,00000000,0.22052002 -0.009033203 0.020080566 -0.9750366,221 79 2
1772545693.132352,70,01111011,00000000,0.70440674 -0.029663086 -0.019836426 -0.70880127,212 89 2
1772545693.48015,80,01111011,00000000,0.8456421 -0.02130127 -0.04937744 -0.5309448,212 95 8
1772545693.818914,90,01111011,00000000,0.9456177 -0.015014648 -0.0335083 -0.32305908,221 85 9
1772545694.162138,100,01111011,00000000,0.9567871 0.017700195 -0.049621582 -0.28588867,238 72 19
1772545694.436624,110,01111011,00000000,0.9814453 0.012329102 -0.04309082 -0.18640137,231 68 30
1772545694.793852,120,01111011,00000000,0.9178467 0.05871582 -0.02319336 -0.39172363,251 53 50
1772545695.128022,130,01111011,00000000,0.8016968 0.050109863 -0.0154418945 -0.5953369,269 51 60
1772545695.478472,140,01111011,00000000,0.680542 0.038330078 -0.007751465 -0.7315674,281 57 70
1772545695.762153,150,01111011,00000000,1 0.0032348633 -0.0006713867 0.007446289,281 67 77
1772545696.169303,160,01111011,00000000,0.99609375 0.0030517578 0.00018310547 0.08795166,261 75 74
1772545696.46013,170,01111011,00000000,0.9939575 -0.004211426 0.013305664 0.10852051,245 73 70
1772545696.820019,180,01111011,00000000,0.9972534 0.00061035156 -0.0024414062 0.073791504,234 75 70
1772545697.157453,190,01111011,00000000,0.99487305 -0.033203125 0.009155273 0.09466553,216 73 69
1772545697.469681,200,01111011,00000000,0.9980469 -0.006225586 -0.006652832 0.061584473,213 83 70
1772545697.839658,210,01111011,00000000,0.99676514 -0.016235352 -0.0048217773 0.07867432,197 90 71
1772545698.09718,220,01111011,00000000,0.99572754 -0.0146484375 -0.0024414062 0.091430664,188 95 71
1772545698.467208,230,01111011,00000000,0.9961548 -0.009277344 -0.0060424805 0.08630371,180 103 71
1772545698.81912,240,01111011,00000000,0.99627686 -0.014465332 -0.006225586 0.08459473,171 103 71
1772545699.144107,250,01111011,00000000,0.9962158 -0.009155273 -0.010009766 0.08502197,164 104 71
1772545699.349565,0,01111011,00000000,0.9963989 -0.010620117 -0.008850098 0.08325195,155 104 71
1772545699.651415,10,01111011,00000000,0.9962158 -0.009033203 -0.010620117 0.086120605,154 104 71
1772545699.984174,20,01111011,00000000,0.99591064 -0.0079956055 -0.012390137 0.08898926,153 104 71
1772545700.317052,30,01111011,00000000,0.9953613 -0.007751465 -0.012512207 0.09429932,153 104 71
1772545700.655056,40,01111011,00000000,0.9956665 -0.004211426 -0.01763916 0.09118652,153 104 71
1772545700.995086,50,01111011,00000000,0.9951782 -0.005859375 -0.014953613 0.09643555,154 104 71
1772545701.296857,60,01111011,00000000,0.9951172 -0.003540039 -0.015258789 0.097229004,153 104 71
1772545701.638438,70,01111011,00000000,0.994812 -0.008483887 -0.0119018555 0.10083008,153 104 71
1772545702.016043,80,01111011,00000000,0.99401855 0.00024414062 -0.022094727 0.10650635,155 105 71
1772545702.31161,90,01111011,00000000,0.99572754 -0.0036010742 -0.018249512 0.090148926,155 103 71
1772545702.679561,100,01111011,00000000,0.99993896 -0.0026245117 -0.006225586 -0.00018310547,151 104 79
1772545702.984542,110,01111011,00000000,0.9991455 -0.0037231445 -0.00024414062 0.039794922,150 102 81
1772545703.344359,120,01111011,00000000,0.9992676 -0.0021362305 -0.0064086914 0.036376953,150 101 91
1772545703.647953,130,01111011,00000000,0.99890137 -0.0017700195 0.00024414062 0.046020508,150 102 92
1772545703.977969,140,01111011,00000000,0.9991455 -0.0013427734 -0.007080078 0.03918457,150 102 101
1772545704.321975,150,01111011,00000000,0.9991455 0.0044555664 -0.0063476562 0.040161133,152 102 101
1772545704.670266,160,01111011,00000000,0.9995117 -0.0017089844 -0.00390625 0.030029297,150 102 101
1772545705.01307,170,01111011,00000000,0.9990845 0.0014648438 -0.0029907227 0.042419434,150 102 101
1772545705.320517,180,01111011,00000000,0.9400635 0.09686279 -0.00970459 0.32659912,266 40 57
1772545705.701884,190,01111011,00000000,0.9935303 -0.11279297 -0.007080078 0.006225586,273 7 55
1772545705.989224,200,01111011,00000000,0.95617676 0.078430176 -0.0914917 0.2668457,300 23 28
1772545706.335444,210,01111011,00000000,0.9171753 -0.08203125 -0.0178833 0.38946533,278 6 11
1772545706.69857,220,01111011,00000000,0.8737793 0.016479492 -0.042785645 0.48413086,276 27 2
1772545707.023763,230,01111011,00000000,0.80981445 -0.049560547 -0.021972656 0.58410645,252 38 2
1772545707.299257,240,01111011,00000000,0.6598511 -0.36761475 -0.35534668 0.5505371,232 54 2
1772545707.62678,250,01111011,00000000,0.4557495 0.2850952 0.04724121 0.8418579,295 61 2
1772545707.834244,0,01111011,00000000,0.7645874 -0.14569092 -0.16021729 -0.6069336,297 66 2
1772545708.19422,10,01111011,00000000,0.9659424 -0.09112549 -0.14880371 0.1907959,298 61 2
1772545708.537782,20,01111011,00000000,0.5018921 0.029968262 -0.10681152 0.85772705,284 69 2
1772545708.844025,30,01111011,00000000,0.27789307 0.06585693 0.023803711 0.9580078,274 76 2
1772545709.212459,40,01111011,00000000,0.09399414 -0.008728027 -0.022277832 0.99523926,253 78 2
1772545709.558468,50,01111011,00000000,0.2687378 0.003540039 0.058898926 0.96136475,241 85 2
1772545709.894786,60,01111011,00000000,0.42889404 -0.05529785 -0.0067749023 0.9015503,239 82 2
1772545710.171402,70,01111011,00000000,0.61834717 -0.016479492 0.066833496 0.7828369,230 71 2
1772545710.510851,80,01111011,00000000,0.710083 -0.043395996 -0.24334717 0.65930176,220 80 2
1772545710.847793,90,01111011,00000000,0.5430908 0.010559082 -0.29406738 0.7863159,221 84 2
1772545711.245191,100,01111011,00000000,0.40319824 -0.35681152 -0.057250977 -0.8406372,245 94 2
1772545711.512362,110,01111011,00000000,0.8273926 0.009216309 -0.4375 0.35186768,284 96 2
1772545711.846062,120,01111011,00000000,0.34979248 -0.38494873 0.053649902 -0.85235596,300 101 2
1772545712.182644,130,01111011,00000000,0.9607544 -0.068359375 -0.2666626 0.03277588,296 103 2
1772545712.517491,140,01111011,00000000,0.58740234 0.12335205 -0.09887695 0.79364014,297 104 2
1772545712.856828,150,01111011,00000000,0.20709229 -0.12042236 0.14666748 -0.95965576,284 93 2
1772545747.331402,0,01111001,00000000,0.7965088 -0.10662842 -0.056274414 -0.5924072,290 99 2
1772545748.285593,10,01111001,00000000,0.96032715 -0.04937744 0.024047852 -0.2732544,287 83 8
1772545749.665216,20,01111001,00000000,0.97961426 -0.07128906 0.022216797 -0.18609619,287 83 8
1772545750.973322,30,01111001,00000000,0.6726074 -0.018981934 0.0501709 0.73791504,287 83 8
1772545752.123643,40,01111001,00000000,0.82684326 -0.0289917 0.043640137 0.5598755,287 83 8
1772545753.230185,50,01111001,00000000,0.97839355 -0.051757812 0.030822754 -0.19750977,287 83 8
1772545754.529483,60,01111001,00000000,0.9434204 -0.056274414 0.024169922 -0.32574463,287 83 8
1772545755.803403,70,01111001,00000000,0.96698 -0.04937744 0.02532959 -0.2487793,287 83 8
1772545756.98846,80,01111001,00000000,0.9657593 -0.10809326 0.012573242 0.23522949,287 83 8
1772545758.229898,90,01111001,00000000,0.92736816 -0.03845215 0.026428223 0.37109375,287 83 8
1772545759.468998,100,01111001,00000000,0.1282959 -0.010559082 -0.025024414 -0.991333,287 83 8
1772545760.731822,110,01111001,00000000,0.058654785 -0.014221191 -0.026428223 -0.99780273,287 83 8
1772545761.954667,120,01111001,00000000,0.35717773 -0.022155762 -0.006713867 -0.93377686,287 83 8
1772545763.124604,130,01111001,00000000,0.6394043 -0.04498291 0.00061035156 -0.76745605,287 83 8
1772545764.375954,140,01111001,00000000,0.61779785 -0.042236328 -0.003540039 -0.78515625,287 83 8
1772545765.579886,150,01111001,00000000,0.63049316 -0.042541504 -0.0022583008 -0.7749634,287 83 8
1772545766.863056,160,01111001,00000000,0.99993896 -0.0016479492 0.0020751953 0,287 83 8
1772545768.099489,170,01111001,00000000,0.9998779 -0.003540039 0.0014038086 0.006286621,287 83 8
1772545769.259781,180,01111001,00000000,0.99993896 -0.004699707 0.0015869141 -0.0004272461,287 83 8
1772545770.40634,190,01111001,00000000,0.99993896 -0.00390625 0 0.0052490234,287 83 8
1772545771.64887,200,01111001,00000000,0.9996338 -0.009094238 -0.018676758 -0.013916016,287 83 8
1772545772.880304,210,01111001,00000000,0.9993286 -0.00390625 -0.03540039 0.001953125,287 83 8
1772545774.188602,220,01111001,00000000,0.99823 0.031188965 -0.048339844 -0.011657715,287 83 8
1772545775.4233,230,01111001,00000000,0.9990845 0.006225586 -0.03894043 -0.008728027,287 83 8
1772545776.49779,240,01111001,00000000,0.9970703 -0.014770508 -0.031982422 -0.066833496,287 83 8
1772545777.138989,250,01111011,00000000,0.9984741 0.050598145 0.018798828 0.0018310547,287 83 8
1772545777.362852,0,01111011,00000000,0.9862671 0.038330078 0.053588867 0.1508789,291 52 3
1772545777.660432,10,01111011,00000000,0.98883057 0.024414062 0.07891846 0.12347412,289 28 6
1772545778.031743,20,01111011,00000000,0.87628174 0.09039307 0.024536133 -0.4724121,300 22 26
1772545778.379618,30,01111011,00000000,0.65771484 0.08190918 0.046020508 -0.7473755,300 12 46
1772545778.670247,40,01111011,00000000,0.44213867 0.043518066 0.043640137 -0.8947754,298 2 58
1772545779.039903,50,01111011,00000000,0.3739624 0.012023926 0.026672363 -0.9268799,290 5 68
1772545779.336136,60,01111011,00000000,0.5373535 -0.0024414062 0.010620117 -0.8432007,270 18 61
1772545779.699862,70,01111011,00000000,0.7440796 -0.008239746 -0.020019531 -0.6676636,256 38 49
1772545779.998954,80,01111011,00000000,0.9019165 -0.014831543 -0.0079956055 -0.43139648,247 52 36
1772545780.356302,90,01111011,00000000,0.99139404 -0.024353027 -0.02911377 -0.12512207,237 64 24
1772545780.724341,100,01111011,00000000,0.9994507 -0.004211426 -0.0126953125 -0.028442383,230 61 36
1772545781.021418,110,01111011,00000000,0.99890137 0.008422852 -0.013000488 -0.043029785,223 60 52
1772545781.392619,120,01111011,00000000,0.9996338 0.0015258789 -0.01940918 -0.013305664,215 66 62
1772545781.685056,130,01111011,00000000,0.9949341 -0.0014038086 -0.02331543 0.09716797,204 71 60
1772545782.050444,140,01111011,00000000,0.9888916 0.009033203 -0.016052246 0.14733887,201 75 55
1772545782.346025,150,01111011,00000000,0.9907837 0.00091552734 -0.007446289 0.13476562,192 76 55
1772545782.709047,160,01111011,00000000,0.9949341 0.014221191 -0.015197754 0.097717285,195 84 55
1772545783.007864,170,01111011,00000000,0.9959717 0.005004883 -0.015808105 0.08746338,187 86 61
1772545783.38579,180,01111011,00000000,0.9920654 0.008056641 -0.02178955 0.12298584,184 94 60
1772545783.677839,190,01111011,00000000,0.99316406 0.008972168 -0.020141602 0.11383057,180 97 60
1772545784.043287,200,01111011,00000000,0.9769287 -0.1762085 -0.0569458 0.10583496,182 104 57
1772545784.410484,210,01111011,00000000,0.9671631 -0.20031738 -0.15216064 0.034851074,300 52 57
1772545784.700433,220,01111011,00000000,0.77349854 0.29956055 -0.2041626 0.51971436,300 21 2
1772545784.994348,230,01111011,00000000,0.5093384 -0.21697998 -0.3192749 -0.76904297,300 35 2
1772545785.370418,240,01111011,00000000,0.87042236 0.041259766 -0.16723633 0.46099854,300 51 2
1772545785.661478,250,01111011,00000000,0.5505371 0.13616943 -0.16729736 0.80633545,296 52 2
1772545785.880613,0,01111011,00000000,0.77593994 -0.28918457 -0.22460938 -0.51348877,297 60 2
1772545786.244215,10,01111011,00000000,0.895813 0.07775879 -0.21325684 0.3817749,300 66 2
1772545786.538864,20,01111011,00000000,0.411438 0.040527344 -0.16802979 0.8948364,289 69 2
1772545786.903971,30,01111011,00000000,0.6635742 -0.18011475 -0.051513672 -0.7241821,287 78 2
1772545787.195014,40,01111011,00000000,0.958374 -0.004760742 -0.20013428 0.20324707,288 87 2
1772545787.561689,50,01111011,00000000,0.76745605 -0.012939453 -0.06726074 0.63726807,271 87 2
1772545787.93426,60,01111011,00000000,0.77679443 0.024414062 -0.03289795 0.62835693,255 91 2
1772545788.235918,70,01111011,00000000,0.939209 -0.049438477 0.019348145 0.3388672,244 78 2
1772545788.533947,80,01111011,00000000,0.96051025 0.11730957 0.06628418 -0.24316406,300 59 16
1772545788.904594,90,01111011,00000000,0.4128418 0.18048096 0.01940918 -0.89245605,300 27 34
1772545789.270385,100,01111011,00000000,0.42218018 -0.15960693 0.025878906 0.89190674,300 33 2
1772545789.560596,110,01111011,00000000,0.973999 0.003112793 0.12677002 0.1875,300 24 2
1772545789.924244,120,01111011,00000000,0.6218262 0.21765137 0.09741211 -0.7457886,300 2 21
1772545790.222107,130,01111011,00000000,0.3513794 -0.17230225 0.06738281 0.9176636,300 10 2
1772545790.58943,140,01111011,00000000,0.9706421 0.016967773 0.103881836 0.21588135,300 11 2
1772545790.886296,150,01111011,00000000,0.70373535 0.18243408 0.123413086 -0.67541504,300 2 21
1772545791.250208,160,01111011,00000000,0.17401123 -0.1998291 0.042297363 0.96325684,300 8 9
1772545791.545065,170,01111011,00000000,0.9067993 -0.008850098 0.10296631 0.40844727,300 17 2
1772545791.907531,180,01111011,00000000,0.90008545 0.13598633 0.09411621 -0.40289307,300 2 17
1772545792.224596,190,01111011,00000000,0.3441162 0.16577148 0.017456055 -0.92388916,300 4 37
1772545792.541466,200,01111011,00000000,0.19213867 -0.101623535 -0.018554688 0.9758911,298 22 2
1772545792.866062,210,01111011,00000000,0.49993896 -0.028015137 -0.030090332 0.86505127,271 42 2
1772545793.201332,220,01111011,00000000,0.4390869 -0.08428955 -0.079711914 0.89086914,248 55 2
1772545793.553983,230,01111011,00000000,0.27233887 0.018188477 -0.06359863 0.95983887,235 66 2
1772545793.903894,240,01111011,00000000,0.61450195 -0.07824707 0.05895996 -0.78271484,220 69 2
1772545794.254957,250,01111011,00000000,0.9691162 -0.057373047 -0.11895752 -0.2078247,230 77 2
1772545794.39812,0,01111011,00000000,0.8204956 0.009155273 -0.15771484 0.5492554,227 87 2
1772545794.755524,10,01111011,00000000,0.6468506 0.03375244 -0.07330322 0.75823975,227 89 2
1772545795.111281,20,01111011,00000000,0.5509033 -0.045654297 -0.04083252 0.8322754,210 91 2
1772545795.399545,30,01111011,00000000,0.8031006 0.0020141602 0.02911377 0.5950928,205 93 2
1772545795.756573,40,01111011,00000000,0.99157715 0.042236328 0.041381836 0.114868164,221 82 4
1772545796.12845,50,01111011,00000000,0.9651489 0.061401367 -0.00579834 -0.2539673,245 80 24
1772545796.415372,60,01111011,00000000,0.9347534 0.040283203 0.0075683594 -0.35272217,264 72 42
1772545796.783418,70,01111011,00000000,0.94781494 0.023132324 -0.018981934 -0.31726074,256 80 52
1772545797.084865,80,01111011,00000000,0.9971924 0.0076904297 -0.05090332 -0.053527832,249 90 43
1772545797.447427,90,01111011,00000000,0.9594116 0.0006713867 -0.07397461 0.27197266,237 100 17
1772545797.741022,100,01111011,00000000,0.838501 0.009033203 -0.07733154 0.5391846,229 107 2
1772545798.111306,110,01111011,00000000,0.6781616 -0.0026245117 -0.07006836 0.7314453,212 107 2
1772545798.418002,120,01111011,00000000,0.61450195 -0.008728027 -0.048217773 0.7872925,202 107 2
1772545798.785406,130,01111011,00000000,0.67681885 -0.008850098 -0.03717041 0.7351074,192 107 2
1772545799.083182,140,01111011,00000000,0.7675171 0.00061035156 -0.026611328 0.6404419,182 107 2
1772545799.453837,150,01111011,00000000,0.8491821 -0.0021362305 -0.014160156 0.527771,172 107 2
1772545799.747242,160,01111011,00000000,0.88671875 0.007080078 -0.02545166 0.46148682,166 107 2
1772545800.117687,170,01111011,00000000,0.88360596 0.0045166016 -0.031677246 0.46704102,162 107 2
1772545800.393777,180,01111011,00000000,0.87353516 0.0008544922 -0.03186035 0.48553467,157 107 2
1772545800.763569,190,01111011,00000000,0.8703003 0.004699707 -0.028137207 0.4915161,157 107 2
1772545801.127757,200,01111011,00000000,0.87713623 0.0029907227 -0.029174805 0.479187,157 107 2
1772545801.420572,210,01111011,00000000,0.8717041 0.0056762695 -0.030822754 0.4888916,157 107 2
1772545801.784666,220,01111011,00000000,0.87145996 0.00592041 -0.028198242 0.48950195,157 107 2
1772545802.081399,230,01111011,00000000,0.8710327 0.0051879883 -0.025878906 0.4902954,157 107 2
1772545802.4453,240,01111011,00000000,0.87524414 0.017822266 -0.022766113 0.48266602,159 107 2
1772545802.735628,250,01111011,00000000,0.97717285 0.036743164 0.036865234 0.2055664,176 84 2
1772545802.960361,0,01111011,00000000,0.9898071 0.050598145 0.013061523 -0.13189697,201 82 19
1772545803.327008,10,01111011,00000000,0.9735718 0.024475098 0.019165039 -0.22589111,203 80 31
1772545803.633995,20,01111011,00000000,0.9810791 0.029968262 -0.016845703 -0.19006348,213 87 43
1772545803.92911,30,01111011,00000000,0.998291 0.0053100586 -0.034423828 0.046081543,206 97 36
1772545804.298886,40,01111011,00000000,0.95477295 0.010498047 -0.05291748 0.29229736,209 105 14
1772545804.659476,50,01111011,00000000,0.84887695 0.005004883 -0.06304932 0.52459717,203 108 2
1772545804.959491,60,01111011,00000000,0.75653076 0.008422852 -0.05114746 0.65179443,193 108 2
1772545805.258937,70,01111011,00000000,0.75427246 0.003112793 -0.03137207 0.6557007,183 108 2
1772545805.627834,80,01111011,00000000,0.8092041 0.006286621 -0.021850586 0.5869751,175 108 2
1772545805.924518,90,01111011,00000000,0.8529053 0.010986328 -0.022888184 0.52124023,167 108 2
1772545806.27715,100,01111011,00000000,0.8781128 0.011779785 -0.024047852 0.47753906,167 108 2
1772545806.642273,110,01111011,00000000,0.87683105 0.011230469 -0.031677246 0.47943115,167 108 2
1772545806.93887,120,01111011,00000000,0.95928955 0.036315918 0.041381836 0.2769165,181 93 2
1772545807.308091,130,01111011,00000000,0.96765137 0.060913086 0.023010254 -0.24353027,243 62 18
1772545807.602899,140,01111011,00000000,0.83636475 0.035827637 0.052124023 -0.5444336,273 40 38
1772545807.979156,150,01111011,00000000,0.84814453 0.039001465 0.006713867 -0.5281372,284 40 49
1772545808.27393,160,01111011,00000000,0.9321289 0.012878418 -0.019958496 -0.36114502,272 57 46
1772545808.631963,170,01111011,00000000,0.99816895 0.0012817383 -0.059631348 0.00592041,261 68 27
1772545808.934918,180,01111011,00000000,0.9172363 0.018188477 -0.085510254 0.38842773,254 78 2
1772545809.30387,190,01111011,00000000,0.7201538 0.016540527 -0.0770874 0.689209,236 88 2
1772545809.596307,200,01111011,00000000,0.5389404 -0.0010375977 -0.06304932 0.8399048,218 97 2
1772545809.96362,210,01111011,00000000,0.5298462 -0.0068969727 -0.04058838 0.8470459,206 102 2
1772545810.31858,220,01111011,00000000,0.62939453 -0.013549805 -0.023254395 0.77648926,196 105 2
1772545810.611643,230,01111011,00000000,0.80200195 0.020629883 -0.017028809 0.5965576,190 107 2
1772545810.977371,240,01111011,00000000,0.9053955 0.012268066 -0.0119018555 0.42401123,186 107 2
1772545811.270898,250,01111011,00000000,0.96136475 0.036499023 -0.0119018555 0.27233887,192 107 2
1772545811.491907,0,01111011,00000000,0.9647217 0.020202637 -0.023803711 0.26116943,193 107 2
1772545811.859128,10,01111011,00000000,0.9559326 0.014709473 -0.027832031 0.29156494,188 107 2
1772547171.375511,0,01100001,00000000,0.9387207 0.03277588 -0.03277588 0.3413086,190 107 2
1772547172.570769,10,01100001,00000000,-0.011291504 -0.20245361 0.97924805 -0.005004883,0 0 0
1772547173.807757,20,01100001,00000000,-0.006958008 -0.12591553 0.9920044 -0.00024414062,0 0 0
1772547174.919399,30,01100001,00000000,-0.011291504 -0.15216064 0.98828125 -0.0053710938,0 0 0
1772547176.194372,40,01100001,00000000,1 0 0 0,0 0 0
1772547177.400245,50,01100001,00000000,0.99993896 0.0018310547 -0.006225586 0.005004883,0 0 0
1772547177.927166,60,01110011,00000000,0.9998779 -0.0009765625 0.0020141602 -0.010681152,0 0 0
1772547178.281593,70,01110011,00000000,0.784729 -0.049072266 -0.12939453 0.604187,20 11 2
1772547178.573911,80,01110011,00000000,0.619812 -0.019042969 0.013671875 0.7844238,54 13 2
1772547178.950943,90,01110011,00000000,0.8563843 0.042785645 0.0032958984 0.51452637,87 28 2
1772547179.23977,100,01110011,00000000,0.98931885 0.015991211 -0.0022583008 0.14459229,125 34 5
1772547179.597174,110,01110011,00000000,0.9951172 0.018371582 -0.0072631836 0.09637451,145 40 15
1772547179.959991,120,01110011,00000000,0.99871826 0.01953125 -0.0053710938 0.04510498,157 45 29
1772547180.230548,130,01110011,00000000,0.9989624 0.020568848 -0.0043945312 0.039916992,161 50 42
1772547180.584102,140,01110011,00000000,0.9977417 0.022766113 -0.022399902 0.059143066,170 61 50
1772547180.951914,150,01110011,00000000,0.9945679 0.028503418 -0.022705078 0.097473145,184 65 51
1772547181.245555,160,01110011,00000000,0.97198486 -0.15216064 -0.05706787 -0.16967773,191 64 57
1772547181.63289,170,01110011,00000000,0.89208984 0.34173584 -0.23150635 0.18377686,300 9 2
1772547181.916484,180,01110011,00000000,0.26013184 -0.18890381 -0.10803223 -0.94073486,300 25 2
1772547182.268929,190,01110011,00000000,0.9752197 0.012512207 -0.13018799 0.1784668,300 42 2
1772547182.562621,200,01110011,00000000,0.6769409 0.040405273 -0.25561523 0.6890259,285 55 2
1772547182.910577,210,01110011,00000000,0.03942871 0.1404419 -0.048217773 0.98809814,282 65 2
1772547183.298475,220,01110011,00000000,0.66326904 -0.0446167 0.02319336 -0.74664307,269 66 2
1772547183.590232,230,01110011,00000000,0.98583984 0.00982666 -0.10418701 -0.13098145,265 76 2
1772547183.95256,240,01110011,00000000,0.90704346 0.051879883 -0.1081543 0.40344238,258 86 2
1772547184.247989,250,01110011,00000000,0.7496338 0.034423828 -0.097961426 0.6536255,244 92 2
1772547184.462799,0,01110011,00000000,0.67529297 0.023132324 -0.062316895 0.7344971,232 93 2
1772547184.835603,10,01110011,00000000,0.7128906 0.020629883 -0.04711914 0.6993408,224 94 2
1772547185.126088,20,01110011,00000000,0.9012451 0.045715332 -0.0026245117 0.43084717,223 95 2
1772547185.472119,30,01110011,00000000,0.9938965 0.083496094 0.050720215 -0.05078125,268 80 10
1772547185.762443,40,01110011,00000000,0.79418945 0.13647461 0.0791626 -0.58673096,300 46 30
1772547186.132947,50,01110011,00000000,0.3237915 0.14678955 0.080200195 -0.9312134,300 6 46
1772547186.48204,60,01110011,00000000,0.33154297 -0.09527588 -0.017944336 0.93847656,296 18 2
1772547186.795905,70,01110011,00000000,0.8612671 0.011169434 0.053894043 0.505188,294 34 2
1772547187.143019,80,01110011,00000000,0.9725952 0.11315918 0.10070801 -0.1765747,300 13 11
1772547187.494716,90,01110011,00000000,0.5910034 0.17626953 0.07684326 -0.78338623,300 2 31
1772547187.862453,100,01110011,00000000,0.19177246 -0.07788086 0.020690918 0.9781494,300 6 15
1772547188.152341,110,01110011,00000000,0.793396 -0.064331055 -0.026184082 0.6046753,285 16 2
1772547188.437868,120,01110011,00000000,0.9678345 0.054748535 0.07141113 0.23504639,294 2 9
1772547188.815921,130,01110011,00000000,0.96173096 0.08441162 0.03643799 -0.25787354,300 8 25
1772547189.112646,140,01110011,00000000,0.91101074 0.030456543 0.061462402 -0.4066162,291 2 45
1772547189.471557,150,01110011,00000000,0.93896484 0.101867676 -0.028930664 -0.32720947,300 15 45
1772547189.838144,160,01110011,00000000,0.95739746 0.0018310547 0 -0.2886963,286 20 54
1772547190.129778,170,01110011,00000000,0.98431396 0.07897949 -0.052368164 -0.14874268,300 19 46
1772547190.431935,180,01110011,00000000,0.9918213 0.040771484 0.0056152344 -0.120788574,295 5 56
1772547190.808671,190,01110011,00000000,0.99993896 -0.005065918 0.0029296875 -0.001953125,285 20 66
1772547191.139649,200,01110011,00000000,0.9994507 -0.029174805 -0.005126953 -0.0134887695,255 38 76
1772547191.491945,210,01110011,00000000,0.9994507 -0.02960205 -0.010498047 -0.004699707,236 53 85
1772547191.787845,220,01110011,00000000,0.9991455 -0.03729248 -0.015563965 0.0015258789,219 62 93
1772547192.155292,230,01110011,00000000,0.9991455 -0.038757324 -0.015014648 -0.0032348633,201 70 100
1772547192.460978,240,01110011,00000000,0.9990845 -0.03741455 -0.015380859 -0.012512207,190 80 101
1772547192.836343,250,01110011,00000000,0.9986572 -0.037963867 -0.015380859 -0.031677246,180 88 101
1772547192.983943,0,01110011,00000000,0.9974365 -0.03881836 -0.01550293 -0.05822754,170 96 101
1772547193.357714,10,01110011,00000000,0.99645996 -0.036865234 -0.0211792 -0.07165527,166 100 101
1772547193.655843,20,01110011,00000000,0.99560547 -0.03930664 -0.022094727 -0.08148193,159 101 101
1772547193.961139,30,01110011,00000000,0.99523926 -0.036865234 -0.024719238 -0.08673096,155 101 101
1772547194.328953,40,01110011,00000000,0.99554443 -0.034973145 -0.026916504 -0.08288574,151 101 101
1772547194.641461,50,01110011,00000000,0.9953613 -0.037475586 -0.02709961 -0.08465576,150 101 101
1772547195.005851,60,01110011,00000000,0.9951782 -0.038146973 -0.02960205 -0.08526611,151 101 101
1772547195.358093,70,01110011,00000000,0.9954834 -0.03515625 -0.02709961 -0.08380127,152 100 101
1772547195.660909,80,01110011,00000000,0.9951782 -0.03100586 -0.032104492 -0.08703613,151 102 101
1772547196.011611,90,01110011,00000000,0.99102783 -0.050964355 -0.03173828 -0.11932373,150 101 102
1772547196.300615,100,01110011,00000000,0.8623657 -0.50079346 -0.0602417 -0.042541504,160 21 92
1772547196.674922,110,01110011,00000000,0.81085205 0.27752686 -0.18603516 0.4804077,300 2 40
1772547196.97522,120,01110011,00000000,0.24682617 -0.09814453 -0.107910156 -0.9580078,300 13 2
1772547197.356325,130,01110011,00000000,0.9678345 -0.15911865 -0.1453247 -0.12939453,296 27 2
1772547197.660201,140,01110011,00000000,0.66656494 0.050964355 -0.20318604 0.71533203,293 43 2
1772547198.022528,150,01110011,00000000,0.3251953 -0.16400146 -0.023925781 -0.9309082,286 57 2
1772547198.317308,160,01110011,00000000,0.8986206 -0.04510498 -0.10015869 -0.42474365,286 62 2
1772547198.682661,170,01110011,00000000,0.99328613 -0.05706787 -0.06750488 -0.074401855,287 52 2
1772547198.9877,180,01110011,00000000,0.987854 -0.010253906 -0.051879883 0.1459961,295 54 2
1772547199.350511,190,01110011,00000000,0.97351074 -0.044921875 -0.020080566 0.2230835,275 53 2
1772547199.641248,200,01110011,00000000,0.9998169 0.0006713867 0.0006713867 0.017333984,278 55 12
1772547200.007377,210,01110011,00000000,0.91882324 0.034301758 0.008422852 -0.39294434,285 51 32
1772547200.314244,220,01110011,00000000,0.59210205 0.10675049 0.009094238 -0.79870605,300 50 49
1772547200.680903,230,01110011,00000000,0.014709473 0.14526367 -0.03704834 -0.9885864,300 58 59
1772547200.968894,240,01110011,00000000,0.62786865 -0.11633301 0.08148193 0.76519775,296 54 2
1772547201.350473,250,01110011,00000000,0.9932251 -0.017456055 0.09539795 0.06335449,300 39 5
1772547201.578404,0,01110011,00000000,0.69976807 0.15106201 0.034362793 -0.6972656,300 20 25
1772547201.873417,10,01110011,00000000,0.42541504 0.12084961 0.012756348 -0.8967285,300 23 37
1772547202.179654,20,01110011,00000000,0.27001953 -0.15283203 0.056518555 0.9489136,296 5 2
1772547202.527812,30,01110011,00000000,0.80596924 -0.07531738 0.079589844 0.58166504,292 18 2
1772547202.833101,40,01110011,00000000,0.9921875 0.020141602 0.051818848 -0.11138916,300 9 10
1772547203.199906,50,01110011,00000000,0.8352661 0.034362793 0.027038574 -0.54803467,300 9 30
1772547203.554427,60,01110011,00000000,0.71087646 0.030395508 -0.04534912 -0.7011719,295 27 50
1772547203.85255,70,01110011,00000000,0.7611084 -0.016662598 -0.053955078 -0.64611816,274 47 51
1772547204.224933,80,01110011,00000000,0.9435425 -0.059265137 -0.07989502 -0.3157959,257 67 19
1772547204.519649,90,01110011,00000000,0.9772339 -0.06225586 -0.09448242 0.17926025,250 78 2
1772547204.888432,100,01110011,00000000,0.951355 -0.062438965 -0.057250977 0.2960205,244 67 2
1772547205.188348,110,01110011,00000000,0.8602295 -0.05279541 -0.054016113 0.5042114,229 76 2
1772547205.563877,120,01110011,00000000,0.7907715 -0.05895996 -0.030761719 0.60839844,214 85 2
1772547205.86837,130,01110011,00000000,0.8129883 -0.050354004 -0.01373291 0.579834,203 93 2
1772547206.224139,140,01110011,00000000,0.8633423 -0.05328369 -0.018676758 0.50128174,193 99 2
1772547206.521358,150,01110011,00000000,0.89624023 -0.04547119 -0.028625488 0.44018555,183 107 2
1772547206.890547,160,01110011,00000000,0.90893555 -0.046325684 -0.029907227 0.41314697,174 107 2
1772547207.193898,170,01110011,00000000,0.90826416 -0.04425049 -0.03466797 0.4144287,168 107 2
1772547207.562146,180,01110011,00000000,0.9076538 -0.03778076 -0.033447266 0.4165039,164 106 2
1772547207.889805,190,01110011,00000000,0.9036255 -0.039611816 -0.046936035 0.4237671,158 107 2
1772547208.191399,200,01110011,00000000,0.9053955 -0.04083252 -0.030578613 0.42144775,157 107 2
1772547208.502121,210,01110011,00000000,0.9995117 -0.00012207031 -0.0087890625 -0.028930664,155 104 20
1772547208.848036,220,01110011,00000000,0.99993896 -0.0032348633 -0.0021972656 -0.004638672,150 102 36
1772547209.197817,230,01110011,00000000,0.99957275 -0.005126953 -0.0078125 -0.025634766,150 102 53
1772547209.496333,240,01110011,00000000,0.99975586 0.0004272461 -0.010559082 0.016174316,154 103 60
1772547209.873332,250,01110011,00000000,0.99920654 -0.0025024414 -0.010620117 0.03656006,151 103 69
1772547210.087326,0,01110011,00000000,0.9986572 -0.0037231445 -0.008911133 0.05041504,151 102 75
1772547210.388678,10,01110011,00000000,0.9980469 -0.0040893555 -0.008422852 0.060302734,151 103 75
1772547210.74505,20,01110011,00000000,0.99902344 0.0014648438 -0.014221191 0.041015625,150 101 83
1772547211.046449,30,01110011,00000000,0.9987793 -0.00061035156 -0.01159668 0.046447754,151 101 83
1772547211.369974,40,01110011,00000000,0.99890137 -0.0009765625 -0.017822266 0.04156494,151 102 84
1772547211.746245,50,01110011,00000000,0.9989624 0.00061035156 -0.020751953 0.0390625,150 102 87
1772547212.030285,60,01110011,00000000,0.9989624 0.003112793 -0.0234375 0.038085938,150 102 94
1772547212.412227,70,01110011,00000000,0.9989624 0.0026245117 -0.02355957 0.038208008,150 102 94
1772547212.73341,80,01110011,00000000,0.99920654 0.0032348633 -0.023986816 0.030822754,150 101 101
1772547213.100647,90,01110011,00000000,0.9991455 0.003967285 -0.026672363 0.02935791,150 101 101
1772547213.3833,100,01110011,00000000,0.9991455 0.006591797 -0.028564453 0.029541016,150 101 101
1772547213.753036,110,01110011,00000000,0.9990845 0.008178711 -0.02734375 0.030395508,150 101 101
1772547214.106401,120,01110011,00000000,0.99853516 0.0020751953 -0.024047852 0.047729492,150 97 100
1772547214.398374,130,01110011,00000000,0.9984131 0.014160156 -0.016235352 0.050964355,161 91 98
1772547214.756506,140,01110011,00000000,0.9994507 0.013305664 -0.023010254 0.0178833,159 96 101
1772547215.044947,150,01110011,00000000,0.94592285 -0.3173828 -0.06604004 -0.0026245117,151 101 97
1772547215.409975,160,01110011,00000000,0.87609863 0.1451416 -0.11126709 0.4459839,300 97 29
1772547215.71423,170,01110011,00000000,0.9968262 -0.031188965 0.035583496 -0.06323242,294 5 28
1772547216.123786,180,01110011,00000000,0.9929199 0.023498535 0.024047852 -0.11352539,300 3 42
1772547216.428221,190,01110011,00000000,0.8656006 0.115112305 0.019470215 -0.48675537,300 3 52
1772547216.72187,200,01110011,00000000,0.42218018 0.012084961 -0.0064697266 -0.9063721,300 4 62
1772547217.027061,210,01110011,00000000,0.838501 -0.0005493164 -0.051818848 -0.54229736,295 19 8
1772547217.401399,220,01110011,00000000,0.9595337 -0.05596924 -0.036865234 -0.2734375,287 37 2
1772547217.752902,230,01110011,00000000,0.991333 0.032226562 -0.0871582 -0.09210205,299 43 6
1772547218.04229,240,01110011,00000000,0.96539307 -0.04827881 -0.043945312 0.25231934,271 47 2
1772547218.41776,250,01110011,00000000,0.94781494 0.010925293 -0.036315918 0.3164673,265 60 2
1772547218.563276,0,01110011,00000000,0.96191406 -0.008239746 -0.010803223 0.27282715,246 59 2
1772547218.919535,10,01110011,00000000,0.97766113 0.016601562 -0.024353027 0.20794678,256 65 2
1772547219.288052,20,01110011,00000000,0.9543457 -0.26727295 -0.079711914 0.10675049,249 58 9
1772547219.577633,30,01110011,00000000,0.94525146 -0.0010375977 -0.04736328 0.32281494,300 49 2
1772547219.970289,40,01110011,00000000,0.9758911 0.046325684 -0.07598877 0.19897461,299 26 3
1772547220.257885,50,01110011,00000000,0.93048096 -0.050476074 0.07470703 0.35498047,300 2 7
1772547220.62146,60,01110011,00000000,0.8805542 0.25146484 0.06591797 -0.39611816,300 7 16
1772547220.929307,70,01110011,00000000,0.1583252 -0.11907959 0.14147949 0.96990967,299 2 25
1772547221.281974,80,01110011,00000000,0.64245605 -0.027282715 -0.018066406 0.7655029,285 18 2
1772547221.57824,90,01110011,00000000,0.7010498 -0.0435791 -0.0099487305 0.7116089,264 34 2
1772547221.93732,100,01110011,00000000,0.62023926 0.0060424805 -0.072631836 0.7809448,241 54 2
1772547222.27538,110,01110011,00000000,0.13812256 0.097839355 -0.027282715 0.98516846,231 65 2
1772547222.578136,120,01110011,00000000,0.60736084 -0.11639404 0.010681152 -0.78564453,225 74 2
1772547222.957227,130,01110011,00000000,0.97003174 -0.09466553 -0.03363037 -0.22094727,225 84 2
1772547223.250585,140,01110011,00000000,0.9484863 -0.014343262 -0.054870605 0.31152344,225 94 2
1772547223.639992,150,01110011,00000000,0.736145 0.0049438477 -0.008361816 0.6766968,215 95 2
1772547223.908766,160,01110011,00000000,0.69018555 -0.0010986328 0.020690918 0.7232666,204 97 2
1772547224.277782,170,01110011,00000000,0.8441162 -0.010253906 0.06793213 0.53167725,197 88 2
1772547224.589195,180,01110011,00000000,0.9935913 0.010314941 0.08166504 0.0769043,217 67 6
1772547224.954553,190,01110011,00000000,0.88983154 0.019897461 0.060546875 -0.45166016,243 42 26
1772547225.24237,200,01110011,00000000,0.68573 0.008422852 0.026000977 -0.7272949,252 34 46
1772547225.625076,210,01110011,00000000,0.5930176 -0.013793945 0.0546875 -0.8031616,233 26 59
1772547225.912808,220,01110011,00000000,0.7091675 -0.028564453 0.043701172 -0.70306396,216 18 53
1772547226.266144,230,01110011,00000000,0.8423462 -0.023864746 0.040649414 -0.53674316,206 16 42
1772547226.625966,240,01110011,00000000,0.9378662 -0.014038086 0.035705566 -0.34472656,199 16 32
1772547226.912374,250,01110011,00000000,0.9751587 -0.002746582 0.030639648 -0.21917725,193 17 34
1772547227.121781,0,01110011,00000000,0.9802246 0.0018920898 0.042175293 -0.1928711,186 9 47
1772547227.493536,10,01110011,00000000,0.9725952 0.012390137 0.047912598 -0.22705078,191 7 55
1772547227.801945,20,01110011,00000000,0.9644165 -0.013977051 0.052124023 -0.2588501,182 4 65
1772547228.196616,30,01110011,00000000,0.9743042 0.0017089844 0.037963867 -0.22180176,185 3 71
1772547228.485848,40,01110011,00000000,0.9838867 -0.008728027 0.05102539 -0.17077637,175 2 79
1772547228.784425,50,01110011,00000000,0.98321533 0.0010375977 0.043273926 -0.17712402,172 2 86
1772547229.13443,60,01110011,00000000,0.982666 -0.0034179688 0.045043945 -0.17980957,163 2 95
1772547229.49617,70,01110011,00000000,0.9822998 -0.0008544922 0.03729248 -0.18334961,159 2 102
1772547229.796252,80,01110011,00000000,0.97961426 -0.0041503906 0.038330078 -0.19696045,152 2 102
1772547230.111015,90,01110011,00000000,0.9744873 -0.00048828125 0.028808594 -0.22241211,153 8 102
1772547230.436117,100,01110011,00000000,0.9746094 -0.0030517578 0.027282715 -0.222229,151 16 102
1772547230.823349,110,01110011,00000000,0.9517822 -0.20269775 0.0049438477 -0.22991943,150 29 101
1772547231.098116,120,01110011,00000000,0.99017334 -0.1060791 0.084472656 0.032104492,204 2 90
1772547231.466048,130,01110011,00000000,0.9135132 0.3137207 -0.0087890625 -0.2584839,297 2 78
1772547231.822154,140,01110011,00000000,0.4691162 -0.09918213 -0.029907227 -0.87701416,300 4 86
1772547232.112615,150,01110011,00000000,0.92871094 0.06744385 -0.1282959 -0.34106445,300 16 7
1772547232.472336,160,01110011,00000000,0.72576904 -0.014526367 0.001159668 0.6876831,287 27 2
1772547232.773456,170,01110011,00000000,0.7470703 -0.029846191 -0.09375 0.65734863,271 32 2
1772547233.165592,180,01110011,00000000,0.6402588 0.09320068 0.059326172 0.76013184,271 32 2
1772547233.451919,190,01110011,00000000,0.8286743 -0.0692749 -0.051513672 0.5529785,253 36 2
1772547233.764814,200,01110011,00000000,0.8729248 0.05621338 0.04736328 0.48223877,282 34 2
1772547234.144481,210,01110011,00000000,0.97753906 0.05731201 0.014160156 0.20214844,300 44 2
1772547234.432875,220,01110011,00000000,0.9956665 -0.006958008 0.035095215 0.08532715,292 17 9
1772547234.793341,230,01110011,00000000,0.98931885 0.04522705 0.029174805 -0.13482666,300 9 29
1772547339.596006,0,01100001,00000000,0.97509766 0.05218506 0.04083252 -0.21142578,300 3 45
1772547340.845651,10,01100001,00000000,0.008300781 -0.821228 0.5704956 0.0008544922,0 0 0
1772547341.931718,20,01110011,00000000,0.9998169 -0.004699707 -0.016174316 0.0037841797,0 0 0
1772547342.165937,30,01110011,00000000,0.99975586 -0.012390137 -0.012939453 0.012145996,4 4 4
1772547342.552538,40,01110011,00000000,0.5455322 -0.0770874 -0.06762695 0.8317261,47 30 4
1772547342.858847,50,01110011,00000000,0.12994385 0.016601562 -0.032287598 0.9908447,85 59 4
1772547343.233406,60,01110011,00000000,0.25408936 -0.06347656 0.0007324219 0.9650879,105 65 4
1772547343.540826,70,01110011,00000000,0.65148926 -0.021972656 0.040039062 0.7572632,135 79 4
1772547343.839493,80,01110011,00000000,0.9817505 -0.001159668 0.051635742 0.18261719,167 72 7
1772547344.215397,90,01110011,00000000,0.9493408 0.039611816 0.024169922 -0.31066895,216 66 38
1772547344.523962,100,01110011,00000000,0.8800659 0.005004883 0.010375977 -0.47460938,205 75 62
1772547344.82967,110,01110011,00000000,0.9370117 -0.005554199 -0.022644043 -0.34838867,194 93 60
1772547345.213749,120,01110011,00000000,0.9893799 -0.010192871 -0.023498535 -0.1428833,187 103 53
1772547345.504211,130,01110011,00000000,0.9994507 -0.0014038086 -0.024658203 0.018981934,186 108 53
1772547345.889254,140,01110011,00000000,0.99438477 0.0018310547 -0.023132324 0.10272217,181 109 57
1772547346.185891,150,01110011,00000000,0.9934082 0.012451172 -0.032836914 0.10852051,186 113 65
1772547346.542658,160,01110011,00000000,0.8828125 -0.073791504 -0.0256958 0.46307373,294 4 15
1772547346.847651,170,01110011,00000000,0.5305176 -0.097229004 0.042236328 0.8409424,278 25 4
1772547347.222263,180,01110011,00000000,0.70666504 0.20257568 0.31573486 -0.59973145,300 4 25
1772547347.521864,190,01110011,00000000,0.26763916 -0.16595459 0.15625 0.9361572,300 7 4
1772547347.883694,200,01110011,00000000,0.9029541 0.05871582 0.07800293 0.41833496,300 19 4
1772547348.173759,210,01110011,00000000,0.9337158 0.04046631 0.07910156 -0.3466797,298 4 33
1772547348.554447,220,01110011,00000000,0.7383423 0.0713501 0.022644043 -0.670166,300 24 56
1772547348.850782,230,01110011,00000000,0.7515869 -0.014465332 -0.010925293 -0.6593628,292 35 70
1772547349.162293,240,01110011,00000000,0.93963623 -0.039123535 -0.06890869 -0.3328247,279 64 38
1772547349.524568,250,01110011,00000000,0.9515991 -0.016174316 -0.13677979 0.27453613,287 85 4
1772547349.74846,0,01110011,00000000,0.50891113 0.026062012 -0.14105225 0.8487549,267 99 4
1772547350.038031,10,01110011,00000000,0.04296875 0.070739746 -0.1081543 0.9906006,261 105 4
1772547350.397362,20,01110011,00000000,0.67388916 -0.10736084 -0.028564453 -0.7303467,276 103 4
1772547350.71842,30,01110011,00000000,0.98565674 -0.068603516 -0.15093994 -0.0289917,289 113 4
1772547351.034334,40,01110011,00000000,0.7385254 0.020690918 -0.15319824 0.6561279,287 123 4
1772547351.385982,50,01110011,00000000,0.24627686 0.036254883 -0.08251953 0.9649658,271 125 4
1772547351.754632,60,01110011,00000000,0.1237793 0.00036621094 0.024780273 -0.99194336,259 101 5
1772547352.056491,70,01110011,00000000,0.09259033 0.05279541 0.014709473 -0.9941406,266 61 33
1772547352.363609,80,01110011,00000000,0.2744751 -0.08062744 0.003479004 0.9581909,266 65 4
1772547352.739076,90,01110011,00000000,0.7290039 -0.015014648 0.07684326 0.67993164,272 73 4
1772547353.045234,100,01110011,00000000,0.99694824 0.02154541 0.035583496 0.06488037,300 57 10
1772547353.416409,110,01110011,00000000,0.9445801 0.019470215 0.051940918 -0.32336426,288 39 41
1772547353.726973,120,01110011,00000000,0.8980713 0.0357666 -0.008361816 -0.4381714,294 55 62
1772547354.037355,130,01110011,00000000,0.9533081 -0.0025024414 -0.045959473 -0.2982788,272 75 62
1772547354.414403,140,01110011,00000000,0.9985962 -0.018310547 -0.04437256 0.020690918,246 89 40
1772547354.73252,150,01110011,00000000,0.96765137 -0.007385254 -0.04876709 0.24719238,237 100 19
1772547355.076907,160,01110011,00000000,0.91204834 -0.010009766 -0.037841797 0.40808105,219 106 4
1772547355.383067,170,01110011,00000000,0.90979004 -0.0078125 -0.025146484 0.41418457,205 107 4
1772547355.764497,180,01110011,00000000,0.9222412 0.011352539 -0.012573242 0.38623047,212 104 4
1772547356.073613,190,01110011,00000000,0.9682007 -0.006713867 -0.012573242 0.24975586,203 100 8
1772547356.405564,200,01110011,00000000,0.90411377 -0.2998047 -0.14477539 0.26763916,208 95 6
1772547356.721201,210,01110011,00000000,0.7720947 0.13781738 -0.11798096 0.6090088,300 96 4
1772547357.042359,220,01110011,00000000,0.58587646 0.024108887 -0.097961426 0.8040161,293 53 4
1772547357.409666,230,01110011,00000000,0.4390869 -0.12731934 -0.09918213 -0.88378906,291 58 5
1772547357.717231,240,01110011,00000000,0.84106445 0.059143066 -0.0099487305 -0.5375366,300 12 4
1772547358.094169,250,01110011,00000000,0.39611816 0.17437744 -0.04699707 -0.9002075,297 4 34
1772547358.247355,0,01110011,00000000,0.27191162 -0.091674805 0.03491211 0.95721436,300 6 13
1772547358.560598,10,01110011,00000000,0.56433105 -0.12878418 0.10119629 0.80908203,288 4 6
1772547358.936639,20,01110011,00000000,0.94958496 0.012145996 0.08581543 0.30114746,297 4 5
1772547359.242701,30,01110011,00000000,0.9918823 0.0335083 0.034179688 -0.117614746,297 9 30
1772547359.619186,40,01110011,00000000,0.8988037 0.02746582 0.0072631836 -0.43725586,286 29 57
1772547359.914535,50,01110011,00000000,0.94226074 -0.022460938 -0.031799316 -0.33251953,256 59 59
1772547360.287142,60,01110011,00000000,0.9970093 -0.020690918 -0.06921387 -0.025512695,249 79 37
1772547360.603036,70,01110011,00000000,0.91864014 -0.030639648 -0.07952881 0.38562012,232 96 4
1772547360.89908,80,01110011,00000000,0.7362671 -0.009460449 -0.062683105 0.673645,220 106 4
1772547361.271933,90,01110011,00000000,0.58447266 -0.034179688 -0.038085938 0.8096924,202 110 4
1772547361.560394,100,01110011,00000000,0.6057129 -0.025146484 -0.011474609 0.795105,192 116 4
1772547361.931599,110,01110011,00000000,0.7285156 -0.02545166 -0.0052490234 0.68444824,183 117 4
1772547362.255885,120,01110011,00000000,0.83306885 -0.003540039 -0.0075683594 0.5529785,180 125 4
1772547362.562338,130,01110011,00000000,0.88409424 -0.0010986328 -0.01965332 0.46679688,170 126 4
1772547362.946424,140,01110011,00000000,0.88879395 -0.0005493164 -0.02911377 0.45721436,163 126 4
1772547363.232385,150,01110011,00000000,0.85668945 0.003479004 -0.024047852 0.51519775,165 126 4
1772547363.616193,160,01110011,00000000,0.84973145 -0.0053100586 -0.02178955 0.5267334,162 125 4
1772547363.927818,170,01110011,00000000,0.8661499 -0.14727783 -0.08917236 0.4691162,169 105 4
1772547364.23566,180,01110011,00000000,0.7836304 -0.119506836 -0.02557373 0.6090698,215 78 4
1772547364.611319,190,01110011,00000000,0.88391113 0.22180176 0.048095703 0.40875244,300 50 4
1772547364.919881,200,01110011,00000000,0.93536377 -0.18414307 -0.057861328 0.29632568,280 22 4
1772547365.227372,210,01110011,00000000,0.8800659 0.19604492 -0.061462402 0.42797852,300 51 4
1772547365.608187,220,01110011,00000000,0.5117798 -0.06854248 -0.07727051 0.8527832,275 53 4
1772547365.914654,230,01110011,00000000,0.39849854 0.041992188 -0.021911621 0.91589355,254 75 4
1772547366.275254,240,01110011,00000000,0.75476074 -0.08734131 0.019042969 0.6497803,232 55 4
1772547366.581363,250,01110011,00000000,0.9178467 0.05493164 0.022460938 0.39245605,286 72 4
1772547366.805899,0,01110011,00000000,0.95458984 0.008300781 0.012145996 0.29736328,276 69 5
1772547367.113322,10,01110011,00000000,0.96240234 0.01586914 -0.014587402 0.2705078,266 80 7
1772547367.426345,20,01110011,00000000,0.93707275 0.020019531 -0.022521973 0.34783936,260 95 4
1772547367.796315,30,01110011,00000000,0.89642334 0.029907227 -0.026367188 0.44128418,242 103 4
1772547368.116553,40,01110011,00000000,0.8789673 0.029785156 -0.020019531 0.47540283,232 107 4
1772547368.494342,50,01110011,00000000,0.8970337 -0.014038086 -0.022644043 0.44104004,224 104 4
1772547368.796589,60,01110011,00000000,0.97717285 0.09100342 -0.04949951 -0.1852417,292 36 25
1772547369.10642,70,01110011,00000000,0.9755249 0.082336426 -0.045776367 0.19854736,300 26 4
1772547369.484208,80,01110011,00000000,0.8972168 0.02557373 -0.0703125 0.43511963,286 38 4
1772547369.786599,90,01110011,00000000,0.7642212 0.048095703 -0.072509766 0.63897705,272 62 4
1772547370.100479,100,01110011,00000000,0.6843262 0.030395508 -0.07354736 0.72473145,257 76 4
1772547370.456345,110,01110011,00000000,0.67510986 0.026733398 -0.051513672 0.73535156,246 88 4
1772547370.764655,120,01110011,00000000,0.74884033 0.042907715 -0.02746582 0.66070557,239 94 4
1772547371.146655,130,01110011,00000000,0.80462646 -0.14111328 -0.11138916 0.5657959,226 86 4
1772547371.446657,140,01110011,00000000,0.734375 -0.01965332 -0.033447266 0.67749023,285 60 4
1772547371.817315,150,01110011,00000000,0.94299316 0.2131958 0.15008545 0.20672607,300 20 6
1772547372.122185,160,01110011,00000000,0.37774658 0.22790527 -0.12194824 -0.8890381,300 4 34
1772547372.508889,170,01110011,00000000,0.123046875 -0.040649414 0.20770264 -0.96954346,291 4 59
1772547372.810883,180,01110011,00000000,0.54559326 -0.07336426 -0.103393555 -0.8283081,292 9 21
1772547373.119492,190,01110011,00000000,0.9857178 0.09161377 -0.14105225 0.008361816,300 22 4
1772547373.485406,200,01110011,00000000,0.65625 0.028015137 -0.13641357 0.7415161,287 42 4
1772547373.784706,210,01110011,00000000,0.352417 0.07556152 -0.12445068 0.92437744,272 64 4
1772547374.170118,220,01110011,00000000,0.019165039 -0.004333496 -0.044311523 0.9987793,250 73 4
1772547374.473641,230,01110011,00000000,0.19158936 -0.04638672 -0.09503174 0.975708,227 69 4
1772547374.772419,240,01110011,00000000,0.50598145 -0.017089844 0.00982666 0.86224365,229 82 4
1772547375.158286,250,01110011,00000000,0.88116455 0.046447754 0.042175293 0.46844482,247 86 4
1772547375.311549,0,01110011,00000000,0.9938965 0.084350586 0.033203125 0.061950684,282 77 13
1772547375.626075,10,01110011,00000000,0.98846436 0.060302734 0.053771973 -0.12750244,282 64 32
1772547376.007832,20,01110011,00000000,0.9760742 0.043029785 0.0053100586 -0.21276855,297 67 58
1772547376.301776,30,01110011,00000000,0.9984741 0.016357422 -0.03668213 -0.03704834,281 86 55
1772547376.659271,40,01110011,00000000,0.97839355 0.013000488 -0.039978027 0.20227051,262 93 35
1772547377.024665,50,01110011,00000000,0.91552734 0.009216309 -0.045837402 0.39935303,246 102 4
1772547377.335075,60,01110011,00000000,0.85876465 0.024780273 -0.043945312 0.5097046,233 107 4
1772547377.633687,70,01110011,00000000,0.8441162 0.008728027 -0.03173828 0.5350342,213 109 4
1772547378.01444,80,01110011,00000000,0.86608887 0.018371582 -0.028198242 0.49871826,206 116 4
1772547378.30208,90,01110011,00000000,0.89868164 -0.13049316 -0.10406494 0.4055786,203 116 4
1772547378.625897,100,01110011,00000000,0.8206177 -0.12322998 -0.05340576 0.5553589,242 91 4
1772547379.002224,110,01110011,00000000,0.86206055 0.24890137 0.032409668 0.44018555,300 54 4
1772547379.315108,120,01110011,00000000,0.9034424 -0.21087646 -0.06500244 0.3673706,297 14 6
1772547379.670195,130,01110011,00000000,0.8868408 0.2715454 -0.026855469 0.37280273,300 41 4
1772547379.967119,140,01110011,00000000,0.7489624 -0.14019775 -0.059753418 0.6447754,278 19 4
1772547380.347859,150,01110011,00000000,0.85491943 0.2055664 0.04083252 0.47442627,300 48 4
1772547380.650306,160,01110011,00000000,0.9941406 0.02319336 0.0446167 0.09515381,295 31 10
1772547381.024365,170,01110011,00000000,0.9244995 0.10662842 0.032409668 -0.36431885,300 4 37
1772547381.338695,180,01110011,00000000,0.958313 0.011657715 -0.101623535 0.2666626,286 33 4
1772547381.6353,190,01110011,00000000,0.8319702 0.09326172 -0.08721924 0.5397949,300 55 4
1772547381.983894,200,01110011,00000000,0.7932129 0.06829834 -0.06921387 0.6010742,294 54 4
1772547382.366686,210,01110011,00000000,0.7105713 0.047973633 -0.059509277 0.6993408,289 65 4
1772547382.666917,220,01110011,00000000,0.87506104 0.12011719 0.013549805 0.4685669,300 68 4
1772547382.964467,230,01110011,00000000,0.9786377 0.057434082 0.014587402 0.19647217,300 70 8
1772547383.292441,240,01110011,00000000,0.97662354 0.119018555 -0.0146484375 0.17828369,300 83 20
1772547383.682251,250,01110011,00000000,0.96917725 0.052001953 -0.02532959 0.23931885,297 85 20
1772547383.831982,0,01110011,00000000,0.94732666 0.08917236 -0.035461426 0.30541992,300 96 12
1772547384.212606,10,01110011,00000000,0.94036865 0.074279785 -0.028076172 0.3305664,300 91 8
1772547384.511782,20,01110011,00000000,0.93444824 0.07836914 -0.03302002 0.34558105,300 99 4
1772547384.889459,30,01110011,00000000,0.93573 0.08239746 -0.03515625 0.34106445,300 103 4
1772547385.205721,40,01110011,00000000,0.9316406 0.099243164 -0.035705566 0.34765625,300 107 4
1772547385.504061,50,01110011,00000000,0.9348755 0.072265625 -0.034484863 0.34576416,298 110 4
1772547385.888345,60,01110011,00000000,0.9371948 0.06939697 -0.031677246 0.34033203,300 112 4
1772547386.187215,70,01110011,00000000,0.9351196 0.016479492 -0.020080566 0.35333252,287 117 4
1772547386.538822,80,01110011,00000000,0.9348755 0.009033203 -0.014343262 0.35443115,258 124 4
1772547386.848568,90,01110011,00000000,0.9367676 0.01171875 -0.018676758 0.34924316,239 126 4
1772547387.224979,100,01110011,00000000,0.93756104 0.01171875 -0.032043457 0.34613037,224 126 4
1772547387.540667,110,01110011,00000000,0.9345703 0.00982666 -0.03314209 0.35394287,213 124 4
1772547387.876664,120,01110011,00000000,0.93621826 0.016601562 -0.03643799 0.34906006,206 126 4
1772547388.184451,130,01110011,00000000,0.93530273 0.014038086 -0.036987305 0.3513794,199 126 4
1772547388.564419,140,01110011,00000000,0.9371338 0.030944824 -0.043884277 0.34466553,208 126 4
1772547388.87234,150,01110011,00000000,0.9335327 0.027160645 -0.03515625 0.3557129,210 124 4
1772547389.172688,160,01110011,00000000,0.9406738 0.0335083 -0.04156494 0.335083,219 124 4
1772547389.545029,170,01110011,00000000,0.9244995 -0.13110352 -0.10748291 0.34136963,212 126 4
1772547389.851102,180,01110011,00000000,0.9343872 -0.14111328 -0.1171875 0.3050537,300 64 4
1772547390.15906,190,01110011,00000000,0.7839966 0.277771 -0.09448242 0.54693604,300 67 4
1772547390.536908,200,01110011,00000000,0.11584473 0.018371582 -0.013793945 -0.99298096,286 64 4
1772547390.838942,210,01110011,00000000,0.15637207 -0.06188965 -0.22027588 0.9608154,254 4 8
1772547391.154806,220,01110011,00000000,0.14416504 0.011413574 0.053649902 0.9879761,273 28 4
1772547391.527069,230,01110011,00000000,0.5376587 -0.036987305 -0.11895752 0.8338623,250 43 4
1772547391.829498,240,01110011,00000000,0.6248779 -0.024963379 -0.021911621 0.77996826,266 48 4
1772547392.193487,250,01110011,00000000,0.8510132 0.048034668 0.018432617 0.52246094,286 50 4
1772547392.427313,0,01110011,00000000,0.9523926 0.064819336 0.0073242188 0.2975464,295 50 5
1772547392.726883,10,01110011,00000000,0.95947266 0.046325684 0.0013427734 0.27770996,298 50 9
1772547393.034683,20,01110011,00000000,0.98223877 0.076171875 -0.00091552734 0.17120361,300 60 20
1772547393.400827,30,01110011,00000000,0.9767456 0.038513184 -0.022644043 0.20953369,296 74 24
1772547495.655993,0,01100001,00000000,0.9567871 0.0569458 -0.044799805 0.28137207,292 91 16
1772547496.803142,10,01100001,00000000,-0.004638672 0.30889893 0.95111084 0.0017700195,0 0 0
1772547498.148487,20,01100001,00000000,1 0 0 0,0 0 0
1772547498.686708,30,01110011,00000000,0.9998169 0.012573242 -0.010009766 -0.003967285,0 0 0
1772547498.969469,40,01110011,00000000,0.8847656 -0.06329346 -0.044128418 0.45959473,30 15 4
1772547499.348292,50,01110011,00000000,0.3965454 0.015380859 -0.057922363 0.9159546,81 40 4
1772547499.634207,60,01110011,00000000,0.95025635 0.06536865 0.06463623 0.29748535,179 37 6
1772547499.953254,70,01110011,00000000,0.97821045 0.016174316 0.028869629 0.20483398,180 39 23
1772547500.326706,80,01110011,00000000,0.9914551 0.0107421875 0.013366699 0.12908936,181 52 38
1772547500.628034,90,01110011,00000000,0.99658203 0.008361816 0.019897461 0.07940674,179 56 57
1772547501.009825,100,01110011,00000000,0.99072266 0.016845703 0.0053710938 0.13458252,186 71 61
1772547501.326317,110,01110011,00000000,0.98272705 0.016845703 0.011230469 0.18395996,184 77 61
1772547501.621671,120,01110011,00000000,0.98394775 0.027404785 0.007385254 0.17572021,191 87 63
1772547502.001947,130,01110011,00000000,0.9790039 0.024353027 0.0087890625 0.2020874,219 82 62
1772547502.297617,140,01110011,00000000,0.98687744 0.021850586 0.0020751953 0.15979004,211 90 65
1772547502.670588,150,01110011,00000000,0.9735718 -0.14733887 -0.109375 0.13568115,220 100 70
1772547502.964276,160,01110011,00000000,0.93530273 -0.09875488 -0.11077881 0.32104492,300 26 29
1772547503.327127,170,01110011,00000000,0.84277344 0.31982422 -0.066101074 0.4277954,300 4 6
1772547503.627856,180,01110011,00000000,0.122802734 -0.017700195 -0.03375244 0.9916992,283 20 4
1772547503.981145,190,01110011,00000000,0.25421143 0.024597168 -0.19805908 0.94628906,255 7 4
1772547504.345773,200,01110011,00000000,0.16870117 0.030578613 -0.0038452148 0.98516846,260 21 4
1772547504.640026,210,01110011,00000000,0.35681152 -0.019592285 -0.152771 0.9213257,233 36 4
1772547505.00348,220,01110011,00000000,0.5668335 0.04309082 -0.0036621094 0.82263184,261 46 4
1772547505.309024,230,01110011,00000000,0.8156738 0.06048584 -0.026916504 0.574646,258 68 4
1772547505.671679,240,01110011,00000000,0.95654297 0.08380127 0.04852295 0.27471924,300 45 7
1772547505.966183,250,01110011,00000000,0.9869995 0.1161499 0.07092285 -0.08514404,300 40 34
1772547506.195448,0,01110011,00000000,0.97106934 0.040039062 0.029418945 -0.23352051,292 40 59
1772547506.492081,10,01110011,00000000,0.9696655 0.018859863 0.012084961 -0.2432251,274 50 70
1772547506.853678,20,01110011,00000000,0.9926758 0.023803711 -0.0178833 -0.117248535,260 70 70
1772547507.207991,30,01110011,00000000,0.9974365 0.028320312 -0.020568848 0.061767578,245 86 64
1772547507.499778,40,01110011,00000000,0.98986816 0.03778076 -0.019897461 0.13482666,241 91 63
1772547507.881502,50,01110011,00000000,0.98846436 0.046325684 -0.026184082 0.14117432,239 99 69
1772547508.189379,60,01110011,00000000,0.9884033 0.05267334 -0.033996582 0.13800049,242 108 74
1772547508.54451,70,01110011,00000000,0.9678955 -0.16088867 -0.15460205 0.115478516,229 102 77
1772547508.839707,80,01110011,00000000,0.9534302 -0.030456543 -0.17193604 0.24584961,300 67 59
1772547509.161415,90,01110011,00000000,0.7977295 0.25213623 -0.15209961 0.5261841,300 25 6
1772547509.541163,100,01110011,00000000,0.12756348 -0.034729004 -0.049987793 -0.9899292,290 29 4
1772547509.817425,110,01110011,00000000,0.5288696 0.10412598 0.17449951 -0.8239746,265 4 17
1772547510.193905,120,01110011,00000000,0.30267334 0.1381836 -0.038757324 -0.9421997,300 12 36
1772547510.506655,130,01110011,00000000,0.37683105 -0.13305664 -0.13354492 0.9067993,300 20 4
1772547510.81329,140,01110011,00000000,0.7897339 -0.021606445 0.034484863 0.6119385,283 20 4
1772547511.18102,150,01110011,00000000,0.99035645 0.120910645 0.058044434 -0.033935547,300 22 18
1772547511.48613,160,01110011,00000000,0.9020386 0.13659668 0.042053223 -0.40716553,300 19 47
1772547511.838169,170,01110011,00000000,0.6998291 0.12548828 0.05908203 -0.70062256,300 26 67
1772547512.19861,180,01110011,00000000,0.73101807 0.03765869 0.009460449 -0.6812134,299 35 76
1772547512.494896,190,01110011,00000000,0.8527832 0.021118164 -0.036499023 -0.52038574,286 63 65
1772547512.875362,200,01110011,00000000,0.97320557 0.020446777 -0.062316895 -0.22009277,272 83 42
1772547513.170522,210,01110011,00000000,0.9949951 0.014587402 -0.080200195 0.057006836,258 96 31
1772547513.539121,220,01110011,00000000,0.9608154 0.016662598 -0.08746338 0.2625122,247 105 20
1772547513.823452,230,01110011,00000000,0.940979 0.011962891 -0.06976318 0.33087158,235 106 17
1772547514.182873,240,01110011,00000000,0.95703125 0.030029297 -0.07128906 0.27923584,230 110 23
1772547514.536678,250,01110011,00000000,0.9753418 0.04486084 -0.08239746 0.19946289,230 118 33
1772547514.685489,0,01110011,00000000,0.982666 0.051879883 -0.10046387 0.14666748,231 119 43
1772547515.056497,10,01110011,00000000,0.98339844 0.05609131 -0.10974121 0.1329956,233 119 49
1772547515.424549,20,01110011,00000000,0.977478 0.054870605 -0.13140869 0.15563965,234 120 57
1772547515.717099,30,01110011,00000000,0.9421387 -0.17443848 -0.24822998 0.14227295,227 118 61
1772547516.097304,40,01110011,00000000,0.8907471 0.0040893555 -0.21020508 0.402771,300 72 22
1772547516.381497,50,01110011,00000000,0.82751465 0.15557861 -0.19854736 0.5015259,299 27 4
1772547516.734864,60,01110011,00000000,0.10119629 -0.13671875 -0.005554199 0.98535156,269 35 4
1772547517.041668,70,01110011,00000000,0.69104004 0.02130127 -0.17388916 0.7012329,255 52 4
1772547517.403973,80,01110011,00000000,0.86920166 -0.103881836 -0.08642578 0.47558594,246 21 5
1772547517.706355,90,01110011,00000000,0.96899414 0.23834229 -0.05126953 0.038269043,300 37 19
1772547518.077555,100,01110011,00000000,0.9024048 0.15563965 -0.017211914 -0.40130615,300 56 47
1772547518.369283,110,01110011,00000000,0.8386841 0.1484375 -0.015563965 -0.52368164,300 63 54
1772547518.732419,120,01110011,00000000,0.8602295 0.07281494 -0.042053223 -0.50286865,300 79 62
1772547519.082211,130,01110011,00000000,0.9572754 0.06719971 -0.08679199 -0.26745605,298 88 43
1772547519.371024,140,01110011,00000000,0.989563 0.051330566 -0.13366699 -0.011474609,298 100 36
1772547519.74957,150,01110011,00000000,0.96624756 0.03918457 -0.14727783 0.20739746,291 106 25
1772547520.031035,160,01110011,00000000,0.93499756 0.021728516 -0.11212158 0.33581543,273 112 14
1772547520.408086,170,01110011,00000000,0.92633057 0.03314209 -0.11218262 0.35791016,262 118 12
1772547520.70135,180,01110011,00000000,0.9458618 0.058654785 -0.11987305 0.29577637,260 122 16
1772547521.050265,190,01110011,00000000,0.9674072 0.055358887 -0.122802734 0.2140503,255 121 26
1772547521.357242,200,01110011,00000000,0.9838867 0.041809082 -0.08099365 0.15386963,256 121 38
1772547521.740965,210,01110011,00000000,0.9838257 0.003967285 -0.13476562 0.11804199,262 117 49
1772547522.025755,220,01110011,00000000,0.9108887 -0.31433105 -0.26690674 0.013244629,270 66 53
1772547522.384159,230,01110011,00000000,0.7802124 0.36065674 -0.20452881 0.4683838,300 44 4
1772547522.754963,240,01110011,00000000,0.2843628 -0.1317749 -0.054870605 0.947937,280 14 4
1772547523.05909,250,01110011,00000000,0.5195923 0.028930664 0.13787842 -0.84265137,276 4 9
1772547523.232624,0,01110011,00000000,0.7644043 0.11260986 -0.057861328 -0.6321411,300 26 17
1772547523.612838,10,01110011,00000000,0.28668213 0.2331543 -0.020935059 -0.92889404,300 4 35
1772547523.913634,20,01110011,00000000,0.45263672 -0.10852051 -0.076293945 0.8817749,300 28 4
1772547524.267048,30,01110011,00000000,0.75164795 -0.098083496 -0.015563965 0.65197754,278 37 4
1772547524.623553,40,01110011,00000000,0.9949341 0.090148926 0.04058838 -0.016235352,300 26 19
1772547524.924758,50,01110011,00000000,0.8369751 0.16461182 -0.0021362305 -0.52178955,300 46 47
1772547525.26734,60,01110011,00000000,0.62231445 0.10095215 0.039245605 -0.7752075,300 54 67
1772547525.571347,70,01110011,00000000,0.6170654 0.017700195 -0.016479492 -0.786499,294 67 77
1772547525.940557,80,01110011,00000000,0.8060913 -0.005493164 -0.027709961 -0.5911255,267 87 56
1772547526.241149,90,01110011,00000000,0.9470825 -0.021850586 -0.057556152 -0.3149414,244 100 38
1772547526.610161,100,01110011,00000000,0.99523926 -0.027038574 -0.08508301 0.03778076,236 110 17
1772547526.91489,110,01110011,00000000,0.93414307 -0.031311035 -0.09094238 0.34350586,223 120 4
1772547527.277043,120,01110011,00000000,0.8632202 -0.023010254 -0.086364746 0.49676514,212 123 4
1772547527.578678,130,01110011,00000000,0.8534546 -0.016845703 -0.080566406 0.51452637,200 126 4
1772547527.892211,140,01110011,00000000,0.9019165 0.003967285 -0.08093262 0.42419434,193 126 4
1772547528.245142,150,01110011,00000000,0.94970703 0.022766113 -0.08459473 0.30059814,204 125 10
1772547528.583969,160,01110011,00000000,0.9758911 -0.007751465 -0.12512207 0.17816162,211 118 25
1772547528.898034,170,01110011,00000000,0.89019775 -0.32885742 -0.20629883 0.23809814,208 79 17
1772547529.262549,180,01110011,00000000,0.7775879 0.30743408 -0.15881348 0.5248413,300 91 4
1772547529.562311,190,01110011,00000000,0.40533447 -0.16973877 -0.13336182 0.88830566,278 51 4
1772547529.923166,200,01110011,00000000,0.2253418 -0.057739258 -0.1282959 0.9640503,252 72 4
1772547530.216456,210,01110011,00000000,0.6599121 -0.099243164 -0.053527832 0.7427368,241 35 4
1772547530.593058,220,01110011,00000000,0.7762451 -0.0087890625 -0.11212158 0.62023926,232 62 4
1772547530.917414,230,01110011,00000000,0.98254395 0.023864746 -0.0064086914 0.18408203,278 32 13
1772547531.268134,240,01110011,00000000,0.9335327 0.14996338 -0.018920898 -0.32495117,300 49 42
1772547531.612099,250,01110011,00000000,0.91900635 0.030578613 -0.0030517578 -0.3930664,292 69 64
1772547531.758395,0,01110011,00000000,0.9268799 0.03173828 -0.04864502 -0.37072754,284 86 71
1772547532.129507,10,01110011,00000000,0.9764404 0.022399902 -0.057922363 -0.20648193,273 94 57
1772547532.426201,20,01110011,00000000,0.9951172 0.020996094 -0.07720947 -0.057739258,257 102 58
1772547532.790147,30,01110011,00000000,0.99121094 0.0038452148 -0.07086182 0.11102295,237 111 53
1772547533.098364,40,01110011,00000000,0.97857666 0.0045776367 -0.06677246 0.19464111,221 118 52
1772547533.471017,50,01110011,00000000,0.9763794 0.013061523 -0.07086182 0.20361328,209 121 54
1772547533.755906,60,01110011,00000000,0.98010254 0.017211914 -0.08917236 0.17633057,201 121 63
1772547534.107137,70,01110011,00000000,0.97735596 0.028930664 -0.10638428 0.1807251,201 121 63
1772547534.472206,80,01110011,00000000,0.97613525 0.03363037 -0.111328125 0.18322754,203 121 63
1772547534.764413,90,01110011,00000000,0.97558594 0.040161133 -0.12463379 0.17608643,205 121 63
1772547535.133371,100,01110011,00000000,0.97198486 0.048217773 -0.14300537 0.17999268,209 121 63
1772547535.485074,110,01110011,00000000,0.96990967 0.05645752 -0.15594482 0.17810059,217 121 63
1772547535.765394,120,01110011,00000000,0.9664917 0.0635376 -0.17651367 0.1751709,230 121 63
1772547536.135793,130,01110011,00000000,0.9577637 0.057617188 -0.19116211 0.20672607,236 121 61
1772547536.433342,140,01110011,00000000,0.9468994 0.0690918 -0.20361328 0.23876953,250 118 58
1772547536.796898,150,01110011,00000000,0.9369507 0.06048584 -0.21868896 0.265625,254 118 53
1772547537.095133,160,01110011,00000000,0.953125 0.025634766 -0.097717285 0.28515625,261 121 48
1772547537.482449,170,01110011,00000000,0.93896484 0.021362305 -0.09753418 0.3291626,244 125 40
1772547537.767389,180,01110011,00000000,0.94329834 0.006652832 -0.028564453 0.3303833,227 125 38
1772547538.15493,190,01110011,00000000,0.94628906 0.009155273 -0.03527832 0.321167,212 124 38
1772547538.460516,200,01110011,00000000,0.9508667 0.017700195 -0.048706055 0.30499268,204 124 37
1772547538.778267,210,01110011,00000000,0.9477539 0.026794434 -0.063964844 0.31121826,203 124 37
1772547539.085717,220,01110011,00000000,0.94366455 0.03717041 -0.07611084 0.31970215,207 124 37
1772547539.440529,230,01110011,00000000,0.96051025 0.042541504 -0.08227539 0.26208496,212 118 37
1772547539.807775,240,01110011,00000000,0.9713745 0.06451416 -0.08239746 0.21307373,232 120 46
1772547540.117905,250,01110011,00000000,0.98651123 0.08526611 -0.093933105 0.10290527,248 118 56
1772547540.337349,0,01110011,00000000,0.99645996 0.025634766 -0.030456543 0.07397461,244 119 66
1772547540.640116,10,01110011,00000000,0.99365234 0.0061035156 -0.0134887695 0.111206055,235 121 66
1772547540.951408,20,01110011,00000000,0.98535156 0.015563965 -0.022766113 0.16821289,222 122 66
1772547541.30123,30,01110011,00000000,0.98443604 0.032043457 -0.027648926 0.17034912,221 122 66
1772547541.65799,40,01110011,00000000,0.9890137 0.037902832 -0.044006348 0.13574219,215 122 72
1772547541.951842,50,01110011,00000000,0.9859619 0.03918457 -0.054504395 0.15283203,219 121 74
1772547542.332379,60,01110011,00000000,0.9844971 0.05871582 -0.06854248 0.15026855,231 119 74
1772547542.638325,70,01110011,00000000,0.9838867 0.0725708 -0.08129883 0.14147949,244 120 74
1772547543.012013,80,01110011,00000000,0.98968506 0.0119018555 -0.012573242 0.1416626,246 120 74
1772547543.299232,90,01110011,00000000,0.9890137 0.0029907227 0 0.14752197,231 119 74
1772547543.666325,100,01110011,00000000,0.9884033 0.011352539 -0.007751465 0.15106201,215 120 74
1772547543.969648,110,01110011,00000000,0.9897461 0.028198242 -0.022766113 0.13812256,215 120 75
1772547544.350216,120,01110011,00000000,0.9879761 0.03778076 -0.034606934 0.14550781,215 120 75
1772547544.666916,130,01110011,00000000,0.9869385 0.051513672 -0.049438477 0.14459229,223 120 75
1772547544.957227,140,01110011,00000000,0.98620605 0.06109619 -0.05718994 0.14251709,231 120 75
1772547545.304187,150,01110011,00000000,0.9846802 0.07525635 -0.06744385 0.14147949,246 120 75
1772547545.672995,160,01110011,00000000,0.98724365 0.074645996 -0.06573486 0.12390137,259 119 79
1772547545.960674,170,01110011,00000000,0.98620605 0.08972168 -0.07574463 0.116760254,277 119 81
1772547546.387763,180,01110011,00000000,0.9829712 0.10797119 -0.09173584 0.11657715,298 119 81
1772547546.673402,190,01110011,00000000,0.98876953 0.060180664 -0.05596924 0.124938965,298 119 81
1772547546.962509,200,01110011,00000000,0.9998779 0.002380371 -0.0010986328 0.009399414,273 119 89
1772547547.331227,210,01110011,00000000,0.9987793 0.02508545 -0.012512207 0.038635254,256 119 98
1772547547.635049,220,01110011,00000000,0.99786377 0.048339844 -0.01928711 0.038757324,264 119 103
1772547547.992013,230,01110011,00000000,0.9962158 0.07409668 -0.027770996 0.033691406,283 119 105
1772547548.295419,240,01110011,00000000,0.99261475 0.111450195 -0.0413208 0.02319336,300 119 106
1772547548.693979,250,01110011,00000000,0.9980469 0.051879883 -0.007507324 0.030395508,300 119 107
1772547548.835448,0,01110011,00000000,0.9989624 0.024963379 0.013000488 0.03466797,300 119 107
1772547549.155362,10,01110011,00000000,0.9991455 0.0015258789 0.023864746 0.031677246,292 119 111
1772547549.524233,20,01110011,00000000,1 0.0012207031 -0.0010375977 0.0040283203,278 119 115
1772547549.815199,30,01110011,00000000,0.99957275 0.01977539 -0.011413574 0.017211914,254 119 116
1772547550.261039,40,01110011,00000000,0.9998779 0.0095825195 -0.008056641 -0.006652832,233 117 117
1772547550.495914,50,01110011,00000000,0.99993896 0.0036621094 -0.00579834 -0.00079345703,214 117 117
1772547550.823276,60,01110011,00000000,0.99993896 0.00012207031 -0.0016479492 0.0026245117,204 118 117
1772547551.174223,70,01110011,00000000,0.99993896 0.004699707 -0.002746582 0,198 118 117
1772547551.521603,80,01110011,00000000,0.9998779 -0.008422852 0.011230469 -0.0010986328,190 117 117
1772547551.857953,90,01110011,00000000,0.9989624 -0.032165527 0.03100586 -0.0056762695,186 116 117
1772547552.181885,100,01110011,00000000,0.998291 -0.04095459 0.039916992 -0.006591797,181 104 118
1772547552.544352,110,01110011,00000000,0.9990845 -0.028869629 0.030151367 -0.0053710938,177 102 118
1772547552.851436,120,01110011,00000000,0.9996338 -0.012512207 0.023498535 0.0018310547,179 111 118
1772547553.151159,130,01110011,00000000,0.9998779 0.0036010742 0.012878418 -0.0045776367,181 117 118
1772547553.514163,140,01110011,00000000,0.99993896 0.0076293945 -0.0017089844 -0.00793457,180 117 118
1772547553.885316,150,01110011,00000000,0.9998779 0.010131836 0.0004272461 -0.0008544922,175 117 118
1772547554.206282,160,01110011,00000000,0.9994507 0.026550293 -0.0154418945 -0.008850098,176 117 118
1772547554.540122,170,01110011,00000000,0.99871826 0.042053223 -0.027770996 -0.0028076172,183 117 118
1772547676.693607,0,01100001,00000000,0.99853516 -0.03149414 0.043762207 -0.0060424805,183 115 118
1772547677.866388,10,01100001,00000000,0.0032348633 0.0024414062 1 0.006591797,0 0 0
1772547679.142765,20,01100001,00000000,0.0078125 0.015014648 0.9998169 0.008605957,0 0 0
1772547680.382527,30,01100001,00000000,0.9998779 0 0.0008544922 -0.009521484,0 0 0
1772547681.55352,40,01100001,00000000,0.99993896 0.00024414062 0.0025024414 -0.003540039,0 0 0
1772547682.832814,50,01100001,00000000,0.99993896 0.0036621094 -0.0038452148 -0.0053100586,0 0 0
1772547683.66359,60,01110011,00000000,0.99993896 0.00018310547 -0.0010375977 0.0021362305,0 0 0
1772547683.964408,70,01110011,00000000,0.9992676 -0.027648926 0.0107421875 0.018920898,13 4 9
1772547684.349557,80,01110011,00000000,0.41955566 -0.045776367 -0.08868408 0.90216064,53 33 4
1772547684.6435,90,01110011,00000000,0.030273438 0.036254883 -0.048706055 0.9976196,97 61 4
1772547685.003754,100,01110011,00000000,0.029846191 -0.04071045 -0.0057373047 0.9986572,121 67 4
1772547685.296684,110,01110011,00000000,0.43414307 -0.024963379 0.008422852 0.9003906,137 83 4
1772547685.659487,120,01110011,00000000,0.89715576 -0.005065918 0.05999756 0.43743896,173 82 4
1772547685.960985,130,01110011,00000000,0.9901123 0.0435791 0.04650879 -0.12432861,221 76 26
1772547686.32697,140,01110011,00000000,0.9008179 0.043518066 0.043273926 -0.42974854,229 89 55
1772547686.697354,150,01110011,00000000,0.8260498 0.0154418945 0.013244629 -0.56311035,207 99 75
1772547686.985185,160,01110011,00000000,0.9229126 -0.0021972656 0.009033203 -0.3847046,189 109 62
1772547687.362186,170,01110011,00000000,0.975708 -0.0008544922 -0.0041503906 -0.21881104,182 119 60
1772547687.651501,180,01110011,00000000,0.99920654 -0.00061035156 -0.0053100586 -0.03704834,179 121 55
1772547688.018988,190,01110011,00000000,0.9968262 -0.0025024414 -0.0056152344 0.07885742,170 122 61
1772547688.303381,200,01110011,00000000,0.9884033 0.001159668 -0.0015258789 0.15148926,165 119 61
1772547688.687835,210,01110011,00000000,0.9884033 0.004211426 0.00030517578 0.15124512,160 121 69
1772547688.963828,220,01110011,00000000,0.98950195 0.0048217773 -0.0014038086 0.14422607,156 121 73
1772547689.326224,230,01110011,00000000,0.98931885 0.005554199 -0.0031738281 0.14508057,153 121 76
1772547689.624819,240,01110011,00000000,0.99072266 0.0076904297 -0.0018920898 0.1352539,153 121 76
1772547689.986288,250,01110011,00000000,0.9921875 0.0048217773 -0.003540039 0.12426758,152 121 80
1772547690.215324,0,01110011,00000000,0.99194336 0.008117676 -0.005065918 0.12536621,152 121 80
1772547690.522078,10,01110011,00000000,0.9916992 0.009277344 -0.0053100586 0.12756348,152 121 80
1772547690.894504,20,01110011,00000000,0.993042 0.0072021484 -0.0043945312 0.11657715,152 121 82
1772547691.197965,30,01110011,00000000,0.9927368 0.011169434 -0.0075683594 0.118774414,152 121 82
1772547691.560546,40,01110011,00000000,0.99261475 0.010253906 -0.006591797 0.12011719,152 121 82
1772547691.849093,50,01110011,00000000,0.9928589 0.012451172 -0.008178711 0.11779785,152 121 82
1772547692.227493,60,01110011,00000000,0.99261475 0.010620117 -0.008422852 0.11975098,152 121 82
1772547692.518771,70,01110011,00000000,0.99298096 0.0134887695 -0.008544922 0.11706543,152 121 82
1772547692.845196,80,01110011,00000000,0.9928589 0.01373291 -0.008972168 0.11785889,152 121 82
1772547693.204976,90,01110011,00000000,0.99993896 -0.0007324219 -0.0045776367 -0.0009765625,150 121 89
1772547693.517578,100,01110011,00000000,0.99902344 -0.003112793 -0.0071411133 0.04284668,150 120 95
1772547693.836809,110,01110011,00000000,0.99786377 -0.0009765625 -0.0040283203 0.064575195,150 119 99
1772547694.158786,120,01110011,00000000,0.9991455 0.004272461 -0.0026245117 0.04034424,151 116 106
1772547694.544689,130,01110011,00000000,0.9990845 0.0008544922 -0.006958008 0.041259766,150 118 113
1772547694.862444,140,01110011,00000000,0.99902344 0.0045776367 -0.0078125 0.042236328,151 118 117
1772547695.182391,150,01110011,00000000,0.9991455 0.0043945312 -0.006713867 0.038208008,150 118 118
1772547695.505881,160,01110011,00000000,0.99957275 0.0053100586 -0.009094238 0.024658203,150 118 118
1772547695.847137,170,01110011,00000000,0.99975586 0.0053710938 -0.00982666 0.017822266,150 118 118
1772547696.205887,180,01110011,00000000,0.99975586 0.0045776367 -0.0107421875 0.014465332,150 118 118
1772547696.554224,190,01110011,00000000,0.9996948 0.0060424805 -0.013183594 0.018249512,150 118 118
1772547696.846676,200,01110011,00000000,0.9998779 0.005065918 -0.013305664 -0.0033569336,151 111 119
1772547697.19907,210,01110011,00000000,0.99884033 0.015014648 -0.02178955 0.038269043,159 112 117
1772547697.495571,220,01110011,00000000,0.93652344 -0.30889893 -0.16479492 0.015930176,197 87 114
1772547697.86297,230,01110011,00000000,0.92663574 0.10424805 -0.09008789 0.34960938,300 23 56
1772547698.241768,240,01110011,00000000,0.87609863 0.19677734 0.15570068 -0.411438,300 21 67
1772547698.535067,250,01110011,00000000,0.48712158 -0.33148193 0.11871338 0.79907227,286 4 63
1772547698.751555,0,01110011,00000000,0.9625244 0.16937256 0.13500977 -0.16290283,295 4 55
1772547699.025643,10,01110011,00000000,0.862854 0.12023926 0.082336426 -0.48388672,300 4 67
1772547699.370172,20,01110011,00000000,0.3829956 0.13995361 0.018676758 -0.91278076,300 28 82
1772547699.723247,30,01110011,00000000,0.26739502 0.054382324 0.055603027 -0.96032715,300 23 92
1772547700.072802,40,01110011,00000000,0.4753418 0.0049438477 0.011169434 -0.8796387,279 48 72
1772547700.370682,50,01110011,00000000,0.78118896 0.0065307617 -0.027832031 -0.62353516,269 72 36
1772547700.724623,60,01110011,00000000,0.9890137 -0.022399902 -0.08630371 -0.117370605,255 92 4
1772547701.089012,70,01110011,00000000,0.8563843 -0.010070801 -0.1515503 0.49346924,244 102 4
1772547701.377929,80,01110011,00000000,0.27801514 0.033935547 -0.14471436 0.9489136,236 112 4
1772547701.756788,90,01110011,00000000,0.5742798 -0.068237305 0.046691895 -0.8143921,229 113 4
1772547702.065314,100,01110011,00000000,0.9140625 -0.04925537 -0.08013916 -0.39422607,257 121 4
1772547702.430592,110,01110011,00000000,0.9649658 -0.014099121 -0.14996338 0.21453857,263 125 4
1772547702.749766,120,01110011,00000000,0.71032715 0.0119018555 -0.12805176 0.69189453,256 125 4
1772547703.031688,130,01110011,00000000,0.38793945 -0.0057373047 -0.09082031 0.91711426,236 124 4
1772547703.394876,140,01110011,00000000,0.25506592 -0.030639648 -0.044677734 0.96539307,221 124 4
1772547703.738126,150,01110011,00000000,0.4222412 -0.053955078 -0.028015137 0.9043579,205 121 4
1772547704.056263,160,01110011,00000000,0.77301025 -0.010681152 0.0041503906 0.6342163,211 124 4
1772547704.374783,170,01110011,00000000,0.98583984 0.037841797 0.025390625 0.16125488,236 123 10
1772547704.718442,180,01110011,00000000,0.946228 0.08544922 0.022460938 -0.3109131,280 123 41
1772547705.073452,190,01110011,00000000,0.8051758 0.07946777 0.018249512 -0.5872803,292 123 64
1772547705.394024,200,01110011,00000000,0.763916 0.045837402 0.0057373047 -0.6435547,277 123 80
1772547705.710686,210,01110011,00000000,0.8633423 0.029968262 -0.017944336 -0.5032959,246 123 72
1772547706.043189,220,01110011,00000000,0.94854736 0.0024414062 -0.026977539 -0.3154297,224 124 62
1772547706.392266,230,01110011,00000000,0.9884033 0.00390625 -0.032592773 -0.14807129,207 123 61
1772547706.751129,240,01110011,00000000,0.9994507 0.001159668 -0.030639648 -0.0036621094,192 123 63
1772547707.040349,250,01110011,00000000,0.9973755 -0.0075683594 -0.0014038086 0.071777344,186 121 70
1772547707.258176,0,01110011,00000000,0.9968872 -0.020812988 0.0065307617 0.07446289,178 118 77
1772547707.613025,10,01110011,00000000,0.9962158 -0.05529785 0.014160156 0.06506348,180 108 83
1772547707.89884,20,01110011,00000000,0.921875 -0.38201904 -0.05316162 0.035949707,207 58 85
1772547708.249242,30,01110011,00000000,0.93481445 0.23254395 -0.05328369 0.26281738,300 72 27
1772547708.625407,40,01110011,00000000,0.68566895 0.0087890625 0.09588623 -0.7213745,300 15 52
1772547708.914839,50,01110011,00000000,0.36505127 -0.26281738 -0.025939941 0.8927002,300 13 33
1772547709.224039,60,01110011,00000000,0.94262695 -0.008544922 0.16278076 0.29107666,289 4 19
1772547709.599789,70,01110011,00000000,0.99505615 -0.0008544922 -0.042907715 -0.08905029,300 18 38
1772547709.906276,80,01110011,00000000,0.9668579 0.0095825195 -0.09240723 0.23736572,287 26 9
1772547710.25667,90,01110011,00000000,0.69525146 -0.02508545 -0.051330566 0.71643066,267 52 4
1772547710.622466,100,01110011,00000000,0.26757812 0.02166748 -0.0993042 0.95806885,244 72 4
1772547710.908273,110,01110011,00000000,0.40753174 -0.10235596 -0.0045166016 -0.90734863,244 91 4
1772547711.260868,120,01110011,00000000,0.90625 -0.087402344 -0.08282471 -0.40490723,256 101 4
1772547711.604398,130,01110011,00000000,0.9204712 -0.051330566 -0.115112305 0.369812,258 111 4
1772547711.911244,140,01110011,00000000,0.5604248 0.013427734 -0.08251953 0.8239136,249 120 4
1772547712.29334,150,01110011,00000000,0.20129395 0.009399414 -0.010864258 0.9793701,233 122 4
1772547712.586946,160,01110011,00000000,0.14691162 -0.038024902 0.0026245117 0.9884033,213 117 4
1772547712.958816,170,01110011,00000000,0.42211914 -0.04675293 0.03540039 0.90460205,207 120 4
1772547713.266604,180,01110011,00000000,0.8034668 -0.037841797 0.066345215 0.590271,216 108 4
1772547713.571811,190,01110011,00000000,0.9979248 0.016479492 0.060424805 -0.01184082,258 88 19
1772547713.939133,200,01110011,00000000,0.86621094 0.04699707 0.028442383 -0.49658203,271 89 49
1772547714.237289,210,01110011,00000000,0.69451904 0.02935791 0.0072631836 -0.71875,247 99 69
1772547714.609666,220,01110011,00000000,0.7140503 -0.012329102 -0.0029907227 -0.69989014,218 109 78
1772547714.919705,230,01110011,00000000,0.8574829 -0.025817871 -0.017456055 -0.51342773,207 119 63
1772547715.225383,240,01110011,00000000,0.95635986 -0.024169922 -0.017944336 -0.29058838,197 124 53
1772547715.624046,250,01110011,00000000,0.9927368 -0.027709961 -0.0126953125 -0.11590576,186 123 52
1772547715.777175,0,01110011,00000000,0.9996338 -0.020507812 -0.014526367 0.004333496,180 123 58
1772547716.094798,10,01110011,00000000,0.9972534 -0.02319336 -0.0049438477 0.06933594,174 119 61
1772547716.441875,20,01110011,00000000,0.9939575 -0.0126953125 -0.0057373047 0.10827637,174 120 67
1772547716.802153,30,01110011,00000000,0.99505615 -0.02319336 -0.00012207031 0.09576416,165 115 75
1772547717.182244,40,01110011,00000000,0.9937744 -0.012512207 -0.009765625 0.11004639,164 117 80
1772547717.492897,50,01110011,00000000,0.99108887 -0.019165039 -0.0014038086 0.13140869,158 115 79
1772547717.778976,60,01110011,00000000,0.99694824 -0.014465332 -0.0028686523 0.0758667,155 116 89
1772547718.096408,70,01110011,00000000,0.9960327 -0.012634277 -0.010620117 0.08666992,153 118 94
1772547718.458059,80,01110011,00000000,0.9956665 -0.014587402 -0.00390625 0.091308594,153 117 92
1772547718.811434,90,01110011,00000000,0.99798584 -0.009460449 -0.00982666 0.060546875,152 119 99
1772547719.111956,100,01110011,00000000,0.9967041 -0.015808105 -0.010437012 0.07788086,151 120 99
1772547923.241694,0,01100001,00000000,0.9976196 -0.010375977 -0.010803223 0.066711426,151 120 99
1772547924.052535,10,01100001,00000000,-0.004760742 -0.83966064 0.5430298 -0.0032348633,0 0 0
1772547925.281749,20,01100001,00000000,1 0.001159668 -0.0030517578 0.0005493164,0 0 0
1772547926.206117,30,01110011,00000000,1 0.0013427734 -0.0022583008 -0.001953125,0 0 0
1772547926.523972,40,01110011,00000000,0.9940796 -0.04736328 0.045043945 0.08685303,16 4 12
1772547926.844756,50,01110011,00000000,0.42297363 -0.040771484 -0.10559082 0.8989868,54 36 4
1772547927.176323,60,01110011,00000000,0.19451904 0.026184082 -0.037841797 0.97979736,107 57 4
1772547927.51526,70,01110011,00000000,0.37298584 -0.046203613 -0.008666992 0.92663574,134 51 4
1772547927.858113,80,01110011,00000000,0.8123779 0.008056641 0.04156494 0.58154297,179 70 4
1772547928.198816,90,01110011,00000000,0.9959717 0.035339355 0.07244873 -0.039489746,248 75 20
1772547928.538491,100,01110011,00000000,0.8949585 0.06304932 0.04864502 -0.4389038,284 86 49
1772547928.876036,110,01110011,00000000,0.7998047 0.0357666 0.037963867 -0.59802246,255 96 69
1772547929.218052,120,01110011,00000000,0.85601807 0.013671875 0.014282227 -0.5165405,227 104 64
1772547929.50805,130,01110011,00000000,0.92578125 0.017700195 0.004760742 -0.3776245,216 111 54
1772547929.888158,140,01110011,00000000,0.9691162 0.01727295 0.005554199 -0.24591064,205 113 49
1772547930.181591,150,01110011,00000000,0.9897461 0.022460938 -0.0020751953 -0.14117432,196 120 53
1772547930.545891,160,01110011,00000000,0.99884033 0.019958496 0.0026855469 -0.043273926,190 112 57
1772547930.909887,170,01110011,00000000,0.9979248 0.018005371 -0.0087890625 -0.061462402,205 108 76
1772547931.181801,180,01110011,00000000,0.9971924 0.01550293 -0.0041503906 0.072753906,209 95 66
1772547931.51652,190,01110011,00000000,0.9393921 0.33502197 0.0033569336 0.072265625,300 64 73
1772547931.836121,200,01110011,00000000,0.92974854 0.17523193 0.053100586 -0.31933594,300 18 41
1772547932.181534,210,01110011,00000000,0.32995605 -0.1796875 0.20343018 0.90405273,290 4 56
1772547932.510778,220,01110011,00000000,0.96343994 0.20166016 0.045043945 0.17041016,300 28 29
1772547932.859802,230,01110011,00000000,0.9894409 -0.084350586 0.016296387 0.11663818,273 13 39
1772547933.202126,240,01110011,00000000,0.9885254 0.07507324 -0.05029297 0.12121582,293 15 28
1772547933.548076,250,01110011,00000000,0.8180542 0.026000977 -0.0927124 0.56695557,263 43 4
1772547933.752912,0,01110011,00000000,0.2878418 0.061523438 -0.1328125 0.94641113,245 69 4
1772547934.099778,10,01110011,00000000,0.17041016 -0.07336426 0.08453369 -0.9789429,243 76 4
1772547934.376405,20,01110011,00000000,0.79296875 -0.0690918 -0.0115356445 -0.6051636,251 93 4
1772547934.723799,30,01110011,00000000,0.9935303 -0.0045776367 -0.09503174 0.061462402,263 103 4
1772547935.065519,40,01110011,00000000,0.8167114 0.042663574 -0.094055176 0.567749,260 112 4
1772547935.413019,50,01110011,00000000,0.61157227 0.023864746 -0.05883789 0.7885742,241 110 4
1772547935.75404,60,01110011,00000000,0.6742554 0.009216309 -0.01373291 0.7382202,229 97 4
1772547936.032655,70,01110011,00000000,0.90167236 0.03253174 0.039489746 0.42938232,250 94 4
1772547936.365136,80,01110011,00000000,0.98809814 0.07104492 0.07342529 -0.11456299,292 98 25
1772547936.716651,90,01110011,00000000,0.84490967 0.09613037 0.062072754 -0.52246094,300 108 52
1772547937.052088,100,01110011,00000000,0.6873779 0.064453125 0.049743652 -0.7216797,272 117 72
1772547937.396749,110,01110011,00000000,0.717041 0.02923584 0.04144287 -0.6951294,237 124 74
1772547937.747107,120,01110011,00000000,0.81658936 0.037841797 0.027770996 -0.57525635,222 121 61
1772547938.098012,130,01110011,00000000,0.87524414 0.044067383 0.022521973 -0.48114014,217 118 60
1772547938.377455,140,01110011,00000000,0.9135132 0.040649414 0.01574707 -0.4043579,203 117 65
1772547938.723517,150,01110011,00000000,0.95391846 0.05859375 0.0005493164 -0.29437256,213 116 61
1772547939.070183,160,01110011,00000000,0.947937 0.19744873 -0.0087890625 -0.24963379,300 62 64
1772547939.417531,170,01110011,00000000,0.9446411 0.2854004 -0.047424316 -0.15460205,300 4 56
1772547939.759516,180,01110011,00000000,0.40454102 -0.07946777 -0.030456543 -0.91052246,300 7 74
1772547940.10302,190,01110011,00000000,0.9384155 0.18554688 -0.17803955 -0.23046875,300 26 4
1772547940.381641,200,01110011,00000000,0.54107666 0.05291748 -0.06756592 0.83654785,298 38 4
1772547940.742569,210,01110011,00000000,0.38671875 -0.071777344 -0.20117188 0.89715576,273 10 4
1772547941.034114,220,01110011,00000000,0.43048096 0.059265137 0.042053223 0.8996582,300 37 4
1772547941.374119,230,01110011,00000000,0.9135132 -0.02758789 -0.018920898 0.40527344,300 31 4
1772547941.741508,240,01110011,00000000,0.9908447 0.09112549 0.0703125 -0.070129395,292 16 31
1772547942.102493,250,01110011,00000000,0.6646118 0.15081787 0.08782959 -0.7264404,300 25 55
1772547942.245179,0,01110011,00000000,0.4668579 0.09350586 0.0491333 -0.8779297,300 35 75
1772547942.610111,10,01110011,00000000,0.4293213 0.055786133 0.04925537 -0.9000244,276 53 86
1772547942.963856,20,01110011,00000000,0.65045166 0.05596924 0.033081055 -0.75671387,252 78 47
1772547943.246117,30,01110011,00000000,0.7987671 0.043640137 0.0056762695 -0.6000366,233 93 29
1772547943.628521,40,01110011,00000000,0.9139404 0.03857422 -0.019592285 -0.40356445,229 88 15
1772547943.925676,50,01110011,00000000,0.98327637 0.043762207 -0.035339355 -0.17303467,246 73 5
1772547944.296369,60,01110011,00000000,0.98651123 0.070251465 -0.027893066 -0.14520264,289 59 30
1772547944.598689,70,01110011,00000000,0.98986816 0.06274414 -0.026000977 -0.12475586,300 50 51
1772547944.970926,80,01110011,00000000,0.986145 0.043029785 -0.011657715 -0.159729,286 47 70
1772547945.247596,90,01110011,00000000,0.9852295 0.082092285 -0.039916992 -0.1449585,295 56 80
1772547945.604134,100,01110011,00000000,0.989563 0.072509766 -0.037902832 -0.11834717,300 54 87
1772547945.969854,110,01110011,00000000,0.99017334 0.061584473 -0.0289917 -0.12194824,285 54 96
1772547946.24822,120,01110011,00000000,0.98760986 0.082336426 -0.032470703 -0.12963867,290 57 102
1772547946.621221,130,01110011,00000000,0.98309326 0.082458496 -0.035705566 -0.15924072,284 67 110
1772547946.908893,140,01110011,00000000,0.984375 0.07733154 -0.038146973 -0.15338135,272 79 114
1772547947.261342,150,01110011,00000000,0.9852295 0.07550049 -0.032592773 -0.14984131,247 84 117
1772547947.609519,160,01110011,00000000,0.98223877 0.08520508 -0.03466797 -0.16357422,229 92 118
1772547947.956707,170,01110011,00000000,0.98046875 0.07965088 -0.03265381 -0.17700195,205 100 118
1772547948.244515,180,01110011,00000000,0.9789429 0.084350586 -0.03564453 -0.18237305,194 109 118
1772547948.594685,190,01110011,00000000,0.9789429 0.08227539 -0.034301758 -0.18353271,182 111 118
1772547948.950699,200,01110011,00000000,0.97717285 0.08294678 -0.036621094 -0.19207764,175 117 118
1772547949.289536,210,01110011,00000000,0.9776001 0.08258057 -0.0368042 -0.1899414,166 118 118
1772547949.629048,220,01110011,00000000,0.97753906 0.08312988 -0.04071045 -0.18927002,161 118 118
1772547949.900856,230,01110011,00000000,0.97784424 0.081848145 -0.041748047 -0.18823242,155 117 118
1772547950.2384,240,01110011,00000000,0.97875977 0.08441162 -0.043273926 -0.18182373,153 118 118
1772547950.575964,250,01110011,00000000,0.97802734 0.0859375 -0.043029785 -0.1850586,151 117 118
1772547950.782759,0,01110011,00000000,0.9769287 0.08428955 -0.046325684 -0.19085693,150 117 118
1772547951.133188,10,01110011,00000000,0.9766846 0.08685303 -0.047790527 -0.19018555,150 116 118
1772547951.493111,20,01110011,00000000,0.97839355 0.087646484 -0.04260254 -0.1819458,150 113 118
1772547951.789592,30,01110011,00000000,0.96899414 0.23736572 -0.04486084 -0.052490234,300 51 93
1772547952.166612,40,01110011,00000000,0.8635254 0.15325928 0.042114258 -0.47857666,300 11 99
1772547952.455558,50,01110011,00000000,0.05316162 0.23120117 0.07409668 -0.9686279,288 4 104
1772547952.818428,60,01110011,00000000,0.07458496 0.08319092 0.18530273 -0.9762573,300 4 108
1772547953.105186,70,01110011,00000000,0.064086914 0.043273926 -0.02746582 -0.99658203,285 4 44
1772547953.44123,80,01110011,00000000,0.47698975 0.14624023 0.1340332 -0.8562012,285 4 44
1772547953.81211,90,01110011,00000000,0.3373413 0.061828613 -0.024536133 -0.9390259,300 26 56
1772547954.103208,100,01110011,00000000,0.69055176 0.097595215 0.06774902 -0.71343994,298 15 14
1772547954.463099,110,01110011,00000000,0.77545166 0.062561035 -0.034851074 -0.62731934,274 46 24
1772547954.814254,120,01110011,00000000,0.89208984 0.10369873 -0.04626465 -0.43737793,300 30 4
1772547955.139357,130,01110011,00000000,0.96533203 0.051757812 -0.0390625 -0.25268555,270 21 6
1772547955.476045,140,01110011,00000000,0.9747925 0.075805664 -0.064208984 -0.19976807,296 47 26
1772547955.806948,150,01110011,00000000,0.9815674 0.059143066 -0.043029785 -0.17669678,261 49 49
1772547956.158723,160,01110011,00000000,0.96813965 0.05444336 -0.046020508 -0.2401123,246 63 70
1772547956.437469,170,01110011,00000000,0.9803467 0.05493164 -0.04638672 -0.18365479,229 68 74
1772547956.779978,180,01110011,00000000,0.9789429 0.04296875 -0.04486084 -0.19439697,206 81 89
1772547957.146364,190,01110011,00000000,0.9800415 0.061035156 -0.054016113 -0.18115234,209 91 95
1772547957.501766,200,01110011,00000000,0.9744873 0.1907959 -0.06768799 -0.09667969,300 79 81
1772547957.787847,210,01110011,00000000,0.93585205 0.22839355 0.008300781 -0.2680664,300 8 62
1772547958.156632,220,01110011,00000000,0.25299072 -0.14099121 0.26745605 0.91900635,295 4 66
1772547958.44845,230,01110011,00000000,0.94836426 0.19226074 0.008911133 0.25201416,300 22 26
1772547958.812915,240,01110011,00000000,0.9517212 -0.22210693 0.047912598 0.20635986,266 11 37
1772547959.123842,250,01110011,00000000,0.9667969 0.12365723 -0.123168945 0.1864624,300 22 13
1772547959.33185,0,01110011,00000000,0.661438 -0.005859375 -0.111450195 0.74157715,275 42 4
1772547959.699425,10,01110011,00000000,0.18676758 0.06915283 -0.095458984 0.9753418,265 60 4
1772547959.987803,20,01110011,00000000,0.60461426 -0.077819824 -0.020812988 -0.7923584,270 78 4
1772547960.341421,30,01110011,00000000,0.97283936 -0.059448242 -0.11456299 -0.19189453,279 94 4
1772547960.643557,40,01110011,00000000,0.89611816 0.0036010742 -0.1274414 0.42504883,283 104 4
1772547961.013075,50,01110011,00000000,0.6029053 -0.0028686523 -0.068359375 0.7947998,263 109 4
1772547961.362627,60,01110011,00000000,0.53338623 -0.037719727 -0.030212402 0.8444214,240 98 4
1772547961.639339,70,01110011,00000000,0.75183105 -0.024902344 0.013183594 0.6586914,243 98 4
1772547962.003697,80,01110011,00000000,0.98547363 0.015563965 0.04058838 0.16412354,287 95 9
1772547962.36644,90,01110011,00000000,0.9286499 0.079711914 0.035217285 -0.36053467,300 104 39
1772547962.65035,100,01110011,00000000,0.7127075 0.08898926 0.017700195 -0.6954956,296 114 62
1772547963.014159,110,01110011,00000000,0.59552 0.049926758 0.0006713867 -0.8017578,257 118 81
1772547963.301379,120,01110011,00000000,0.7086792 0.024414062 -0.0015869141 -0.7050781,229 125 67
1772547963.670943,130,01110011,00000000,0.8104248 0.023620605 -0.014160156 -0.5852051,219 125 56
1772547963.975055,140,01110011,00000000,0.87939453 0.02758789 -0.025390625 -0.47460938,218 121 52
1772547964.352254,150,01110011,00000000,0.9192505 0.02960205 -0.023925781 -0.39190674,210 119 56
1772547964.649506,160,01110011,00000000,0.9437866 0.028381348 -0.030395508 -0.3277588,197 115 65
1772547965.013234,170,01110011,00000000,0.9597168 0.026977539 -0.028869629 -0.27807617,191 111 74
1772547965.366575,180,01110011,00000000,0.9680786 0.024780273 -0.020507812 -0.24847412,179 108 84
1772547965.654126,190,01110011,00000000,0.9723511 0.03125 -0.018066406 -0.23052979,178 103 94
1772547966.006194,200,01110011,00000000,0.9725342 0.036621094 -0.018615723 -0.22894287,172 110 104
1772547966.302826,210,01110011,00000000,0.97320557 0.038635254 -0.020568848 -0.22564697,165 116 112
1772547966.674976,220,01110011,00000000,0.9730835 0.03845215 -0.016967773 -0.22650146,159 116 118
1772547966.976432,230,01110011,00000000,0.97320557 0.04309082 -0.014587402 -0.2253418,157 115 118
1772547967.344163,240,01110011,00000000,0.9736328 0.039794922 -0.01727295 -0.22387695,154 117 118
1772547967.639307,250,01110011,00000000,0.9694824 0.08911133 -0.022094727 -0.22741699,209 108 118
1772547967.855977,0,01110011,00000000,0.90625 0.39764404 0.018798828 -0.14239502,300 8 109
1772547968.224271,10,01110011,00000000,0.8607178 0.20098877 0.10650635 -0.45550537,300 21 111
1772547968.50877,20,01110011,00000000,0.53796387 -0.3359375 0.16967773 0.75427246,286 4 97
1772547968.887596,30,01110011,00000000,0.9613037 0.19677734 0.12786865 -0.14447021,294 4 87
1772547969.182972,40,01110011,00000000,0.2939453 0.14678955 -0.04711914 -0.94329834,300 32 95
1772547969.540013,50,01110011,00000000,0.64971924 -0.09448242 -0.04522705 0.75286865,300 57 28
1772547969.838564,60,01110011,00000000,0.74090576 0.01586914 -0.0049438477 0.6713867,285 68 4
1772547970.196565,70,01110011,00000000,0.61450195 -0.017150879 -0.12573242 0.77856445,259 88 4
1772547970.567765,80,01110011,00000000,0.09020996 0.058166504 -0.08148193 0.99090576,253 99 4
1772547970.862365,90,01110011,00000000,0.8074951 -0.07336426 -0.0045776367 -0.5852661,243 108 4
1772547971.165467,100,01110011,00000000,0.9803467 -0.044921875 -0.144104 0.12713623,257 118 4
1772547971.520131,110,01110011,00000000,0.46966553 0.03540039 -0.19885254 0.859375,258 125 4
1772547971.892713,120,01110011,00000000,0.43481445 -0.11187744 0.05419922 -0.8918457,270 121 4
1772547972.190125,130,01110011,00000000,0.9680786 -0.07196045 -0.12988281 -0.20178223,293 123 4
1772547972.551647,140,01110011,00000000,0.81933594 0.02947998 -0.1741333 0.5454712,300 124 4
1772547972.857531,150,01110011,00000000,0.3314209 0.033935547 -0.101501465 0.9373169,285 125 4
1772547973.217088,160,01110011,00000000,0.0010375977 0.023010254 0.050476074 -0.9984131,259 109 4
1772547973.501798,170,01110011,00000000,0.16418457 -0.052856445 -0.01776123 0.9848633,249 90 4
1772547973.865553,180,01110011,00000000,0.61206055 -0.043884277 0.014282227 0.7894287,251 94 4
1772547974.225049,190,01110011,00000000,0.97662354 0.029663086 0.07110596 0.20080566,300 102 8
1772547974.512117,200,01110011,00000000,0.913147 0.10797119 0.047912598 -0.39007568,300 110 37
1772547974.927528,210,01110011,00000000,0.6951294 0.08746338 0.045776367 -0.71203613,295 116 60
1772547975.220909,220,01110011,00000000,0.6020508 0.04321289 0.019897461 -0.7969971,263 119 75
1772547975.508253,230,01110011,00000000,0.76690674 0.02154541 0.022216797 -0.6409302,237 124 48
1772547975.886835,240,01110011,00000000,0.91973877 0.016662598 -0.012756348 -0.3918457,239 130 14
1772547976.176282,250,01110011,00000000,0.9951172 0.018188477 -0.036987305 -0.08892822,229 132 4
1772547976.383429,0,01110011,00000000,0.99224854 0.030883789 -0.037963867 0.11425781,228 119 4
1772548164.429443,0,01100001,00000000,0.98254395 0.03869629 -0.052612305 0.17388916,225 120 9
1772548165.539903,10,01100001,00000000,-0.007080078 -0.58013916 0.81451416 -0.00079345703,0 0 0
1772548166.524396,20,01110011,00000000,0.99993896 0 0.001159668 0.00030517578,0 0 0
1772548166.874467,30,01110011,00000000,0.99993896 -6.1035156E-05 -0.0026855469 0.001159668,8 8 8
1772548167.1957,40,01110011,00000000,0.6412964 -0.034851074 -0.05987549 0.7640381,44 34 4
1772548167.4991,50,01110011,00000000,0.5279541 0.016235352 -0.0022583008 0.84906006,107 54 4
1772548167.871593,60,01110011,00000000,0.8364258 -0.015625 0.020385742 0.5473633,134 56 4
1772548168.142887,70,01110011,00000000,0.9980469 0.027709961 0.051696777 -0.016235352,214 64 20
1772548168.504397,80,01110011,00000000,0.9302368 0.030883789 0.03515625 -0.36383057,218 84 50
1772548168.806841,90,01110011,00000000,0.9216919 0.0154418945 0.005859375 -0.38739014,200 94 62
1772548169.175459,100,01110011,00000000,0.9755249 0.013122559 -0.0012817383 -0.21923828,192 104 48
1772548169.548107,110,01110011,00000000,0.9959717 0.018188477 -0.0032348633 -0.08746338,188 110 44
1772548169.835249,120,01110011,00000000,0.99823 0.030761719 0.0004272461 -0.05029297,187 111 62
1772548170.186444,130,01110011,00000000,0.99884033 0.02709961 -0.0031738281 -0.037231445,176 116 79
1772548170.527773,140,01110011,00000000,0.9993286 0.03277588 -0.0041503906 -0.0095825195,171 118 89
1772548170.815363,150,01110011,00000000,0.9991455 0.034118652 -0.0040283203 -0.020141602,164 117 99
1772548171.191262,160,01110011,00000000,0.99920654 0.03363037 -0.004699707 -0.015563965,157 118 108
1772548171.501553,170,01110011,00000000,0.9991455 0.035461426 -0.0033569336 -0.018127441,151 117 115
1772548171.807696,180,01110011,00000000,0.99890137 0.032348633 -0.003540039 -0.03149414,150 115 118
1772548172.189185,190,01110011,00000000,0.9987793 0.035949707 -0.007080078 -0.031066895,151 118 118
1772548172.486878,200,01110011,00000000,0.99871826 0.033691406 -0.0037231445 -0.034973145,150 117 118
1772548172.867421,210,01110011,00000000,0.9987793 0.035827637 -0.005493164 -0.03186035,150 117 118
1772548173.163595,220,01110011,00000000,0.99871826 0.034423828 -0.004333496 -0.036499023,150 117 118
1772548173.538064,230,01110011,00000000,0.99884033 0.035217285 -0.0068359375 -0.030212402,150 118 118
1772548173.830013,240,01110011,00000000,0.99884033 0.035095215 -0.0037841797 -0.03137207,150 114 118
1772548174.187257,250,01110011,00000000,0.9984131 0.03729248 -0.010498047 -0.038024902,151 117 118
1772548174.344733,0,01110011,00000000,0.99884033 0.038330078 -0.0053710938 -0.026245117,150 114 118
1772548174.71039,10,01110011,00000000,0.9984131 0.03955078 -0.010620117 -0.036621094,150 117 118
1772548175.065247,20,01110011,00000000,0.99890137 0.034362793 -0.0075683594 -0.030090332,151 117 118
1772548175.352392,30,01110011,00000000,0.99871826 0.037353516 -0.007873535 -0.03265381,151 115 118
1772548175.722567,40,01110011,00000000,0.9986572 0.03125 -0.011291504 -0.038208008,151 117 118
1772548176.017049,50,01110011,00000000,0.97003174 0.10760498 0.014282227 0.21691895,271 57 66
1772548176.430908,60,01110011,00000000,0.7496948 -0.010070801 -0.13427734 -0.6477661,261 28 76
1772548176.720554,70,01110011,00000000,0.92614746 0.18048096 0.13873291 -0.30047607,267 4 52
1772548177.016277,80,01110011,00000000,0.16589355 0.1595459 -0.11578369 -0.9661255,300 7 69
1772548177.40421,90,01110011,00000000,0.65844727 -0.0026245117 0.014221191 0.7524414,300 31 5
1772548177.686501,100,01110011,00000000,0.8381958 -0.009765625 -0.022155762 0.5446167,268 51 4
1772548178.060249,110,01110011,00000000,0.78253174 0.03765869 -0.037109375 0.62023926,264 73 4
1772548178.341556,120,01110011,00000000,0.3791504 0.037841797 -0.06976318 0.92181396,235 93 4
1772548178.70059,130,01110011,00000000,0.028808594 -0.043762207 0.050354004 -0.9972534,221 102 4
1772548179.067983,140,01110011,00000000,0.26611328 -0.018066406 0.034973145 -0.9630127,217 102 8
1772548179.37333,150,01110011,00000000,0.19360352 0.0063476562 0.026184082 -0.98065186,211 85 41
1772548179.677975,160,01110011,00000000,0.020446777 0.00079345703 0.008422852 -0.9996948,208 92 64
1772548180.053466,170,01110011,00000000,0.045715332 0.003967285 -0.0040283203 0.99884033,203 104 4
1772548180.348935,180,01110011,00000000,0.061828613 0.0008544922 -0.0053100586 0.99798584,190 114 4
1772548180.70644,190,01110011,00000000,0.047302246 0.0053710938 0.0021362305 0.9987793,180 122 4
1772548181.007531,200,01110011,00000000,0.04083252 0.005493164 0.006591797 0.9990845,172 126 4
1772548181.374579,210,01110011,00000000,0.03845215 0.0068969727 0.013244629 0.99902344,166 126 4
1772548181.678061,220,01110011,00000000,0.04437256 0.007446289 0.005493164 0.99890137,159 126 4
1772548182.057932,230,01110011,00000000,0.04284668 -0.051330566 0.041625977 0.9968262,166 97 4
1772548182.34779,240,01110011,00000000,0.091918945 -0.0501709 0.023498535 -0.99420166,171 93 22
1772548182.721718,250,01110011,00000000,0.00030517578 0.014465332 0.07019043 0.9973755,202 50 4
1772548182.943295,0,01110011,00000000,0.052978516 0.004211426 0.00592041 -0.9984741,217 20 26
1772548183.242054,10,01110011,00000000,0.025756836 -0.009338379 -0.0134887695 -0.9995117,241 28 44
1772548183.609972,20,01110011,00000000,0.009094238 0.013793945 0.02911377 0.99938965,261 39 14
1772548183.921636,30,01110011,00000000,0.029724121 -0.011779785 -0.06201172 -0.99749756,242 49 7
1772548184.235905,40,01110011,00000000,0.0078125 -0.01373291 -0.044311523 -0.99884033,225 67 36
1772548184.615413,50,01110011,00000000,0.15826416 -0.019714355 0.0647583 0.98498535,227 77 4
1772548184.906472,60,01110011,00000000,0.26202393 0.008972168 0.056396484 0.9633179,208 95 4
1772548185.20909,70,01110011,00000000,0.18365479 0.008911133 0.04815674 0.98168945,190 103 4
1772548185.589478,80,01110011,00000000,0.06793213 0.024780273 0.05303955 0.9958496,180 112 4
1772548185.935832,90,01110011,00000000,0.04827881 0.013916016 0.05822754 0.9970093,173 117 4
1772548186.218047,100,01110011,00000000,0.14538574 -0.057739258 -0.028381348 -0.9871826,163 124 4
1772548186.558875,110,01110011,00000000,0.5085449 -0.06958008 -0.035339355 -0.85736084,190 117 4
1772548186.89917,120,01110011,00000000,0.4539795 -0.0368042 -0.041992188 -0.8892212,202 88 32
1772548187.28096,130,01110011,00000000,0.15698242 -0.012390137 -0.07446289 -0.9846802,219 88 58
1772548187.596152,140,01110011,00000000,0.0736084 0.006164551 0.09210205 0.9929199,219 72 12
1772548187.884163,150,01110011,00000000,0.18225098 0.010986328 0.081970215 0.9796753,201 68 4
1772548188.257055,160,01110011,00000000,0.05206299 0.020812988 0.09515381 0.99383545,191 71 4
1772548188.560038,170,01110011,00000000,0.39801025 -0.1026001 -0.038208008 -0.9107666,193 86 4
1772548188.94019,180,01110011,00000000,0.47705078 -0.08227539 -0.079956055 -0.87127686,230 77 20
1772548189.240346,190,01110011,00000000,0.22619629 -0.036071777 -0.076171875 -0.9703369,224 53 50
1772548189.619207,200,01110011,00000000,0.03491211 0.023071289 0.111083984 0.9928589,232 50 30
1772548189.92708,210,01110011,00000000,0.02923584 -0.061950684 -0.1105957 -0.99139404,216 44 4
1772548190.219448,220,01110011,00000000,0.5983887 -0.13977051 -0.04333496 -0.78759766,220 63 4
1772548190.572764,230,01110011,00000000,0.6513672 -0.10412598 -0.043395996 -0.75024414,238 27 23
1772548190.927346,240,01110011,00000000,0.36639404 -0.045715332 -0.06506348 -0.9269409,238 6 53
1772548191.230241,250,01110011,00000000,0 -0.019042969 -0.14221191 -0.989563,272 35 73
1772548191.437417,0,01110011,00000000,0.23040771 -0.0007324219 0.101257324 0.9677124,244 9 4
1772548191.810493,10,01110011,00000000,0.2607422 0.010375977 0.11224365 0.9586792,232 17 4
1772548192.117686,20,01110011,00000000,0.44555664 -0.07556152 0.12988281 0.8824463,215 4 8
1772548192.42228,30,01110011,00000000,0.89904785 -0.07507324 0.14422607 0.40618896,254 4 21
1772548192.781646,40,01110011,00000000,0.942749 -0.09454346 0.07019043 0.31170654,257 23 15
1772548193.085202,50,01110011,00000000,0.6063843 -0.0061035156 0.04675293 0.79364014,231 53 4
1772548193.444384,60,01110011,00000000,0.03253174 -0.09643555 -0.07299805 -0.9920044,223 73 4
1772548193.740704,70,01110011,00000000,0.72998047 -0.16723633 0.010681152 -0.6625366,218 90 4
1772548194.119473,80,01110011,00000000,0.92559814 -0.12713623 -0.05255127 -0.35235596,261 97 15
1772548194.441292,90,01110011,00000000,0.90856934 -0.09289551 0.04425049 -0.40460205,249 12 45
1772548194.762543,100,01110011,00000000,0.9897461 -0.1329956 0.03314209 -0.03741455,238 46 13
1772548195.106207,110,01110011,00000000,0.9024658 -0.09063721 0.0569458 -0.41705322,257 10 44
1772548195.456206,120,01110011,00000000,0.993103 -0.103027344 -0.03741455 0.039611816,267 40 4
1772548195.743558,130,01110011,00000000,0.9038086 -0.02709961 0.06500244 0.42199707,260 37 4
1772548196.108389,140,01110011,00000000,0.9663086 -0.06817627 0.057434082 0.2411499,243 38 13
1772548196.434926,150,01110011,00000000,0.9928589 -0.088256836 0.070495605 0.03656006,227 24 30
1772548196.801408,160,01110011,00000000,0.7798462 -0.049865723 0.0068969727 -0.6237793,280 25 56
1772548197.110073,170,01110011,00000000,0.47436523 -0.07293701 -0.03149414 -0.87664795,266 42 76
1772548197.4085,180,01110011,00000000,0.30444336 -0.03112793 -0.077697754 -0.9487915,280 41 89
1772548197.76476,190,01110011,00000000,0.30688477 -0.057434082 -0.072509766 -0.94714355,266 65 96
1772548198.122152,200,01110011,00000000,0.39105225 -0.0413208 -0.054016113 -0.91778564,246 56 90
1772548198.414272,210,01110011,00000000,0.36193848 -0.039001465 -0.08380127 -0.92755127,247 68 99
1772548198.744605,220,01110011,00000000,0.3812256 -0.040771484 -0.070007324 -0.9208374,219 82 103
1772548199.114548,230,01110011,00000000,1 -0.005004883 0.0030517578 -0.00091552734,213 92 111
1772548199.416068,240,01110011,00000000,0.9992676 -0.018676758 0.033447266 0.005126953,204 96 116
1772548199.77912,250,01110011,00000000,0.9987793 -0.020874023 0.042175293 -0.01739502,201 106 117
1772548199.998876,0,01110011,00000000,0.9990845 -0.0095825195 0.039978027 -0.010437012,200 114 117
1772548200.288944,10,01110011,00000000,0.9989624 -0.0072021484 0.0423584 -0.014221191,200 117 117
1772548200.674259,20,01110011,00000000,0.99902344 -0.00061035156 0.04144287 -0.014953613,193 117 117
1772548200.972785,30,01110011,00000000,0.99902344 0.007019043 0.04168701 -0.011474609,189 117 117
1772549364.172112,0,01100001,00000000,0.9989624 0.017822266 0.039916992 -0.012512207,184 117 117
1772549365.381029,10,01100001,00000000,-0.012573242 -0.506897 0.86187744 -0.0072021484,0 0 0
1772549366.602715,20,01100001,00000000,0.99993896 -0.0034179688 -0.0041503906 0.0029907227,0 0 0
1772549366.956122,30,01110011,00000000,0.99993896 -0.0004272461 -0.0026855469 0.0049438477,0 0 0
1772549367.298531,40,01110011,00000000,0.7481079 -0.0075683594 -0.07354736 0.6593628,42 25 4
1772549367.642332,50,01110011,00000000,0.05053711 -0.0017089844 -0.08959961 0.9946289,76 53 4
1772549367.919785,60,01110011,00000000,0.040649414 -0.0033569336 -0.008605957 0.9990845,132 58 4
1772549368.26535,70,01110011,00000000,0.18902588 -0.0335083 -0.019958496 0.98114014,146 67 4
1772549368.611367,80,01110011,00000000,0.6930542 -0.019958496 0.02960205 0.71990967,183 74 4
1772549368.96078,90,01110011,00000000,0.9593506 0.0056762695 0.05255127 0.2769165,243 81 6
1772549369.273897,100,01110011,00000000,0.99072266 0.05218506 0.046020508 -0.11651611,300 89 33
1772549369.58491,110,01110011,00000000,0.94091797 0.033447266 0.034179688 -0.33496094,285 99 59
1772549369.943306,120,01110011,00000000,0.94018555 0.021728516 0.0037231445 -0.3397827,256 109 64
1772549370.237055,130,01110011,00000000,0.97442627 0.0119018555 0.0040893555 -0.22424316,226 111 52
1772549370.636072,140,01110011,00000000,0.99450684 0.014099121 -0.011169434 -0.10241699,211 121 42
1772549370.925266,150,01110011,00000000,0.99920654 0.010192871 -0.011352539 0.033935547,195 118 31
1772549371.230551,160,01110011,00000000,0.986084 0.011657715 -0.0064086914 0.16546631,191 101 20
1772549371.607603,170,01110011,00000000,0.9851074 0.018188477 -0.0068969727 0.17053223,210 83 33
1772549371.970188,180,01110011,00000000,0.97473145 -0.0073242188 -0.012817383 0.22253418,220 70 28
1772549372.278018,190,01110011,00000000,0.98168945 0.015197754 -0.016540527 0.18896484,270 67 36
1772549372.569432,200,01110011,00000000,0.9771118 0.04284668 -0.023254395 0.20684814,300 52 37
1772549372.943176,210,01110011,00000000,0.97369385 0.0036010742 -0.021057129 0.22662354,286 32 37
1772549373.240083,220,01110011,00000000,0.9746094 0.049987793 -0.020935059 0.21716309,295 32 41
1772549373.613022,230,01110011,00000000,0.9793091 0.017944336 -0.024963379 0.19970703,284 38 49
1772549373.982291,240,01110011,00000000,0.98413086 0.03338623 -0.028686523 0.17138672,285 59 56
1772549374.269454,250,01110011,00000000,0.9817505 0.032409668 -0.034362793 0.184021,270 72 60
1772549374.489445,0,01110011,00000000,0.9789429 0.03692627 -0.034423828 0.19750977,252 86 55
1772549374.783918,10,01110011,00000000,0.9796753 0.038635254 -0.033569336 0.19378662,242 89 57
1772549375.158157,20,01110011,00000000,0.980896 0.0368042 -0.035217285 0.1875,220 95 61
1772549375.46308,30,01110011,00000000,0.9316406 -0.1928711 -0.20776367 0.22711182,228 100 52
1772549375.765106,40,01110011,00000000,0.8226929 0.14428711 -0.12786865 0.53460693,300 16 4
1772549376.144653,50,01110011,00000000,0.89141846 0.06591797 -0.0513916 0.44525146,291 4 13
1772549376.51099,60,01110011,00000000,0.65148926 -0.128479 -0.0044555664 0.7475586,288 21 4
1772549376.800543,70,01110011,00000000,0.9612427 0.22717285 0.13769531 0.07305908,298 4 13
1772549377.098803,80,01110011,00000000,0.4199829 0.2029419 -0.024230957 -0.8841553,300 13 40
1772549377.458904,90,01110011,00000000,0.25042725 -0.10089111 -0.08892822 0.9586792,300 16 26
1772549377.829888,100,01110011,00000000,0.67230225 -0.039123535 -0.018005371 0.7388916,279 34 4
1772549378.127189,110,01110011,00000000,0.77233887 0.05102539 -0.08508301 0.62731934,274 62 4
1772549378.430666,120,01110011,00000000,0.6152344 0.012756348 -0.116760254 0.77948,249 79 4
1772549378.787722,130,01110011,00000000,0.19012451 0.018432617 -0.14709473 0.970459,223 96 4
1772549379.162662,140,01110011,00000000,0.307312 -0.019714355 0.09320068 -0.94677734,224 95 4
1772549379.448931,150,01110011,00000000,0.8406372 -0.015075684 -0.006225586 -0.54125977,225 104 4
1772549379.804373,160,01110011,00000000,0.9812012 0.015686035 -0.13433838 0.13726807,236 114 4
1772549380.138378,170,01110011,00000000,0.7180176 0.04876709 -0.16149902 0.6751709,241 124 4
1772549380.466172,180,01110011,00000000,0.34490967 0.027709961 -0.13574219 0.9282837,232 125 4
1772549380.781674,190,01110011,00000000,0.06201172 -0.014343262 -0.10308838 0.99261475,219 122 4
1772549381.142047,200,01110011,00000000,0.095458984 -0.04272461 -0.07885742 0.991333,209 115 4
1772549381.475543,210,01110011,00000000,0.3951416 -0.0289917 -0.050720215 0.91674805,209 114 4
1772549381.837063,220,01110011,00000000,0.78515625 0.029541016 -0.004211426 0.61846924,241 119 4
1772549382.117896,230,01110011,00000000,0.9829712 0.083496094 0.027893066 0.16119385,295 121 10
1772549382.477091,240,01110011,00000000,0.9678345 0.11199951 0.04321289 -0.22076416,300 121 40
1772549382.769084,250,01110011,00000000,0.8769531 0.07421875 0.028747559 -0.47387695,288 121 63
1772549382.987269,0,01110011,00000000,0.8885498 0.022277832 -0.0024414062 -0.4580078,251 125 70
1772549383.335783,10,01110011,00000000,0.9244995 0.010070801 -0.0026855469 -0.3809204,234 127 58
1772549383.695666,20,01110011,00000000,0.96875 0.016601562 -0.012084961 -0.24694824,224 127 43
1772549383.9866,30,01110011,00000000,0.99609375 0.0026245117 -0.017211914 -0.08605957,206 129 27
1772549384.348963,40,01110011,00000000,0.99713135 0.009643555 -0.02923584 0.068603516,203 129 15
1772549384.640398,50,01110011,00000000,0.9795532 0.006652832 -0.029296875 0.19891357,193 123 4
1772549385.001899,60,01110011,00000000,0.9772339 0.010375977 -0.014709473 0.21118164,202 98 16
1772549385.304248,70,01110011,00000000,0.98309326 0.024414062 -0.023010254 0.17962646,221 101 27
1772549385.676981,80,01110011,00000000,0.98620605 -0.0072021484 -0.014221191 0.16442871,223 78 38
1772549385.969042,90,01110011,00000000,0.9351196 -0.25842285 -0.2255249 0.08843994,201 74 45
1772549386.319368,100,01110011,00000000,0.76379395 0.1765747 -0.09686279 0.61309814,297 22 4
1772549386.644553,110,01110011,00000000,0.5348511 -0.062561035 -0.08496094 0.83825684,279 4 8
1772549386.99446,120,01110011,00000000,0.35699463 -0.11437988 0.021606445 -0.9267578,280 15 4
1772549387.307052,130,01110011,00000000,0.91851807 0.04260254 -0.08514404 -0.38354492,284 29 4
1772549387.658273,140,01110011,00000000,0.64782715 -0.004638672 -0.025146484 -0.76123047,247 4 35
1772549388.007757,150,01110011,00000000,0.75616455 0.086364746 0.017578125 -0.6483154,263 16 22
1772549388.364868,160,01110011,00000000,0.076538086 0.1428833 -0.11804199 -0.97961426,300 4 48
1772549388.65896,170,01110011,00000000,0.6904297 -0.05847168 0.06311035 0.7182007,300 30 4
1772549389.021715,180,01110011,00000000,0.9644165 -0.096191406 0.085876465 0.23052979,286 8 16
1772549389.29839,190,01110011,00000000,0.91741943 0.06707764 0.04815674 -0.3892212,298 19 45
1772549389.668,200,01110011,00000000,0.72406006 0.034973145 -0.021606445 -0.6883545,300 48 67
1772549390.030462,210,01110011,00000000,0.5934448 0.020507812 0.0026855469 -0.8045044,272 68 81
1772549390.313629,220,01110011,00000000,0.6906128 -0.0017089844 -0.021057129 -0.7227783,287 88 62
1772549390.651004,230,01110011,00000000,0.7815552 -0.019836426 -0.019897461 -0.6231079,258 96 45
1772549390.982401,240,01110011,00000000,0.9423218 -0.039611816 -0.04046631 -0.32983398,239 112 4
1772549391.359716,250,01110011,00000000,0.99694824 -0.043273926 -0.05340576 -0.034362793,227 122 4
1772549391.588513,0,01110011,00000000,0.9578247 -0.038085938 -0.05505371 0.27929688,216 126 4
1772549391.861302,10,01110011,00000000,0.9034424 -0.042175293 -0.045410156 0.42401123,206 126 4
1772549392.206776,20,01110011,00000000,0.84124756 -0.020507812 -0.026916504 0.5394287,209 126 4
1772550061.461127,0,01100001,00000000,0.85131836 -0.028381348 -0.0056152344 0.5237427,203 101 4
1772550062.485864,10,01100001,00000000,0.0028686523 0.79815674 -0.602417 -6.1035156E-05,0 0 0
1772550063.696949,20,01100001,00000000,1 0 0 0,0 0 0
1772550064.896535,30,01100001,00000000,0.99993896 0.00030517578 -0.0015869141 0.006958008,0 0 0
1772550066.171025,40,01100001,00000000,0.99993896 -0.0026855469 -0.00091552734 0.0045776367,0 0 0
1772550067.51236,50,01100001,00000000,1 -0.0005493164 0.0012207031 0.004211426,0 0 0
1772550068.579067,60,01100001,00000000,0.99993896 -0.002380371 -0.0016479492 0.008056641,0 0 0
1772550069.810468,70,01100001,00000000,1 -0.00036621094 -0.0010375977 0.004211426,0 0 0
1772550071.077385,80,01100001,00000000,1 -0.0020141602 -6.1035156E-05 0.007080078,0 0 0
1772550072.260138,90,01100001,00000000,1 -0.00091552734 -0.0018310547 0.007080078,0 0 0
1772550073.522815,100,01100001,00000000,0.99993896 0.00018310547 -0.001953125 0.0073242188,0 0 0
1772550074.782358,110,01100001,00000000,0.99993896 -0.002380371 -0.0012207031 0.0073242188,0 0 0
1772550075.43557,120,01110011,00000000,0.9998779 -0.0095825195 -0.001159668 0.007507324,0 0 0
1772550075.736608,130,01110011,00000000,0.9998779 6.1035156E-05 0.011291504 0.009887695,36 8 19
1772550076.113249,140,01110011,00000000,0.9996338 -0.0049438477 -0.0061035156 0.024475098,75 38 47
1772550076.416778,150,01110011,00000000,0.99316406 -0.0065307617 -0.022338867 0.11444092,97 62 44
1772550076.782344,160,01110011,00000000,0.9828491 -0.0020751953 -0.018554688 0.18304443,121 75 38
1772550077.083831,170,01110011,00000000,0.9766846 -0.0026855469 -0.022705078 0.21313477,134 90 39
1772550077.462697,180,01110011,00000000,0.9813843 0.0049438477 -0.022399902 0.19055176,148 93 49
1772550077.759609,190,01110011,00000000,0.9876709 0.0043945312 -0.01751709 0.15539551,153 95 59
1772550078.06586,200,01110011,00000000,0.9674072 0.13848877 -0.20391846 0.05718994,300 102 69
1772550078.440066,210,01110011,00000000,0.99053955 -0.08911133 0.026916504 0.10028076,273 4 83
1772550078.757014,220,01110011,00000000,0.8585205 -0.053710938 -0.020751953 0.50946045,287 32 4
1772550079.091337,230,01110011,00000000,0.8567505 0.18652344 0.12579346 -0.46398926,300 15 25
1772550079.437349,240,01110011,00000000,0.32629395 -0.11968994 0.10809326 0.93133545,300 4 21
1772550079.790848,250,01110011,00000000,0.89501953 -0.07312012 -0.040283203 0.43804932,300 29 5
1772550079.93699,0,01110011,00000000,0.86279297 0.11212158 0.0029296875 0.49298096,296 34 4
1772550080.311355,10,01110011,00000000,0.82977295 -0.055541992 -0.09991455 0.5462036,271 36 4
1772550080.602982,20,01110011,00000000,0.782959 -0.015197754 -0.07312012 0.61743164,291 42 4
1772550080.970019,30,01110011,00000000,0.6292114 0.07635498 -0.09539795 0.76745605,289 59 4
1772550081.267857,40,01110011,00000000,0.028747559 -0.026367188 -0.023132324 0.99890137,265 64 4
1772550081.64205,50,01110011,00000000,0.24432373 -0.047607422 0.12719727 -0.960083,235 42 17
1772550081.941658,60,01110011,00000000,0.604126 0.011169434 -0.081604004 -0.7925415,300 24 4
1772550082.314301,70,01110011,00000000,0.9041748 -0.036071777 -0.003112793 -0.42559814,264 36 4
1772550082.607997,80,01110011,00000000,0.9425659 0.0016479492 -0.14990234 0.29840088,258 64 4
1772550082.974642,90,01110011,00000000,0.7312622 0.012939453 -0.08905029 0.6760254,259 75 4
1772550083.279116,100,01110011,00000000,0.5206299 0.05041504 -0.11407471 0.8446045,250 85 4
1772550083.648,110,01110011,00000000,0.00091552734 -0.01373291 -0.034057617 0.9992676,233 87 4
1772550083.943592,120,01110011,00000000,0.1437378 -0.0061035156 0.099975586 -0.9844971,212 48 22
1772550084.325105,130,01110011,00000000,0.33081055 0.039123535 -0.006164551 -0.9428711,300 21 4
1772550084.622002,140,01110011,00000000,0.33007812 0.022460938 0.06274414 -0.9415283,268 4 29
1772550084.991082,150,01110011,00000000,0.350708 0.04864502 0.029541016 -0.9347534,300 19 45
1772550085.298,160,01110011,00000000,0.1862793 0.04724121 -0.00018310547 -0.9813843,273 36 65
1772550085.602038,170,01110011,00000000,0.024597168 -0.04534912 -0.056030273 0.9970703,267 16 56
1772550085.965494,180,01110011,00000000,0.21105957 -0.041748047 0.022155762 0.9762573,292 29 4
1772550086.283394,190,01110011,00000000,0.6231079 -0.022277832 0.00061035156 0.7817993,270 57 4
1772550086.64199,200,01110011,00000000,0.85479736 -0.01953125 0.050231934 0.5161133,278 52 4
1772550086.9458,210,01110011,00000000,0.9883423 0.06060791 0.04638672 0.1315918,300 74 12
1772550087.324054,220,01110011,00000000,0.96655273 0.04498291 0.06567383 -0.24353027,282 70 44
1772550087.627559,230,01110011,00000000,0.8045044 0.074035645 0.04437256 -0.58758545,292 75 66
1772550087.997851,240,01110011,00000000,0.6855469 0.04626465 0.04095459 -0.7253418,268 71 86
1772550088.307203,250,01110011,00000000,0.63983154 0.040283203 0.024169922 -0.76708984,286 66 91
1772550088.535691,0,01110011,00000000,0.6557007 0.0071411133 0.03656006 -0.7540283,273 43 89
1772550088.817043,10,01110011,00000000,0.65527344 0.020446777 0.03552246 -0.75427246,291 19 92
1772550089.197603,20,01110011,00000000,0.7225952 0.022644043 0.0041503906 -0.69085693,300 18 78
1772550089.50429,30,01110011,00000000,0.77142334 -0.0095825195 0.026733398 -0.6356201,288 10 73
1772550089.801578,40,01110011,00000000,0.8006592 0.019714355 -0.013549805 -0.59851074,300 4 74
1772550090.173331,50,01110011,00000000,0.86590576 -0.009887695 -0.0045166016 -0.5,294 9 63
1772550090.479926,60,01110011,00000000,0.8945923 -0.00982666 -0.0134887695 -0.4465332,290 24 68
1772550090.859376,70,01110011,00000000,0.93200684 -0.0010375977 -0.019958496 -0.36175537,292 25 62
1772550091.161689,80,01110011,00000000,0.9564209 -0.006713867 -0.026062012 -0.29058838,279 48 62
1772550091.469418,90,01110011,00000000,0.97924805 -0.0099487305 -0.026916504 -0.20037842,267 60 57
1772550091.851545,100,01110011,00000000,0.9915161 -0.0053100586 -0.026245117 -0.12701416,252 54 60
1772550092.150888,110,01110011,00000000,0.9973755 -0.006713867 -0.03302002 -0.06414795,261 47 62
1772550092.532188,120,01110011,00000000,0.9986572 -0.021606445 -0.03881836 0.0256958,252 35 58
1772550092.832541,130,01110011,00000000,0.9962158 -0.010925293 -0.04711914 0.07196045,272 34 62
1772550093.144923,140,01110011,00000000,0.9909668 -0.016235352 -0.05065918 0.12261963,284 23 62
1772550093.519094,150,01110011,00000000,0.9869995 -0.035339355 -0.043640137 0.15039062,287 9 61
1772550093.816683,160,01110011,00000000,0.9834595 -0.0060424805 -0.055419922 0.17224121,295 25 59
1772550094.190801,170,01110011,00000000,0.9869385 -0.0146484375 -0.060424805 0.14849854,300 15 62
1772550094.496226,180,01110011,00000000,0.986084 -0.027832031 -0.050598145 0.15557861,290 11 62
1772550094.799818,190,01110011,00000000,0.9897461 0.013549805 -0.06744385 0.124572754,300 26 66
1772550095.177412,200,01110011,00000000,0.9894409 -0.021057129 -0.070251465 0.12475586,286 21 65
1772550095.483572,210,01110011,00000000,0.99139404 0.008972168 -0.06695557 0.11206055,295 15 69
1772550095.853379,220,01110011,00000000,0.99176025 0.014099121 -0.08508301 0.09429932,300 18 72
1772550096.15793,230,01110011,00000000,0.98931885 0.011413574 -0.088256836 0.115234375,288 8 73
1772550096.524545,240,01110011,00000000,0.98651123 0.00030517578 -0.10028076 0.12902832,251 38 77
1772550096.8372,250,01110011,00000000,0.9807129 -0.0063476562 -0.08874512 0.1739502,252 32 66
1772550097.069716,0,01110011,00000000,0.9857788 0.0071411133 -0.09063721 0.14135742,263 31 66
1772550097.36883,10,01110011,00000000,0.993042 -0.0037841797 -0.08251953 0.083618164,261 34 75
1772550097.668647,20,01110011,00000000,0.9879761 0.029418945 -0.10961914 0.1048584,293 51 81
1772550098.04241,30,01110011,00000000,0.986145 -0.010253906 -0.11126709 0.12249756,282 49 78
1772550098.345244,40,01110011,00000000,0.9857788 0.020812988 -0.10827637 0.12652588,295 50 74
1772550098.720439,50,01110011,00000000,0.98828125 0.020263672 -0.11730957 0.09564209,293 47 84
1772550099.02257,60,01110011,00000000,0.98547363 0.0036010742 -0.11444092 0.12487793,265 40 76
1772550099.334576,70,01110011,00000000,0.97906494 0.026184082 -0.17889404 0.093688965,273 58 86
1772550099.705973,80,01110011,00000000,0.87719727 0.26263428 0.034851074 -0.40026855,299 4 86
1772550100.003341,90,01110011,00000000,0.75439453 -0.05340576 0.3123169 0.57476807,300 4 73
1772550100.391282,100,01110011,00000000,0.6116333 0.40698242 0.09790039 -0.6712036,295 4 81
1772550100.693829,110,01110011,00000000,0.36627197 -0.06384277 0.062561035 0.92614746,300 5 74
1772550101.066318,120,01110011,00000000,0.16668701 -0.21972656 -0.010375977 0.9611206,286 4 47
1772550101.37094,130,01110011,00000000,0.54174805 0.009094238 -0.1998291 0.8163452,300 23 4
1772550101.667652,140,01110011,00000000,0.020141602 0.046691895 0.0423584 0.9977417,296 23 4
1772550102.055209,150,01110011,00000000,0.93395996 0.10595703 -0.34118652 -0.009155273,300 49 4
1772550102.361839,160,01110011,00000000,0.19104004 0.045898438 0.06591797 -0.9782715,300 71 4
1772550102.66978,170,01110011,00000000,0.8016968 -0.06726074 -0.004638672 -0.5939331,290 90 4
1772550103.039147,180,01110011,00000000,0.92285156 0.09729004 -0.3109131 -0.20507812,300 101 4
1772550103.338448,190,01110011,00000000,0.8115845 0.013427734 -0.2175293 0.5418701,288 87 4
1772550103.703633,200,01110011,00000000,0.44018555 -0.020812988 0.0960083 -0.89245605,295 95 4
1772550104.002016,210,01110011,00000000,0.96051025 -0.10601807 -0.17633057 -0.18695068,281 105 4
1772550104.378474,220,01110011,00000000,0.9364624 0.06298828 -0.21429443 0.27038574,300 112 4
1772550104.750271,230,01110011,00000000,0.7005005 -0.02520752 -0.22479248 0.6767578,274 102 4
1772550105.042247,240,01110011,00000000,0.2109375 0.012451172 0.070739746 -0.9747925,263 109 4
1772550105.348098,250,01110011,00000000,0.66589355 0.09460449 -0.0029907227 -0.7399292,274 98 4
1772550105.58152,0,01110011,00000000,0.5843506 0.13970947 -0.099487305 -0.79315186,300 78 26
1772550105.878987,10,01110011,00000000,0.5289917 0.16326904 0.051757812 -0.8311157,293 4 44
1772550106.265557,20,01110011,00000000,0.37280273 0.15093994 0.02368164 -0.91516113,300 16 66
1772550106.544331,30,01110011,00000000,0.12780762 0.1605835 -0.014038086 -0.9785156,300 20 82
1772550106.922953,40,01110011,00000000,0.48815918 -0.07434082 -0.052368164 0.86798096,300 33 16
1772550107.228474,50,01110011,00000000,0.80041504 -0.123535156 -0.005432129 0.5864868,277 8 13
1772550107.604678,60,01110011,00000000,0.9848633 0.15026855 0.008239746 0.085754395,300 34 13
1772550107.902236,70,01110011,00000000,0.8041382 0.14367676 0.055236816 -0.57403564,300 50 41
1772550108.204115,80,01110011,00000000,0.12390137 -0.25427246 -0.07110596 0.95648193,296 30 36
1772550108.584873,90,01110011,00000000,0.82232666 -0.021850586 0.028808594 0.567749,300 41 4
1772550108.883937,100,01110011,00000000,0.9838257 0.04449463 -0.0022583008 0.17327881,300 52 8
1772550109.266505,110,01110011,00000000,0.72198486 0.22808838 0.0871582 -0.64733887,300 64 38
1772550109.582649,120,01110011,00000000,0.18634033 -0.17602539 -0.010070801 0.9664917,300 47 20
1772550109.888189,130,01110011,00000000,0.6118164 -0.107055664 -0.052734375 0.78186035,300 57 4
1772550110.199357,140,01110011,00000000,0.93536377 0.05657959 0.022338867 0.34832764,291 75 5
1772550291.354825,0,01111001,00000000,0.95111084 0.115722656 -0.014282227 -0.28582764,300 87 30
1772550292.47738,10,01111001,00000000,0.9813843 -0.0075683594 0.012390137 0.19122314,300 86 39
1772550293.808971,20,01111001,00000000,0.97991943 0.0014648438 0 0.19946289,300 86 39
1772550295.009832,30,01111001,00000000,0.9807129 0.0037231445 -0.0065307617 0.19506836,300 86 39
1772550296.288858,40,01111001,00000000,0.98114014 -0.0006713867 -0.007507324 0.19274902,300 86 39
1772550297.445761,50,01111001,00000000,0.9807129 -0.003967285 -0.0053100586 0.19494629,300 86 39
1772550298.697946,60,01111001,00000000,0.98083496 -0.0053100586 -0.001953125 0.19445801,300 86 39
1772550299.906942,70,01111001,00000000,0.9765625 0.0107421875 -0.020385742 0.21392822,300 86 39
1772550309.531369,0,01100001,00000000,0.9784546 -0.024230957 -0.053649902 0.1977539,300 86 39
1772550310.566179,10,01100001,00000000,0.0015869141 0.9891968 0.14642334 0.0014648438,0 0 0
1772550311.808306,20,01100001,00000000,0.0032348633 0.98931885 0.14569092 0.00030517578,0 0 0
1772550313.035511,30,01100001,00000000,0.004333496 0.98931885 0.14569092 -0.0006713867,0 0 0
1772550314.28394,40,01100001,00000000,0.99993896 -6.1035156E-05 -0.0009765625 0.00036621094,0 0 0
1772550315.481933,50,01100001,00000000,0.99993896 0.00061035156 0.0014648438 0.00036621094,0 0 0
1772550316.731835,60,01100001,00000000,0.99993896 0.0020141602 0.00091552734 0.0004272461,0 0 0
1772550317.983944,70,01100001,00000000,0.99993896 0.0009765625 0.0030517578 0.0004272461,0 0 0
1772550319.09205,80,01100001,00000000,0.99993896 0.0009765625 0.0026855469 0.0004272461,0 0 0
1772550320.389591,90,01100001,00000000,0.99993896 0.0008544922 0.0016479492 0.0004272461,0 0 0
1772550321.650974,100,01100001,00000000,0.99993896 0.0006713867 0.003479004 0.0004272461,0 0 0
1772550322.909848,110,01100001,00000000,0.99993896 0.0017700195 0.0021972656 0.0004272461,0 0 0
1772550323.493562,120,01110011,00000000,0.9996948 0.0099487305 0.01550293 -0.013061523,0 0 0
1772550323.789377,130,01110011,00000000,0.99957275 0.0053710938 0.007446289 0.026550293,47 15 12
1772550324.168569,140,01110011,00000000,0.99975586 0.01586914 -0.010437012 0.0029907227,92 45 42
1772550324.472833,150,01110011,00000000,0.9998779 0.0053710938 -0.008361816 -0.006591797,111 48 63
1772550324.838932,160,01110011,00000000,0.99749756 0.001953125 -0.031066895 0.062805176,123 71 61
1772550325.136252,170,01110011,00000000,0.98876953 -0.0017089844 -0.026184082 0.14685059,136 77 53
1772550325.449835,180,01110011,00000000,0.9940796 0.011962891 -0.01574707 0.10626221,157 78 64
1772550325.823632,190,01110011,00000000,0.9951782 0.010009766 -0.023254395 0.09429932,167 87 72
1772550326.127474,200,01110011,00000000,0.97753906 0.047302246 -0.19030762 0.07678223,191 94 77
1772550326.494379,210,01110011,00000000,0.9674072 0.010864258 0.017700195 0.25219727,284 4 64
1772550326.796429,220,01110011,00000000,0.7174072 -0.08294678 -0.15405273 0.6742554,278 29 4
1772550327.172783,230,01110011,00000000,0.7373657 0.08465576 0.008117676 0.6699829,300 12 4
1772550327.471836,240,01110011,00000000,0.18865967 -0.09033203 -0.19628906 0.9579468,265 27 4
1772550327.84145,250,01110011,00000000,0.20861816 0.06359863 0.097717285 0.9710083,300 52 4
1772550327.994035,0,01110011,00000000,0.39520264 -0.11987305 -0.1328125 0.901001,262 19 4
1772550328.366908,10,01110011,00000000,0.58569336 0.0044555664 -0.017578125 0.81018066,300 35 4
1772550328.662641,20,01110011,00000000,0.4833374 0.0048828125 -0.04748535 0.8740845,278 47 4
1772550329.032606,30,01110011,00000000,0.5501709 0.016479492 -0.025634766 0.8344116,300 43 4
1772550329.346988,40,01110011,00000000,0.5939331 0.00024414062 -0.028503418 0.80389404,281 35 4
1772550329.699393,50,01110011,00000000,0.69903564 0.04748535 -0.018249512 0.71313477,300 39 4
1772550330.002035,60,01110011,00000000,0.68725586 -0.0065307617 -0.039733887 0.7252197,279 37 4
1772550330.319008,70,01110011,00000000,0.7763672 0.08062744 -0.010437012 0.6248779,300 53 4
1772550330.68763,80,01110011,00000000,0.72540283 -0.006591797 -0.06097412 0.6855469,274 47 4
1772550330.985024,90,01110011,00000000,0.76434326 0.09338379 -0.013793945 0.6378174,300 64 4
1772550331.361667,100,01110011,00000000,0.7425537 -0.013183594 -0.0579834 0.6670532,269 51 4
1772550331.664911,110,01110011,00000000,0.78460693 0.10443115 -0.009887695 0.6109619,300 72 4
1772550332.035994,120,01110011,00000000,0.80371094 0.003479004 -0.05206299 0.59265137,265 63 4
1772550332.341182,130,01110011,00000000,0.82128906 0.09899902 -0.014038086 0.56152344,298 81 4
1772550332.709114,140,01110011,00000000,0.8564453 0.034423828 -0.033996582 0.513855,273 75 4
1772550333.007617,150,01110011,00000000,0.8543091 0.078063965 -0.024597168 0.51312256,290 86 4
1772550333.311422,160,01110011,00000000,0.8798218 0.072753906 -0.021972656 0.46917725,297 85 4
1772550333.676148,170,01110011,00000000,0.88531494 0.06225586 -0.02532959 0.4598999,278 81 4
1772550333.972985,180,01110011,00000000,0.8882446 0.094055176 -0.024169922 0.44885254,293 91 4
1772550334.354983,190,01110011,00000000,0.8989868 0.057128906 -0.022155762 0.4336548,264 76 4
1772550334.651894,200,01110011,00000000,0.89837646 0.0949707 -0.027648926 0.42785645,285 93 4
1772550335.033618,210,01110011,00000000,0.8927002 0.07513428 -0.026550293 0.44335938,256 87 4
1772550335.339258,220,01110011,00000000,0.8973999 0.076416016 -0.022583008 0.4338379,252 84 4
1772550335.64213,230,01110011,00000000,0.88830566 0.083740234 -0.026733398 0.45062256,244 93 4
1772550336.012811,240,01110011,00000000,0.8901367 0.06951904 -0.02166748 0.44970703,224 85 4
1772550336.33245,250,01110011,00000000,0.89349365 0.08996582 -0.026184082 0.43914795,224 98 4
1772550336.537458,0,01110011,00000000,0.89160156 0.078552246 -0.024841309 0.44519043,207 98 4
1772550336.840543,10,01110011,00000000,0.8963623 0.09295654 -0.026550293 0.4326172,212 103 4
1772550337.220238,20,01110011,00000000,0.89367676 0.081970215 -0.023864746 0.44024658,194 103 4
1772550337.510465,30,01110011,00000000,0.8949585 0.09173584 -0.02557373 0.43566895,206 106 4
1772550337.873154,40,01110011,00000000,0.8934326 0.095336914 -0.027648926 0.43798828,201 103 4
1772550338.184435,50,01110011,00000000,0.89678955 0.086120605 -0.027893066 0.43292236,218 98 4
1772550338.555488,60,01110011,00000000,0.88983154 0.10595703 -0.033569336 0.4423828,241 107 4
1772550338.845589,70,01110011,00000000,0.8908081 0.093566895 -0.02734375 0.44360352,235 98 4
1772550339.228947,80,01110011,00000000,0.8897095 0.10021973 -0.030578613 0.44421387,266 100 4
1772550339.538926,90,01110011,00000000,0.8470459 0.10827637 -0.056518555 0.5172119,253 100 4
1772550339.882969,100,01110011,00000000,0.791687 0.091430664 -0.09625244 0.5963135,249 98 4
1772550340.191329,110,01110011,00000000,0.9688721 0.20678711 -0.061035156 -0.121276855,300 2 20
1772550340.572688,120,01110011,00000000,0.80877686 0.071899414 0.034484863 0.58251953,260 18 4
1772550340.882914,130,01110011,00000000,0.9578247 0.23028564 0.087646484 -0.1472168,292 4 22
1772550341.227733,140,01110011,00000000,0.9804077 -0.0008544922 0.054504395 -0.18902588,300 7 42
1772550341.574569,150,01110011,00000000,0.9661255 0.21020508 -0.004699707 -0.1494751,298 4 24
1772550341.872956,160,01110011,00000000,0.9918823 -0.0099487305 0.007873535 0.12609863,300 15 20
1772550342.176457,170,01110011,00000000,0.96984863 0.22729492 -0.046691895 0.073913574,300 6 41
1772550342.547723,180,01110011,00000000,0.9790039 0.020263672 0.016845703 0.20202637,300 15 41
1772550342.843404,190,01110011,00000000,0.97540283 0.2097168 0.01373291 -0.06506348,300 19 54
1772550343.215331,200,01110011,00000000,0.9102783 0.035827637 0.08758545 -0.40283203,300 7 73
1772550343.511842,210,01110011,00000000,0.9312134 0.15802002 -0.04949951 -0.32452393,300 31 52
1772550343.883413,220,01110011,00000000,0.9747925 0.050598145 0.06304932 -0.20776367,300 16 46
1772550344.191828,230,01110011,00000000,0.89886475 0.17773438 -0.004211426 -0.40039062,299 4 64
1772550344.550428,240,01110011,00000000,0.9515991 0.024230957 0.041137695 -0.3034668,279 23 63
1772550344.844885,250,01110011,00000000,0.95562744 0.1519165 -0.062072754 -0.24450684,300 43 34
1772550345.077662,0,01110011,00000000,0.9989624 0.03564453 -0.018310547 -0.020385742,297 15 6
1772550345.378706,10,01110011,00000000,0.9854126 0.14282227 -0.09185791 -0.0053100586,300 34 15
1772550345.75154,20,01110011,00000000,0.99487305 0.041137695 -0.03564453 0.08416748,282 4 31
1772550346.052402,30,01110011,00000000,0.98413086 0.13354492 -0.08947754 0.07446289,300 37 31
1772550346.419536,40,01110011,00000000,0.98913574 0.039123535 -0.05847168 0.12860107,282 8 38
1772550346.713587,50,01110011,00000000,0.98217773 0.14831543 -0.08685303 0.07562256,300 39 55
1772550347.086553,60,01110011,00000000,0.9893799 0.043273926 -0.077697754 0.11468506,278 30 60
1772550347.387916,70,01110011,00000000,0.97314453 0.14337158 -0.111450195 0.14093018,300 55 60
1772550347.758335,80,01110011,00000000,0.97869873 0.055603027 -0.0947876 0.1730957,275 33 56
1772550348.049494,90,01110011,00000000,0.977478 0.14459229 -0.1048584 0.11175537,300 57 58
1772550348.419054,100,01110011,00000000,0.98724365 0.07562256 -0.097351074 0.1005249,281 47 72
1772550348.767659,110,01110011,00000000,0.9753418 0.13378906 -0.12963867 0.1182251,300 67 74
1772550637.685878,0,01100001,00000000,0.9743042 0.08380127 -0.1184082 0.17218018,287 50 62
1772550638.930915,10,01100001,00000000,0.0048217773 0.9928589 0.11895752 -0.0041503906,0 0 0
1772550640.153742,20,01100001,00000000,0.0034179688 0.9882202 0.15283203 -0.0056762695,0 0 0
1772550641.374955,30,01100001,00000000,1 -0.0005493164 -0.0022583008 -0.00079345703,0 0 0
1772550642.470024,40,01100001,00000000,1 6.1035156E-05 -0.0020751953 0,0 0 0
1772550642.856088,50,01110011,00000000,0.9998779 -0.008605957 -0.006713867 -0.005432129,0 0 0
1772550643.157612,60,01110011,00000000,0.99975586 -0.009643555 -0.005859375 0.018493652,65 26 27
1772550643.529085,70,01110011,00000000,0.99176025 -0.0064697266 -0.018676758 0.12658691,91 56 32
1772550643.832006,80,01110011,00000000,0.97802734 -0.0037841797 -0.01763916 0.2076416,112 73 38
1772550644.210832,90,01110011,00000000,0.9760132 0.0033569336 -0.01928711 0.2166748,128 88 53
1772550644.510004,100,01110011,00000000,0.9827881 0.04309082 -0.082092285 0.15985107,158 96 63
1772550644.883299,110,01110011,00000000,0.9929199 0.035949707 -0.066467285 -0.09185791,295 3 74
1772550645.195336,120,01110011,00000000,0.75860596 -0.05633545 -0.020935059 0.64868164,270 17 5
1772550645.503398,130,01110011,00000000,0.99450684 0.07122803 0.07574463 -0.013000488,288 4 27
1772550645.886981,140,01110011,00000000,0.99035645 0.0012817383 -0.051208496 -0.12854004,300 23 44
1772550646.208223,150,01110011,00000000,0.9718628 0.081604004 0.019042969 -0.22003174,283 5 47
1772550646.51619,160,01110011,00000000,0.8323364 0.033691406 -0.010131836 -0.5531006,300 4 67
1772550646.824363,170,01110011,00000000,0.9857178 -0.019470215 -0.124694824 -0.111450195,281 22 4
1772550647.20231,180,01110011,00000000,0.932312 0.027893066 -0.09790039 0.34710693,286 27 4
1772550647.517095,190,01110011,00000000,0.986084 -0.010314941 -0.047729492 0.15863037,261 4 30
1772550647.825705,200,01110011,00000000,0.9314575 0.006652832 -0.09802246 0.35028076,244 31 10
1772550648.215543,210,01110011,00000000,0.9989624 0.0071411133 0.0056762695 0.043884277,263 4 38
1772550648.521806,220,01110011,00000000,0.9748535 0.09472656 -0.07458496 -0.1873169,300 33 59
1772550648.828969,230,01110011,00000000,0.98706055 -0.002380371 -0.034423828 -0.15649414,275 31 66
1772550649.216035,240,01110011,00000000,0.9758301 0.07910156 -0.0904541 -0.18237305,300 55 69
1772550649.523103,250,01110011,00000000,0.9925537 -0.002746582 -0.06817627 -0.10076904,265 38 71
1772550649.749596,0,01110011,00000000,0.99346924 0.045288086 -0.10424805 0.0040283203,300 55 62
1772550650.059069,10,01110011,00000000,0.9945679 0.042053223 -0.0793457 -0.05230713,282 42 72
1772550650.368454,20,01110011,00000000,0.9990845 0.0015258789 -0.028625488 0.030029297,269 52 66
1772550650.803447,30,01110011,00000000,0.99780273 0.0018920898 -0.0068969727 0.06567383,278 60 68
1772550670.772856,80,01111011,00000000,0.9951782 0.0068359375 -0.016784668 0.09667969,286 76 77
1772550671.078147,90,01111011,00000000,0.8363037 -0.022277832 -0.1262207 0.53289795,277 46 4
1772550671.390891,100,01111011,00000000,0.7034302 0.025817871 -0.10040283 0.70306396,292 4 7
1772550671.766972,110,01111011,00000000,0.33026123 0.0099487305 -0.028320312 0.9433594,271 12 4
1772550672.084095,120,01111011,00000000,0.24902344 0.020812988 -0.06317139 0.9661865,286 31 4
1772550672.404082,130,01111011,00000000,0.14440918 0.011291504 -0.035949707 0.98876953,281 35 4
1772550672.724001,140,01111011,00000000,0.22650146 -0.010009766 -0.017211914 0.9737549,287 39 4
1772550673.10597,150,01111011,00000000,0.4387207 -0.013671875 0.00012207031 0.89849854,278 55 4
1772550673.411846,160,01111011,00000000,0.6669922 -0.0017700195 0.01751709 0.744812,300 55 4
1772550673.715318,170,01111011,00000000,0.83966064 0.007446289 0.034851074 0.5419922,278 70 11
1772550674.094072,180,01111011,00000000,0.96698 0.03692627 0.057922363 0.24542236,300 77 30
1772550674.395552,190,01111011,00000000,0.9984131 0.033447266 0.04309082 -0.01184082,266 91 52
1772550674.774555,200,01111011,00000000,0.98779297 0.0390625 0.042785645 -0.14471436,247 87 72
1772550675.091474,210,01111011,00000000,0.97735596 0.028503418 0.030395508 -0.20751953,219 85 84
1772550675.402795,220,01111011,00000000,0.99383545 0.019836426 0.013366699 -0.10772705,201 96 77
1772550675.707406,230,01111011,00000000,0.99957275 0.02178955 0.013183594 0.013671875,193 98 67
1772550676.092234,240,01111011,00000000,0.99780273 0.026733398 0.012268066 0.05895996,190 105 74
1772550676.400181,250,01111011,00000000,0.9902344 0.017456055 0.007080078 0.13787842,181 108 70
1772550676.627779,0,01111011,00000000,0.97680664 0.027832031 0.0010986328 0.2121582,181 113 66
1772550676.934171,10,01111011,00000000,0.9785156 0.024475098 0.006225586 0.20458984,176 111 71
1772550677.247332,20,01111011,00000000,0.9677124 0.03112793 0.011291504 0.24969482,177 105 70
1772550677.635939,30,01111011,00000000,0.94659424 0.22814941 -0.19384766 -0.11968994,300 99 82
1772550677.937196,40,01111011,00000000,0.91748047 -0.061401367 0.144104 0.3656006,266 6 47
1772550678.252833,50,01111011,00000000,0.8793335 0.28363037 0.028747559 -0.38134766,300 3 54
1772550678.632625,60,01111011,00000000,0.30236816 0.020629883 -0.0491333 -0.95166016,300 10 71
1772550678.935395,70,01111011,00000000,0.40026855 0.1149292 0.13830566 -0.8985596,278 6 63
1772550679.254283,80,01111011,00000000,0.033325195 -0.020874023 0.045715332 0.99816895,293 4 70
1772550679.632958,90,01111011,00000000,0.74194336 -0.026367188 0.13616943 -0.6559448,273 8 4
1772550679.94126,100,01111011,00000000,0.77996826 0.038391113 -0.09698486 -0.6170044,300 35 21
1772550680.252581,110,01111011,00000000,0.97576904 0.016662598 0.04626465 -0.2131958,268 8 8
1772550741.450975,0,01100001,00000000,0.9696045 0.01776123 -0.05267334 -0.23815918,300 30 24
1772550742.655794,10,01100001,00000000,0.0008544922 0.756897 0.6535034 0.007080078,0 0 0
1772550743.936159,20,01100001,00000000,0.9998169 0.0020141602 0.009521484 -0.011413574,0 0 0
1772550744.257293,30,01110011,00000000,0.9973755 -0.014831543 0.021362305 -0.06738281,0 0 0
1772550744.612494,40,01110011,00000000,0.9977417 -0.016967773 0.011230469 -0.063964844,56 25 29
1772550744.902946,50,01110011,00000000,0.9981079 -0.01159668 0.0021972656 -0.059814453,85 51 55
1772550745.269352,60,01110011,00000000,0.96099854 0.07739258 -0.18188477 -0.19311523,184 67 72
1772550745.563018,70,01110011,00000000,0.88616943 0.014282227 0.08868408 0.45440674,204 4 40
1772550745.936406,80,01110011,00000000,0.8215332 -0.035461426 -0.14068604 0.5512085,222 42 14
1772550746.258144,90,01110011,00000000,0.62286377 0.088256836 0.01928711 0.7770386,295 19 4
1772550746.615356,100,01110011,00000000,0.15435791 -0.053466797 -0.1449585 0.9758301,261 39 4
1772550746.917269,110,01110011,00000000,0.2230835 0.05505371 0.068481445 0.9708252,295 45 5
1772550747.22594,120,01110011,00000000,0.25115967 -0.06188965 -0.117126465 0.95874023,264 14 15
1772550747.611026,130,01110011,00000000,0.3768921 0.054992676 0.06604004 0.9221802,294 41 14
1772550747.912229,140,01110011,00000000,0.60150146 -0.030456543 -0.069885254 0.795166,261 30 23
1772550748.228476,150,01110011,00000000,0.5996094 0.082092285 0.034057617 0.7952881,295 39 18
1772550748.605439,160,01110011,00000000,0.80078125 -0.019714355 -0.022094727 0.59814453,254 15 31
1772550748.910549,170,01110011,00000000,0.80426025 0.10089111 0.01928711 0.5852051,297 34 35
1772550749.215681,180,01110011,00000000,0.9476929 0.008544922 0.025390625 0.3178711,258 18 52
1772550749.616587,190,01110011,00000000,0.95599365 0.09753418 0.009094238 0.2765503,294 41 61
1772550749.903856,200,01110011,00000000,0.991272 0.034729004 0.03466797 0.12219238,255 33 77
1772550750.21418,210,01110011,00000000,0.99090576 0.08642578 -0.008666992 0.10211182,264 59 75
1772550750.594602,220,01110011,00000000,0.9880371 0.048217773 0.014770508 0.14544678,231 43 73
1772550750.898672,230,01110011,00000000,0.99468994 0.087890625 -0.0037841797 0.052001953,243 57 86
1772550751.212411,240,01110011,00000000,0.9868164 0.043395996 -0.0115356445 0.15496826,215 63 76
1772550751.600503,250,01110011,00000000,0.9859009 0.08294678 -0.010375977 0.14471436,236 71 78
1772550751.751514,0,01110011,00000000,0.98565674 0.058288574 -0.015014648 0.15716553,222 83 81
1772550752.13608,10,01110011,00000000,0.97698975 0.0826416 -0.023376465 0.19488525,236 90 80
1772550752.449407,20,01110011,00000000,0.97454834 0.056030273 -0.020019531 0.21600342,212 88 84
1772550752.750961,30,01110011,00000000,0.9649048 0.076416016 -0.0335083 0.24871826,213 98 84
1772550753.133663,40,01110011,00000000,0.95739746 0.060058594 -0.027709961 0.28076172,198 92 84
1772550753.464222,50,01110011,00000000,0.9604492 0.07080078 -0.030151367 0.26739502,194 96 91
1772550753.769204,60,01110011,00000000,0.9550781 0.06768799 -0.034057617 0.28625488,186 99 91
1772550754.085411,70,01110011,00000000,0.9567261 0.06744385 -0.029174805 0.2814331,182 100 94
1772550754.47567,80,01110011,00000000,0.9619751 0.07556152 -0.030639648 0.26037598,183 100 94
1772550754.78889,90,01110011,00000000,0.9661865 0.068725586 -0.025634766 0.24694824,174 99 97
1772550755.103458,100,01110011,00000000,0.9696655 0.08050537 -0.029968262 0.22857666,176 106 97
1772550755.412329,110,01110011,00000000,0.9730835 0.07183838 -0.026000977 0.21722412,166 109 99
1772550755.794491,120,01110011,00000000,0.9737549 0.07940674 -0.030517578 0.21105957,167 117 99
1772550756.10697,130,01110011,00000000,0.9836426 0.06414795 -0.0869751 -0.14398193,300 3 97
1772550756.434116,140,01110011,00000000,0.53100586 0.030700684 -0.30877686 0.78845215,288 9 3
1772550756.816108,150,01110011,00000000,0.49945068 -0.11328125 0.175354 -0.8407593,284 28 4
1772550757.129594,160,01110011,00000000,0.7944946 0.113464355 -0.11895752 -0.5845337,300 19 4
1772550757.444981,170,01110011,00000000,0.9780884 0.039794922 0.043884277 -0.19921875,274 4 14
1772550757.7526,180,01110011,00000000,0.9770508 -0.0072631836 -0.13195801 0.16668701,254 41 15
1772550758.137661,190,01110011,00000000,0.927063 0.12860107 -0.028564453 0.3508911,298 17 4
1772550758.452913,200,01110011,00000000,0.9313965 -0.016723633 -0.119628906 0.34326172,273 17 21
1772550758.764363,210,01110011,00000000,0.8352051 0.12438965 -0.06451416 0.53167725,294 24 4
1772551586.668177,0,01100001,00000000,0.956604 0.0073242188 -0.06689453 0.28338623,262 4 31
1772551587.881569,10,01100001,00000000,0.0044555664 0.91326904 0.40722656 0.006225586,0 0 0
1772551589.090694,20,01100001,00000000,0.99572754 -0.014038086 -0.006286621 0.09039307,0 0 0
1772551590.322445,30,01100001,00000000,0.9859619 -0.012573242 -0.0076904297 0.16601562,0 0 0
1772551590.620183,40,01110011,00000000,0.9976196 0.0044555664 -0.0029296875 0.067993164,0 0 0
1772551590.999816,50,01110011,00000000,0.99749756 -0.001953125 -0.0036010742 0.069885254,60 19 29
1772551591.311984,60,01110011,00000000,0.9953003 6.1035156E-05 -0.014465332 0.09503174,98 46 51
1772551591.692077,70,01110011,00000000,0.9906616 -0.0018310547 -0.021240234 0.13415527,117 58 61
1772551591.995486,80,01110011,00000000,0.97332764 -0.003479004 -0.026245117 0.22753906,126 70 59
1772551592.309417,90,01110011,00000000,0.9536133 -0.00036621094 -0.030456543 0.29943848,134 83 59
1772551592.616034,100,01110011,00000000,0.9437866 -0.0018920898 -0.027648926 0.32922363,137 90 65
1772551592.993202,110,01110011,00000000,0.93634033 0.0021362305 -0.032287598 0.34960938,141 99 69
1772551593.301078,120,01110011,00000000,0.9265747 -0.0032348633 -0.031982422 0.3746338,142 105 73
1772551593.682936,130,01110011,00000000,0.92108154 0.003479004 -0.03503418 0.38757324,148 115 78
1772551593.982917,140,01110011,00000000,0.79473877 0.0949707 0.111816406 0.58880615,250 7 47
1772551594.304237,150,01110011,00000000,0.7886963 -0.09814453 -0.12213135 0.59436035,295 8 23
1772551594.610155,160,01110011,00000000,0.8584595 0.07299805 -0.045776367 0.50549316,300 9 11
1772551594.993482,170,01110011,00000000,0.4527588 -0.11602783 -0.21038818 0.85858154,272 4 8
1772551595.305887,180,01110011,00000000,0.27404785 0.10461426 0.048034668 0.9547119,300 34 4
1772551595.684346,190,01110011,00000000,0.6951904 -0.1953125 -0.05029297 0.6898804,264 8 26
1772551595.990487,200,01110011,00000000,0.86169434 0.1640625 0.022399902 0.4794922,300 14 20
1772551596.314775,210,01110011,00000000,0.6657715 -0.13171387 -0.12176514 0.7241821,269 4 7
1772551596.616097,220,01110011,00000000,0.6984253 0.17193604 0.016845703 0.694458,300 35 10
1772551596.997152,230,01110011,00000000,0.630188 -0.09863281 -0.09246826 0.76452637,267 4 24
1772551597.305907,240,01110011,00000000,0.7460327 0.15631104 0.011779785 0.64715576,300 37 33
1772551597.614313,250,01110011,00000000,0.6099243 -0.06048584 -0.11584473 0.78149414,271 4 18
1772551597.84091,0,01110011,00000000,0.6687622 0.13531494 -0.012878418 0.730896,300 37 26
1772551598.158784,10,01110011,00000000,0.59350586 0.070739746 -0.045898438 0.800354,289 20 11
1772551598.543196,20,01110011,00000000,0.5310669 0.010437012 -0.109802246 0.84002686,300 22 9
1772551598.851069,30,01110011,00000000,0.557251 0.078186035 -0.034423828 0.8258667,287 22 14
1772551599.162835,40,01110011,00000000,0.5942993 0.035827637 -0.08972168 0.7984009,300 22 20
1772551599.546418,50,01110011,00000000,0.60894775 0.08831787 -0.036132812 0.7873535,288 40 27
1772551599.85622,60,01110011,00000000,0.69348145 0.04309082 -0.0680542 0.71588135,296 34 37
1772551600.173343,70,01110011,00000000,0.70166016 0.10546875 -0.038024902 0.70355225,288 55 44
1772551600.480592,80,01110011,00000000,0.7835083 0.052612305 -0.039855957 0.6177368,287 45 53
1772551600.867534,90,01110011,00000000,0.80792236 0.099731445 -0.030029297 0.57995605,288 60 59
1772551601.17631,100,01110011,00000000,0.8375244 0.08325195 -0.036254883 0.53863525,291 59 66
1772551601.487322,110,01110011,00000000,0.84521484 0.09857178 -0.033447266 0.5241089,286 60 71
1772551601.882924,120,01110011,00000000,0.83673096 0.099487305 -0.041259766 0.53686523,292 64 68
1772551602.190609,130,01110011,00000000,0.86590576 0.0859375 -0.027709961 0.4918213,284 56 73
1772551602.502529,140,01110011,00000000,0.88305664 0.08880615 -0.024841309 0.45996094,300 72 73
1772551602.810399,150,01110011,00000000,0.8829346 0.02935791 -0.016601562 0.46813965,271 65 75
1772551603.197884,160,01110011,00000000,0.89556885 0.079956055 -0.016235352 0.43725586,293 84 76
1772551603.503973,170,01110011,00000000,0.89294434 0.030639648 -0.024353027 0.4482422,257 73 77
1772551603.883045,180,01110011,00000000,0.89819336 0.08288574 -0.021057129 0.43096924,273 86 79
1772551604.196498,190,01110011,00000000,0.89282227 0.037475586 -0.022338867 0.44812012,239 79 79
1772551604.515779,200,01110011,00000000,0.8948364 0.07977295 -0.023254395 0.43847656,250 91 79
1772551604.835261,210,01110011,00000000,0.89471436 0.0513916 -0.02154541 0.44299316,226 86 80
1772551605.144981,220,01110011,00000000,0.9055176 0.0736084 -0.019226074 0.4173584,229 90 82
1772551605.535359,230,01110011,00000000,0.9058838 0.062438965 -0.024169922 0.4180298,214 91 82
1772551605.848051,240,01110011,00000000,0.9053955 0.07281494 -0.025390625 0.41741943,217 96 81
1772551606.237606,250,01110011,00000000,0.80041504 0.29260254 -0.2354126 0.46704102,300 106 66
1772551606.379239,0,01110011,00000000,0.20269775 0.12426758 -0.08343506 0.9677124,300 8 3
1772551606.688229,10,01110011,00000000,0.63830566 -0.27044678 0.10882568 -0.7123413,287 21 4
1772551607.075417,20,01110011,00000000,0.833313 0.1618042 -0.14959717 -0.506958,300 21 10
1772551607.387935,30,01110011,00000000,0.4095459 0.00579834 0.17266846 -0.8956909,265 4 42
1772551607.77194,40,01110011,00000000,0.36419678 0.045898438 -0.08703613 -0.9260254,300 15 27
1772551608.086167,50,01110011,00000000,0.15704346 0.0018310547 0.15734863 -0.97491455,265 4 44
1772551608.399351,60,01110011,00000000,0.27130127 0.014587402 -0.048950195 -0.9611206,300 21 42
1772551608.710169,70,01110011,00000000,0.44665527 -0.44934082 0.7529297 -0.9047241,260 4 66
1772551985.342423,0,01100001,00000000,0.5700073 -0.35754395 1.1017456 -1.1939087,250 4 85
1772551986.547652,10,01100001,00000000,0.0017700195 0.69714355 0.7168579 0.0068359375,0 0 0
1772551987.762301,20,01100001,00000000,0.0006713867 0.6694336 0.7428589 0.0048828125,0 0 0
1772551988.832133,30,01100001,00000000,0.99993896 -6.1035156E-05 -0.0045776367 0.0056152344,0 0 0
1772551990.113351,40,01100001,00000000,0.9994507 0.0009765625 -0.005859375 0.029418945,0 0 0
1772551991.334228,50,01100001,00000000,0.9998169 0.002746582 -0.0068359375 0.010131836,0 0 0
1772551992.693817,60,01100001,00000000,0.9996948 0.0010375977 -0.005493164 0.022644043,0 0 0
1772551993.91641,70,01100001,00000000,0.99975586 0.002319336 -0.006958008 0.015808105,0 0 0
1772551994.988681,80,01100001,00000000,0.99975586 0.0016479492 -0.0067749023 0.01965332,0 0 0
1772551996.351815,90,01100001,00000000,0.9996948 0.0012207031 -0.0064697266 0.019348145,0 0 0
1772551997.274457,100,01100010,00000000,0.9971924 0.037353516 -0.017700195 -0.061645508,0 0 0
1772551997.746018,110,01100010,00000000,0.9990845 0.0071411133 0.0018920898 -0.041259766,0 0 0
1772551998.359335,120,01100010,00000000,0.998291 0.04534912 -0.0014648438 -0.03527832,0 0 0
1772551998.892152,130,01100010,00000000,0.99542236 -0.022827148 0.034362793 -0.08526611,0 0 0
1772551999.424478,140,01100010,00000000,0.9304199 -0.011108398 0.048828125 0.362854,0 0 0
1772551999.960084,150,01100010,00000000,0.27008057 -0.1451416 -0.16705322 0.9369507,0 0 0
1772552000.417515,160,01100010,00000000,-0.47155762 -0.09564209 -0.044433594 0.87542725,0 0 0
1772552001.067677,170,01100010,00000000,-0.9145508 0.045288086 -0.02368164 0.40112305,0 0 0
1772552001.3796,180,01110011,00000000,-0.99224854 0.04425049 -0.08959961 -0.07293701,0 0 0
1772552001.677825,190,01110011,00000000,0.63531494 0.2770996 -0.049194336 -0.71899414,162 4 24
1772552002.062386,200,01110011,00000000,0.9050293 -0.10626221 0.15887451 0.37994385,290 4 17
1772552002.369838,210,01110011,00000000,0.9530029 0.16687012 -0.030212402 -0.2508545,300 20 39
1772552002.678401,220,01110011,00000000,0.5751343 0.10821533 0.04559326 -0.80944824,300 25 61
1772552003.058047,230,01110011,00000000,0.46746826 -0.2399292 -0.018920898 0.85058594,283 4 44
1772552003.371033,240,01110011,00000000,0.8199463 0.029174805 0.054016113 0.56903076,300 32 7
1772552003.673969,250,01110011,00000000,0.9434204 -0.07556152 -0.09118652 0.3095703,259 58 6
1772552003.910633,0,01110011,00000000,0.9063721 0.029174805 -0.05328369 0.4179077,298 25 4
1772552004.21304,10,01110011,00000000,0.8571167 -0.052368164 -0.13476562 0.49432373,273 42 4
1772552004.584973,20,01110011,00000000,0.6831665 0.02758789 -0.074035645 0.7258911,276 55 4
1772552004.897883,30,01110011,00000000,0.32891846 -0.06738281 -0.1303711 0.9328613,245 66 4
1772552005.208891,40,01110011,00000000,0.14831543 -0.028747559 0.046081543 -0.9873657,229 86 10
1772552005.591631,50,01110011,00000000,0.6467285 0.012207031 -0.07147217 -0.7591553,244 67 4
1772552005.899313,60,01110011,00000000,0.9538574 -0.034240723 -0.055114746 -0.2930298,230 84 4
1772552006.218929,70,01110011,00000000,0.98828125 -0.0014648438 -0.14294434 0.052856445,246 87 4
1772552006.591462,80,01110011,00000000,0.75457764 -0.027770996 -0.12384033 0.6437378,227 93 4
1772552006.888837,90,01110011,00000000,0.56073 -0.03173828 -0.09436035 0.8218994,223 103 4
1772552007.203667,100,01110011,00000000,0.23815918 -0.042541504 -0.08111572 0.9667969,213 108 4
1772552007.585264,110,01110011,00000000,0.012268066 -0.0423584 -0.029663086 0.99853516,205 113 4
1772552007.885322,120,01110011,00000000,0.018493652 -0.078430176 -0.030273438 0.9962158,192 106 4
1772552008.214969,130,01110011,00000000,0.085754395 -0.06036377 -0.023376465 0.9941406,205 110 4
1772552008.525349,140,01110011,00000000,0.26208496 -0.09039307 -0.024414062 0.9604492,197 106 4
1772552008.899418,150,01110011,00000000,0.5300293 -0.046813965 -0.012939453 0.8465576,205 115 4
1772552009.206431,160,01110011,00000000,0.7279663 -0.045043945 -0.029968262 0.6833496,192 117 4
1772552009.583505,170,01110011,00000000,0.9014282 -0.009216309 -0.009033203 0.43267822,213 113 4
1772552009.887086,180,01110011,00000000,0.9906006 0.021606445 -0.024719238 0.13232422,220 117 16
1772552010.197538,190,01110011,00000000,0.9938965 0.02923584 -0.014526367 -0.10461426,208 111 46
1772552010.579961,200,01110011,00000000,0.9383545 0.05480957 -0.01776123 -0.3406372,213 112 67
1772552010.879262,210,01110011,00000000,0.91955566 0.026123047 -0.03552246 -0.3902588,194 117 86
1772552011.192575,220,01110011,00000000,0.9604492 0.015563965 -0.037719727 -0.27514648,188 122 75
1772552011.575349,230,01110011,00000000,0.97906494 0.0048217773 -0.015563965 -0.20269775,186 122 77
1772552011.87934,240,01110011,00000000,0.9935913 -0.0031738281 -0.0134887695 -0.111328125,179 119 73
1772552012.190157,250,01110011,00000000,0.9996948 0.0015869141 -0.018676758 -0.0115356445,179 123 70
1772552012.387431,0,01110011,00000000,0.99798584 -0.0033569336 -0.016845703 0.06085205,169 121 72
1772552012.736522,10,01110011,00000000,0.9937744 -0.0021972656 -0.020751953 0.10888672,166 121 71
1772552013.100867,20,01110011,00000000,0.98828125 -0.00030517578 -0.019348145 0.15130615,163 120 69
1772552045.597454,100,01111010,00000000,0.98657227 0.0028686523 -0.020507812 0.1618042,160 120 71
1772552046.135796,110,01111010,00000000,0.9956665 0.0119018555 -0.018066406 0.08959961,154 121 71
1772552046.636975,120,01111010,00000000,0.9827881 0.010620117 -0.007873535 0.1842041,154 121 71
1772552047.157184,130,01111010,00000000,0.9675293 0.06323242 -0.21295166 0.12017822,154 121 71
1772552047.672844,140,01111010,00000000,0.9522705 0.10168457 -0.26727295 0.10638428,154 121 71
1772552048.191623,150,01111010,00000000,-0.4119873 -0.031677246 -0.17333984 0.89398193,154 121 71
1772552048.712713,160,01111010,00000000,-0.98291016 0.08276367 -0.069885254 0.14837646,154 121 71
1772552049.257487,170,01111010,00000000,-0.98272705 0.0736084 -0.08465576 -0.14691162,154 121 71
1772552049.777363,180,01111010,00000000,-0.79711914 -0.10583496 0.038391113 0.59313965,154 121 71
1772552050.318244,190,01111010,00000000,-0.8430786 -0.061828613 0.053527832 0.5314331,154 121 71
1772552050.852553,200,01111010,00000000,-0.9244995 -0.012329102 0.034118652 0.37939453,154 121 71
1772552051.400928,210,01111010,00000000,-0.9993286 -0.0018310547 0.00592041 -0.03515625,154 121 71
1772552051.936783,220,01111010,00000000,0.7696533 0.03253174 -0.042297363 -0.63616943,154 121 71
1772552052.469159,230,01111010,00000000,0.9307251 0.0423584 -0.117370605 -0.3435669,154 121 71
1772552052.839145,240,01111011,00000000,0.9960327 0.004638672 0.05102539 0.072021484,154 121 71
1772552053.219304,250,01111011,00000000,0.04345703 0.07904053 -0.007019043 -0.9958496,265 120 77
1772552053.377078,0,01111011,00000000,0.9645386 -0.11193848 0.10266113 -0.21557617,300 4 59
1772552053.753068,10,01111011,00000000,0.9295654 0.11187744 0.036071777 -0.34924316,300 8 57
1772552054.077714,20,01111011,00000000,0.5090332 0.10797119 -0.06958008 -0.8510132,300 39 65
1772552054.385688,30,01111011,00000000,0.8737793 -0.1204834 0.05731201 0.46765137,300 34 29
1772552054.763108,40,01111011,00000000,0.9954834 -0.008728027 0.09362793 -0.009155273,300 8 46
1772552055.068606,50,01111011,00000000,0.73773193 0.15814209 -0.013000488 -0.6561279,300 38 65
1772552055.384477,60,01111011,00000000,0.30926514 -0.11553955 0.055786133 0.9421997,300 40 35
1772552055.767103,70,01111011,00000000,0.59277344 -0.08312988 0.047607422 0.7996216,300 23 4
1772552056.077243,80,01111011,00000000,0.9560547 -0.055664062 0.08544922 0.27478027,281 23 7
1772552056.391973,90,01111011,00000000,0.9696655 0.024291992 0.00579834 -0.24298096,300 31 36
1772552056.768026,100,01111011,00000000,0.98168945 -0.065979004 -0.04071045 -0.17346191,268 57 39
1772552057.083156,110,01111011,00000000,0.9977417 -0.0057373047 -0.06201172 -0.023071289,300 57 21
1772552057.414071,120,01111011,00000000,0.95843506 -0.093688965 -0.07696533 0.25805664,266 71 4
1772552057.718329,130,01111011,00000000,0.7355957 -0.0028076172 -0.09820557 0.670166,256 91 4
1772552058.035919,140,01111011,00000000,0.26605225 -0.0025024414 -0.025512695 0.963562,240 97 4
1772552058.427594,150,01111011,00000000,0.19458008 -0.015258789 0.037597656 -0.97998047,224 103 4
1772552058.726286,160,01111011,00000000,0.7121582 -0.08782959 -0.048217773 -0.69470215,225 112 4
1772552059.037218,170,01111011,00000000,0.9828491 -0.059020996 -0.11529541 -0.1307373,232 118 4
1772552059.432689,180,01111011,00000000,0.9241333 -0.054504395 -0.08654785 0.36798096,226 120 4
1772552059.735659,190,01111011,00000000,0.6057129 -0.059753418 -0.09899902 0.7871704,212 126 4
1772552060.043042,200,01111011,00000000,0.17156982 0.015319824 -0.028503418 0.9845581,211 126 4
1772552060.432693,210,01111011,00000000,0.21063232 0.01739502 -0.0051879883 -0.97735596,207 121 4
1772552060.747936,220,01111011,00000000,0.42132568 -0.0064697266 -0.015014648 -0.90667725,197 117 15
1772552061.057046,230,01111011,00000000,0.5880127 0.008972168 -0.039611816 -0.80773926,217 110 9
1772552061.371404,240,01111011,00000000,0.5302124 0.030212402 -0.02520752 -0.8468628,214 86 41
1772552061.751832,250,01111011,00000000,0.4527588 0.036865234 -0.030517578 -0.8902588,218 89 63
1772552061.909347,0,01111011,00000000,0.3279419 0.057250977 -0.026550293 -0.9425659,205 82 82
1772552062.299147,10,01111011,00000000,0.30682373 0.037475586 -0.034362793 -0.9503174,199 89 89
1772552062.606717,20,01111011,00000000,0.21905518 0.051818848 -0.022888184 -0.973999,186 77 99
1772552062.915065,30,01111011,00000000,0.15759277 0.034606934 -0.029052734 -0.98638916,180 90 109
1772552063.301575,40,01111011,00000000,0.11669922 0.046325684 -0.017578125 -0.9918823,171 85 117
1772552063.607522,50,01111011,00000000,0.016052246 0.046142578 -0.028320312 -0.99835205,176 88 118
1772552063.917292,60,01111011,00000000,0.27960205 -0.09326172 0.03967285 0.9546509,207 62 23
1772552064.231856,70,01111011,00000000,0.7932129 -0.08691406 0.05871582 0.5997925,259 68 4
1772552064.612242,80,01111011,00000000,0.9904175 -0.0211792 0.040893555 0.12988281,300 85 13
1772552064.920838,90,01111011,00000000,0.93927 0.018249512 0.016235352 -0.3421631,300 92 44
1772552065.229183,100,01111011,00000000,0.77612305 0.0446167 -0.012268066 -0.6288452,292 100 65
1772552065.614074,110,01111011,00000000,0.5988159 0.041381836 -0.02178955 -0.7994385,263 108 85
1772552065.926107,120,01111011,00000000,0.56585693 0.015075684 -0.031921387 -0.82366943,230 117 95
1772552066.240285,130,01111011,00000000,0.64733887 0.0024414062 -0.02709961 -0.7615967,207 123 86
1772552066.613661,140,01111011,00000000,0.6995239 -0.0006713867 -0.034973145 -0.71362305,196 123 83
1772552066.916867,150,01111011,00000000,0.77789307 -0.0033569336 -0.00390625 -0.62823486,183 124 75
1772552067.239408,160,01111011,00000000,0.8330078 -0.004333496 -0.013122559 -0.55303955,179 124 70
1772552067.624542,170,01111011,00000000,0.87994385 -0.00982666 -0.010070801 -0.47473145,169 124 70
1772552067.925136,180,01111011,00000000,0.92370605 -0.0138549805 -0.018554688 -0.38226318,164 124 68
1772552068.237702,190,01111011,00000000,0.9605713 -0.018920898 -0.016906738 -0.27679443,156 124 64
1772552068.62089,200,01111011,00000000,0.98168945 -0.021911621 -0.022094727 -0.18786621,154 124 66
1772552069.009788,210,01111011,00000000,0.9953003 -0.026855469 -0.021606445 -0.08984375,153 124 65
1772552173.888363,0,01101001,00000000,0.9990845 -0.030578613 -0.026794434 0.010498047,153 124 65
1772552175.02085,10,01101001,00000000,0.0032348633 0.9996948 -0.02520752 0.002746582,0 0 0
1772552176.215505,20,01101001,00000000,1 0.0025634766 0.0007324219 0,0 0 0
1772552177.456094,30,01101001,00000000,0.9998779 0.0026245117 -0.0010375977 -0.01373291,0 0 0
1772552178.682505,40,01101001,00000000,0.99993896 0.00091552734 0.0008544922 -0.0043945312,0 0 0
1772552179.88261,50,01101001,00000000,0.99993896 0.0021362305 0.0005493164 -0.0072631836,0 0 0
1772552181.102642,60,01101001,00000000,0.99993896 0.0041503906 -0.0008544922 -0.0065307617,0 0 0
1772552182.256368,70,01101001,00000000,0.99993896 0.004211426 0.0014648438 -0.0043945312,0 0 0
1772552183.556683,80,01101001,00000000,0.99993896 0.005065918 0.0026245117 -0.0048217773,0 0 0
1772552184.810314,90,01101001,00000000,0.99993896 0.006652832 0.0010986328 -0.004638672,0 0 0
1772552185.951614,100,01101001,00000000,0.99993896 0.008239746 -6.1035156E-05 -0.004638672,0 0 0
