FksB data obtained with FksB support program @2026/03/02 1729 39index,flag1,flag2,ori,mp ( Big-Endian )0,01100001,00000000,1 0 0 0,0 0 0
10,01100001,00000000,0.057739258 0.9458008 0.31958008 0,0 0 0
20,01100001,00000000,0.057739258 0.9458008 0.31958008 0,0 0 0
30,01100010,00000000,1 0 0 0,0 0 0
40,01100010,00000000,1 0 0 0,0 0 0
50,01100010,00000000,1 0 0 0,0 0 0
60,01110011,00000000,1 0 0 0,0 0 0
70,01110011,00000000,1 0 0 0,40 39 40
80,01110011,00000000,1 0 0 0,19 18 19
90,01110011,00000000,1 0 0 0,69 68 69
100,01110011,00000000,1 0 0 0,40 40 40
110,01110011,00000000,1 0 0 0,19 19 19
120,01110011,00000000,1 0 0 0,39 39 40
130,01110011,00000000,1 0 0 0,50 51 51
140,01110011,00000000,1 0 0 0,10 10 10
150,01110011,00000000,1 0 0 0,19 18 19
160,01110011,00000000,1 0 0 0,59 59 59
170,01110011,00000000,1 0 0 0,83 83 83
180,01110011,00000000,1 0 0 0,51 51 51
190,01110011,00000000,1 0 0 0,0 0 0
200,01110011,00000000,1 0 0 0,10 10 10
210,01110011,00000000,1 0 0 0,65 66 66
220,01110011,00000000,1 0 0 0,10 10 10
230,01110011,00000000,1 0 0 0,19 19 19
240,01110011,00000000,1 0 0 0,54 54 55
250,01110011,00000000,1 0 0 0,40 40 40
0,01110011,00000000,1 0 0 0,76 76 76
10,01110011,00000000,1 0 0 0,10 10 10
20,01110011,00000000,1 0 0 0,65 66 66
30,01110011,00000000,1 0 0 0,19 19 19
40,01110011,00000000,1 0 0 0,0 0 0
50,01110011,00000000,1 0 0 0,51 51 51
60,01110011,00000000,1 0 0 0,59 59 59
70,01110011,00000000,1 0 0 0,45 45 46
80,01110011,00000000,1 0 0 0,78 78 78
90,01110011,00000000,1 0 0 0,90 90 90
100,01110011,00000000,1 0 0 0,91 91 91
110,01110011,00000000,1 0 0 0,10 10 10
120,01110011,00000000,1 0 0 0,10 10 10
130,01110011,00000000,1 0 0 0,27 26 27
140,01110011,00000000,1 0 0 0,72 71 72
150,01110011,00000000,1 0 0 0,0 0 0
160,01110011,00000000,1 0 0 0,63 63 63
170,01110011,00000000,1 0 0 0,40 39 40
180,01110011,00000000,1 0 0 0,10 10 10
190,01110011,00000000,1 0 0 0,66 66 66
200,01110011,00000000,1 0 0 0,84 85 85
210,01110011,00000000,1 0 0 0,91 91 91
220,01110011,00000000,1 0 0 0,0 0 0
230,01110011,00000000,1 0 0 0,10 10 10
240,01110011,00000000,1 0 0 0,66 66 66
250,01110011,00000000,1 0 0 0,27 27 27
0,01110011,00000000,1 0 0 0,72 72 72
10,01110011,00000000,1 0 0 0,10 10 10
20,01110011,00000000,1 0 0 0,66 66 66
30,01110011,00000000,1 0 0 0,51 51 51
40,01110011,00000000,1 0 0 0,80 80 80
50,01110011,00000000,0.99871826 -0.0024414062 0.00012207031 -0.049560547,90 90 90
60,01110011,00000000,0.99780273 -0.0007324219 0.00018310547 -0.06573486,91 91 91
70,01110011,00000000,0.99780273 -0.002380371 0.0010986328 -0.06555176,91 91 91
80,01110011,00000000,0.99780273 -0.0024414062 0.0017089844 -0.06549072,34 33 34
90,01110011,00000000,0.99780273 -0.0024414062 0.0021362305 -0.06549072,45 45 46
100,01110011,00000000,0.99786377 -0.0024414062 0.0025024414 -0.06536865,39 39 40
110,01110011,00000000,0.9916992 -0.09051514 0.009765625 -0.09039307,76 81 76
120,01110011,00000000,0.9851074 -0.14172363 0.004638672 -0.0970459,88 91 88
130,01110011,00000000,0.9849243 -0.14312744 0.012756348 -0.096069336,91 91 91
140,01110011,00000000,0.98547363 -0.1404419 0.01550293 -0.09387207,91 91 91
150,01110011,00000000,0.9916992 -0.08532715 0.00793457 -0.09515381,91 92 91
160,01110011,00000000,0.9980469 -0.010864258 0.017456055 -0.058166504,93 97 91
170,01110011,00000000,0.998291 -0.0005493164 0.006225586 -0.057861328,93 97 91
180,01110011,00000000,0.998291 0.0012817383 0.0056762695 -0.057861328,93 97 91
190,01110011,00000000,0.998291 0.0012207031 0.0056762695 -0.057861328,93 97 91
200,01110011,00000000,0.99645996 -0.022399902 0.056152344 -0.05859375,93 97 91
210,01110011,00000000,0.98999023 -0.050598145 0.083740234 -0.101623535,95 97 91
220,01110011,00000000,0.9904785 -0.053710938 0.08538818 -0.09320068,95 97 91
230,01110011,00000000,0.99157715 -0.054992676 0.07684326 -0.08770752,95 97 91
240,01110011,00000000,0.99432373 -0.048095703 0.058044434 -0.07446289,95 97 91
250,01110011,00000000,0.9963989 -0.010192871 0.023925781 -0.0803833,95 97 91
0,01110011,00000000,0.99664307 -0.004272461 0.0079956055 -0.08154297,95 97 91
10,01110011,00000000,0.99664307 -0.0040283203 0.0079956055 -0.08154297,95 97 91
20,01110011,00000000,0.99664307 -0.0041503906 0.008056641 -0.08154297,0 0 0
30,01110011,00000000,0.99664307 -0.0041503906 0.008056641 -0.08154297,0 0 0
40,01110011,00000000,0.99664307 -0.0044555664 0.008300781 -0.08148193,63 63 63
50,01110011,00000000,0.9984741 0.03466797 -0.014465332 -0.03894043,85 89 84
60,01110011,00000000,0.9888916 0.009094238 -0.12414551 -0.08105469,86 93 90
70,01110011,00000000,0.9885864 0.0056152344 -0.12664795 -0.08081055,91 93 91
80,01110011,00000000,0.99401855 0.00579834 -0.07946777 -0.07409668,91 93 91
90,01110011,00000000,0.9971924 0.00048828125 0.00018310547 -0.074035645,92 93 91
100,01110011,00000000,0.9970093 0.0012207031 0.0029907227 -0.07647705,92 93 91
110,01110011,00000000,0.9970093 -0.003967285 0.004638672 -0.076416016,92 93 91
120,01110011,00000000,0.9970093 -0.0040283203 0.0048828125 -0.07635498,10 10 10
130,01110011,00000000,0.9970703 -0.0040283203 0.005065918 -0.07635498,0 0 0
140,01110011,00000000,0.9970703 -0.00390625 0.0052490234 -0.07635498,51 50 51
150,01110011,00000000,0.9970703 -0.00390625 0.0052490234 -0.07635498,80 80 80
160,01110011,00000000,0.9970703 -0.00390625 0.0052490234 -0.07635498,18 19 19
170,01110011,00000000,0.9970703 -0.00390625 0.0052490234 -0.07635498,19 19 19
180,01110011,00000000,0.9970703 -0.00390625 0.0052490234 -0.07635498,69 68 69
190,01110011,00000000,0.9970703 -0.00390625 0.0052490234 -0.07635498,0 0 0
200,01110011,00000000,0.9970703 -0.00390625 0.0052490234 -0.07635498,19 19 19
210,01110011,00000000,0.9970703 -0.00390625 0.0052490234 -0.07635498,69 68 69
220,01110011,00000000,0.9970703 -0.00390625 0.0052490234 -0.07635498,0 0 0
230,01110011,00000000,0.9970703 -0.00390625 0.0052490234 -0.07635498,63 63 63
240,01110011,00000000,0.9970703 -0.00390625 0.0052490234 -0.07635498,0 0 0
250,01110011,00000000,0.9970703 -0.00390625 0.0052490234 -0.07635498,63 63 63
0,01110011,00000000,0.9970703 -0.00390625 0.0052490234 -0.07635498,84 84 84
10,01110011,00000000,0.9970703 -0.00390625 0.0052490234 -0.07635498,90 90 90
20,01110011,00000000,0.9970703 -0.00390625 0.0052490234 -0.07635498,59 59 59
30,01110011,00000000,0.9970703 -0.00390625 0.0052490234 -0.07635498,46 45 46
40,01110011,00000000,0.9970703 -0.00390625 0.0052490234 -0.07635498,78 77 78
50,01110011,00000000,0.9970703 -0.00390625 0.0052490234 -0.07635498,90 89 90
60,01110011,00000000,0.9970703 -0.00390625 0.0052490234 -0.07635498,40 39 40
70,01110011,00000000,0.9970703 -0.00390625 0.0052490234 -0.07635498,33 34 34
80,01110011,00000000,0.9970703 -0.00390625 0.0052490234 -0.07635498,34 34 34
90,01110011,00000000,0.9970703 -0.00390625 0.0052490234 -0.07635498,27 26 27
100,01110011,00000000,0.9970703 -0.00390625 0.0052490234 -0.07635498,34 34 34
110,01110011,00000000,1 0 0 0,45 45 46
120,01110011,00000000,1 0 0 0,55 54 55
130,01110011,00000000,1 0 0 0,46 46 46
140,01110011,00000000,1 0 0 0,78 78 78
150,01110011,00000000,1 0 0 0,34 34 34
160,01110011,00000000,1 0 0 0,74 74 74
170,01110011,00000000,1 0 0 0,0 0 0
180,01110011,00000000,1 0 0 0,55 55 55
190,01110011,00000000,1 0 0 0,81 82 82
200,01110011,00000000,1 0 0 0,19 19 19
210,01110011,00000000,1 0 0 0,69 69 69
220,01110011,00000000,1 0 0 0,18 18 19
230,01110011,00000000,1 0 0 0,51 51 51
240,01110011,00000000,1 0 0 0,0 0 0
250,01110011,00000000,1 0 0 0,40 40 40
0,01110011,00000000,1 0 0 0,76 76 76
10,01110011,00000000,1 0 0 0,85 85 85
20,01110011,00000000,1 0 0 0,18 18 19
30,01110011,00000000,1 0 0 0,10 10 10
40,01110011,00000000,1 0 0 0,66 65 66
50,01110011,00000000,1 0 0 0,0 0 0
60,01110011,00000000,1 0 0 0,10 10 10
70,01110011,00000000,1 0 0 0,46 45 46
80,01110011,00000000,1 0 0 0,33 34 34
90,01110011,00000000,1 0 0 0,10 10 10
100,01110011,00000000,1 0 0 0,66 66 66
110,01110011,00000000,1 0 0 0,85 85 85
120,01110011,00000000,1 0 0 0,55 55 55
130,01110011,00000000,1 0 0 0,50 51 51
140,01110011,00000000,1 0 0 0,59 59 59
150,01110011,00000000,1 0 0 0,83 83 83
160,01110011,00000000,1 0 0 0,34 33 34
170,01110011,00000000,1 0 0 0,27 27 27
180,01110011,00000000,1 0 0 0,39 39 40
190,01110011,00000000,1 0 0 0,76 76 76
200,01110011,00000000,1 0 0 0,89 89 89
210,01110011,00000000,1 0 0 0,91 91 91
220,01110011,00000000,1 0 0 0,0 0 0
230,01110011,00000000,1 0 0 0,63 62 63
240,01110011,00000000,1 0 0 0,0 0 0
250,01110011,00000000,1 0 0 0,10 9 10
0,01110011,00000000,1 0 0 0,0 0 0
10,01110011,00000000,1 0 0 0,46 46 46
20,01110011,00000000,1 0 0 0,78 78 78
30,01110011,00000000,1 0 0 0,59 59 59
40,01110011,00000000,1 0 0 0,27 27 27
50,01110011,00000000,1 0 0 0,72 72 72
60,01110011,00000000,1 0 0 0,39 40 40
70,01110011,00000000,1 0 0 0,55 55 55
80,01110011,00000000,1 0 0 0,0 0 0
90,01110011,00000000,1 0 0 0,63 63 63
100,01110011,00000000,1 0 0 0,18 18 19
110,01110011,00000000,1 0 0 0,19 18 19
120,01110011,00000000,1 0 0 0,59 58 59
130,01110011,00000000,1 0 0 0,27 26 27
140,01110011,00000000,1 0 0 0,72 72 72
150,01110011,00000000,1 0 0 0,86 87 87
160,01110011,00000000,1 0 0 0,10 10 10
170,01110011,00000000,1 0 0 0,66 66 66
180,01110011,00000000,1 0 0 0,10 9 10
0,01100001,00000000,1 0 0 0,0 0 0
10,01100001,00000000,0.0592041 0.94403076 0.3244629 0,0 0 0
20,01100001,00000000,0.0592041 0.94403076 0.3244629 0,0 0 0
30,01110011,00000000,0.99993896 0 0 0,0 0 0
40,01110011,00000000,0.99993896 0 0 0,27 27 27
50,01110011,00000000,0.99993896 0 0 0,71 71 72
60,01110011,00000000,0.99993896 0 0 0,27 26 27
70,01110011,00000000,0.99993896 0 0 0,10 10 10
80,01110011,00000000,0.99993896 0 0 0,66 66 66
90,01110011,00000000,0.99993896 0 0 0,18 19 19
100,01110011,00000000,0.99993896 0 0 0,18 18 19
110,01110011,00000000,0.99993896 0 0 0,59 59 59
120,01110011,00000000,0.99993896 0 0 0,40 40 40
130,01110011,00000000,0.99993896 0 0 0,45 46 46
140,01110011,00000000,0.99993896 0 0 0,26 27 27
150,01110011,00000000,0.99993896 0 0 0,72 72 72
160,01110011,00000000,0.99993896 0 0 0,87 87 87
170,01110011,00000000,0.99993896 0 0 0,10 10 10
180,01110011,00000000,0.99993896 0 0 0,66 66 66
190,01110011,00000000,0.99993896 0 0 0,10 10 10
200,01110011,00000000,0.99993896 0 0 0,55 55 55
210,01110011,00000000,0.99993896 0 0 0,40 39 40
220,01110011,00000000,0.99993896 0 0 0,45 45 46
230,01110011,00000000,0.99993896 0 0 0,18 19 19
240,01110011,00000000,0.99993896 0 0 0,69 69 69
250,01110011,00000000,0.99993896 0 0 0,19 18 19
0,01110011,00000000,0.99993896 0 0 0,51 51 51
10,01110011,00000000,0.99993896 0 0 0,40 40 40
20,01110011,00000000,0.99993896 0 0 0,34 33 34
30,01110011,00000000,0.99993896 0 0 0,59 59 59
40,01110011,00000000,0.99993896 0 0 0,10 10 10
50,01110011,00000000,0.99993896 0 0 0,10 10 10
60,01110011,00000000,0.99993896 0 0 0,40 40 40
70,01110011,00000000,0.99993896 0 0 0,76 76 76
80,01110011,00000000,0.99993896 0 0 0,27 26 27
90,01110011,00000000,0.99993896 0 0 0,33 33 34
100,01110011,00000000,0.99993896 0 0 0,73 73 74
110,01110011,00000000,0.99993896 0 0 0,87 87 88
120,01110011,00000000,0.99993896 0 0 0,27 26 27
130,01110011,00000000,0.99993896 0 0 0,51 50 51
140,01110011,00000000,0.99993896 0 0 0,80 80 80
150,01110011,00000000,0.99993896 0 0 0,40 39 40
160,01110011,00000000,0.99993896 0 0 0,75 75 76
170,01110011,00000000,0.99993896 0 0 0,88 88 89
0,01100001,00000000,0.99993896 0 0 0,27 26 27
10,01100001,00000000,0.059692383 0.9472046 0.31506348 0,0 0 0
20,01110011,00000000,1 0 0 0,0 0 0
30,01110011,00000000,1 0 0 0,46 46 46
40,01110011,00000000,1 0 0 0,78 78 78
50,01110011,00000000,1 0 0 0,90 90 90
60,01110011,00000000,1 0 0 0,91 91 91
70,01110011,00000000,1 0 0 0,91 91 91
80,01110011,00000000,1 0 0 0,91 91 91
90,01110011,00000000,1 0 0 0,91 91 91
100,01110011,00000000,1 0 0 0,91 91 91
110,01110011,00000000,1 0 0 0,91 91 91
120,01110011,00000000,1 0 0 0,91 91 91
130,01110011,00000000,1 0 0 0,91 91 91
140,01110011,00000000,1 0 0 0,91 91 91
150,01110011,00000000,1 0 0 0,91 91 91
160,01110011,00000000,1 0 0 0,91 91 91
170,01110011,00000000,1 0 0 0,91 91 91
180,01110011,00000000,1 0 0 0,91 91 91
190,01110011,00000000,1 0 0 0,91 91 91
200,01110011,00000000,1 0 0 0,91 91 91
210,01110011,00000000,1 0 0 0,91 91 91
220,01110011,00000000,1 0 0 0,91 91 91
230,01110011,00000000,1 0 0 0,91 91 91
240,01110011,00000000,1 0 0 0,91 91 91
250,01110011,00000000,1 0 0 0,91 91 91
0,01110011,00000000,1 0 0 0,91 91 91
10,01110011,00000000,1 0 0 0,91 91 91
20,01110011,00000000,1 0 0 0,91 91 91
30,01110011,00000000,1 0 0 0,91 91 91
40,01110011,00000000,1 0 0 0,91 91 91
50,01110011,00000000,1 0 0 0,91 91 91
60,01110011,00000000,1 0 0 0,91 91 91
70,01110011,00000000,1 0 0 0,91 91 91
80,01110011,00000000,1 0 0 0,91 91 91
90,01110011,00000000,1 0 0 0,91 91 91
100,01110011,00000000,1 0 0 0,91 91 91
110,01110011,00000000,1 0 0 0,91 91 91
120,01110011,00000000,1 0 0 0,91 91 91
130,01110011,00000000,1 0 0 0,91 91 91
140,01110011,00000000,1 0 0 0,91 91 91
150,01110011,00000000,1 0 0 0,91 91 91
160,01110011,00000000,1 0 0 0,91 91 91
170,01110011,00000000,1 0 0 0,91 91 91
180,01110011,00000000,1 0 0 0,91 91 91
190,01110011,00000000,1 0 0 0,91 91 91
200,01110011,00000000,1 0 0 0,91 91 91
210,01110011,00000000,1 0 0 0,91 91 91
220,01110011,00000000,1 0 0 0,91 91 91
230,01110011,00000000,1 0 0 0,91 91 91
240,01110011,00000000,1 0 0 0,91 91 91
250,01110011,00000000,1 0 0 0,91 91 91
0,01110011,00000000,1 0 0 0,91 91 91
10,01110011,00000000,1 0 0 0,91 91 91
20,01110011,00000000,1 0 0 0,91 91 91
30,01110011,00000000,1 0 0 0,91 91 91
40,01110011,00000000,1 0 0 0,91 91 91
50,01110011,00000000,1 0 0 0,91 91 91
60,01110011,00000000,1 0 0 0,91 91 91
70,01110011,00000000,1 0 0 0,91 91 91
80,01110011,00000000,1 0 0 0,91 91 91
90,01110011,00000000,1 0 0 0,91 91 91
100,01110011,00000000,1 0 0 0,54 54 54
110,01110011,00000000,1 0 0 0,81 81 81
120,01110011,00000000,1 0 0 0,90 91 91
130,01110011,00000000,1 0 0 0,91 91 91
140,01110011,00000000,1 0 0 0,91 91 91
150,01110011,00000000,1 0 0 0,91 91 91
160,01110011,00000000,1 0 0 0,91 91 91
170,01110011,00000000,1 0 0 0,91 91 91
180,01110011,00000000,1 0 0 0,59 59 59
190,01110011,00000000,1 0 0 0,50 50 50
200,01110011,00000000,1 0 0 0,80 79 80
210,01110011,00000000,1 0 0 0,90 90 90
220,01110011,00000000,1 0 0 0,45 45 45
230,01110011,00000000,1 0 0 0,78 78 77
240,01110011,00000000,1 0 0 0,90 90 89
250,01110011,00000000,1 0 0 0,58 58 58
0,01110011,00000000,1 0 0 0,82 82 82
10,01110011,00000000,1 0 0 0,88 88 88
20,01110011,00000000,1 0 0 0,91 91 91
30,01110011,00000000,1 0 0 0,91 91 91
40,01110011,00000000,1 0 0 0,91 91 91
50,01110011,00000000,1 0 0 0,34 33 34
60,01110011,00000000,1 0 0 0,74 74 74
70,01110011,00000000,1 0 0 0,87 88 87
80,01110011,00000000,1 0 0 0,91 91 91
90,01110011,00000000,1 0 0 0,18 18 18
100,01110011,00000000,1 0 0 0,68 69 69
110,01110011,00000000,1 0 0 0,85 86 86
120,01110011,00000000,1 0 0 0,91 91 91
130,01110011,00000000,1 0 0 0,91 91 91
140,01110011,00000000,1 0 0 0,91 91 91
150,01110011,00000000,1 0 0 0,55 55 55
160,01110011,00000000,1 0 0 0,81 82 82
170,01110011,00000000,1 0 0 0,91 91 91
180,01110011,00000000,1 0 0 0,91 91 91
190,01110011,00000000,1 0 0 0,55 55 55
200,01110011,00000000,1 0 0 0,82 81 81
210,01110011,00000000,1 0 0 0,18 18 18
220,01110011,00000000,1 0 0 0,10 10 10
230,01110011,00000000,1 0 0 0,65 66 65
240,01110011,00000000,1 0 0 0,0 0 0
250,01110011,00000000,1 0 0 0,62 63 62
0,01110011,00000000,1 0 0 0,83 83 83
10,01110011,00000000,1 0 0 0,89 89 89
20,01110011,00000000,1 0 0 0,91 91 91
30,01110011,00000000,1 0 0 0,91 91 91
40,01110011,00000000,1 0 0 0,46 45 46
50,01110011,00000000,1 0 0 0,78 78 78
60,01110011,00000000,1 0 0 0,90 89 90
70,01110011,00000000,1 0 0 0,18 18 19
80,01110011,00000000,1 0 0 0,27 26 26
90,01110011,00000000,1 0 0 0,71 71 72
100,01110011,00000000,1 0 0 0,86 86 86
110,01110011,00000000,1 0 0 0,40 39 40
120,01110011,00000000,1 0 0 0,76 76 76
130,01110011,00000000,1 0 0 0,88 88 89
140,01110011,00000000,1 0 0 0,91 91 91
150,01110011,00000000,1 0 0 0,91 91 91
160,01110011,00000000,1 0 0 0,91 91 91
170,01110011,00000000,1 0 0 0,91 91 91
180,01110011,00000000,1 0 0 0,91 91 91
190,01110011,00000000,1 0 0 0,91 91 91
200,01110011,00000000,1 0 0 0,91 91 91
210,01110011,00000000,1 0 0 0,91 91 91
220,01110011,00000000,1 0 0 0,91 91 91
230,01110011,00000000,1 0 0 0,91 91 91
240,01110011,00000000,1 0 0 0,10 10 10
250,01110011,00000000,1 0 0 0,65 65 66
0,01110011,00000000,1 0 0 0,84 84 85
10,01110011,00000000,1 0 0 0,90 90 90
20,01110011,00000000,1 0 0 0,91 91 91
30,01110011,00000000,1 0 0 0,91 91 91
40,01110011,00000000,1 0 0 0,91 91 91
50,01110011,00000000,1 0 0 0,91 91 91
60,01110011,00000000,1 0 0 0,91 91 91
70,01110011,00000000,1 0 0 0,0 0 0
80,01110011,00000000,1 0 0 0,63 63 63
90,01110011,00000000,1 0 0 0,83 83 84
100,01110011,00000000,1 0 0 0,91 91 91
110,01110011,00000000,1 0 0 0,59 58 59
120,01110011,00000000,1 0 0 0,45 46 46
130,01110011,00000000,1 0 0 0,33 33 34
140,01110011,00000000,1 0 0 0,73 73 74
150,01110011,00000000,1 0 0 0,87 87 88
160,01110011,00000000,1 0 0 0,91 91 91
170,01110011,00000000,1 0 0 0,34 34 34
180,01110011,00000000,1 0 0 0,74 74 74
190,01110011,00000000,1 0 0 0,87 88 88
200,01110011,00000000,1 0 0 0,10 10 10
210,01110011,00000000,1 0 0 0,59 59 58
220,01110011,00000000,1 0 0 0,82 82 82
230,01110011,00000000,1 0 0 0,45 45 46
240,01110011,00000000,1 0 0 0,46 45 45
250,01110011,00000000,1 0 0 0,78 77 78
0,01110011,00000000,1 0 0 0,45 45 45
10,01110011,00000000,1 0 0 0,69 68 68
20,01110011,00000000,1 0 0 0,10 10 10
30,01110011,00000000,1 0 0 0,66 65 66
40,01110011,00000000,1 0 0 0,34 34 34
50,01110011,00000000,1 0 0 0,74 74 74
60,01110011,00000000,1 0 0 0,87 87 87
70,01110011,00000000,1 0 0 0,91 91 91
80,01110011,00000000,1 0 0 0,91 91 91
90,01110011,00000000,1 0 0 0,91 91 91
100,01110011,00000000,1 0 0 0,91 91 91
110,01110011,00000000,1 0 0 0,91 91 91
120,01110011,00000000,1 0 0 0,91 91 91
130,01110011,00000000,1 0 0 0,91 91 91
140,01110011,00000000,1 0 0 0,91 91 91
150,01110011,00000000,1 0 0 0,18 18 18
160,01110011,00000000,1 0 0 0,69 69 68
170,01110011,00000000,1 0 0 0,0 0 0
180,01110011,00000000,1 0 0 0,63 62 63
190,01110011,00000000,1 0 0 0,84 83 84
200,01110011,00000000,1 0 0 0,10 10 10
210,01110011,00000000,1 0 0 0,66 66 65
220,01110011,00000000,1 0 0 0,85 85 84
230,01110011,00000000,1 0 0 0,91 91 91
240,01110011,00000000,1 0 0 0,91 91 91
250,01110011,00000000,1 0 0 0,91 91 91
0,01110011,00000000,1 0 0 0,91 91 91
10,01110011,00000000,1 0 0 0,91 91 91
20,01110011,00000000,1 0 0 0,50 50 50
30,01110011,00000000,1 0 0 0,80 80 80
40,01110011,00000000,1 0 0 0,90 90 91
50,01110011,00000000,1 0 0 0,91 91 91
60,01110011,00000000,1 0 0 0,91 91 91
70,01110011,00000000,1 0 0 0,91 91 91
80,01110011,00000000,1 0 0 0,91 91 91
90,01110011,00000000,1 0 0 0,91 91 91
100,01110011,00000000,1 0 0 0,10 9 10
110,01110011,00000000,1 0 0 0,26 27 27
120,01110011,00000000,1 0 0 0,50 50 51
130,01110011,00000000,1 0 0 0,80 80 80
140,01110011,00000000,1 0 0 0,90 90 90
150,01110011,00000000,1 0 0 0,91 91 91
160,01110011,00000000,1 0 0 0,91 91 91
170,01110011,00000000,1 0 0 0,91 91 91
180,01110011,00000000,1 0 0 0,19 18 18
190,01110011,00000000,1 0 0 0,69 68 69
200,01110011,00000000,1 0 0 0,86 85 85
210,01110011,00000000,1 0 0 0,91 91 91
220,01110011,00000000,1 0 0 0,55 55 55
230,01110011,00000000,1 0 0 0,55 54 55
240,01110011,00000000,1 0 0 0,82 81 82
250,01110011,00000000,1 0 0 0,10 9 10
0,01110011,00000000,1 0 0 0,66 66 66
10,01110011,00000000,1 0 0 0,80 80 80
20,01110011,00000000,1 0 0 0,90 90 90
30,01110011,00000000,1 0 0 0,91 91 91
40,01110011,00000000,1 0 0 0,91 91 91
50,01110011,00000000,1 0 0 0,91 91 91
60,01110011,00000000,1 0 0 0,91 91 91
70,01110011,00000000,1 0 0 0,91 91 91
80,01110011,00000000,1 0 0 0,91 91 91
90,01110011,00000000,1 0 0 0,91 91 91
100,01110011,00000000,1 0 0 0,39 40 40
110,01110011,00000000,1 0 0 0,76 76 76
120,01110011,00000000,1 0 0 0,89 89 89
130,01110011,00000000,1 0 0 0,10 10 10
140,01110011,00000000,1 0 0 0,65 66 66
150,01110011,00000000,1 0 0 0,26 27 27
160,01110011,00000000,1 0 0 0,72 72 72
170,01110011,00000000,1 0 0 0,87 87 87
180,01110011,00000000,1 0 0 0,91 91 91
190,01110011,00000000,1 0 0 0,51 51 50
200,01110011,00000000,1 0 0 0,80 80 80
210,01110011,00000000,1 0 0 0,0 0 0
220,01110011,00000000,1 0 0 0,63 63 63
230,01110011,00000000,1 0 0 0,83 83 84
240,01110011,00000000,1 0 0 0,91 91 91
250,01110011,00000000,1 0 0 0,91 91 91
0,01110011,00000000,1 0 0 0,91 91 91
10,01110011,00000000,1 0 0 0,40 40 40
20,01110011,00000000,1 0 0 0,19 19 19
30,01110011,00000000,1 0 0 0,69 69 69
40,01110011,00000000,1 0 0 0,86 86 86
50,01110011,00000000,1 0 0 0,91 91 91
60,01110011,00000000,1 0 0 0,91 91 91
70,01110011,00000000,1 0 0 0,91 91 91
80,01110011,00000000,1 0 0 0,59 59 59
90,01110011,00000000,1 0 0 0,51 51 51
100,01110011,00000000,1 0 0 0,80 80 80
110,01110011,00000000,1 0 0 0,91 91 91
120,01110011,00000000,1 0 0 0,34 34 34
130,01110011,00000000,1 0 0 0,74 74 74
140,01110011,00000000,1 0 0 0,51 51 51
150,01110011,00000000,1 0 0 0,80 80 80
160,01110011,00000000,1 0 0 0,40 40 40
170,01110011,00000000,1 0 0 0,76 76 76
180,01110011,00000000,1 0 0 0,46 46 46
190,01110011,00000000,1 0 0 0,78 78 78
200,01110011,00000000,1 0 0 0,90 90 90
210,01110011,00000000,1 0 0 0,91 91 91
220,01110011,00000000,1 0 0 0,27 27 27
230,01110011,00000000,1 0 0 0,72 72 72
240,01110011,00000000,1 0 0 0,87 87 87
250,01110011,00000000,1 0 0 0,91 91 91
0,01110011,00000000,1 0 0 0,91 91 91
10,01110011,00000000,1 0 0 0,91 91 91
20,01110011,00000000,1 0 0 0,91 91 91
30,01110011,00000000,1 0 0 0,46 46 46
40,01110011,00000000,1 0 0 0,78 78 78
50,01110011,00000000,1 0 0 0,90 90 90
60,01110011,00000000,1 0 0 0,91 91 91
70,01110011,00000000,1 0 0 0,91 91 91
80,01110011,00000000,1 0 0 0,91 91 91
90,01110011,00000000,1 0 0 0,91 91 91
100,01110011,00000000,1 0 0 0,91 91 91
110,01110011,00000000,1 0 0 0,40 40 40
120,01110011,00000000,1 0 0 0,76 76 76
130,01110011,00000000,1 0 0 0,89 89 89
140,01110011,00000000,1 0 0 0,91 91 91
150,01110011,00000000,1 0 0 0,91 91 91
160,01110011,00000000,1 0 0 0,91 91 91
170,01110011,00000000,1 0 0 0,91 91 91
180,01110011,00000000,1 0 0 0,91 91 91
190,01110011,00000000,1 0 0 0,91 91 91
200,01110011,00000000,1 0 0 0,51 51 51
210,01110011,00000000,1 0 0 0,80 80 80
220,01110011,00000000,1 0 0 0,46 46 46
230,01110011,00000000,1 0 0 0,46 46 46
240,01110011,00000000,1 0 0 0,78 78 78
250,01110011,00000000,1 0 0 0,90 90 90
0,01110011,00000000,1 0 0 0,46 46 46
10,01110011,00000000,1 0 0 0,69 69 69
20,01110011,00000000,1 0 0 0,86 86 86
30,01110011,00000000,1 0 0 0,91 91 91
40,01110011,00000000,1 0 0 0,91 91 91
50,01110011,00000000,1 0 0 0,91 91 91
60,01110011,00000000,1 0 0 0,91 91 91
70,01110011,00000000,1 0 0 0,91 91 91
80,01110011,00000000,1 0 0 0,91 91 91
90,01110011,00000000,1 0 0 0,46 46 46
100,01110011,00000000,1 0 0 0,78 78 78
110,01110011,00000000,1 0 0 0,90 90 90
120,01110011,00000000,1 0 0 0,0 0 0
130,01110011,00000000,1 0 0 0,63 63 63
140,01110011,00000000,1 0 0 0,84 84 84
150,01110011,00000000,1 0 0 0,34 34 34
160,01110011,00000000,1 0 0 0,19 19 19
170,01110011,00000000,1 0 0 0,69 69 69
180,01110011,00000000,1 0 0 0,27 27 27
190,01110011,00000000,1 0 0 0,72 72 72
200,01110011,00000000,1 0 0 0,0 0 0
210,01110011,00000000,1 0 0 0,63 63 63
220,01110011,00000000,1 0 0 0,84 84 84
230,01110011,00000000,1 0 0 0,55 55 55
240,01110011,00000000,1 0 0 0,82 82 82
250,01110011,00000000,1 0 0 0,91 91 91
0,01110011,00000000,1 0 0 0,91 91 91
10,01110011,00000000,1 0 0 0,91 91 91
20,01110011,00000000,1 0 0 0,59 59 59
30,01110011,00000000,1 0 0 0,0 0 0
40,01110011,00000000,1 0 0 0,63 63 63
50,01110011,00000000,1 0 0 0,46 46 46
60,01110011,00000000,1 0 0 0,78 78 78
70,01110011,00000000,1 0 0 0,46 46 46
80,01110011,00000000,1 0 0 0,78 78 78
90,01110011,00000000,1 0 0 0,19 19 19
100,01110011,00000000,1 0 0 0,34 34 34
110,01110011,00000000,1 0 0 0,74 74 74
120,01110011,00000000,1 0 0 0,55 55 55
130,01110011,00000000,1 0 0 0,82 82 82
140,01110011,00000000,1 0 0 0,19 19 19
150,01110011,00000000,1 0 0 0,69 69 69
160,01110011,00000000,1 0 0 0,86 86 86
170,01110011,00000000,1 0 0 0,91 91 91
180,01110011,00000000,1 0 0 0,91 91 91
190,01110011,00000000,1 0 0 0,0 0 0
200,01110011,00000000,1 0 0 0,63 63 63
210,01110011,00000000,1 0 0 0,84 84 84
220,01110011,00000000,1 0 0 0,51 51 51
230,01110011,00000000,1 0 0 0,80 80 80
240,01110011,00000000,1 0 0 0,91 91 91
250,01110011,00000000,1 0 0 0,46 46 46
0,01110011,00000000,1 0 0 0,78 78 78
10,01110011,00000000,1 0 0 0,86 86 86
20,01110011,00000000,1 0 0 0,91 91 91
30,01110011,00000000,1 0 0 0,91 91 91
40,01110011,00000000,1 0 0 0,91 91 91
50,01110011,00000000,1 0 0 0,91 91 91
60,01110011,00000000,1 0 0 0,91 91 91
70,01110011,00000000,1 0 0 0,91 91 91
80,01110011,00000000,1 0 0 0,55 55 55
90,01110011,00000000,1 0 0 0,82 82 82
100,01110011,00000000,1 0 0 0,91 91 91
110,01110011,00000000,1 0 0 0,46 46 46
120,01110011,00000000,1 0 0 0,19 19 19
130,01110011,00000000,1 0 0 0,69 69 69
140,01110011,00000000,1 0 0 0,86 86 86
150,01110011,00000000,1 0 0 0,46 46 46
160,01110011,00000000,1 0 0 0,78 78 78
170,01110011,00000000,1 0 0 0,90 90 90
180,01110011,00000000,1 0 0 0,91 91 91
190,01110011,00000000,1 0 0 0,91 91 91
200,01110011,00000000,1 0 0 0,55 55 55
210,01110011,00000000,1 0 0 0,82 82 82
220,01110011,00000000,1 0 0 0,91 91 91
230,01110011,00000000,1 0 0 0,0 0 0
240,01110011,00000000,1 0 0 0,63 63 63
250,01110011,00000000,1 0 0 0,84 84 84
0,01110011,00000000,1 0 0 0,91 91 91
10,01110011,00000000,1 0 0 0,91 91 91
20,01110011,00000000,1 0 0 0,91 91 91
30,01110011,00000000,1 0 0 0,91 91 91
40,01110011,00000000,1 0 0 0,40 40 40
50,01110011,00000000,1 0 0 0,76 76 76
60,01110011,00000000,1 0 0 0,34 34 34
70,01110011,00000000,1 0 0 0,74 74 74
80,01110011,00000000,1 0 0 0,88 88 88
90,01110011,00000000,1 0 0 0,91 91 91
100,01110011,00000000,1 0 0 0,0 0 0
110,01110011,00000000,1 0 0 0,63 63 63
120,01110011,00000000,1 0 0 0,84 84 84
130,01110011,00000000,1 0 0 0,91 91 91
140,01110011,00000000,1 0 0 0,91 91 91
150,01110011,00000000,1 0 0 0,91 91 91
160,01110011,00000000,1 0 0 0,34 34 34
170,01110011,00000000,1 0 0 0,74 74 74
180,01110011,00000000,1 0 0 0,88 88 88
190,01110011,00000000,1 0 0 0,91 91 91
200,01110011,00000000,1 0 0 0,46 46 46
210,01110011,00000000,1 0 0 0,78 78 78
220,01110011,00000000,1 0 0 0,90 90 90
230,01110011,00000000,1 0 0 0,91 91 91
240,01110011,00000000,1 0 0 0,91 91 91
250,01110011,00000000,1 0 0 0,46 46 46
0,01110011,00000000,1 0 0 0,78 78 78
10,01110011,00000000,1 0 0 0,86 86 86
20,01110011,00000000,1 0 0 0,91 91 91
30,01110011,00000000,1 0 0 0,91 91 91
40,01110011,00000000,1 0 0 0,91 91 91
50,01110011,00000000,1 0 0 0,46 46 46
60,01110011,00000000,1 0 0 0,78 78 78
70,01110011,00000000,1 0 0 0,90 90 90
80,01110011,00000000,1 0 0 0,91 91 91
90,01110011,00000000,1 0 0 0,91 91 91
100,01110011,00000000,1 0 0 0,40 40 40
110,01110011,00000000,1 0 0 0,76 76 76
120,01110011,00000000,1 0 0 0,40 40 40
130,01110011,00000000,1 0 0 0,76 76 76
140,01110011,00000000,1 0 0 0,89 89 89
150,01110011,00000000,1 0 0 0,91 91 91
160,01110011,00000000,1 0 0 0,91 91 91
170,01110011,00000000,1 0 0 0,40 40 40
180,01110011,00000000,1 0 0 0,19 19 19
190,01110011,00000000,1 0 0 0,69 69 69
200,01110011,00000000,1 0 0 0,86 86 86
210,01110011,00000000,1 0 0 0,91 91 91
220,01110011,00000000,1 0 0 0,91 91 91
230,01110011,00000000,1 0 0 0,91 91 91
240,01110011,00000000,1 0 0 0,91 91 91
250,01110011,00000000,1 0 0 0,91 91 91
0,01110011,00000000,1 0 0 0,91 91 91
10,01110011,00000000,1 0 0 0,91 91 91
20,01110011,00000000,1 0 0 0,0 0 0
30,01110011,00000000,1 0 0 0,63 63 63
40,01110011,00000000,1 0 0 0,84 84 84
50,01110011,00000000,1 0 0 0,91 91 91
60,01110011,00000000,1 0 0 0,91 91 91
70,01110011,00000000,1 0 0 0,91 91 91
80,01110011,00000000,1 0 0 0,91 91 91
90,01110011,00000000,1 0 0 0,91 91 91
100,01110011,00000000,1 0 0 0,91 91 91
110,01110011,00000000,1 0 0 0,55 55 55
120,01110011,00000000,1 0 0 0,82 82 82
130,01110011,00000000,1 0 0 0,91 91 91
140,01110011,00000000,1 0 0 0,91 91 91
150,01110011,00000000,1 0 0 0,51 51 51
160,01110011,00000000,1 0 0 0,0 0 0
170,01110011,00000000,1 0 0 0,63 63 63
180,01110011,00000000,1 0 0 0,84 84 84
190,01110011,00000000,1 0 0 0,91 91 91
200,01110011,00000000,1 0 0 0,91 91 91
210,01110011,00000000,1 0 0 0,91 91 91
220,01110011,00000000,1 0 0 0,46 46 46
230,01110011,00000000,1 0 0 0,78 78 78
240,01110011,00000000,1 0 0 0,10 10 10
250,01110011,00000000,1 0 0 0,51 51 51
0,01110011,00000000,1 0 0 0,55 55 55
10,01110011,00000000,1 0 0 0,74 74 74
20,01110011,00000000,1 0 0 0,19 19 19
30,01110011,00000000,1 0 0 0,69 69 69
40,01110011,00000000,1 0 0 0,86 86 86
50,01110011,00000000,1 0 0 0,91 91 91
60,01110011,00000000,1 0 0 0,91 91 91
70,01110011,00000000,1 0 0 0,91 91 91
80,01110011,00000000,1 0 0 0,91 91 91
90,01110011,00000000,1 0 0 0,91 91 91
100,01110011,00000000,1 0 0 0,91 91 91
110,01110011,00000000,1 0 0 0,27 27 27
120,01110011,00000000,1 0 0 0,46 46 46
130,01110011,00000000,1 0 0 0,78 78 78
140,01110011,00000000,1 0 0 0,90 90 90
150,01110011,00000000,1 0 0 0,27 27 27
160,01110011,00000000,1 0 0 0,27 27 27
170,01110011,00000000,1 0 0 0,59 59 59
180,01110011,00000000,1 0 0 0,83 83 83
190,01110011,00000000,1 0 0 0,91 91 91
200,01110011,00000000,1 0 0 0,91 91 91
210,01110011,00000000,1 0 0 0,91 91 91
220,01110011,00000000,1 0 0 0,59 59 59
230,01110011,00000000,1 0 0 0,83 83 83
240,01110011,00000000,1 0 0 0,91 91 91
250,01110011,00000000,1 0 0 0,91 91 91
0,01110011,00000000,1 0 0 0,55 55 55
10,01110011,00000000,1 0 0 0,0 0 0
20,01110011,00000000,1 0 0 0,63 63 63
30,01110011,00000000,1 0 0 0,84 84 84
40,01110011,00000000,1 0 0 0,91 91 91
50,01110011,00000000,1 0 0 0,40 40 40
60,01110011,00000000,1 0 0 0,76 76 76
70,01110011,00000000,1 0 0 0,89 89 89
80,01110011,00000000,1 0 0 0,91 91 91
90,01110011,00000000,1 0 0 0,91 91 91
100,01110011,00000000,1 0 0 0,91 91 91
110,01110011,00000000,1 0 0 0,91 91 91
120,01110011,00000000,1 0 0 0,91 91 91
130,01110011,00000000,1 0 0 0,91 91 91
140,01110011,00000000,1 0 0 0,51 51 51
150,01110011,00000000,1 0 0 0,19 19 19
160,01110011,00000000,1 0 0 0,69 69 69
170,01110011,00000000,1 0 0 0,86 86 86
180,01110011,00000000,1 0 0 0,91 91 91
190,01110011,00000000,1 0 0 0,0 0 0
200,01110011,00000000,1 0 0 0,63 63 63
210,01110011,00000000,1 0 0 0,84 84 84
220,01110011,00000000,1 0 0 0,91 91 91
230,01110011,00000000,1 0 0 0,91 91 91
0,01100001,00000000,1 0 0 0,91 91 91
10,01100001,00000000,0.059692383 0.9446411 0.32263184 6.1035156E-05,0 0 0
20,01100001,00000000,0.059692383 0.9446411 0.32263184 6.1035156E-05,0 0 0
30,01110011,00000000,1 0 0 0,0 0 0
40,01110011,00000000,1 0 0 0,46 46 46
50,01110011,00000000,1 0 0 0,78 78 78
60,01110011,00000000,1 0 0 0,90 90 90
70,01110011,00000000,1 0 0 0,91 91 91
80,01110011,00000000,1 0 0 0,91 91 91
90,01110011,00000000,1 0 0 0,91 91 91
100,01110011,00000000,1 0 0 0,91 91 91
110,01110011,00000000,1 0 0 0,91 91 91
120,01110011,00000000,1 0 0 0,91 91 91
130,01110011,00000000,1 0 0 0,91 91 91
140,01110011,00000000,1 0 0 0,91 91 91
150,01110011,00000000,1 0 0 0,91 91 91
160,01110011,00000000,1 0 0 0,91 91 91
170,01110011,00000000,1 0 0 0,91 91 91
180,01110011,00000000,1 0 0 0,91 91 91
190,01110011,00000000,1 0 0 0,91 91 91
200,01110011,00000000,1 0 0 0,91 91 91
210,01110011,00000000,1 0 0 0,34 33 33
220,01110011,00000000,1 0 0 0,74 73 74
230,01110011,00000000,1 0 0 0,0 0 0
240,01110011,00000000,1 0 0 0,63 63 62
250,01110011,00000000,1 0 0 0,50 51 51
0,01110011,00000000,1 0 0 0,79 80 80
10,01110011,00000000,1 0 0 0,86 87 87
20,01110011,00000000,1 0 0 0,91 91 91
30,01110011,00000000,1 0 0 0,91 91 91
40,01110011,00000000,1 0 0 0,91 91 91
50,01110011,00000000,1 0 0 0,91 91 91
60,01110011,00000000,1 0 0 0,91 91 91
70,01110011,00000000,1 0 0 0,91 91 91
80,01110011,00000000,1 0 0 0,91 91 91
90,01110011,00000000,1 0 0 0,91 91 91
100,01110011,00000000,1 0 0 0,91 91 91
110,01110011,00000000,1 0 0 0,91 91 91
120,01110011,00000000,1 0 0 0,91 91 91
130,01110011,00000000,1 0 0 0,91 91 91
140,01110011,00000000,1 0 0 0,91 91 91
150,01110011,00000000,1 0 0 0,91 91 91
160,01110011,00000000,1 0 0 0,51 50 50
170,01110011,00000000,1 0 0 0,80 79 80
180,01110011,00000000,1 0 0 0,90 90 91
190,01110011,00000000,1 0 0 0,91 91 91
200,01110011,00000000,1 0 0 0,91 91 91
210,01110011,00000000,1 0 0 0,91 91 91
220,01110011,00000000,1 0 0 0,91 91 91
230,01110011,00000000,1 0 0 0,91 91 91
240,01110011,00000000,1 0 0 0,91 91 91
250,01110011,00000000,1 0 0 0,91 91 91
0,01110011,00000000,1 0 0 0,91 91 91
10,01110011,00000000,1 0 0 0,91 91 91
20,01110011,00000000,1 0 0 0,91 91 91
0,01100001,00000000,1 0 0 0,45 45 45
10,01100001,00000000,0.058898926 0.94836426 0.31170654 0,0 0 0
20,01100001,00000000,0.058898926 0.94836426 0.31170654 0,0 0 0
30,01100001,00000000,0.058898926 0.94836426 0.31170654 0,0 0 0
40,01110011,00000000,1 0 0 0,0 0 0
50,01110011,00000000,1 0 0 0,46 46 46
60,01110011,00000000,1 0 0 0,78 78 78
70,01110011,00000000,1 0 0 0,90 90 90
80,01110011,00000000,1 0 0 0,91 91 91
90,01110011,00000000,1 0 0 0,91 91 91
100,01110011,00000000,1 0 0 0,91 91 91
110,01110011,00000000,1 0 0 0,91 91 91
120,01110011,00000000,1 0 0 0,91 91 91
130,01110011,00000000,1 0 0 0,91 91 91
140,01110011,00000000,1 0 0 0,91 91 91
150,01110011,00000000,1 0 0 0,91 91 91
160,01110011,00000000,1 0 0 0,91 91 91
170,01110011,00000000,1 0 0 0,91 91 91
180,01110011,00000000,1 0 0 0,45 46 45
190,01110011,00000000,1 0 0 0,33 33 34
200,01110011,00000000,1 0 0 0,18 18 19
210,01110011,00000000,1 0 0 0,68 69 68
220,01110011,00000000,1 0 0 0,85 86 85
230,01110011,00000000,1 0 0 0,91 91 91
240,01110011,00000000,1 0 0 0,91 91 91
250,01110011,00000000,1 0 0 0,91 91 91
0,01110011,00000000,1 0 0 0,91 91 91
10,01110011,00000000,1 0 0 0,91 91 91
20,01110011,00000000,1 0 0 0,19 18 18
30,01110011,00000000,1 0 0 0,69 68 69
40,01110011,00000000,1 0 0 0,85 85 86
50,01110011,00000000,1 0 0 0,10 10 10
60,01110011,00000000,1 0 0 0,65 65 66
70,01110011,00000000,1 0 0 0,84 84 85
80,01110011,00000000,1 0 0 0,91 91 91
90,01110011,00000000,1 0 0 0,10 10 10
100,01110011,00000000,1 0 0 0,66 65 66
110,01110011,00000000,1 0 0 0,85 84 85
120,01110011,00000000,1 0 0 0,91 91 91
130,01110011,00000000,1 0 0 0,91 91 91
140,01110011,00000000,1 0 0 0,91 91 91
150,01110011,00000000,1 0 0 0,59 59 59
160,01110011,00000000,1 0 0 0,83 82 83
170,01110011,00000000,1 0 0 0,91 91 91
180,01110011,00000000,1 0 0 0,91 91 91
190,01110011,00000000,1 0 0 0,91 91 91
200,01110011,00000000,1 0 0 0,91 91 91
210,01110011,00000000,1 0 0 0,50 50 50
220,01110011,00000000,1 0 0 0,80 80 80
230,01110011,00000000,1 0 0 0,27 26 26
240,01110011,00000000,1 0 0 0,10 10 10
250,01110011,00000000,1 0 0 0,50 51 50
0,01110011,00000000,1 0 0 0,80 80 80
10,01110011,00000000,1 0 0 0,87 87 87
20,01110011,00000000,1 0 0 0,34 34 34
30,01110011,00000000,1 0 0 0,74 73 74
0,01100001,00000000,1 0 0 0,88 87 88
10,01100001,00000000,0.059265137 0.9472046 0.3151245 0,0 0 0
20,01100001,00000000,0.059265137 0.9472046 0.3151245 0,0 0 0
30,01110011,00000000,1 0 0 0,0 0 0
40,01110011,00000000,1 0 0 0,59 59 59
50,01110011,00000000,1 0 0 0,83 83 83
60,01110011,00000000,0.99993896 0.00018310547 0.00012207031 0.00036621094,91 91 91
70,01110011,00000000,0.99993896 0.00018310547 6.1035156E-05 0.00036621094,91 91 91
80,01110011,00000000,0.99993896 0.00018310547 6.1035156E-05 0.00036621094,91 91 91
90,01110011,00000000,0.99993896 0 0 0,39 40 39
100,01110011,00000000,0.9541626 -0.012817383 0.028259277 -0.29742432,76 76 77
110,01110011,00000000,0.9541626 -0.012817383 0.028259277 -0.29742432,90 83 97
120,01110011,00000000,0.99993896 0 0 0,92 90 99
130,01110011,00000000,0.96655273 0.010803223 -0.017578125 0.25549316,92 94 94
0,01100001,00000000,0.96655273 0.010803223 -0.017578125 0.25549316,92 96 85
10,01100001,00000000,0.0592041 0.94854736 0.3110962 0,0 0 0
20,01110011,00000000,1 0 0 0,0 0 0
30,01110011,00000000,1 0 0 0,46 46 46
40,01110011,00000000,1 0 0 0,78 78 78
50,01110011,00000000,1 0 0 0,90 90 90
60,01110011,00000000,1 0 0 0,91 91 91
70,01110011,00000000,1 0 0 0,91 91 91
80,01110011,00000000,1 0 0 0,91 91 91
90,01110011,00000000,1 0 0 0,91 91 91
100,01110011,00000000,1 0 0 0,91 91 91
110,01110011,00000000,1 0 0 0,10 10 10
120,01110011,00000000,1 0 0 0,10 9 10
130,01110011,00000000,1 0 0 0,66 66 66
140,01110011,00000000,1 0 0 0,85 85 84
150,01110011,00000000,1 0 0 0,91 91 91
160,01110011,00000000,1 0 0 0,0 0 0
170,01110011,00000000,1 0 0 0,62 63 63
180,01110011,00000000,1 0 0 0,83 84 83
190,01110011,00000000,1 0 0 0,91 91 91
200,01110011,00000000,1 0 0 0,91 91 91
210,01110011,00000000,1 0 0 0,91 91 91
220,01110011,00000000,1 0 0 0,91 91 91
230,01110011,00000000,1 0 0 0,10 10 10
240,01110011,00000000,1 0 0 0,54 54 54
250,01110011,00000000,1 0 0 0,81 81 81
0,01110011,00000000,1 0 0 0,91 91 91
10,01110011,00000000,1 0 0 0,91 91 91
20,01110011,00000000,1 0 0 0,91 91 91
30,01110011,00000000,1 0 0 0,91 91 91
40,01110011,00000000,1 0 0 0,91 91 91
50,01110011,00000000,1 0 0 0,91 91 91
60,01110011,00000000,1 0 0 0,91 91 91
70,01110011,00000000,1 0 0 0,91 91 91
80,01110011,00000000,1 0 0 0,27 26 26
90,01110011,00000000,1 0 0 0,72 72 71
100,01110011,00000000,1 0 0 0,86 87 86
110,01110011,00000000,1 0 0 0,91 91 91
120,01110011,00000000,1 0 0 0,91 91 91
130,01110011,00000000,1 0 0 0,0 0 0
140,01110011,00000000,1 0 0 0,62 62 63
150,01110011,00000000,1 0 0 0,83 83 83
160,01110011,00000000,1 0 0 0,91 91 91
170,01110011,00000000,1 0 0 0,91 91 91
180,01110011,00000000,1 0 0 0,91 91 91
190,01110011,00000000,1 0 0 0,91 91 91
200,01110011,00000000,1 0 0 0,50 50 50
210,01110011,00000000,1 0 0 0,79 79 80
220,01110011,00000000,1 0 0 0,90 90 90
230,01110011,00000000,1 0 0 0,91 91 91
240,01110011,00000000,1 0 0 0,91 91 91
250,01110011,00000000,1 0 0 0,0 0 0
0,01110011,00000000,1 0 0 0,63 63 63
10,01110011,00000000,1 0 0 0,10 10 10
20,01110011,00000000,1 0 0 0,66 66 66
30,01110011,00000000,1 0 0 0,85 85 85
40,01110011,00000000,1 0 0 0,91 91 91
50,01110011,00000000,1 0 0 0,58 58 58
60,01110011,00000000,1 0 0 0,39 39 40
70,01110011,00000000,1 0 0 0,76 75 76
80,01110011,00000000,1 0 0 0,89 88 89
90,01110011,00000000,1 0 0 0,91 91 91
100,01110011,00000000,1 0 0 0,46 46 45
110,01110011,00000000,1 0 0 0,78 78 77
120,01110011,00000000,1 0 0 0,33 33 34
130,01110011,00000000,1 0 0 0,74 74 74
140,01110011,00000000,1 0 0 0,87 88 87
150,01110011,00000000,1 0 0 0,0 0 0
160,01110011,00000000,1 0 0 0,18 19 18
170,01110011,00000000,1 0 0 0,33 34 33
180,01110011,00000000,1 0 0 0,74 74 74
190,01110011,00000000,1 0 0 0,87 88 87
0,01100001,00000000,1 0 0 0,91 91 91
10,01100001,00000000,0.05908203 0.94714355 0.31536865 0,0 0 0
16,01110011,00000000,1 0 0 0,0 0 0
17,01110011,00000000,1 0 0 0,10 10 10
18,01110011,00000000,1 0 0 0,19 19 19
19,01110011,00000000,1 0 0 0,27 27 27
20,01110011,00000000,1 0 0 0,34 34 34
21,01110011,00000000,1 0 0 0,40 40 40
22,01110011,00000000,1 0 0 0,46 46 46
23,01110011,00000000,1 0 0 0,51 51 51
24,01110011,00000000,1 0 0 0,55 55 55
25,01110011,00000000,1 0 0 0,59 59 59
26,01110011,00000000,1 0 0 0,63 63 63
27,01110011,00000000,1 0 0 0,66 66 66
28,01110011,00000000,1 0 0 0,69 69 69
29,01110011,00000000,1 0 0 0,72 72 72
30,01110011,00000000,1 0 0 0,74 74 74
31,01110011,00000000,1 0 0 0,76 76 76
32,01110011,00000000,1 0 0 0,78 78 78
33,01110011,00000000,1 0 0 0,80 80 80
34,01110011,00000000,1 0 0 0,82 82 82
35,01110011,00000000,1 0 0 0,83 83 83
36,01110011,00000000,1 0 0 0,84 84 84
37,01110011,00000000,1 0 0 0,85 85 85
38,01110011,00000000,1 0 0 0,86 86 86
39,01110011,00000000,1 0 0 0,87 87 87
40,01110011,00000000,1 0 0 0,88 88 88
41,01110011,00000000,1 0 0 0,89 89 89
42,01110011,00000000,1 0 0 0,90 90 90
43,01110011,00000000,1 0 0 0,91 91 91
44,01110011,00000000,1 0 0 0,91 91 91
45,01110011,00000000,1 0 0 0,91 91 91
46,01110011,00000000,1 0 0 0,91 91 91
47,01110011,00000000,1 0 0 0,91 91 91
48,01110011,00000000,1 0 0 0,91 91 91
49,01110011,00000000,1 0 0 0,91 91 91
50,01110011,00000000,1 0 0 0,91 91 91
51,01110011,00000000,1 0 0 0,91 91 91
52,01110011,00000000,1 0 0 0,91 91 91
53,01110011,00000000,1 0 0 0,91 91 91
54,01110011,00000000,1 0 0 0,91 91 91
55,01110011,00000000,1 0 0 0,91 91 91
56,01110011,00000000,1 0 0 0,91 91 91
57,01110011,00000000,1 0 0 0,91 91 91
58,01110011,00000000,1 0 0 0,91 91 91
59,01110011,00000000,1 0 0 0,91 91 91
60,01110011,00000000,1 0 0 0,91 91 91
61,01110011,00000000,1 0 0 0,91 91 91
62,01110011,00000000,1 0 0 0,91 91 91
63,01110011,00000000,1 0 0 0,91 91 91
64,01110011,00000000,1 0 0 0,91 91 91
65,01110011,00000000,1 0 0 0,91 91 91
66,01110011,00000000,1 0 0 0,91 91 91
68,01110011,00000000,1 0 0 0,91 91 91
69,01110011,00000000,1 0 0 0,91 91 91
70,01110011,00000000,1 0 0 0,91 91 91
71,01110011,00000000,1 0 0 0,91 91 91
72,01110011,00000000,1 0 0 0,91 91 91
73,01110011,00000000,1 0 0 0,91 91 91
85,01110011,00000000,1 0 0 0,91 91 91
86,01110011,00000000,1 0 0 0,66 65 66
87,01110011,00000000,1 0 0 0,69 68 69
88,01110011,00000000,1 0 0 0,72 71 72
89,01110011,00000000,1 0 0 0,74 73 74
90,01110011,00000000,1 0 0 0,76 75 76
91,01110011,00000000,1 0 0 0,78 77 78
92,01110011,00000000,1 0 0 0,80 79 80
93,01110011,00000000,1 0 0 0,82 81 82
94,01110011,00000000,1 0 0 0,83 82 83
95,01110011,00000000,1 0 0 0,84 83 84
96,01110011,00000000,1 0 0 0,85 84 85
97,01110011,00000000,1 0 0 0,86 85 86
98,01110011,00000000,1 0 0 0,87 86 87
99,01110011,00000000,1 0 0 0,88 87 88
100,01110011,00000000,1 0 0 0,89 88 89
101,01110011,00000000,1 0 0 0,90 89 90
102,01110011,00000000,1 0 0 0,91 90 91
103,01110011,00000000,1 0 0 0,91 91 91
104,01110011,00000000,1 0 0 0,91 91 91
105,01110011,00000000,1 0 0 0,91 91 91
106,01110011,00000000,1 0 0 0,91 91 91
107,01110011,00000000,1 0 0 0,91 91 91
108,01110011,00000000,1 0 0 0,91 91 91
109,01110011,00000000,1 0 0 0,91 91 91
110,01110011,00000000,1 0 0 0,91 91 91
111,01110011,00000000,1 0 0 0,91 91 91
112,01110011,00000000,1 0 0 0,91 91 91
115,01110011,00000000,1 0 0 0,91 91 91
116,01110011,00000000,1 0 0 0,91 91 91
117,01110011,00000000,1 0 0 0,91 91 91
118,01110011,00000000,1 0 0 0,91 91 91
119,01110011,00000000,1 0 0 0,91 91 91
120,01110011,00000000,1 0 0 0,91 91 91
121,01110011,00000000,1 0 0 0,91 91 91
122,01110011,00000000,1 0 0 0,91 91 91
123,01110011,00000000,1 0 0 0,91 91 91
124,01110011,00000000,1 0 0 0,91 91 91
125,01110011,00000000,1 0 0 0,91 91 91
126,01110011,00000000,1 0 0 0,91 91 91
127,01110011,00000000,1 0 0 0,91 91 91
128,01110011,00000000,1 0 0 0,91 91 91
129,01110011,00000000,1 0 0 0,91 91 91
130,01110011,00000000,1 0 0 0,91 91 91
131,01110011,00000000,1 0 0 0,91 91 91
132,01110011,00000000,1 0 0 0,91 91 91
133,01110011,00000000,1 0 0 0,91 91 91
134,01110011,00000000,1 0 0 0,91 91 91
135,01110011,00000000,1 0 0 0,91 91 91
136,01110011,00000000,1 0 0 0,91 91 91
137,01110011,00000000,1 0 0 0,91 91 91
138,01110011,00000000,1 0 0 0,91 91 91
139,01110011,00000000,1 0 0 0,91 91 91
140,01110011,00000000,1 0 0 0,91 91 91
141,01110011,00000000,1 0 0 0,91 91 91
142,01110011,00000000,1 0 0 0,91 91 91
143,01110011,00000000,1 0 0 0,91 91 91
144,01110011,00000000,1 0 0 0,91 91 91
145,01110011,00000000,1 0 0 0,91 91 91
146,01110011,00000000,1 0 0 0,91 91 91
147,01110011,00000000,1 0 0 0,91 91 91
148,01110011,00000000,1 0 0 0,91 91 91
149,01110011,00000000,1 0 0 0,91 91 91
150,01110011,00000000,1 0 0 0,91 91 91
151,01110011,00000000,1 0 0 0,91 91 91
152,01110011,00000000,1 0 0 0,91 91 91
155,01110011,00000000,1 0 0 0,91 91 91
156,01110011,00000000,1 0 0 0,91 91 91
157,01110011,00000000,1 0 0 0,91 91 91
158,01110011,00000000,1 0 0 0,91 91 91
159,01110011,00000000,1 0 0 0,91 91 91
160,01110011,00000000,1 0 0 0,91 91 91
165,01110011,00000000,1 0 0 0,91 91 91
166,01110011,00000000,1 0 0 0,91 91 91
167,01110011,00000000,1 0 0 0,91 91 91
168,01110011,00000000,1 0 0 0,91 91 91
169,01110011,00000000,1 0 0 0,91 91 91
170,01110011,00000000,1 0 0 0,91 91 91
171,01110011,00000000,1 0 0 0,91 91 91
172,01110011,00000000,1 0 0 0,91 91 91
173,01110011,00000000,1 0 0 0,91 91 91
174,01110011,00000000,1 0 0 0,91 91 91
175,01110011,00000000,1 0 0 0,91 91 91
176,01110011,00000000,1 0 0 0,91 91 91
177,01110011,00000000,1 0 0 0,91 91 91
178,01110011,00000000,1 0 0 0,91 91 91
179,01110011,00000000,1 0 0 0,91 91 91
180,01110011,00000000,1 0 0 0,91 91 91
181,01110011,00000000,1 0 0 0,91 91 91
182,01110011,00000000,1 0 0 0,91 91 91
183,01110011,00000000,1 0 0 0,91 91 91
184,01110011,00000000,1 0 0 0,91 91 91
185,01110011,00000000,1 0 0 0,91 91 91
186,01110011,00000000,1 0 0 0,91 91 91
187,01110011,00000000,1 0 0 0,91 91 91
188,01110011,00000000,1 0 0 0,91 91 91
189,01110011,00000000,1 0 0 0,91 91 91
190,01110011,00000000,1 0 0 0,91 91 91
191,01110011,00000000,1 0 0 0,91 91 91
192,01110011,00000000,1 0 0 0,91 91 91
195,01110011,00000000,1 0 0 0,91 91 91
196,01110011,00000000,1 0 0 0,91 91 91
197,01110011,00000000,1 0 0 0,91 91 91
198,01110011,00000000,1 0 0 0,91 91 91
199,01110011,00000000,1 0 0 0,91 91 91
200,01110011,00000000,1 0 0 0,91 91 91
201,01110011,00000000,1 0 0 0,91 91 91
202,01110011,00000000,1 0 0 0,91 91 91
203,01110011,00000000,1 0 0 0,91 91 91
204,01110011,00000000,1 0 0 0,91 91 91
205,01110011,00000000,1 0 0 0,91 91 91
206,01110011,00000000,1 0 0 0,91 91 91
207,01110011,00000000,1 0 0 0,91 91 91
208,01110011,00000000,1 0 0 0,91 91 91
209,01110011,00000000,1 0 0 0,91 91 91
210,01110011,00000000,1 0 0 0,91 91 91
211,01110011,00000000,1 0 0 0,91 91 91
212,01110011,00000000,1 0 0 0,91 91 91
213,01110011,00000000,1 0 0 0,91 91 91
214,01110011,00000000,1 0 0 0,91 91 91
215,01110011,00000000,1 0 0 0,91 91 91
216,01110011,00000000,1 0 0 0,91 91 91
217,01110011,00000000,1 0 0 0,91 91 91
218,01110011,00000000,1 0 0 0,91 91 91
219,01110011,00000000,1 0 0 0,91 91 91
220,01110011,00000000,1 0 0 0,91 91 91
221,01110011,00000000,1 0 0 0,91 91 91
222,01110011,00000000,1 0 0 0,91 91 91
223,01110011,00000000,1 0 0 0,91 91 91
224,01110011,00000000,1 0 0 0,91 91 91
225,01110011,00000000,1 0 0 0,91 91 91
226,01110011,00000000,1 0 0 0,91 91 91
227,01110011,00000000,1 0 0 0,91 91 91
228,01110011,00000000,1 0 0 0,91 91 91
229,01110011,00000000,1 0 0 0,91 91 91
230,01110011,00000000,1 0 0 0,91 91 91
231,01110011,00000000,1 0 0 0,91 91 91
232,01110011,00000000,1 0 0 0,91 91 91
235,01110011,00000000,1 0 0 0,91 91 91
236,01110011,00000000,1 0 0 0,91 91 91
237,01110011,00000000,1 0 0 0,91 91 91
238,01110011,00000000,1 0 0 0,91 91 91
239,01110011,00000000,1 0 0 0,91 91 91
240,01110011,00000000,1 0 0 0,91 91 91
245,01110011,00000000,1 0 0 0,91 91 91
246,01110011,00000000,1 0 0 0,91 91 91
247,01110011,00000000,1 0 0 0,91 91 91
248,01110011,00000000,1 0 0 0,91 91 91
249,01110011,00000000,1 0 0 0,91 91 91
250,01110011,00000000,1 0 0 0,91 91 91
251,01110011,00000000,1 0 0 0,91 91 91
252,01110011,00000000,1 0 0 0,91 91 91
253,01110011,00000000,1 0 0 0,91 91 91
254,01110011,00000000,1 0 0 0,91 91 91
255,01110011,00000000,1 0 0 0,91 91 91
0,01110011,00000000,1 0 0 0,91 91 91
1,01110011,00000000,1 0 0 0,91 91 91
2,01110011,00000000,1 0 0 0,0 0 0
3,01110011,00000000,1 0 0 0,10 10 9
4,01110011,00000000,1 0 0 0,18 19 18
5,01110011,00000000,1 0 0 0,26 27 26
6,01110011,00000000,1 0 0 0,33 34 33
7,01110011,00000000,1 0 0 0,39 40 39
8,01110011,00000000,1 0 0 0,45 46 45
9,01110011,00000000,1 0 0 0,50 51 50
10,01110011,00000000,1 0 0 0,54 55 55
11,01110011,00000000,1 0 0 0,58 59 59
12,01110011,00000000,1 0 0 0,62 63 63
13,01110011,00000000,1 0 0 0,65 66 66
14,01110011,00000000,1 0 0 0,68 69 69
15,01110011,00000000,1 0 0 0,71 72 72
16,01110011,00000000,1 0 0 0,73 74 74
19,01110011,00000000,1 0 0 0,75 76 76
20,01110011,00000000,1 0 0 0,81 81 82
21,01110011,00000000,1 0 0 0,82 82 83
22,01110011,00000000,1 0 0 0,83 83 84
23,01110011,00000000,1 0 0 0,84 84 85
24,01110011,00000000,1 0 0 0,85 85 86
25,01110011,00000000,1 0 0 0,86 86 87
26,01110011,00000000,1 0 0 0,87 87 88
27,01110011,00000000,1 0 0 0,88 88 89
28,01110011,00000000,1 0 0 0,89 89 90
29,01110011,00000000,1 0 0 0,90 90 91
30,01110011,00000000,1 0 0 0,91 91 91
31,01110011,00000000,1 0 0 0,91 91 91
32,01110011,00000000,1 0 0 0,91 91 91
33,01110011,00000000,1 0 0 0,91 91 91
34,01110011,00000000,1 0 0 0,91 91 91
35,01110011,00000000,1 0 0 0,91 91 91
36,01110011,00000000,1 0 0 0,91 91 91
37,01110011,00000000,1 0 0 0,91 91 91
38,01110011,00000000,1 0 0 0,91 91 91
39,01110011,00000000,1 0 0 0,91 91 91
40,01110011,00000000,1 0 0 0,91 91 91
41,01110011,00000000,1 0 0 0,0 0 0
42,01110011,00000000,1 0 0 0,10 9 10
43,01110011,00000000,1 0 0 0,19 18 19
44,01110011,00000000,1 0 0 0,27 26 27
45,01110011,00000000,1 0 0 0,34 33 34
46,01110011,00000000,1 0 0 0,40 39 40
47,01110011,00000000,1 0 0 0,46 45 46
48,01110011,00000000,1 0 0 0,51 50 51
49,01110011,00000000,1 0 0 0,55 54 55
50,01110011,00000000,1 0 0 0,59 58 59
51,01110011,00000000,1 0 0 0,63 62 63
52,01110011,00000000,1 0 0 0,66 65 66
53,01110011,00000000,1 0 0 0,69 68 69
54,01110011,00000000,1 0 0 0,72 71 72
55,01110011,00000000,1 0 0 0,74 73 74
56,01110011,00000000,1 0 0 0,76 75 76
59,01110011,00000000,1 0 0 0,78 77 78
60,01110011,00000000,1 0 0 0,82 82 83
61,01110011,00000000,1 0 0 0,83 83 84
62,01110011,00000000,1 0 0 0,84 84 85
63,01110011,00000000,1 0 0 0,85 85 86
64,01110011,00000000,1 0 0 0,86 86 87
69,01110011,00000000,1 0 0 0,87 87 88
70,01110011,00000000,1 0 0 0,91 91 91
71,01110011,00000000,1 0 0 0,91 91 91
72,01110011,00000000,1 0 0 0,91 91 91
73,01110011,00000000,1 0 0 0,91 91 91
74,01110011,00000000,1 0 0 0,91 91 91
75,01110011,00000000,1 0 0 0,91 91 91
76,01110011,00000000,1 0 0 0,91 91 91
77,01110011,00000000,1 0 0 0,91 91 91
78,01110011,00000000,1 0 0 0,91 91 91
79,01110011,00000000,1 0 0 0,91 91 91
80,01110011,00000000,1 0 0 0,91 91 91
81,01110011,00000000,1 0 0 0,91 91 91
82,01110011,00000000,1 0 0 0,91 91 91
83,01110011,00000000,1 0 0 0,91 91 91
84,01110011,00000000,1 0 0 0,91 91 91
85,01110011,00000000,1 0 0 0,91 91 91
86,01110011,00000000,1 0 0 0,91 91 91
87,01110011,00000000,1 0 0 0,91 91 91
88,01110011,00000000,1 0 0 0,91 91 91
89,01110011,00000000,1 0 0 0,91 91 91
90,01110011,00000000,1 0 0 0,91 91 91
91,01110011,00000000,1 0 0 0,91 91 91
92,01110011,00000000,1 0 0 0,91 91 91
93,01110011,00000000,1 0 0 0,91 91 91
94,01110011,00000000,1 0 0 0,91 91 91
95,01110011,00000000,1 0 0 0,91 91 91
96,01110011,00000000,1 0 0 0,91 91 91
99,01110011,00000000,1 0 0 0,91 91 91
100,01110011,00000000,1 0 0 0,91 91 91
101,01110011,00000000,1 0 0 0,91 91 91
102,01110011,00000000,1 0 0 0,91 91 91
103,01110011,00000000,1 0 0 0,91 91 91
104,01110011,00000000,1 0 0 0,91 91 91
105,01110011,00000000,1 0 0 0,91 91 91
106,01110011,00000000,1 0 0 0,91 91 91
107,01110011,00000000,1 0 0 0,91 91 91
108,01110011,00000000,1 0 0 0,91 91 91
109,01110011,00000000,1 0 0 0,91 91 91
110,01110011,00000000,1 0 0 0,91 91 91
111,01110011,00000000,1 0 0 0,91 91 91
112,01110011,00000000,1 0 0 0,91 91 91
113,01110011,00000000,1 0 0 0,91 91 91
114,01110011,00000000,1 0 0 0,91 91 91
115,01110011,00000000,1 0 0 0,91 91 91
116,01110011,00000000,1 0 0 0,91 91 91
117,01110011,00000000,1 0 0 0,91 91 91
118,01110011,00000000,1 0 0 0,91 91 91
119,01110011,00000000,1 0 0 0,91 91 91
120,01110011,00000000,1 0 0 0,91 91 91
121,01110011,00000000,1 0 0 0,91 91 91
122,01110011,00000000,1 0 0 0,91 91 91
123,01110011,00000000,1 0 0 0,91 91 91
124,01110011,00000000,1 0 0 0,91 91 91
125,01110011,00000000,1 0 0 0,91 91 91
126,01110011,00000000,1 0 0 0,91 91 91
127,01110011,00000000,1 0 0 0,91 91 91
128,01110011,00000000,1 0 0 0,91 91 91
129,01110011,00000000,1 0 0 0,91 91 91
130,01110011,00000000,1 0 0 0,91 91 91
131,01110011,00000000,1 0 0 0,91 91 91
132,01110011,00000000,1 0 0 0,91 91 91
133,01110011,00000000,1 0 0 0,91 91 91
134,01110011,00000000,1 0 0 0,0 0 0
135,01110011,00000000,1 0 0 0,10 10 9
136,01110011,00000000,1 0 0 0,19 19 18
139,01110011,00000000,1 0 0 0,27 27 26
140,01110011,00000000,1 0 0 0,45 45 45
141,01110011,00000000,1 0 0 0,50 50 50
142,01110011,00000000,1 0 0 0,55 54 55
143,01110011,00000000,1 0 0 0,59 58 59
144,01110011,00000000,1 0 0 0,63 62 63
149,01110011,00000000,1 0 0 0,66 65 66
150,01110011,00000000,1 0 0 0,78 77 78
151,01110011,00000000,1 0 0 0,80 79 80
152,01110011,00000000,1 0 0 0,82 81 81
153,01110011,00000000,1 0 0 0,83 82 82
154,01110011,00000000,1 0 0 0,84 83 83
155,01110011,00000000,1 0 0 0,85 84 84
156,01110011,00000000,1 0 0 0,86 85 85
157,01110011,00000000,1 0 0 0,87 86 86
158,01110011,00000000,1 0 0 0,88 87 87
159,01110011,00000000,1 0 0 0,89 88 88
160,01110011,00000000,1 0 0 0,90 89 89
161,01110011,00000000,1 0 0 0,90 90 90
162,01110011,00000000,1 0 0 0,91 91 90
163,01110011,00000000,1 0 0 0,91 91 90
164,01110011,00000000,1 0 0 0,91 91 90
165,01110011,00000000,1 0 0 0,91 91 90
166,01110011,00000000,1 0 0 0,91 91 91
167,01110011,00000000,1 0 0 0,91 91 91
168,01110011,00000000,1 0 0 0,91 91 91
169,01110011,00000000,1 0 0 0,91 91 91
170,01110011,00000000,1 0 0 0,91 91 91
171,01110011,00000000,1 0 0 0,91 91 91
172,01110011,00000000,1 0 0 0,0 0 0
173,01110011,00000000,1 0 0 0,10 10 10
174,01110011,00000000,1 0 0 0,19 18 19
175,01110011,00000000,1 0 0 0,27 26 27
176,01110011,00000000,1 0 0 0,34 33 34
179,01110011,00000000,1 0 0 0,40 39 40
180,01110011,00000000,1 0 0 0,55 55 55
181,01110011,00000000,1 0 0 0,59 59 59
182,01110011,00000000,1 0 0 0,63 63 63
183,01110011,00000000,1 0 0 0,66 66 66
184,01110011,00000000,1 0 0 0,69 69 69
185,01110011,00000000,1 0 0 0,72 72 72
186,01110011,00000000,1 0 0 0,74 74 74
187,01110011,00000000,1 0 0 0,76 76 76
188,01110011,00000000,1 0 0 0,78 78 78
189,01110011,00000000,1 0 0 0,80 80 80
190,01110011,00000000,1 0 0 0,81 82 82
191,01110011,00000000,1 0 0 0,82 83 83
192,01110011,00000000,1 0 0 0,83 84 84
193,01110011,00000000,1 0 0 0,84 85 85
194,01110011,00000000,1 0 0 0,85 86 86
195,01110011,00000000,1 0 0 0,86 87 87
196,01110011,00000000,1 0 0 0,87 88 88
197,01110011,00000000,1 0 0 0,88 89 89
198,01110011,00000000,1 0 0 0,89 90 90
199,01110011,00000000,1 0 0 0,90 90 91
200,01110011,00000000,1 0 0 0,90 90 91
201,01110011,00000000,1 0 0 0,0 0 0
202,01110011,00000000,1 0 0 0,10 10 10
203,01110011,00000000,1 0 0 0,18 18 18
204,01110011,00000000,1 0 0 0,26 26 26
205,01110011,00000000,1 0 0 0,33 33 33
206,01110011,00000000,1 0 0 0,39 39 39
207,01110011,00000000,1 0 0 0,45 45 45
208,01110011,00000000,1 0 0 0,50 50 50
209,01110011,00000000,1 0 0 0,55 55 55
210,01110011,00000000,1 0 0 0,59 59 59
211,01110011,00000000,1 0 0 0,63 63 63
212,01110011,00000000,1 0 0 0,66 66 66
213,01110011,00000000,1 0 0 0,69 69 69
214,01110011,00000000,1 0 0 0,72 72 72
215,01110011,00000000,1 0 0 0,74 74 74
216,01110011,00000000,1 0 0 0,76 76 76
219,01110011,00000000,1 0 0 0,78 78 78
220,01110011,00000000,1 0 0 0,83 83 83
221,01110011,00000000,1 0 0 0,84 84 84
222,01110011,00000000,1 0 0 0,85 85 85
223,01110011,00000000,1 0 0 0,86 86 86
224,01110011,00000000,1 0 0 0,87 87 87
229,01110011,00000000,1 0 0 0,88 88 88
230,01110011,00000000,1 0 0 0,91 91 91
231,01110011,00000000,1 0 0 0,91 91 91
232,01110011,00000000,1 0 0 0,91 91 91
233,01110011,00000000,1 0 0 0,91 91 91
234,01110011,00000000,1 0 0 0,91 91 91
235,01110011,00000000,1 0 0 0,91 91 91
236,01110011,00000000,1 0 0 0,91 91 91
237,01110011,00000000,1 0 0 0,91 91 91
238,01110011,00000000,1 0 0 0,91 91 91
239,01110011,00000000,1 0 0 0,91 91 91
240,01110011,00000000,1 0 0 0,91 91 91
241,01110011,00000000,1 0 0 0,91 91 91
242,01110011,00000000,1 0 0 0,91 91 91
243,01110011,00000000,1 0 0 0,91 91 91
244,01110011,00000000,1 0 0 0,91 91 91
245,01110011,00000000,1 0 0 0,91 91 91
246,01110011,00000000,1 0 0 0,91 91 91
247,01110011,00000000,1 0 0 0,91 91 91
248,01110011,00000000,1 0 0 0,91 91 91
249,01110011,00000000,1 0 0 0,91 91 91
250,01110011,00000000,1 0 0 0,91 91 91
251,01110011,00000000,1 0 0 0,91 91 91
252,01110011,00000000,1 0 0 0,91 91 91
253,01110011,00000000,1 0 0 0,91 91 91
254,01110011,00000000,1 0 0 0,91 91 91
255,01110011,00000000,1 0 0 0,91 91 91
0,01110011,00000000,1 0 0 0,91 91 91
3,01110011,00000000,1 0 0 0,91 91 91
4,01110011,00000000,1 0 0 0,91 91 91
5,01110011,00000000,1 0 0 0,91 91 91
6,01110011,00000000,1 0 0 0,91 91 91
7,01110011,00000000,1 0 0 0,91 91 91
8,01110011,00000000,1 0 0 0,91 91 91
9,01110011,00000000,1 0 0 0,91 91 91
10,01110011,00000000,1 0 0 0,0 0 0
11,01110011,00000000,1 0 0 0,10 9 9
12,01110011,00000000,1 0 0 0,19 18 18
13,01110011,00000000,1 0 0 0,27 26 26
14,01110011,00000000,1 0 0 0,34 33 33
15,01110011,00000000,1 0 0 0,40 39 39
16,01110011,00000000,1 0 0 0,45 45 45
17,01110011,00000000,1 0 0 0,50 50 50
18,01110011,00000000,1 0 0 0,0 0 0
19,01110011,00000000,1 0 0 0,10 10 10
20,01110011,00000000,1 0 0 0,19 19 19
21,01110011,00000000,1 0 0 0,27 27 27
22,01110011,00000000,1 0 0 0,34 34 34
23,01110011,00000000,1 0 0 0,40 40 40
24,01110011,00000000,1 0 0 0,46 45 45
25,01110011,00000000,1 0 0 0,51 50 50
26,01110011,00000000,1 0 0 0,55 55 55
27,01110011,00000000,1 0 0 0,59 59 59
28,01110011,00000000,1 0 0 0,63 63 63
29,01110011,00000000,1 0 0 0,66 66 66
30,01110011,00000000,1 0 0 0,69 69 69
31,01110011,00000000,1 0 0 0,72 72 72
32,01110011,00000000,1 0 0 0,74 74 74
33,01110011,00000000,1 0 0 0,76 76 76
34,01110011,00000000,1 0 0 0,78 78 78
35,01110011,00000000,1 0 0 0,80 80 80
36,01110011,00000000,1 0 0 0,82 81 81
37,01110011,00000000,1 0 0 0,83 82 82
38,01110011,00000000,1 0 0 0,84 83 83
39,01110011,00000000,1 0 0 0,85 84 84
40,01110011,00000000,1 0 0 0,86 85 85
43,01110011,00000000,1 0 0 0,87 86 86
44,01110011,00000000,1 0 0 0,0 0 0
45,01110011,00000000,1 0 0 0,10 10 10
46,01110011,00000000,1 0 0 0,18 19 19
47,01110011,00000000,1 0 0 0,0 0 0
48,01110011,00000000,1 0 0 0,10 10 10
53,01110011,00000000,1 0 0 0,19 18 19
54,01110011,00000000,1 0 0 0,50 50 51
55,01110011,00000000,1 0 0 0,54 54 55
56,01110011,00000000,1 0 0 0,58 58 59
57,01110011,00000000,1 0 0 0,62 62 63
58,01110011,00000000,1 0 0 0,65 65 66
59,01110011,00000000,1 0 0 0,68 68 69
60,01110011,00000000,1 0 0 0,71 71 72
61,01110011,00000000,1 0 0 0,73 73 74
62,01110011,00000000,1 0 0 0,75 75 76
63,01110011,00000000,1 0 0 0,77 77 78
64,01110011,00000000,1 0 0 0,79 79 80
65,01110011,00000000,1 0 0 0,81 81 81
66,01110011,00000000,1 0 0 0,82 82 82
67,01110011,00000000,1 0 0 0,83 83 83
68,01110011,00000000,1 0 0 0,84 84 84
69,01110011,00000000,1 0 0 0,85 85 85
70,01110011,00000000,1 0 0 0,86 86 86
71,01110011,00000000,1 0 0 0,87 87 87
72,01110011,00000000,1 0 0 0,88 88 88
73,01110011,00000000,1 0 0 0,89 89 89
74,01110011,00000000,1 0 0 0,90 90 90
75,01110011,00000000,1 0 0 0,91 91 91
76,01110011,00000000,1 0 0 0,91 91 91
77,01110011,00000000,1 0 0 0,91 91 91
78,01110011,00000000,1 0 0 0,0 0 0
79,01110011,00000000,1 0 0 0,10 10 10
80,01110011,00000000,1 0 0 0,19 18 19
83,01110011,00000000,1 0 0 0,27 26 27
84,01110011,00000000,1 0 0 0,46 45 46
85,01110011,00000000,1 0 0 0,51 50 51
86,01110011,00000000,1 0 0 0,55 54 55
87,01110011,00000000,1 0 0 0,59 58 59
88,01110011,00000000,1 0 0 0,63 62 63
89,01110011,00000000,1 0 0 0,0 0 0
90,01110011,00000000,1 0 0 0,10 10 9
91,01110011,00000000,1 0 0 0,19 19 18
92,01110011,00000000,1 0 0 0,27 27 26
93,01110011,00000000,1 0 0 0,34 34 33
94,01110011,00000000,1 0 0 0,40 40 39
95,01110011,00000000,1 0 0 0,45 45 45
96,01110011,00000000,1 0 0 0,0 0 0
97,01110011,00000000,1 0 0 0,10 10 10
98,01110011,00000000,1 0 0 0,18 19 19
99,01110011,00000000,1 0 0 0,26 27 27
100,01110011,00000000,1 0 0 0,33 34 34
101,01110011,00000000,1 0 0 0,39 40 40
102,01110011,00000000,1 0 0 0,45 46 45
103,01110011,00000000,1 0 0 0,50 51 50
104,01110011,00000000,1 0 0 0,55 55 55
105,01110011,00000000,1 0 0 0,59 59 59
106,01110011,00000000,1 0 0 0,63 63 63
107,01110011,00000000,1 0 0 0,66 66 66
108,01110011,00000000,1 0 0 0,69 69 69
109,01110011,00000000,1 0 0 0,72 72 72
110,01110011,00000000,1 0 0 0,74 74 74
111,01110011,00000000,1 0 0 0,76 76 76
112,01110011,00000000,1 0 0 0,78 78 78
113,01110011,00000000,1 0 0 0,80 80 80
114,01110011,00000000,1 0 0 0,81 82 81
115,01110011,00000000,1 0 0 0,0 0 0
116,01110011,00000000,1 0 0 0,10 10 9
117,01110011,00000000,1 0 0 0,18 19 18
118,01110011,00000000,1 0 0 0,26 27 26
119,01110011,00000000,1 0 0 0,33 34 33
120,01110011,00000000,1 0 0 0,39 40 39
123,01110011,00000000,1 0 0 0,0 0 0
124,01110011,00000000,1 0 0 0,10 9 10
125,01110011,00000000,1 0 0 0,19 18 19
126,01110011,00000000,1 0 0 0,27 26 27
127,01110011,00000000,1 0 0 0,34 33 34
128,01110011,00000000,1 0 0 0,40 39 40
133,01110011,00000000,1 0 0 0,46 45 46
134,01110011,00000000,1 0 0 0,66 65 66
135,01110011,00000000,1 0 0 0,69 68 69
136,01110011,00000000,1 0 0 0,72 71 72
137,01110011,00000000,1 0 0 0,74 73 74
138,01110011,00000000,1 0 0 0,76 75 76
139,01110011,00000000,1 0 0 0,78 77 78
140,01110011,00000000,1 0 0 0,80 79 80
141,01110011,00000000,1 0 0 0,82 81 81
142,01110011,00000000,1 0 0 0,83 82 82
143,01110011,00000000,1 0 0 0,84 83 83
144,01110011,00000000,1 0 0 0,85 84 84
145,01110011,00000000,1 0 0 0,86 85 85
146,01110011,00000000,1 0 0 0,87 86 86
147,01110011,00000000,1 0 0 0,88 87 87
148,01110011,00000000,1 0 0 0,89 88 88
149,01110011,00000000,1 0 0 0,0 0 0
150,01110011,00000000,1 0 0 0,10 9 10
151,01110011,00000000,1 0 0 0,18 18 19
152,01110011,00000000,1 0 0 0,26 26 27
153,01110011,00000000,1 0 0 0,33 33 34
154,01110011,00000000,1 0 0 0,39 39 40
155,01110011,00000000,1 0 0 0,45 45 46
156,01110011,00000000,1 0 0 0,50 50 51
157,01110011,00000000,1 0 0 0,55 55 55
158,01110011,00000000,1 0 0 0,59 59 59
159,01110011,00000000,1 0 0 0,0 0 0
160,01110011,00000000,1 0 0 0,10 10 10
163,01110011,00000000,1 0 0 0,19 18 19
164,01110011,00000000,1 0 0 0,40 39 40
165,01110011,00000000,1 0 0 0,46 45 46
166,01110011,00000000,1 0 0 0,51 50 51
167,01110011,00000000,1 0 0 0,55 54 55
168,01110011,00000000,1 0 0 0,59 58 59
169,01110011,00000000,1 0 0 0,63 62 63
170,01110011,00000000,1 0 0 0,66 65 66
171,01110011,00000000,1 0 0 0,69 68 69
172,01110011,00000000,1 0 0 0,72 71 72
173,01110011,00000000,1 0 0 0,74 73 74
174,01110011,00000000,1 0 0 0,76 75 76
175,01110011,00000000,1 0 0 0,78 77 78
176,01110011,00000000,1 0 0 0,80 79 80
177,01110011,00000000,1 0 0 0,81 81 82
178,01110011,00000000,1 0 0 0,82 82 83
179,01110011,00000000,1 0 0 0,83 83 84
180,01110011,00000000,1 0 0 0,84 84 85
181,01110011,00000000,1 0 0 0,85 85 86
0,01100001,00000000,1 0 0 0,86 86 87
10,01100001,00000000,0.05999756 0.94592285 0.3187256 0,0 0 0
20,01100001,00000000,0.99993896 0 0 0,0 0 0
21,01110011,00000000,0.99993896 0 0 0,0 0 0
22,01110011,00000000,0.99993896 0 0 0,10 10 10
23,01110011,00000000,0.99993896 0 0 0,19 19 19
24,01110011,00000000,0.99993896 0 0 0,27 27 27
25,01110011,00000000,0.99993896 0 0 0,34 34 34
26,01110011,00000000,0.99993896 0 0 0,40 40 40
27,01110011,00000000,0.99993896 0 0 0,46 46 46
28,01110011,00000000,0.99993896 0 0 0,51 51 51
29,01110011,00000000,0.99993896 0 0 0,55 55 55
30,01110011,00000000,0.99993896 0 0 0,59 59 59
31,01110011,00000000,0.99993896 0 0 0,63 63 63
32,01110011,00000000,0.99993896 0 0 0,66 66 66
33,01110011,00000000,0.99993896 0 0 0,69 69 69
34,01110011,00000000,0.99993896 0 0 0,72 72 72
35,01110011,00000000,0.99993896 0 0 0,74 74 74
36,01110011,00000000,0.99993896 0 0 0,76 76 76
37,01110011,00000000,0.99993896 0 0 0,78 78 78
38,01110011,00000000,0.99993896 0 0 0,80 80 80
39,01110011,00000000,0.99993896 0 0 0,82 82 82
40,01110011,00000000,0.99993896 0 0 0,83 83 83
41,01110011,00000000,0.99993896 0 0 0,84 84 84
42,01110011,00000000,0.99993896 0 0 0,85 85 85
43,01110011,00000000,0.99993896 0 0 0,86 86 86
44,01110011,00000000,0.99993896 0 0 0,87 87 87
45,01110011,00000000,0.99993896 0 0 0,88 88 88
46,01110011,00000000,0.99993896 0 0 0,89 89 89
47,01110011,00000000,0.99993896 0 0 0,90 90 90
48,01110011,00000000,0.99993896 0 0 0,91 91 91
49,01110011,00000000,0.99993896 0 0 0,91 91 91
50,01110011,00000000,0.99993896 0 0 0,91 91 91
51,01110011,00000000,0.99993896 0 0 0,91 91 91
52,01110011,00000000,0.99993896 0 0 0,91 91 91
53,01110011,00000000,0.99993896 0 0 0,91 91 91
54,01110011,00000000,0.99993896 0 0 0,91 91 91
55,01110011,00000000,0.99993896 0 0 0,91 91 91
56,01110011,00000000,0.99993896 0 0 0,91 91 91
57,01110011,00000000,0.99993896 0 0 0,91 91 91
58,01110011,00000000,0.99993896 0 0 0,91 91 91
59,01110011,00000000,0.99993896 0 0 0,91 91 91
60,01110011,00000000,0.99993896 0 0 0,91 91 91
61,01110011,00000000,0.99993896 0 0 0,91 91 91
62,01110011,00000000,0.99993896 0 0 0,91 91 91
63,01110011,00000000,0.99993896 0 0 0,91 91 91
64,01110011,00000000,0.99993896 0 0 0,91 91 91
65,01110011,00000000,0.99993896 0 0 0,91 91 91
66,01110011,00000000,0.99993896 0 0 0,91 91 91
67,01110011,00000000,0.99993896 0 0 0,91 91 91
68,01110011,00000000,0.99993896 0 0 0,91 91 91
69,01110011,00000000,0.99993896 0 0 0,91 91 91
70,01110011,00000000,0.99993896 0 0 0,91 91 91
71,01110011,00000000,0.99993896 0 0 0,91 91 91
72,01110011,00000000,0.99993896 0 0 0,91 91 91
73,01110011,00000000,0.99993896 0 0 0,91 91 91
74,01110011,00000000,0.99993896 0 0 0,91 91 91
75,01110011,00000000,0.99993896 0 0 0,91 91 91
76,01110011,00000000,0.99993896 0 0 0,91 91 91
77,01110011,00000000,0.99993896 0 0 0,91 91 91
78,01110011,00000000,0.99993896 0 0 0,91 91 91
79,01110011,00000000,0.99993896 0 0 0,91 91 91
80,01110011,00000000,0.99993896 0 0 0,91 91 91
81,01110011,00000000,0.99993896 0 0 0,91 91 91
82,01110011,00000000,0.99993896 0 0 0,91 91 91
83,01110011,00000000,0.99993896 0 0 0,91 91 91
84,01110011,00000000,0.99993896 0 0 0,91 91 91
85,01110011,00000000,0.99993896 0 0 0,91 91 91
86,01110011,00000000,0.99993896 0 0 0,91 91 91
87,01110011,00000000,0.99993896 0 0 0,91 91 91
88,01110011,00000000,0.99993896 0 0 0,91 91 91
89,01110011,00000000,0.99993896 0 0 0,91 91 91
90,01110011,00000000,0.99993896 0 0 0,91 91 91
91,01110011,00000000,0.99993896 0 0 0,91 91 91
92,01110011,00000000,0.99993896 0 0 0,91 91 91
93,01110011,00000000,0.99993896 0 0 0,91 91 91
94,01110011,00000000,0.99993896 0 0 0,91 91 91
95,01110011,00000000,0.99993896 0 0 0,91 91 91
97,01110011,00000000,0.99993896 0 0 0,91 91 91
98,01110011,00000000,0.99993896 0 0 0,91 91 91
99,01110011,00000000,0.99993896 0 0 0,91 91 91
100,01110011,00000000,0.99993896 0 0 0,91 91 91
101,01110011,00000000,0.99993896 0 0 0,91 91 91
102,01110011,00000000,0.99993896 0 0 0,91 91 91
103,01110011,00000000,0.99993896 0 0 0,91 91 91
106,01110011,00000000,0.99993896 0 0 0,91 91 91
107,01110011,00000000,0.99993896 0 0 0,91 91 91
108,01110011,00000000,0.99993896 0 0 0,91 91 91
109,01110011,00000000,0.99993896 0 0 0,91 91 91
110,01110011,00000000,0.99993896 0 0 0,91 91 91
111,01110011,00000000,0.99993896 0 0 0,91 91 91
112,01110011,00000000,0.99993896 0 0 0,91 91 91
113,01110011,00000000,0.99993896 0 0 0,91 91 91
114,01110011,00000000,0.99993896 0 0 0,91 91 91
115,01110011,00000000,0.99993896 0 0 0,91 91 91
116,01110011,00000000,0.99993896 0 0 0,91 91 91
117,01110011,00000000,0.99993896 0 0 0,91 91 91
118,01110011,00000000,0.99993896 0 0 0,91 91 91
119,01110011,00000000,0.99993896 0 0 0,91 91 91
120,01110011,00000000,0.99993896 0 0 0,91 91 91
121,01110011,00000000,0.99993896 0 0 0,91 91 91
122,01110011,00000000,0.99993896 0 0 0,0 0 0
123,01110011,00000000,0.99993896 0 0 0,10 10 10
124,01110011,00000000,0.99993896 0 0 0,19 18 18
125,01110011,00000000,0.99993896 0 0 0,27 26 26
126,01110011,00000000,0.99993896 0 0 0,34 33 33
127,01110011,00000000,0.99993896 0 0 0,40 39 39
128,01110011,00000000,0.99993896 0 0 0,46 45 45
129,01110011,00000000,0.99993896 0 0 0,51 50 50
130,01110011,00000000,0.99993896 0 0 0,55 54 54
131,01110011,00000000,0.99993896 0 0 0,59 58 58
132,01110011,00000000,0.99993896 0 0 0,63 62 62
133,01110011,00000000,0.99993896 0 0 0,66 65 65
134,01110011,00000000,0.99993896 0 0 0,69 68 68
135,01110011,00000000,0.99993896 0 0 0,72 71 71
136,01110011,00000000,0.99993896 0 0 0,74 73 73
137,01110011,00000000,0.99993896 0 0 0,76 75 75
138,01110011,00000000,0.99993896 0 0 0,78 77 77
139,01110011,00000000,0.99993896 0 0 0,80 79 79
140,01110011,00000000,0.99993896 0 0 0,82 81 81
141,01110011,00000000,0.99993896 0 0 0,83 82 82
142,01110011,00000000,0.99993896 0 0 0,84 83 83
143,01110011,00000000,0.99993896 0 0 0,85 84 84
147,01110011,00000000,0.99993896 0 0 0,86 85 85
148,01110011,00000000,0.99993896 0 0 0,90 89 89
149,01110011,00000000,0.99993896 0 0 0,91 90 90
150,01110011,00000000,0.99993896 0 0 0,91 91 91
151,01110011,00000000,0.99993896 0 0 0,91 91 91
152,01110011,00000000,0.99993896 0 0 0,91 91 91
153,01110011,00000000,0.99993896 0 0 0,91 91 91
154,01110011,00000000,0.99993896 0 0 0,91 91 91
155,01110011,00000000,0.99993896 0 0 0,91 91 91
156,01110011,00000000,0.99993896 0 0 0,91 91 91
157,01110011,00000000,0.99993896 0 0 0,91 91 91
158,01110011,00000000,0.99993896 0 0 0,91 91 91
159,01110011,00000000,0.99993896 0 0 0,91 91 91
160,01110011,00000000,0.99993896 0 0 0,91 91 91
161,01110011,00000000,0.99993896 0 0 0,91 91 91
162,01110011,00000000,0.99993896 0 0 0,91 91 91
163,01110011,00000000,0.99993896 0 0 0,91 91 91
164,01110011,00000000,0.99993896 0 0 0,91 91 91
165,01110011,00000000,0.99993896 0 0 0,91 91 91
166,01110011,00000000,0.99993896 0 0 0,91 91 91
167,01110011,00000000,0.99993896 0 0 0,91 91 91
168,01110011,00000000,0.99993896 0 0 0,91 91 91
169,01110011,00000000,0.99993896 0 0 0,91 91 91
170,01110011,00000000,0.99993896 0 0 0,91 91 91
171,01110011,00000000,0.99993896 0 0 0,91 91 91
172,01110011,00000000,0.99993896 0 0 0,91 91 91
173,01110011,00000000,0.99993896 0 0 0,91 91 91
174,01110011,00000000,0.99993896 0 0 0,91 91 91
175,01110011,00000000,0.99993896 0 0 0,91 91 91
177,01110011,00000000,0.99993896 0 0 0,91 91 91
178,01110011,00000000,0.99993896 0 0 0,91 91 91
179,01110011,00000000,0.99993896 0 0 0,91 91 91
180,01110011,00000000,0.99993896 0 0 0,91 91 91
181,01110011,00000000,0.99993896 0 0 0,91 91 91
182,01110011,00000000,0.99993896 0 0 0,91 91 91
183,01110011,00000000,0.99993896 0 0 0,91 91 91
187,01110011,00000000,0.99993896 0 0 0,91 91 91
188,01110011,00000000,0.99993896 0 0 0,91 91 91
189,01110011,00000000,0.99993896 0 0 0,91 91 91
190,01110011,00000000,0.99993896 0 0 0,91 91 91
191,01110011,00000000,0.99993896 0 0 0,91 91 91
192,01110011,00000000,0.99993896 0 0 0,91 91 91
193,01110011,00000000,0.99993896 0 0 0,91 91 91
194,01110011,00000000,0.99993896 0 0 0,91 91 91
195,01110011,00000000,0.99993896 0 0 0,91 91 91
196,01110011,00000000,0.99993896 0 0 0,91 91 91
197,01110011,00000000,0.99993896 0 0 0,91 91 91
198,01110011,00000000,0.99993896 0 0 0,91 91 91
199,01110011,00000000,0.99993896 0 0 0,91 91 91
200,01110011,00000000,0.99993896 0 0 0,91 91 91
201,01110011,00000000,0.99993896 0 0 0,0 0 0
202,01110011,00000000,0.99993896 0 0 0,10 9 10
203,01110011,00000000,0.99993896 0 0 0,18 18 19
204,01110011,00000000,0.99993896 0 0 0,26 26 27
205,01110011,00000000,0.99993896 0 0 0,33 33 34
206,01110011,00000000,0.99993896 0 0 0,39 39 40
207,01110011,00000000,0.99993896 0 0 0,45 45 46
208,01110011,00000000,0.99993896 0 0 0,50 50 51
209,01110011,00000000,0.99993896 0 0 0,54 55 55
210,01110011,00000000,0.99993896 0 0 0,58 59 59
211,01110011,00000000,0.99993896 0 0 0,62 63 63
212,01110011,00000000,0.99993896 0 0 0,65 66 66
213,01110011,00000000,0.99993896 0 0 0,68 69 69
214,01110011,00000000,0.99993896 0 0 0,71 72 72
215,01110011,00000000,0.99993896 0 0 0,73 74 74
217,01110011,00000000,0.99993896 0 0 0,75 76 76
218,01110011,00000000,0.99993896 0 0 0,79 80 80
219,01110011,00000000,0.99993896 0 0 0,81 81 81
220,01110011,00000000,0.99993896 0 0 0,82 82 82
221,01110011,00000000,0.99993896 0 0 0,83 83 83
222,01110011,00000000,0.99993896 0 0 0,84 84 84
223,01110011,00000000,0.99993896 0 0 0,85 85 85
227,01110011,00000000,0.99993896 0 0 0,86 86 86
228,01110011,00000000,0.99993896 0 0 0,90 90 90
229,01110011,00000000,0.99993896 0 0 0,90 91 91
230,01110011,00000000,0.99993896 0 0 0,91 91 91
231,01110011,00000000,0.99993896 0 0 0,91 91 91
232,01110011,00000000,0.99993896 0 0 0,91 91 91
233,01110011,00000000,0.99993896 0 0 0,91 91 91
234,01110011,00000000,0.99993896 0 0 0,91 91 91
235,01110011,00000000,0.99993896 0 0 0,91 91 91
236,01110011,00000000,0.99993896 0 0 0,91 91 91
237,01110011,00000000,0.99993896 0 0 0,91 91 91
238,01110011,00000000,0.99993896 0 0 0,91 91 91
239,01110011,00000000,0.99993896 0 0 0,91 91 91
240,01110011,00000000,0.99993896 0 0 0,91 91 91
241,01110011,00000000,0.99993896 0 0 0,91 91 91
242,01110011,00000000,0.99993896 0 0 0,91 91 91
243,01110011,00000000,0.99993896 0 0 0,91 91 91
244,01110011,00000000,0.99993896 0 0 0,91 91 91
245,01110011,00000000,0.99993896 0 0 0,91 91 91
246,01110011,00000000,0.99993896 0 0 0,91 91 91
247,01110011,00000000,0.99993896 0 0 0,91 91 91
248,01110011,00000000,0.99993896 0 0 0,91 91 91
249,01110011,00000000,0.99993896 0 0 0,91 91 91
250,01110011,00000000,0.99993896 0 0 0,91 91 91
251,01110011,00000000,0.99993896 0 0 0,91 91 91
252,01110011,00000000,0.99993896 0 0 0,91 91 91
253,01110011,00000000,0.99993896 0 0 0,91 91 91
254,01110011,00000000,0.99993896 0 0 0,91 91 91
255,01110011,00000000,0.99993896 0 0 0,91 91 91
1,01110011,00000000,0.99993896 0 0 0,91 91 91
2,01110011,00000000,0.99993896 0 0 0,91 91 91
3,01110011,00000000,0.99993896 0 0 0,91 91 91
4,01110011,00000000,0.99993896 0 0 0,91 91 91
5,01110011,00000000,0.99993896 0 0 0,91 91 91
6,01110011,00000000,0.99993896 0 0 0,91 91 91
7,01110011,00000000,0.99993896 0 0 0,91 91 91
11,01110011,00000000,0.99993896 0 0 0,91 91 91
12,01110011,00000000,0.99993896 0 0 0,91 91 91
13,01110011,00000000,0.99993896 0 0 0,91 91 91
14,01110011,00000000,0.99993896 0 0 0,91 91 91
15,01110011,00000000,0.99993896 0 0 0,91 91 91
16,01110011,00000000,0.99993896 0 0 0,91 91 91
17,01110011,00000000,0.99993896 0 0 0,91 91 91
18,01110011,00000000,0.99993896 0 0 0,91 91 91
19,01110011,00000000,0.99993896 0 0 0,91 91 91
20,01110011,00000000,0.99993896 0 0 0,91 91 91
21,01110011,00000000,0.99993896 0 0 0,91 91 91
22,01110011,00000000,0.99993896 0 0 0,91 91 91
23,01110011,00000000,0.99993896 0 0 0,91 91 91
24,01110011,00000000,0.99993896 0 0 0,91 91 91
25,01110011,00000000,0.99993896 0 0 0,91 91 91
26,01110011,00000000,0.99993896 0 0 0,91 91 91
27,01110011,00000000,0.99993896 0 0 0,91 91 91
28,01110011,00000000,0.99993896 0 0 0,91 91 91
29,01110011,00000000,0.99993896 0 0 0,91 91 91
30,01110011,00000000,0.99993896 0 0 0,91 91 91
31,01110011,00000000,0.99993896 0 0 0,91 91 91
32,01110011,00000000,0.99993896 0 0 0,91 91 91
33,01110011,00000000,0.99993896 0 0 0,91 91 91
34,01110011,00000000,0.99993896 0 0 0,91 91 91
35,01110011,00000000,0.99993896 0 0 0,91 91 91
36,01110011,00000000,0.99993896 0 0 0,91 91 91
37,01110011,00000000,0.99993896 0 0 0,91 91 91
38,01110011,00000000,0.99993896 0 0 0,91 91 91
39,01110011,00000000,0.99993896 0 0 0,91 91 91
41,01110011,00000000,0.99993896 0 0 0,91 91 91
42,01110011,00000000,0.99993896 0 0 0,91 91 91
43,01110011,00000000,0.99993896 0 0 0,91 91 91
44,01110011,00000000,0.99993896 0 0 0,91 91 91
45,01110011,00000000,0.99993896 0 0 0,91 91 91
46,01110011,00000000,0.99993896 0 0 0,91 91 91
47,01110011,00000000,0.99993896 0 0 0,91 91 91
51,01110011,00000000,0.99993896 0 0 0,91 91 91
52,01110011,00000000,0.99993896 0 0 0,91 91 91
53,01110011,00000000,0.99993896 0 0 0,91 91 91
54,01110011,00000000,0.99993896 0 0 0,91 91 91
55,01110011,00000000,0.99993896 0 0 0,91 91 91
56,01110011,00000000,0.99993896 0 0 0,91 91 91
57,01110011,00000000,0.99993896 0 0 0,91 91 91
58,01110011,00000000,0.99993896 0 0 0,91 91 91
59,01110011,00000000,0.99993896 0 0 0,91 91 91
60,01110011,00000000,0.99993896 0 0 0,91 91 91
61,01110011,00000000,0.99993896 0 0 0,91 91 91
62,01110011,00000000,0.99993896 0 0 0,91 91 91
63,01110011,00000000,0.99993896 0 0 0,91 91 91
64,01110011,00000000,0.99993896 0 0 0,91 91 91
65,01110011,00000000,0.99993896 0 0 0,91 91 91
66,01110011,00000000,0.99993896 0 0 0,91 91 91
67,01110011,00000000,0.99993896 0 0 0,91 91 91
68,01110011,00000000,0.99993896 0 0 0,91 91 91
69,01110011,00000000,0.99993896 0 0 0,91 91 91
70,01110011,00000000,0.99993896 0 0 0,91 91 91
71,01110011,00000000,0.99993896 0 0 0,91 91 91
72,01110011,00000000,0.99993896 0 0 0,91 91 91
73,01110011,00000000,0.99993896 0 0 0,91 91 91
74,01110011,00000000,0.99993896 0 0 0,91 91 91
75,01110011,00000000,0.99993896 0 0 0,91 91 91
76,01110011,00000000,0.99993896 0 0 0,91 91 91
77,01110011,00000000,0.99993896 0 0 0,0 0 0
78,01110011,00000000,0.99993896 0 0 0,10 10 10
79,01110011,00000000,0.99993896 0 0 0,19 18 18
81,01110011,00000000,0.99993896 0 0 0,27 26 26
82,01110011,00000000,0.99993896 0 0 0,40 39 39
83,01110011,00000000,0.99993896 0 0 0,46 45 45
84,01110011,00000000,0.99993896 0 0 0,51 50 50
85,01110011,00000000,0.99993896 0 0 0,55 54 55
86,01110011,00000000,0.99993896 0 0 0,59 58 59
87,01110011,00000000,0.99993896 0 0 0,63 62 63
91,01110011,00000000,0.99993896 0 0 0,0 0 0
92,01110011,00000000,0.99993896 0 0 0,34 34 34
93,01110011,00000000,0.99993896 0 0 0,40 40 40
94,01110011,00000000,0.99993896 0 0 0,45 45 46
95,01110011,00000000,0.99993896 0 0 0,50 50 51
96,01110011,00000000,0.99993896 0 0 0,54 54 55
97,01110011,00000000,0.99993896 0 0 0,58 58 59
98,01110011,00000000,0.99993896 0 0 0,62 62 63
99,01110011,00000000,0.99993896 0 0 0,65 65 66
100,01110011,00000000,0.99993896 0 0 0,68 68 69
101,01110011,00000000,0.99993896 0 0 0,71 71 72
102,01110011,00000000,0.99993896 0 0 0,73 73 74
103,01110011,00000000,0.99993896 0 0 0,75 75 76
104,01110011,00000000,0.99993896 0 0 0,77 77 78
105,01110011,00000000,0.99993896 0 0 0,79 79 80
106,01110011,00000000,0.99993896 0 0 0,81 81 82
107,01110011,00000000,0.99993896 0 0 0,82 82 83
108,01110011,00000000,0.99993896 0 0 0,83 83 84
109,01110011,00000000,0.99993896 0 0 0,84 84 85
110,01110011,00000000,0.99993896 0 0 0,85 85 86
111,01110011,00000000,0.99993896 0 0 0,86 86 87
112,01110011,00000000,0.99993896 0 0 0,87 87 88
113,01110011,00000000,0.99993896 0 0 0,88 88 89
114,01110011,00000000,0.99993896 0 0 0,89 89 90
115,01110011,00000000,0.99993896 0 0 0,90 90 90
116,01110011,00000000,0.99993896 0 0 0,90 91 90
117,01110011,00000000,0.99993896 0 0 0,90 91 91
118,01110011,00000000,0.99993896 0 0 0,91 91 91
119,01110011,00000000,0.99993896 0 0 0,91 91 91
121,01110011,00000000,0.99993896 0 0 0,91 91 91
122,01110011,00000000,0.99993896 0 0 0,91 91 91
123,01110011,00000000,0.99993896 0 0 0,91 91 91
124,01110011,00000000,0.99993896 0 0 0,91 91 91
125,01110011,00000000,0.99993896 0 0 0,91 91 91
126,01110011,00000000,0.99993896 0 0 0,91 91 91
127,01110011,00000000,0.99993896 0 0 0,91 91 91
131,01110011,00000000,0.99993896 0 0 0,91 91 91
132,01110011,00000000,0.99993896 0 0 0,91 91 91
133,01110011,00000000,0.99993896 0 0 0,91 91 91
134,01110011,00000000,0.99993896 0 0 0,91 91 91
135,01110011,00000000,0.99993896 0 0 0,91 91 91
136,01110011,00000000,0.99993896 0 0 0,91 91 91
137,01110011,00000000,0.99993896 0 0 0,91 91 91
138,01110011,00000000,0.99993896 0 0 0,91 91 91
139,01110011,00000000,0.99993896 0 0 0,91 91 91
140,01110011,00000000,0.99993896 0 0 0,91 91 91
141,01110011,00000000,0.99993896 0 0 0,91 91 91
142,01110011,00000000,0.99993896 0 0 0,91 91 91
143,01110011,00000000,0.99993896 0 0 0,91 91 91
144,01110011,00000000,0.99993896 0 0 0,91 91 91
145,01110011,00000000,0.99993896 0 0 0,91 91 91
146,01110011,00000000,0.99993896 0 0 0,91 91 91
147,01110011,00000000,0.99993896 0 0 0,91 91 91
148,01110011,00000000,0.99993896 0 0 0,91 91 91
149,01110011,00000000,0.99993896 0 0 0,91 91 91
150,01110011,00000000,0.99993896 0 0 0,91 91 91
151,01110011,00000000,0.99993896 0 0 0,91 91 91
152,01110011,00000000,0.99993896 0 0 0,91 91 91
153,01110011,00000000,0.99993896 0 0 0,91 91 91
154,01110011,00000000,0.99993896 0 0 0,91 91 91
155,01110011,00000000,0.99993896 0 0 0,91 91 91
156,01110011,00000000,0.99993896 0 0 0,91 91 91
157,01110011,00000000,0.99993896 0 0 0,91 91 91
158,01110011,00000000,0.99993896 0 0 0,91 91 91
159,01110011,00000000,0.99993896 0 0 0,91 91 91
161,01110011,00000000,0.99993896 0 0 0,91 91 91
162,01110011,00000000,0.99993896 0 0 0,91 91 91
163,01110011,00000000,0.99993896 0 0 0,91 91 91
164,01110011,00000000,0.99993896 0 0 0,91 91 91
165,01110011,00000000,0.99993896 0 0 0,91 91 91
166,01110011,00000000,0.99993896 0 0 0,91 91 91
167,01110011,00000000,0.99993896 0 0 0,91 91 91
171,01110011,00000000,0.99993896 0 0 0,91 91 91
172,01110011,00000000,0.99993896 0 0 0,91 91 91
173,01110011,00000000,0.99993896 0 0 0,91 91 91
174,01110011,00000000,0.99993896 0 0 0,91 91 91
175,01110011,00000000,0.99993896 0 0 0,91 91 91
176,01110011,00000000,0.99993896 0 0 0,91 91 91
177,01110011,00000000,0.99993896 0 0 0,91 91 91
178,01110011,00000000,0.99993896 0 0 0,91 91 91
179,01110011,00000000,0.99993896 0 0 0,0 0 0
180,01110011,00000000,0.99993896 0 0 0,10 10 10
181,01110011,00000000,0.99993896 0 0 0,19 19 18
182,01110011,00000000,0.99993896 0 0 0,27 27 26
183,01110011,00000000,0.99993896 0 0 0,34 34 33
184,01110011,00000000,0.99993896 0 0 0,40 40 39
185,01110011,00000000,0.99993896 0 0 0,46 46 45
186,01110011,00000000,0.99993896 0 0 0,51 51 50
187,01110011,00000000,0.99993896 0 0 0,55 55 55
188,01110011,00000000,0.99993896 0 0 0,59 59 59
189,01110011,00000000,0.99993896 0 0 0,63 63 63
190,01110011,00000000,0.99993896 0 0 0,66 66 66
191,01110011,00000000,0.99993896 0 0 0,69 69 69
192,01110011,00000000,0.99993896 0 0 0,72 72 72
193,01110011,00000000,0.99993896 0 0 0,0 0 0
194,01110011,00000000,0.99993896 0 0 0,10 10 10
195,01110011,00000000,0.99993896 0 0 0,19 19 19
196,01110011,00000000,0.99993896 0 0 0,27 27 27
197,01110011,00000000,0.99993896 0 0 0,34 34 34
198,01110011,00000000,0.99993896 0 0 0,40 40 40
199,01110011,00000000,0.99993896 0 0 0,46 45 45
201,01110011,00000000,0.99993896 0 0 0,51 50 50
202,01110011,00000000,0.99993896 0 0 0,59 58 58
203,01110011,00000000,0.99993896 0 0 0,63 62 62
204,01110011,00000000,0.99993896 0 0 0,66 65 65
205,01110011,00000000,0.99993896 0 0 0,69 68 68
206,01110011,00000000,0.99993896 0 0 0,72 71 71
207,01110011,00000000,0.99993896 0 0 0,74 73 73
211,01110011,00000000,0.99993896 0 0 0,76 75 75
212,01110011,00000000,0.99993896 0 0 0,82 82 82
213,01110011,00000000,0.99993896 0 0 0,83 83 83
214,01110011,00000000,0.99993896 0 0 0,84 84 84
215,01110011,00000000,0.99993896 0 0 0,85 85 85
216,01110011,00000000,0.99993896 0 0 0,86 86 86
217,01110011,00000000,0.99993896 0 0 0,87 87 87
218,01110011,00000000,0.99993896 0 0 0,88 88 88
219,01110011,00000000,0.99993896 0 0 0,89 89 89
220,01110011,00000000,0.99993896 0 0 0,90 90 90
221,01110011,00000000,0.99993896 0 0 0,91 90 91
222,01110011,00000000,0.99993896 0 0 0,91 91 91
223,01110011,00000000,0.99993896 0 0 0,91 91 91
224,01110011,00000000,0.99993896 0 0 0,91 91 91
225,01110011,00000000,0.99993896 0 0 0,91 91 91
226,01110011,00000000,0.99993896 0 0 0,91 91 91
227,01110011,00000000,0.99993896 0 0 0,91 91 91
228,01110011,00000000,0.99993896 0 0 0,91 91 91
229,01110011,00000000,0.99993896 0 0 0,91 91 91
230,01110011,00000000,0.99993896 0 0 0,91 91 91
231,01110011,00000000,0.99993896 0 0 0,91 91 91
232,01110011,00000000,0.99993896 0 0 0,91 91 91
233,01110011,00000000,0.99993896 0 0 0,91 91 91
234,01110011,00000000,0.99993896 0 0 0,91 91 91
235,01110011,00000000,0.99993896 0 0 0,91 91 91
236,01110011,00000000,0.99993896 0 0 0,91 91 91
237,01110011,00000000,0.99993896 0 0 0,91 91 91
238,01110011,00000000,0.99993896 0 0 0,91 91 91
239,01110011,00000000,0.99993896 0 0 0,91 91 91
241,01110011,00000000,0.99993896 0 0 0,91 91 91
242,01110011,00000000,0.99993896 0 0 0,91 91 91
243,01110011,00000000,0.99993896 0 0 0,91 91 91
244,01110011,00000000,0.99993896 0 0 0,91 91 91
245,01110011,00000000,0.99993896 0 0 0,91 91 91
246,01110011,00000000,0.99993896 0 0 0,91 91 91
247,01110011,00000000,0.99993896 0 0 0,91 91 91
251,01110011,00000000,0.99993896 0 0 0,91 91 91
252,01110011,00000000,0.99993896 0 0 0,91 91 91
253,01110011,00000000,0.99993896 0 0 0,0 0 0
254,01110011,00000000,0.99993896 0 0 0,10 10 10
255,01110011,00000000,0.99993896 0 0 0,18 18 19
0,01110011,00000000,0.99993896 0 0 0,26 26 27
1,01110011,00000000,0.99993896 0 0 0,0 0 0
2,01110011,00000000,0.99993896 0 0 0,10 9 9
3,01110011,00000000,0.99993896 0 0 0,19 18 18
4,01110011,00000000,0.99993896 0 0 0,27 26 26
5,01110011,00000000,0.99993896 0 0 0,34 33 33
6,01110011,00000000,0.99993896 0 0 0,0 0 0
7,01110011,00000000,0.99993896 0 0 0,10 10 10
8,01110011,00000000,0.99993896 0 0 0,18 19 19
9,01110011,00000000,0.99993896 0 0 0,26 27 27
10,01110011,00000000,0.99993896 0 0 0,33 34 34
11,01110011,00000000,0.99993896 0 0 0,39 40 40
12,01110011,00000000,0.99993896 0 0 0,45 46 45
13,01110011,00000000,0.99993896 0 0 0,50 51 50
14,01110011,00000000,0.99993896 0 0 0,55 55 55
15,01110011,00000000,0.99993896 0 0 0,59 59 59
16,01110011,00000000,0.99993896 0 0 0,63 63 63
17,01110011,00000000,0.99993896 0 0 0,66 66 66
18,01110011,00000000,0.99993896 0 0 0,69 69 69
19,01110011,00000000,0.99993896 0 0 0,72 72 72
20,01110011,00000000,0.99993896 0 0 0,74 74 74
21,01110011,00000000,0.99993896 0 0 0,76 76 76
22,01110011,00000000,0.99993896 0 0 0,78 78 78
23,01110011,00000000,0.99993896 0 0 0,80 80 80
25,01110011,00000000,0.99993896 0 0 0,82 81 81
26,01110011,00000000,0.99993896 0 0 0,84 83 83
27,01110011,00000000,0.99993896 0 0 0,85 84 84
28,01110011,00000000,0.99993896 0 0 0,86 85 85
29,01110011,00000000,0.99993896 0 0 0,87 86 86
30,01110011,00000000,0.99993896 0 0 0,88 87 87
31,01110011,00000000,0.99993896 0 0 0,89 88 88
35,01110011,00000000,0.99993896 0 0 0,90 89 89
36,01110011,00000000,0.99993896 0 0 0,91 91 91
37,01110011,00000000,0.99993896 0 0 0,91 91 91
38,01110011,00000000,0.99993896 0 0 0,91 91 91
39,01110011,00000000,0.99993896 0 0 0,91 91 91
40,01110011,00000000,0.99993896 0 0 0,91 91 91
41,01110011,00000000,0.99993896 0 0 0,91 91 91
42,01110011,00000000,0.99993896 0 0 0,91 91 91
43,01110011,00000000,0.99993896 0 0 0,91 91 91
44,01110011,00000000,0.99993896 0 0 0,91 91 91
45,01110011,00000000,0.99993896 0 0 0,0 0 0
46,01110011,00000000,0.99993896 0 0 0,10 10 9
47,01110011,00000000,0.99993896 0 0 0,18 18 18
48,01110011,00000000,0.99993896 0 0 0,26 26 26
49,01110011,00000000,0.99993896 0 0 0,33 33 33
50,01110011,00000000,0.99993896 0 0 0,39 39 39
51,01110011,00000000,0.99993896 0 0 0,45 45 45
52,01110011,00000000,0.99993896 0 0 0,50 50 50
53,01110011,00000000,0.99993896 0 0 0,54 54 54
54,01110011,00000000,0.99993896 0 0 0,58 58 58
55,01110011,00000000,0.99993896 0 0 0,62 62 62
56,01110011,00000000,0.99993896 0 0 0,65 65 65
57,01110011,00000000,0.99993896 0 0 0,68 68 68
58,01110011,00000000,0.99993896 0 0 0,71 71 71
59,01110011,00000000,0.99993896 0 0 0,73 73 73
60,01110011,00000000,0.99993896 0 0 0,0 0 0
61,01110011,00000000,0.99993896 0 0 0,10 10 10
62,01110011,00000000,0.99993896 0 0 0,18 19 19
63,01110011,00000000,0.99993896 0 0 0,26 27 27
65,01110011,00000000,0.99993896 0 0 0,0 0 0
66,01110011,00000000,0.99993896 0 0 0,18 18 18
67,01110011,00000000,0.99993896 0 0 0,26 26 26
68,01110011,00000000,0.99993896 0 0 0,33 33 33
69,01110011,00000000,0.99993896 0 0 0,39 39 39
70,01110011,00000000,0.99993896 0 0 0,45 45 45
71,01110011,00000000,0.99993896 0 0 0,50 50 50
75,01110011,00000000,0.99993896 0 0 0,55 54 55
76,01110011,00000000,0.99993896 0 0 0,69 68 69
77,01110011,00000000,0.99993896 0 0 0,72 71 72
78,01110011,00000000,0.99993896 0 0 0,74 73 74
79,01110011,00000000,0.99993896 0 0 0,76 75 76
80,01110011,00000000,0.99993896 0 0 0,78 77 78
81,01110011,00000000,0.99993896 0 0 0,80 79 80
82,01110011,00000000,0.99993896 0 0 0,81 81 81
83,01110011,00000000,0.99993896 0 0 0,82 82 82
84,01110011,00000000,0.99993896 0 0 0,83 83 83
85,01110011,00000000,0.99993896 0 0 0,84 84 84
86,01110011,00000000,0.99993896 0 0 0,85 85 85
87,01110011,00000000,0.99993896 0 0 0,86 86 86
88,01110011,00000000,0.99993896 0 0 0,87 87 87
89,01110011,00000000,0.99993896 0 0 0,88 88 88
90,01110011,00000000,0.99993896 0.0059814453 -0.0007324219 -0.0017700195,89 89 89
91,01110011,00000000,0.99993896 0.005065918 -0.00091552734 -0.0021362305,90 90 90
92,01110011,00000000,0.99993896 0.005065918 -0.00091552734 -0.0021362305,91 91 90
93,01110011,00000000,0.99993896 0.005065918 -0.00091552734 -0.0021362305,0 0 0
94,01110011,00000000,0.99993896 0.005493164 -0.0008544922 -0.0021362305,10 10 10
95,01110011,00000000,0.99993896 0.005126953 -0.0008544922 -0.0020751953,18 18 19
96,01110011,00000000,0.9996948 0.022705078 0.0036010742 -0.0028076172,18 24 27
97,01110011,00000000,0.99920654 0.037353516 0.004333496 0.00079345703,25 31 34
98,01110011,00000000,0.9993286 0.035888672 0.005493164 0,33 37 40
99,01110011,00000000,0.9974365 0.066345215 -0.00592041 -0.021606445,28 46 46
100,01110011,00000000,0.99298096 0.10064697 -0.033813477 -0.05065918,31 63 52
101,01110011,00000000,0.9924927 0.10876465 -0.03186035 -0.043640137,37 62 55
102,01110011,00000000,0.9920654 0.11480713 -0.047546387 -0.014404297,42 67 57
103,01110011,00000000,0.9863281 0.14465332 -0.07659912 0.018127441,26 68 59
105,01110011,00000000,0.97784424 0.17651367 -0.11126709 0.008056641,44 84 64
106,01110011,00000000,0.94537354 0.15570068 -0.28527832 -0.022583008,49 147 70
107,01110011,00000000,0.8795166 0.19726562 -0.42993164 -0.05029297,48 179 72
108,01110011,00000000,0.8084717 0.20727539 -0.5482788 -0.051757812,39 192 73
109,01110011,00000000,0.7626343 0.22766113 -0.60424805 -0.03564453,41 190 75
110,01110011,00000000,0.72991943 0.24456787 -0.63739014 -0.03338623,42 186 76
111,01110011,00000000,0.7173462 0.2263794 -0.6586914 -0.011108398,44 180 77
115,01110011,00000000,0.704895 0.22808838 -0.67144775 -0.008483887,48 171 79
116,01110011,00000000,0.6013794 0.39715576 -0.65405273 -0.2296753,81 166 96
117,01110011,00000000,0.5643921 0.42889404 -0.663208 -0.2401123,76 169 97
118,01110011,00000000,0.53302 0.44866943 -0.67266846 -0.24890137,76 168 97
119,01110011,00000000,0.5181885 0.44866943 -0.6820679 -0.25445557,75 163 97
120,01110011,00000000,0.50598145 0.45178223 -0.6901245 -0.25177002,74 157 97
121,01110011,00000000,0.5097656 0.45446777 -0.6878052 -0.2456665,76 148 97
122,01110011,00000000,0.5203247 0.4534912 -0.6815796 -0.24273682,78 142 97
123,01110011,00000000,0.5252075 0.45056152 -0.6801758 -0.24163818,81 137 97
124,01110011,00000000,0.5293579 0.45281982 -0.67370605 -0.24627686,84 131 97
125,01110011,00000000,0.5392456 0.4510498 -0.6692505 -0.23986816,85 125 97
126,01110011,00000000,0.5405884 0.44934082 -0.66973877 -0.23895264,85 124 97
127,01110011,00000000,0.54730225 0.4432373 -0.67071533 -0.23242188,87 119 96
128,01110011,00000000,0.55285645 0.4383545 -0.6720581 -0.22454834,89 114 95
129,01110011,00000000,0.5730591 0.40899658 -0.6804199 -0.20300293,99 109 92
130,01110011,00000000,0.6080322 0.36340332 -0.68585205 -0.1663208,105 104 89
131,01110011,00000000,0.65283203 0.28723145 -0.694397 -0.09472656,125 91 83
132,01110011,00000000,0.67785645 0.21136475 -0.7039795 -0.011108398,131 87 80
133,01110011,00000000,0.68847656 0.16143799 -0.70532227 0.047851562,125 88 80
134,01110011,00000000,0.690979 0.13928223 -0.70581055 0.06939697,123 88 81
135,01110011,00000000,0.69000244 0.13476562 -0.7072754 0.07330322,120 87 82
136,01110011,00000000,0.69177246 0.13360596 -0.7060547 0.07055664,118 87 83
137,01110011,00000000,0.69696045 0.124938965 -0.7015991 0.07897949,116 86 84
138,01110011,00000000,0.69866943 0.117614746 -0.6999512 0.08892822,114 85 85
139,01110011,00000000,0.70184326 0.10913086 -0.6973877 0.09490967,113 84 86
140,01110011,00000000,0.7062378 0.10015869 -0.69299316 0.10394287,111 83 86
141,01110011,00000000,0.70526123 0.09289551 -0.6934204 0.11401367,109 85 86
142,01110011,00000000,0.70269775 0.07098389 -0.696228 0.1281128,110 86 86
143,01110011,00000000,0.6983032 0.052001953 -0.69989014 0.14025879,110 86 86
145,01110011,00000000,0.7001343 0.041931152 -0.69750977 0.14630127,109 86 86
146,01110011,00000000,0.7131958 0.023376465 -0.68310547 0.1550293,109 80 87
147,01110011,00000000,0.71698 0.012390137 -0.6772461 0.1640625,109 82 87
148,01110011,00000000,0.7147827 0.010559082 -0.6798096 0.16308594,108 84 88
149,01110011,00000000,0.71380615 0.009033203 -0.6809082 0.16296387,108 86 89
150,01110011,00000000,0.71051025 0.007019043 -0.68463135 0.16217041,107 88 90
151,01110011,00000000,0.7113037 0.0052490234 -0.68322754 0.16461182,105 89 91
155,01110011,00000000,0.7092285 0.014160156 -0.68652344 0.15924072,103 90 92
156,01110011,00000000,0.72143555 0.015258789 -0.67193604 0.1665039,97 85 92
157,01110011,00000000,0.7258301 0.017822266 -0.66619873 0.16992188,97 86 92
158,01110011,00000000,0.7140503 0.02709961 -0.6779175 0.17224121,95 91 92
159,01110011,00000000,0.7003784 0.031921387 -0.69281006 0.1685791,97 99 93
160,01110011,00000000,0.6851196 0.036987305 -0.7081909 0.16583252,97 103 93
161,01110011,00000000,0.6765137 0.03778076 -0.7154541 0.1696167,96 103 93
162,01110011,00000000,0.6781616 0.03741455 -0.7144165 0.16772461,97 100 93
163,01110011,00000000,0.72125244 0.02758789 -0.6636963 0.19580078,97 71 92
164,01110011,00000000,0.7779541 0.01361084 -0.55908203 0.28607178,94 29 91
165,01110011,00000000,0.8175049 -0.0015869141 -0.43048096 0.38226318,100 0 90
166,01110011,00000000,0.84820557 -0.04046631 -0.32666016 0.41485596,103 0 90
167,01110011,00000000,0.8565674 -0.06506348 -0.25183105 0.44555664,107 0 89
168,01110011,00000000,0.85736084 -0.08795166 -0.20355225 0.46435547,106 10 90
169,01110011,00000000,0.86016846 -0.091308594 -0.18939209 0.4644165,104 14 91
170,01110011,00000000,0.8734131 -0.09326172 -0.18597412 0.4401245,105 24 93
171,01110011,00000000,0.87683105 -0.085632324 -0.18859863 0.43377686,104 30 94
172,01110011,00000000,0.8765869 -0.092041016 -0.19750977 0.4290161,106 37 94
173,01110011,00000000,0.87768555 -0.077941895 -0.20513916 0.42590332,102 47 95
174,01110011,00000000,0.8775635 -0.072753906 -0.20404053 0.4276123,100 52 95
175,01110011,00000000,0.8820801 -0.07183838 -0.20227051 0.41906738,101 54 96
176,01110011,00000000,0.8936157 -0.06463623 -0.19262695 0.39996338,94 58 97
177,01110011,00000000,0.90130615 -0.054260254 -0.1796875 0.3902588,91 62 97
178,01110011,00000000,0.9063721 -0.045715332 -0.17315674 0.38250732,90 64 97
179,01110011,00000000,0.9104004 -0.041625977 -0.17224121 0.37365723,90 66 97
180,01110011,00000000,0.9109497 -0.043151855 -0.16967773 0.37322998,91 69 97
181,01110011,00000000,0.9082031 -0.041381836 -0.1786499 0.3760376,92 76 97
182,01110011,00000000,0.90515137 -0.041503906 -0.1843872 0.38061523,93 78 96
183,01110011,00000000,0.90374756 -0.04711914 -0.17822266 0.3862915,94 78 96
185,01110011,00000000,0.90338135 -0.052001953 -0.17382812 0.38842773,95 78 96
186,01110011,00000000,0.90838623 -0.061279297 -0.16009521 0.38128662,94 76 96
187,01110011,00000000,0.9102173 -0.06274414 -0.14971924 0.3809204,94 73 96
188,01110011,00000000,0.91119385 -0.07293701 -0.13116455 0.38360596,95 72 95
189,01110011,00000000,0.91015625 -0.07507324 -0.12072754 0.38897705,94 72 95
190,01110011,00000000,0.90960693 -0.072143555 -0.117614746 0.39178467,94 75 95
191,01110011,00000000,0.9089966 -0.06726074 -0.11187744 0.39569092,93 75 95
195,01110011,00000000,0.9092407 -0.068115234 -0.10443115 0.39697266,94 74 95
196,01110011,00000000,0.9100342 -0.061645508 -0.095458984 0.3984375,91 84 95
197,01110011,00000000,0.9107666 -0.053344727 -0.09643555 0.3977661,91 85 95
198,01110011,00000000,0.9110718 -0.050964355 -0.09680176 0.3973999,91 86 95
199,01110011,00000000,0.9105835 -0.050720215 -0.09729004 0.39837646,92 88 95
200,01110011,00000000,0.90997314 -0.051513672 -0.09857178 0.39941406,92 89 95
201,01110011,00000000,0.90979004 -0.050109863 -0.10107422 0.39923096,92 90 95
202,01110011,00000000,0.9093628 -0.048828125 -0.103515625 0.39971924,92 90 95
203,01110011,00000000,0.90649414 -0.051757812 -0.10101318 0.4064331,93 90 95
204,01110011,00000000,0.90478516 -0.05090332 -0.09991455 0.41064453,93 90 95
205,01110011,00000000,0.90338135 -0.051635742 -0.097961426 0.41412354,93 90 95
206,01110011,00000000,0.90722656 -0.053222656 -0.09106445 0.40698242,93 87 96
207,01110011,00000000,0.9177246 -0.07672119 -0.05834961 0.38519287,93 74 97
208,01110011,00000000,0.9193115 -0.13049316 0.0048828125 0.37109375,103 56 96
209,01110011,00000000,0.9072876 -0.20361328 0.09429932 0.3554077,113 28 95
210,01110011,00000000,0.8947754 -0.24053955 0.13006592 0.3527832,114 26 95
211,01110011,00000000,0.8730469 -0.28912354 0.18566895 0.3458252,128 16 94
212,01110011,00000000,0.8456421 -0.3114624 0.23919678 0.3612671,141 7 91
213,01110011,00000000,0.809021 -0.3400879 0.2855835 0.38482666,137 10 91
214,01110011,00000000,0.8097534 -0.35247803 0.3053589 0.35595703,131 9 92
215,01110011,00000000,0.7907715 -0.3779297 0.36444092 0.31445312,124 9 93
216,01110011,00000000,0.77893066 -0.3892212 0.41711426 0.2602539,116 9 94
217,01110011,00000000,0.7659912 -0.40167236 0.45007324 0.22174072,107 13 95
218,01110011,00000000,0.770813 -0.3947754 0.4588623 0.1984253,102 17 95
219,01110011,00000000,0.76794434 -0.3895874 0.4699707 0.19366455,100 26 95
220,01110011,00000000,0.77923584 -0.37109375 0.46032715 0.2076416,93 42 94
221,01110011,00000000,0.80389404 -0.3352661 0.42022705 0.25421143,88 64 93
222,01110011,00000000,0.84710693 -0.26574707 0.2979126 0.3505249,54 109 90
223,01110011,00000000,0.85809326 -0.23577881 0.2265625 0.39575195,59 110 91
225,01110011,00000000,0.86120605 -0.24017334 0.21258545 0.394104,64 119 92
226,01110011,00000000,0.8778076 -0.20361328 0.13598633 0.41156006,67 138 92
227,01110011,00000000,0.8821411 -0.1796875 0.1060791 0.42199707,69 137 92
228,01110011,00000000,0.88323975 -0.17150879 0.09423828 0.42596436,71 138 92
229,01110011,00000000,0.88061523 -0.15875244 0.08306885 0.43841553,72 138 91
230,01110011,00000000,0.8826294 -0.14465332 0.075927734 0.44067383,71 139 92
231,01110011,00000000,0.88604736 -0.1282959 0.057800293 0.4416504,73 142 93
235,01110011,00000000,0.89276123 -0.099365234 0.033081055 0.43798828,68 147 94
236,01110011,00000000,0.92230225 0.082092285 -0.02154541 0.37683105,55 162 96
237,01110011,00000000,0.9324341 0.067871094 -0.015686035 0.35443115,61 154 97
238,01110011,00000000,0.9399414 0.060302734 -0.014892578 0.3355713,64 148 97
239,01110011,00000000,0.9385376 0.070251465 -0.039245605 0.33544922,64 152 97
240,01110011,00000000,0.9423218 0.07952881 -0.042907715 0.32208252,71 144 97
241,01110011,00000000,0.94470215 0.08465576 -0.055419922 0.3116455,73 149 98
242,01110011,00000000,0.9536743 0.11230469 -0.08148193 0.2666626,76 141 99
243,01110011,00000000,0.9614258 0.084228516 -0.040527344 0.2584839,79 125 99
244,01110011,00000000,0.96795654 0.085754395 -0.03894043 0.23266602,80 124 99
245,01110011,00000000,0.9696045 0.08850098 -0.006164551 0.22784424,76 114 99
246,01110011,00000000,0.9659424 0.10675049 -0.011108398 0.23529053,70 115 98
247,01110011,00000000,0.96313477 0.13916016 -0.032714844 0.22747803,72 122 98
248,01110011,00000000,0.9647217 0.14727783 -0.039367676 0.21435547,75 119 98
249,01110011,00000000,0.9671631 0.1449585 -0.04949951 0.20233154,80 123 98
250,01110011,00000000,0.96984863 0.15008545 -0.09814453 0.16455078,90 131 100
251,01110011,00000000,0.9700928 0.14465332 -0.08685303 0.17407227,93 122 99
252,01110011,00000000,0.9725952 0.13861084 -0.08709717 0.16442871,99 124 100
253,01110011,00000000,0.9840698 0.06933594 -0.060058594 0.15197754,121 92 99
254,01110011,00000000,0.98553467 0.029296875 -0.03479004 0.1630249,120 93 98
255,01110011,00000000,0.98443604 0.019592285 -0.038513184 0.16986084,121 94 98
0,01110011,00000000,0.9844971 0.016906738 -0.038391113 0.16992188,118 94 98
1,01110011,00000000,0.9845581 0.016784668 -0.03668213 0.17016602,116 94 98
2,01110011,00000000,0.9845581 0.016845703 -0.03503418 0.17041016,114 94 98
3,01110011,00000000,0.98461914 0.014709473 -0.03387451 0.17053223,112 94 98
4,01110011,00000000,0.98461914 0.013977051 -0.03289795 0.1706543,110 94 98
5,01110011,00000000,0.98461914 0.013549805 -0.032104492 0.17071533,109 94 98
6,01110011,00000000,0.9846802 0.013244629 -0.03137207 0.1708374,108 94 98
7,01110011,00000000,0.9846802 0.012939453 -0.030700684 0.17095947,107 94 98
9,01110011,00000000,0.98461914 0.012634277 -0.030090332 0.17108154,106 94 98
10,01110011,00000000,0.9847412 0.010925293 -0.028442383 0.1708374,104 94 98
11,01110011,00000000,0.9993286 0.014526367 -0.028747559 0.015380859,105 99 110
12,01110011,00000000,0.97454834 0.01586914 -0.02532959 -0.22192383,106 93 116
13,01110011,00000000,0.96850586 0.009338379 -0.0234375 -0.24749756,106 98 114
14,01110011,00000000,0.97003174 0.009155273 -0.022766113 -0.24145508,106 98 112
15,01110011,00000000,0.97052 0.008422852 -0.011657715 -0.24035645,105 98 110
19,01110011,00000000,0.97076416 0.0076293945 -0.0053710938 -0.2397461,104 98 108
20,01110011,00000000,0.9710083 0.0053100586 0.0072021484 -0.23858643,101 98 104
21,01110011,00000000,0.97106934 0.00012207031 0.010314941 -0.23828125,100 98 103
22,01110011,00000000,0.97106934 0.004699707 0.008300781 -0.23834229,98 98 102
23,01110011,00000000,0.99017334 0.012512207 0.0068359375 -0.13867188,97 85 90
24,01110011,00000000,0.9916382 0.026245117 0.004638672 0.12542725,96 78 80
25,01110011,00000000,0.9627075 0.031066895 0.0031738281 0.26849365,98 80 79
26,01110011,00000000,0.94873047 0.03314209 0.0025634766 0.31427002,97 81 80
27,01110011,00000000,0.94885254 0.028564453 -0.0059814453 0.3140869,97 82 82
28,01110011,00000000,0.94903564 0.027038574 -0.010986328 0.3137207,97 83 83
29,01110011,00000000,0.9490967 0.02545166 -0.013793945 0.31347656,97 84 84
30,01110011,00000000,0.9491577 0.025024414 -0.015258789 0.3133545,97 85 85
31,01110011,00000000,0.9491577 0.024291992 -0.01763916 0.31311035,97 86 86
32,01110011,00000000,0.94921875 0.02368164 -0.01953125 0.31298828,97 87 87
33,01110011,00000000,0.94921875 0.023132324 -0.020996094 0.31280518,97 88 88
34,01110011,00000000,0.94921875 0.022766113 -0.022216797 0.3126831,97 89 89
35,01110011,00000000,0.9492798 0.022399902 -0.023254395 0.31262207,97 90 90
36,01110011,00000000,0.9492798 0.022155762 -0.024108887 0.3125,97 90 91
37,01110011,00000000,0.9493408 0.021850586 -0.024902344 0.31243896,97 90 91
38,01110011,00000000,0.9492798 0.02166748 -0.02557373 0.31237793,97 91 91
39,01110011,00000000,0.9493408 0.021484375 -0.026184082 0.3123169,97 91 91
40,01110011,00000000,0.9492798 0.021240234 -0.026672363 0.31225586,97 91 91
41,01110011,00000000,0.95007324 0.018798828 -0.027038574 0.30999756,98 91 92
42,01110011,00000000,0.9510498 0.017822266 -0.030151367 0.30682373,99 92 93
43,01110011,00000000,0.9552002 0.0014648438 -0.028869629 0.29449463,105 90 94
44,01110011,00000000,0.95928955 -0.034606934 -0.032348633 0.27819824,115 85 95
45,01110011,00000000,0.9590454 -0.09112549 -0.031555176 0.2659912,128 79 95
46,01110011,00000000,0.94921875 -0.16070557 -0.006225586 0.2701416,143 70 94
47,01110011,00000000,0.9349365 -0.21502686 0.020568848 0.28112793,149 66 94
49,01110011,00000000,0.92529297 -0.24621582 0.0390625 0.2855835,149 66 93
50,01110011,00000000,0.92248535 -0.25616455 0.05029297 0.28424072,141 72 93
51,01110011,00000000,0.9215698 -0.25720215 0.047607422 0.2866211,136 74 93
52,01110011,00000000,0.920105 -0.2588501 0.04724121 0.29003906,133 76 93
53,01110011,00000000,0.9193115 -0.26000977 0.047668457 0.2911377,129 77 93
54,01110011,00000000,0.9193115 -0.26062012 0.047729492 0.29083252,126 79 93
55,01110011,00000000,0.9194946 -0.25933838 0.047729492 0.2913208,122 80 93
59,01110011,00000000,0.9194336 -0.25787354 0.048706055 0.2925415,119 82 93
60,01110011,00000000,0.9188843 -0.25109863 0.05065918 0.2998047,110 87 93
61,01110011,00000000,0.91967773 -0.24822998 0.050231934 0.29992676,109 88 93
62,01110011,00000000,0.9199219 -0.2454834 0.05053711 0.30114746,108 89 93
63,01110011,00000000,0.92071533 -0.24230957 0.0513916 0.30126953,106 89 93
64,01110011,00000000,0.9212036 -0.23999023 0.051757812 0.3015747,105 90 93
65,01110011,00000000,0.92144775 -0.23828125 0.051757812 0.3022461,104 91 93
66,01110011,00000000,0.9215698 -0.23669434 0.0524292 0.30285645,103 91 93
67,01110011,00000000,0.9217529 -0.23498535 0.053710938 0.3036499,102 91 93
68,01110011,00000000,0.92181396 -0.23480225 0.055358887 0.30316162,101 91 93
69,01110011,00000000,0.92211914 -0.23364258 0.056640625 0.3031006,100 91 93
70,01110011,00000000,0.9223633 -0.23077393 0.057678223 0.3043213,99 91 93
71,01110011,00000000,0.92266846 -0.22827148 0.05810547 0.30499268,98 91 93
72,01110011,00000000,0.9227905 -0.22686768 0.058776855 0.30548096,98 91 93
73,01110011,00000000,0.92285156 -0.22631836 0.059326172 0.30584717,97 91 93
74,01110011,00000000,0.92333984 -0.22467041 0.059570312 0.30541992,97 92 93
75,01110011,00000000,0.9230957 -0.22351074 0.06011963 0.30688477,97 92 93
76,01110011,00000000,0.92352295 -0.22351074 0.059936523 0.30548096,97 92 93
77,01110011,00000000,0.92370605 -0.2234497 0.059509277 0.30517578,97 93 93
78,01110011,00000000,0.9237671 -0.22277832 0.059753418 0.305542,96 93 93
79,01110011,00000000,0.92388916 -0.22241211 0.059570312 0.30541992,96 93 93
80,01110011,00000000,0.9244385 -0.22253418 0.05908203 0.30371094,96 93 93
81,01110011,00000000,0.92559814 -0.22277832 0.055358887 0.3008423,96 94 93
82,01110011,00000000,0.92718506 -0.21905518 0.052490234 0.29907227,95 96 94
83,01110011,00000000,0.9316406 -0.2140503 0.046447754 0.289917,95 99 95
84,01110011,00000000,0.944458 -0.20593262 0.017578125 0.255188,98 108 97
85,01110011,00000000,0.96343994 -0.18469238 -0.035583496 0.19030762,103 121 101
86,01110011,00000000,0.9780884 -0.15808105 -0.078430176 0.109558105,115 134 105
87,01110011,00000000,0.9777832 -0.137146 -0.15765381 0.009277344,137 148 108
89,01110011,00000000,0.960083 -0.1239624 -0.24182129 -0.06518555,155 163 111
90,01110011,00000000,0.9066162 -0.10424805 -0.38183594 -0.14562988,154 174 111
91,01110011,00000000,0.89953613 -0.10205078 -0.39837646 -0.14703369,146 168 109
92,01110011,00000000,0.9024048 -0.10003662 -0.3953247 -0.13879395,140 159 107
93,01110011,00000000,0.9055176 -0.09979248 -0.38952637 -0.13494873,135 153 106
94,01110011,00000000,0.9050293 -0.10095215 -0.38983154 -0.13659668,132 148 105
95,01110011,00000000,0.9052124 -0.10064697 -0.39001465 -0.13513184,128 143 104
99,01110011,00000000,0.9064331 -0.1015625 -0.38787842 -0.13226318,124 138 103
100,01110011,00000000,0.90856934 -0.1005249 -0.3857422 -0.12451172,113 124 100
101,01110011,00000000,0.9091797 -0.09954834 -0.38494873 -0.123046875,111 121 100
102,01110011,00000000,0.9102173 -0.09881592 -0.38330078 -0.121276855,109 118 99
103,01110011,00000000,0.9098511 -0.09918213 -0.38415527 -0.120910645,108 116 99
104,01110011,00000000,0.9104004 -0.09881592 -0.3831787 -0.12030029,107 114 99
105,01110011,00000000,0.91070557 -0.099365234 -0.38256836 -0.119384766,106 112 99
106,01110011,00000000,0.91156006 -0.09893799 -0.38116455 -0.11785889,105 110 99
107,01110011,00000000,0.9116821 -0.09832764 -0.3814087 -0.11602783,104 109 98
108,01110011,00000000,0.9118042 -0.09832764 -0.38171387 -0.11425781,103 108 98
109,01110011,00000000,0.91204834 -0.09710693 -0.38220215 -0.11187744,102 107 98
110,01110011,00000000,0.9121094 -0.097595215 -0.38226318 -0.11102295,101 106 98
111,01110011,00000000,0.9121094 -0.097961426 -0.38220215 -0.11053467,100 105 98
112,01110011,00000000,0.91156006 -0.09790039 -0.38360596 -0.11047363,99 104 98
113,01110011,00000000,0.9116821 -0.097473145 -0.38378906 -0.10888672,99 103 98
114,01110011,00000000,0.91174316 -0.09753418 -0.38378906 -0.108947754,99 102 98
115,01110011,00000000,0.91241455 -0.09716797 -0.38226318 -0.10821533,98 101 98
116,01110011,00000000,0.91241455 -0.09637451 -0.38256836 -0.10809326,97 100 98
117,01110011,00000000,0.91259766 -0.09667969 -0.38226318 -0.10772705,97 99 98
118,01110011,00000000,0.913208 -0.095458984 -0.3814087 -0.10656738,96 98 98
119,01110011,00000000,0.9141846 -0.09375 -0.37872314 -0.10864258,96 96 98
120,01110011,00000000,0.9072876 -0.073913574 -0.37591553 -0.1730957,97 83 106
121,01110011,00000000,0.75549316 0.013977051 -0.40447998 -0.5150757,200 39 123
122,01110011,00000000,0.6231079 0.036132812 -0.4407959 -0.64501953,190 45 120
123,01110011,00000000,0.6309204 0.024291992 -0.43493652 -0.6419678,183 48 117
124,01110011,00000000,0.6437378 0.022827148 -0.42736816 -0.63427734,175 50 114
125,01110011,00000000,0.6480713 0.022766113 -0.4276123 -0.6296387,166 56 112
126,01110011,00000000,0.65197754 0.020690918 -0.42663574 -0.6264038,158 59 110
127,01110011,00000000,0.6590576 0.019348145 -0.42156982 -0.6224365,152 62 108
129,01110011,00000000,0.6626587 0.017089844 -0.42010498 -0.6195679,146 66 107
130,01110011,00000000,0.70007324 -0.009460449 -0.4099121 -0.58447266,144 79 96
131,01110011,00000000,0.9110718 -0.15509033 -0.293396 -0.2442627,195 79 88
132,01110011,00000000,0.95861816 -0.18383789 -0.21661377 -0.0154418945,190 68 86
133,01110011,00000000,0.96313477 -0.18048096 -0.1965332 0.032714844,177 73 87
134,01110011,00000000,0.96362305 -0.17669678 -0.19793701 0.02947998,167 75 88
135,01110011,00000000,0.96435547 -0.16986084 -0.1998291 0.03375244,158 77 89
139,01110011,00000000,0.9639282 -0.1673584 -0.20397949 0.03253174,151 79 90
140,01110011,00000000,0.9631958 -0.15875244 -0.2144165 0.030883789,129 86 92
141,01110011,00000000,0.9628296 -0.15704346 -0.2164917 0.036132812,125 87 92
142,01110011,00000000,0.9622803 -0.15716553 -0.21887207 0.036193848,122 89 92
143,01110011,00000000,0.9619751 -0.15753174 -0.21948242 0.038879395,119 90 92
144,01110011,00000000,0.9616699 -0.1574707 -0.22094727 0.038757324,117 91 92
145,01110011,00000000,0.96191406 -0.15667725 -0.22070312 0.03741455,114 91 92
146,01110011,00000000,0.961853 -0.15618896 -0.22094727 0.038391113,112 91 92
147,01110011,00000000,0.96191406 -0.15557861 -0.22131348 0.037109375,110 91 92
148,01110011,00000000,0.96240234 -0.15435791 -0.22015381 0.03704834,108 91 92
149,01110011,00000000,0.9621582 -0.15405273 -0.22137451 0.037475586,106 91 92
150,01110011,00000000,0.96203613 -0.15374756 -0.2220459 0.038208008,105 92 92
151,01110011,00000000,0.9621582 -0.15270996 -0.22137451 0.043151855,103 92 92
152,01110011,00000000,0.96209717 -0.15209961 -0.22003174 0.05230713,102 93 92
153,01110011,00000000,0.96258545 -0.14996338 -0.22076416 0.04522705,102 93 94
154,01110011,00000000,0.94799805 -0.059509277 -0.24060059 -0.19940186,66 142 108
155,01110011,00000000,0.9154663 -0.017578125 -0.26922607 -0.29840088,70 146 109
156,01110011,00000000,0.95306396 -0.10272217 -0.27301025 -0.08062744,64 161 93
157,01110011,00000000,0.96466064 -0.107666016 -0.23590088 0.045715332,58 150 94
158,01110011,00000000,0.9480591 -0.03942871 -0.24798584 -0.19488525,69 157 106
159,01110011,00000000,0.9503784 -0.04650879 -0.25927734 -0.16522217,75 168 95
160,01110011,00000000,0.96429443 -0.103759766 -0.23822021 0.050048828,71 151 94
161,01110011,00000000,0.9523926 -0.027770996 -0.24261475 -0.18206787,67 158 107
162,01110011,00000000,0.9602051 -0.03845215 -0.24291992 -0.13195801,100 174 92
163,01110011,00000000,0.96972656 -0.081726074 -0.22045898 0.06542969,87 157 92
164,01110011,00000000,0.96606445 -0.014770508 -0.22259521 -0.13000488,103 178 104
165,01110011,00000000,0.9645996 -0.024719238 -0.23687744 -0.11242676,110 192 95
166,01110011,00000000,0.9678955 -0.07891846 -0.21490479 0.10272217,98 181 97
167,01110011,00000000,0.9659424 -0.0095825195 -0.22369385 -0.12896729,115 190 106
169,01110011,00000000,0.9715576 -0.04058838 -0.23059082 -0.03479004,115 191 102
170,01110011,00000000,0.96435547 -0.059387207 -0.16894531 0.19421387,106 156 98
171,01110011,00000000,0.9671631 -0.055480957 -0.1619873 0.18774414,102 147 98
172,01110011,00000000,0.9734497 -0.0423584 -0.14007568 0.17584229,95 135 99
173,01110011,00000000,0.98132324 -0.017944336 -0.08416748 0.17144775,85 120 99
174,01110011,00000000,0.9804077 0.0017089844 -0.060424805 0.18695068,82 117 98
175,01110011,00000000,0.9795532 0.015197754 -0.064208984 0.18963623,82 118 97
179,01110011,00000000,0.9804077 0.020507812 -0.064697266 0.1843872,82 115 97
180,01110011,00000000,0.98187256 0.05279541 -0.026489258 0.1796875,80 102 96
181,01110011,00000000,0.98358154 0.049987793 -0.022399902 0.17181396,82 97 96
182,01110011,00000000,0.980896 0.053649902 -0.015075684 0.18585205,83 98 96
183,01110011,00000000,0.9812012 0.04840088 -0.018310547 0.18566895,84 98 96
184,01110011,00000000,0.98132324 0.044921875 -0.018554688 0.18572998,87 97 96
185,01110011,00000000,0.9814453 0.042236328 -0.018676758 0.18591309,89 97 96
186,01110011,00000000,0.9814453 0.041870117 -0.018737793 0.18591309,90 97 96
187,01110011,00000000,0.9814453 0.041809082 -0.019042969 0.18591309,90 97 96
188,01110011,00000000,0.9814453 0.04168701 -0.01928711 0.18585205,91 97 96
189,01110011,00000000,0.9814453 0.041625977 -0.01953125 0.18585205,91 97 96
190,01110011,00000000,0.9814453 0.04156494 -0.01965332 0.18585205,91 97 96
191,01110011,00000000,0.9814453 0.041503906 -0.019897461 0.18585205,91 97 96
192,01110011,00000000,0.9814453 0.04144287 -0.020080566 0.18585205,91 97 96
193,01110011,00000000,0.9814453 0.041503906 -0.020202637 0.18585205,91 97 96
194,01110011,00000000,0.9814453 0.041503906 -0.020263672 0.18585205,91 97 96
195,01110011,00000000,0.9814453 0.04156494 -0.020385742 0.18579102,91 97 96
196,01110011,00000000,0.9814453 0.04156494 -0.020446777 0.18579102,91 97 96
197,01110011,00000000,0.9814453 0.04156494 -0.020446777 0.18579102,91 97 96
198,01110011,00000000,0.9814453 0.04156494 -0.020446777 0.18579102,91 97 96
199,01110011,00000000,0.9814453 0.04156494 -0.020446777 0.18579102,91 97 96
200,01110011,00000000,0.9814453 0.04156494 -0.020446777 0.18579102,91 97 96
201,01110011,00000000,0.9814453 0.04156494 -0.020446777 0.18579102,91 97 96
202,01110011,00000000,0.9814453 0.04156494 -0.020446777 0.18579102,91 97 96
203,01110011,00000000,0.9814453 0.04156494 -0.020446777 0.18579102,91 97 96
204,01110011,00000000,0.9814453 0.04156494 -0.020446777 0.18579102,91 97 96
205,01110011,00000000,0.9814453 0.04156494 -0.020446777 0.18579102,91 97 96
206,01110011,00000000,0.9814453 0.04156494 -0.020446777 0.18579102,91 97 96
207,01110011,00000000,0.9814453 0.04156494 -0.020446777 0.18579102,91 97 96
209,01110011,00000000,0.9814453 0.04156494 -0.020446777 0.18579102,91 97 96
210,01110011,00000000,0.9814453 0.04156494 -0.020446777 0.18579102,91 97 96
211,01110011,00000000,0.9814453 0.04156494 -0.020446777 0.18579102,91 97 96
212,01110011,00000000,0.9814453 0.04156494 -0.020446777 0.18579102,91 97 96
213,01110011,00000000,0.9814453 0.04156494 -0.020446777 0.18579102,91 97 96
214,01110011,00000000,0.9814453 0.04156494 -0.020446777 0.18579102,91 97 96
215,01110011,00000000,0.9814453 0.04156494 -0.020446777 0.18579102,91 97 96
219,01110011,00000000,0.9814453 0.04156494 -0.020446777 0.18579102,91 97 96
220,01110011,00000000,0.9814453 0.04156494 -0.020446777 0.18579102,91 97 96
221,01110011,00000000,0.9814453 0.04156494 -0.020446777 0.18579102,91 97 96
222,01110011,00000000,0.9814453 0.04156494 -0.020446777 0.18579102,91 97 96
223,01110011,00000000,0.9814453 0.04156494 -0.020446777 0.18579102,91 97 96
224,01110011,00000000,0.9814453 0.04156494 -0.020446777 0.18579102,91 97 96
225,01110011,00000000,0.9814453 0.04156494 -0.020446777 0.18579102,91 97 96
226,01110011,00000000,0.9814453 0.04156494 -0.020446777 0.18579102,91 97 96
227,01110011,00000000,0.9814453 0.04156494 -0.020446777 0.18579102,91 97 96
228,01110011,00000000,0.9814453 0.04156494 -0.020446777 0.18579102,91 97 96
229,01110011,00000000,0.9814453 0.04156494 -0.020446777 0.18579102,91 97 96
230,01110011,00000000,0.9814453 0.04156494 -0.020446777 0.18579102,91 97 96
231,01110011,00000000,0.9814453 0.04156494 -0.020446777 0.18579102,91 97 96
232,01110011,00000000,0.9814453 0.04156494 -0.020446777 0.18579102,91 97 96
233,01110011,00000000,0.9814453 0.04156494 -0.020446777 0.18579102,91 97 96
234,01110011,00000000,0.9814453 0.04156494 -0.020446777 0.18579102,91 97 96
235,01110011,00000000,0.9814453 0.04156494 -0.020446777 0.18579102,91 97 96
236,01110011,00000000,0.9814453 0.04156494 -0.020446777 0.18579102,91 97 96
237,01110011,00000000,0.9814453 0.04156494 -0.020446777 0.18579102,91 97 96
238,01110011,00000000,0.9814453 0.04156494 -0.020446777 0.18579102,91 97 96
239,01110011,00000000,0.9814453 0.04156494 -0.020446777 0.18579102,91 97 96
240,01110011,00000000,0.9814453 0.04156494 -0.020446777 0.18579102,91 97 96
241,01110011,00000000,0.9814453 0.04156494 -0.020446777 0.18579102,91 97 96
242,01110011,00000000,0.9814453 0.04156494 -0.020446777 0.18579102,91 97 96
243,01110011,00000000,0.9814453 0.04156494 -0.020446777 0.18579102,91 97 96
244,01110011,00000000,0.9814453 0.04156494 -0.020446777 0.18579102,91 97 96
245,01110011,00000000,0.9814453 0.04156494 -0.020446777 0.18579102,91 97 96
246,01110011,00000000,0.9814453 0.04156494 -0.020446777 0.18579102,91 97 96
247,01110011,00000000,0.9814453 0.04156494 -0.020446777 0.18579102,91 97 96
249,01110011,00000000,0.9814453 0.04156494 -0.020446777 0.18579102,91 97 96
250,01110011,00000000,0.9814453 0.04156494 -0.020446777 0.18579102,91 97 96
251,01110011,00000000,0.9814453 0.04156494 -0.020446777 0.18579102,91 97 96
252,01110011,00000000,0.9814453 0.04156494 -0.020446777 0.18579102,91 97 96
253,01110011,00000000,0.9814453 0.04156494 -0.020446777 0.18579102,91 97 96
254,01110011,00000000,0.9814453 0.04156494 -0.020446777 0.18579102,91 97 96
255,01110011,00000000,0.9814453 0.04156494 -0.020446777 0.18579102,91 97 96
3,01110011,00000000,0.9814453 0.04156494 -0.020446777 0.18579102,91 97 96
4,01110011,00000000,0.9814453 0.04156494 -0.020446777 0.18579102,91 97 96
5,01110011,00000000,0.9814453 0.04156494 -0.020446777 0.18579102,91 97 96
6,01110011,00000000,0.9814453 0.04156494 -0.020446777 0.18579102,91 97 96
7,01110011,00000000,0.9814453 0.04156494 -0.020446777 0.18579102,91 97 96
8,01110011,00000000,0.9814453 0.04156494 -0.020446777 0.18579102,91 97 96
9,01110011,00000000,0.9814453 0.04156494 -0.020446777 0.18579102,91 97 96
10,01110011,00000000,0.9814453 0.04156494 -0.020446777 0.18579102,91 97 96
11,01110011,00000000,0.9814453 0.04156494 -0.020446777 0.18579102,91 97 96
12,01110011,00000000,0.9814453 0.04156494 -0.020446777 0.18579102,91 97 96
13,01110011,00000000,0.9814453 0.04156494 -0.020446777 0.18579102,91 97 96
14,01110011,00000000,0.9814453 0.04156494 -0.020446777 0.18579102,91 97 96
15,01110011,00000000,0.9814453 0.04156494 -0.020446777 0.18579102,91 97 96
16,01110011,00000000,0.9814453 0.04156494 -0.020446777 0.18579102,91 97 96
17,01110011,00000000,0.9814453 0.04156494 -0.020446777 0.18579102,91 97 96
18,01110011,00000000,0.9814453 0.04156494 -0.020446777 0.18579102,91 97 96
19,01110011,00000000,0.9814453 0.04156494 -0.020446777 0.18579102,91 97 96
20,01110011,00000000,0.9814453 0.04156494 -0.020446777 0.18579102,91 97 96
21,01110011,00000000,0.9814453 0.04156494 -0.020446777 0.18579102,91 97 96
22,01110011,00000000,0.9814453 0.04156494 -0.020446777 0.18579102,91 97 96
23,01110011,00000000,0.9814453 0.04156494 -0.020446777 0.18579102,91 97 96
24,01110011,00000000,0.9814453 0.04156494 -0.020446777 0.18579102,91 97 96
25,01110011,00000000,0.9814453 0.04156494 -0.020446777 0.18579102,91 97 96
26,01110011,00000000,0.9814453 0.04156494 -0.020446777 0.18579102,91 97 96
27,01110011,00000000,0.9814453 0.04156494 -0.020446777 0.18579102,91 97 96
28,01110011,00000000,0.9814453 0.04156494 -0.020446777 0.18579102,91 97 96
29,01110011,00000000,0.9814453 0.04156494 -0.020446777 0.18579102,0 0 0
30,01110011,00000000,0.9814453 0.04156494 -0.020446777 0.18579102,10 10 10
31,01110011,00000000,0.9814453 0.04156494 -0.020446777 0.18579102,19 19 18
33,01110011,00000000,0.9814453 0.04156494 -0.020446777 0.18579102,27 27 26
34,01110011,00000000,0.9814453 0.04156494 -0.020446777 0.18579102,40 40 39
35,01110011,00000000,0.9814453 0.04156494 -0.020446777 0.18579102,45 46 45
36,01110011,00000000,0.9814453 0.04156494 -0.020446777 0.18579102,50 51 50
37,01110011,00000000,0.9814453 0.04156494 -0.020446777 0.18579102,55 55 55
38,01110011,00000000,0.9814453 0.04156494 -0.020446777 0.18579102,59 59 59
39,01110011,00000000,0.9814453 0.04156494 -0.020446777 0.18579102,63 63 63
43,01110011,00000000,0.9814453 0.04156494 -0.020446777 0.18579102,66 66 66
44,01110011,00000000,0.9814453 0.04156494 -0.020446777 0.18579102,76 76 76
45,01110011,00000000,0.9814453 0.04156494 -0.020446777 0.18579102,78 78 78
46,01110011,00000000,0.9814453 0.04156494 -0.020446777 0.18579102,80 80 80
47,01110011,00000000,0.9814453 0.04156494 -0.020446777 0.18579102,82 82 81
48,01110011,00000000,0.9814453 0.04156494 -0.020446777 0.18579102,83 83 82
49,01110011,00000000,0.9814453 0.04156494 -0.020446777 0.18579102,84 84 83
50,01110011,00000000,0.9814453 0.04156494 -0.020446777 0.18579102,85 85 84
51,01110011,00000000,0.9814453 0.04156494 -0.020446777 0.18579102,86 86 85
52,01110011,00000000,0.9814453 0.04156494 -0.020446777 0.18579102,87 87 86
53,01110011,00000000,0.9814453 0.04156494 -0.020446777 0.18579102,88 88 87
54,01110011,00000000,0.9814453 0.04156494 -0.020446777 0.18579102,89 89 88
55,01110011,00000000,0.9814453 0.04156494 -0.020446777 0.18579102,90 90 89
56,01110011,00000000,0.9814453 0.04156494 -0.020446777 0.18579102,91 90 90
57,01110011,00000000,0.9814453 0.04156494 -0.020446777 0.18579102,91 90 90
58,01110011,00000000,0.9814453 0.04156494 -0.020446777 0.18579102,91 91 90
59,01110011,00000000,0.9814453 0.04156494 -0.020446777 0.18579102,91 91 90
60,01110011,00000000,0.9814453 0.04156494 -0.020446777 0.18579102,91 91 90
61,01110011,00000000,0.9814453 0.04156494 -0.020446777 0.18579102,91 91 91
62,01110011,00000000,0.9814453 0.04156494 -0.020446777 0.18579102,91 91 91
63,01110011,00000000,0.9814453 0.04156494 -0.020446777 0.18579102,91 91 91
64,01110011,00000000,0.9814453 0.04156494 -0.020446777 0.18579102,91 91 91
65,01110011,00000000,0.9814453 0.04156494 -0.020446777 0.18579102,91 91 91
66,01110011,00000000,0.9814453 0.04156494 -0.020446777 0.18579102,91 91 91
67,01110011,00000000,0.9814453 0.04156494 -0.020446777 0.18579102,91 91 91
68,01110011,00000000,0.9814453 0.04156494 -0.020446777 0.18579102,91 91 91
69,01110011,00000000,0.9814453 0.04156494 -0.020446777 0.18579102,91 91 91
70,01110011,00000000,0.9814453 0.04156494 -0.020446777 0.18579102,91 91 91
71,01110011,00000000,0.9814453 0.04156494 -0.020446777 0.18579102,91 91 91
73,01110011,00000000,0.9814453 0.04156494 -0.020446777 0.18579102,91 91 91
74,01110011,00000000,0.9814453 0.04156494 -0.020446777 0.18579102,91 91 91
75,01110011,00000000,0.9814453 0.04156494 -0.020446777 0.18579102,91 91 91
76,01110011,00000000,0.9814453 0.04156494 -0.020446777 0.18579102,91 91 91
77,01110011,00000000,0.9814453 0.04156494 -0.020446777 0.18579102,91 91 91
78,01110011,00000000,0.9814453 0.04156494 -0.020446777 0.18579102,91 91 91
79,01110011,00000000,0.9814453 0.04156494 -0.020446777 0.18579102,91 91 91
83,01110011,00000000,0.9814453 0.04156494 -0.020446777 0.18579102,91 91 91
84,01110011,00000000,0.9814453 0.04156494 -0.020446777 0.18579102,91 91 91
85,01110011,00000000,0.9814453 0.04156494 -0.020446777 0.18579102,91 91 91
86,01110011,00000000,0.9814453 0.04156494 -0.020446777 0.18579102,91 91 91
87,01110011,00000000,0.9814453 0.04156494 -0.020446777 0.18579102,91 91 91
88,01110011,00000000,0.9814453 0.04156494 -0.020446777 0.18579102,91 91 91
89,01110011,00000000,0.9814453 0.04156494 -0.020446777 0.18579102,91 91 91
90,01110011,00000000,0.9814453 0.04156494 -0.020446777 0.18579102,91 91 91
91,01110011,00000000,0.9814453 0.04156494 -0.020446777 0.18579102,91 91 91
92,01110011,00000000,0.9814453 0.04156494 -0.020446777 0.18579102,91 91 91
93,01110011,00000000,0.9814453 0.04156494 -0.020446777 0.18579102,91 91 91
94,01110011,00000000,0.9814453 0.04156494 -0.020446777 0.18579102,91 91 91
95,01110011,00000000,0.9814453 0.04156494 -0.020446777 0.18579102,91 91 91
96,01110011,00000000,0.9814453 0.04156494 -0.020446777 0.18579102,91 91 91
97,01110011,00000000,0.9814453 0.04156494 -0.020446777 0.18579102,91 91 91
98,01110011,00000000,0.9814453 0.04156494 -0.020446777 0.18579102,91 91 91
99,01110011,00000000,0.9814453 0.04156494 -0.020446777 0.18579102,91 91 91
100,01110011,00000000,0.9814453 0.04156494 -0.020446777 0.18579102,91 91 91
101,01110011,00000000,0.9814453 0.04156494 -0.020446777 0.18579102,91 91 91
102,01110011,00000000,0.9814453 0.04156494 -0.020446777 0.18579102,91 91 91
103,01110011,00000000,0.9814453 0.04156494 -0.020446777 0.18579102,91 91 91
104,01110011,00000000,0.9814453 0.04156494 -0.020446777 0.18579102,91 91 91
105,01110011,00000000,0.9814453 0.04156494 -0.020446777 0.18579102,91 91 91
106,01110011,00000000,0.9814453 0.04156494 -0.020446777 0.18579102,91 91 91
107,01110011,00000000,0.9814453 0.04156494 -0.020446777 0.18579102,91 91 91
108,01110011,00000000,0.9814453 0.04156494 -0.020446777 0.18579102,91 91 91
109,01110011,00000000,0.9814453 0.04156494 -0.020446777 0.18579102,91 91 91
110,01110011,00000000,0.9814453 0.04156494 -0.020446777 0.18579102,91 91 91
111,01110011,00000000,0.9814453 0.04156494 -0.020446777 0.18579102,91 91 91
113,01110011,00000000,0.9814453 0.04156494 -0.020446777 0.18579102,91 91 91
114,01110011,00000000,0.9814453 0.04156494 -0.020446777 0.18579102,91 91 91
115,01110011,00000000,0.9814453 0.04156494 -0.020446777 0.18579102,91 91 91
116,01110011,00000000,0.9814453 0.04156494 -0.020446777 0.18579102,91 91 91
117,01110011,00000000,0.9814453 0.04156494 -0.020446777 0.18579102,91 91 91
118,01110011,00000000,0.9814453 0.04156494 -0.020446777 0.18579102,91 91 91
119,01110011,00000000,0.9814453 0.04156494 -0.020446777 0.18579102,91 91 91
123,01110011,00000000,0.9814453 0.04156494 -0.020446777 0.18579102,91 91 91
124,01110011,00000000,0.9814453 0.04156494 -0.020446777 0.18579102,18 18 19
125,01110011,00000000,0.9814453 0.04156494 -0.020446777 0.18579102,26 26 27
126,01110011,00000000,0.9814453 0.04156494 -0.020446777 0.18579102,33 33 34
127,01110011,00000000,0.9814453 0.04156494 -0.020446777 0.18579102,39 39 40
128,01110011,00000000,0.9814453 0.04156494 -0.020446777 0.18579102,45 45 45
129,01110011,00000000,0.9814453 0.04156494 -0.020446777 0.18579102,50 50 50
130,01110011,00000000,0.9814453 0.04156494 -0.020446777 0.18579102,55 55 54
131,01110011,00000000,0.9814453 0.04156494 -0.020446777 0.18579102,59 59 58
132,01110011,00000000,0.9814453 0.04156494 -0.020446777 0.18579102,63 63 62
133,01110011,00000000,0.9814453 0.04156494 -0.020446777 0.18579102,66 66 65
134,01110011,00000000,0.9814453 0.04156494 -0.020446777 0.18579102,69 69 68
135,01110011,00000000,0.9814453 0.04156494 -0.020446777 0.18579102,72 72 71
136,01110011,00000000,0.9814453 0.04156494 -0.020446777 0.18579102,74 74 73
137,01110011,00000000,0.9814453 0.04156494 -0.020446777 0.18579102,76 76 75
138,01110011,00000000,0.9814453 0.04156494 -0.020446777 0.18579102,78 78 77
139,01110011,00000000,0.9814453 0.04156494 -0.020446777 0.18579102,80 80 79
140,01110011,00000000,0.9814453 0.04156494 -0.020446777 0.18579102,81 82 81
141,01110011,00000000,0.9814453 0.04156494 -0.020446777 0.18579102,82 83 82
142,01110011,00000000,0.9814453 0.04156494 -0.020446777 0.18579102,83 84 83
143,01110011,00000000,0.9814453 0.04156494 -0.020446777 0.18579102,84 85 84
144,01110011,00000000,0.9814453 0.04156494 -0.020446777 0.18579102,85 86 85
145,01110011,00000000,0.9814453 0.04156494 -0.020446777 0.18579102,86 87 86
146,01110011,00000000,0.9814453 0.04156494 -0.020446777 0.18579102,87 88 87
147,01110011,00000000,0.9814453 0.04156494 -0.020446777 0.18579102,88 89 88
148,01110011,00000000,0.9814453 0.04156494 -0.020446777 0.18579102,89 90 89
149,01110011,00000000,0.9814453 0.04156494 -0.020446777 0.18579102,90 91 90
150,01110011,00000000,0.9814453 0.04156494 -0.020446777 0.18579102,90 91 91
151,01110011,00000000,0.9814453 0.04156494 -0.020446777 0.18579102,91 91 91
153,01110011,00000000,0.9814453 0.04156494 -0.020446777 0.18579102,91 91 91
154,01110011,00000000,0.9814453 0.04156494 -0.020446777 0.18579102,91 91 91
155,01110011,00000000,0.9814453 0.04156494 -0.020446777 0.18579102,91 91 91
156,01110011,00000000,0.9814453 0.04156494 -0.020446777 0.18579102,91 91 91
157,01110011,00000000,0.9814453 0.04156494 -0.020446777 0.18579102,91 91 91
158,01110011,00000000,0.9814453 0.04156494 -0.020446777 0.18579102,91 91 91
159,01110011,00000000,0.9814453 0.04156494 -0.020446777 0.18579102,0 0 0
163,01110011,00000000,0.9814453 0.04156494 -0.020446777 0.18579102,10 10 10
164,01110011,00000000,0.9814453 0.04156494 -0.020446777 0.18579102,19 18 19
165,01110011,00000000,0.9814453 0.04156494 -0.020446777 0.18579102,27 26 27
166,01110011,00000000,0.9814453 0.04156494 -0.020446777 0.18579102,34 33 34
167,01110011,00000000,0.9814453 0.04156494 -0.020446777 0.18579102,40 39 40
168,01110011,00000000,0.9814453 0.04156494 -0.020446777 0.18579102,46 45 46
169,01110011,00000000,0.9814453 0.04156494 -0.020446777 0.18579102,51 50 51
170,01110011,00000000,0.9814453 0.04156494 -0.020446777 0.18579102,55 55 55
171,01110011,00000000,0.9814453 0.04156494 -0.020446777 0.18579102,0 0 0
172,01110011,00000000,0.9814453 0.04156494 -0.020446777 0.18579102,10 10 10
173,01110011,00000000,0.9814453 0.04156494 -0.020446777 0.18579102,19 19 19
174,01110011,00000000,0.9814453 0.04156494 -0.020446777 0.18579102,27 27 27
175,01110011,00000000,0.9814453 0.04156494 -0.020446777 0.18579102,34 34 34
176,01110011,00000000,0.9814453 0.04156494 -0.020446777 0.18579102,40 40 40
177,01110011,00000000,0.9814453 0.04156494 -0.020446777 0.18579102,45 45 45
178,01110011,00000000,0.9814453 0.04156494 -0.020446777 0.18579102,50 50 50
179,01110011,00000000,0.9814453 0.04156494 -0.020446777 0.18579102,54 54 55
180,01110011,00000000,0.9814453 0.04156494 -0.020446777 0.18579102,58 58 59
181,01110011,00000000,0.9814453 0.04156494 -0.020446777 0.18579102,62 62 63
182,01110011,00000000,0.9814453 0.04156494 -0.020446777 0.18579102,65 65 66
183,01110011,00000000,0.9814453 0.04156494 -0.020446777 0.18579102,68 68 69
184,01110011,00000000,0.9814453 0.04156494 -0.020446777 0.18579102,71 71 72
185,01110011,00000000,0.9814453 0.04156494 -0.020446777 0.18579102,73 73 74
186,01110011,00000000,0.9814453 0.04156494 -0.020446777 0.18579102,75 75 76
187,01110011,00000000,0.9814453 0.04156494 -0.020446777 0.18579102,77 77 78
188,01110011,00000000,0.9814453 0.04156494 -0.020446777 0.18579102,79 79 80
189,01110011,00000000,0.9814453 0.04156494 -0.020446777 0.18579102,81 81 82
190,01110011,00000000,0.9814453 0.04156494 -0.020446777 0.18579102,82 82 83
191,01110011,00000000,0.9814453 0.04156494 -0.020446777 0.18579102,83 83 84
193,01110011,00000000,0.9814453 0.04156494 -0.020446777 0.18579102,84 84 85
194,01110011,00000000,0.9814453 0.04156494 -0.020446777 0.18579102,86 86 87
195,01110011,00000000,0.9814453 0.04156494 -0.020446777 0.18579102,87 87 88
196,01110011,00000000,0.9814453 0.04156494 -0.020446777 0.18579102,88 88 89
197,01110011,00000000,0.9814453 0.04156494 -0.020446777 0.18579102,89 89 90
198,01110011,00000000,0.9814453 0.04156494 -0.020446777 0.18579102,90 90 91
199,01110011,00000000,0.9814453 0.04156494 -0.020446777 0.18579102,90 91 91
203,01110011,00000000,0.9814453 0.04156494 -0.020446777 0.18579102,90 91 91
204,01110011,00000000,0.9814453 0.04156494 -0.020446777 0.18579102,91 91 91
205,01110011,00000000,0.9814453 0.04156494 -0.020446777 0.18579102,91 91 91
206,01110011,00000000,0.9814453 0.04156494 -0.020446777 0.18579102,91 91 91
207,01110011,00000000,0.9814453 0.04156494 -0.020446777 0.18579102,91 91 91
208,01110011,00000000,0.9814453 0.04156494 -0.020446777 0.18579102,91 91 91
209,01110011,00000000,0.9814453 0.04156494 -0.020446777 0.18579102,91 91 91
210,01110011,00000000,0.9814453 0.04156494 -0.020446777 0.18579102,91 91 91
211,01110011,00000000,0.9814453 0.04156494 -0.020446777 0.18579102,91 91 91
212,01110011,00000000,0.9814453 0.04156494 -0.020446777 0.18579102,91 91 91
213,01110011,00000000,0.9814453 0.04156494 -0.020446777 0.18579102,91 91 91
214,01110011,00000000,0.9814453 0.04156494 -0.020446777 0.18579102,91 91 91
215,01110011,00000000,0.9814453 0.04156494 -0.020446777 0.18579102,91 91 91
216,01110011,00000000,0.9814453 0.04156494 -0.020446777 0.18579102,91 91 91
217,01110011,00000000,0.9814453 0.04156494 -0.020446777 0.18579102,91 91 91
218,01110011,00000000,0.9814453 0.04156494 -0.020446777 0.18579102,91 91 91
219,01110011,00000000,0.9814453 0.04156494 -0.020446777 0.18579102,91 91 91
220,01110011,00000000,0.9814453 0.04156494 -0.020446777 0.18579102,91 91 91
221,01110011,00000000,0.9814453 0.04156494 -0.020446777 0.18579102,91 91 91
222,01110011,00000000,0.9814453 0.04156494 -0.020446777 0.18579102,91 91 91
223,01110011,00000000,0.9814453 0.04156494 -0.020446777 0.18579102,91 91 91
224,01110011,00000000,0.9814453 0.04156494 -0.020446777 0.18579102,91 91 91
225,01110011,00000000,0.9814453 0.04156494 -0.020446777 0.18579102,91 91 91
226,01110011,00000000,0.9814453 0.04156494 -0.020446777 0.18579102,91 91 91
227,01110011,00000000,0.9814453 0.04156494 -0.020446777 0.18579102,91 91 91
228,01110011,00000000,0.9814453 0.04156494 -0.020446777 0.18579102,91 91 91
229,01110011,00000000,0.9814453 0.04156494 -0.020446777 0.18579102,91 91 91
230,01110011,00000000,0.9814453 0.04156494 -0.020446777 0.18579102,91 91 91
231,01110011,00000000,0.9814453 0.04156494 -0.020446777 0.18579102,91 91 91
233,01110011,00000000,0.9814453 0.04156494 -0.020446777 0.18579102,91 91 91
234,01110011,00000000,0.9814453 0.04156494 -0.020446777 0.18579102,91 91 91
235,01110011,00000000,0.9814453 0.04156494 -0.020446777 0.18579102,91 91 91
236,01110011,00000000,0.9814453 0.04156494 -0.020446777 0.18579102,91 91 91
237,01110011,00000000,0.9814453 0.04156494 -0.020446777 0.18579102,91 91 91
238,01110011,00000000,0.9814453 0.04156494 -0.020446777 0.18579102,91 91 91
239,01110011,00000000,0.9814453 0.04156494 -0.020446777 0.18579102,91 91 91
243,01110011,00000000,0.9814453 0.04156494 -0.020446777 0.18579102,91 91 91
244,01110011,00000000,0.9814453 0.04156494 -0.020446777 0.18579102,91 91 91
245,01110011,00000000,0.9814453 0.04156494 -0.020446777 0.18579102,91 91 91
246,01110011,00000000,0.9814453 0.04156494 -0.020446777 0.18579102,91 91 91
247,01110011,00000000,0.9814453 0.04156494 -0.020446777 0.18579102,91 91 91
248,01110011,00000000,0.9814453 0.04156494 -0.020446777 0.18579102,91 91 91
249,01110011,00000000,0.9814453 0.04156494 -0.020446777 0.18579102,91 91 91
250,01110011,00000000,0.9814453 0.04156494 -0.020446777 0.18579102,91 91 91
251,01110011,00000000,0.9814453 0.04156494 -0.020446777 0.18579102,91 91 91
252,01110011,00000000,0.9814453 0.04156494 -0.020446777 0.18579102,91 91 91
253,01110011,00000000,0.9814453 0.04156494 -0.020446777 0.18579102,91 91 91
254,01110011,00000000,0.9814453 0.04156494 -0.020446777 0.18579102,91 91 91
255,01110011,00000000,0.9814453 0.04156494 -0.020446777 0.18579102,91 91 91
0,01110011,00000000,0.9814453 0.04156494 -0.020446777 0.18579102,91 91 91
1,01110011,00000000,0.9814453 0.04156494 -0.020446777 0.18579102,91 91 91
2,01110011,00000000,0.9814453 0.04156494 -0.020446777 0.18579102,91 91 91
3,01110011,00000000,0.9814453 0.04156494 -0.020446777 0.18579102,91 91 91
4,01110011,00000000,0.9814453 0.04156494 -0.020446777 0.18579102,91 91 91
5,01110011,00000000,0.9814453 0.04156494 -0.020446777 0.18579102,91 91 91
6,01110011,00000000,0.9814453 0.04156494 -0.020446777 0.18579102,91 91 91
7,01110011,00000000,0.9814453 0.04156494 -0.020446777 0.18579102,91 91 91
8,01110011,00000000,0.9814453 0.04156494 -0.020446777 0.18579102,91 91 91
9,01110011,00000000,0.9814453 0.04156494 -0.020446777 0.18579102,91 91 91
10,01110011,00000000,0.9814453 0.04156494 -0.020446777 0.18579102,91 91 91
11,01110011,00000000,0.9814453 0.04156494 -0.020446777 0.18579102,91 91 91
12,01110011,00000000,0.9814453 0.04156494 -0.020446777 0.18579102,91 91 91
13,01110011,00000000,0.9814453 0.04156494 -0.020446777 0.18579102,91 91 91
14,01110011,00000000,0.9814453 0.04156494 -0.020446777 0.18579102,91 91 91
15,01110011,00000000,0.9814453 0.04156494 -0.020446777 0.18579102,91 91 91
17,01110011,00000000,0.9814453 0.04156494 -0.020446777 0.18579102,91 91 91
18,01110011,00000000,0.9814453 0.04156494 -0.020446777 0.18579102,91 91 91
19,01110011,00000000,0.9814453 0.04156494 -0.020446777 0.18579102,91 91 91
20,01110011,00000000,0.9814453 0.04156494 -0.020446777 0.18579102,91 91 91
21,01110011,00000000,0.9814453 0.04156494 -0.020446777 0.18579102,91 91 91
22,01110011,00000000,0.9814453 0.04156494 -0.020446777 0.18579102,0 0 0
23,01110011,00000000,0.9814453 0.04156494 -0.020446777 0.18579102,10 10 10
27,01110011,00000000,0.9814453 0.04156494 -0.020446777 0.18579102,19 19 19
28,01110011,00000000,0.9814453 0.04156494 -0.020446777 0.18579102,18 18 18
29,01110011,00000000,0.9814453 0.04156494 -0.020446777 0.18579102,26 26 26
30,01110011,00000000,0.9814453 0.04156494 -0.020446777 0.18579102,33 33 33
31,01110011,00000000,0.9814453 0.04156494 -0.020446777 0.18579102,39 39 39
32,01110011,00000000,0.9814453 0.04156494 -0.020446777 0.18579102,45 45 45
33,01110011,00000000,0.9814453 0.04156494 -0.020446777 0.18579102,50 50 50
34,01110011,00000000,0.9814453 0.04156494 -0.020446777 0.18579102,54 54 55
35,01110011,00000000,0.9814453 0.04156494 -0.020446777 0.18579102,58 58 59
36,01110011,00000000,0.9814453 0.04156494 -0.020446777 0.18579102,62 62 63
37,01110011,00000000,0.9814453 0.04156494 -0.020446777 0.18579102,65 65 66
38,01110011,00000000,0.9814453 0.04156494 -0.020446777 0.18579102,68 68 69
39,01110011,00000000,0.9814453 0.04156494 -0.020446777 0.18579102,71 71 72
40,01110011,00000000,0.9814453 0.04156494 -0.020446777 0.18579102,73 73 74
41,01110011,00000000,0.9814453 0.04156494 -0.020446777 0.18579102,75 75 76
42,01110011,00000000,0.9814453 0.04156494 -0.020446777 0.18579102,77 77 78
43,01110011,00000000,0.9814453 0.04156494 -0.020446777 0.18579102,79 79 80
44,01110011,00000000,0.9814453 0.04156494 -0.020446777 0.18579102,81 81 82
45,01110011,00000000,0.9814453 0.04156494 -0.020446777 0.18579102,82 82 83
46,01110011,00000000,0.9814453 0.04156494 -0.020446777 0.18579102,83 83 84
47,01110011,00000000,0.9814453 0.04156494 -0.020446777 0.18579102,84 84 85
48,01110011,00000000,0.9814453 0.04156494 -0.020446777 0.18579102,85 85 86
49,01110011,00000000,0.9814453 0.04156494 -0.020446777 0.18579102,86 86 87
50,01110011,00000000,0.9814453 0.04156494 -0.020446777 0.18579102,87 87 88
51,01110011,00000000,0.9814453 0.04156494 -0.020446777 0.18579102,88 88 89
52,01110011,00000000,0.9814453 0.04156494 -0.020446777 0.18579102,89 89 90
53,01110011,00000000,0.9814453 0.04156494 -0.020446777 0.18579102,90 90 90
54,01110011,00000000,0.9814453 0.04156494 -0.020446777 0.18579102,91 91 91
55,01110011,00000000,0.9814453 0.04156494 -0.020446777 0.18579102,91 91 91
57,01110011,00000000,0.9814453 0.04156494 -0.020446777 0.18579102,91 91 91
58,01110011,00000000,0.9814453 0.04156494 -0.020446777 0.18579102,91 91 91
59,01110011,00000000,0.9814453 0.04156494 -0.020446777 0.18579102,91 91 91
60,01110011,00000000,0.9814453 0.04156494 -0.020446777 0.18579102,91 91 91
61,01110011,00000000,0.9814453 0.04156494 -0.020446777 0.18579102,0 0 0
62,01110011,00000000,0.9814453 0.04156494 -0.020446777 0.18579102,10 9 9
63,01110011,00000000,0.9814453 0.04156494 -0.020446777 0.18579102,18 18 18
67,01110011,00000000,0.9814453 0.04156494 -0.020446777 0.18579102,26 26 26
68,01110011,00000000,0.9814453 0.04156494 -0.020446777 0.18579102,50 50 50
69,01110011,00000000,0.9814453 0.04156494 -0.020446777 0.18579102,54 54 55
70,01110011,00000000,0.9814453 0.04156494 -0.020446777 0.18579102,58 58 59
71,01110011,00000000,0.9814453 0.04156494 -0.020446777 0.18579102,62 62 63
72,01110011,00000000,0.9814453 0.04156494 -0.020446777 0.18579102,65 65 66
73,01110011,00000000,0.9814453 0.04156494 -0.020446777 0.18579102,68 68 69
74,01110011,00000000,0.9814453 0.04156494 -0.020446777 0.18579102,71 71 72
75,01110011,00000000,0.9814453 0.04156494 -0.020446777 0.18579102,73 73 74
76,01110011,00000000,0.9814453 0.04156494 -0.020446777 0.18579102,75 75 76
77,01110011,00000000,0.9814453 0.04156494 -0.020446777 0.18579102,77 77 78
78,01110011,00000000,0.9814453 0.04156494 -0.020446777 0.18579102,79 79 80
79,01110011,00000000,0.9814453 0.04156494 -0.020446777 0.18579102,81 81 82
80,01110011,00000000,0.9814453 0.04156494 -0.020446777 0.18579102,82 82 83
81,01110011,00000000,0.9814453 0.04156494 -0.020446777 0.18579102,83 83 84
82,01110011,00000000,0.9814453 0.04156494 -0.020446777 0.18579102,84 84 85
83,01110011,00000000,0.9814453 0.04156494 -0.020446777 0.18579102,85 85 86
84,01110011,00000000,0.9814453 0.04156494 -0.020446777 0.18579102,86 86 87
85,01110011,00000000,0.9814453 0.04156494 -0.020446777 0.18579102,87 87 88
86,01110011,00000000,0.9814453 0.04156494 -0.020446777 0.18579102,88 88 89
87,01110011,00000000,0.9814453 0.04156494 -0.020446777 0.18579102,89 89 90
88,01110011,00000000,0.9814453 0.04156494 -0.020446777 0.18579102,90 90 90
89,01110011,00000000,0.9814453 0.04156494 -0.020446777 0.18579102,91 91 91
90,01110011,00000000,0.9814453 0.04156494 -0.020446777 0.18579102,91 91 91
91,01110011,00000000,0.9814453 0.04156494 -0.020446777 0.18579102,91 91 91
92,01110011,00000000,0.9814453 0.04156494 -0.020446777 0.18579102,91 91 91
93,01110011,00000000,0.9814453 0.04156494 -0.020446777 0.18579102,91 91 91
94,01110011,00000000,0.9814453 0.04156494 -0.020446777 0.18579102,91 91 91
95,01110011,00000000,0.9814453 0.04156494 -0.020446777 0.18579102,91 91 91
97,01110011,00000000,0.9814453 0.04156494 -0.020446777 0.18579102,91 91 91
98,01110011,00000000,0.9814453 0.04156494 -0.020446777 0.18579102,91 91 91
99,01110011,00000000,0.9814453 0.04156494 -0.020446777 0.18579102,0 0 0
100,01110011,00000000,0.9814453 0.04156494 -0.020446777 0.18579102,10 10 10
101,01110011,00000000,0.9814453 0.04156494 -0.020446777 0.18579102,19 19 19
102,01110011,00000000,0.9814453 0.04156494 -0.020446777 0.18579102,27 27 27
103,01110011,00000000,0.9814453 0.04156494 -0.020446777 0.18579102,34 34 34
107,01110011,00000000,0.9814453 0.04156494 -0.020446777 0.18579102,40 40 40
108,01110011,00000000,0.9814453 0.04156494 -0.020446777 0.18579102,59 59 59
109,01110011,00000000,0.9814453 0.04156494 -0.020446777 0.18579102,63 63 63
110,01110011,00000000,0.9814453 0.04156494 -0.020446777 0.18579102,66 66 66
111,01110011,00000000,0.9814453 0.04156494 -0.020446777 0.18579102,69 69 69
112,01110011,00000000,0.9814453 0.04156494 -0.020446777 0.18579102,72 72 72
113,01110011,00000000,0.9814453 0.04156494 -0.020446777 0.18579102,74 74 74
114,01110011,00000000,0.9814453 0.04156494 -0.020446777 0.18579102,76 76 76
115,01110011,00000000,0.9814453 0.04156494 -0.020446777 0.18579102,78 78 78
116,01110011,00000000,0.9814453 0.04156494 -0.020446777 0.18579102,80 80 80
117,01110011,00000000,0.9814453 0.04156494 -0.020446777 0.18579102,82 81 82
118,01110011,00000000,0.9814453 0.04156494 -0.020446777 0.18579102,83 82 83
119,01110011,00000000,0.9814453 0.04156494 -0.020446777 0.18579102,84 83 84
120,01110011,00000000,0.9814453 0.04156494 -0.020446777 0.18579102,85 84 85
121,01110011,00000000,0.9814453 0.04156494 -0.020446777 0.18579102,86 85 86
122,01110011,00000000,0.9814453 0.04156494 -0.020446777 0.18579102,87 86 87
123,01110011,00000000,0.9814453 0.04156494 -0.020446777 0.18579102,88 87 88
124,01110011,00000000,0.9814453 0.04156494 -0.020446777 0.18579102,89 88 89
125,01110011,00000000,0.9814453 0.04156494 -0.020446777 0.18579102,90 89 90
126,01110011,00000000,0.9814453 0.04156494 -0.020446777 0.18579102,91 90 91
127,01110011,00000000,0.9814453 0.04156494 -0.020446777 0.18579102,91 91 91
128,01110011,00000000,0.9814453 0.04156494 -0.020446777 0.18579102,91 91 91
129,01110011,00000000,0.9814453 0.04156494 -0.020446777 0.18579102,91 91 91
130,01110011,00000000,0.9814453 0.04156494 -0.020446777 0.18579102,91 91 91
131,01110011,00000000,0.9814453 0.04156494 -0.020446777 0.18579102,91 91 91
132,01110011,00000000,0.9814453 0.04156494 -0.020446777 0.18579102,91 91 91
133,01110011,00000000,0.9814453 0.04156494 -0.020446777 0.18579102,91 91 91
134,01110011,00000000,0.9814453 0.04156494 -0.020446777 0.18579102,91 91 91
135,01110011,00000000,0.9814453 0.04156494 -0.020446777 0.18579102,91 91 91
137,01110011,00000000,0.9814453 0.04156494 -0.020446777 0.18579102,91 91 91
138,01110011,00000000,0.9814453 0.04156494 -0.020446777 0.18579102,0 0 0
139,01110011,00000000,0.9814453 0.04156494 -0.020446777 0.18579102,10 9 9
140,01110011,00000000,0.9814453 0.04156494 -0.020446777 0.18579102,18 18 18
141,01110011,00000000,0.9814453 0.04156494 -0.020446777 0.18579102,26 26 26
142,01110011,00000000,0.9814453 0.04156494 -0.020446777 0.18579102,33 33 33
143,01110011,00000000,0.9814453 0.04156494 -0.020446777 0.18579102,39 39 39
147,01110011,00000000,0.9814453 0.04156494 -0.020446777 0.18579102,45 45 45
148,01110011,00000000,0.9814453 0.04156494 -0.020446777 0.18579102,63 63 63
149,01110011,00000000,0.9814453 0.04156494 -0.020446777 0.18579102,0 0 0
150,01110011,00000000,0.9814453 0.04156494 -0.020446777 0.18579102,10 10 10
151,01110011,00000000,0.9814453 0.04156494 -0.020446777 0.18579102,19 18 19
152,01110011,00000000,0.9814453 0.04156494 -0.020446777 0.18579102,27 26 27
153,01110011,00000000,0.9814453 0.04156494 -0.020446777 0.18579102,34 33 34
154,01110011,00000000,0.9814453 0.04156494 -0.020446777 0.18579102,40 39 40
155,01110011,00000000,0.9814453 0.04156494 -0.020446777 0.18579102,46 45 46
156,01110011,00000000,0.9814453 0.04156494 -0.020446777 0.18579102,51 50 51
157,01110011,00000000,0.9814453 0.04156494 -0.020446777 0.18579102,55 55 55
158,01110011,00000000,0.9814453 0.04156494 -0.020446777 0.18579102,59 59 59
159,01110011,00000000,0.9814453 0.04156494 -0.020446777 0.18579102,63 63 63
160,01110011,00000000,0.9814453 0.04156494 -0.020446777 0.18579102,66 66 66
161,01110011,00000000,0.9814453 0.04156494 -0.020446777 0.18579102,69 69 69
162,01110011,00000000,0.9814453 0.04156494 -0.020446777 0.18579102,72 72 72
163,01110011,00000000,0.9814453 0.04156494 -0.020446777 0.18579102,74 74 74
164,01110011,00000000,0.9814453 0.04156494 -0.020446777 0.18579102,76 76 76
165,01110011,00000000,0.9814453 0.04156494 -0.020446777 0.18579102,78 78 78
166,01110011,00000000,0.9814453 0.04156494 -0.020446777 0.18579102,80 80 80
167,01110011,00000000,0.9814453 0.04156494 -0.020446777 0.18579102,82 82 82
168,01110011,00000000,0.9814453 0.04156494 -0.020446777 0.18579102,83 83 83
169,01110011,00000000,0.9814453 0.04156494 -0.020446777 0.18579102,84 84 84
170,01110011,00000000,0.9814453 0.04156494 -0.020446777 0.18579102,85 85 85
171,01110011,00000000,0.9814453 0.04156494 -0.020446777 0.18579102,86 86 86
172,01110011,00000000,0.9814453 0.04156494 -0.020446777 0.18579102,87 87 87
173,01110011,00000000,0.9814453 0.04156494 -0.020446777 0.18579102,88 88 88
174,01110011,00000000,0.9814453 0.04156494 -0.020446777 0.18579102,89 89 89
175,01110011,00000000,0.9814453 0.04156494 -0.020446777 0.18579102,90 90 90
177,01110011,00000000,0.9814453 0.04156494 -0.020446777 0.18579102,91 91 91
178,01110011,00000000,0.9814453 0.04156494 -0.020446777 0.18579102,91 91 91
179,01110011,00000000,0.9814453 0.04156494 -0.020446777 0.18579102,91 91 91
180,01110011,00000000,0.9814453 0.04156494 -0.020446777 0.18579102,91 91 91
181,01110011,00000000,0.9814453 0.04156494 -0.020446777 0.18579102,0 0 0
182,01110011,00000000,0.9814453 0.04156494 -0.020446777 0.18579102,10 10 10
183,01110011,00000000,0.9814453 0.04156494 -0.020446777 0.18579102,19 19 19
187,01110011,00000000,0.9814453 0.04156494 -0.020446777 0.18579102,27 27 27
188,01110011,00000000,0.9814453 0.04156494 -0.020446777 0.18579102,50 51 50
189,01110011,00000000,0.9814453 0.04156494 -0.020446777 0.18579102,55 55 55
190,01110011,00000000,0.9814453 0.04156494 -0.020446777 0.18579102,59 59 59
191,01110011,00000000,0.9814453 0.04156494 -0.020446777 0.18579102,63 63 63
192,01110011,00000000,0.9814453 0.04156494 -0.020446777 0.18579102,66 66 66
193,01110011,00000000,0.9814453 0.04156494 -0.020446777 0.18579102,69 69 69
194,01110011,00000000,0.9814453 0.04156494 -0.020446777 0.18579102,72 72 72
195,01110011,00000000,0.9814453 0.04156494 -0.020446777 0.18579102,74 74 74
196,01110011,00000000,0.9814453 0.04156494 -0.020446777 0.18579102,76 76 76
197,01110011,00000000,0.9814453 0.04156494 -0.020446777 0.18579102,78 78 78
198,01110011,00000000,0.9814453 0.04156494 -0.020446777 0.18579102,80 80 80
199,01110011,00000000,0.9814453 0.04156494 -0.020446777 0.18579102,82 82 82
200,01110011,00000000,0.9814453 0.04156494 -0.020446777 0.18579102,83 83 83
201,01110011,00000000,0.9814453 0.04156494 -0.020446777 0.18579102,84 84 84
202,01110011,00000000,0.9814453 0.04156494 -0.020446777 0.18579102,85 85 85
203,01110011,00000000,0.9814453 0.04156494 -0.020446777 0.18579102,86 86 86
204,01110011,00000000,0.9814453 0.04156494 -0.020446777 0.18579102,87 87 87
205,01110011,00000000,0.9814453 0.04156494 -0.020446777 0.18579102,88 88 88
206,01110011,00000000,0.9814453 0.04156494 -0.020446777 0.18579102,89 89 89
207,01110011,00000000,0.9814453 0.04156494 -0.020446777 0.18579102,90 90 90
208,01110011,00000000,0.9814453 0.04156494 -0.020446777 0.18579102,90 90 91
209,01110011,00000000,0.9814453 0.04156494 -0.020446777 0.18579102,91 91 91
210,01110011,00000000,0.9814453 0.04156494 -0.020446777 0.18579102,91 91 91
211,01110011,00000000,0.9814453 0.04156494 -0.020446777 0.18579102,91 91 91
212,01110011,00000000,0.9814453 0.04156494 -0.020446777 0.18579102,91 91 91
213,01110011,00000000,0.9814453 0.04156494 -0.020446777 0.18579102,91 91 91
214,01110011,00000000,0.9814453 0.04156494 -0.020446777 0.18579102,91 91 91
215,01110011,00000000,0.9814453 0.04156494 -0.020446777 0.18579102,91 91 91
217,01110011,00000000,0.9814453 0.04156494 -0.020446777 0.18579102,91 91 91
218,01110011,00000000,0.9814453 0.04156494 -0.020446777 0.18579102,91 91 91
219,01110011,00000000,0.9814453 0.04156494 -0.020446777 0.18579102,91 91 91
220,01110011,00000000,0.9814453 0.04156494 -0.020446777 0.18579102,91 91 91
221,01110011,00000000,0.9814453 0.04156494 -0.020446777 0.18579102,0 0 0
222,01110011,00000000,0.9814453 0.04156494 -0.020446777 0.18579102,10 10 10
223,01110011,00000000,0.9814453 0.04156494 -0.020446777 0.18579102,18 19 19
227,01110011,00000000,0.9814453 0.04156494 -0.020446777 0.18579102,26 27 27
228,01110011,00000000,0.9814453 0.04156494 -0.020446777 0.18579102,50 51 51
229,01110011,00000000,0.9814453 0.04156494 -0.020446777 0.18579102,54 55 55
230,01110011,00000000,0.9814453 0.04156494 -0.020446777 0.18579102,0 0 0
231,01110011,00000000,0.9814453 0.04156494 -0.020446777 0.18579102,10 10 10
232,01110011,00000000,0.9814453 0.04156494 -0.020446777 0.18579102,19 19 19
233,01110011,00000000,0.9814453 0.04156494 -0.020446777 0.18579102,27 27 27
234,01110011,00000000,0.9814453 0.04156494 -0.020446777 0.18579102,34 34 34
235,01110011,00000000,0.9814453 0.04156494 -0.020446777 0.18579102,40 40 40
236,01110011,00000000,0.9814453 0.04156494 -0.020446777 0.18579102,45 45 45
237,01110011,00000000,0.9814453 0.04156494 -0.020446777 0.18579102,50 50 50
238,01110011,00000000,0.9814453 0.04156494 -0.020446777 0.18579102,55 54 55
239,01110011,00000000,0.9814453 0.04156494 -0.020446777 0.18579102,59 58 59
240,01110011,00000000,0.9814453 0.04156494 -0.020446777 0.18579102,63 62 63
241,01110011,00000000,0.9814453 0.04156494 -0.020446777 0.18579102,66 65 66
242,01110011,00000000,0.9814453 0.04156494 -0.020446777 0.18579102,69 68 69
243,01110011,00000000,0.9814453 0.04156494 -0.020446777 0.18579102,72 71 72
244,01110011,00000000,0.9814453 0.04156494 -0.020446777 0.18579102,74 73 74
245,01110011,00000000,0.9814453 0.04156494 -0.020446777 0.18579102,76 75 76
246,01110011,00000000,0.9814453 0.04156494 -0.020446777 0.18579102,78 77 78
247,01110011,00000000,0.9814453 0.04156494 -0.020446777 0.18579102,80 79 80
248,01110011,00000000,0.9814453 0.04156494 -0.020446777 0.18579102,81 81 82
249,01110011,00000000,0.9814453 0.04156494 -0.020446777 0.18579102,82 82 83
250,01110011,00000000,0.9814453 0.04156494 -0.020446777 0.18579102,83 83 84
251,01110011,00000000,0.9814453 0.04156494 -0.020446777 0.18579102,84 84 85
252,01110011,00000000,0.9814453 0.04156494 -0.020446777 0.18579102,85 85 86
253,01110011,00000000,0.9814453 0.04156494 -0.020446777 0.18579102,86 86 87
254,01110011,00000000,0.9814453 0.04156494 -0.020446777 0.18579102,87 87 88
255,01110011,00000000,0.9814453 0.04156494 -0.020446777 0.18579102,88 88 89
1,01110011,00000000,0.9814453 0.04156494 -0.020446777 0.18579102,89 89 90
2,01110011,00000000,0.9814453 0.04156494 -0.020446777 0.18579102,90 90 91
3,01110011,00000000,0.9814453 0.04156494 -0.020446777 0.18579102,90 90 91
4,01110011,00000000,0.9814453 0.04156494 -0.020446777 0.18579102,91 91 91
5,01110011,00000000,0.9814453 0.04156494 -0.020446777 0.18579102,91 91 91
6,01110011,00000000,0.9814453 0.04156494 -0.020446777 0.18579102,91 91 91
7,01110011,00000000,0.9814453 0.04156494 -0.020446777 0.18579102,91 91 91
11,01110011,00000000,0.9814453 0.04156494 -0.020446777 0.18579102,91 91 91
12,01110011,00000000,0.9814453 0.04156494 -0.020446777 0.18579102,91 91 91
13,01110011,00000000,0.9814453 0.04156494 -0.020446777 0.18579102,91 91 91
14,01110011,00000000,0.9814453 0.04156494 -0.020446777 0.18579102,91 91 91
15,01110011,00000000,0.9814453 0.04156494 -0.020446777 0.18579102,91 91 91
16,01110011,00000000,0.9814453 0.04156494 -0.020446777 0.18579102,91 91 91
17,01110011,00000000,0.9814453 0.04156494 -0.020446777 0.18579102,91 91 91
18,01110011,00000000,0.9814453 0.04156494 -0.020446777 0.18579102,91 91 91
19,01110011,00000000,0.9814453 0.04156494 -0.020446777 0.18579102,91 91 91
20,01110011,00000000,0.9814453 0.04156494 -0.020446777 0.18579102,91 91 91
21,01110011,00000000,0.9814453 0.04156494 -0.020446777 0.18579102,0 0 0
22,01110011,00000000,0.9814453 0.04156494 -0.020446777 0.18579102,10 10 10
23,01110011,00000000,0.9814453 0.04156494 -0.020446777 0.18579102,18 19 19
24,01110011,00000000,0.9814453 0.04156494 -0.020446777 0.18579102,26 27 27
25,01110011,00000000,0.9814453 0.04156494 -0.020446777 0.18579102,33 34 34
26,01110011,00000000,0.9814453 0.04156494 -0.020446777 0.18579102,39 40 40
27,01110011,00000000,0.9814453 0.04156494 -0.020446777 0.18579102,45 46 46
28,01110011,00000000,0.9814453 0.04156494 -0.020446777 0.18579102,50 51 51
29,01110011,00000000,0.9814453 0.04156494 -0.020446777 0.18579102,55 55 55
30,01110011,00000000,0.9814453 0.04156494 -0.020446777 0.18579102,59 59 59
31,01110011,00000000,0.9814453 0.04156494 -0.020446777 0.18579102,63 63 63
32,01110011,00000000,0.9814453 0.04156494 -0.020446777 0.18579102,66 66 66
33,01110011,00000000,0.9814453 0.04156494 -0.020446777 0.18579102,69 69 69
34,01110011,00000000,0.9814453 0.04156494 -0.020446777 0.18579102,72 72 72
35,01110011,00000000,0.9814453 0.04156494 -0.020446777 0.18579102,74 74 74
36,01110011,00000000,0.9814453 0.04156494 -0.020446777 0.18579102,76 76 76
37,01110011,00000000,0.9814453 0.04156494 -0.020446777 0.18579102,78 78 78
38,01110011,00000000,0.9814453 0.04156494 -0.020446777 0.18579102,80 80 80
39,01110011,00000000,0.9814453 0.04156494 -0.020446777 0.18579102,81 82 81
41,01110011,00000000,0.9814453 0.04156494 -0.020446777 0.18579102,82 83 82
42,01110011,00000000,0.9814453 0.04156494 -0.020446777 0.18579102,84 85 84
43,01110011,00000000,0.9814453 0.04156494 -0.020446777 0.18579102,85 86 85
44,01110011,00000000,0.9814453 0.04156494 -0.020446777 0.18579102,0 0 0
45,01110011,00000000,0.9814453 0.04156494 -0.020446777 0.18579102,10 10 10
46,01110011,00000000,0.9814453 0.04156494 -0.020446777 0.18579102,19 19 19
47,01110011,00000000,0.9814453 0.04156494 -0.020446777 0.18579102,27 27 27
51,01110011,00000000,0.9814453 0.04156494 -0.020446777 0.18579102,34 34 34
52,01110011,00000000,0.9814453 0.04156494 -0.020446777 0.18579102,55 55 55
53,01110011,00000000,0.9814453 0.04156494 -0.020446777 0.18579102,59 59 59
54,01110011,00000000,0.9814453 0.04156494 -0.020446777 0.18579102,63 63 63
55,01110011,00000000,0.9814453 0.04156494 -0.020446777 0.18579102,66 66 66
56,01110011,00000000,0.9814453 0.04156494 -0.020446777 0.18579102,69 69 69
57,01110011,00000000,0.9814453 0.04156494 -0.020446777 0.18579102,72 72 72
58,01110011,00000000,0.9814453 0.04156494 -0.020446777 0.18579102,74 74 74
59,01110011,00000000,0.9814453 0.04156494 -0.020446777 0.18579102,76 76 76
60,01110011,00000000,0.9814453 0.04156494 -0.020446777 0.18579102,78 78 78
61,01110011,00000000,0.9814453 0.04156494 -0.020446777 0.18579102,80 80 80
62,01110011,00000000,0.9814453 0.04156494 -0.020446777 0.18579102,81 81 82
63,01110011,00000000,0.9814453 0.04156494 -0.020446777 0.18579102,82 82 83
64,01110011,00000000,0.9814453 0.04156494 -0.020446777 0.18579102,83 83 84
65,01110011,00000000,0.9814453 0.04156494 -0.020446777 0.18579102,84 84 85
66,01110011,00000000,0.9814453 0.04156494 -0.020446777 0.18579102,85 85 86
67,01110011,00000000,0.9814453 0.04156494 -0.020446777 0.18579102,86 86 87
68,01110011,00000000,0.9814453 0.04156494 -0.020446777 0.18579102,87 87 88
69,01110011,00000000,0.9814453 0.04156494 -0.020446777 0.18579102,88 88 89
70,01110011,00000000,0.9814453 0.04156494 -0.020446777 0.18579102,89 89 90
71,01110011,00000000,0.9814453 0.04156494 -0.020446777 0.18579102,90 90 90
72,01110011,00000000,0.9814453 0.04156494 -0.020446777 0.18579102,90 90 90
73,01110011,00000000,0.9814453 0.04156494 -0.020446777 0.18579102,91 91 91
74,01110011,00000000,0.9814453 0.04156494 -0.020446777 0.18579102,91 91 91
75,01110011,00000000,0.9814453 0.04156494 -0.020446777 0.18579102,91 91 91
76,01110011,00000000,0.9814453 0.04156494 -0.020446777 0.18579102,91 91 91
77,01110011,00000000,0.9814453 0.04156494 -0.020446777 0.18579102,91 91 91
78,01110011,00000000,0.9814453 0.04156494 -0.020446777 0.18579102,91 91 91
79,01110011,00000000,0.9814453 0.04156494 -0.020446777 0.18579102,91 91 91
81,01110011,00000000,0.9814453 0.04156494 -0.020446777 0.18579102,91 91 91
82,01110011,00000000,0.9814453 0.04156494 -0.020446777 0.18579102,91 91 91
83,01110011,00000000,0.9814453 0.04156494 -0.020446777 0.18579102,91 91 91
84,01110011,00000000,0.9814453 0.04156494 -0.020446777 0.18579102,91 91 91
85,01110011,00000000,0.9814453 0.04156494 -0.020446777 0.18579102,91 91 91
86,01110011,00000000,0.9814453 0.04156494 -0.020446777 0.18579102,91 91 91
87,01110011,00000000,0.9814453 0.04156494 -0.020446777 0.18579102,91 91 91
91,01110011,00000000,0.9814453 0.04156494 -0.020446777 0.18579102,91 91 91
92,01110011,00000000,0.9814453 0.04156494 -0.020446777 0.18579102,10 10 10
93,01110011,00000000,0.9814453 0.04156494 -0.020446777 0.18579102,19 19 19
94,01110011,00000000,0.9814453 0.04156494 -0.020446777 0.18579102,27 27 27
95,01110011,00000000,0.9814453 0.04156494 -0.020446777 0.18579102,34 34 34
96,01110011,00000000,0.9814453 0.04156494 -0.020446777 0.18579102,40 40 40
97,01110011,00000000,0.9814453 0.04156494 -0.020446777 0.18579102,45 45 46
98,01110011,00000000,0.9814453 0.04156494 -0.020446777 0.18579102,50 50 51
99,01110011,00000000,0.9814453 0.04156494 -0.020446777 0.18579102,54 54 55
100,01110011,00000000,0.9814453 0.04156494 -0.020446777 0.18579102,58 58 59
101,01110011,00000000,0.9814453 0.04156494 -0.020446777 0.18579102,62 62 63
102,01110011,00000000,0.9814453 0.04156494 -0.020446777 0.18579102,65 65 66
103,01110011,00000000,0.9814453 0.04156494 -0.020446777 0.18579102,68 68 69
104,01110011,00000000,0.9814453 0.04156494 -0.020446777 0.18579102,71 71 72
105,01110011,00000000,0.9814453 0.04156494 -0.020446777 0.18579102,73 73 74
106,01110011,00000000,0.9814453 0.04156494 -0.020446777 0.18579102,75 75 76
107,01110011,00000000,0.9814453 0.04156494 -0.020446777 0.18579102,77 77 78
108,01110011,00000000,0.9814453 0.04156494 -0.020446777 0.18579102,79 79 80
109,01110011,00000000,0.9814453 0.04156494 -0.020446777 0.18579102,81 81 81
110,01110011,00000000,0.9814453 0.04156494 -0.020446777 0.18579102,82 82 82
111,01110011,00000000,0.9814453 0.04156494 -0.020446777 0.18579102,83 83 83
112,01110011,00000000,0.9814453 0.04156494 -0.020446777 0.18579102,84 84 84
113,01110011,00000000,0.9814453 0.04156494 -0.020446777 0.18579102,85 85 85
114,01110011,00000000,0.9814453 0.04156494 -0.020446777 0.18579102,86 86 86
115,01110011,00000000,0.9814453 0.04156494 -0.020446777 0.18579102,87 87 87
116,01110011,00000000,0.9814453 0.04156494 -0.020446777 0.18579102,0 0 0
117,01110011,00000000,0.9814453 0.04156494 -0.020446777 0.18579102,10 9 9
118,01110011,00000000,0.9814453 0.04156494 -0.020446777 0.18579102,19 18 18
119,01110011,00000000,0.9814453 0.04156494 -0.020446777 0.18579102,27 26 26
121,01110011,00000000,0.9814453 0.04156494 -0.020446777 0.18579102,34 33 33
122,01110011,00000000,0.9814453 0.04156494 -0.020446777 0.18579102,46 45 45
123,01110011,00000000,0.9814453 0.04156494 -0.020446777 0.18579102,51 50 50
124,01110011,00000000,0.9814453 0.04156494 -0.020446777 0.18579102,55 55 54
125,01110011,00000000,0.9814453 0.04156494 -0.020446777 0.18579102,59 59 58
126,01110011,00000000,0.9814453 0.04156494 -0.020446777 0.18579102,63 63 62
127,01110011,00000000,0.9814453 0.04156494 -0.020446777 0.18579102,66 66 65
131,01110011,00000000,0.9814453 0.04156494 -0.020446777 0.18579102,69 69 68
132,01110011,00000000,0.9814453 0.04156494 -0.020446777 0.18579102,78 78 77
133,01110011,00000000,0.9814453 0.04156494 -0.020446777 0.18579102,80 80 79
134,01110011,00000000,0.9814453 0.04156494 -0.020446777 0.18579102,81 82 81
135,01110011,00000000,0.9814453 0.04156494 -0.020446777 0.18579102,82 83 82
136,01110011,00000000,0.9814453 0.04156494 -0.020446777 0.18579102,83 84 83
137,01110011,00000000,0.9814453 0.04156494 -0.020446777 0.18579102,84 85 84
138,01110011,00000000,0.9814453 0.04156494 -0.020446777 0.18579102,85 86 85
139,01110011,00000000,0.9814453 0.04156494 -0.020446777 0.18579102,86 87 86
140,01110011,00000000,0.9814453 0.04156494 -0.020446777 0.18579102,87 88 87
141,01110011,00000000,0.9814453 0.04156494 -0.020446777 0.18579102,88 89 88
142,01110011,00000000,0.9814453 0.04156494 -0.020446777 0.18579102,89 90 89
143,01110011,00000000,0.9814453 0.04156494 -0.020446777 0.18579102,90 91 90
144,01110011,00000000,0.9814453 0.04156494 -0.020446777 0.18579102,90 91 90
145,01110011,00000000,0.9814453 0.04156494 -0.020446777 0.18579102,91 91 90
146,01110011,00000000,0.9814453 0.04156494 -0.020446777 0.18579102,91 91 91
147,01110011,00000000,0.9814453 0.04156494 -0.020446777 0.18579102,91 91 91
148,01110011,00000000,0.9814453 0.04156494 -0.020446777 0.18579102,91 91 91
149,01110011,00000000,0.9814453 0.04156494 -0.020446777 0.18579102,91 91 91
150,01110011,00000000,0.9814453 0.04156494 -0.020446777 0.18579102,91 91 91
151,01110011,00000000,0.9814453 0.04156494 -0.020446777 0.18579102,91 91 91
152,01110011,00000000,0.9814453 0.04156494 -0.020446777 0.18579102,91 91 91
153,01110011,00000000,0.9814453 0.04156494 -0.020446777 0.18579102,91 91 91
154,01110011,00000000,0.9814453 0.04156494 -0.020446777 0.18579102,91 91 91
155,01110011,00000000,0.9814453 0.04156494 -0.020446777 0.18579102,91 91 91
156,01110011,00000000,0.9814453 0.04156494 -0.020446777 0.18579102,91 91 91
157,01110011,00000000,0.9814453 0.04156494 -0.020446777 0.18579102,91 91 91
158,01110011,00000000,0.9814453 0.04156494 -0.020446777 0.18579102,91 91 91
159,01110011,00000000,0.9814453 0.04156494 -0.020446777 0.18579102,91 91 91
161,01110011,00000000,0.9814453 0.04156494 -0.020446777 0.18579102,91 91 91
162,01110011,00000000,0.9814453 0.04156494 -0.020446777 0.18579102,91 91 91
163,01110011,00000000,0.9814453 0.04156494 -0.020446777 0.18579102,91 91 91
164,01110011,00000000,0.9814453 0.04156494 -0.020446777 0.18579102,91 91 91
165,01110011,00000000,0.9814453 0.04156494 -0.020446777 0.18579102,91 91 91
166,01110011,00000000,0.9814453 0.04156494 -0.020446777 0.18579102,91 91 91
167,01110011,00000000,0.9814453 0.04156494 -0.020446777 0.18579102,91 91 91
171,01110011,00000000,0.9814453 0.04156494 -0.020446777 0.18579102,91 91 91
172,01110011,00000000,0.9814453 0.04156494 -0.020446777 0.18579102,91 91 91
173,01110011,00000000,0.9814453 0.04156494 -0.020446777 0.18579102,91 91 91
174,01110011,00000000,0.9814453 0.04156494 -0.020446777 0.18579102,91 91 91
175,01110011,00000000,0.9814453 0.04156494 -0.020446777 0.18579102,91 91 91
176,01110011,00000000,0.9814453 0.04156494 -0.020446777 0.18579102,91 91 91
177,01110011,00000000,0.9814453 0.04156494 -0.020446777 0.18579102,91 91 91
178,01110011,00000000,0.9814453 0.04156494 -0.020446777 0.18579102,91 91 91
179,01110011,00000000,0.9814453 0.04156494 -0.020446777 0.18579102,91 91 91
180,01110011,00000000,0.9814453 0.04156494 -0.020446777 0.18579102,91 91 91
181,01110011,00000000,0.9814453 0.04156494 -0.020446777 0.18579102,91 91 91
182,01110011,00000000,0.9814453 0.04156494 -0.020446777 0.18579102,91 91 91
183,01110011,00000000,0.9814453 0.04156494 -0.020446777 0.18579102,91 91 91
184,01110011,00000000,0.9814453 0.04156494 -0.020446777 0.18579102,91 91 91
185,01110011,00000000,0.9814453 0.04156494 -0.020446777 0.18579102,91 91 91
186,01110011,00000000,0.9814453 0.04156494 -0.020446777 0.18579102,91 91 91
187,01110011,00000000,0.9814453 0.04156494 -0.020446777 0.18579102,91 91 91
188,01110011,00000000,0.9814453 0.04156494 -0.020446777 0.18579102,91 91 91
189,01110011,00000000,0.9814453 0.04156494 -0.020446777 0.18579102,91 91 91
190,01110011,00000000,0.9814453 0.04156494 -0.020446777 0.18579102,91 91 91
191,01110011,00000000,0.9814453 0.04156494 -0.020446777 0.18579102,91 91 91
192,01110011,00000000,0.9814453 0.04156494 -0.020446777 0.18579102,91 91 91
193,01110011,00000000,0.9814453 0.04156494 -0.020446777 0.18579102,91 91 91
194,01110011,00000000,0.9814453 0.04156494 -0.020446777 0.18579102,91 91 91
195,01110011,00000000,0.9814453 0.04156494 -0.020446777 0.18579102,91 91 91
196,01110011,00000000,0.9814453 0.04156494 -0.020446777 0.18579102,91 91 91
197,01110011,00000000,0.9814453 0.04156494 -0.020446777 0.18579102,91 91 91
198,01110011,00000000,0.9814453 0.04156494 -0.020446777 0.18579102,91 91 91
199,01110011,00000000,0.9814453 0.04156494 -0.020446777 0.18579102,91 91 91
201,01110011,00000000,0.9814453 0.04156494 -0.020446777 0.18579102,91 91 91
202,01110011,00000000,0.9814453 0.04156494 -0.020446777 0.18579102,10 10 10
203,01110011,00000000,0.9814453 0.04156494 -0.020446777 0.18579102,19 18 18
204,01110011,00000000,0.9814453 0.04156494 -0.020446777 0.18579102,27 26 26
205,01110011,00000000,0.9814453 0.04156494 -0.020446777 0.18579102,34 33 33
206,01110011,00000000,0.9814453 0.04156494 -0.020446777 0.18579102,40 39 39
207,01110011,00000000,0.9814453 0.04156494 -0.020446777 0.18579102,46 45 45
211,01110011,00000000,0.9814453 0.04156494 -0.020446777 0.18579102,51 50 50
212,01110011,00000000,0.9814453 0.04156494 -0.020446777 0.18579102,66 66 66
213,01110011,00000000,0.9814453 0.04156494 -0.020446777 0.18579102,69 69 69
214,01110011,00000000,0.9814453 0.04156494 -0.020446777 0.18579102,72 72 72
215,01110011,00000000,0.9814453 0.04156494 -0.020446777 0.18579102,74 74 74
216,01110011,00000000,0.9814453 0.04156494 -0.020446777 0.18579102,76 76 76
217,01110011,00000000,0.9814453 0.04156494 -0.020446777 0.18579102,0 0 0
218,01110011,00000000,0.9814453 0.04156494 -0.020446777 0.18579102,10 10 9
219,01110011,00000000,0.9814453 0.04156494 -0.020446777 0.18579102,18 19 18
220,01110011,00000000,0.9814453 0.04156494 -0.020446777 0.18579102,26 27 26
221,01110011,00000000,0.9814453 0.04156494 -0.020446777 0.18579102,33 34 33
222,01110011,00000000,0.9814453 0.04156494 -0.020446777 0.18579102,39 40 39
223,01110011,00000000,0.9814453 0.04156494 -0.020446777 0.18579102,45 45 45
224,01110011,00000000,0.9814453 0.04156494 -0.020446777 0.18579102,50 50 50
225,01110011,00000000,0.9814453 0.04156494 -0.020446777 0.18579102,54 55 54
226,01110011,00000000,0.9814453 0.04156494 -0.020446777 0.18579102,58 59 58
227,01110011,00000000,0.9814453 0.04156494 -0.020446777 0.18579102,62 63 62
228,01110011,00000000,0.9814453 0.04156494 -0.020446777 0.18579102,65 66 65
229,01110011,00000000,0.9814453 0.04156494 -0.020446777 0.18579102,68 69 68
230,01110011,00000000,0.9814453 0.04156494 -0.020446777 0.18579102,71 72 71
231,01110011,00000000,0.9814453 0.04156494 -0.020446777 0.18579102,73 74 73
232,01110011,00000000,0.9814453 0.04156494 -0.020446777 0.18579102,75 76 75
233,01110011,00000000,0.9814453 0.04156494 -0.020446777 0.18579102,77 78 77
234,01110011,00000000,0.9814453 0.04156494 -0.020446777 0.18579102,79 80 79
235,01110011,00000000,0.9814453 0.04156494 -0.020446777 0.18579102,81 82 81
236,01110011,00000000,0.9814453 0.04156494 -0.020446777 0.18579102,82 83 82
237,01110011,00000000,0.9814453 0.04156494 -0.020446777 0.18579102,83 84 83
238,01110011,00000000,0.9814453 0.04156494 -0.020446777 0.18579102,84 85 84
239,01110011,00000000,0.9814453 0.04156494 -0.020446777 0.18579102,85 86 85
241,01110011,00000000,0.9814453 0.04156494 -0.020446777 0.18579102,0 0 0
242,01110011,00000000,0.9814453 0.04156494 -0.020446777 0.18579102,0 0 0
243,01110011,00000000,0.9814453 0.04156494 -0.020446777 0.18579102,10 9 10
244,01110011,00000000,0.9814453 0.04156494 -0.020446777 0.18579102,19 18 19
245,01110011,00000000,0.9814453 0.04156494 -0.020446777 0.18579102,27 26 27
246,01110011,00000000,0.9814453 0.04156494 -0.020446777 0.18579102,34 33 34
247,01110011,00000000,0.9814453 0.04156494 -0.020446777 0.18579102,40 39 40
251,01110011,00000000,0.9814453 0.04156494 -0.020446777 0.18579102,0 0 0
252,01110011,00000000,0.9814453 0.04156494 -0.020446777 0.18579102,33 34 34
253,01110011,00000000,0.9814453 0.04156494 -0.020446777 0.18579102,39 40 40
254,01110011,00000000,0.9814453 0.04156494 -0.020446777 0.18579102,45 45 46
255,01110011,00000000,0.9814453 0.04156494 -0.020446777 0.18579102,50 50 51
0,01110011,00000000,0.9814453 0.04156494 -0.020446777 0.18579102,55 55 55
1,01110011,00000000,0.9814453 0.04156494 -0.020446777 0.18579102,59 59 59
2,01110011,00000000,0.9814453 0.04156494 -0.020446777 0.18579102,63 63 63
3,01110011,00000000,0.9814453 0.04156494 -0.020446777 0.18579102,66 66 66
4,01110011,00000000,0.9814453 0.04156494 -0.020446777 0.18579102,69 69 69
5,01110011,00000000,0.9814453 0.04156494 -0.020446777 0.18579102,72 72 72
6,01110011,00000000,0.9814453 0.04156494 -0.020446777 0.18579102,74 74 74
7,01110011,00000000,0.9814453 0.04156494 -0.020446777 0.18579102,76 76 76
8,01110011,00000000,0.9814453 0.04156494 -0.020446777 0.18579102,78 78 78
9,01110011,00000000,0.9814453 0.04156494 -0.020446777 0.18579102,80 80 80
10,01110011,00000000,0.9814453 0.04156494 -0.020446777 0.18579102,82 81 82
11,01110011,00000000,0.9814453 0.04156494 -0.020446777 0.18579102,83 82 83
12,01110011,00000000,0.9814453 0.04156494 -0.020446777 0.18579102,84 83 84
13,01110011,00000000,0.9814453 0.04156494 -0.020446777 0.18579102,85 84 85
14,01110011,00000000,0.9814453 0.04156494 -0.020446777 0.18579102,86 85 86
15,01110011,00000000,0.9814453 0.04156494 -0.020446777 0.18579102,87 86 87
16,01110011,00000000,0.9814453 0.04156494 -0.020446777 0.18579102,88 87 88
17,01110011,00000000,0.9814453 0.04156494 -0.020446777 0.18579102,89 88 89
18,01110011,00000000,0.9814453 0.04156494 -0.020446777 0.18579102,90 89 90
19,01110011,00000000,0.9814453 0.04156494 -0.020446777 0.18579102,91 90 90
20,01110011,00000000,0.9814453 0.04156494 -0.020446777 0.18579102,91 91 90
21,01110011,00000000,0.9814453 0.04156494 -0.020446777 0.18579102,91 91 90
22,01110011,00000000,0.9814453 0.04156494 -0.020446777 0.18579102,91 91 91
23,01110011,00000000,0.9814453 0.04156494 -0.020446777 0.18579102,91 91 91
25,01110011,00000000,0.9814453 0.04156494 -0.020446777 0.18579102,91 91 91
26,01110011,00000000,0.9814453 0.04156494 -0.020446777 0.18579102,91 91 91
27,01110011,00000000,0.9814453 0.04156494 -0.020446777 0.18579102,91 91 91
28,01110011,00000000,0.9814453 0.04156494 -0.020446777 0.18579102,91 91 91
29,01110011,00000000,0.9814453 0.04156494 -0.020446777 0.18579102,91 91 91
30,01110011,00000000,0.9814453 0.04156494 -0.020446777 0.18579102,91 91 91
31,01110011,00000000,0.9814453 0.04156494 -0.020446777 0.18579102,91 91 91
35,01110011,00000000,0.9814453 0.04156494 -0.020446777 0.18579102,91 91 91
36,01110011,00000000,0.9814453 0.04156494 -0.020446777 0.18579102,91 91 91
37,01110011,00000000,0.9814453 0.04156494 -0.020446777 0.18579102,91 91 91
38,01110011,00000000,0.9814453 0.04156494 -0.020446777 0.18579102,91 91 91
39,01110011,00000000,0.9814453 0.04156494 -0.020446777 0.18579102,91 91 91
40,01110011,00000000,0.9814453 0.04156494 -0.020446777 0.18579102,0 0 0
41,01110011,00000000,0.9814453 0.04156494 -0.020446777 0.18579102,10 10 10
42,01110011,00000000,0.9814453 0.04156494 -0.020446777 0.18579102,19 19 19
43,01110011,00000000,0.9814453 0.04156494 -0.020446777 0.18579102,27 27 27
44,01110011,00000000,0.9814453 0.04156494 -0.020446777 0.18579102,34 34 34
45,01110011,00000000,0.9814453 0.04156494 -0.020446777 0.18579102,40 40 40
46,01110011,00000000,0.9814453 0.04156494 -0.020446777 0.18579102,46 45 46
47,01110011,00000000,0.9814453 0.04156494 -0.020446777 0.18579102,51 50 51
48,01110011,00000000,0.9814453 0.04156494 -0.020446777 0.18579102,55 54 55
49,01110011,00000000,0.9814453 0.04156494 -0.020446777 0.18579102,59 58 59
50,01110011,00000000,0.9814453 0.04156494 -0.020446777 0.18579102,63 62 63
51,01110011,00000000,0.9814453 0.04156494 -0.020446777 0.18579102,66 65 66
52,01110011,00000000,0.9814453 0.04156494 -0.020446777 0.18579102,69 68 69
53,01110011,00000000,0.9814453 0.04156494 -0.020446777 0.18579102,72 71 72
54,01110011,00000000,0.9814453 0.04156494 -0.020446777 0.18579102,74 73 74
55,01110011,00000000,0.9814453 0.04156494 -0.020446777 0.18579102,76 75 76
56,01110011,00000000,0.9814453 0.04156494 -0.020446777 0.18579102,78 77 78
57,01110011,00000000,0.9814453 0.04156494 -0.020446777 0.18579102,80 79 80
58,01110011,00000000,0.9814453 0.04156494 -0.020446777 0.18579102,81 81 81
59,01110011,00000000,0.9814453 0.04156494 -0.020446777 0.18579102,82 82 82
60,01110011,00000000,0.9814453 0.04156494 -0.020446777 0.18579102,83 83 83
61,01110011,00000000,0.9814453 0.04156494 -0.020446777 0.18579102,84 84 84
62,01110011,00000000,0.9814453 0.04156494 -0.020446777 0.18579102,85 85 85
63,01110011,00000000,0.9814453 0.04156494 -0.020446777 0.18579102,86 86 86
65,01110011,00000000,0.9814453 0.04156494 -0.020446777 0.18579102,87 87 87
66,01110011,00000000,0.9814453 0.04156494 -0.020446777 0.18579102,89 89 89
67,01110011,00000000,0.9814453 0.04156494 -0.020446777 0.18579102,90 90 90
68,01110011,00000000,0.9814453 0.04156494 -0.020446777 0.18579102,91 90 91
69,01110011,00000000,0.9814453 0.04156494 -0.020446777 0.18579102,91 90 91
70,01110011,00000000,0.9814453 0.04156494 -0.020446777 0.18579102,0 0 0
71,01110011,00000000,0.9814453 0.04156494 -0.020446777 0.18579102,10 9 9
75,01110011,00000000,0.9814453 0.04156494 -0.020446777 0.18579102,18 18 18
76,01110011,00000000,0.9814453 0.04156494 -0.020446777 0.18579102,45 45 45
77,01110011,00000000,0.9814453 0.04156494 -0.020446777 0.18579102,50 50 50
78,01110011,00000000,0.9814453 0.04156494 -0.020446777 0.18579102,54 54 55
79,01110011,00000000,0.9814453 0.04156494 -0.020446777 0.18579102,58 58 59
80,01110011,00000000,0.9814453 0.04156494 -0.020446777 0.18579102,62 62 63
81,01110011,00000000,0.9814453 0.04156494 -0.020446777 0.18579102,65 65 66
82,01110011,00000000,0.9814453 0.04156494 -0.020446777 0.18579102,68 68 69
83,01110011,00000000,0.9814453 0.04156494 -0.020446777 0.18579102,71 71 72
84,01110011,00000000,0.9814453 0.04156494 -0.020446777 0.18579102,73 73 74
85,01110011,00000000,0.9814453 0.04156494 -0.020446777 0.18579102,75 75 76
86,01110011,00000000,0.9814453 0.04156494 -0.020446777 0.18579102,77 77 78
87,01110011,00000000,0.9814453 0.04156494 -0.020446777 0.18579102,79 79 80
88,01110011,00000000,0.9814453 0.04156494 -0.020446777 0.18579102,81 81 82
89,01110011,00000000,0.9814453 0.04156494 -0.020446777 0.18579102,0 0 0
90,01110011,00000000,0.9814453 0.04156494 -0.020446777 0.18579102,10 10 10
91,01110011,00000000,0.9814453 0.04156494 -0.020446777 0.18579102,18 19 19
92,01110011,00000000,0.9814453 0.04156494 -0.020446777 0.18579102,26 27 27
93,01110011,00000000,0.9814453 0.04156494 -0.020446777 0.18579102,33 34 34
94,01110011,00000000,0.9814453 0.04156494 -0.020446777 0.18579102,39 40 40
95,01110011,00000000,0.9814453 0.04156494 -0.020446777 0.18579102,45 46 46
96,01110011,00000000,0.9814453 0.04156494 -0.020446777 0.18579102,50 51 51
97,01110011,00000000,0.9814453 0.04156494 -0.020446777 0.18579102,55 55 55
98,01110011,00000000,0.9814453 0.04156494 -0.020446777 0.18579102,59 59 59
99,01110011,00000000,0.9814453 0.04156494 -0.020446777 0.18579102,63 63 63
100,01110011,00000000,0.9814453 0.04156494 -0.020446777 0.18579102,66 66 66
101,01110011,00000000,0.9814453 0.04156494 -0.020446777 0.18579102,69 69 69
102,01110011,00000000,0.9814453 0.04156494 -0.020446777 0.18579102,72 72 72
103,01110011,00000000,0.9814453 0.04156494 -0.020446777 0.18579102,74 74 74
105,01110011,00000000,0.9814453 0.04156494 -0.020446777 0.18579102,76 76 76
106,01110011,00000000,0.9814453 0.04156494 -0.020446777 0.18579102,80 80 80
107,01110011,00000000,0.9814453 0.04156494 -0.020446777 0.18579102,81 82 82
108,01110011,00000000,0.9814453 0.04156494 -0.020446777 0.18579102,82 83 83
109,01110011,00000000,0.9814453 0.04156494 -0.020446777 0.18579102,83 84 84
110,01110011,00000000,0.9814453 0.04156494 -0.020446777 0.18579102,84 85 85
111,01110011,00000000,0.9814453 0.04156494 -0.020446777 0.18579102,85 86 86
115,01110011,00000000,0.9814453 0.04156494 -0.020446777 0.18579102,86 87 87
116,01110011,00000000,0.9814453 0.04156494 -0.020446777 0.18579102,90 90 90
117,01110011,00000000,0.9814453 0.04156494 -0.020446777 0.18579102,91 91 91
118,01110011,00000000,0.9814453 0.04156494 -0.020446777 0.18579102,91 91 91
119,01110011,00000000,0.9814453 0.04156494 -0.020446777 0.18579102,91 91 91
120,01110011,00000000,0.9814453 0.04156494 -0.020446777 0.18579102,91 91 91
121,01110011,00000000,0.9814453 0.04156494 -0.020446777 0.18579102,91 91 91
122,01110011,00000000,0.9814453 0.04156494 -0.020446777 0.18579102,91 91 91
123,01110011,00000000,0.9814453 0.04156494 -0.020446777 0.18579102,91 91 91
124,01110011,00000000,0.9814453 0.04156494 -0.020446777 0.18579102,91 91 91
125,01110011,00000000,0.9814453 0.04156494 -0.020446777 0.18579102,91 91 91
126,01110011,00000000,0.9814453 0.04156494 -0.020446777 0.18579102,91 91 91
127,01110011,00000000,0.9814453 0.04156494 -0.020446777 0.18579102,91 91 91
128,01110011,00000000,0.9814453 0.04156494 -0.020446777 0.18579102,91 91 91
129,01110011,00000000,0.9814453 0.04156494 -0.020446777 0.18579102,91 91 91
130,01110011,00000000,0.9814453 0.04156494 -0.020446777 0.18579102,91 91 91
131,01110011,00000000,0.9814453 0.04156494 -0.020446777 0.18579102,91 91 91
132,01110011,00000000,0.9814453 0.04156494 -0.020446777 0.18579102,91 91 91
133,01110011,00000000,0.9814453 0.04156494 -0.020446777 0.18579102,91 91 91
134,01110011,00000000,0.9814453 0.04156494 -0.020446777 0.18579102,91 91 91
135,01110011,00000000,0.9814453 0.04156494 -0.020446777 0.18579102,91 91 91
136,01110011,00000000,0.9814453 0.04156494 -0.020446777 0.18579102,91 91 91
137,01110011,00000000,0.9814453 0.04156494 -0.020446777 0.18579102,91 91 91
138,01110011,00000000,0.9814453 0.04156494 -0.020446777 0.18579102,91 91 91
139,01110011,00000000,0.9814453 0.04156494 -0.020446777 0.18579102,91 91 91
140,01110011,00000000,0.9814453 0.04156494 -0.020446777 0.18579102,91 91 91
141,01110011,00000000,0.9814453 0.04156494 -0.020446777 0.18579102,91 91 91
142,01110011,00000000,0.9814453 0.04156494 -0.020446777 0.18579102,91 91 91
143,01110011,00000000,0.9814453 0.04156494 -0.020446777 0.18579102,91 91 91
145,01110011,00000000,0.9814453 0.04156494 -0.020446777 0.18579102,91 91 91
146,01110011,00000000,0.9814453 0.04156494 -0.020446777 0.18579102,91 91 91
147,01110011,00000000,0.9814453 0.04156494 -0.020446777 0.18579102,91 91 91
148,01110011,00000000,0.9814453 0.04156494 -0.020446777 0.18579102,91 91 91
149,01110011,00000000,0.9814453 0.04156494 -0.020446777 0.18579102,91 91 91
150,01110011,00000000,0.9814453 0.04156494 -0.020446777 0.18579102,91 91 91
151,01110011,00000000,0.9814453 0.04156494 -0.020446777 0.18579102,91 91 91
155,01110011,00000000,0.9814453 0.04156494 -0.020446777 0.18579102,91 91 91
156,01110011,00000000,0.9814453 0.04156494 -0.020446777 0.18579102,91 91 91
157,01110011,00000000,0.9814453 0.04156494 -0.020446777 0.18579102,91 91 91
158,01110011,00000000,0.9814453 0.04156494 -0.020446777 0.18579102,91 91 91
159,01110011,00000000,0.9814453 0.04156494 -0.020446777 0.18579102,91 91 91
160,01110011,00000000,0.9814453 0.04156494 -0.020446777 0.18579102,91 91 91
161,01110011,00000000,0.9814453 0.04156494 -0.020446777 0.18579102,91 91 91
162,01110011,00000000,0.9814453 0.04156494 -0.020446777 0.18579102,91 91 91
163,01110011,00000000,0.9814453 0.04156494 -0.020446777 0.18579102,91 91 91
164,01110011,00000000,0.9814453 0.04156494 -0.020446777 0.18579102,91 91 91
165,01110011,00000000,0.9814453 0.04156494 -0.020446777 0.18579102,91 91 91
166,01110011,00000000,0.9814453 0.04156494 -0.020446777 0.18579102,91 91 91
167,01110011,00000000,0.9814453 0.04156494 -0.020446777 0.18579102,91 91 91
168,01110011,00000000,0.9814453 0.04156494 -0.020446777 0.18579102,91 91 91
169,01110011,00000000,0.9814453 0.04156494 -0.020446777 0.18579102,91 91 91
170,01110011,00000000,0.9814453 0.04156494 -0.020446777 0.18579102,91 91 91
171,01110011,00000000,0.9814453 0.04156494 -0.020446777 0.18579102,91 91 91
172,01110011,00000000,0.9814453 0.04156494 -0.020446777 0.18579102,91 91 91
173,01110011,00000000,0.9814453 0.04156494 -0.020446777 0.18579102,91 91 91
174,01110011,00000000,0.9814453 0.04156494 -0.020446777 0.18579102,91 91 91
175,01110011,00000000,0.9814453 0.04156494 -0.020446777 0.18579102,91 91 91
176,01110011,00000000,0.9814453 0.04156494 -0.020446777 0.18579102,91 91 91
177,01110011,00000000,0.9814453 0.04156494 -0.020446777 0.18579102,91 91 91
178,01110011,00000000,0.9814453 0.04156494 -0.020446777 0.18579102,91 91 91
179,01110011,00000000,0.9814453 0.04156494 -0.020446777 0.18579102,91 91 91
180,01110011,00000000,0.9814453 0.04156494 -0.020446777 0.18579102,91 91 91
181,01110011,00000000,0.9814453 0.04156494 -0.020446777 0.18579102,91 91 91
182,01110011,00000000,0.9814453 0.04156494 -0.020446777 0.18579102,91 91 91
183,01110011,00000000,0.9814453 0.04156494 -0.020446777 0.18579102,91 91 91
185,01110011,00000000,0.9814453 0.04156494 -0.020446777 0.18579102,91 91 91
186,01110011,00000000,0.9814453 0.04156494 -0.020446777 0.18579102,10 10 10
187,01110011,00000000,0.9814453 0.04156494 -0.020446777 0.18579102,19 18 19
188,01110011,00000000,0.9814453 0.04156494 -0.020446777 0.18579102,27 26 27
189,01110011,00000000,0.9814453 0.04156494 -0.020446777 0.18579102,34 33 34
190,01110011,00000000,0.9814453 0.04156494 -0.020446777 0.18579102,40 39 40
191,01110011,00000000,0.9814453 0.04156494 -0.020446777 0.18579102,45 45 45
195,01110011,00000000,0.9814453 0.04156494 -0.020446777 0.18579102,50 50 50
196,01110011,00000000,0.9814453 0.04156494 -0.020446777 0.18579102,66 66 66
197,01110011,00000000,0.9814453 0.04156494 -0.020446777 0.18579102,69 69 69
198,01110011,00000000,0.9814453 0.04156494 -0.020446777 0.18579102,72 72 72
199,01110011,00000000,0.9814453 0.04156494 -0.020446777 0.18579102,74 74 74
200,01110011,00000000,0.9814453 0.04156494 -0.020446777 0.18579102,76 76 76
201,01110011,00000000,0.9814453 0.04156494 -0.020446777 0.18579102,78 78 78
202,01110011,00000000,0.9814453 0.04156494 -0.020446777 0.18579102,80 80 80
203,01110011,00000000,0.9814453 0.04156494 -0.020446777 0.18579102,82 82 82
204,01110011,00000000,0.9814453 0.04156494 -0.020446777 0.18579102,83 83 83
205,01110011,00000000,0.9814453 0.04156494 -0.020446777 0.18579102,84 84 84
206,01110011,00000000,0.9814453 0.04156494 -0.020446777 0.18579102,85 85 85
207,01110011,00000000,0.9814453 0.04156494 -0.020446777 0.18579102,86 86 86
208,01110011,00000000,0.9814453 0.04156494 -0.020446777 0.18579102,87 87 87
209,01110011,00000000,0.9814453 0.04156494 -0.020446777 0.18579102,88 88 88
210,01110011,00000000,0.9814453 0.04156494 -0.020446777 0.18579102,89 89 89
211,01110011,00000000,0.9814453 0.04156494 -0.020446777 0.18579102,90 90 90
212,01110011,00000000,0.9814453 0.04156494 -0.020446777 0.18579102,90 91 91
213,01110011,00000000,0.9814453 0.04156494 -0.020446777 0.18579102,91 91 91
214,01110011,00000000,0.9814453 0.04156494 -0.020446777 0.18579102,91 91 91
215,01110011,00000000,0.9814453 0.04156494 -0.020446777 0.18579102,91 91 91
216,01110011,00000000,0.9814453 0.04156494 -0.020446777 0.18579102,91 91 91
217,01110011,00000000,0.9814453 0.04156494 -0.020446777 0.18579102,91 91 91
218,01110011,00000000,0.9814453 0.04156494 -0.020446777 0.18579102,91 91 91
219,01110011,00000000,0.9814453 0.04156494 -0.020446777 0.18579102,91 91 91
220,01110011,00000000,0.9814453 0.04156494 -0.020446777 0.18579102,91 91 91
221,01110011,00000000,0.9814453 0.04156494 -0.020446777 0.18579102,91 91 91
222,01110011,00000000,0.9814453 0.04156494 -0.020446777 0.18579102,91 91 91
223,01110011,00000000,0.9814453 0.04156494 -0.020446777 0.18579102,91 91 91
225,01110011,00000000,0.9814453 0.04156494 -0.020446777 0.18579102,91 91 91
226,01110011,00000000,0.9814453 0.04156494 -0.020446777 0.18579102,91 91 91
227,01110011,00000000,0.9814453 0.04156494 -0.020446777 0.18579102,91 91 91
228,01110011,00000000,0.9814453 0.04156494 -0.020446777 0.18579102,91 91 91
229,01110011,00000000,0.9814453 0.04156494 -0.020446777 0.18579102,91 91 91
230,01110011,00000000,0.9814453 0.04156494 -0.020446777 0.18579102,91 91 91
231,01110011,00000000,0.9814453 0.04156494 -0.020446777 0.18579102,91 91 91
235,01110011,00000000,0.9814453 0.04156494 -0.020446777 0.18579102,91 91 91
236,01110011,00000000,0.9814453 0.04156494 -0.020446777 0.18579102,91 91 91
237,01110011,00000000,0.9814453 0.04156494 -0.020446777 0.18579102,91 91 91
238,01110011,00000000,0.9814453 0.04156494 -0.020446777 0.18579102,91 91 91
239,01110011,00000000,0.9814453 0.04156494 -0.020446777 0.18579102,91 91 91
240,01110011,00000000,0.9814453 0.04156494 -0.020446777 0.18579102,91 91 91
241,01110011,00000000,0.9814453 0.04156494 -0.020446777 0.18579102,91 91 91
242,01110011,00000000,0.9814453 0.04156494 -0.020446777 0.18579102,91 91 91
243,01110011,00000000,0.9814453 0.04156494 -0.020446777 0.18579102,91 91 91
244,01110011,00000000,0.9814453 0.04156494 -0.020446777 0.18579102,91 91 91
245,01110011,00000000,0.9814453 0.04156494 -0.020446777 0.18579102,91 91 91
246,01110011,00000000,0.9814453 0.04156494 -0.020446777 0.18579102,91 91 91
247,01110011,00000000,0.9814453 0.04156494 -0.020446777 0.18579102,91 91 91
248,01110011,00000000,0.9814453 0.04156494 -0.020446777 0.18579102,91 91 91
249,01110011,00000000,0.9814453 0.04156494 -0.020446777 0.18579102,91 91 91
250,01110011,00000000,0.9814453 0.04156494 -0.020446777 0.18579102,91 91 91
251,01110011,00000000,0.9814453 0.04156494 -0.020446777 0.18579102,91 91 91
252,01110011,00000000,0.9814453 0.04156494 -0.020446777 0.18579102,91 91 91
253,01110011,00000000,0.9814453 0.04156494 -0.020446777 0.18579102,91 91 91
254,01110011,00000000,0.9814453 0.04156494 -0.020446777 0.18579102,91 91 91
255,01110011,00000000,0.9814453 0.04156494 -0.020446777 0.18579102,91 91 91
0,01110011,00000000,0.9814453 0.04156494 -0.020446777 0.18579102,0 0 0
1,01110011,00000000,0.9814453 0.04156494 -0.020446777 0.18579102,10 10 10
2,01110011,00000000,0.9814453 0.04156494 -0.020446777 0.18579102,18 19 19
3,01110011,00000000,0.9814453 0.04156494 -0.020446777 0.18579102,26 27 27
4,01110011,00000000,0.9814453 0.04156494 -0.020446777 0.18579102,33 34 34
5,01110011,00000000,0.9814453 0.04156494 -0.020446777 0.18579102,39 40 40
6,01110011,00000000,0.9814453 0.04156494 -0.020446777 0.18579102,45 45 46
7,01110011,00000000,0.9814453 0.04156494 -0.020446777 0.18579102,50 50 51
9,01110011,00000000,0.9814453 0.04156494 -0.020446777 0.18579102,55 55 55
10,01110011,00000000,0.9814453 0.04156494 -0.020446777 0.18579102,63 63 63
11,01110011,00000000,0.9814453 0.04156494 -0.020446777 0.18579102,66 66 66
12,01110011,00000000,0.9814453 0.04156494 -0.020446777 0.18579102,69 69 69
13,01110011,00000000,0.9814453 0.04156494 -0.020446777 0.18579102,72 72 72
14,01110011,00000000,0.9814453 0.04156494 -0.020446777 0.18579102,74 74 74
15,01110011,00000000,0.9814453 0.04156494 -0.020446777 0.18579102,76 76 76
19,01110011,00000000,0.9814453 0.04156494 -0.020446777 0.18579102,78 78 78
20,01110011,00000000,0.9814453 0.04156494 -0.020446777 0.18579102,83 83 83
21,01110011,00000000,0.9814453 0.04156494 -0.020446777 0.18579102,84 84 84
22,01110011,00000000,0.9814453 0.04156494 -0.020446777 0.18579102,85 85 85
23,01110011,00000000,0.9814453 0.04156494 -0.020446777 0.18579102,86 86 86
24,01110011,00000000,0.9814453 0.04156494 -0.020446777 0.18579102,87 87 87
25,01110011,00000000,0.9814453 0.04156494 -0.020446777 0.18579102,88 88 88
26,01110011,00000000,0.9814453 0.04156494 -0.020446777 0.18579102,89 89 89
27,01110011,00000000,0.9814453 0.04156494 -0.020446777 0.18579102,90 90 90
28,01110011,00000000,0.9814453 0.04156494 -0.020446777 0.18579102,90 90 91
29,01110011,00000000,0.9814453 0.04156494 -0.020446777 0.18579102,90 91 91
30,01110011,00000000,0.9814453 0.04156494 -0.020446777 0.18579102,91 91 91
31,01110011,00000000,0.9814453 0.04156494 -0.020446777 0.18579102,91 91 91
32,01110011,00000000,0.9814453 0.04156494 -0.020446777 0.18579102,91 91 91
33,01110011,00000000,0.9814453 0.04156494 -0.020446777 0.18579102,91 91 91
34,01110011,00000000,0.9814453 0.04156494 -0.020446777 0.18579102,91 91 91
35,01110011,00000000,0.9814453 0.04156494 -0.020446777 0.18579102,91 91 91
36,01110011,00000000,0.9814453 0.04156494 -0.020446777 0.18579102,91 91 91
37,01110011,00000000,0.9814453 0.04156494 -0.020446777 0.18579102,91 91 91
38,01110011,00000000,0.9814453 0.04156494 -0.020446777 0.18579102,91 91 91
39,01110011,00000000,0.9814453 0.04156494 -0.020446777 0.18579102,0 0 0
40,01110011,00000000,0.9814453 0.04156494 -0.020446777 0.18579102,10 10 10
41,01110011,00000000,0.9814453 0.04156494 -0.020446777 0.18579102,19 19 19
42,01110011,00000000,0.9814453 0.04156494 -0.020446777 0.18579102,27 27 27
43,01110011,00000000,0.9814453 0.04156494 -0.020446777 0.18579102,34 34 34
44,01110011,00000000,0.9814453 0.04156494 -0.020446777 0.18579102,40 40 40
45,01110011,00000000,0.9814453 0.04156494 -0.020446777 0.18579102,46 46 45
46,01110011,00000000,0.9814453 0.04156494 -0.020446777 0.18579102,51 51 50
47,01110011,00000000,0.9814453 0.04156494 -0.020446777 0.18579102,55 55 54
49,01110011,00000000,0.9814453 0.04156494 -0.020446777 0.18579102,59 59 58
50,01110011,00000000,0.9814453 0.04156494 -0.020446777 0.18579102,66 66 65
51,01110011,00000000,0.9814453 0.04156494 -0.020446777 0.18579102,69 69 68
52,01110011,00000000,0.9814453 0.04156494 -0.020446777 0.18579102,72 72 71
53,01110011,00000000,0.9814453 0.04156494 -0.020446777 0.18579102,0 0 0
54,01110011,00000000,0.9814453 0.04156494 -0.020446777 0.18579102,10 9 10
55,01110011,00000000,0.9814453 0.04156494 -0.020446777 0.18579102,18 18 19
59,01110011,00000000,0.9814453 0.04156494 -0.020446777 0.18579102,26 26 27
60,01110011,00000000,0.9814453 0.04156494 -0.020446777 0.18579102,50 50 50
61,01110011,00000000,0.9814453 0.04156494 -0.020446777 0.18579102,55 55 54
62,01110011,00000000,0.9814453 0.04156494 -0.020446777 0.18579102,59 59 58
63,01110011,00000000,0.9814453 0.04156494 -0.020446777 0.18579102,63 63 62
64,01110011,00000000,0.9814453 0.04156494 -0.020446777 0.18579102,66 66 65
65,01110011,00000000,0.9814453 0.04156494 -0.020446777 0.18579102,69 69 68
66,01110011,00000000,0.9814453 0.04156494 -0.020446777 0.18579102,72 72 71
67,01110011,00000000,0.9814453 0.04156494 -0.020446777 0.18579102,74 74 73
68,01110011,00000000,0.9814453 0.04156494 -0.020446777 0.18579102,76 76 75
69,01110011,00000000,0.9814453 0.04156494 -0.020446777 0.18579102,78 78 77
70,01110011,00000000,0.9814453 0.04156494 -0.020446777 0.18579102,80 80 79
71,01110011,00000000,0.9814453 0.04156494 -0.020446777 0.18579102,82 82 81
72,01110011,00000000,0.9814453 0.04156494 -0.020446777 0.18579102,83 83 82
73,01110011,00000000,0.9814453 0.04156494 -0.020446777 0.18579102,84 84 83
74,01110011,00000000,0.9814453 0.04156494 -0.020446777 0.18579102,85 85 84
75,01110011,00000000,0.9814453 0.04156494 -0.020446777 0.18579102,86 86 85
76,01110011,00000000,0.9814453 0.04156494 -0.020446777 0.18579102,87 87 86
77,01110011,00000000,0.9814453 0.04156494 -0.020446777 0.18579102,88 88 87
78,01110011,00000000,0.9814453 0.04156494 -0.020446777 0.18579102,89 89 88
79,01110011,00000000,0.9814453 0.04156494 -0.020446777 0.18579102,90 90 89
80,01110011,00000000,0.9814453 0.04156494 -0.020446777 0.18579102,91 91 90
81,01110011,00000000,0.9814453 0.04156494 -0.020446777 0.18579102,91 91 91
82,01110011,00000000,0.9814453 0.04156494 -0.020446777 0.18579102,91 91 91
83,01110011,00000000,0.9814453 0.04156494 -0.020446777 0.18579102,91 91 91
84,01110011,00000000,0.9814453 0.04156494 -0.020446777 0.18579102,91 91 91
85,01110011,00000000,0.9814453 0.04156494 -0.020446777 0.18579102,91 91 91
86,01110011,00000000,0.9814453 0.04156494 -0.020446777 0.18579102,91 91 91
87,01110011,00000000,0.9814453 0.04156494 -0.020446777 0.18579102,91 91 91
89,01110011,00000000,0.9814453 0.04156494 -0.020446777 0.18579102,91 91 91
90,01110011,00000000,0.9814453 0.04156494 -0.020446777 0.18579102,91 91 91
91,01110011,00000000,0.9814453 0.04156494 -0.020446777 0.18579102,91 91 91
92,01110011,00000000,0.9814453 0.04156494 -0.020446777 0.18579102,91 91 91
93,01110011,00000000,0.9814453 0.04156494 -0.020446777 0.18579102,91 91 91
94,01110011,00000000,0.9814453 0.04156494 -0.020446777 0.18579102,91 91 91
95,01110011,00000000,0.9814453 0.04156494 -0.020446777 0.18579102,91 91 91
96,01110011,00000000,0.9814453 0.04156494 -0.020446777 0.18579102,91 91 91
97,01110011,00000000,0.9814453 0.04156494 -0.020446777 0.18579102,91 91 91
98,01110011,00000000,0.9814453 0.04156494 -0.020446777 0.18579102,91 91 91
99,01110011,00000000,0.9814453 0.04156494 -0.020446777 0.18579102,91 91 91
100,01110011,00000000,0.9814453 0.04156494 -0.020446777 0.18579102,91 91 91
101,01110011,00000000,0.9814453 0.04156494 -0.020446777 0.18579102,91 91 91
102,01110011,00000000,0.9814453 0.04156494 -0.020446777 0.18579102,91 91 91
103,01110011,00000000,0.9814453 0.04156494 -0.020446777 0.18579102,91 91 91
104,01110011,00000000,0.9814453 0.04156494 -0.020446777 0.18579102,91 91 91
105,01110011,00000000,0.9814453 0.04156494 -0.020446777 0.18579102,91 91 91
106,01110011,00000000,0.9814453 0.04156494 -0.020446777 0.18579102,91 91 91
107,01110011,00000000,0.9814453 0.04156494 -0.020446777 0.18579102,91 91 91
108,01110011,00000000,0.9814453 0.04156494 -0.020446777 0.18579102,91 91 91
109,01110011,00000000,0.9814453 0.04156494 -0.020446777 0.18579102,91 91 91
110,01110011,00000000,0.9814453 0.04156494 -0.020446777 0.18579102,91 91 91
111,01110011,00000000,0.9814453 0.04156494 -0.020446777 0.18579102,91 91 91
112,01110011,00000000,0.9814453 0.04156494 -0.020446777 0.18579102,91 91 91
113,01110011,00000000,0.9814453 0.04156494 -0.020446777 0.18579102,91 91 91
114,01110011,00000000,0.9814453 0.04156494 -0.020446777 0.18579102,91 91 91
115,01110011,00000000,0.9814453 0.04156494 -0.020446777 0.18579102,91 91 91
116,01110011,00000000,0.9814453 0.04156494 -0.020446777 0.18579102,91 91 91
117,01110011,00000000,0.9814453 0.04156494 -0.020446777 0.18579102,91 91 91
118,01110011,00000000,0.9814453 0.04156494 -0.020446777 0.18579102,91 91 91
119,01110011,00000000,0.9814453 0.04156494 -0.020446777 0.18579102,91 91 91
120,01110011,00000000,0.9814453 0.04156494 -0.020446777 0.18579102,91 91 91
121,01110011,00000000,0.9814453 0.04156494 -0.020446777 0.18579102,91 91 91
122,01110011,00000000,0.9814453 0.04156494 -0.020446777 0.18579102,91 91 91
123,01110011,00000000,0.9814453 0.04156494 -0.020446777 0.18579102,91 91 91
124,01110011,00000000,0.9814453 0.04156494 -0.020446777 0.18579102,91 91 91
125,01110011,00000000,0.9814453 0.04156494 -0.020446777 0.18579102,91 91 91
126,01110011,00000000,0.9814453 0.04156494 -0.020446777 0.18579102,91 91 91
127,01110011,00000000,0.9814453 0.04156494 -0.020446777 0.18579102,91 91 91
129,01110011,00000000,0.9814453 0.04156494 -0.020446777 0.18579102,91 91 91
130,01110011,00000000,0.9814453 0.04156494 -0.020446777 0.18579102,91 91 91
131,01110011,00000000,0.9814453 0.04156494 -0.020446777 0.18579102,91 91 91
132,01110011,00000000,0.9814453 0.04156494 -0.020446777 0.18579102,91 91 91
133,01110011,00000000,0.9814453 0.04156494 -0.020446777 0.18579102,91 91 91
134,01110011,00000000,0.9814453 0.04156494 -0.020446777 0.18579102,91 91 91
135,01110011,00000000,0.9814453 0.04156494 -0.020446777 0.18579102,91 91 91
139,01110011,00000000,0.9814453 0.04156494 -0.020446777 0.18579102,91 91 91
140,01110011,00000000,0.9814453 0.04156494 -0.020446777 0.18579102,0 0 0
141,01110011,00000000,0.9814453 0.04156494 -0.020446777 0.18579102,10 10 10
142,01110011,00000000,0.9814453 0.04156494 -0.020446777 0.18579102,19 18 19
143,01110011,00000000,0.9814453 0.04156494 -0.020446777 0.18579102,27 26 27
144,01110011,00000000,0.9814453 0.04156494 -0.020446777 0.18579102,34 33 34
145,01110011,00000000,0.9814453 0.04156494 -0.020446777 0.18579102,40 39 40
146,01110011,00000000,0.9814453 0.04156494 -0.020446777 0.18579102,46 45 45
147,01110011,00000000,0.9814453 0.04156494 -0.020446777 0.18579102,51 50 50
148,01110011,00000000,0.9814453 0.04156494 -0.020446777 0.18579102,55 54 54
149,01110011,00000000,0.9814453 0.04156494 -0.020446777 0.18579102,59 58 58
150,01110011,00000000,0.9814453 0.04156494 -0.020446777 0.18579102,63 62 62
151,01110011,00000000,0.9814453 0.04156494 -0.020446777 0.18579102,66 65 65
152,01110011,00000000,0.9814453 0.04156494 -0.020446777 0.18579102,69 68 68
153,01110011,00000000,0.9814453 0.04156494 -0.020446777 0.18579102,72 71 71
154,01110011,00000000,0.9814453 0.04156494 -0.020446777 0.18579102,74 73 73
155,01110011,00000000,0.9814453 0.04156494 -0.020446777 0.18579102,76 75 75
156,01110011,00000000,0.9814453 0.04156494 -0.020446777 0.18579102,78 77 77
157,01110011,00000000,0.9814453 0.04156494 -0.020446777 0.18579102,80 79 79
158,01110011,00000000,0.9814453 0.04156494 -0.020446777 0.18579102,81 81 81
159,01110011,00000000,0.9814453 0.04156494 -0.020446777 0.18579102,82 82 82
160,01110011,00000000,0.9814453 0.04156494 -0.020446777 0.18579102,83 83 83
161,01110011,00000000,0.9814453 0.04156494 -0.020446777 0.18579102,84 84 84
162,01110011,00000000,0.9814453 0.04156494 -0.020446777 0.18579102,85 85 85
163,01110011,00000000,0.9814453 0.04156494 -0.020446777 0.18579102,86 86 86
164,01110011,00000000,0.9814453 0.04156494 -0.020446777 0.18579102,87 87 87
165,01110011,00000000,0.9814453 0.04156494 -0.020446777 0.18579102,88 88 88
166,01110011,00000000,0.9814453 0.04156494 -0.020446777 0.18579102,89 89 89
167,01110011,00000000,0.9814453 0.04156494 -0.020446777 0.18579102,90 90 90
169,01110011,00000000,0.9814453 0.04156494 -0.020446777 0.18579102,91 90 91
170,01110011,00000000,0.9814453 0.04156494 -0.020446777 0.18579102,91 90 91
171,01110011,00000000,0.9814453 0.04156494 -0.020446777 0.18579102,91 90 91
172,01110011,00000000,0.9814453 0.04156494 -0.020446777 0.18579102,91 90 91
173,01110011,00000000,0.9814453 0.04156494 -0.020446777 0.18579102,91 90 91
174,01110011,00000000,0.9814453 0.04156494 -0.020446777 0.18579102,91 91 91
175,01110011,00000000,0.9814453 0.04156494 -0.020446777 0.18579102,91 91 91
176,01110011,00000000,0.9814453 0.04156494 -0.020446777 0.18579102,91 91 91
177,01110011,00000000,0.9814453 0.04156494 -0.020446777 0.18579102,91 91 91
178,01110011,00000000,0.9814453 0.04156494 -0.020446777 0.18579102,91 91 91
179,01110011,00000000,0.9814453 0.04156494 -0.020446777 0.18579102,91 91 91
180,01110011,00000000,0.9814453 0.04156494 -0.020446777 0.18579102,0 0 0
181,01110011,00000000,0.9814453 0.04156494 -0.020446777 0.18579102,10 10 10
182,01110011,00000000,0.9814453 0.04156494 -0.020446777 0.18579102,19 19 19
183,01110011,00000000,0.9814453 0.04156494 -0.020446777 0.18579102,27 27 27
184,01110011,00000000,0.9814453 0.04156494 -0.020446777 0.18579102,34 34 34
185,01110011,00000000,0.9814453 0.04156494 -0.020446777 0.18579102,40 40 40
186,01110011,00000000,0.9814453 0.04156494 -0.020446777 0.18579102,45 45 46
187,01110011,00000000,0.9814453 0.04156494 -0.020446777 0.18579102,50 50 51
188,01110011,00000000,0.9814453 0.04156494 -0.020446777 0.18579102,55 54 55
189,01110011,00000000,0.9814453 0.04156494 -0.020446777 0.18579102,59 58 59
190,01110011,00000000,0.9814453 0.04156494 -0.020446777 0.18579102,0 0 0
191,01110011,00000000,0.9814453 0.04156494 -0.020446777 0.18579102,10 10 9
192,01110011,00000000,0.9814453 0.04156494 -0.020446777 0.18579102,18 19 18
193,01110011,00000000,0.9814453 0.04156494 -0.020446777 0.18579102,26 27 26
194,01110011,00000000,0.9814453 0.04156494 -0.020446777 0.18579102,33 34 33
195,01110011,00000000,0.9814453 0.04156494 -0.020446777 0.18579102,39 40 39
196,01110011,00000000,0.9814453 0.04156494 -0.020446777 0.18579102,45 45 45
197,01110011,00000000,0.9814453 0.04156494 -0.020446777 0.18579102,50 50 50
198,01110011,00000000,0.9814453 0.04156494 -0.020446777 0.18579102,55 55 55
199,01110011,00000000,0.9814453 0.04156494 -0.020446777 0.18579102,59 59 59
200,01110011,00000000,0.9814453 0.04156494 -0.020446777 0.18579102,63 63 63
201,01110011,00000000,0.9814453 0.04156494 -0.020446777 0.18579102,66 66 66
202,01110011,00000000,0.9814453 0.04156494 -0.020446777 0.18579102,69 69 69
203,01110011,00000000,0.9814453 0.04156494 -0.020446777 0.18579102,72 72 72
204,01110011,00000000,0.9814453 0.04156494 -0.020446777 0.18579102,74 74 74
205,01110011,00000000,0.9814453 0.04156494 -0.020446777 0.18579102,76 76 76
206,01110011,00000000,0.9814453 0.04156494 -0.020446777 0.18579102,78 78 78
207,01110011,00000000,0.9814453 0.04156494 -0.020446777 0.18579102,80 80 80
209,01110011,00000000,0.9814453 0.04156494 -0.020446777 0.18579102,81 81 81
210,01110011,00000000,0.9814453 0.04156494 -0.020446777 0.18579102,83 83 83
211,01110011,00000000,0.9814453 0.04156494 -0.020446777 0.18579102,84 84 84
212,01110011,00000000,0.9814453 0.04156494 -0.020446777 0.18579102,85 85 85
213,01110011,00000000,0.9814453 0.04156494 -0.020446777 0.18579102,86 86 86
214,01110011,00000000,0.9814453 0.04156494 -0.020446777 0.18579102,87 87 87
215,01110011,00000000,0.9814453 0.04156494 -0.020446777 0.18579102,88 88 88
219,01110011,00000000,0.9814453 0.04156494 -0.020446777 0.18579102,89 89 89
220,01110011,00000000,0.9814453 0.04156494 -0.020446777 0.18579102,91 91 91
221,01110011,00000000,0.9814453 0.04156494 -0.020446777 0.18579102,91 91 91
222,01110011,00000000,0.9814453 0.04156494 -0.020446777 0.18579102,91 91 91
223,01110011,00000000,0.9814453 0.04156494 -0.020446777 0.18579102,91 91 91
224,01110011,00000000,0.9814453 0.04156494 -0.020446777 0.18579102,91 91 91
225,01110011,00000000,0.9814453 0.04156494 -0.020446777 0.18579102,91 91 91
226,01110011,00000000,0.9814453 0.04156494 -0.020446777 0.18579102,91 91 91
227,01110011,00000000,0.9814453 0.04156494 -0.020446777 0.18579102,91 91 91
228,01110011,00000000,0.9814453 0.04156494 -0.020446777 0.18579102,91 91 91
229,01110011,00000000,0.9814453 0.04156494 -0.020446777 0.18579102,91 91 91
230,01110011,00000000,0.9814453 0.04156494 -0.020446777 0.18579102,91 91 91
231,01110011,00000000,0.9814453 0.04156494 -0.020446777 0.18579102,91 91 91
232,01110011,00000000,0.9814453 0.04156494 -0.020446777 0.18579102,91 91 91
233,01110011,00000000,0.9814453 0.04156494 -0.020446777 0.18579102,91 91 91
234,01110011,00000000,0.9814453 0.04156494 -0.020446777 0.18579102,91 91 91
235,01110011,00000000,0.9814453 0.04156494 -0.020446777 0.18579102,91 91 91
236,01110011,00000000,0.9814453 0.04156494 -0.020446777 0.18579102,91 91 91
237,01110011,00000000,0.9814453 0.04156494 -0.020446777 0.18579102,91 91 91
238,01110011,00000000,0.9814453 0.04156494 -0.020446777 0.18579102,91 91 91
239,01110011,00000000,0.9814453 0.04156494 -0.020446777 0.18579102,91 91 91
240,01110011,00000000,0.9814453 0.04156494 -0.020446777 0.18579102,91 91 91
241,01110011,00000000,0.9814453 0.04156494 -0.020446777 0.18579102,91 91 91
242,01110011,00000000,0.9814453 0.04156494 -0.020446777 0.18579102,91 91 91
243,01110011,00000000,0.9814453 0.04156494 -0.020446777 0.18579102,91 91 91
244,01110011,00000000,0.9814453 0.04156494 -0.020446777 0.18579102,91 91 91
245,01110011,00000000,0.9814453 0.04156494 -0.020446777 0.18579102,91 91 91
246,01110011,00000000,0.9814453 0.04156494 -0.020446777 0.18579102,91 91 91
247,01110011,00000000,0.9814453 0.04156494 -0.020446777 0.18579102,91 91 91
249,01110011,00000000,0.9814453 0.04156494 -0.020446777 0.18579102,91 91 91
250,01110011,00000000,0.9814453 0.04156494 -0.020446777 0.18579102,91 91 91
251,01110011,00000000,0.9814453 0.04156494 -0.020446777 0.18579102,91 91 91
252,01110011,00000000,0.9814453 0.04156494 -0.020446777 0.18579102,91 91 91
253,01110011,00000000,0.9814453 0.04156494 -0.020446777 0.18579102,91 91 91
254,01110011,00000000,0.9814453 0.04156494 -0.020446777 0.18579102,91 91 91
255,01110011,00000000,0.9814453 0.04156494 -0.020446777 0.18579102,91 91 91
0,01110011,00000000,0.9814453 0.04156494 -0.020446777 0.18579102,91 91 91
1,01110011,00000000,0.9814453 0.04156494 -0.020446777 0.18579102,91 91 91
2,01110011,00000000,0.9814453 0.04156494 -0.020446777 0.18579102,91 91 91
3,01110011,00000000,0.9814453 0.04156494 -0.020446777 0.18579102,91 91 91
4,01110011,00000000,0.9814453 0.04156494 -0.020446777 0.18579102,91 91 91
5,01110011,00000000,0.9814453 0.04156494 -0.020446777 0.18579102,91 91 91
6,01110011,00000000,0.9814453 0.04156494 -0.020446777 0.18579102,91 91 91
7,01110011,00000000,0.9814453 0.04156494 -0.020446777 0.18579102,91 91 91
8,01110011,00000000,0.9814453 0.04156494 -0.020446777 0.18579102,91 91 91
9,01110011,00000000,0.9814453 0.04156494 -0.020446777 0.18579102,91 91 91
10,01110011,00000000,0.9814453 0.04156494 -0.020446777 0.18579102,91 91 91
11,01110011,00000000,0.9814453 0.04156494 -0.020446777 0.18579102,91 91 91
12,01110011,00000000,0.9814453 0.04156494 -0.020446777 0.18579102,91 91 91
13,01110011,00000000,0.9814453 0.04156494 -0.020446777 0.18579102,91 91 91
14,01110011,00000000,0.9814453 0.04156494 -0.020446777 0.18579102,91 91 91
15,01110011,00000000,0.9814453 0.04156494 -0.020446777 0.18579102,91 91 91
16,01110011,00000000,0.9814453 0.04156494 -0.020446777 0.18579102,91 91 91
17,01110011,00000000,0.9814453 0.04156494 -0.020446777 0.18579102,91 91 91
18,01110011,00000000,0.9814453 0.04156494 -0.020446777 0.18579102,91 91 91
19,01110011,00000000,0.9814453 0.04156494 -0.020446777 0.18579102,91 91 91
20,01110011,00000000,0.9814453 0.04156494 -0.020446777 0.18579102,91 91 91
21,01110011,00000000,0.9814453 0.04156494 -0.020446777 0.18579102,91 91 91
22,01110011,00000000,0.9814453 0.04156494 -0.020446777 0.18579102,91 91 91
23,01110011,00000000,0.9814453 0.04156494 -0.020446777 0.18579102,91 91 91
24,01110011,00000000,0.9814453 0.04156494 -0.020446777 0.18579102,91 91 91
25,01110011,00000000,0.9814453 0.04156494 -0.020446777 0.18579102,91 91 91
26,01110011,00000000,0.9814453 0.04156494 -0.020446777 0.18579102,91 91 91
27,01110011,00000000,0.9814453 0.04156494 -0.020446777 0.18579102,91 91 91
28,01110011,00000000,0.9814453 0.04156494 -0.020446777 0.18579102,91 91 91
29,01110011,00000000,0.9814453 0.04156494 -0.020446777 0.18579102,91 91 91
30,01110011,00000000,0.9814453 0.04156494 -0.020446777 0.18579102,91 91 91
31,01110011,00000000,0.9814453 0.04156494 -0.020446777 0.18579102,91 91 91
33,01110011,00000000,0.9814453 0.04156494 -0.020446777 0.18579102,91 91 91
34,01110011,00000000,0.9814453 0.04156494 -0.020446777 0.18579102,91 91 91
35,01110011,00000000,0.9814453 0.04156494 -0.020446777 0.18579102,91 91 91
36,01110011,00000000,0.9814453 0.04156494 -0.020446777 0.18579102,91 91 91
37,01110011,00000000,0.9814453 0.04156494 -0.020446777 0.18579102,91 91 91
38,01110011,00000000,0.9814453 0.04156494 -0.020446777 0.18579102,91 91 91
39,01110011,00000000,0.9814453 0.04156494 -0.020446777 0.18579102,91 91 91
43,01110011,00000000,0.9814453 0.04156494 -0.020446777 0.18579102,91 91 91
44,01110011,00000000,0.9814453 0.04156494 -0.020446777 0.18579102,91 91 91
45,01110011,00000000,0.9814453 0.04156494 -0.020446777 0.18579102,91 91 91
46,01110011,00000000,0.9814453 0.04156494 -0.020446777 0.18579102,91 91 91
47,01110011,00000000,0.9814453 0.04156494 -0.020446777 0.18579102,91 91 91
48,01110011,00000000,0.9814453 0.04156494 -0.020446777 0.18579102,91 91 91
49,01110011,00000000,0.9814453 0.04156494 -0.020446777 0.18579102,91 91 91
50,01110011,00000000,0.9814453 0.04156494 -0.020446777 0.18579102,91 91 91
51,01110011,00000000,0.9814453 0.04156494 -0.020446777 0.18579102,91 91 91
52,01110011,00000000,0.9814453 0.04156494 -0.020446777 0.18579102,91 91 91
53,01110011,00000000,0.9814453 0.04156494 -0.020446777 0.18579102,91 91 91
54,01110011,00000000,0.9814453 0.04156494 -0.020446777 0.18579102,91 91 91
55,01110011,00000000,0.9814453 0.04156494 -0.020446777 0.18579102,91 91 91
56,01110011,00000000,0.9814453 0.04156494 -0.020446777 0.18579102,91 91 91
57,01110011,00000000,0.9814453 0.04156494 -0.020446777 0.18579102,91 91 91
58,01110011,00000000,0.9814453 0.04156494 -0.020446777 0.18579102,91 91 91
59,01110011,00000000,0.9814453 0.04156494 -0.020446777 0.18579102,91 91 91
60,01110011,00000000,0.9814453 0.04156494 -0.020446777 0.18579102,91 91 91
61,01110011,00000000,0.9814453 0.04156494 -0.020446777 0.18579102,91 91 91
62,01110011,00000000,0.9814453 0.04156494 -0.020446777 0.18579102,0 0 0
63,01110011,00000000,0.9814453 0.04156494 -0.020446777 0.18579102,10 9 9
64,01110011,00000000,0.9814453 0.04156494 -0.020446777 0.18579102,18 18 18
65,01110011,00000000,0.9814453 0.04156494 -0.020446777 0.18579102,26 26 26
66,01110011,00000000,0.9814453 0.04156494 -0.020446777 0.18579102,33 33 33
67,01110011,00000000,0.9814453 0.04156494 -0.020446777 0.18579102,39 39 39
68,01110011,00000000,0.9814453 0.04156494 -0.020446777 0.18579102,45 45 45
69,01110011,00000000,0.9814453 0.04156494 -0.020446777 0.18579102,50 50 50
70,01110011,00000000,0.9814453 0.04156494 -0.020446777 0.18579102,55 55 55
71,01110011,00000000,0.9814453 0.04156494 -0.020446777 0.18579102,59 59 59
73,01110011,00000000,0.9814453 0.04156494 -0.020446777 0.18579102,63 63 63
74,01110011,00000000,0.9814453 0.04156494 -0.020446777 0.18579102,69 69 69
75,01110011,00000000,0.9814453 0.04156494 -0.020446777 0.18579102,72 72 72
76,01110011,00000000,0.9814453 0.04156494 -0.020446777 0.18579102,74 74 74
77,01110011,00000000,0.9814453 0.04156494 -0.020446777 0.18579102,76 76 76
78,01110011,00000000,0.9814453 0.04156494 -0.020446777 0.18579102,78 78 78
79,01110011,00000000,0.9814453 0.04156494 -0.020446777 0.18579102,80 80 80
80,01110011,00000000,0.9814453 0.04156494 -0.020446777 0.18579102,0 0 0
81,01110011,00000000,0.9814453 0.04156494 -0.020446777 0.18579102,10 10 10
82,01110011,00000000,0.9814453 0.04156494 -0.020446777 0.18579102,18 18 18
83,01110011,00000000,0.9814453 0.04156494 -0.020446777 0.18579102,26 26 26
84,01110011,00000000,0.9814453 0.04156494 -0.020446777 0.18579102,33 33 33
85,01110011,00000000,0.9814453 0.04156494 -0.020446777 0.18579102,39 39 39
86,01110011,00000000,0.9814453 0.04156494 -0.020446777 0.18579102,45 45 45
87,01110011,00000000,0.9814453 0.04156494 -0.020446777 0.18579102,50 50 50
88,01110011,00000000,0.9814453 0.04156494 -0.020446777 0.18579102,55 55 55
89,01110011,00000000,0.9814453 0.04156494 -0.020446777 0.18579102,59 59 59
90,01110011,00000000,0.9814453 0.04156494 -0.020446777 0.18579102,63 63 63
91,01110011,00000000,0.9814453 0.04156494 -0.020446777 0.18579102,66 66 66
92,01110011,00000000,0.9814453 0.04156494 -0.020446777 0.18579102,69 69 69
93,01110011,00000000,0.9814453 0.04156494 -0.020446777 0.18579102,72 72 72
94,01110011,00000000,0.9814453 0.04156494 -0.020446777 0.18579102,74 74 74
95,01110011,00000000,0.9814453 0.04156494 -0.020446777 0.18579102,76 76 76
96,01110011,00000000,0.9814453 0.04156494 -0.020446777 0.18579102,78 78 78
97,01110011,00000000,0.9814453 0.04156494 -0.020446777 0.18579102,0 0 0
98,01110011,00000000,0.9814453 0.04156494 -0.020446777 0.18579102,10 10 9
99,01110011,00000000,0.9814453 0.04156494 -0.020446777 0.18579102,18 18 18
100,01110011,00000000,0.9814453 0.04156494 -0.020446777 0.18579102,26 26 26
101,01110011,00000000,0.9814453 0.04156494 -0.020446777 0.18579102,33 33 33
102,01110011,00000000,0.9814453 0.04156494 -0.020446777 0.18579102,39 39 39
103,01110011,00000000,0.9814453 0.04156494 -0.020446777 0.18579102,45 45 45
104,01110011,00000000,0.9814453 0.04156494 -0.020446777 0.18579102,50 50 50
105,01110011,00000000,0.9814453 0.04156494 -0.020446777 0.18579102,55 55 55
106,01110011,00000000,0.9814453 0.04156494 -0.020446777 0.18579102,59 59 59
107,01110011,00000000,0.9814453 0.04156494 -0.020446777 0.18579102,63 63 63
108,01110011,00000000,0.9814453 0.04156494 -0.020446777 0.18579102,66 66 66
109,01110011,00000000,0.9814453 0.04156494 -0.020446777 0.18579102,69 69 69
110,01110011,00000000,0.9814453 0.04156494 -0.020446777 0.18579102,72 72 72
111,01110011,00000000,0.9814453 0.04156494 -0.020446777 0.18579102,0 0 0
113,01110011,00000000,0.9814453 0.04156494 -0.020446777 0.18579102,10 10 10
114,01110011,00000000,0.9814453 0.04156494 -0.020446777 0.18579102,27 27 27
115,01110011,00000000,0.9814453 0.04156494 -0.020446777 0.18579102,34 34 34
116,01110011,00000000,0.9814453 0.04156494 -0.020446777 0.18579102,40 40 40
117,01110011,00000000,0.9814453 0.04156494 -0.020446777 0.18579102,46 45 46
118,01110011,00000000,0.9814453 0.04156494 -0.020446777 0.18579102,51 50 51
119,01110011,00000000,0.9814453 0.04156494 -0.020446777 0.18579102,55 55 55
123,01110011,00000000,0.9814453 0.04156494 -0.020446777 0.18579102,59 59 59
124,01110011,00000000,0.9814453 0.04156494 -0.020446777 0.18579102,72 72 72
125,01110011,00000000,0.9814453 0.04156494 -0.020446777 0.18579102,74 74 74
126,01110011,00000000,0.9814453 0.04156494 -0.020446777 0.18579102,76 76 76
127,01110011,00000000,0.9814453 0.04156494 -0.020446777 0.18579102,78 78 78
128,01110011,00000000,0.9814453 0.04156494 -0.020446777 0.18579102,80 80 80
129,01110011,00000000,0.9814453 0.04156494 -0.020446777 0.18579102,81 81 82
130,01110011,00000000,0.9814453 0.04156494 -0.020446777 0.18579102,82 82 83
131,01110011,00000000,0.9814453 0.04156494 -0.020446777 0.18579102,83 83 84
132,01110011,00000000,0.9814453 0.04156494 -0.020446777 0.18579102,84 84 85
133,01110011,00000000,0.9814453 0.04156494 -0.020446777 0.18579102,85 85 86
134,01110011,00000000,0.9814453 0.04156494 -0.020446777 0.18579102,86 86 87
135,01110011,00000000,0.9814453 0.04156494 -0.020446777 0.18579102,87 87 88
136,01110011,00000000,0.9814453 0.04156494 -0.020446777 0.18579102,88 88 89
137,01110011,00000000,0.9814453 0.04156494 -0.020446777 0.18579102,89 89 90
138,01110011,00000000,0.9814453 0.04156494 -0.020446777 0.18579102,90 90 91
139,01110011,00000000,0.9814453 0.04156494 -0.020446777 0.18579102,91 91 91
140,01110011,00000000,0.9814453 0.04156494 -0.020446777 0.18579102,91 91 91
141,01110011,00000000,0.9814453 0.04156494 -0.020446777 0.18579102,91 91 91
142,01110011,00000000,0.9814453 0.04156494 -0.020446777 0.18579102,91 91 91
143,01110011,00000000,0.9814453 0.04156494 -0.020446777 0.18579102,91 91 91
144,01110011,00000000,0.9814453 0.04156494 -0.020446777 0.18579102,91 91 91
145,01110011,00000000,0.9814453 0.04156494 -0.020446777 0.18579102,91 91 91
146,01110011,00000000,0.9814453 0.04156494 -0.020446777 0.18579102,91 91 91
147,01110011,00000000,0.9814453 0.04156494 -0.020446777 0.18579102,91 91 91
148,01110011,00000000,0.9814453 0.04156494 -0.020446777 0.18579102,91 91 91
149,01110011,00000000,0.9814453 0.04156494 -0.020446777 0.18579102,91 91 91
150,01110011,00000000,0.9814453 0.04156494 -0.020446777 0.18579102,91 91 91
151,01110011,00000000,0.9814453 0.04156494 -0.020446777 0.18579102,91 91 91
153,01110011,00000000,0.9814453 0.04156494 -0.020446777 0.18579102,91 91 91
154,01110011,00000000,0.9814453 0.04156494 -0.020446777 0.18579102,91 91 91
155,01110011,00000000,0.9814453 0.04156494 -0.020446777 0.18579102,91 91 91
156,01110011,00000000,0.9814453 0.04156494 -0.020446777 0.18579102,91 91 91
157,01110011,00000000,0.9814453 0.04156494 -0.020446777 0.18579102,91 91 91
158,01110011,00000000,0.9814453 0.04156494 -0.020446777 0.18579102,91 91 91
159,01110011,00000000,0.9814453 0.04156494 -0.020446777 0.18579102,91 91 91
160,01110011,00000000,0.9814453 0.04156494 -0.020446777 0.18579102,91 91 91
161,01110011,00000000,0.9814453 0.04156494 -0.020446777 0.18579102,91 91 91
162,01110011,00000000,0.9814453 0.04156494 -0.020446777 0.18579102,91 91 91
163,01110011,00000000,0.9814453 0.04156494 -0.020446777 0.18579102,91 91 91
164,01110011,00000000,0.9814453 0.04156494 -0.020446777 0.18579102,91 91 91
165,01110011,00000000,0.9814453 0.04156494 -0.020446777 0.18579102,91 91 91
166,01110011,00000000,0.9814453 0.04156494 -0.020446777 0.18579102,91 91 91
167,01110011,00000000,0.9814453 0.04156494 -0.020446777 0.18579102,91 91 91
168,01110011,00000000,0.9814453 0.04156494 -0.020446777 0.18579102,91 91 91
169,01110011,00000000,0.9814453 0.04156494 -0.020446777 0.18579102,91 91 91
170,01110011,00000000,0.9814453 0.04156494 -0.020446777 0.18579102,91 91 91
171,01110011,00000000,0.9814453 0.04156494 -0.020446777 0.18579102,91 91 91
172,01110011,00000000,0.9814453 0.04156494 -0.020446777 0.18579102,91 91 91
173,01110011,00000000,0.9814453 0.04156494 -0.020446777 0.18579102,91 91 91
174,01110011,00000000,0.9814453 0.04156494 -0.020446777 0.18579102,91 91 91
175,01110011,00000000,0.9814453 0.04156494 -0.020446777 0.18579102,91 91 91
176,01110011,00000000,0.9814453 0.04156494 -0.020446777 0.18579102,91 91 91
177,01110011,00000000,0.9814453 0.04156494 -0.020446777 0.18579102,91 91 91
178,01110011,00000000,0.9814453 0.04156494 -0.020446777 0.18579102,91 91 91
179,01110011,00000000,0.9814453 0.04156494 -0.020446777 0.18579102,91 91 91
180,01110011,00000000,0.9814453 0.04156494 -0.020446777 0.18579102,91 91 91
181,01110011,00000000,0.9814453 0.04156494 -0.020446777 0.18579102,91 91 91
182,01110011,00000000,0.9814453 0.04156494 -0.020446777 0.18579102,91 91 91
183,01110011,00000000,0.9814453 0.04156494 -0.020446777 0.18579102,91 91 91
184,01110011,00000000,0.9814453 0.04156494 -0.020446777 0.18579102,91 91 91
185,01110011,00000000,0.9814453 0.04156494 -0.020446777 0.18579102,91 91 91
186,01110011,00000000,0.9814453 0.04156494 -0.020446777 0.18579102,0 0 0
187,01110011,00000000,0.9814453 0.04156494 -0.020446777 0.18579102,10 10 10
188,01110011,00000000,0.9814453 0.04156494 -0.020446777 0.18579102,18 18 19
189,01110011,00000000,0.9814453 0.04156494 -0.020446777 0.18579102,26 26 27
190,01110011,00000000,0.9814453 0.04156494 -0.020446777 0.18579102,0 0 0
191,01110011,00000000,0.9814453 0.04156494 -0.020446777 0.18579102,10 10 10
193,01110011,00000000,0.9814453 0.04156494 -0.020446777 0.18579102,18 18 19
194,01110011,00000000,0.9814453 0.04156494 -0.020446777 0.18579102,33 33 34
195,01110011,00000000,0.9814453 0.04156494 -0.020446777 0.18579102,39 39 40
196,01110011,00000000,0.9814453 0.04156494 -0.020446777 0.18579102,45 45 45
197,01110011,00000000,0.9814453 0.04156494 -0.020446777 0.18579102,50 50 50
198,01110011,00000000,0.9814453 0.04156494 -0.020446777 0.18579102,54 54 55
199,01110011,00000000,0.9814453 0.04156494 -0.020446777 0.18579102,58 58 59
203,01110011,00000000,0.9814453 0.04156494 -0.020446777 0.18579102,62 62 63
204,01110011,00000000,0.9814453 0.04156494 -0.020446777 0.18579102,73 73 74
205,01110011,00000000,0.9814453 0.04156494 -0.020446777 0.18579102,75 75 76
206,01110011,00000000,0.9814453 0.04156494 -0.020446777 0.18579102,77 77 78
207,01110011,00000000,0.9814453 0.04156494 -0.020446777 0.18579102,79 79 80
208,01110011,00000000,0.9814453 0.04156494 -0.020446777 0.18579102,81 81 82
209,01110011,00000000,0.9814453 0.04156494 -0.020446777 0.18579102,82 82 83
210,01110011,00000000,0.9814453 0.04156494 -0.020446777 0.18579102,83 83 84
211,01110011,00000000,0.9814453 0.04156494 -0.020446777 0.18579102,84 84 85
212,01110011,00000000,0.9814453 0.04156494 -0.020446777 0.18579102,85 85 86
213,01110011,00000000,0.9814453 0.04156494 -0.020446777 0.18579102,86 86 87
214,01110011,00000000,0.9814453 0.04156494 -0.020446777 0.18579102,87 87 88
215,01110011,00000000,0.9814453 0.04156494 -0.020446777 0.18579102,88 88 89
216,01110011,00000000,0.9814453 0.04156494 -0.020446777 0.18579102,89 89 90
217,01110011,00000000,0.9814453 0.04156494 -0.020446777 0.18579102,90 90 91
218,01110011,00000000,0.9814453 0.04156494 -0.020446777 0.18579102,90 91 91
219,01110011,00000000,0.9814453 0.04156494 -0.020446777 0.18579102,91 91 91
220,01110011,00000000,0.9814453 0.04156494 -0.020446777 0.18579102,91 91 91
221,01110011,00000000,0.9814453 0.04156494 -0.020446777 0.18579102,91 91 91
222,01110011,00000000,0.9814453 0.04156494 -0.020446777 0.18579102,91 91 91
223,01110011,00000000,0.9814453 0.04156494 -0.020446777 0.18579102,91 91 91
224,01110011,00000000,0.9814453 0.04156494 -0.020446777 0.18579102,91 91 91
225,01110011,00000000,0.9814453 0.04156494 -0.020446777 0.18579102,91 91 91
226,01110011,00000000,0.9814453 0.04156494 -0.020446777 0.18579102,91 91 91
227,01110011,00000000,0.9814453 0.04156494 -0.020446777 0.18579102,91 91 91
228,01110011,00000000,0.9814453 0.04156494 -0.020446777 0.18579102,91 91 91
229,01110011,00000000,0.9814453 0.04156494 -0.020446777 0.18579102,91 91 91
230,01110011,00000000,0.9814453 0.04156494 -0.020446777 0.18579102,91 91 91
231,01110011,00000000,0.9814453 0.04156494 -0.020446777 0.18579102,91 91 91
233,01110011,00000000,0.9814453 0.04156494 -0.020446777 0.18579102,91 91 91
234,01110011,00000000,0.9814453 0.04156494 -0.020446777 0.18579102,91 91 91
235,01110011,00000000,0.9814453 0.04156494 -0.020446777 0.18579102,91 91 91
236,01110011,00000000,0.9814453 0.04156494 -0.020446777 0.18579102,91 91 91
237,01110011,00000000,0.9814453 0.04156494 -0.020446777 0.18579102,91 91 91
238,01110011,00000000,0.9814453 0.04156494 -0.020446777 0.18579102,91 91 91
239,01110011,00000000,0.9814453 0.04156494 -0.020446777 0.18579102,91 91 91
240,01110011,00000000,0.9814453 0.04156494 -0.020446777 0.18579102,91 91 91
241,01110011,00000000,0.9814453 0.04156494 -0.020446777 0.18579102,91 91 91
242,01110011,00000000,0.9814453 0.04156494 -0.020446777 0.18579102,91 91 91
243,01110011,00000000,0.9814453 0.04156494 -0.020446777 0.18579102,91 91 91
244,01110011,00000000,0.9814453 0.04156494 -0.020446777 0.18579102,91 91 91
245,01110011,00000000,0.9814453 0.04156494 -0.020446777 0.18579102,91 91 91
246,01110011,00000000,0.9814453 0.04156494 -0.020446777 0.18579102,91 91 91
247,01110011,00000000,0.9814453 0.04156494 -0.020446777 0.18579102,91 91 91
248,01110011,00000000,0.9814453 0.04156494 -0.020446777 0.18579102,91 91 91
249,01110011,00000000,0.9814453 0.04156494 -0.020446777 0.18579102,91 91 91
250,01110011,00000000,0.9814453 0.04156494 -0.020446777 0.18579102,91 91 91
251,01110011,00000000,0.9814453 0.04156494 -0.020446777 0.18579102,91 91 91
252,01110011,00000000,0.9814453 0.04156494 -0.020446777 0.18579102,91 91 91
253,01110011,00000000,0.9814453 0.04156494 -0.020446777 0.18579102,91 91 91
254,01110011,00000000,0.9814453 0.04156494 -0.020446777 0.18579102,91 91 91
255,01110011,00000000,0.9814453 0.04156494 -0.020446777 0.18579102,91 91 91
0,01110011,00000000,0.9814453 0.04156494 -0.020446777 0.18579102,91 91 91
1,01110011,00000000,0.9814453 0.04156494 -0.020446777 0.18579102,91 91 91
2,01110011,00000000,0.9814453 0.04156494 -0.020446777 0.18579102,91 91 91
3,01110011,00000000,0.9814453 0.04156494 -0.020446777 0.18579102,91 91 91
4,01110011,00000000,0.9814453 0.04156494 -0.020446777 0.18579102,91 91 91
5,01110011,00000000,0.9814453 0.04156494 -0.020446777 0.18579102,91 91 91
6,01110011,00000000,0.9814453 0.04156494 -0.020446777 0.18579102,91 91 91
7,01110011,00000000,0.9814453 0.04156494 -0.020446777 0.18579102,91 91 91
8,01110011,00000000,0.9814453 0.04156494 -0.020446777 0.18579102,91 91 91
9,01110011,00000000,0.9814453 0.04156494 -0.020446777 0.18579102,91 91 91
10,01110011,00000000,0.9814453 0.04156494 -0.020446777 0.18579102,91 91 91
11,01110011,00000000,0.9814453 0.04156494 -0.020446777 0.18579102,91 91 91
12,01110011,00000000,0.9814453 0.04156494 -0.020446777 0.18579102,91 91 91
13,01110011,00000000,0.9814453 0.04156494 -0.020446777 0.18579102,0 0 0
14,01110011,00000000,0.9814453 0.04156494 -0.020446777 0.18579102,10 10 10
15,01110011,00000000,0.9814453 0.04156494 -0.020446777 0.18579102,19 19 19
17,01110011,00000000,0.9814453 0.04156494 -0.020446777 0.18579102,27 27 27
18,01110011,00000000,0.9814453 0.04156494 -0.020446777 0.18579102,40 40 40
19,01110011,00000000,0.9814453 0.04156494 -0.020446777 0.18579102,46 45 46
20,01110011,00000000,0.9814453 0.04156494 -0.020446777 0.18579102,51 50 51
21,01110011,00000000,0.9814453 0.04156494 -0.020446777 0.18579102,55 54 55
22,01110011,00000000,0.9814453 0.04156494 -0.020446777 0.18579102,59 58 59
23,01110011,00000000,0.9814453 0.04156494 -0.020446777 0.18579102,63 62 63
27,01110011,00000000,0.9814453 0.04156494 -0.020446777 0.18579102,66 65 66
28,01110011,00000000,0.9814453 0.04156494 -0.020446777 0.18579102,76 75 76
29,01110011,00000000,0.9814453 0.04156494 -0.020446777 0.18579102,78 77 78
30,01110011,00000000,0.9814453 0.04156494 -0.020446777 0.18579102,80 79 80
31,01110011,00000000,0.9814453 0.04156494 -0.020446777 0.18579102,82 81 81
32,01110011,00000000,0.9814453 0.04156494 -0.020446777 0.18579102,83 82 82
33,01110011,00000000,0.9814453 0.04156494 -0.020446777 0.18579102,84 83 83
34,01110011,00000000,0.9814453 0.04156494 -0.020446777 0.18579102,85 84 84
35,01110011,00000000,0.9814453 0.04156494 -0.020446777 0.18579102,86 85 85
36,01110011,00000000,0.9814453 0.04156494 -0.020446777 0.18579102,87 86 86
37,01110011,00000000,0.9814453 0.04156494 -0.020446777 0.18579102,88 87 87
38,01110011,00000000,0.9814453 0.04156494 -0.020446777 0.18579102,89 88 88
39,01110011,00000000,0.9814453 0.04156494 -0.020446777 0.18579102,90 89 89
40,01110011,00000000,0.9814453 0.04156494 -0.020446777 0.18579102,90 90 90
41,01110011,00000000,0.9814453 0.04156494 -0.020446777 0.18579102,90 90 91
42,01110011,00000000,0.9814453 0.04156494 -0.020446777 0.18579102,90 90 91
43,01110011,00000000,0.9814453 0.04156494 -0.020446777 0.18579102,91 91 91
44,01110011,00000000,0.9814453 0.04156494 -0.020446777 0.18579102,91 91 91
45,01110011,00000000,0.9814453 0.04156494 -0.020446777 0.18579102,91 91 91
46,01110011,00000000,0.9814453 0.04156494 -0.020446777 0.18579102,91 91 91
47,01110011,00000000,0.9814453 0.04156494 -0.020446777 0.18579102,91 91 91
48,01110011,00000000,0.9814453 0.04156494 -0.020446777 0.18579102,91 91 91
49,01110011,00000000,0.9814453 0.04156494 -0.020446777 0.18579102,91 91 91
50,01110011,00000000,0.9814453 0.04156494 -0.020446777 0.18579102,91 91 91
51,01110011,00000000,0.9814453 0.04156494 -0.020446777 0.18579102,91 91 91
52,01110011,00000000,0.9814453 0.04156494 -0.020446777 0.18579102,91 91 91
53,01110011,00000000,0.9814453 0.04156494 -0.020446777 0.18579102,91 91 91
54,01110011,00000000,0.9814453 0.04156494 -0.020446777 0.18579102,91 91 91
55,01110011,00000000,0.9814453 0.04156494 -0.020446777 0.18579102,91 91 91
57,01110011,00000000,0.9814453 0.04156494 -0.020446777 0.18579102,91 91 91
58,01110011,00000000,0.9814453 0.04156494 -0.020446777 0.18579102,91 91 91
59,01110011,00000000,0.9814453 0.04156494 -0.020446777 0.18579102,91 91 91
60,01110011,00000000,0.9814453 0.04156494 -0.020446777 0.18579102,91 91 91
61,01110011,00000000,0.9814453 0.04156494 -0.020446777 0.18579102,91 91 91
62,01110011,00000000,0.9814453 0.04156494 -0.020446777 0.18579102,91 91 91
63,01110011,00000000,0.9814453 0.04156494 -0.020446777 0.18579102,91 91 91
64,01110011,00000000,0.9814453 0.04156494 -0.020446777 0.18579102,91 91 91
65,01110011,00000000,0.9814453 0.04156494 -0.020446777 0.18579102,91 91 91
66,01110011,00000000,0.9814453 0.04156494 -0.020446777 0.18579102,91 91 91
67,01110011,00000000,0.9814453 0.04156494 -0.020446777 0.18579102,91 91 91
68,01110011,00000000,0.9814453 0.04156494 -0.020446777 0.18579102,91 91 91
69,01110011,00000000,0.9814453 0.04156494 -0.020446777 0.18579102,91 91 91
70,01110011,00000000,0.9814453 0.04156494 -0.020446777 0.18579102,91 91 91
71,01110011,00000000,0.9814453 0.04156494 -0.020446777 0.18579102,91 91 91
72,01110011,00000000,0.9814453 0.04156494 -0.020446777 0.18579102,91 91 91
73,01110011,00000000,0.9814453 0.04156494 -0.020446777 0.18579102,91 91 91
74,01110011,00000000,0.9814453 0.04156494 -0.020446777 0.18579102,91 91 91
75,01110011,00000000,0.9814453 0.04156494 -0.020446777 0.18579102,91 91 91
76,01110011,00000000,0.9814453 0.04156494 -0.020446777 0.18579102,91 91 91
77,01110011,00000000,0.9814453 0.04156494 -0.020446777 0.18579102,91 91 91
78,01110011,00000000,0.9814453 0.04156494 -0.020446777 0.18579102,91 91 91
79,01110011,00000000,0.9814453 0.04156494 -0.020446777 0.18579102,91 91 91
80,01110011,00000000,0.9814453 0.04156494 -0.020446777 0.18579102,91 91 91
81,01110011,00000000,0.9814453 0.04156494 -0.020446777 0.18579102,0 0 0
82,01110011,00000000,0.9814453 0.04156494 -0.020446777 0.18579102,10 10 10
83,01110011,00000000,0.9814453 0.04156494 -0.020446777 0.18579102,19 19 19
84,01110011,00000000,0.9814453 0.04156494 -0.020446777 0.18579102,27 27 27
85,01110011,00000000,0.9814453 0.04156494 -0.020446777 0.18579102,34 34 34
86,01110011,00000000,0.9814453 0.04156494 -0.020446777 0.18579102,40 40 40
87,01110011,00000000,0.9814453 0.04156494 -0.020446777 0.18579102,46 46 46
88,01110011,00000000,0.9814453 0.04156494 -0.020446777 0.18579102,51 51 51
89,01110011,00000000,0.9814453 0.04156494 -0.020446777 0.18579102,55 55 55
90,01110011,00000000,0.9814453 0.04156494 -0.020446777 0.18579102,59 59 59
91,01110011,00000000,0.9814453 0.04156494 -0.020446777 0.18579102,63 63 63
92,01110011,00000000,0.9814453 0.04156494 -0.020446777 0.18579102,66 66 66
93,01110011,00000000,0.9814453 0.04156494 -0.020446777 0.18579102,69 69 69
94,01110011,00000000,0.9814453 0.04156494 -0.020446777 0.18579102,72 72 72
95,01110011,00000000,0.9814453 0.04156494 -0.020446777 0.18579102,74 74 74
98,01110011,00000000,0.9814453 0.04156494 -0.020446777 0.18579102,76 76 76
99,01110011,00000000,0.9814453 0.04156494 -0.020446777 0.18579102,81 82 82
100,01110011,00000000,0.9814453 0.04156494 -0.020446777 0.18579102,82 83 83
101,01110011,00000000,0.9814453 0.04156494 -0.020446777 0.18579102,83 84 84
102,01110011,00000000,0.9814453 0.04156494 -0.020446777 0.18579102,84 85 85
103,01110011,00000000,0.9814453 0.04156494 -0.020446777 0.18579102,85 86 86
107,01110011,00000000,0.9814453 0.04156494 -0.020446777 0.18579102,86 87 87
108,01110011,00000000,0.9814453 0.04156494 -0.020446777 0.18579102,90 90 90
109,01110011,00000000,0.9814453 0.04156494 -0.020446777 0.18579102,91 91 90
110,01110011,00000000,0.9814453 0.04156494 -0.020446777 0.18579102,91 91 90
111,01110011,00000000,0.9814453 0.04156494 -0.020446777 0.18579102,91 91 91
112,01110011,00000000,0.9814453 0.04156494 -0.020446777 0.18579102,91 91 91
113,01110011,00000000,0.9814453 0.04156494 -0.020446777 0.18579102,91 91 91
114,01110011,00000000,0.9814453 0.04156494 -0.020446777 0.18579102,91 91 91
115,01110011,00000000,0.9814453 0.04156494 -0.020446777 0.18579102,91 91 91
116,01110011,00000000,0.9814453 0.04156494 -0.020446777 0.18579102,91 91 91
117,01110011,00000000,0.9814453 0.04156494 -0.020446777 0.18579102,91 91 91
118,01110011,00000000,0.9814453 0.04156494 -0.020446777 0.18579102,91 91 91
119,01110011,00000000,0.9814453 0.04156494 -0.020446777 0.18579102,91 91 91
120,01110011,00000000,0.9814453 0.04156494 -0.020446777 0.18579102,91 91 91
121,01110011,00000000,0.9814453 0.04156494 -0.020446777 0.18579102,91 91 91
122,01110011,00000000,0.9814453 0.04156494 -0.020446777 0.18579102,91 91 91
123,01110011,00000000,0.9814453 0.04156494 -0.020446777 0.18579102,91 91 91
124,01110011,00000000,0.9814453 0.04156494 -0.020446777 0.18579102,91 91 91
125,01110011,00000000,0.9814453 0.04156494 -0.020446777 0.18579102,91 91 91
126,01110011,00000000,0.9814453 0.04156494 -0.020446777 0.18579102,91 91 91
127,01110011,00000000,0.9814453 0.04156494 -0.020446777 0.18579102,91 91 91
128,01110011,00000000,0.9814453 0.04156494 -0.020446777 0.18579102,91 91 91
129,01110011,00000000,0.9814453 0.04156494 -0.020446777 0.18579102,91 91 91
130,01110011,00000000,0.9814453 0.04156494 -0.020446777 0.18579102,91 91 91
131,01110011,00000000,0.9814453 0.04156494 -0.020446777 0.18579102,91 91 91
132,01110011,00000000,0.9814453 0.04156494 -0.020446777 0.18579102,91 91 91
133,01110011,00000000,0.9814453 0.04156494 -0.020446777 0.18579102,91 91 91
134,01110011,00000000,0.9814453 0.04156494 -0.020446777 0.18579102,91 91 91
135,01110011,00000000,0.9814453 0.04156494 -0.020446777 0.18579102,91 91 91
138,01110011,00000000,0.9814453 0.04156494 -0.020446777 0.18579102,91 91 91
139,01110011,00000000,0.9814453 0.04156494 -0.020446777 0.18579102,91 91 91
140,01110011,00000000,0.9814453 0.04156494 -0.020446777 0.18579102,91 91 91
141,01110011,00000000,0.9814453 0.04156494 -0.020446777 0.18579102,91 91 91
142,01110011,00000000,0.9814453 0.04156494 -0.020446777 0.18579102,91 91 91
143,01110011,00000000,0.9814453 0.04156494 -0.020446777 0.18579102,91 91 91
144,01110011,00000000,0.9814453 0.04156494 -0.020446777 0.18579102,91 91 91
145,01110011,00000000,0.9814453 0.04156494 -0.020446777 0.18579102,91 91 91
146,01110011,00000000,0.9814453 0.04156494 -0.020446777 0.18579102,91 91 91
147,01110011,00000000,0.9814453 0.04156494 -0.020446777 0.18579102,91 91 91
148,01110011,00000000,0.9814453 0.04156494 -0.020446777 0.18579102,91 91 91
149,01110011,00000000,0.9814453 0.04156494 -0.020446777 0.18579102,91 91 91
150,01110011,00000000,0.9814453 0.04156494 -0.020446777 0.18579102,91 91 91
151,01110011,00000000,0.9814453 0.04156494 -0.020446777 0.18579102,0 0 0
152,01110011,00000000,0.9814453 0.04156494 -0.020446777 0.18579102,10 10 10
153,01110011,00000000,0.9814453 0.04156494 -0.020446777 0.18579102,19 18 18
154,01110011,00000000,0.9814453 0.04156494 -0.020446777 0.18579102,27 26 26
155,01110011,00000000,0.9814453 0.04156494 -0.020446777 0.18579102,34 33 33
156,01110011,00000000,0.9814453 0.04156494 -0.020446777 0.18579102,40 39 39
157,01110011,00000000,0.9814453 0.04156494 -0.020446777 0.18579102,45 45 45
158,01110011,00000000,0.9814453 0.04156494 -0.020446777 0.18579102,50 50 50
159,01110011,00000000,0.9814453 0.04156494 -0.020446777 0.18579102,0 0 0
160,01110011,00000000,0.9814453 0.04156494 -0.020446777 0.18579102,10 10 10
161,01110011,00000000,0.9814453 0.04156494 -0.020446777 0.18579102,0 0 0
162,01110011,00000000,0.9814453 0.04156494 -0.020446777 0.18579102,10 10 10
163,01110011,00000000,0.9814453 0.04156494 -0.020446777 0.18579102,18 18 19
164,01110011,00000000,0.9814453 0.04156494 -0.020446777 0.18579102,26 26 27
165,01110011,00000000,0.9814453 0.04156494 -0.020446777 0.18579102,33 33 34
166,01110011,00000000,0.9814453 0.04156494 -0.020446777 0.18579102,39 39 40
167,01110011,00000000,0.9814453 0.04156494 -0.020446777 0.18579102,45 45 45
168,01110011,00000000,0.9814453 0.04156494 -0.020446777 0.18579102,50 50 50
169,01110011,00000000,0.9814453 0.04156494 -0.020446777 0.18579102,55 55 54
170,01110011,00000000,0.9814453 0.04156494 -0.020446777 0.18579102,59 59 58
171,01110011,00000000,0.9814453 0.04156494 -0.020446777 0.18579102,63 63 62
172,01110011,00000000,0.9814453 0.04156494 -0.020446777 0.18579102,66 66 65
173,01110011,00000000,0.9814453 0.04156494 -0.020446777 0.18579102,69 69 68
174,01110011,00000000,0.9814453 0.04156494 -0.020446777 0.18579102,72 72 71
175,01110011,00000000,0.9814453 0.04156494 -0.020446777 0.18579102,74 74 73
178,01110011,00000000,0.9814453 0.04156494 -0.020446777 0.18579102,76 76 75
179,01110011,00000000,0.9814453 0.04156494 -0.020446777 0.18579102,82 81 81
180,01110011,00000000,0.9814453 0.04156494 -0.020446777 0.18579102,83 82 82
181,01110011,00000000,0.9814453 0.04156494 -0.020446777 0.18579102,84 83 83
182,01110011,00000000,0.9814453 0.04156494 -0.020446777 0.18579102,85 84 84
183,01110011,00000000,0.9814453 0.04156494 -0.020446777 0.18579102,86 85 85
188,01110011,00000000,0.9814453 0.04156494 -0.020446777 0.18579102,87 86 86
189,01110011,00000000,0.9814453 0.04156494 -0.020446777 0.18579102,91 90 90
190,01110011,00000000,0.9814453 0.04156494 -0.020446777 0.18579102,91 91 91
191,01110011,00000000,0.9814453 0.04156494 -0.020446777 0.18579102,91 91 91
192,01110011,00000000,0.9814453 0.04156494 -0.020446777 0.18579102,91 91 91
193,01110011,00000000,0.9814453 0.04156494 -0.020446777 0.18579102,91 91 91
194,01110011,00000000,0.9814453 0.04156494 -0.020446777 0.18579102,91 91 91
195,01110011,00000000,0.9814453 0.04156494 -0.020446777 0.18579102,91 91 91
196,01110011,00000000,0.9814453 0.04156494 -0.020446777 0.18579102,91 91 91
197,01110011,00000000,0.9814453 0.04156494 -0.020446777 0.18579102,91 91 91
198,01110011,00000000,0.9814453 0.04156494 -0.020446777 0.18579102,91 91 91
199,01110011,00000000,0.9814453 0.04156494 -0.020446777 0.18579102,91 91 91
200,01110011,00000000,0.9814453 0.04156494 -0.020446777 0.18579102,91 91 91
201,01110011,00000000,0.9814453 0.04156494 -0.020446777 0.18579102,91 91 91
202,01110011,00000000,0.9814453 0.04156494 -0.020446777 0.18579102,91 91 91
203,01110011,00000000,0.9814453 0.04156494 -0.020446777 0.18579102,91 91 91
204,01110011,00000000,0.9814453 0.04156494 -0.020446777 0.18579102,91 91 91
205,01110011,00000000,0.9814453 0.04156494 -0.020446777 0.18579102,91 91 91
206,01110011,00000000,0.9814453 0.04156494 -0.020446777 0.18579102,91 91 91
207,01110011,00000000,0.9814453 0.04156494 -0.020446777 0.18579102,91 91 91
208,01110011,00000000,0.9814453 0.04156494 -0.020446777 0.18579102,91 91 91
209,01110011,00000000,0.9814453 0.04156494 -0.020446777 0.18579102,91 91 91
210,01110011,00000000,0.9814453 0.04156494 -0.020446777 0.18579102,91 91 91
211,01110011,00000000,0.9814453 0.04156494 -0.020446777 0.18579102,91 91 91
212,01110011,00000000,0.9814453 0.04156494 -0.020446777 0.18579102,91 91 91
213,01110011,00000000,0.9814453 0.04156494 -0.020446777 0.18579102,91 91 91
214,01110011,00000000,0.9814453 0.04156494 -0.020446777 0.18579102,91 91 91
215,01110011,00000000,0.9814453 0.04156494 -0.020446777 0.18579102,0 0 0
218,01110011,00000000,0.9814453 0.04156494 -0.020446777 0.18579102,10 10 10
219,01110011,00000000,0.9814453 0.04156494 -0.020446777 0.18579102,34 33 33
220,01110011,00000000,0.9814453 0.04156494 -0.020446777 0.18579102,40 39 39
221,01110011,00000000,0.9814453 0.04156494 -0.020446777 0.18579102,46 45 45
222,01110011,00000000,0.9814453 0.04156494 -0.020446777 0.18579102,51 50 50
223,01110011,00000000,0.9814453 0.04156494 -0.020446777 0.18579102,55 54 54
0,01100001,00000000,0.9814453 0.04156494 -0.020446777 0.18579102,59 58 58
10,01100001,00000000,0.06109619 0.95111084 0.30267334 0,0 0 0
20,01100001,00000000,0.99993896 0 0 0,0 0 0
29,01110011,00000000,0.99993896 0 0 0,0 0 0
30,01110011,00000000,0.99993896 0 0 0,10 10 10
31,01110011,00000000,0.99993896 0 0 0,19 19 19
32,01110011,00000000,0.99993896 0 0 0,27 27 27
33,01110011,00000000,0.99993896 0 0 0,34 34 34
34,01110011,00000000,0.99993896 0 0 0,40 40 40
35,01110011,00000000,0.99993896 0 0 0,46 46 46
36,01110011,00000000,0.99993896 0 0 0,51 51 51
37,01110011,00000000,0.99993896 0 0 0,55 55 55
38,01110011,00000000,0.99993896 0 0 0,59 59 59
39,01110011,00000000,0.99993896 0 0 0,63 63 63
40,01110011,00000000,0.99993896 0 0 0,66 66 66
41,01110011,00000000,0.99993896 0 0 0,69 69 69
42,01110011,00000000,0.99993896 0 0 0,72 72 72
43,01110011,00000000,0.99993896 0 0 0,74 74 74
44,01110011,00000000,0.99993896 0 0 0,76 76 76
45,01110011,00000000,0.99993896 0 0 0,78 78 78
46,01110011,00000000,0.99993896 0 0 0,80 80 80
47,01110011,00000000,0.99993896 0 0 0,82 82 82
48,01110011,00000000,0.99993896 0 0 0,83 83 83
49,01110011,00000000,0.99993896 0 0 0,84 84 84
50,01110011,00000000,0.99993896 0 0 0,85 85 85
51,01110011,00000000,0.99993896 0 0 0,86 86 86
52,01110011,00000000,0.99993896 0 0 0,87 87 87
53,01110011,00000000,0.99993896 0 0 0,88 88 88
54,01110011,00000000,0.99993896 0 0 0,89 89 89
55,01110011,00000000,0.99993896 0 0 0,90 90 90
56,01110011,00000000,0.99993896 0 0 0,91 91 91
57,01110011,00000000,0.99993896 0 0 0,91 91 91
58,01110011,00000000,0.99993896 0 0 0,91 91 91
59,01110011,00000000,0.99993896 0 0 0,91 91 91
60,01110011,00000000,0.99993896 0 0 0,91 91 91
61,01110011,00000000,0.99993896 0 0 0,91 91 91
62,01110011,00000000,0.99993896 0 0 0,91 91 91
63,01110011,00000000,0.99993896 0 0 0,91 91 91
64,01110011,00000000,0.99993896 0 0 0,91 91 91
65,01110011,00000000,0.99993896 0 0 0,91 91 91
66,01110011,00000000,0.99993896 0 0 0,91 91 91
67,01110011,00000000,0.99993896 0 0 0,91 91 91
68,01110011,00000000,0.99993896 0 0 0,91 91 91
69,01110011,00000000,0.99993896 0 0 0,91 91 91
70,01110011,00000000,0.99993896 0 0 0,91 91 91
71,01110011,00000000,0.99993896 0 0 0,91 91 91
72,01110011,00000000,0.99993896 0 0 0,91 91 91
73,01110011,00000000,0.99993896 0 0 0,91 91 91
74,01110011,00000000,0.99993896 0 0 0,91 91 91
75,01110011,00000000,0.99993896 0 0 0,91 91 91
76,01110011,00000000,0.99993896 0 0 0,91 91 91
77,01110011,00000000,0.99993896 0 0 0,91 91 91
78,01110011,00000000,0.99993896 0 0 0,91 91 91
79,01110011,00000000,0.99993896 0 0 0,91 91 91
80,01110011,00000000,0.99993896 0 0 0,91 91 91
81,01110011,00000000,0.99993896 0 0 0,91 91 91
82,01110011,00000000,0.99993896 0 0 0,91 91 91
83,01110011,00000000,0.99993896 0 0 0,91 91 91
84,01110011,00000000,0.99993896 0 0 0,91 91 91
85,01110011,00000000,0.99993896 0 0 0,91 91 91
86,01110011,00000000,0.99993896 0 0 0,91 91 91
87,01110011,00000000,0.99993896 0 0 0,91 91 91
88,01110011,00000000,0.99993896 0 0 0,91 91 91
89,01110011,00000000,0.99993896 0 0 0,91 91 91
90,01110011,00000000,0.99993896 0 0 0,91 91 91
91,01110011,00000000,0.99993896 0 0 0,91 91 91
92,01110011,00000000,0.99993896 0 0 0,91 91 91
93,01110011,00000000,0.99993896 0 0 0,91 91 91
94,01110011,00000000,0.99993896 0 0 0,91 91 91
95,01110011,00000000,0.99993896 0 0 0,91 91 91
96,01110011,00000000,0.99993896 0 0 0,91 91 91
97,01110011,00000000,0.99993896 0 0 0,91 91 91
98,01110011,00000000,0.99993896 0 0 0,91 91 91
99,01110011,00000000,0.99993896 0 0 0,91 91 91
100,01110011,00000000,0.99993896 0 0 0,91 91 91
101,01110011,00000000,0.99993896 0 0 0,91 91 91
102,01110011,00000000,0.99993896 0 0 0,91 91 91
103,01110011,00000000,0.99993896 0 0 0,91 91 91
104,01110011,00000000,0.99993896 0 0 0,91 91 91
105,01110011,00000000,0.99993896 0 0 0,91 91 91
107,01110011,00000000,0.99993896 0 0 0,91 91 91
108,01110011,00000000,0.99993896 0 0 0,91 91 91
109,01110011,00000000,0.99993896 0 0 0,91 91 91
110,01110011,00000000,0.99993896 0 0 0,91 91 91
111,01110011,00000000,0.99993896 0 0 0,91 91 91
112,01110011,00000000,0.99993896 0 0 0,91 91 91
113,01110011,00000000,0.99993896 0 0 0,91 91 91
117,01110011,00000000,0.99993896 0 0 0,91 91 91
118,01110011,00000000,0.99993896 0 0 0,91 91 91
119,01110011,00000000,0.99993896 0 0 0,91 91 91
120,01110011,00000000,0.99993896 0 0 0,91 91 91
121,01110011,00000000,0.99993896 0 0 0,91 91 91
122,01110011,00000000,0.99993896 0 0 0,91 91 91
123,01110011,00000000,0.99993896 0 0 0,91 91 91
124,01110011,00000000,0.99993896 0 0 0,91 91 91
125,01110011,00000000,0.99993896 0 0 0,91 91 91
126,01110011,00000000,0.99993896 0 0 0,91 91 91
127,01110011,00000000,0.99993896 0 0 0,91 91 91
128,01110011,00000000,0.99993896 0 0 0,91 91 91
129,01110011,00000000,0.99993896 0 0 0,91 91 91
130,01110011,00000000,0.99993896 0 0 0,91 91 91
131,01110011,00000000,0.99993896 0 0 0,91 91 91
132,01110011,00000000,0.99993896 0 0 0,91 91 91
133,01110011,00000000,0.99993896 0 0 0,91 91 91
134,01110011,00000000,0.99993896 0 0 0,91 91 91
135,01110011,00000000,0.99993896 0 0 0,91 91 91
136,01110011,00000000,0.99993896 0 0 0,91 91 91
137,01110011,00000000,0.99993896 0 0 0,91 91 91
138,01110011,00000000,0.99993896 0 0 0,91 91 91
139,01110011,00000000,0.99993896 0 0 0,91 91 91
140,01110011,00000000,0.99993896 0 0 0,91 91 91
141,01110011,00000000,0.99993896 0 0 0,91 91 91
142,01110011,00000000,0.99993896 0 0 0,91 91 91
143,01110011,00000000,0.99993896 0 0 0,91 91 91
144,01110011,00000000,0.99993896 0 0 0,91 91 91
145,01110011,00000000,0.99993896 0 0 0,91 91 91
147,01110011,00000000,0.99993896 0 0 0,91 91 91
148,01110011,00000000,0.99993896 0 0 0,91 91 91
149,01110011,00000000,0.99993896 0 0 0,91 91 91
150,01110011,00000000,0.99993896 0 0 0,91 91 91
151,01110011,00000000,0.99993896 0 0 0,91 91 91
152,01110011,00000000,0.99993896 0 0 0,91 91 91
153,01110011,00000000,0.99993896 0 0 0,91 91 91
157,01110011,00000000,0.99993896 0 0 0,91 91 91
158,01110011,00000000,0.99993896 0 0 0,91 91 91
159,01110011,00000000,0.99993896 0 0 0,91 91 91
160,01110011,00000000,0.99993896 0 0 0,91 91 91
161,01110011,00000000,0.99993896 0 0 0,91 91 91
162,01110011,00000000,0.99993896 0 0 0,91 91 91
163,01110011,00000000,0.99993896 0 0 0,91 91 91
164,01110011,00000000,0.99993896 0 0 0,91 91 91
165,01110011,00000000,0.99993896 0 0 0,91 91 91
166,01110011,00000000,0.99993896 0 0 0,91 91 91
167,01110011,00000000,0.99993896 0 0 0,91 91 91
168,01110011,00000000,0.99993896 0 0 0,91 91 91
169,01110011,00000000,0.99993896 0 0 0,91 91 91
170,01110011,00000000,0.99993896 0 0 0,91 91 91
171,01110011,00000000,0.99993896 0 0 0,91 91 91
172,01110011,00000000,0.99993896 0 0 0,91 91 91
173,01110011,00000000,0.99993896 0 0 0,91 91 91
174,01110011,00000000,0.99993896 0 0 0,91 91 91
175,01110011,00000000,0.99993896 0 0 0,91 91 91
176,01110011,00000000,0.99993896 0 0 0,91 91 91
177,01110011,00000000,0.99993896 0 0 0,91 91 91
178,01110011,00000000,0.99993896 0 0 0,91 91 91
179,01110011,00000000,0.99993896 0 0 0,91 91 91
180,01110011,00000000,0.99993896 0 0 0,91 91 91
181,01110011,00000000,0.99993896 0 0 0,91 91 91
182,01110011,00000000,0.99993896 0 0 0,91 91 91
183,01110011,00000000,0.99993896 0 0 0,91 91 91
184,01110011,00000000,0.99993896 0 0 0,91 91 91
185,01110011,00000000,0.99993896 0 0 0,91 91 91
187,01110011,00000000,0.99993896 0 0 0,91 91 91
188,01110011,00000000,0.99993896 0 0 0,91 91 91
189,01110011,00000000,0.99993896 0 0 0,91 91 91
190,01110011,00000000,0.99993896 0 0 0,91 91 91
191,01110011,00000000,0.99993896 0 0 0,91 91 91
192,01110011,00000000,0.99993896 0 0 0,91 91 91
193,01110011,00000000,0.99993896 0 0 0,91 91 91
197,01110011,00000000,0.99993896 0 0 0,91 91 91
198,01110011,00000000,0.99993896 0 0 0,91 91 91
199,01110011,00000000,0.99993896 0 0 0,91 91 91
200,01110011,00000000,0.99993896 0 0 0,91 91 91
201,01110011,00000000,0.99993896 0 0 0,91 91 91
202,01110011,00000000,0.99993896 0 0 0,91 91 91
203,01110011,00000000,0.99993896 0 0 0,91 91 91
204,01110011,00000000,0.99993896 0 0 0,91 91 91
205,01110011,00000000,0.99993896 0 0 0,91 91 91
206,01110011,00000000,0.99993896 0 0 0,91 91 91
207,01110011,00000000,0.99993896 0 0 0,91 91 91
208,01110011,00000000,0.99993896 0 0 0,91 91 91
209,01110011,00000000,0.99993896 0 0 0,91 91 91
210,01110011,00000000,0.99993896 0 0 0,91 91 91
211,01110011,00000000,0.99993896 0 0 0,91 91 91
212,01110011,00000000,0.99993896 0 0 0,91 91 91
213,01110011,00000000,0.99993896 0 0 0,91 91 91
214,01110011,00000000,0.99993896 0 0 0,91 91 91
215,01110011,00000000,0.99993896 0 0 0,91 91 91
216,01110011,00000000,0.99993896 0 0 0,91 91 91
217,01110011,00000000,0.99993896 0 0 0,91 91 91
218,01110011,00000000,0.99993896 0 0 0,91 91 91
219,01110011,00000000,0.99993896 0 0 0,91 91 91
220,01110011,00000000,0.99993896 0 0 0,91 91 91
221,01110011,00000000,0.99993896 0 0 0,91 91 91
222,01110011,00000000,0.99993896 0 0 0,0 0 0
223,01110011,00000000,0.99993896 0 0 0,10 9 10
224,01110011,00000000,0.99993896 0 0 0,19 18 18
225,01110011,00000000,0.99993896 0 0 0,0 0 0
227,01110011,00000000,0.99993896 0 0 0,10 10 10
228,01110011,00000000,0.99993896 0 0 0,27 27 27
229,01110011,00000000,0.99993896 0 0 0,34 34 34
230,01110011,00000000,0.99993896 0 0 0,40 40 40
231,01110011,00000000,0.99993896 0 0 0,46 45 46
232,01110011,00000000,0.99993896 0 0 0,51 50 51
233,01110011,00000000,0.99993896 0 0 0,55 54 55
237,01110011,00000000,0.99993896 0 0 0,59 58 59
238,01110011,00000000,0.99993896 0 0 0,72 71 72
239,01110011,00000000,0.99993896 0 0 0,74 73 74
240,01110011,00000000,0.99993896 0 0 0,0 0 0
241,01110011,00000000,0.99993896 0 0 0,10 10 10
242,01110011,00000000,0.99993896 0 0 0,18 18 18
243,01110011,00000000,0.99993896 0 0 0,0 0 0
244,01110011,00000000,0.99993896 0 0 0,10 10 10
245,01110011,00000000,0.99993896 0 0 0,19 19 19
246,01110011,00000000,0.99993896 0 0 0,27 27 27
247,01110011,00000000,0.99993896 0 0 0,34 34 34
248,01110011,00000000,0.99993896 0 0 0,40 40 40
249,01110011,00000000,0.99993896 0 0 0,46 45 46
250,01110011,00000000,0.99993896 0 0 0,51 50 51
251,01110011,00000000,0.99993896 0 0 0,55 55 55
252,01110011,00000000,0.99993896 0 0 0,59 59 59
253,01110011,00000000,0.99993896 0 0 0,63 63 63
254,01110011,00000000,0.99993896 0 0 0,66 66 66
255,01110011,00000000,0.99993896 0 0 0,69 69 69
0,01110011,00000000,0.99993896 0 0 0,72 72 72
1,01110011,00000000,0.99993896 0 0 0,74 74 74
2,01110011,00000000,0.99993896 0 0 0,76 76 76
3,01110011,00000000,0.99993896 0 0 0,78 78 78
4,01110011,00000000,0.99993896 0 0 0,80 80 80
5,01110011,00000000,0.99993896 0 0 0,81 82 81
6,01110011,00000000,0.99993896 0 0 0,82 83 82
7,01110011,00000000,0.99993896 0 0 0,83 84 83
8,01110011,00000000,0.99993896 0 0 0,84 85 84
9,01110011,00000000,0.99993896 0 0 0,85 86 85
11,01110011,00000000,0.99993896 0 0 0,86 87 86
12,01110011,00000000,0.99993896 0 0 0,88 89 88
13,01110011,00000000,0.99993896 0 0 0,89 90 89
14,01110011,00000000,0.99993896 0 0 0,90 91 90
15,01110011,00000000,0.99993896 0 0 0,90 91 91
16,01110011,00000000,0.99993896 0 0 0,91 91 91
17,01110011,00000000,0.99993896 0 0 0,91 91 91
21,01110011,00000000,0.99993896 0 0 0,91 91 91
22,01110011,00000000,0.99993896 0 0 0,91 91 91
23,01110011,00000000,0.99993896 0 0 0,91 91 91
24,01110011,00000000,0.99993896 0 0 0,91 91 91
25,01110011,00000000,0.99993896 0 0 0,91 91 91
26,01110011,00000000,0.99993896 0 0 0,91 91 91
27,01110011,00000000,0.99993896 0 0 0,91 91 91
28,01110011,00000000,0.99993896 0 0 0,91 91 91
29,01110011,00000000,0.99993896 0 0 0,91 91 91
30,01110011,00000000,0.99993896 0 0 0,91 91 91
31,01110011,00000000,0.99993896 0 0 0,91 91 91
32,01110011,00000000,0.99993896 0 0 0,91 91 91
33,01110011,00000000,0.99993896 0 0 0,91 91 91
34,01110011,00000000,0.99993896 0 0 0,91 91 91
35,01110011,00000000,0.99993896 0 0 0,91 91 91
36,01110011,00000000,0.99993896 0 0 0,91 91 91
37,01110011,00000000,0.99993896 0 0 0,91 91 91
38,01110011,00000000,0.99993896 0 0 0,91 91 91
39,01110011,00000000,0.99993896 0 0 0,91 91 91
40,01110011,00000000,0.99993896 0 0 0,91 91 91
41,01110011,00000000,0.99993896 0 0 0,91 91 91
42,01110011,00000000,0.99993896 0 0 0,91 91 91
43,01110011,00000000,0.99993896 0 0 0,91 91 91
44,01110011,00000000,0.99993896 0 0 0,91 91 91
45,01110011,00000000,0.99993896 0 0 0,91 91 91
46,01110011,00000000,0.99993896 0 0 0,91 91 91
47,01110011,00000000,0.99993896 0 0 0,91 91 91
48,01110011,00000000,0.99993896 0 0 0,91 91 91
49,01110011,00000000,0.99993896 0 0 0,91 91 91
51,01110011,00000000,0.99993896 0 0 0,91 91 91
52,01110011,00000000,0.99993896 0 0 0,91 91 91
53,01110011,00000000,0.99993896 0 0 0,91 91 91
54,01110011,00000000,0.99993896 0 0 0,91 91 91
55,01110011,00000000,0.99993896 0 0 0,91 91 91
56,01110011,00000000,0.99993896 0 0 0,91 91 91
57,01110011,00000000,0.99993896 0 0 0,91 91 91
61,01110011,00000000,0.99993896 0 0 0,0 0 0
62,01110011,00000000,0.99993896 0 0 0,34 34 34
63,01110011,00000000,0.99993896 0 0 0,40 40 40
64,01110011,00000000,0.99993896 0 0 0,0 0 0
65,01110011,00000000,0.99993896 0 0 0,10 9 9
66,01110011,00000000,0.99993896 0 0 0,18 18 18
67,01110011,00000000,0.99993896 0 0 0,26 26 26
68,01110011,00000000,0.99993896 0 0 0,33 33 33
69,01110011,00000000,0.99993896 0 0 0,39 39 39
70,01110011,00000000,0.99993896 0 0 0,45 45 45
71,01110011,00000000,0.99993896 0 0 0,50 50 50
72,01110011,00000000,0.99993896 0 0 0,54 54 55
73,01110011,00000000,0.99993896 0 0 0,58 58 59
74,01110011,00000000,0.99993896 0 0 0,62 62 63
75,01110011,00000000,0.99993896 0 0 0,65 65 66
76,01110011,00000000,0.99993896 0 0 0,68 68 69
77,01110011,00000000,0.99993896 0 0 0,71 71 72
78,01110011,00000000,0.99993896 0 0 0,73 73 74
79,01110011,00000000,0.99993896 0 0 0,75 75 76
80,01110011,00000000,0.99993896 0 0 0,0 0 0
81,01110011,00000000,0.99993896 0 0 0,10 9 9
82,01110011,00000000,0.99993896 0 0 0,19 18 18
83,01110011,00000000,0.99993896 0 0 0,27 26 26
84,01110011,00000000,0.99993896 0 0 0,34 33 33
85,01110011,00000000,0.99993896 0 0 0,40 39 39
86,01110011,00000000,0.99993896 0 0 0,46 45 45
87,01110011,00000000,0.99993896 0 0 0,51 50 50
88,01110011,00000000,0.99993896 0 0 0,55 54 54
89,01110011,00000000,0.99993896 0 0 0,59 58 58
91,01110011,00000000,0.99993896 0 0 0,63 62 62
92,01110011,00000000,0.99993896 0 0 0,69 68 68
93,01110011,00000000,0.99993896 0 0 0,72 71 71
94,01110011,00000000,0.99993896 0 0 0,74 73 73
95,01110011,00000000,0.99993896 0 0 0,76 75 75
96,01110011,00000000,0.99993896 0 0 0,78 77 77
97,01110011,00000000,0.99993896 0 0 0,80 79 79
101,01110011,00000000,0.99993896 0 0 0,82 81 81
102,01110011,00000000,0.99993896 0 0 0,86 85 85
103,01110011,00000000,0.99993896 0 0 0,0 0 0
104,01110011,00000000,0.99993896 0 0 0,10 10 10
105,01110011,00000000,0.99993896 0 0 0,18 19 19
106,01110011,00000000,0.99993896 0 0 0,26 27 27
107,01110011,00000000,0.99993896 0 0 0,33 34 34
108,01110011,00000000,0.99993896 0 0 0,39 40 40
109,01110011,00000000,0.99993896 0 0 0,45 45 46
110,01110011,00000000,0.99993896 0 0 0,50 50 51
111,01110011,00000000,0.99993896 0 0 0,55 55 55
112,01110011,00000000,0.99993896 0 0 0,59 59 59
113,01110011,00000000,0.99993896 0 0 0,63 63 63
114,01110011,00000000,0.99993896 0 0 0,66 66 66
115,01110011,00000000,0.99993896 0 0 0,69 69 69
116,01110011,00000000,0.99993896 0 0 0,72 72 72
117,01110011,00000000,0.99993896 0 0 0,74 74 74
118,01110011,00000000,0.99993896 0 0 0,76 76 76
119,01110011,00000000,0.99993896 0 0 0,0 0 0
120,01110011,00000000,0.99993896 0 0 0,10 10 10
121,01110011,00000000,0.99993896 0 0 0,19 19 19
122,01110011,00000000,0.99993896 0 0 0,27 27 27
123,01110011,00000000,0.99993896 0 0 0,34 34 34
124,01110011,00000000,0.99993896 0 0 0,40 40 40
125,01110011,00000000,0.99993896 0 0 0,46 46 46
126,01110011,00000000,0.99993896 0 0 0,51 51 51
127,01110011,00000000,0.99993896 0 0 0,55 55 55
128,01110011,00000000,0.99993896 0 0 0,59 59 59
129,01110011,00000000,0.99993896 0 0 0,63 63 63
131,01110011,00000000,0.99993896 0 0 0,66 66 66
132,01110011,00000000,0.99993896 0 0 0,72 72 72
133,01110011,00000000,0.99993896 0 0 0,74 74 74
134,01110011,00000000,0.99993896 0 0 0,76 76 76
135,01110011,00000000,0.99993896 0 0 0,78 78 78
136,01110011,00000000,0.99993896 0 0 0,80 80 80
137,01110011,00000000,0.99993896 0 0 0,82 82 81
141,01110011,00000000,0.99993896 0 0 0,83 83 82
142,01110011,00000000,0.99993896 0 0 0,87 87 86
143,01110011,00000000,0.99993896 0 0 0,88 88 87
144,01110011,00000000,0.99993896 0 0 0,89 89 88
145,01110011,00000000,0.99993896 0 0 0,90 90 89
146,01110011,00000000,0.99993896 0 0 0,91 91 90
147,01110011,00000000,0.99993896 0 0 0,91 91 90
148,01110011,00000000,0.99993896 0 0 0,91 91 91
149,01110011,00000000,0.99993896 0 0 0,91 91 91
150,01110011,00000000,0.99993896 0 0 0,91 91 91
151,01110011,00000000,0.99993896 0 0 0,91 91 91
152,01110011,00000000,0.99993896 0 0 0,91 91 91
153,01110011,00000000,0.99993896 0 0 0,91 91 91
154,01110011,00000000,0.99993896 0 0 0,91 91 91
155,01110011,00000000,0.99993896 0 0 0,91 91 91
156,01110011,00000000,0.99993896 0 0 0,91 91 91
157,01110011,00000000,0.99993896 0 0 0,91 91 91
158,01110011,00000000,0.99993896 0 0 0,91 91 91
159,01110011,00000000,0.99993896 0 0 0,91 91 91
160,01110011,00000000,0.99993896 0 0 0,91 91 91
161,01110011,00000000,0.99993896 0 0 0,91 91 91
162,01110011,00000000,0.99993896 0 0 0,91 91 91
163,01110011,00000000,0.99993896 0 0 0,91 91 91
164,01110011,00000000,0.99993896 0 0 0,91 91 91
165,01110011,00000000,0.99993896 0 0 0,91 91 91
166,01110011,00000000,0.99993896 0 0 0,91 91 91
167,01110011,00000000,0.99993896 0 0 0,91 91 91
168,01110011,00000000,0.99993896 0 0 0,91 91 91
169,01110011,00000000,0.99993896 0 0 0,91 91 91
171,01110011,00000000,0.99993896 0 0 0,91 91 91
172,01110011,00000000,0.99993896 0 0 0,91 91 91
173,01110011,00000000,0.99993896 0 0 0,91 91 91
174,01110011,00000000,0.99993896 0 0 0,91 91 91
175,01110011,00000000,0.99993896 0 0 0,91 91 91
176,01110011,00000000,0.99993896 0 0 0,91 91 91
177,01110011,00000000,0.99993896 0 0 0,91 91 91
181,01110011,00000000,0.99993896 0 0 0,91 91 91
182,01110011,00000000,0.99993896 0 0 0,0 0 0
183,01110011,00000000,0.99993896 0 0 0,10 10 10
184,01110011,00000000,0.99993896 0 0 0,19 19 19
185,01110011,00000000,0.99993896 0 0 0,27 27 27
186,01110011,00000000,0.99993896 0 0 0,34 34 34
187,01110011,00000000,0.99993896 0 0 0,40 40 40
188,01110011,00000000,0.99993896 0 0 0,46 46 46
189,01110011,00000000,0.99993896 0 0 0,51 51 51
190,01110011,00000000,0.99993896 0 0 0,55 55 55
191,01110011,00000000,0.99993896 0 0 0,59 59 59
192,01110011,00000000,0.99993896 0 0 0,63 63 63
193,01110011,00000000,0.99993896 0 0 0,66 66 66
194,01110011,00000000,0.99993896 0 0 0,69 69 69
195,01110011,00000000,0.99993896 0 0 0,72 72 72
196,01110011,00000000,0.99993896 0 0 0,74 74 74
197,01110011,00000000,0.99993896 0 0 0,76 76 76
198,01110011,00000000,0.99993896 0 0 0,0 0 0
199,01110011,00000000,0.99993896 0 0 0,10 10 10
200,01110011,00000000,0.99993896 0 0 0,18 18 18
201,01110011,00000000,0.99993896 0 0 0,26 26 26
202,01110011,00000000,0.99993896 0 0 0,33 33 33
203,01110011,00000000,0.99993896 0 0 0,39 39 39
204,01110011,00000000,0.99993896 0 0 0,45 45 45
205,01110011,00000000,0.99993896 0 0 0,50 50 50
206,01110011,00000000,0.99993896 0 0 0,55 55 55
207,01110011,00000000,0.99993896 0 0 0,59 59 59
208,01110011,00000000,0.99993896 0 0 0,63 63 63
209,01110011,00000000,0.99993896 0 0 0,66 66 66
211,01110011,00000000,0.99993896 0 0 0,69 69 69
212,01110011,00000000,0.99993896 0 0 0,74 74 74
213,01110011,00000000,0.99993896 0 0 0,76 76 76
214,01110011,00000000,0.99993896 0 0 0,78 78 78
215,01110011,00000000,0.99993896 0 0 0,80 80 80
216,01110011,00000000,0.99993896 0 0 0,81 82 81
217,01110011,00000000,0.99993896 0 0 0,82 83 82
221,01110011,00000000,0.99993896 0 0 0,83 84 83
222,01110011,00000000,0.99993896 0 0 0,87 88 87
223,01110011,00000000,0.99993896 0 0 0,0 0 0
224,01110011,00000000,0.99993896 0 0 0,10 10 10
225,01110011,00000000,0.99993896 0 0 0,19 19 18
226,01110011,00000000,0.99993896 0 0 0,27 27 26
227,01110011,00000000,0.99993896 0 0 0,34 34 33
228,01110011,00000000,0.99993896 0 0 0,40 40 39
229,01110011,00000000,0.99993896 0 0 0,45 45 45
230,01110011,00000000,0.99993896 0 0 0,50 50 50
231,01110011,00000000,0.99993896 0 0 0,54 54 55
232,01110011,00000000,0.99993896 0 0 0,58 58 59
233,01110011,00000000,0.99993896 0 0 0,62 62 63
234,01110011,00000000,0.99993896 0 0 0,65 65 66
235,01110011,00000000,0.99993896 0 0 0,68 68 69
236,01110011,00000000,0.99993896 0 0 0,71 71 72
237,01110011,00000000,0.99993896 0 0 0,73 73 74
238,01110011,00000000,0.99993896 0 0 0,75 75 76
239,01110011,00000000,0.99993896 0 0 0,77 77 78
240,01110011,00000000,0.99993896 0 0 0,79 79 80
241,01110011,00000000,0.99993896 0 0 0,81 81 82
242,01110011,00000000,0.99993896 0 0 0,82 82 83
243,01110011,00000000,0.99993896 0 0 0,83 83 84
244,01110011,00000000,0.99993896 0 0 0,84 84 85
245,01110011,00000000,0.99993896 0 0 0,85 85 86
246,01110011,00000000,0.99993896 0 0 0,0 0 0
247,01110011,00000000,0.99993896 0 0 0,10 10 10
248,01110011,00000000,0.99993896 0 0 0,18 19 19
249,01110011,00000000,0.99993896 0 0 0,26 27 27
251,01110011,00000000,0.99993896 0 0 0,33 34 34
252,01110011,00000000,0.99993896 0 0 0,45 45 46
253,01110011,00000000,0.99993896 0 0 0,50 50 51
254,01110011,00000000,0.99993896 0 0 0,54 54 55
255,01110011,00000000,0.99993896 0 0 0,58 58 59
0,01110011,00000000,0.99993896 0 0 0,62 62 63
1,01110011,00000000,0.99993896 0 0 0,65 65 66
5,01110011,00000000,0.99993896 0 0 0,68 68 69
6,01110011,00000000,0.99993896 0 0 0,77 77 78
7,01110011,00000000,0.99993896 0 0 0,79 79 80
8,01110011,00000000,0.99993896 0 0 0,0 0 0
9,01110011,00000000,0.99993896 0 0 0,10 10 10
10,01110011,00000000,0.99993896 0 0 0,19 19 18
11,01110011,00000000,0.99993896 0 0 0,27 27 26
12,01110011,00000000,0.99993896 0 0 0,34 34 33
13,01110011,00000000,0.99993896 0 0 0,40 40 39
14,01110011,00000000,0.99993896 0 0 0,46 45 45
15,01110011,00000000,0.99993896 0 0 0,51 50 50
16,01110011,00000000,0.99993896 0 0 0,55 55 54
17,01110011,00000000,0.99993896 0 0 0,59 59 58
18,01110011,00000000,0.99993896 0 0 0,63 63 62
19,01110011,00000000,0.99993896 0 0 0,66 66 65
20,01110011,00000000,0.99993896 0 0 0,69 69 68
21,01110011,00000000,0.99993896 0 0 0,72 72 71
22,01110011,00000000,0.99993896 0 0 0,74 74 73
23,01110011,00000000,0.99993896 0 0 0,76 76 75
24,01110011,00000000,0.99993896 0 0 0,78 78 77
25,01110011,00000000,0.99993896 0 0 0,80 80 79
26,01110011,00000000,0.99993896 0 0 0,81 81 81
27,01110011,00000000,0.99993896 0 0 0,82 82 82
28,01110011,00000000,0.99993896 0 0 0,83 83 83
29,01110011,00000000,0.99993896 0 0 0,84 84 84
30,01110011,00000000,0.99993896 0 0 0,85 85 85
31,01110011,00000000,0.99993896 0 0 0,86 86 86
32,01110011,00000000,0.99993896 0 0 0,87 87 87
33,01110011,00000000,0.99993896 0 0 0,88 88 88
35,01110011,00000000,0.99993896 0 0 0,89 89 89
36,01110011,00000000,0.99993896 0 0 0,90 91 91
37,01110011,00000000,0.99993896 0 0 0,90 91 91
38,01110011,00000000,0.99993896 0 0 0,91 91 91
39,01110011,00000000,0.99993896 0 0 0,91 91 91
40,01110011,00000000,0.99993896 0 0 0,91 91 91
41,01110011,00000000,0.99993896 0 0 0,91 91 91
45,01110011,00000000,0.99993896 0 0 0,91 91 91
46,01110011,00000000,0.99993896 0 0 0,91 91 91
47,01110011,00000000,0.99993896 0 0 0,91 91 91
48,01110011,00000000,0.99993896 0 0 0,91 91 91
49,01110011,00000000,0.99993896 0 0 0,91 91 91
50,01110011,00000000,0.99993896 0 0 0,91 91 91
51,01110011,00000000,0.99993896 0 0 0,91 91 91
52,01110011,00000000,0.99993896 0 0 0,91 91 91
53,01110011,00000000,0.99993896 0 0 0,91 91 91
54,01110011,00000000,0.99993896 0 0 0,91 91 91
55,01110011,00000000,0.99993896 0 0 0,91 91 91
56,01110011,00000000,0.99993896 0 0 0,91 91 91
57,01110011,00000000,0.99993896 0 0 0,91 91 91
58,01110011,00000000,0.99993896 0 0 0,91 91 91
59,01110011,00000000,0.99993896 0 0 0,91 91 91
60,01110011,00000000,0.99993896 0 0 0,91 91 91
61,01110011,00000000,0.99993896 0 0 0,91 91 91
62,01110011,00000000,0.99993896 0 0 0,0 0 0
63,01110011,00000000,0.99993896 0 0 0,10 10 10
64,01110011,00000000,0.99993896 0 0 0,18 18 18
65,01110011,00000000,0.99993896 0 0 0,26 26 26
66,01110011,00000000,0.99993896 0 0 0,33 33 33
67,01110011,00000000,0.99993896 0 0 0,39 39 39
68,01110011,00000000,0.99993896 0 0 0,45 45 45
69,01110011,00000000,0.99993896 0 0 0,50 50 50
70,01110011,00000000,0.99993896 0 0 0,54 54 54
71,01110011,00000000,0.99993896 0 0 0,58 58 58
