index,flag1,flag2,ori,avel,acce,mp,temp ( Big-Endian )
0,01100001,00000000,0.0030517578 -0.6937256 -0.7201538 -0.0134887695,0.3511111 0.14555556 -0.017777778,-0.18 -0.16 9.87,0 0 0,26
1,01100001,00000000,0.018371582 -0.69207764 -0.7215576 -0.003112793,0.26222223 0 -0.045555554,-0.22 -0.05 9.86,0 0 0,26
2,01100001,00000000,0.014099121 -0.68969727 -0.723938 0.0007324219,-0.15444444 -0.15222222 -0.06666667,-0.18 -0.05 9.86,0 0 0,26
3,01100001,00000000,-0.004699707 -0.6867676 -0.72680664 -0.0064086914,-0.33 -0.11333334 -0.06555556,-0.11 -0.09 9.87,0 0 0,26
4,01100001,00000000,-0.015014648 -0.684021 -0.729126 -0.016357422,-0.15 0.03888889 -0.06,-0.09 -0.29 9.89,0 0 0,26
5,01100001,00000000,-0.0051879883 -0.6814575 -0.7316284 -0.016601562,0.24444444 0.14777778 -0.057777777,-0.16 -0.25 9.88,0 0 0,26
6,01100001,00000000,0.011413574 -0.6786499 -0.73431396 -0.0079956055,0.31333333 0.06666667 -0.06555556,-0.2 -0.15 9.87,0 0 0,26
7,01100001,00000000,0.017333984 -0.6754761 -0.7371826 0.00012207031,-0.0011111111 -0.093333334 -0.07333333,-0.21 0.03 9.85,0 0 0,26
8,01100001,00000000,0.0034179688 -0.67230225 -0.7402954 -0.0029907227,-0.28777778 -0.1388889 -0.06666667,-0.14 -0.08 9.88,0 0 0,26
9,01100001,00000000,-0.010864258 -0.66986084 -0.7423096 -0.012634277,-0.2588889 -0.022222223 -0.04888889,-0.13 -0.21 9.89,0 0 0,26
10,01100001,00000001,1 0 0 0,0.10666667 0.12 -0.027777778,-0.13 -0.23 9.89,0 0 0,26
11,01100001,00000000,0.9998779 0.013549805 0.0068359375 -0.0012207031,0.2911111 0.09555556 -0.02,-0.16 -0.15 9.9,0 0 0,26
12,01100001,00000000,0.9995117 0.028869629 0.008972168 -0.002380371,0.19444445 -0.022222223 -0.015555556,-0.21 0 9.84,0 0 0,26
13,01100001,00000000,0.9996338 0.02520752 0.0038452148 -0.0029296875,-0.16 -0.112222224 -0.0044444446,-0.17 -0.04 9.85,0 0 0,26
14,01100001,00000000,0.9998779 0.00982666 -0.0014038086 -0.002746582,-0.26777777 -0.046666667 0.016666668,-0.14 -0.1 9.84,0 0 0,26
15,01100001,00000000,1 0.00030517578 -0.00091552734 -0.0012207031,-0.011111111 0.05666667 0.036666665,-0.11 -0.28 9.87,0 0 0,26
16,01100001,00000000,0.99993896 0.009094238 0.004333496 0.0010375977,0.25777778 0.093333334 0.044444446,-0.15 -0.21 9.9,0 0 0,26
17,01100001,00000000,0.9996338 0.024963379 0.0076293945 0.00390625,0.23444444 0.023333333 0.04777778,56.13 -2.56 9.87,0 0 0,26
18,01100001,00000000,0.99957275 0.027893066 0.005004883 0.0064697266,-0.10888889 -0.083333336 0.04777778,-0.19 -0.03 9.84,0 0 0,26
19,01100001,00000000,0.9998169 0.015380859 0 0.009277344,-0.27222222 -0.072222225 0.052222222,-0.13 -0.12 9.86,0 0 0,26
20,01100001,00000000,0.9998779 0.0025634766 -0.0017089844 0.012512207,-0.16666667 0.0055555557 0.06111111,-0.12 -0.2 9.85,0 0 0,26
21,01100001,00000000,0.9998169 0.005065918 0.0013427734 0.016418457,0.16 0.06888889 0.06111111,-0.13 -0.19 9.87,0 0 0,26
22,01100001,00000000,0.99957275 0.018737793 0.004638672 0.01965332,0.2488889 0.03888889 0.052222222,-0.17 -0.13 9.87,0 0 0,26
23,01100001,00000000,0.9993286 0.027526855 0.0044555664 0.022216797,0.04777778 -0.035555556 0.04222222,-0.2 -0.01 9.85,0 0 0,26
24,01100001,00000000,0.9995117 0.020263672 0.0010986328 0.024169922,-0.21222222 -0.05888889 0.032222223,-0.15 -0.07 9.85,0 0 0,26
25,01100001,00000000,0.98443604 0.0068969727 -0.0015869141 0.025817871,-0.20111111 -5.4055557 -10.241111,-0.14 -0.16 9.87,0 0 0,26
26,01100001,00000000,0.99957275 0.002380371 -0.0007324219 0.027282715,0.044444446 0.034444444 0.02111111,-0.13 -0.25 9.88,0 0 0,26
27,01100001,00000000,0.9995117 0.013000488 0.0021362305 0.028076172,0.24555555 0.04111111 0.008888889,-0.17 -0.17 9.85,0 0 0,26
28,01100001,00000000,0.9992676 0.024230957 0.0036621094 0.028076172,0.1388889 -0.0011111111 -0.0055555557,-0.19 -0.1 9.85,0 0 0,26
29,01100001,00000000,0.9993286 0.02331543 0.0021972656 0.02746582,-0.13777778 -0.04111111 -0.015555556,-0.15 -0.11 9.86,0 0 0,26
30,01100001,00000000,0.99957275 0.010803223 -0.0004272461 0.026123047,-0.20444444 -0.033333335 -0.025555555,-0.16 -0.11 9.87,0 0 0,26
31,01110011,00000000,0.9996338 0.006225586 -0.0010375977 0.02545166,-0.17333333 -0.013333334 -0.025555555,-0.12 -0.18 9.88,0 0 0,26
32,01110011,00000000,0.9996338 0.0041503906 -0.0010986328 0.024963379,-0.101111114 0.0022222223 -0.025555555,-0.15 -0.2 9.9,4 4 4,26
33,01110011,00000000,0.9996948 0.0037841797 -0.0010375977 0.024536133,-0.0044444446 0.0055555557 -0.03,-0.15 -0.22 9.9,8 8 8,26
34,01110011,00000000,0.9996948 0.004333496 -0.0008544922 0.024108887,0.052222222 0.015555556 -0.031111112,-87.18 -0.01 -0.01,12 12 12,26
35,01110011,00000000,0.9996948 0.006286621 -0.00024414062 0.023620605,0.10555556 0.028888889 -0.027777778,-0.13 -0.21 9.91,16 15 16,26
36,01110011,00000000,0.9996338 0.008666992 0.00036621094 0.02319336,0.1711111 0.044444446 -0.03,-0.16 -0.2 9.87,22 18 19,26
37,01110011,00000000,0.9996338 0.011657715 0.0010986328 0.022705078,0.21555555 0.04222222 -0.033333335,-0.18 -0.17 9.87,29 20 22,26
38,01110011,00000000,0.9996338 0.015808105 0.0018310547 0.022094727,0.2211111 0.025555555 -0.034444444,-0.16 -0.14 9.87,37 22 25,26
39,01110011,00000000,0.99957275 0.018859863 0.002319336 0.02154541,0.21666667 0.025555555 -0.036666665,-0.15 -0.13 9.81,45 24 28,26
40,01110011,00000000,0.9995117 0.021606445 0.002746582 0.021057129,0.19444445 0.03 -0.035555556,-0.14 -0.11 9.89,53 27 31,26
41,01110011,00000000,0.9994507 0.024353027 0.0033569336 0.020385742,0.15111111 0.02111111 -0.035555556,-0.17 -0.08 9.85,61 29 34,26
42,01110011,00000000,0.9845581 0.025512695 0.003479004 0.019836426,0.094444446 0.0033333334 -9.387777,-0.18 -0.07 9.83,67 31 37,26
43,01110011,00000000,0.9994507 0.025878906 0.0034179688 0.01928711,0.014444444 -0.013333334 -0.04111111,-0.17 -0.08 9.84,72 34 40,26
44,01110011,00000000,0.9994507 0.025268555 0.0032348633 0.018737793,-0.05111111 -0.016666668 -0.036666665,-0.16 -0.05 9.84,75 37 43,26
45,01110011,00000000,0.9995117 0.02319336 0.0028076172 0.017944336,-0.11111111 -0.023333333 -0.036666665,-0.13 -0.09 9.85,77 40 46,26
46,01110011,00000000,0.9996338 0.020874023 0.002319336 0.01739502,-0.17222223 -0.035555556 -0.03888889,-0.16 -0.1 9.84,79 43 49,26
47,01110011,00000000,0.9996338 0.018005371 0.0017089844 0.016784668,-0.20111111 -0.043333333 -0.04222222,-0.17 -0.11 9.86,81 46 52,26
48,01110011,00000000,0.99975586 0.013977051 0.0008544922 0.016113281,-0.21555555 -0.04 -0.03888889,-0.15 -0.12 9.87,83 49 54,26
49,01110011,00000000,0.9998169 0.011047363 0.00036621094 0.01550293,-0.19777778 -0.031111112 -0.04,-0.15 -0.14 9.86,85 52 56,26
50,01110011,00000000,0.9998169 0.008483887 0 0.014953613,-0.17333333 -0.03 -0.036666665,-0.16 -0.16 9.85,86 54 58,26
51,01110011,00000000,0.9998169 0.005859375 -0.0005493164 0.014282227,-0.13444445 -0.028888889 -0.033333335,-0.14 -0.17 -0.01,87 56 60,26
52,01110011,00000000,0.9998779 0.004760742 -0.00079345703 0.01373291,-0.06111111 -0.014444444 -0.033333335,-0.13 -0.2 9.87,88 58 62,26
53,01110011,00000000,0.99993896 0.0044555664 -0.00079345703 0.013305664,-0.0022222223 0.0011111111 -0.031111112,-0.13 -0.22 9.91,89 60 64,26
54,01110011,00000000,0.9998779 0.005493164 -0.0005493164 0.012756348,0.057777777 0.014444444 -0.028888889,-0.16 -0.21 9.89,90 62 66,26
55,01110011,00000000,0.9998779 0.0072021484 -0.00018310547 0.012390137,0.13666667 0.022222223 -0.023333333,-0.15 -0.19 9.86,92 64 68,26
56,01110011,00000000,0.9998779 0.009521484 0.00018310547 0.012023926,0.17333333 0.023333333 -0.024444444,-0.14 -0.19 9.86,96 66 70,26
57,01110011,00000000,0.9998779 0.013183594 0.0008544922 0.01159668,0.2 0.03888889 -0.022222223,-0.15 -0.16 9.88,101 67 72,26
58,01110011,00000000,0.99975586 0.016174316 0.0015869141 0.011291504,0.21 0.04111111 -0.018888889,-0.15 -0.14 9.85,107 68 74,26
59,01110011,00000000,0.984375 0.018981934 0.0022583008 0.010986328,0.19555555 0.04111111 -0.02111111,-0.17 -0.09 9.87,113 69 76,26
60,01110011,00000000,0.9996338 0.022094727 0.0028686523 0.010681152,0.16777778 0.033333335 -0.015555556,-0.16 -0.1 9.86,119 70 78,26
61,01110011,00000000,0.9996338 0.023742676 0.0032958984 0.010437012,0.11333334 0.022222223 -0.016666668,-0.16 -0.1 9.84,124 71 80,26
62,01110011,00000000,0.9996338 0.024780273 0.003540039 0.010192871,0.05888889 0.011111111 -0.014444444,-0.15 -0.07 9.84,128 72 82,26
63,01110011,00000000,0.9996338 0.024719238 0.003540039 0.0099487305,-0.0011111111 0.0033333334 -0.016666668,-0.15 -0.09 9.84,130 73 84,26
64,01110011,00000000,0.9996338 0.023742676 0.003540039 0.009765625,-0.078888886 -0.006666667 -0.012222222,-0.17 -0.09 9.85,131 75 85,26
65,01110011,00000000,0.9996338 0.022033691 0.0032958984 0.009643555,-0.12777779 -0.023333333 -0.011111111,-0.19 -0.08 9.86,131 77 86,26
66,01110011,00000000,0.99975586 0.018859863 0.0026855469 0.009521484,-0.16555555 -0.031111112 -0.01,-0.17 -0.11 9.85,131 79 87,26
67,01110011,00000000,0.9998169 0.016113281 0.0020751953 0.009521484,-0.19444445 -0.04 -0.007777778,-0.16 -0.12 9.86,131 81 88,26
68,01110011,00000000,0.9998169 0.013305664 0.0014648438 0.0095825195,-0.19666667 -0.03888889 -0.0044444446,-0.16 -0.14 -197.49,128 2 89,26
69,01110011,00000000,0.9998779 0.009765625 0.0006713867 0.009521484,-0.18444444 -0.04222222 -0.0033333334,-0.17 -0.17 9.86,131 85 90,26
70,01110011,00000000,0.9998779 0.0076293945 0.00012207031 0.0095825195,-0.15555556 -0.03888889 0.0011111111,-0.18 -0.18 9.86,131 86 91,26
71,01110011,00000000,0.99993896 0.0060424805 -0.00030517578 0.009521484,-0.09777778 -0.035555556 0.0011111111,-0.15 -0.2 9.85,131 87 92,26
72,01110011,00000000,0.99993896 0.005004883 -0.0007324219 0.009521484,-0.04777778 -0.024444444 0.0022222223,-0.14 -0.19 9.87,131 88 93,26
73,01110011,00000000,0.99993896 0.0051879883 -0.00079345703 0.009521484,0.008888889 -0.011111111 0.007777778,-0.14 -0.18 9.86,131 89 94,26
74,01110011,00000000,0.99993896 0.0061035156 -0.00079345703 0.009521484,0.08111111 0.0033333334 0.01,-0.15 -0.19 9.86,131 90 95,26
75,01110011,00000000,0.9998779 0.008483887 -0.0005493164 0.00970459,0.13222222 0.014444444 0.012222222,-0.15 -0.16 9.91,132 91 96,26
76,01110011,00000000,0.9998779 0.009460449 0.005493164 -0.009155273,0.16888888 0.022222223 0.015555556,-0.13 -0.17 9.86,135 92 97,26
77,01110011,00000000,0.9998169 0.0134887695 0.00030517578 0.010192871,0.19 0.03888889 0.018888889,-0.15 -0.15 9.89,139 93 98,26
78,01110011,00000000,0.9998169 0.016296387 0.00091552734 0.010498047,0.19222222 0.04111111 0.02,-0.16 -0.13 9.86,143 93 99,26
79,01110011,00000000,0.99975586 0.018920898 0.0015258789 0.010803223,0.17777778 0.04 0.022222223,-0.17 -0.08 9.85,148 93 100,26
80,01110011,00000000,0.9996338 0.02178955 0.0022583008 0.011230469,0.13666667 0.032222223 0.024444444,-0.17 -0.09 9.88,152 93 101,26
81,01110011,00000000,0.9996338 0.023010254 0.0026855469 0.011169434,0.08888889 0.026666667 -0.031111112,-0.18 -0.26 9.84,155 93 102,26
82,01110011,00000000,0.9996948 0.022338867 0.0037231445 0.0078125,-0.012222222 0.045555554 -0.20777778,-0.16 -0.3 9.8,157 93 103,26
83,01110011,00000000,0.99975586 0.01940918 0.005432129 0.0017700195,-0.23555556 0.14 -0.4788889,-0.16 -0.23 9.77,157 93 104,26
84,01110011,00000000,0.9998169 0.015258789 0.0078125 -0.0036621094,-0.28555554 0.1388889 -0.31333333,-0.39 -0.13 9.88,156 92 105,26
85,01110011,00000000,0.9998169 0.010498047 0.00982666 -0.009155273,-0.24 0.096666664 -0.29222223,-0.15 -0.19 9.84,163 -383 -513,26
86,01110011,00000000,0.9998169 0.0072631836 0.0107421875 -0.014404297,-0.21555555 0.026666667 -0.40111113,-0.3 -0.17 9.9,154 89 107,26
87,01110011,00000000,0.9996948 0.0044555664 0.00982666 -0.020751953,-0.17777778 -0.11333334 -0.45444444,-0.26 -0.18 9.89,153 89 108,26
88,01110011,00000000,0.99957275 0.0018920898 0.0073242188 -0.029052734,-0.12 -0.13222222 -0.43888888,-0.12 -0.15 9.88,152 90 109,26
89,01110011,00000000,0.9993286 0.0013427734 0.0061035156 -0.034179688,0.0033333334 -0.094444446 -0.34111112,-0.22 -0.31 9.92,151 91 110,26
90,01110011,00000000,0.99920654 0.0026855469 0.004272461 -0.038879395,0.13444445 -0.14888889 -0.32444444,-0.24 -0.29 9.9,150 92 111,26
91,01110011,00000000,0.9989624 0.0059814453 0.0009765625 -0.045166016,0.17888889 -0.17333333 -0.34444445,-0.2 -0.19 9.86,152 93 112,26
92,01110011,00000000,0.99890137 0.0119018555 -0.005065918 -0.045532227,0.57666665 -0.57555556 0.18777777,-1.13 -0.74 10.05,156 94 113,26
93,01110011,00000000,0.99871826 0.023132324 0.0038452148 -0.008544922,0.8888889 -1.1888889 0.40222222,-0.99 -1 10.03,166 95 113,26
94,01110011,00000000,0.9985962 0.021240234 -0.01940918 -0.043823242,-0.43444446 0.42333335 -0.3288889,3.76 2.12 7.89,185 96 112,26
95,01110011,00000000,0.9984131 0.006652832 0.0022583008 -0.055603027,-1.0255556 1.4533334 -0.8522222,2.34 -0.53 10.07,184 97 113,26
96,01110011,00000000,0.99768066 -0.0005493164 0.014953613 -0.06652832,-0.28111112 0.43666667 -0.7077778,2 -1.13 10.63,183 71 114,26
97,01110011,00000000,0.99694824 0.0048217773 0 -0.07751465,0.4911111 -1.0355556 -0.50666666,1.75 -1.02 10.98,182 53 115,26
98,01110011,00000000,0.9951172 0.009887695 -0.029541016 -0.09350586,0.39777777 -2.3022223 -1.4166666,1.29 0.52 10.96,186 55 115,26
99,01110011,00000000,0.99072266 0.009338379 -0.064697266 -0.11907959,0.011111111 -2.5066667 -1.851111,1.58 1.01 11.24,195 57 115,26
100,01110011,00000000,0.9821167 0.008300781 -0.10986328 -0.15234375,0.14888889 -2.37 -1.7155555,1.78 -0.31 11.02,197 59 116,26
101,01110011,00000000,0.9730835 0.024780273 -0.14703369 -0.17553711,1.8366667 -2.5611112 -1.8833333,1.15 -1.95 10.73,198 61 116,26
102,01110011,00000000,0.95880127 0.054626465 -0.19384766 -0.20043945,2.5466666 -3.3311112 -2.2233334,-0.39 -0.6 9.03,228 116 -12033,26
103,01110011,00000000,0.92370605 0.10083008 -0.27581787 -0.24578857,2.9144444 -4.345556 -3.0033333,0 -1.27 7.99,283 64 116,26
104,01110011,00000000,0.87994385 0.13916016 -0.34136963 -0.29937744,2.942222 -4.882222 -4.501111,1.14 1.06 7.62,300 65 116,26
105,01110011,00000000,0.82788086 0.16516113 -0.38787842 -0.36999512,0.48666668 -3.8277779 -5.6966667,2.48 5.14 6.83,300 66 115,26
106,01110011,00000000,0.7775879 0.15826416 -0.38049316 -0.47479248,-2.75 -1.4166666 -5.386667,4.46 5.11 5.32,300 67 115,26
107,01110011,00000000,0.7626953 0.13146973 -0.3046875 -0.5550537,-6.021111 1.898889 -4.9755554,6.62 4.15 5.08,300 69 115,26
108,01110011,00000000,0.7548218 0.095581055 -0.16540527 -0.62750244,-9.505555 5.99 -4.651111,4.02 0.36 8.86,300 52 116,26
109,01110011,00000000,0.71398926 0.0491333 0.014587402 -0.6982422,-7.84 4.71 -4.7533336,-4.12 -6.8 12.99,298 2 117,26
110,01110011,00000000,0.6652832 0.010314941 0.07293701 -0.008300781,-4.5144444 0.97 -4.904444,-6.45 -4.75 14.61,293 4 118,26
111,01110011,00000000,0.61273193 -0.049926758 0.082458496 -0.7843628,-3.291111 -3.04 -5.002222,-1.07 2.66 14.96,288 4 119,26
112,01110011,00000000,0.5533447 -0.12921143 0.11151123 -0.81518555,-6.076667 -2.2966666 -4.8777776,3.31 4.48 10.09,283 8 119,26
113,01110011,00000000,0.4552002 -0.23187256 0.20574951 -0.8345947,-7.9933333 -0.7122222 -4.677778,3 -2.03 9.48,279 5 120,26
114,01110011,00000000,0.37573242 -0.28222656 0.2652588 -0.8418579,-5.1977777 0.37777779 -4.658889,1.21 -6.16 10.08,275 4 120,26
115,01110011,00000000,0.3062744 -0.31140137 0.28338623 -0.85375977,-1.851111 0.27888888 -4.581111,0.1 -5.73 7.12,271 4 120,26
116,01110011,00000000,0.23577881 -0.32037354 0.23724365 -0.88623047,1.8788888 0.5377778 -4.576667,0.67 -5.14 7.35,267 4 120,26
117,01110011,00000000,0.19116211 -0.2994995 0.16674805 -0.91973877,4.73 2.1844444 -4.5855556,2.01 -2.33 7.93,265 4 120,26
118,01110011,00000000,0.14215088 -0.24993896 0.10015869 -0.95251465,3.761111 4.2366667 -4.3566666,2.01 2.52 7.97,268 4 120,26
119,01110011,00000000,0.0670166 -0.15570068 0.066223145 -0.98321533,1.0822222 5.438889 -3.9488888,0.28 3.05 10.17,268 4 255,26
120,01110011,00000000,0.008972168 -0.07879639 0.07470703 -0.99401855,-0.98 5.74 -3.538889,-0.31 -1.7 13,266 4 120,26
121,01110011,00000000,-0.045776367 0.001159668 0.07067871 -0.99645996,0.77666664 6.078889 -3.3355556,0.56 -4.67 12.94,262 4 120,26
122,01110011,00000000,-0.11425781 0.12310791 0.021484375 -0.98553467,2.5633333 6.9933333 -3.1122222,-0.35 -0.5 12.12,258 4 120,26
123,01110011,00000000,-0.1595459 0.21514893 -0.010864258 -0.9633789,1.2188889 6.58 -2.8611112,-2.2 2.5 10.23,256 4 120,26
124,01110011,00000000,-0.19470215 0.29144287 -0.010375977 -0.9364624,-1.0555556 4.9 -2.7366667,-3.52 2.66 9.42,253 4 120,26
125,01110011,00000000,-0.22790527 0.3531494 0.028869629 -0.9069214,-2.228889 2.6733334 -2.5733333,-3.04 -0.31 8.93,249 4 120,26
126,01110011,00000000,-0.25091553 0.3696289 0.06109619 -0.8925171,-1.3933333 0.47333333 -2.4366667,-1.99 -2.17 8.45,246 4 120,26
127,01110011,00000000,-0.27905273 0.3651123 0.07885742 -0.88464355,0.23777778 -0.6 -2.3566666,-1.62 -2.72 8.42,243 4 119,26
128,01110011,00000000,-0.32574463 0.3279419 0.078063965 -0.88323975,1.7266667 -1.6422222 -2.3355556,-2.43 -2.02 8.83,240 9 109,26
129,01110011,00000000,-0.3630371 0.26983643 0.07006836 -0.8890381,2.9233334 -4 -2.2877777,-3.62 -0.42 10.1,268 13 99,26
130,01110011,00000000,-0.39593506 0.18536377 0.06744385 -0.89678955,2.9644444 -5.713333 -2.161111,-3.03 0.4 10.63,300 16 89,26
131,01110011,00000000,-0.42749023 0.05444336 0.07043457 -0.89959717,2.9044445 -6.2733335 -1.88,-0.56 -0.15 12.17,300 19 79,26
132,01110011,00000000,-0.44293213 -0.035888672 0.059814453 -0.8937988,3.6833334 -4.8255553 -1.4888889,1.56 -1.57 12.57,300 22 69,26
133,01110011,00000000,-0.45251465 -0.11419678 0.030639648 -0.88391113,4.4 -3.6577778 -1.25,0.5 -0.91 12.15,300 25 60,26
134,01110011,00000000,-0.4570923 -0.20843506 -0.01550293 -0.8644409,4.327778 -3.37 -1.0766667,-0.69 0.52 10.87,300 28 53,26
135,01110011,00000000,-0.4576416 -0.2720337 -0.039367676 -0.84552,3.1477778 -3.2966666 -0.8577778,0.32 1.67 8.62,300 30 47,26
136,01110011,00000000,-0.45837402 -0.31982422 -0.05206299 -0.82751465,1.8977778 -2.4155555 -0.6577778,1.9 1.79 7.89,300 32 41,26
137,01110011,00000000,-0.4609375 -0.34484863 -0.0602417 -0.81536865,0.7588889 -0.8388889 -0.43555555,2.68 1.6 7.41,300 35 33,26
138,01110011,00000000,-0.46331787 -0.3300171 -0.06549072 -0.8197632,-0.60444444 1.7922223 -0.094444446,2.91 1.58 7.36,300 38 26,26
139,01110011,00000000,-0.46520996 -0.28582764 -0.06921387 -0.8348999,-1.7122222 3.55 0.18333334,2.06 1.7 7.96,300 19 20,26
140,01110011,00000000,-0.46557617 -0.19445801 -0.06304932 -0.86102295,-2.8011112 4.402222 0.4077778,0.03 1.39 9.4,300 3 21,26
141,01110011,00000000,-0.463562 -0.12023926 -0.04449463 -0.87664795,-3.6011112 4.115556 0.5466667,-1.4 0.61 11.16,295 4 24,26
142,01110011,00000000,-0.45861816 -0.049194336 -0.016540527 -0.88708496,-4.096667 3.49 0.6944444,-0.16 -0.15 12.3,291 4 27,26
143,01110011,00000000,-0.44476318 0.052246094 0.017333984 -0.8939209,-3.991111 4.0633335 0.85888886,1.05 -0.75 12.18,286 4 30,26
144,01110011,00000000,-0.4282837 0.13726807 0.031799316 -0.8925171,-3.6266668 4.9144444 1.0455556,-0.64 -0.68 11.52,282 4 33,26
145,01110011,00000000,-0.4074707 0.21679688 0.042541504 -0.88604736,-3.1866667 4.363333 1.2055556,-207.26 -2.56 10.53,278 4 36,26
146,01110011,00000000,-0.3760376 0.29174805 0.061523438 -0.8772583,-2.8222222 2.8488889 1.2244444,-2.93 -0.78 10.02,274 4 38,26
147,01110011,00000000,-0.35229492 0.3192749 0.077697754 -0.87628174,-2.218889 1.17 1.2111111,-2.4 -1.12 9.02,270 4 40,26
148,01110011,00000000,-0.3300171 0.3256836 0.0914917 -0.8812256,-1.2066667 -0.5777778 1.2133334,-1.87 -1.43 8.6,266 4 41,26
149,01110011,00000000,-0.31097412 0.30725098 0.09698486 -0.894104,0.054444443 -2.0722222 1.2344445,-1.89 -1.63 9.03,263 8 28,26
150,01110011,00000000,-0.2871704 0.25274658 0.09637451 -0.9188843,0.77555555 -3.2766666 1.2588888,-2.16 -1.15 9.57,260 13 15,26
151,01110011,00000000,-0.26733398 0.18896484 0.09448242 -0.9400635,1.2733333 -4.997778 1.3244444,-2.16 -0.7 10.55,269 17 4,26
152,01110011,00000000,-0.24377441 0.1105957 0.09460449 -0.9588623,1.2566667 -5.7966666 1.4366666,-1.2 -0.37 11.07,271 21 4,26
153,01110011,00000000,-0.21875 0.00024414062 0.09423828 -0.97406006,1.3077778 -7.9644446 15.643333,0.1 -0.84 11.86,274 25 4,26
154,01110011,00000000,-0.17242432 -0.0770874 0.089416504 -0.9779053,1.5111111 -5.2844443 1.8555555,0.42 -0.7 11.66,277 28 4,26
155,01110011,00000000,-0.13647461 -0.14697266 0.08355713 -0.9760742,1.3611112 -4.8044443 2.03,0.41 -0.26 11.12,281 31 4,26
156,01110011,00000000,-0.086120605 -0.22546387 0.08026123 -0.96710205,1.0344445 -4.2055554 2.1833334,0.78 -0.01 9.96,285 34 4,26
157,01110011,00000000,-0.04748535 -0.26800537 0.080078125 -0.9588623,0.81333333 -2.838889 2.3755555,1.64 -0.32 8.66,289 37 4,26
158,01110011,00000000,-0.008117676 -0.29144287 0.07897949 -0.9532471,0.92 -1.4133333 2.5177777,2.23 -0.61 8.39,292 40 4,26
159,01110011,00000000,0.04650879 -0.28979492 0.07208252 -0.95318604,1.2577778 0.101111114 2.6622221,2.45 -0.86 8.32,295 43 4,26
160,01110011,00000000,0.090270996 -0.26287842 0.06121826 -0.95861816,1.8966666 2.1322222 2.8755555,2.16 -0.74 8.63,300 44 4,26
161,01110011,00000000,0.13641357 -0.21710205 0.04663086 -0.96539307,2.2822223 3.2533333 3.0377777,1.53 -0.48 9.5,300 36 4,26
162,01110011,00000000,0.20074463 -0.1375122 0.022399902 -0.9696045,2.6133332 3.8644445 3.19,120.76 -2.42 -0.01,300 18 4,26
163,01110011,00000000,0.25042725 -0.07287598 0.00024414062 -0.96533203,2.9744444 3.951111 3.3788888,0.06 -0.25 11.47,300 3 5,26
164,01110011,00000000,0.300354 -0.0079956055 -0.025268555 -0.9534302,3.2055554 3.8577778 3.5122223,0.03 -0.21 11.92,297 4 8,26
165,01110011,00000000,0.36590576 0.07739258 -0.06286621 -0.92523193,3.3233333 3.7666667 3.64,0.06 0.03 11.79,295 4 11,26
166,01110011,00000000,0.41363525 0.13708496 -0.0904541 -0.8955078,3.0911112 3.4333334 3.7855556,-0.32 0.67 10.95,294 4 14,26
167,01110011,00000000,0.45996094 0.18695068 -0.11444092 -0.8604126,2.508889 2.8744445 3.8722222,-0.78 1.25 10.16,293 4 17,26
168,01110011,00000000,0.52075195 0.23010254 -0.13690186 -0.8105469,1.601111 2.1677778 3.9333334,-1.01 1.73 9.55,293 4 20,26
169,01110011,00000000,0.5671387 0.24359131 -0.14379883 -0.77349854,0.09555556 1.4033333 3.988889,-0.8 1.88 8.59,293 4 22,26
170,01110011,00000000,0.609375 0.24169922 -0.13964844 -0.7369995,-1.1922222 1.1066667 -13.938889,-0.56 1.87 8.69,291 4 24,26
171,01110011,00000000,0.6828003 0.22027588 -0.114746094 -0.68707275,-2.3333333 1.1311111 4.076667,-0.32 1.6 8.5,288 4 25,26
172,01110011,00000000,0.73376465 0.19317627 -0.08117676 -0.6461792,-3.7144444 1.4433334 4.1266665,-0.3 1.42 9.49,285 4 26,26
173,01110011,00000000,0.7825928 0.15783691 -0.036071777 -0.6010742,-4.5077777 1.7011111 4.14,-0.53 0.8 10.05,282 4 27,26
174,01110011,00000000,0.83898926 0.103515625 0.033691406 -0.53302,-4.8555555 1.8666667 4.118889,-0.78 0.03 11.06,279 4 28,26
175,01110011,00000000,0.8723755 0.062561035 0.0869751 -0.47686768,-4.708889 1.9488889 4.06,-0.8 -0.65 11.4,275 4 29,26
176,01110011,00000000,0.8977051 0.02532959 0.13812256 -0.4175415,-4.33 2.0033333 4.0144444,-0.78 -0.87 11.26,271 4 31,26
177,01110011,00000000,0.92022705 -0.015258789 0.19958496 -0.33636475,-3.818889 1.9433334 3.958889,-1 -1.01 10.61,267 4 33,26
178,01110011,00000000,0.93115234 -0.038391113 0.23535156 -0.2756958,-3.1833334 1.5577778 3.89,-1.64 -1.12 9.84,263 4 35,26
179,01110011,00000000,0.9401245 -0.056030273 0.25708008 -0.21661377,-2.3244445 0.44777778 3.77,-1.98 -1.11 -0.01,259 4 37,26
180,01110011,00000000,0.9523926 -0.07336426 0.26037598 -0.14019775,-1.83 -0.6122222 3.671111,-1.98 -0.89 9.25,255 4 38,26
181,01110011,00000000,0.9624634 -0.08251953 0.2442627 -0.084472656,-1.43 -1.65 3.5677779,-1.84 -1.06 9.52,252 4 35,26
182,01110011,00000000,0.97247314 -0.08746338 0.21398926 -0.029846191,-0.92333335 -2.8355556 3.4622223,-1.47 -1.01 9.49,249 4 32,26
183,01110011,00000000,0.9807739 -0.08843994 0.17199707 0.023864746,-0.66444445 -3.5566666 3.3922222,-1.27 -0.91 9.85,246 4 29,26
184,01110011,00000000,0.98669434 -0.08557129 0.10101318 0.09472656,-0.5377778 -4.1555557 3.3355556,-1 -0.73 10.54,243 4 24,26
185,01110011,00000000,0.9848633 -0.08227539 0.03955078 0.14703369,-0.5977778 -4.69 3.2822223,-0.71 -0.62 10.9,241 4 12,26
186,01110011,00000000,0.9765625 -0.07922363 -0.024719238 0.19818115,-0.6511111 -4.7422223 3.2577777,-0.11 -0.86 10.93,239 9 4,26
187,01110011,00000000,0.95336914 -0.07336426 -0.10534668 0.26397705,-0.5133333 -4.4722223 3.2566667,0.42 -1.06 10.66,236 13 4,26
188,01110011,00000000,0.9348755 -0.06713867 -0.15698242 0.31103516,-0.2188889 -3.797778 3.231111,0.59 -1.01 10.09,233 17 4,26
189,01110011,00000000,0.9109497 -0.060058594 -0.19897461 0.3562622,0.023333333 -3.18 3.1944444,0.81 -0.98 9.66,230 21 4,26
190,01110011,00000000,0.8772583 -0.048950195 -0.23797607 0.4138794,0.36333334 -2.5077777 3.1466668,0.92 -1.07 8.75,227 25 4,26
191,01110011,00000000,0.85235596 -0.03845215 -0.25274658 0.4560547,1.0444444 -1.5177778 3.0677779,1.24 -1.37 9.24,226 28 4,26
192,01110011,00000000,0.8289795 -0.024597168 -0.25268555 0.49822998,1.778889 -0.7077778 3.0022223,1.32 -1.56 9.16,228 31 4,26
193,01110011,00000000,0.7998047 0.00024414062 -0.22814941 0.55511475,2.5955555 0.07777778 2.9277778,1.38 -1.45 9.56,234 34 4,26
194,01110011,00000000,0.77819824 0.021911621 -0.1921997 0.59747314,3.5 1.0488889 2.8544445,1.1 -1 10.01,243 37 4,26
195,01110011,00000000,0.7548218 0.04437256 -0.1453247 0.6380005,3.89 1.4855555 2.798889,0.81 -0.68 10.51,256 36 4,26
196,01110011,00000000,0.71917725 0.07397461 -0.0748291 0.68670654,4.0311112 1.6777778 2.731111,0.35 -0.11 36.61,0 32 4,26
197,01110011,00000000,0.6890259 0.09466553 -0.020935059 0.71813965,3.92 1.7488889 2.6288888,0.33 0.06 11.01,288 27 4,26
198,01110011,00000000,0.6563721 0.11218262 0.031555176 0.7453613,3.6566668 1.82 2.5666666,0.38 0.37 10.72,300 22 4,26
199,01110011,00000000,0.6100464 0.1270752 0.095825195 0.7761841,3.1877778 1.9188889 2.511111,0.31 0.81 10.16,300 16 4,26
200,01110011,00000000,0.574646 0.12988281 0.13543701 0.7965698,2.1733334 1.9733334 2.4555554,0.09 1.35 9.28,300 9 4,26
201,01110011,00000000,0.5397949 0.124938965 0.16400146 0.8161011,1.1977777 1.9244444 2.4077778,-0.14 1.56 9.24,300 4 5,26
202,01110011,00000000,0.4956665 0.10772705 0.18255615 0.8422241,0.20555556 1.81 2.3466666,-0.29 1.51 9.17,298 4 7,26
203,01110011,00000000,0.4645996 0.08831787 0.18237305 0.8619385,-0.99666667 1.6633333 2.25,-0.31 1.37 9.13,295 4 9,26
204,01110011,00000000,0.4350586 0 0.00079345703 -0.015380859,-1.9288889 1.6133333 2.1566668,-0.29 1.4 9.26,291 4 11,26
205,01110011,00000000,0.39727783 0.020935059 0.13580322 0.90734863,-2.8266666 1.61 2.048889,-0.33 1.19 9.74,286 4 13,26
206,01110011,00000000,0.36987305 -0.015808105 0.09753418 0.9237671,-3.791111 1.5333333 1.8622222,-0.64 0.67 10.35,282 4 15,26
207,01110011,00000000,0.34313965 -0.053100586 0.051635742 0.93634033,-4.1566668 1.3077778 1.6877778,-0.8 0 10.73,278 4 17,26
208,01110011,00000000,0.30944824 -0.09655762 -0.014160156 0.9458618,-4.152222 0.9611111 1.4955555,-0.89 -0.57 10.9,274 4 18,26
209,01110011,00000000,0.28607178 -0.12158203 -0.06201172 0.94836426,-3.76 0.46333334 1.2377778,-0.76 -0.83 10.73,270 4 19,26
210,01110011,00000000,0.26574707 -0.13787842 -0.10479736 0.9483032,-3.2066667 0.02 0.99777776,-0.72 -0.91 10.33,266 4 18,26
211,01110011,00000000,0.2420044 -0.14801025 -0.15386963 0.94647217,-2.6866667 -0.36222222 0.8244445,-0.76 -1.01 10.23,263 5 5,26
212,01110011,00000000,0.22698975 -0.14471436 -0.18225098 0.9456787,-2.01 -0.8433333 0.6477778,-0.96 -1.54 10,259 9 4,26
213,01110011,00000000,0.21453857 -0.13024902 -0.20037842 0.94696045,-0.74 -1.6188889 0.41666666,-0.89 -1.68 9.47,504 1476 15871,26
214,01110011,00000000,0.20202637 -0.09362793 -0.20397949 0.9533081,0.40222222 -2.1311111 0.2488889,-0.77 -1.9 9.41,253 17 4,26
215,01110011,00000000,0.19555664 -0.05633545 -0.18969727 0.96051025,1.5588889 -2.4488888 0.08777778,-0.36 -1.77 9.93,250 21 4,26
216,01110011,00000000,0.19140625 -0.015930176 -0.16326904 0.96765137,2.6488888 -2.3833334 -0.107777774,0.15 -1.34 10.17,256 25 4,26
217,01110011,00000000,0.18920898 0.034729004 -0.11383057 0.9746704,3.1733334 -2.0511112 -0.24333334,0.4 -1.01 10.48,270 28 4,26
218,01110011,00000000,0.18969727 0.068481445 -0.0692749 0.9769287,3.5166667 -1.7055556 -0.38444445,0.27 -0.74 10.83,289 31 4,26
219,01110011,00000000,0.19158936 0.09863281 -0.020385742 0.9762573,3.7844443 -1.3122222 -0.56666666,0.29 -0.51 10.65,300 34 4,26
220,01110011,00000000,0.19470215 0.123291016 0.030029297 0.9725952,3.72 -0.8666667 -0.68666667,0.54 -0.15 10.38,300 37 4,26
221,01110011,00000000,0.20019531 0.14056396 0.00024414062 -0.014770508,3.3266666 -0.17666666 -0.76555556,1.03 0.57 9.63,300 40 4,26
222,01110011,00000000,0.20507812 0.13830566 0.13232422 0.95977783,2.3055556 0.87333333 -0.82,1.06 1.13 9.31,300 41 4,26
223,01110011,00000000,0.21063232 0.12408447 0.16033936 0.9562988,1.3344444 1.4366666 -0.84555554,0.61 1.31 8.81,300 37 4,26
224,01110011,00000000,0.22021484 0.09350586 0.1776123 0.9545288,0.30666667 1.6755556 -0.8844444,0 1.41 8.82,300 26 4,26
225,01110011,00000000,0.22949219 0.066101074 0.17407227 0.95526123,-1.0888889 1.6422222 -0.9533333,-0.17 1.47 9.15,300 12 4,26
226,01110011,00000000,0.24060059 0.036254883 0.15594482 0.9572754,-2.0977778 1.5511111 -1.0177778,-0.16 1.29 9.55,295 4 5,26
227,01110011,00000000,0.2574463 -0.006652832 0.111572266 0.95977783,-2.9766667 1.4544444 -1.1,-0.26 0.91 10.07,290 4 8,26
228,01110011,00000000,0.2711792 -0.03857422 0.0657959 0.95947266,-3.83 1.0955555 -1.2488889,-0.62 0.4 10.48,285 4 11,26
229,01110011,00000000,0.28607178 -0.06549072 0.013000488 0.9558716,-4.051111 0.55 -1.3933333,-0.82 -0.12 10.79,281 4 13,26
230,01110011,00000000,0.3078003 -0.08654785 -0.059753418 0.9456177,-3.8633332 -0.12888889 -1.5511111,-0.84 -0.82 10.87,277 197 14079,26
231,01110011,00000000,0.32525635 -0.090270996 -0.1104126 0.9347534,-3.1844444 -0.86 -1.7366667,-0.57 -1.12 10.62,274 6 6,26
232,01110011,00000000,0.34375 -0.085754395 -0.15405273 0.9223633,-2.5077777 -1.1444445 -1.8433334,-0.23 -1.21 10.23,270 10 4,26
233,01110011,00000000,0.3701172 -0.0703125 -0.1977539 0.9049072,-1.7377778 -1.2644445 -1.9366666,-0.04 -1.44 9.77,266 14 4,26
234,01110011,00000000,0.39141846 -0.052001953 -0.2164917 0.89282227,-0.42 -1.2855556 -2.048889,0 -1.81 9.76,262 18 4,26
235,01110011,00000000,0.4144287 -0.027893066 -0.22021484 0.88256836,0.76 -1.1611111 -2.1277778,0.2 -2.01 9.54,258 22 4,26
236,01110011,00000000,0.44763184 0.009643555 -0.19824219 0.8718872,1.9688889 -0.7966667 -2.2,0.46 -1.98 9.42,258 26 4,26
237,01110011,00000000,0.47418213 0.035888672 -0.16271973 0.8644409,3.1066666 0.14777778 -2.268889,0.99 -1.23 9.7,270 29 4,26
238,01110011,00000000,0.50146484 0.054870605 -0.11456299 -0.014343262,3.471111 1.0411111 -2.298889,0.99 -0.76 9.98,292 32 4,26
239,01110011,00000000,0.5371094 0.06591797 -0.039611816 0.8399658,3.4622223 1.7722223 -2.32,0.56 -0.26 10.29,300 28 4,26
240,01110011,00000000,0.56225586 0.06561279 0.017822266 0.8241577,3.1122222 2.268889 -2.3544445,0 0.08 10.46,300 15 4,26
241,01110011,00000000,0.5856323 0.059631348 0.072387695 0.8050537,2.6788888 2.431111 -2.3744445,-0.11 0.36 10.31,300 4 5,26
242,01110011,00000000,0.6140747 0.04119873 0.13604736 0.77630615,2.04 2.557778 -2.3711112,-0.13 0.75 9.94,300 4 8,26
243,01110011,00000000,0.633667 0.018859863 0.17272949 0.7537842,0.89 2.491111 -2.3588889,-0.63 1.13 9.5,298 4 11,26
244,01110011,00000000,0.65283203 -0.008178711 0.19604492 0.7315674,-0.024444444 2.0133333 -2.3711112,-1.18 1.03 9.22,295 4 14,26
245,01110011,00000000,0.68029785 -0.04272461 0.20257568 0.70306396,-0.7355555 1.1266667 -2.4055555,-1.59 0.77 9.32,291 4 17,26
246,01110011,00000000,0.7036743 -0.061340332 0.18841553 0.682312,-1.36 -0.43333334 -2.471111,-1.85 0.58 9.47,286 4 20,26
247,01110011,00000000,0.72906494 -0.07208252 0.15838623 0.66192627,-1.6711111 -1.5866667 -2.5077777,-1.61 0.45 9.71,282 4 255,26
248,01110011,00000000,0.7633667 -0.07458496 0.09979248 0.63378906,-1.7855556 -2.4933333 -2.5266666,-1.07 0.11 10.15,278 4 21,26
249,01110011,00000000,0.7872925 -0.068115234 0.049072266 0.6107788,-1.6333333 -3.0611112 -2.52,-0.53 -0.46 10.68,274 4 19,26
250,01110011,00000000,0.8087158 -0.053710938 -0.001159668 0.5856323,-0.97444445 -3.4155555 -2.5022223,-0.33 -0.83 10.91,270 8 16,26
251,01110011,00000000,0.8331299 -0.0211792 -0.061950684 0.54919434,-0.30222222 -3.5 -2.49,-0.16 -0.87 10.88,266 12 14,26
252,01110011,00000000,0.84802246 0.010498047 -0.10131836 0.52001953,0.23444444 -3.4244444 -2.48,0.27 -0.48 10.42,262 16 12,26
253,01110011,00000000,0.86035156 0.0435791 -0.13336182 0.4899292,0.66888887 -2.8577778 -2.4433334,0.88 -0.39 9.92,260 20 11,26
254,01110011,00000000,0.8746948 0.083618164 -0.1585083 0.4501953,0.8811111 -2.018889 -2.39,1.26 -0.32 9.57,270 24 10,26
255,01110011,00000000,0.8857422 0.107055664 -0.16082764 0.42199707,0.98333335 -0.9255555 -2.3255556,1.6 -0.22 9.16,287 27 9,26
0,01110011,00000000,0.8977661 0.1227417 -0.14855957 0.395813,0.9022222 0.60555553 -2.231111,1.52 0 8.94,300 30 8,26
1,01110011,00000000,0.9109497 0.12939453 -0.1237793 0.371521,0.6288889 1.6366667 -2.1533334,1.28 0.29 9,300 31 8,26
2,01110011,00000000,0.9289551 0.12121582 -0.07678223 0.3411255,0.11444444 2.4555554 -2.0711112,0.71 0.69 9.51,300 3 8,26
3,01110011,00000000,0.9416504 0.10144043 -0.036865234 0.3187256,-0.79444444 3.0611112 -1.9844445,0.23 0.63 9.95,296 4 12,26
4,01110011,00000000,0.9524536 0.07208252 0.003112793 0.29589844,-1.3566667 3.192222 -1.95,-0.11 0.34 10.35,291 4 16,26
5,01110011,00000000,0.96258545 0.023132324 0.05303955 0.26452637,-1.78 3.1344445 -1.9355556,-0.43 0.07 10.57,286 4 19,26
6,01110011,00000000,0.96673584 -0.017578125 0.085754395 0.2401123,-2.13 2.8033333 -1.9411111,-0.64 -0.06 10.57,281 4 22,26
7,01110011,00000000,0.9683838 -0.05871582 0.11199951 0.21484375,-2.21 2.3133333 -1.9722222,-0.89 -0.31 10.35,277 4 25,26
8,01110011,00000000,0.96850586 -0.108947754 0.13287354 0.18011475,-2.0955555 1.6211112 -2.0155556,-1.2 -0.67 10.03,273 4 28,26
9,01110011,00000000,0.96875 -0.13885498 0.13623047 0.15350342,-1.5755556 0.5311111 -2.0877779,-1.23 -0.99 9.79,269 4 31,26
10,01110011,00000000,0.97052 -0.15887451 0.12939453 0.12634277,-0.91333336 -0.24444444 -2.1388888,-1.02 -1.25 9.61,265 4 34,26
11,01110011,00000000,0.9760132 -0.1663208 0.10797119 0.08911133,-0.078888886 -0.8688889 -2.18,-0.83 -1.48 9.67,261 4 36,26
12,01110011,00000000,0.98223877 -0.15588379 0.08514404 0.060302734,1.1811111 -1.4611111 -2.2044444,-0.7 -1.46 9.9,257 4 39,26
13,01110011,00000000,0.9888916 -0.13244629 0.058776855 0.030822754,2.0255556 -1.6811111 -2.2144444,-0.43 -1.27 10.16,272 8 42,26
14,01110011,00000000,0.9960327 -0.08453369 0.02331543 -0.009460449,2.7322223 -1.6555556 -2.2155557,0 -1 10.44,300 11 44,26
15,01110011,00000000,0.9984131 -0.03845215 0.0014648438 -0.040100098,3.4355555 -1.1577778 -2.191111,0.13 -0.69 10.53,300 14 46,26
16,01110011,00000000,0.99731445 0.010620117 -0.014343262 -0.07055664,3.4777777 -0.76111114 -2.171111,0.2 -0.24 10.49,300 16 48,26
17,01110011,00000000,0.9908447 0.07287598 -0.026672363 -0.11022949,3.2444444 -0.38333333 -2.1455555,0.16 0.17 10.23,300 18 49,26
18,01110011,00000000,0.98339844 0.11260986 -0.02923584 -0.13879395,2.5722222 0.07777778 -2.088889,0.18 0.66 9.74,300 20 50,26
19,01110011,00000000,0.9752197 0.14349365 -0.026123047 -0.1661377,1.8577778 0.37555555 -2.0366666,0.17 0.97 9.36,300 22 51,26
20,01110011,00000000,0.9651489 0.16705322 -0.014038086 -0.20056152,0.9822222 0.58111113 -1.9733334,0.05 1.24 9.07,300 18 53,26
21,01110011,00000000,0.9594116 0.16906738 -0.0006713867 -0.2253418,-0.3588889 0.6255556 -1.8955555,-0.18 1.48 9.03,300 8 55,26
22,01110011,00000000,0.9555664 0.15612793 0.014526367 -0.24938965,-1.4111111 0.46555555 -1.8444444,-0.35 1.5 9.15,300 4 57,26
23,01110011,00000000,0.95196533 0.117370605 0.03387451 -0.2805786,-2.2966666 0.14777778 -1.8022223,-0.56 1.2 9.58,298 4 59,26
24,01110011,00000000,0.9487915 0.07519531 0.04498291 -0.30334473,-3.12 -0.40888888 -1.7644445,-0.63 0.65 10.07,297 4 61,26
25,01110011,00000000,0.93756104 0.026367188 0.05218506 -0.3250122,-3.37 -27.59111 -11.663333,-0.42 0.08 10.46,292 8 63,26
26,01110011,00000000,0.9334717 -0.040893555 0.05621338 -0.35180664,-3.31 -0.9988889 -1.7,-0.2 -0.36 10.66,287 12 65,26
27,01110011,00000000,0.92303467 -0.0881958 0.054992676 -0.3703003,-3.0366666 -1.15 -1.6666666,-0.13 -0.69 10.64,282 16 67,26
28,01110011,00000000,0.9110718 -0.1305542 0.050109863 -0.38757324,-2.4577777 -1.2922223 -1.6122222,-0.1 -0.86 10.37,278 20 69,26
29,01110011,00000000,0.89453125 -0.17565918 0.038208008 -0.40911865,-1.8822222 -1.2977778 -1.5666667,0.11 -1.05 10,274 23 71,26
30,01110011,00000000,0.8829956 -0.1977539 0.02709961 -0.42474365,-1.1711111 -1.1111112 -1.5122222,0.51 -1.32 9.6,270 26 73,26
31,01110011,00000000,0.873291 -0.20678711 0.016418457 -0.44073486,-0.05888889 -0.5088889 -1.4233333,0.74 -1.45 9.43,266 29 75,26
32,01110011,00000000,0.86413574 -0.19586182 0.00579834 -0.46350098,0.81222224 0.13444445 -1.351111,0.89 -1.49 9.37,262 32 77,26
33,01110011,00000000,0.85961914 -0.17138672 0.0016479492 -0.48120117,1.5677778 0.7911111 -1.2666667,0.81 -1.29 9.58,271 35 79,26
34,01110011,00000000,0.8560791 -0.13513184 0.0006713867 -0.49871826,2.338889 1.5511111 -1.1588889,-94.15 -0.03 -0.01,300 24 80,26
35,01110011,00000000,0.85217285 -0.09106445 0.0028686523 -0.5151367,2.6 1.95 -1.0744444,0.32 -0.48 10.14,300 3 81,26
36,01110011,00000000,0.84484863 -0.028137207 0.010803223 -0.5340576,2.501111 2.25 -0.96,0.05 0.03 10.39,299 4 83,26
37,01110011,00000000,0.83758545 0.017456055 0.020629883 -0.5456543,2.2433333 2.3522222 -0.8811111,-0.09 0.18 10.42,299 4 84,26
38,01110011,00000000,0.8290405 0.059936523 0.032958984 -0.55493164,1.9466667 2.3366666 -0.79888886,-0.26 0.21 10.31,298 4 85,26
39,01110011,00000000,0.8167114 0.10870361 0.0501709 -0.5643921,1.6266667 2.1333334 -0.73333335,-0.74 0.42 9.86,297 4 86,26
40,01110011,00000000,0.80773926 0.13604736 0.061157227 -0.5703125,1.07 1.5122222 -0.66888887,-0.95 0.59 9.68,296 4 87,26
41,01110011,00000000,0.7999878 0.15222168 0.06903076 -0.5761719,0.50333333 0.83555555 -0.63555557,-1.22 0.84 9.41,295 4 88,26
42,01110011,00000000,0.7813721 0.14648438 0.06933594 -0.5854492,-0.15111111 0.07444444 -20.196667,-1.27 0.97 9.33,294 4 89,26
43,01110011,00000000,0.7930298 0.12249756 0.062194824 -0.5933838,-0.9622222 -0.9533333 -0.57,-1.22 0.77 9.49,294 4 90,26
44,01110011,00000000,0.79174805 0.0949707 0.057495117 -0.600647,-1.4355556 -1.6433333 -0.52555555,-1.01 0.61 9.75,296 8 91,26
45,01110011,00000000,0.79052734 0.044677734 0.046325684 -0.60894775,-1.7622222 -2.1844444 -0.46888888,-0.68 0.24 10.19,296 12 92,26
46,01110011,00000000,0.78912354 0.0012817383 0.03466797 -0.6131592,-1.9044445 -2.5811112 -0.37555555,-0.33 -0.08 10.41,291 16 93,26
47,01110011,00000000,0.78686523 -0.04296875 0.021057129 -0.6152344,-1.8277777 -2.67 -0.29222223,-0.16 -0.24 10.56,286 20 94,26
48,01110011,00000000,0.78253174 -0.09906006 0.0016479492 -0.614624,-1.68 -2.6088889 -0.20555556,0.1 -0.35 10.45,281 23 95,26
49,01110011,00000000,0.7788086 -0.13677979 -0.012207031 -0.6119995,-1.4255556 -2.3155556 -0.08888889,0.38 -0.44 10.16,277 26 96,26
50,01110011,00000000,0.77526855 -0.168396 -0.023986816 -0.60827637,-1.1555556 -1.8811111 0.0011111111,0.66 -0.61 9.81,273 29 97,26
51,01110011,00000000,0.772522 -0.1965332 -0.034179688 -0.60284424,-0.77666664 -1.2655555 0.094444446,0.96 -0.79 -0.01,269 32 98,26
52,01110011,00000000,0.7730713 -0.2041626 -0.0368042 -0.59942627,-0.10666667 -0.24333334 0.21777777,1.13 -0.94 9.34,265 35 99,26
53,01110011,00000000,0.7827759 -0.1541748 -0.025939941 -0.60235596,0.44555557 0.55222225 0.30666667,1.09 -0.97 9.37,261 38 99,26
54,01110011,00000000,0.79211426 -0.10449219 -0.012939453 -0.60113525,0.9355556 1.2944444 0.40111113,1 -0.85 9.49,264 34 99,26
55,01110011,00000000,0.7982788 -0.07281494 -0.0028076172 -0.5977783,1.5222223 2.0433333 0.52111113,0.51 -0.71 9.95,280 11 98,26
56,01110011,00000000,0.8043823 -0.033569336 0.0087890625 -0.59295654,1.83 2.3555555 0.60555553,0.25 -0.51 10.26,284 4 99,26
57,01110011,00000000,0.8112793 0.023620605 0.024719238 -0.5835571,1.9555556 2.461111 0.6811111,-0.02 -0.19 10.4,283 4 100,26
58,01110011,00000000,0.8152466 0.06628418 0.03643799 -0.5740967,1.8944445 2.3944445 0.78,-0.24 0.04 10.43,282 4 101,26
59,01110011,00000000,0.81274414 0.10626221 0.047302246 -0.5628052,1.7577778 2.2077777 0.8377778,-0.47 0.14 10.3,281 4 102,26
60,01110011,00000000,0.8216553 0.15246582 0.058288574 -0.5460205,1.57 1.8677778 0.8877778,-0.73 0.29 10.06,280 4 103,26
61,01110011,00000000,0.82458496 0.17852783 0.06213379 -0.5331421,1.1555556 1.148889 0.9344444,-1 0.56 9.67,280 4 104,26
62,01110011,00000000,0.8287964 0.19464111 0.061645508 -0.520874,0.6677778 0.48222223 0.9488889,-1.1 0.82 9.43,281 4 104,26
63,01110011,00000000,0.8378296 0.19720459 0.055358887 -0.5060425,0.032222223 -0.19222222 0.9677778,-1.06 0.96 9.35,284 4 104,26
64,01110011,00000000,0.8514404 0.1583252 0.0413208 -0.49816895,-0.6911111 -0.8011111 0.98777777,-0.9 0.94 9.45,297 7 100,26
65,01110011,00000000,0.8621216 0.13305664 0.032714844 -0.48773193,-1.5333333 -1.4255556 1.03,-0.73 0.77 9.63,300 11 96,26
66,01110011,00000000,0.87677 0.085754395 0.020812988 -0.47265625,-2.0555556 -1.7177777 1.0677778,-0.5 0.52 9.91,300 15 92,26
67,01110011,00000000,0.8868408 0.043518066 0.012634277 -0.45977783,-2.4155555 -1.8455555 1.1166667,-0.22 0.07 10.27,295 19 88,26
68,01110011,00000000,0.89538574 -0.0006713867 0.0056152344 -0.44525146,-2.5755556 -1.7955556 1.1755556,-0.02 -0.25 222.84,258 0 84,26
69,01110011,00000000,0.90405273 -0.057373047 -0.0012207031 -0.4234619,-2.5044444 -1.6288888 1.2222222,0.17 -0.46 10.29,287 27 80,26
70,01110011,00000000,0.9089966 -0.095214844 -0.0036621094 -0.40576172,-2.308889 -1.3566667 1.2622222,0.35 -0.71 10.02,283 31 76,26
71,01110011,00000000,0.913147 -0.12646484 -0.0033569336 -0.38739014,-1.8311111 -0.86333334 1.3133334,0.45 -0.95 9.76,279 34 72,26
72,01110011,00000000,0.91748047 -0.14892578 -0.0004272461 -0.3687744,-1.2766666 -0.44333333 1.3488889,0.51 -1.16 9.62,275 37 68,26
73,01110011,00000000,0.92474365 -0.16131592 0.0063476562 -0.3444214,-0.5477778 -0.036666665 1.3766667,0.46 -1.41 9.54,271 40 64,26
74,01110011,00000000,0.9347534 -0.13671875 0.011779785 -0.32763672,0.57222223 0.41555557 1.4,0.37 -1.44 9.61,267 43 60,26
75,01110011,00000000,0.9435425 -0.114746094 0.016662598 -0.3102417,1.3655555 0.6311111 1.4155556,0.21 -1.32 9.79,268 40 56,26
76,01110011,00000000,0.9550171 0.0026855469 0.001159668 -0.013977051,2.3111112 0.7277778 1.4211111,0.01 -1.11 10.14,292 29 52,26
77,01110011,00000000,0.9625244 -0.03161621 0.019897461 -0.26849365,2.8877778 0.67 1.42,-0.09 -0.66 10.32,300 15 48,26
78,01110011,00000000,0.96795654 0.011962891 0.01751709 -0.2498169,2.9877777 0.57222223 1.4211111,-0.15 -0.19 10.38,300 4 45,26
79,01110011,00000000,0.97210693 0.06732178 0.01171875 -0.22406006,2.8488889 0.42555556 1.4255556,-0.25 0.18 10.33,300 4 46,26
80,01110011,00000000,0.97332764 0.103637695 0.005126953 -0.20440674,2.4466667 0.14333333 1.4255556,-0.33 0.3 10.19,300 4 46,26
81,01110011,00000000,0.9736328 0.1338501 -0.0033569336 -0.18469238,2.0233333 -0.078888886 1.4277778,-0.33 0.49 9.92,300 4 44,26
82,01110011,00000000,0.97387695 0.16156006 -0.016723633 -0.15838623,1.4544444 -0.2588889 1.4388889,-0.23 0.83 9.53,300 7 39,26
83,01110011,00000000,0.9752197 0.17022705 -0.026550293 -0.13873291,0.43333334 -0.35333332 1.4666667,-0.12 1.13 9.29,300 11 35,26
84,01110011,00000000,0.97821045 0.16656494 -0.0345459 -0.118896484,-0.4811111 -0.31444445 1.5022222,0 1.28 9.22,300 15 31,26
85,01110011,00000000,0.98480225 0.1418457 -0.039855957 -0.09185791,-1.3311111 -0.16333333 1.5333333,0.16 1.07 9.37,260 932 1535,26
86,01110011,00000000,0.99035645 0.11218262 -0.039123535 -0.07086182,-2.27 0.17222223 1.5677778,0.18 0.82 9.59,300 23 23,26
87,01110011,00000000,0.9953613 0.07476807 -0.034301758 -0.04949951,-2.7422223 0.4077778 1.58,0.03 0.36 9.95,300 25 19,26
88,01110011,00000000,0.9986572 0.033447266 -0.026367188 -0.027893066,-2.911111 0.58666664 1.5733334,-0.02 -0.03 10.16,296 21 15,26
89,01110011,00000000,0.9996948 -0.020507812 -0.012512207 0.0006713867,-2.7266667 0.76111114 1.5466666,-0.07 -0.52 10.38,292 12 12,26
90,01110011,00000000,0.9981079 -0.05682373 6.1035156E-05 0.021728516,-2.4188888 0.90444446 1.5266666,-0.03 -0.69 10.3,288 4 11,26
91,01110011,00000000,0.99383545 -0.09686279 0.01965332 0.0491333,-2.0233333 1.0111111 1.5,-0.11 -0.78 10.15,284 4 13,26
92,01110011,00000000,0.9899292 -0.11859131 0.0345459 0.06890869,-1.3266667 0.9444444 1.4511111,-0.38 -1.01 9.92,280 4 16,26
93,01110011,00000000,0.9862671 -0.13104248 0.0016479492 -0.015380859,-0.6477778 0.68333334 1.4088889,-0.64 -1.2 9.8,276 4 18,26
94,01110011,00000000,0.98461914 -0.12182617 0.053527832 0.112854004,0.12444445 0.27 1.351111,-0.76 -1.32 9.77,272 4 20,26
95,01110011,00000000,0.98535156 -0.09686279 0.049072266 0.13085938,1.0744444 -0.37555555 1.2655555,-0.78 -1.11 9.81,268 4 21,26
96,01110011,00000000,0.9852295 -0.073791504 0.04345703 0.14794922,1.6311111 -0.8522222 1.1988889,-0.73 -1.01 9.96,283 8 17,26
97,01110011,00000000,0.98461914 -0.032287598 0.028259277 0.16918945,2.047778 -1.2644445 1.1344445,-0.67 -0.82 10.1,300 12 13,26
98,01110011,00000000,0.9827881 0.003540039 0.012390137 0.18395996,2.2633333 -1.5588889 1.0755556,-0.39 -0.38 10.24,300 15 9,26
99,01110011,00000000,0.97943115 0.039489746 -0.00579834 0.1977539,2.1944444 -1.7544445 1.0166667,-0.21 -0.05 10.26,300 18 5,26
100,01110011,00000000,0.9725952 0.08300781 -0.032470703 0.21466064,1.9388889 -1.8033333 0.9822222,-0.1 0.19 10.19,300 21 4,26
101,01110011,00000000,0.9663086 0.11004639 -0.05328369 0.2265625,1.5944444 -1.7755556 0.9633333,0.05 0.33 9.96,300 24 4,26
102,01110011,00000000,0.9595947 0.13085938 -0.07324219 0.23797607,1.0388889 -1.5411111 0.9588889,0.33 0.45 9.66,300 205 5887,26
103,01110011,00000000,0.9533081 0.14404297 -0.0904541 0.24932861,0.5477778 -1.1633333 0.97,0.62 0.59 9.39,300 30 4,26
104,01110011,00000000,0.9468994 0.14727783 -0.105895996 0.26538086,-0.006666667 -0.6377778 0.9988889,0.85 0.69 9.25,300 33 4,26
105,01110011,00000000,0.94763184 0.121154785 -0.095703125 0.27954102,-0.73 0.19222222 1.0377778,0.88 0.65 9.26,300 36 4,26
106,01110011,00000000,0.94744873 0.09411621 -0.08428955 0.2939453,-1.1388888 0.83444446 1.0544444,0.83 0.48 9.42,299 39 4,26
107,01110011,00000000,0.94525146 0.059692383 -0.070129395 0.31292725,-1.4566667 1.4244444 1.0677778,0.59 0.23 9.74,294 34 4,26
108,01110011,00000000,0.94311523 0.028747559 -0.05316162 0.3269043,-1.6122222 1.9633334 1.0488889,0.24 -0.07 10.1,290 21 4,26
109,01110011,00000000,0.9397583 -0.0029296875 -0.03265381 0.3400879,-1.5444444 2.1433334 1.0177778,-0.03 -0.24 10.26,286 3 4,26
110,01110011,00000000,0.9333496 -0.042907715 -0.002746582 -0.015075684,-1.39 2.1877778 0.9811111,-0.2 -0.39 10.32,281 4 7,26
111,01110011,00000000,0.9273071 -0.0692749 0.020507812 0.3671875,-1.0711111 2.1266668 0.9266667,-0.34 -0.51 10.22,277 4 10,26
112,01110011,00000000,0.9206543 -0.09069824 0.04345703 0.37701416,-0.7266667 1.9155556 0.8811111,-0.63 -0.62 10.09,273 4 13,26
113,01110011,00000000,0.9121704 -0.10809326 0.06970215 0.38897705,-0.32222223 1.5088888 0.82222223,-0.93 -0.68 9.92,269 4 16,26
114,01110011,00000000,0.9071045 -0.111206055 0.08300781 0.3972168,0.21 0.6722222 0.72555554,-1.08 -0.62 9.83,265 4 19,26
115,01110011,00000000,0.90515137 -0.09710693 0.081726074 0.40563965,0.5144445 -0.054444443 0.64,-1.12 -0.49 9.77,261 4 21,26
116,01110011,00000000,0.9053345 -0.05871582 0.058532715 0.41644287,0.7677778 -0.74333334 0.5566667,-0.98 -0.49 9.83,267 4 18,26
117,01110011,00000000,0.9042969 -0.035949707 0.045288086 0.42279053,1.0488889 -1.5433333 0.4488889,-0.84 -0.45 9.95,281 8 15,26
118,01110011,00000000,0.9032593 -0.0099487305 0.028198242 0.42791748,1.1511111 -2.0155556 0.37,-0.74 -0.22 10.11,300 12 12,26
119,01110011,00000000,0.901062 0.027893066 -0.0015258789 0.4326172,1.1144445 -2.3211112 0.30333334,-0.33 0 10.18,300 16 255,26
120,01110011,00000000,0.8984375 0.05517578 -0.026672363 0.4345703,0.97 -2.42 0.25,-0.02 0.1 10.14,300 20 7,26
121,01110011,00000000,0.8951416 0.07940674 -0.05206299 0.4354248,0.69666666 -2.2922223 0.2,0.14 0.13 10.1,300 23 5,26
122,01110011,00000000,0.8901367 0.105041504 -0.083618164 0.4354248,0.46333334 -2.047778 0.17444444,0.32 0.18 9.9,300 26 4,26
123,01110011,00000000,0.8865967 0.11798096 -0.103881836 0.43499756,0.11777778 -1.5411111 0.15,0.6 0.24 9.63,300 29 4,26
124,01110011,00000000,0.8838501 0.12414551 -0.11981201 0.43463135,-0.17666666 -1.0144445 0.14666666,0.81 0.3 9.44,300 32 4,26
125,01110011,00000000,0.88446045 0.11248779 -0.12237549 0.43597412,-0.46555555 -0.37666667 0.14888889,0.98 0.27 9.36,300 35 4,26
126,01110011,00000000,0.8887329 0.08282471 -0.10119629 0.43927002,-0.76222223 0.57 0.15,0.98 0.11 9.46,300 38 4,26
127,01110011,00000000,0.8911743 0.058898926 -0.08477783 0.4416504,-0.9022222 1.2411112 0.14333333,0.83 0.04 9.62,295 36 4,26
128,01110011,00000000,0.8933716 0.027404785 -0.0635376 0.4439087,-0.99222225 1.7966666 0.12888889,0.55 -0.07 9.84,291 17 4,26
129,01110011,00000000,0.89453125 0.00091552734 -0.042541504 0.44488525,-0.9911111 2.23 0.096666664,0.08 -0.22 10.12,287 3 6,26
130,01110011,00000000,0.89489746 -0.02557373 -0.019226074 0.44506836,-0.9033333 2.3066666 0.06111111,-0.12 -0.3 10.22,282 4 10,26
131,01110011,00000000,0.8942871 -0.057678223 0.012512207 0.44360352,-0.73888886 2.238889 0.016666668,-0.28 -0.43 10.25,278 4 13,26
132,01110011,00000000,0.8932495 -0.07727051 0.035949707 0.44128418,-0.41666666 2.0266666 -0.04777778,-0.44 -0.5 10.13,274 4 16,26
133,01110011,00000000,0.892334 -0.09106445 0.05731201 0.43823242,-0.14 1.7466667 -0.096666664,-0.67 -0.5 9.99,270 4 19,26
134,01110011,00000000,0.8932495 -0.09222412 0.0736084 0.43371582,0.12666667 1.3033333 -0.15666667,-0.85 -0.47 9.9,266 4 22,26
135,01110011,00000000,0.89715576 -0.07171631 0.06628418 0.43078613,0.38 0.70444447 -0.2211111,-1.07 -0.48 9.81,262 4 25,26
136,01110011,00000000,0.90093994 -0.052490234 0.057434082 0.42687988,0.72888887 -0.20666666 -0.31555554,-1.07 -0.45 9.82,260 4 28,26
137,01110011,00000000,0.9061279 -0.025939941 0.044128418 0.41986084,0.99222225 -1.0388889 -0.40444446,-0.92 -0.33 9.85,272 5 27,26
138,01110011,00000000,0.90997314 -0.0026855469 0.030700684 0.41351318,1.1111112 -1.54 -0.47,-0.76 -0.22 10.02,291 9 26,26
139,01110011,00000000,0.91345215 0.023071289 0.013061523 0.4060669,1.1577778 -1.971111 -0.5366667,-0.59 -0.13 10.13,300 13 25,26
140,01110011,00000000,0.91693115 0.058410645 -0.014404297 0.39453125,1.1 -2.1144445 -0.57666665,-0.3 -0.01 10.13,300 16 24,26
141,01110011,00000000,0.91851807 0.08294678 -0.0357666 0.3848877,0.97555554 -2.0988889 -0.60333335,-0.03 0.12 10.09,300 19 23,26
142,01110011,00000000,0.91955566 0.10406494 -0.05657959 0.3746338,0.68333334 -1.9066666 -0.62,0.14 0.24 9.96,300 22 22,26
143,01110011,00000000,0.9203491 0.12030029 -0.075805664 0.36413574,0.39555556 -1.648889 -0.61777776,0.33 0.33 9.81,300 25 22,26
144,01110011,00000000,0.92645264 0.1071167 -0.07788086 0.35217285,0.078888886 -1.2844445 -0.6122222,0.54 0.37 9.57,300 28 22,26
145,01110011,00000000,0.93188477 0.08917236 -0.07318115 0.3439331,-0.37666667 -0.6344444 -0.5822222,0 0.36 9.45,300 31 22,26
146,01110011,00000000,0.93634033 0.07330322 -0.06945801 0.33599854,-0.71444446 -0.07 -0.55777776,0.8 0.36 9.44,295 34 22,26
147,01110011,00000000,0.94189453 0.05102539 -0.06274414 0.32580566,-0.99666667 0.4911111 -0.5377778,0.73 0.22 9.6,290 37 22,26
148,01110011,00000000,0.94592285 0.030334473 -0.053833008 0.31835938,-1.2888889 1.16 -0.5177778,0.62 0.15 9.69,286 33 22,26
149,01110011,00000000,0.9495239 0.0053710938 -0.04071045 0.31085205,-1.44 1.54 -0.5133333,0.42 0.03 9.88,282 13 23,26
150,01110011,00000000,0.95318604 -0.030883789 -0.018249512 0.30023193,-1.48 1.7577778 -0.51666665,0.05 -0.22 10.1,278 4 25,26
151,01110011,00000000,0.954834 -0.057250977 0.00012207031 0.29156494,-1.3311111 1.8066666 -0.54444444,-0.12 -0.43 10.2,274 4 28,26
152,01110011,00000000,0.9556885 -0.08068848 0.018798828 0.28240967,-1.0933334 1.7444445 -0.56333333,-0.23 -0.56 10.17,270 4 31,26
153,01110011,00000000,0.9532471 -0.1015625 0.04168701 0.26953125,-0.78444445 7.963333 -6.826667,-0.36 -0.67 10.04,266 4 34,26
154,01110011,00000000,0.95965576 -0.0949707 0.048461914 0.25994873,-0.29777777 1.3322222 -0.61444443,-0.57 -0.7 9.94,262 4 37,26
155,01110011,00000000,0.96209717 -0.092163086 0.0579834 0.25,0.10888889 0.9688889 -0.64444447,-0.71 -0.72 9.87,258 4 40,26
156,01110011,00000000,0.96765137 -0.06762695 0.05493164 0.23657227,0.5222222 0.51111114 -0.6755555,-0.79 -0.73 9.85,254 4 43,26
157,01110011,00000000,0.97161865 -0.047729492 0.050048828 0.22607422,1.0411111 -0.14 -0.72444445,-0.79 -0.68 9.86,253 4 45,26
158,01110011,00000000,0.97509766 -0.027893066 0.04510498 0.21502686,1.3433334 -0.57666665 -0.75333333,-0.76 -0.54 9.95,271 6 45,26
159,01110011,00000000,0.97924805 0.00390625 0.03466797 0.19958496,1.601111 -0.93 -0.78333336,-0.65 -0.51 10.06,298 10 45,26
160,01110011,00000000,0.98150635 0.031555176 0.023132324 0.18719482,1.8044444 -1.2477778 -0.81222224,-0.45 -0.27 10.12,300 13 45,26
161,01110011,00000000,0.9827881 0.060058594 0.00982666 0.17437744,1.7833333 -1.3466667 -0.8277778,-0.24 0 10.06,300 16 45,26
162,01110011,00000000,0.9830322 0.09448242 -0.009216309 0.15686035,1.5777777 -1.3644445 -0.8277778,-51.35 -0.03 -0.01,300 19 45,26
163,01110011,00000000,0.982605 0.115112305 -0.024047852 0.14355469,1.1344445 -1.3155556 -0.82222223,-0.06 0.44 9.86,300 22 46,26
164,01110011,00000000,0.9835205 0.12011719 -0.034851074 0.13043213,0.7488889 -1.2155555 -0.80777776,0.06 0.48 9.74,300 25 47,26
165,01110011,00000000,0.98706055 0.10443115 -0.041015625 0.11401367,0.34 -1.0333333 -0.78,0.2 0.54 9.61,300 28 48,26
166,01110011,00000000,0.989624 0.09039307 -0.043640137 0.10247803,-0.27222222 -0.66444445 -0.73444444,0.39 0.64 9.52,300 31 49,26
167,01110011,00000000,0.9918213 0.07635498 -0.04498291 0.091674805,-0.7722222 -0.33333334 -0.69555557,0.43 0.63 9.55,295 34 51,26
168,01110011,00000000,0.99450684 0.05316162 -0.044067383 0.078063965,-1.2011111 0 -0.6577778,0.43 0.47 9.62,290 37 53,26
169,01110011,00000000,0.9963379 0.030944824 -0.040283203 0.06842041,-1.5655556 0.32 -0.6255556,0.36 0.35 9.78,285 40 55,26
170,01110011,00000000,0.9844971 0.0043945312 -0.033325195 0.05908203,-1.9288889 0.6766667 -6.827778,0.26 0.1 9.87,281 38 57,26
171,01110011,00000000,0.9981079 -0.03375244 -0.020019531 0.04675293,-2 0.8433333 -0.5777778,0.12 -0.15 10.05,277 27 59,26
172,01110011,00000000,0.9973755 -0.06060791 -0.008239746 0.037597656,-1.8611112 0.9355556 -0.57222223,0.03 -0.55 10.1,273 11 61,26
173,01110011,00000000,0.99609375 -0.08337402 0.0045166016 0.028442383,-1.4566667 1.0144445 -0.5688889,-0.01 -0.7 10.08,269 4 63,26
174,01110011,00000000,0.99554443 -0.09094238 0.019226074 0.015991211,-1.09 1.0511111 -0.5688889,-0.06 -0.73 10.01,265 4 65,26
175,01110011,00000000,0.9963989 -0.08013916 0.026428223 0.006713867,-0.69666666 1.028889 -0.5688889,-0.22 -0.77 9.9,261 4 67,26
176,01110011,00000000,0.9971924 -0.06750488 0.032409668 -0.0022583008,-0.09 0.8711111 -0.5711111,-0.37 -0.89 9.87,257 4 69,26
177,01110011,00000000,0.99768066 -0.05517578 0.037353516 -0.011413574,0.43333334 0.6566667 -0.58,-0.46 -0.96 9.9,253 4 71,26
178,01110011,00000000,0.99823 -0.034851074 0.041259766 -0.023864746,0.95 0.41777778 -0.5911111,-0.52 -0.79 9.92,251 4 73,26
179,01110011,00000000,0.9984131 -0.0154418945 0.041809082 -0.033447266,1.4788889 0.09555556 -0.61,-0.5 -0.72 -0.01,254 4 75,26
180,01110011,00000000,0.99823 0.008178711 0.039794922 -0.04321289,1.8144444 -0.11666667 -0.6188889,-0.47 -0.66 10.06,274 4 76,26
181,01110011,00000000,0.9968262 0.04534912 0.033081055 -0.05670166,2.0366666 -0.30333334 -0.63222224,-0.38 -0.29 10.07,300 7 77,26
182,01110011,00000000,0.99468994 0.07366943 0.025512695 -0.06695557,2.0033333 -0.48666668 -0.63222224,-0.34 0.06 10.04,300 10 78,26
183,01110011,00000000,0.99194336 0.09899902 0.016418457 -0.0770874,1.75 -0.5988889 -0.62333333,-0.32 0.32 9.92,300 13 79,26
184,01110011,00000000,0.9885864 0.11987305 0.0028076172 -0.09051514,1.3966666 -0.7122222 -0.61,-0.26 0.43 9.82,300 16 80,26
185,01110011,00000000,0.9885864 0.111572266 -0.00592041 -0.10064697,0.88666666 -0.81666666 -0.5822222,-0.16 0.46 9.76,300 19 81,26
186,01110011,00000000,0.98883057 0.0993042 -0.013244629 -0.11010742,0.48222223 -0.8211111 -0.55222225,-0.05 0.55 9.64,300 22 82,26
187,01110011,00000000,0.9845581 0.084228516 -0.021606445 -0.12158203,0.013333334 -0.77 -0.51666665,0.04 0.7 9.57,300 25 83,26
188,01110011,00000000,0.9885864 0.071777344 -0.026855469 -0.12921143,-0.6911111 -0.64111114 -0.4588889,0.1 0.69 9.6,300 28 84,26
189,01110011,00000000,0.98864746 0.055358887 -0.030517578 -0.13623047,-1.1511111 -0.50333333 -0.41555557,0.16 0.52 9.69,295 31 85,26
190,01110011,00000000,0.9885864 0.026977539 -0.03186035 -0.14453125,-1.5511111 -0.31666666 -0.36888888,0.23 0.43 9.79,290 34 86,26
191,01110011,00000000,0.9882202 0.0006713867 -0.029296875 -0.15002441,-1.9377778 -0.043333333 -0.3188889,0.22 0.11 9.9,285 37 87,26
192,01110011,00000000,0.98724365 -0.026977539 -0.023986816 -0.15509033,-1.9866667 0.12444445 -0.28666666,0.16 -0.25 9.97,280 40 88,26
193,01110011,00000000,0.98498535 -0.060913086 -0.013916016 -0.1609497,-1.8277777 0.27666667 -0.2588889,0.15 -0.55 10.02,276 41 89,26
194,01110011,00000000,0.9828491 -0.08154297 -0.0045166016 -0.16497803,-1.4377778 0.49 -0.23333333,0.16 -0.63 9.96,272 38 90,26
195,01110011,00000000,0.9824829 -0.07757568 0.005126953 -0.16906738,-1.1 0.6533333 -0.20555556,0.11 -0.69 9.93,268 31 91,26
196,01110011,00000000,0.9824219 -0.064697266 0.017028809 -0.17388916,-0.7355555 0.7788889 -0.18,0.02 -0.73 -238.44,0 0 92,26
197,01110011,00000000,0.9822998 -0.054626465 0.025512695 -0.17700195,0.013333334 0.81666666 -0.15111111,-0.12 -0.89 9.86,260 4 93,26
198,01110011,00000000,0.98217773 -0.04260254 0.032592773 -0.1798706,0.5411111 0.74222225 -0.14,-0.2 -0.92 9.91,256 4 94,26
199,01110011,00000000,0.9819946 -0.021484375 0.039123535 -0.18347168,1.0077778 0.6166667 -0.13111112,-0.3 -0.79 9.92,254 4 95,26
200,01110011,00000000,0.9816284 -0.0012817383 0.04071045 -0.18621826,1.3888888 0.4588889 -0.12444445,-0.34 -0.72 10.01,256 4 96,26
201,01110011,00000000,0.980896 0.022460938 0.039489746 -0.18896484,1.8044444 0.22444445 -0.12111111,-0.38 -0.56 10.05,262 4 97,26
202,01110011,00000000,0.9790039 0.057922363 0.034118652 -0.19244385,1.92 0.04888889 -0.11333334,-0.37 -0.24 10.02,279 4 98,26
203,01110011,00000000,0.9769287 0.08288574 0.027404785 -0.19482422,1.8222222 -0.12555556 -0.104444444,-0.39 0.16 9.95,300 4 98,26
204,01110011,00000000,0.97473145 0.0012817383 0.0020751953 -0.009338379,1.4544444 -0.39 -0.08222222,-0.42 0.32 9.92,300 7 98,26
205,01110011,00000000,0.973938 0.105895996 0.006164551 -0.20031738,1.1144445 -0.5788889 -0.064444445,-0.42 0.39 9.84,300 10 98,26
206,01110011,00000000,0.9747925 0.09277344 -0.0018310547 -0.20275879,0.77111113 -0.7188889 -0.043333333,-0.27 0.39 9.73,300 13 99,26
207,01110011,00000000,0.97540283 0.08239746 -0.0099487305 -0.20422363,0.24666667 -0.80444443 -0.0011111111,-0.13 0.52 9.66,300 16 100,26
208,01110011,00000000,0.9760742 0.06945801 -0.020141602 -0.20507812,-0.22333333 -0.79888886 0.037777778,-0.05 0.64 9.6,300 19 101,26
209,01110011,00000000,0.97680664 0.05609131 -0.026245117 -0.20489502,-0.7133333 -0.7322222 0.08,0.06 0.57 9.67,295 22 102,26
210,01110011,00000000,0.97772217 0.03869629 -0.030151367 -0.20410156,-1.2466667 -0.5511111 0.1388889,0.16 0.48 9.75,290 25 103,26
211,01110011,00000000,0.9788208 0.00982666 -0.030029297 -0.2019043,-1.5911111 -0.34666666 0.18222222,0.2 0.35 9.81,285 28 103,26
212,01110011,00000000,0.9793701 -0.015625 -0.026733398 -0.19958496,-1.8011111 -0.13222222 0.2188889,0.17 -0.07 9.93,281 31 103,26
213,01110011,00000000,0.97943115 -0.04046631 -0.020751953 -0.19665527,-1.75 0.12666667 0.26222223,0.17 -0.33 9.97,418 713 -2561,26
214,01110011,00000000,0.97906494 -0.06213379 -0.012451172 -0.19329834,-1.5077778 0.32 0.28777778,0.18 -0.56 9.95,273 36 103,26
215,01110011,00000000,0.97906494 -0.07623291 0.0009765625 -0.18865967,-1.1944444 0.51666665 0.3122222,0.16 -0.62 9.94,269 33 103,26
216,01110011,00000000,0.98046875 -0.06542969 0.010375977 -0.18499756,-0.7488889 0.73777777 0.34444445,0.1 -0.63 9.9,265 25 103,26
217,01110011,00000000,0.9817505 -0.055419922 0.01953125 -0.1809082,-0.38222224 0.8288889 0.36444443,-0.03 -0.7 9.89,261 12 103,26
218,01110011,00000000,0.9831543 -0.04260254 0.030578613 -0.17486572,0.05 0.81777775 0.37777779,-0.21 -0.83 9.92,257 4 103,26
219,01110011,00000000,0.9841919 -0.030517578 0.03717041 -0.17028809,0.67444444 0.67333335 0.38444445,-0.31 -0.79 9.94,253 4 104,26
220,01110011,00000000,0.98516846 -0.015136719 0.041259766 -0.16564941,1.0544444 0.4888889 0.38666666,-0.37 -0.68 10,252 4 105,26
221,01110011,00000000,0.98620605 0.010009766 0.0016479492 -0.00970459,1.3877778 0.27555555 0.38555557,-0.42 -0.61 10.02,255 4 105,26
222,01110011,00000000,0.98657227 0.03253174 0.03741455 -0.15527344,1.7022222 -0.02111111 0.38,-0.41 -0.44 10.04,266 4 105,26
223,01110011,00000000,0.98638916 0.05670166 0.03125 -0.1508789,1.7166667 -0.21444444 0.37888888,-0.37 -0.09 9.96,300 5 104,26
224,01110011,00000000,0.98553467 0.08508301 0.019348145 -0.14501953,1.528889 -0.40333334 0.38444445,-0.37 0.28 9.89,300 8 103,26
225,01110011,00000000,0.9848633 0.10095215 0.008056641 -0.14050293,1.09 -0.6522222 0.3988889,-0.35 0.38 9.88,300 11 102,26
226,01110011,00000000,0.98620605 0.09313965 -0.0014648438 -0.13641357,0.7511111 -0.7977778 0.41222224,-0.27 0.35 9.81,300 14 101,26
227,01110011,00000000,0.98809814 0.080200195 -0.013366699 -0.13012695,0.42777777 -0.86444443 0.4311111,-0.11 0.4 9.71,300 17 100,26
228,01110011,00000000,0.9893799 0.07147217 -0.021850586 -0.124694824,-0.09222222 -0.82222223 0.46666667,0.04 0.52 9.65,300 20 99,26
229,01110011,00000000,0.9906006 0.061157227 -0.02911377 -0.11871338,-0.54333335 -0.69222224 0.50222224,0.11 0.55 9.63,297 24 98,26
230,01110011,00000000,0.99243164 0.042053223 -0.035095215 -0.109802246,-0.92444444 -0.49444443 0.53333336,0.21 0.38 9.7,292 135 -513,26
231,01110011,00000000,0.9937744 0.024230957 -0.03564453 -0.10247803,-1.3411111 -0.17 0.58,0.27 0.33 9.74,287 30 96,26
232,01110011,00000000,0.9949341 0.0037841797 -0.03253174 -0.09472656,-1.5666667 0.096666664 0.6077778,0.27 0.13 9.8,283 33 95,26
233,01110011,00000000,0.9958496 -0.026550293 -0.024169922 -0.08392334,-1.6233333 0.32555556 0.62666667,0.16 -0.29 9.94,279 36 93,26
234,01110011,00000000,0.99591064 -0.04699707 -0.014953613 -0.07556152,-1.3888888 0.56333333 0.6422222,0.11 -0.56 9.98,275 33 91,26
235,01110011,00000000,0.99572754 -0.06317139 -0.0037231445 -0.0670166,-1.07 0.7133333 0.64666665,0.08 -0.64 9.97,271 24 90,26
236,01110011,00000000,0.996521 -0.06036377 0.010498047 -0.055786133,-0.7355555 0.8411111 0.65555555,0.05 -0.6 9.94,267 11 89,26
237,01110011,00000000,0.9972534 -0.05291748 0.019958496 -0.04724121,-0.31333333 0.9033333 0.66,-0.11 -0.6 9.93,263 4 89,26
238,01110011,00000000,0.99780273 -0.0446167 0.028442383 -0.010559082,0.052222222 0.82555556 0.65555555,-0.27 -0.7 9.92,259 4 90,26
239,01110011,00000000,0.9984131 -0.030944824 0.037353516 -0.02722168,0.46333334 0.6477778 0.64111114,-0.43 -0.7 9.96,255 4 91,26
240,01110011,00000000,0.99884033 -0.017333984 0.04071045 -0.019104004,0.8233333 0.39222223 0.62333333,-0.53 -0.57 9.97,253 4 92,26
241,01110011,00000000,0.9990845 -0.0014038086 0.04058838 -0.011230469,1.1788889 0.0055555557 0.5933333,-0.52 -0.52 9.99,255 4 92,26
242,01110011,00000000,0.9991455 0.022827148 0.034179688 -0.0014648438,1.3811111 -0.27222222 0.5733333,-0.48 -0.43 9.98,278 4 90,26
243,01110011,00000000,0.9986572 0.043273926 0.026367188 0.005493164,1.4677777 -0.5177778 0.55333334,-0.36 -0.06 9.97,300 8 88,26
244,01110011,00000000,0.99780273 0.06286621 0.016174316 0.012207031,1.2877778 -0.75222224 0.53555554,-0.28 0.23 9.91,300 11 86,26
245,01110011,00000000,0.9963379 0.08282471 -0.00030517578 0.020935059,0.9811111 -0.8755556 0.53444445,-0.23 0.34 9.85,300 14 85,26
246,01110011,00000000,0.99627686 0.08087158 -0.011047363 0.02722168,0.64111114 -0.95 0.53333336,-0.18 0.34 9.82,300 17 84,26
247,01110011,00000000,0.99645996 0.07397461 -0.020324707 0.033813477,0.24555555 -0.96 0.5377778,-0.03 0.29 9.77,300 20 255,26
248,01110011,00000000,0.996521 0.066711426 -0.028747559 0.040649414,-0.053333335 -0.86333334 0.55,0.11 0.39 9.71,300 23 82,26
249,01110011,00000000,0.9963989 0.054992676 -0.038146973 0.050354004,-0.4188889 -0.6888889 0.56666666,0.29 0.4 9.63,296 26 81,26
250,01110011,00000000,0.99645996 0.042663574 -0.0423584 0.058044434,-0.8433333 -0.32222223 0.59555554,0.37 0.24 9.7,291 29 80,26
251,01110011,00000000,0.99645996 0.028015137 -0.04333496 0.065979004,-1.08 -0.0044444446 0.6122222,0.38 0.21 9.73,286 32 79,26
252,01110011,00000000,0.99627686 0.0052490234 -0.038146973 0.07696533,-1.2555555 0.31333333 0.6255556,0.3 -0.03 9.84,282 35 78,26
253,01110011,00000000,0.99572754 -0.01373291 -0.030883789 0.08520508,-1.2944444 0.6666667 0.6311111,0.21 -0.21 9.88,278 33 77,26
254,01110011,00000000,0.99487305 -0.032043457 -0.021057129 0.09338379,-1.1444445 0.8333333 0.62777776,0.05 -0.44 9.96,274 23 76,26
255,01110011,00000000,0.99328613 -0.049560547 -0.0052490234 0.10412598,-0.88 0.92 0.61444443,-0.01 -0.59 10,270 7 75,26
0,01110011,00000000,0.9923706 -0.05126953 0.0063476562 0.11187744,-0.48 0.9766667 0.5922222,-0.1 -0.57 9.96,266 4 76,26
1,01110011,00000000,0.9915161 -0.04711914 0.016296387 0.1194458,-0.20222223 0.96444446 0.57555556,-0.18 -0.52 9.95,262 4 77,26
2,01110011,00000000,0.9904785 -0.038330078 0.02734375 0.12921143,0.083333336 0.8688889 0.5555556,-0.36 -0.58 9.95,258 4 78,26
3,01110011,00000000,0.989624 -0.02960205 0.03387451 0.1361084,0.49888888 0.5822222 0.5177778,-0.51 -0.55 9.93,254 4 79,26
4,01110011,00000000,0.9888916 -0.018493652 0.03778076 0.14251709,0.75555557 0.26222223 0.48,-0.62 -0.45 9.94,253 4 80,26
5,01110011,00000000,0.9879761 0.00048828125 0.035827637 0.15002441,1.0033333 -0.18222222 0.43444446,-0.56 -0.41 9.96,257 4 80,26
6,01110011,00000000,0.9873047 0.016357422 0.029968262 0.15496826,1.148889 -0.5655556 0.38555557,-0.49 -0.27 9.94,277 8 78,26
7,01110011,00000000,0.9864502 0.032287598 0.02130127 0.1593628,1.1211112 -0.7866667 0.35444444,-0.39 -0.09 9.95,300 12 76,26
8,01110011,00000000,0.9849243 0.05230713 0.0064086914 0.16448975,0.95555556 -0.95 0.3288889,-0.28 0.19 9.89,300 15 74,26
9,01110011,00000000,0.98376465 0.06274414 -0.0061035156 0.16802979,0.5922222 -1.0455556 0.3077778,-0.16 0.28 9.88,300 18 72,26
10,01110011,00000000,0.98291016 0.06427002 -0.017456055 0.17132568,0.31444445 -1.0344445 0.3,-0.04 0.25 9.82,300 21 71,26
11,01110011,00000000,0.98217773 0.0592041 -0.029418945 0.17596436,0.06888889 -0.9577778 0.29777777,0.04 0.22 9.78,300 24 70,26
12,01110011,00000000,0.9816284 0.053100586 -0.036315918 0.17944336,-0.2777778 -0.76111114 0.30222222,0.19 0.27 9.71,299 27 69,26
13,01110011,00000000,0.98114014 0.04510498 -0.04156494 0.18304443,-0.55 -0.53333336 0.30666667,0.26 0.28 9.71,294 30 68,26
14,01110011,00000000,0.9805908 0.031066895 -0.045654297 0.18811035,-0.7644445 -0.2488889 0.3122222,0.37 0.14 9.71,289 33 67,26
15,01110011,00000000,0.9801636 0.018310547 -0.045043945 0.19207764,-0.9677778 0.18555556 0.3188889,0.39 0.11 9.76,285 36 66,26
16,01110011,00000000,0.9797363 0.004333496 -0.04046631 0.19592285,-1.0488889 0.5 0.3211111,0.37 -0.02 9.76,281 38 65,26
17,01110011,00000000,0.9790039 -0.014709473 -0.029418945 0.2010498,-1.0233333 0.76222223 0.31333333,0.26 -2.56 9.88,277 31 64,26
18,01110011,00000000,0.97821045 -0.027160645 -0.018310547 0.20477295,-0.8066667 0.97444445 0.29777777,0.04 -0.44 9.94,273 18 63,26
19,01110011,00000000,0.977417 -0.035949707 -0.006164551 0.20812988,-0.5588889 1.0111111 0.27555555,-0.11 -0.49 9.95,269 3 63,26
20,01110011,00000000,0.9764404 -0.038757324 0.008422852 0.2121582,-0.30666667 0.9822222 0.25111112,-0.15 -0.49 9.96,265 4 65,26
21,01110011,00000000,0.9758911 -0.03540039 0.016723633 0.21478271,0.006666667 0.8977778 0.21666667,-0.22 -0.47 9.92,261 4 67,26
22,01110011,00000000,0.97540283 -0.029724121 0.02331543 0.21697998,0.25333333 0.78333336 0.18444444,-0.26 -0.48 9.92,257 4 69,26
23,01110011,00000000,0.97491455 -0.019836426 0.030822754 0.21929932,0.49333334 0.58555555 0.15555556,-0.43 -0.49 9.92,254 4 70,26
24,01110011,00000000,0.9746704 -0.010437012 0.034423828 0.22045898,0.68666667 0.3011111 0.11666667,-0.58 -0.4 9.95,253 4 71,26
25,01110011,00000000,0.9689331 0.0007324219 0.03479004 0.22106934,0.8688889 3.1288888 -13.9377775,-0.63 -0.35 9.94,256 4 72,26
26,01110011,00000000,0.97473145 0.01776123 0.028686523 0.2208252,0.97 -0.44111112 0.026666667,-0.53 -0.26 9.94,273 7 71,26
27,01110011,00000000,0.97473145 0.031066895 0.020874023 0.2199707,0.98 -0.68333334 -0.012222222,-0.39 -0.06 9.92,293 11 70,26
28,01110011,00000000,0.97473145 0.043273926 0.011169434 0.21868896,0.8155556 -0.8977778 -0.04777778,-0.28 0.14 9.87,300 14 70,26
29,01110011,00000000,0.97473145 0.054870605 -0.0036010742 0.21655273,0.5888889 -0.97555554 -0.064444445,-0.19 0.21 9.84,300 17 70,26
30,01110011,00000000,0.9747925 0.057678223 -0.014526367 0.21472168,0.34333333 -0.9822222 -0.072222225,-0.01 0.22 9.81,300 20 70,26
31,01110011,00000000,0.9751587 0.055847168 -0.02368164 0.21295166,0.054444443 -0.90444446 -0.08444444,0.02 0.17 9.81,300 23 70,26
32,01110011,00000000,0.975708 0.049621582 -0.03302002 0.21051025,-0.16333333 -0.7922222 -0.08777778,0.09 0.22 9.76,299 26 70,26
33,01110011,00000000,0.9761963 0.04296875 -0.038513184 0.20880127,-0.40666667 -0.6244444 -0.083333336,0.24 0.21 9.75,294 29 70,26
34,01110011,00000000,0.97680664 0.034301758 -0.042297363 0.20715332,-0.6666667 -0.31 -0.08,297.28 -0.01 -0.01,289 32 70,26
35,01110011,00000000,0.97735596 0.023925781 -0.043762207 0.2055664,-0.79888886 -0.022222223 -0.075555556,0.35 0.06 9.74,284 35 70,26
36,01110011,00000000,0.9781494 0.008178711 -0.04034424 0.20361328,-0.90444446 0.26777777 -0.07,0.31 -0.04 9.79,280 38 70,26
37,01110011,00000000,0.97869873 -0.0045166016 -0.034179688 0.2020874,-0.9433333 0.6022222 -0.075555556,0.27 -0.18 9.85,276 37 70,26
38,01110011,00000000,0.979187 -0.016601562 -0.02557373 0.20056152,-0.84555554 0.79888886 -0.07666667,0.16 -0.32 9.89,272 28 70,26
39,01110011,00000000,0.97961426 -0.02923584 -0.011291504 0.19830322,-0.65555555 0.9077778 -0.09222222,-0.02 -0.45 9.96,268 13 70,26
40,01110011,00000000,0.97991943 -0.033996582 -0.00024414062 0.19628906,-0.34333333 0.9122222 -0.11666667,-0.13 -0.47 9.95,264 4 71,26
41,01110011,00000000,0.9803467 -0.033447266 0.009338379 0.19403076,-0.13222222 0.8666667 -0.13666667,-0.17 -0.43 9.92,260 4 73,26
42,01110011,00000000,0.9688721 -0.028137207 0.018859863 0.19055176,0.075555556 0.80222225 -12.231112,-0.23 -0.47 9.93,256 4 75,26
43,01110011,00000000,0.9816284 -0.022155762 0.024963379 0.1876831,0.38555557 0.64111114 -0.18222222,-0.34 -0.45 9.95,252 4 76,26
44,01110011,00000000,0.98223877 -0.014343262 0.030029297 0.18444824,0.58444446 0.43666667 -0.21,-0.49 -0.38 9.91,250 4 77,26
45,01110011,00000000,0.9831543 -0.0016479492 0.033691406 0.17956543,0.72333336 0.17333333 -0.23777778,-0.53 -0.31 9.93,251 4 78,26
46,01110011,00000000,0.98394775 0.009277344 0.032104492 0.17529297,0.87222224 -0.20333333 -0.27555555,-0.53 -0.32 9.95,258 4 79,26
47,01110011,00000000,0.9847412 0.020874023 0.02709961 0.17047119,0.9411111 -0.43666667 -0.3077778,-0.42 -0.22 9.91,275 8 79,26
48,01110011,00000000,0.98565674 0.036621094 0.017211914 0.16351318,0.9177778 -0.62222224 -0.33222222,-0.33 0.01 9.85,294 12 79,26
49,01110011,00000000,0.9862671 0.046813965 0.008117676 0.15802002,0.71555555 -0.78555554 -0.34777778,-0.22 0.16 9.87,300 15 79,26
50,01110011,00000000,0.98687744 0.053649902 -0.0016479492 0.15240479,0.48222223 -0.8288889 -0.35333332,-0.12 0.23 9.85,300 18 79,26
51,01110011,00000000,0.98779297 0.054992676 -0.0138549805 0.14489746,0.25111112 -0.82666665 -0.35222223,-0.06 -2.39 -0.01,300 21 79,27
52,01110011,00000000,0.9885864 0.051879883 -0.02142334 0.1394043,-0.0055555557 -0.76555556 -0.34888887,0.02 0.17 9.8,300 24 79,27
53,01110011,00000000,0.9894409 0.047302246 -0.027832031 0.13397217,-0.21666667 -0.6711111 -0.34111112,0.1 0.21 9.74,297 27 79,27
54,01110011,00000000,0.99053955 0.03845215 -0.034484863 0.12713623,-0.44666666 -0.5222222 -0.3288889,0.16 0.21 9.77,292 30 79,27
55,01110011,00000000,0.991333 0.02947998 -0.03753662 0.12219238,-0.63222224 -0.3188889 -0.32,0.28 0.09 9.77,287 33 79,27
56,01110011,00000000,0.99212646 0.019226074 -0.038085938 0.11743164,-0.7966667 -0.0033333334 -0.3011111,0.29 0.05 9.79,282 36 80,27
57,01110011,00000000,0.99316406 0.004211426 -0.033569336 0.111450195,-0.8933333 0.23777778 -0.2888889,0.27 -0.02 9.82,278 39 81,27
58,01110011,00000000,0.99383545 -0.007385254 -0.027160645 0.107055664,-0.9111111 0.5133333 -0.27666667,0.19 -0.2 9.84,274 38 82,27
59,01110011,00000000,0.9845581 -0.018066406 -0.018676758 0.10284424,-0.80222225 0.66333336 -0.27333334,0.07 -0.38 9.89,270 31 83,27
60,01110011,00000000,0.994812 -0.028076172 -0.0059814453 0.09716797,-0.6 0.73 -0.27333334,-0.03 -0.48 9.93,266 19 84,27
61,01110011,00000000,0.9951782 -0.030151367 0.0032958984 0.09289551,-0.29222223 0.7544444 -0.28,-0.11 -0.44 9.93,262 5 86,27
62,01110011,00000000,0.99560547 -0.027954102 0.011291504 0.08862305,-0.1 0.74444443 -0.28444445,-0.12 -0.39 9.9,258 4 87,27
63,01110011,00000000,0.99609375 -0.022155762 0.020263672 0.08270264,0.094444446 0.7122222 -0.28777778,-0.18 -0.45 9.93,254 4 88,27
64,01110011,00000000,0.99645996 -0.016174316 0.026428223 0.078125,0.3211111 0.6188889 -0.29333332,-0.33 -0.48 9.93,251 4 89,27
65,01110011,00000000,0.99676514 -0.008117676 0.03112793 0.07348633,0.5911111 0.39 -0.31,-0.44 -0.38 9.91,249 4 90,27
66,01110011,00000000,0.9971924 0.004638672 0.0335083 0.066833496,0.7211111 0.15777777 -0.32333332,-0.46 -0.36 9.97,250 4 91,27
67,01110011,00000000,0.9974365 0.015136719 0.031066895 0.061523438,0.83555555 -0.072222225 -0.33888888,-0.38 -0.27 9.93,258 4 92,27
68,01110011,00000000,0.99768066 0.026184082 0.026062012 0.05596924,0.92777777 -0.32333332 -0.35222223,-0.34 -0.15 255.67,258 7 93,27
69,01110011,00000000,0.99786377 0.039855957 0.016418457 0.04840088,0.8488889 -0.5144445 -0.35777777,-0.29 0.01 9.86,293 10 94,27
70,01110011,00000000,0.9979248 0.047790527 0.0079956055 0.04272461,0.66555554 -0.61333334 -0.35666665,-0.19 0.22 9.82,300 13 95,27
71,01110011,00000000,0.9979248 0.051635742 -0.0006713867 0.03729248,0.34888887 -0.6855556 -0.34333333,-0.18 0.22 9.84,300 16 96,27
72,01110011,00000000,0.99823 0.049865723 -0.011169434 0.030273438,0.15555556 -0.69777775 -0.33,-0.1 0.15 9.83,300 19 97,27
73,01110011,00000000,0.9984131 0.046142578 -0.01776123 0.025268555,-0.02 -0.6677778 -0.31777778,-0.02 0.2 9.79,300 22 98,27
74,01110011,00000000,0.9986572 0.041015625 -0.02355957 0.020629883,-0.31555554 -0.5566667 -0.2888889,0.07 0.22 9.77,296 25 99,27
75,01110011,00000000,0.99890137 0.033813477 -0.028015137 0.016357422,-0.5222222 -0.41222224 -0.2688889,0.16 0.15 9.78,291 28 100,27
76,01110011,00000000,0.99920654 0.015258789 0.00024414062 -0.008911133,-0.6622222 -0.23222223 -0.23888889,0.23 0.08 9.81,286 31 101,27
77,01110011,00000000,0.9994507 0.01159668 -0.02960205 0.007751465,-0.82222223 0.03888889 -0.21,0.23 0.05 9.83,281 34 102,27
78,01110011,00000000,0.9996948 0.001159668 -0.02545166 0.004638672,-0.8922222 0.23777778 -0.18777777,0.21 -0.02 9.79,277 37 103,27
79,01110011,00000000,0.99975586 -0.012268066 -0.016967773 0.0009765625,-0.8655556 0.40444446 -0.16888888,0.11 -0.29 9.87,273 36 104,27
80,01110011,00000000,0.9996948 -0.020324707 -0.009094238 -0.0014038086,-0.65444446 0.54444444 -0.15222222,0.01 -0.41 9.92,269 30 105,27
81,01110011,00000000,0.9996948 -0.024841309 -0.0007324219 -0.0037231445,-0.43 0.60333335 -0.14222223,-0.02 -0.45 9.92,265 21 106,27
82,01110011,00000000,0.9996338 -0.02368164 0.009216309 -0.006591797,-0.22555555 0.64111114 -0.13111112,-0.05 -0.37 9.9,261 10 107,27
83,01110011,00000000,0.9996338 -0.019897461 0.015686035 -0.008605957,0.0011111111 0.6522222 -0.11777778,-0.1 -0.39 9.89,257 4 108,27
84,01110011,00000000,0.99957275 -0.015197754 0.02178955 -0.010559082,0.21111111 0.60444444 -0.11,-0.17 -0.47 9.87,253 4 109,27
85,01110011,00000000,0.9995117 -0.0063476562 0.028625488 -0.013061523,0.4311111 0.49 -0.112222224,-0.34 -0.4 9.91,86 -234 -257,27
86,01110011,00000000,0.99938965 0.0022583008 0.03161621 -0.015014648,0.63 0.24333334 -0.11444444,-0.42 -0.32 9.92,249 4 111,27
87,01110011,00000000,0.9992676 0.01159668 0.031188965 -0.017089844,0.74777776 0.043333333 -0.11666667,-0.4 -0.34 9.94,252 4 112,27
88,01110011,00000000,0.9991455 0.024353027 0.026184082 -0.020019531,0.8422222 -0.13444445 -0.11666667,-0.32 -0.25 9.9,266 5 112,27
89,01110011,00000000,0.99890137 0.034118652 0.020507812 -0.022155762,0.8477778 -0.32555556 -0.115555555,-0.29 -0.09 9.9,283 9 112,27
90,01110011,00000000,0.9986572 0.04296875 0.013916016 -0.024230957,0.7211111 -0.44777778 -0.10888889,-0.27 0.11 9.89,300 12 112,27
91,01110011,00000000,0.99835205 0.049987793 0.0038452148 -0.026855469,0.50666666 -0.5411111 -0.09888889,-0.21 0.21 9.85,300 15 112,27
92,01110011,00000000,0.998291 0.050048828 -0.0036621094 -0.028503418,0.22 -0.61444443 -0.07666667,-0.15 0.15 9.83,300 18 112,27
93,01110011,00000000,0.99835205 0.046936035 0.0012817383 -0.008544922,0.064444445 -0.6244444 -0.062222224,-0.08 0.09 9.82,300 21 113,27
94,01110011,00000000,0.9984741 0.0413208 -0.018432617 -0.03125,-0.11444444 -0.5877778 -0.04111111,-0.02 0.18 9.8,298 24 114,27
95,01110011,00000000,0.99853516 0.035217285 -0.02355957 -0.031799316,-0.40666667 -0.4677778 -0.006666667,0.11 0.15 9.8,293 27 115,27
96,01110011,00000000,0.99871826 0.02722168 -0.026855469 -0.032043457,-0.56 -0.3122222 0.02111111,0.17 0.08 9.79,288 30 116,27
97,01110011,00000000,0.99902344 0.015136719 -0.02746582 -0.03161621,-0.6788889 -0.14333333 0.046666667,0.18 0.06 9.79,283 33 116,27
98,01110011,00000000,0.99920654 0.005432129 -0.024719238 -0.030822754,-0.80222225 0.10333333 0.078888886,0.18 -0.03 9.82,279 36 116,27
99,01110011,00000000,0.9993286 -0.004211426 -0.019958496 -0.029724121,-0.8155556 0.27888888 0.101111114,0.14 -0.17 9.84,275 39 116,27
100,01110011,00000000,0.9994507 -0.015380859 -0.011108398 -0.027770996,-0.71555555 0.40444446 0.11888889,0.06 -0.34 9.89,271 36 116,27
101,01110011,00000000,0.9994507 -0.020751953 -0.0036010742 -0.026000977,-0.45555556 0.51 0.13666667,-0.02 -0.45 9.9,267 30 116,27
102,01110011,00000000,0.9994507 -0.021911621 0.0037841797 -0.024230957,-0.24666667 0.5566667 0.14777778,-0.05 -0.4 9.91,263 162 -1,27
103,01110011,00000000,0.9994507 -0.018432617 0.012512207 -0.021484375,-0.083333336 0.5788889 0.15888889,-0.06 -0.35 9.9,259 11 116,27
104,01110011,00000000,0.9995117 -0.014404297 0.018371582 -0.01928711,0.07777778 0.5711111 0.16888888,-0.14 -0.41 9.91,255 4 116,27
105,01110011,00000000,0.99957275 -0.008911133 0.02355957 -0.017028809,0.34888887 0.4722222 0.17333333,-0.24 -0.43 9.91,252 4 116,27
106,01110011,00000000,0.9995117 -0.0016479492 0.02746582 -0.014892578,0.50666666 0.32555556 0.16888888,-0.35 -0.33 9.93,251 4 116,27
107,01110011,00000000,0.9994507 0.009887695 0.029724121 -0.012023926,0.62 0.13666667 0.16444445,-0.38 -0.31 9.95,252 4 116,27
108,01110011,00000000,0.9993286 0.01977539 0.028320312 -0.010070801,0.74444443 -0.11 0.16,-0.33 -0.23 9.93,260 4 116,27
109,01110011,00000000,0.99920654 0.030212402 0.024597168 -0.008178711,0.77111113 -0.25666666 0.16,-0.28 -0.13 9.89,274 8 116,27
110,01110011,00000000,0.99890137 0.042785645 0.017150879 -0.008728027,0.6988889 -0.38 0.16111112,-0.23 0.09 9.86,289 12 116,27
111,01110011,00000000,0.9986572 0.049682617 0.010070801 -0.0037231445,0.46444446 -0.49555555 0.1711111,-0.2 0.19 9.79,300 15 116,27
112,01110011,00000000,0.9985962 0.053344727 0.0022583008 -0.0016479492,0.24666667 -0.5555556 0.18222222,-0.16 0.18 9.78,300 18 116,26
113,01110011,00000000,0.99853516 0.053466797 -0.008300781 0.0012817383,0.08111111 -0.5733333 0.19111112,-0.08 0.08 9.83,300 21 116,26
114,01110011,00000000,0.99853516 0.050964355 -0.015625 0.0037231445,-0.11888889 -0.53444445 0.20666666,-0.02 0.14 9.78,299 24 116,26
115,01110011,00000000,0.9986572 0.046447754 -0.022094727 0.0064697266,-0.31444445 -0.46333334 0.22666667,0.04 0.18 9.79,294 27 116,26
116,01110011,00000000,0.99884033 0.0368042 -0.028076172 0.010620117,-0.48 -0.3311111 0.2488889,0.13 0.04 9.78,289 30 116,26
117,01110011,00000000,0.9990845 0.028015137 -0.030151367 0.014099121,-0.62 -0.101111114 0.27222222,0.17 0.02 9.81,284 33 115,26
118,01110011,00000000,0.99920654 0.018249512 -0.029663086 0.0178833,-0.7 0.07333333 0.28666666,0.19 -0.03 9.83,280 36 114,26
119,01110011,00000000,0.99938965 0.0044555664 -0.02545166 0.023254395,-0.7211111 0.24 0.30555555,0.1 -0.2 9.86,276 39 255,26
120,01110011,00000000,0.99938965 -0.0048217773 -0.020080566 0.027526855,-0.61444443 0.40666667 0.31666666,0.04 -0.3 9.88,272 37 112,26
121,01110011,00000000,0.9993286 -0.011962891 -0.013427734 0.031921387,-0.4422222 0.47777778 0.3188889,-0.01 -0.4 9.94,268 31 111,26
122,01110011,00000000,0.9990845 -0.017150879 -0.0037231445 0.037841797,-0.24333334 0.51222223 0.32222223,-0.07 -0.38 9.88,264 23 110,26
123,01110011,00000000,0.99890137 -0.0178833 0.0036010742 0.042297363,-0.026666667 0.5188889 0.32222223,-0.1 -0.33 9.9,260 14 109,26
124,01110011,00000000,0.99871826 -0.016479492 0.010620117 0.046813965,0.12222222 0.4888889 0.32,-0.16 -0.37 9.91,256 5 108,26
125,01110011,00000000,0.99835205 -0.011108398 0.018676758 0.05255127,0.29777777 0.4211111 0.31777778,-0.26 -0.36 9.94,253 4 108,26
126,01110011,00000000,0.9981079 -0.004699707 0.022888184 0.056762695,0.48222223 0.24222222 0.3011111,-0.35 -0.25 9.94,252 4 108,26
127,01110011,00000000,0.99780273 0.0029907227 0.024780273 0.06072998,0.56333333 0.053333335 0.29,-0.34 -0.27 9.91,254 4 108,26
128,01110011,00000000,0.99749756 0.014953613 0.02331543 0.06567383,0.63555557 -0.12777779 0.27666667,-0.31 -0.21 9.91,264 5 107,26
129,01110011,00000000,0.99713135 0.024414062 0.01953125 0.06915283,0.66333336 -0.31666666 0.2588889,-0.25 -0.12 9.85,276 9 106,26
130,01110011,00000000,0.99664307 0.033203125 0.014343262 0.07244873,0.5833333 -0.41333333 0.25111112,-0.22 0.04 9.84,288 13 105,26
131,01110011,00000000,0.99609375 0.041992188 0.0056152344 0.07672119,0.42333335 -0.49 0.25,-0.17 0.15 9.86,299 16 104,26
132,01110011,00000000,0.99572754 0.04522705 -0.0017700195 0.079956055,0.15555556 -0.52555555 0.25,-0.08 0.11 9.83,300 19 104,26
133,01110011,00000000,0.99542236 0.04559326 -0.009033203 0.08319092,-0.0022222223 -0.5177778 0.25111112,-0.04 0.03 9.79,300 22 104,26
134,01110011,00000000,0.99505615 0.042297363 -0.017700195 0.087524414,-0.17777778 -0.4488889 0.25777778,0 0.08 9.8,296 25 104,26
135,01110011,00000000,0.99487305 0.03729248 -0.022888184 0.09100342,-0.3911111 -0.32555556 0.26555556,0.08 0.08 9.8,291 28 104,26
136,01110011,00000000,0.99468994 0.030456543 -0.026489258 0.09454346,-0.5 -0.18222222 0.27222222,0.13 0.04 9.79,286 31 104,26
137,01110011,00000000,0.9944458 0.01965332 -0.028076172 0.099487305,-0.5711111 -0.015555556 0.27888888,0.16 0 9.84,282 34 104,26
138,01110011,00000000,0.99420166 0.010620117 -0.026550293 0.103271484,-0.6255556 0.21111111 0.28333333,0.13 -0.05 9.82,278 37 104,26
139,01110011,00000000,0.9939575 0.0015869141 -0.022827148 0.107177734,-0.59444445 0.34666666 0.28666666,0.11 -0.17 9.87,274 37 103,26
140,01110011,00000000,0.99346924 -0.008605957 -0.015686035 0.11230469,-0.48777777 0.43555555 0.28111112,0.04 -0.3 9.85,270 33 102,26
141,01110011,00000000,0.993103 -0.01373291 -0.009155273 0.11602783,-0.26666668 0.49 0.26777777,-0.07 -0.37 9.92,266 26 101,26
142,01110011,00000000,0.9926758 -0.016357422 -0.0025024414 0.119628906,-0.096666664 0.47777778 0.2588889,-0.11 -0.35 9.91,262 18 100,27
143,01110011,00000000,0.9920654 -0.016235352 0.00592041 0.12414551,0.04222222 0.4511111 0.2488889,-0.14 -0.31 9.87,258 10 99,27
144,01110011,00000000,0.9916992 -0.013793945 0.011657715 0.12738037,0.18 0.40222222 0.23333333,-0.17 -0.32 9.91,255 4 98,27
145,01110011,00000000,0.991272 -0.009277344 0.016357422 0.1303711,0.37 0.2888889 0.21444444,202.02 -2.56 9.92,253 4 98,27
146,01110011,00000000,0.99072266 -0.00091552734 0.020324707 0.13391113,0.46444446 0.15111111 0.19444445,-0.3 -0.24 9.91,253 4 98,27
147,01110011,00000000,0.9904175 0.0064086914 0.020751953 0.13616943,0.5177778 -0.023333333 0.17333333,-0.37 -0.2 9.91,258 4 97,27
148,01110011,00000000,0.99005127 0.014587402 0.018859863 0.13812256,0.5688889 -0.23666666 0.14444445,-0.3 -0.2 9.9,267 7 96,27
149,01110011,00000000,0.9898071 0.022949219 0.015075684 0.13970947,0.56 -0.3511111 0.12555556,-0.21 -0.12 9.88,277 11 95,27
150,01110011,00000000,0.9893799 0.032836914 0.008300781 0.14154053,0.4811111 -0.4211111 0.11333334,-0.16 0.05 9.84,287 15 94,27
151,01110011,00000000,0.9890137 0.038085938 0.0021362305 0.1427002,0.26777777 -0.48555556 0.096666664,-0.12 0.14 9.84,295 18 93,27
152,01110011,00000000,0.9887085 0.040771484 -0.0043945312 0.14379883,0.086666666 -0.48444444 0.094444446,-0.07 0.12 9.77,299 21 92,27
153,01110011,00000000,0.9845581 0.040649414 -0.012878418 0.1451416,-0.04888889 -9.103333 -9.956667,-0.01 0.01 9.8,298 24 91,27
154,01110011,00000000,0.9883423 0.038391113 -0.018249512 0.14605713,-0.20333333 -0.36222222 0.08555555,0.01 0.03 9.79,293 27 91,27
155,01110011,00000000,0.9882202 0.034301758 -0.022766113 0.14703369,-0.34111112 -0.27 0.08222222,0.06 0.09 9.81,288 30 91,27
156,01110011,00000000,0.9882202 0.026306152 -0.026550293 0.1482544,-0.44444445 -0.15111111 0.083333336,0.12 -0.01 9.83,283 33 91,27
157,01110011,00000000,0.9882202 0.019226074 -0.02746582 0.14923096,-0.51111114 0.04 0.083333336,0.15 -0.04 9.84,279 36 91,27
158,01110011,00000000,0.9882202 0.011413574 -0.026306152 0.15026855,-0.5377778 0.19555555 0.08111111,0.11 -0.07 9.81,275 39 91,27
159,01110011,00000000,0.9881592 0.0008544922 -0.02178955 0.1515503,-0.5288889 0.32222223 0.07666667,0.04 -0.2 9.87,271 38 91,27
160,01110011,00000000,0.98809814 -0.0061035156 -0.016845703 0.15240479,-0.41333333 0.42666668 0.06666667,0 -0.29 9.89,267 34 91,27
161,01110011,00000000,0.9880371 -0.011291504 -0.011047363 0.15307617,-0.26555556 0.45555556 0.053333335,-0.07 -0.33 9.89,263 27 91,27
162,01110011,00000000,0.9879761 -0.014587402 -0.0029907227 0.1538086,-0.10333333 0.44 0.04111111,-261.24 -0.01 -0.01,259 19 91,27
163,01110011,00000000,0.98791504 -0.014526367 0.0026855469 0.15405273,0.06888889 0.39 0.018888889,-0.15 -0.3 9.88,255 11 91,27
164,01110011,00000000,0.98791504 -0.0126953125 0.0078125 0.15405273,0.18777777 0.33888888 0.006666667,-0.16 -0.29 9.9,252 5 91,27
165,01110011,00000000,0.9879761 -0.007507324 0.013366699 0.15374756,0.31333333 0.26777777 -0.014444444,-0.21 -0.28 9.9,251 4 91,27
166,01110011,00000000,0.9880371 -0.0018920898 0.016296387 0.15319824,0.43222222 0.11333334 -0.04222222,-0.3 -0.22 9.92,251 4 92,27
167,01110011,00000000,0.9881592 0.0045166016 0.01727295 0.15234375,0.46888888 -0.036666665 -0.06,-0.33 -0.21 9.9,257 4 92,27
168,01110011,00000000,0.9883423 0.014221191 0.015380859 0.1506958,0.50222224 -0.18777777 -0.08111111,-0.26 -0.16 9.88,265 7 92,27
169,01110011,00000000,0.98846436 0.021728516 0.012023926 0.14910889,0.50555557 -0.32444444 -0.10222222,-0.2 -0.13 9.89,274 11 92,27
170,01110011,00000000,0.98443604 0.028747559 0.0076904297 0.14727783,0.43888888 -0.37888888 -10.241111,-0.14 0 9.84,283 15 92,27
171,01110011,00000000,0.98876953 0.03564453 0.0009765625 0.14471436,0.30666667 -0.41333333 -0.12666667,-0.13 0.1 9.82,290 18 92,27
172,01110011,00000000,0.9890137 0.038208008 -0.0045166016 0.14263916,0.08111111 -0.4211111 -0.13333334,-0.06 0.11 9.78,294 21 92,27
173,01110011,00000000,0.9892578 0.038391113 -0.010009766 0.14050293,-0.045555554 -0.39222223 -0.13444445,-0.03 0.01 9.84,293 24 92,27
174,01110011,00000000,0.98968506 0.036071777 -0.016296387 0.13769531,-0.14 -0.3288889 -0.13444445,0 0.01 9.84,288 27 92,27
175,01110011,00000000,0.98999023 0.032592773 -0.019958496 0.13555908,-0.2611111 -0.25555557 -0.13777778,0.06 0.07 9.8,283 30 92,27
176,01110011,00000000,0.99035645 0.027282715 -0.022583008 0.13348389,-0.40333334 -0.12111111 -0.13111112,0.08 -0.01 9.81,279 33 92,27
177,01110011,00000000,0.99090576 0.018981934 -0.02368164 0.13085938,-0.44555557 0.0022222223 -0.12888889,0.1 -0.05 9.79,275 36 92,27
178,01110011,00000000,0.991272 0.012084961 -0.022460938 0.12890625,-0.47444445 0.12888889 -0.12888889,0.08 -0.08 9.82,271 39 92,27
179,01110011,00000000,0.9916382 0.0049438477 -0.019714355 0.12701416,-0.48555556 0.27333334 -0.12666667,0.02 -0.13 -0.01,267 40 92,27
180,01110011,00000000,0.9920654 -0.00390625 -0.014099121 0.12438965,-0.43555555 0.35 -0.13111112,-0.02 -0.23 9.87,263 37 92,27
181,01110011,00000000,0.9923706 -0.0087890625 -0.009094238 0.12237549,-0.27 0.39555556 -0.13777778,-0.09 -0.33 9.89,259 32 92,27
182,01110011,00000000,0.9926758 -0.01159668 -0.0037841797 0.12030029,-0.11444444 0.39 -0.14888889,-0.11 -0.34 9.89,255 26 92,27
183,01110011,00000000,0.99298096 -0.011962891 0.0029296875 0.11730957,0.02111111 0.3611111 -0.15444444,-0.12 -0.29 9.9,252 20 92,27
184,01110011,00000000,0.99328613 -0.010314941 0.007385254 0.1149292,0.11777778 0.31333333 -0.16333333,-0.16 -0.29 9.88,249 14 92,27
185,01110011,00000000,0.9935303 -0.0072021484 0.011169434 0.11248779,0.2688889 0.24111111 -0.17333333,-0.17 -0.3 9.91,248 9 92,27
186,01110011,00000000,0.9938965 -0.0005493164 0.014831543 0.10888672,0.37 0.15666667 -0.18333334,-0.24 -0.26 9.92,250 6 92,27
187,01110011,00000000,0.98443604 0.0053100586 0.01586914 0.10601807,0.42444444 0.04 -0.19444445,-0.29 -0.19 9.88,255 5 92,27
188,01110011,00000000,0.9944458 0.011779785 0.015136719 0.10296631,0.46 -0.13444445 -0.21,-0.27 -0.19 9.91,262 7 92,27
189,01110011,00000000,0.994812 0.020874023 0.01171875 0.09863281,0.4788889 -0.23333333 -0.21666667,-0.21 -0.15 9.88,270 11 92,27
190,01110011,00000000,0.99505615 0.02746582 0.008117676 0.095214844,0.45777777 -0.29222223 -0.22555555,-0.14 -0.01 9.85,278 15 93,27
191,01110011,00000000,0.9951782 0.032836914 0.0040283203 0.091796875,0.32444444 -0.3288889 -0.22555555,-0.12 0.07 9.81,285 18 94,27
192,01110011,00000000,0.9954834 0.036743164 -0.0018920898 0.08734131,0.16555555 -0.34444445 -0.22222222,-0.09 0.09 9.82,290 21 95,27
193,01110011,00000000,0.99572754 0.03704834 -0.0064697266 0.08404541,0.02 -0.34 -0.21777777,-0.05 0.02 9.82,291 24 96,27
194,01110011,00000000,0.9959717 0.0357666 -0.010681152 0.08081055,-0.104444444 -0.29777777 -0.21222222,-0.02 0 9.81,288 27 97,27
195,01110011,00000000,0.99627686 0.03326416 -0.014160156 0.077697754,-0.20777778 -0.23444444 -0.20444444,0.01 0.04 9.81,283 30 98,27
196,01110011,00000000,0.9967041 0.02734375 -0.017456055 0.073791504,-0.32777777 -0.15666667 -0.19333333,0.08 0 -243.62,260 33 99,27
197,01110011,00000000,0.9970703 0.021728516 -0.018493652 0.07104492,-0.40333334 -0.027777778 -0.18111111,0.06 -0.07 9.83,275 36 100,27
198,01110011,00000000,0.9973755 0.015686035 -0.018005371 0.068481445,-0.43333334 0.08111111 -0.17,0.04 -0.03 9.83,271 39 101,27
199,01110011,00000000,0.99768066 0.007080078 -0.015075684 0.06536865,-0.45666668 0.18111111 -0.16,0 -0.11 9.85,267 41 102,27
200,01110011,00000000,0.9979248 0.0009765625 -0.0115356445 0.06317139,-0.40333334 0.28111112 -0.14777778,0 -0.2 9.87,263 40 103,27
201,01110011,00000000,0.9981079 -0.0037841797 -0.007385254 0.061035156,-0.29222223 0.31111112 -0.14222223,-0.05 -0.3 9.87,259 37 104,27
202,01110011,00000000,0.99823 -0.0071411133 -0.0015869141 0.058288574,-0.14 0.3211111 -0.14444445,-0.11 -0.33 9.89,255 32 105,27
203,01110011,00000000,0.9984131 -0.0072021484 0.0026855469 0.05621338,0.032222223 0.29666665 -0.1388889,-0.12 -0.28 9.9,251 27 106,27
204,01110011,00000000,0.9984741 0.0017700195 0.0020751953 -0.008666992,0.11777778 0.26222223 -0.13444445,-0.15 -0.26 9.89,248 23 107,27
205,01110011,00000000,0.9985962 -0.0018920898 0.010864258 0.051635742,0.22222222 0.21777777 -0.13444445,-0.14 -0.28 9.88,247 19 108,27
206,01110011,00000000,0.9986572 0.0026855469 0.013122559 0.049621582,0.3588889 0.12 -0.13444445,-0.21 -0.25 9.88,248 17 109,27
207,01110011,00000000,0.99871826 0.008117676 0.014099121 0.047607422,0.4 0.018888889 -0.14,-0.25 -0.19 9.89,253 17 110,27
208,01110011,00000000,0.9987793 0.016052246 0.013000488 0.044799805,0.42222223 -0.08777778 -0.13666667,-0.21 -0.21 9.91,259 19 111,27
209,01110011,00000000,0.9987793 0.022216797 0.010681152 0.04272461,0.44777778 -0.19444445 -0.13777778,-0.19 -0.17 9.87,266 22 112,27
210,01110011,00000000,0.99871826 0.028137207 0.0076904297 0.04058838,0.41666666 -0.23111111 -0.13333334,-0.13 -0.1 9.86,273 25 112,27
211,01110011,00000000,0.9986572 0.034362793 0.0030517578 0.037963867,0.32333332 -0.26222223 -0.12777779,-0.13 0.01 9.84,280 28 112,27
212,01110011,00000000,0.9986572 0.0368042 -0.0006713867 0.036132812,0.12888889 -0.28333333 -0.112222224,-0.1 0.09 9.83,285 31 113,27
213,01110011,00000000,0.9986572 0.03704834 -0.0045776367 0.034423828,-0.0055555557 -0.28111112 -0.101111114,-0.05 0.04 9.82,436 -48 511,27
214,01110011,00000000,0.9987793 0.034973145 -0.009277344 0.032470703,-0.09111111 -0.25666666 -0.093333334,-0.03 -0.01 9.83,282 37 115,27
215,01110011,00000000,0.99890137 0.032104492 -0.011962891 0.03125,-0.2188889 -0.18777777 -0.072222225,0 0.04 9.82,278 40 116,27
216,01110011,00000000,0.99902344 0.027709961 -0.013916016 0.030151367,-0.32555556 -0.115555555 -0.06111111,0.02 0.02 9.79,274 43 117,27
217,01110011,00000000,0.99920654 0.020568848 -0.014709473 0.029174805,-0.37777779 -0.027777778 -0.044444446,0.05 -0.05 9.83,270 46 117,27
218,01110011,00000000,0.99938965 0.014892578 -0.013977051 0.028686523,-0.4077778 0.09111111 -0.024444444,0.03 -0.08 9.83,266 49 117,27
219,01110011,00000000,0.9995117 0.008911133 -0.011962891 0.028442383,-0.4211111 0.16222222 -0.012222222,0 -0.1 9.85,262 50 118,27
220,01110011,00000000,0.99957275 0.0013427734 -0.008117676 0.028381348,-0.39777777 0.21444444 0,-0.05 -0.17 9.85,258 49 119,27
221,01110011,00000000,0.99957275 -0.0030517578 0.0024414062 -0.008361816,-0.2777778 0.2488889 0.007777778,-0.06 -0.28 9.87,254 47 119,27
222,01110011,00000000,0.99957275 -0.0056762695 -0.0010986328 0.028564453,-0.1388889 0.25777778 0.017777778,-0.09 -0.32 9.9,250 44 119,27
223,01110011,00000000,0.9995117 -0.0060424805 0.0036010742 0.028869629,-0.0011111111 0.2488889 0.02111111,-0.11 -0.27 9.89,247 40 119,27
224,01110011,00000000,0.9995117 -0.0045776367 0.0067749023 0.02923584,0.09 0.22444445 0.026666667,-0.13 -0.24 9.9,244 37 119,27
225,01110011,00000000,0.9994507 -0.001953125 0.009277344 0.029663086,0.20444444 0.16777778 0.033333335,-0.14 -0.27 9.87,242 34 119,27
226,01110011,00000000,0.9994507 0.003479004 0.01159668 0.030212402,0.30555555 0.10555556 0.034444444,-0.2 -0.27 9.88,243 32 119,27
227,01110011,00000000,0.99938965 0.008666992 0.012023926 0.030700684,0.36222222 0.025555555 0.033333335,-0.22 -0.19 9.87,247 32 119,27
228,01110011,00000000,0.9993286 0.014099121 0.011169434 0.031188965,0.38777778 -0.09777778 0.04,-0.19 -0.18 9.88,252 34 119,27
229,01110011,00000000,0.99920654 0.02154541 0.008361816 0.03173828,0.40111113 -0.16222222 0.04111111,-0.18 -0.17 9.85,258 37 119,27
230,01110011,00000000,0.9990845 0.026855469 0.0056152344 0.032287598,0.38555557 -0.20111111 0.044444446,-0.11 -0.08 9.84,264 183 767,27
231,01110011,00000000,0.99890137 0.031188965 0.0025024414 0.03289795,0.28111112 -0.22555555 0.052222222,-0.11 0.04 9.84,270 43 119,27
232,01110011,00000000,0.99884033 0.03387451 -0.00079345703 0.03363037,0.14666666 -0.24222222 0.062222224,-0.11 0.06 9.82,274 46 119,27
233,01110011,00000000,0.9987793 0.034179688 -0.0053100586 0.03479004,0.01 -0.24333334 0.072222225,-0.06 0.02 9.81,275 49 119,27
234,01110011,00000000,0.99871826 0.03265381 -0.008239746 0.035827637,-0.107777774 -0.19777778 0.083333336,-0.03 -0.05 9.83,272 52 119,27
235,01110011,00000000,0.9987793 0.030090332 -0.010620117 0.03704834,-0.19 -0.15111111 0.09777778,-0.01 0 9.84,268 54 119,27
236,01110011,00000000,0.99884033 0.024780273 -0.012634277 0.03894043,-0.28555554 -0.094444446 0.11,0 -0.01 9.81,264 56 119,27
237,01110011,00000000,0.99890137 0.019836426 -0.013000488 0.04058838,-0.35444444 0.006666667 0.12222222,0.04 -0.08 9.82,260 58 119,27
238,01110011,00000000,0.99890137 0.014526367 -0.012329102 -0.008361816,-0.36444443 0.08444444 0.13222222,0 -0.08 9.85,256 60 119,27
239,01110011,00000000,0.99890137 0.007385254 -0.00982666 0.045043945,-0.37555555 0.15333334 0.14,-0.03 -0.11 9.84,252 61 119,27
240,01110011,00000000,0.99884033 0.0022583008 -0.0072631836 0.047058105,-0.34555554 0.2 0.14888889,-0.06 -0.19 9.88,249 60 119,27
241,01110011,00000000,0.99871826 -0.0018920898 -0.0043945312 0.04925537,-0.26555556 0.21666667 0.15333334,-0.08 -0.26 9.87,246 58 119,27
242,01110011,00000000,0.9985962 -0.005065918 -0.00036621094 0.05218506,-0.14 0.21666667 0.15777777,-0.1 -0.28 9.91,243 55 119,27
243,01110011,00000000,0.9984741 -0.0051879883 0.0024414062 0.054382324,0.025555555 0.19888888 0.15555556,-0.12 -0.27 9.88,240 52 119,27
244,01110011,00000000,0.99835205 -0.00390625 0.005004883 0.05657959,0.10666667 0.16222222 0.15666667,-0.15 -0.23 9.88,237 49 119,27
245,01110011,00000000,0.99816895 -0.0005493164 0.007446289 0.059509277,0.18222222 0.115555555 0.15444444,-0.16 -0.27 9.9,236 47 119,27
246,01110011,00000000,0.9980469 0.0032958984 0.008361816 0.061584473,0.2988889 0.036666665 0.14888889,-0.18 -0.23 9.85,237 46 119,27
247,01110011,00000000,0.99786377 0.0079956055 0.008361816 0.06365967,0.33777776 -0.043333333 0.14777778,-0.2 -0.17 9.88,241 47 255,27
248,01110011,00000000,0.99768066 0.0146484375 0.006713867 0.06628418,0.34444445 -0.12 0.14,-0.16 -0.16 9.87,246 50 119,27
249,01110011,00000000,0.9974365 0.01965332 0.0044555664 0.06817627,0.34555554 -0.18333334 0.13666667,-0.14 -0.17 9.84,251 52 119,27
250,01110011,00000000,0.9972534 0.024414062 0.0018920898 0.070007324,0.32222223 -0.20555556 0.13444445,-0.09 -0.1 9.83,256 54 119,27
251,01110011,00000000,0.9968872 0.02947998 -0.0017700195 0.07244873,0.25111112 -0.21 0.13666667,-0.08 0 9.83,261 56 119,27
252,01110011,00000000,0.9967041 0.031433105 -0.004699707 0.07434082,0.1388889 -0.21777777 0.13444445,-0.06 0.06 9.79,264 58 119,27
253,01110011,00000000,0.996521 0.031433105 -0.0075683594 0.076293945,-0.031111112 -0.19444445 0.14,-0.03 0 9.81,265 60 119,27
254,01110011,00000000,0.9963379 0.02935791 -0.010559082 0.07891846,-0.107777774 -0.15111111 0.14777778,0 -0.06 9.84,262 62 119,27
255,01110011,00000000,0.9962158 0.026672363 -0.012084961 0.08099365,-0.17444444 -0.09777778 0.14888889,0 0 9.81,258 64 119,27
0,01110011,00000000,0.9961548 0.022888184 -0.012878418 0.08306885,-0.28555554 -0.02111111 0.15444444,0 -0.01 9.82,254 66 119,27
1,01110011,00000000,0.9960327 0.016723633 -0.012634277 0.085998535,-0.3211111 0.044444446 0.15555556,0.02 -0.1 9.84,250 68 119,27
2,01110011,00000000,0.99591064 0.011962891 -0.011413574 0.0881958,-0.32222223 0.112222224 0.16,0 -0.1 9.85,247 69 119,27
3,01110011,00000000,0.9958496 0.0072631836 -0.009399414 0.09039307,-0.3188889 0.18 0.15555556,-0.04 -0.11 9.87,244 69 119,27
4,01110011,00000000,0.99560547 0.0013427734 -0.0061035156 0.093322754,-0.29555556 0.19777778 0.15444444,-0.08 -0.18 9.88,241 67 119,27
5,01110011,00000000,0.9953613 -0.0020751953 -0.003540039 0.095458984,-0.20222223 0.19888888 0.15,-0.1 -0.26 9.88,238 64 119,27
6,01110011,00000000,0.9951782 -0.0040893555 -0.0010375977 0.09753418,-0.08888889 0.17888889 0.14,-0.12 -0.29 9.9,235 61 119,27
7,01110011,00000000,0.9949341 -0.003967285 0.0018920898 0.10003662,0.03 0.15777777 0.13222222,-0.13 -0.25 9.88,232 59 119,27
8,01110011,00000000,0.994751 -0.0021362305 0.003540039 0.101867676,0.13111112 0.09555556 0.12666667,-0.14 -0.16 9.87,229 57 118,27
9,01110011,00000000,0.9945679 0.00061035156 0.0043945312 0.10345459,0.21777777 0.023333333 0.11111111,-0.16 -0.21 9.9,229 56 117,27
10,01110011,00000000,0.99432373 0.00592041 0.004333496 0.105407715,0.28555554 -0.03888889 0.101111114,-0.17 -0.21 9.87,231 57 116,27
11,01110011,00000000,0.99420166 0.010437012 0.0032958984 0.10675049,0.3077778 -0.101111114 0.09111111,-0.17 -0.13 9.88,235 59 115,27
12,01110011,00000000,0.99401855 0.014892578 0.0015258789 0.10784912,0.29777777 -0.1711111 0.078888886,-0.15 -0.13 9.85,240 61 114,27
13,01110011,00000000,0.9937744 0.020690918 -0.0015258789 0.10913086,0.28666666 -0.19888888 0.07111111,-0.11 -0.14 9.86,245 63 113,27
14,01110011,00000000,0.9935913 0.024475098 -0.003967285 0.11004639,0.25666666 -0.19777778 0.06555556,-0.06 -0.08 9.84,249 65 112,27
15,01110011,00000000,0.9934082 0.02734375 -0.0063476562 0.110839844,0.16333333 -0.19 0.05888889,-0.06 0 9.82,252 67 111,27
16,01110011,00000000,0.99328613 0.028686523 -0.008666992 0.111572266,0.053333335 -0.17 0.057777777,-0.07 0.01 9.82,254 69 110,27
17,01110011,00000000,0.99316406 0.027954102 -0.011291504 0.11254883,-0.054444443 -0.13444445 0.05666667,46.08 -2.56 9.83,253 71 109,27
18,01110011,00000000,0.993103 0.026000977 -0.012634277 0.11328125,-0.14777778 -0.064444445 0.053333335,0 -0.06 9.84,250 73 108,27
19,01110011,00000000,0.993042 0.023254395 -0.013122559 0.11395264,-0.20555556 -0.006666667 0.052222222,-0.01 -0.03 9.84,247 75 107,27
20,01110011,00000000,0.993103 0.018249512 -0.012878418 0.1149292,-0.2688889 0.046666667 0.05111111,-0.02 -0.07 9.84,244 77 107,27
21,01110011,00000000,0.993103 0.013916016 -0.0119018555 0.115600586,-0.29444444 0.115555555 0.046666667,0 -0.12 9.85,241 78 107,27
22,01110011,00000000,0.993103 0.0095825195 -0.010192871 0.1161499,-0.27888888 0.16444445 0.04222222,-0.02 -0.13 9.83,238 77 107,27
23,01110011,00000000,0.993103 0.004272461 -0.0072021484 0.116882324,-0.26222223 0.18888889 0.037777778,-0.07 -0.14 9.87,235 75 107,27
24,01110011,00000000,0.993042 0.0007324219 -0.0048828125 0.117370605,-0.22 0.18444444 0.027777778,-0.11 -0.19 9.87,232 72 107,27
25,01110011,00000000,0.98443604 -0.0018310547 -0.0026855469 0.11767578,-0.15222222 -2.5611112 -9.956667,-0.11 -0.22 9.91,229 69 107,27
26,01110011,00000000,0.993042 -0.0033569336 -0.00012207031 0.11779785,-0.05 0.14333333 0.008888889,-0.13 -0.26 9.89,226 67 107,27
27,01110011,00000000,0.99298096 -0.0026245117 0.0015258789 0.11785889,0.08222222 0.096666664 -0.0022222223,-0.14 -0.26 9.87,223 65 107,27
28,01110011,00000000,0.993042 -0.00079345703 0.0025634766 0.11773682,0.14555556 0.045555554 -0.013333334,-0.16 -0.19 9.88,221 64 107,27
29,01110011,00000000,0.993042 0.0028686523 0.0028686523 0.11730957,0.19777778 -0.013333334 -0.022222223,-0.16 -0.21 9.9,222 65 107,27
30,01110011,00000000,0.993103 0.006591797 0.002380371 0.11682129,0.27222222 -0.08 -0.037777778,-0.16 -0.19 9.87,224 67 107,27
31,01110011,00000000,0.993103 0.010803223 0.0012207031 0.11621094,0.28555554 -0.12888889 -0.045555554,-0.15 -0.14 9.88,228 69 107,27
32,01110011,00000000,0.99316406 0.016296387 -0.0010986328 0.11517334,0.27 -0.16222222 -0.053333335,-0.11 -0.12 9.87,232 71 107,27
33,01110011,00000000,0.9932251 0.020080566 -0.0031738281 0.11431885,0.24222222 -0.18222222 -0.062222224,-0.1 -0.1 9.85,236 73 107,27
34,01110011,00000000,0.9932251 0.023376465 -0.0052490234 0.11328125,0.20444444 -0.1711111 -0.07,-176.69 -0.01 -0.01,239 75 107,27
35,01110011,00000000,0.99334717 0.026428223 -0.007751465 0.11187744,0.14888889 -0.15222222 -0.072222225,-0.06 -0.06 9.82,241 77 107,27
36,01110011,00000000,0.9934082 0.027282715 -0.009277344 0.110839844,0.026666667 -0.11666667 -0.072222225,-0.04 -0.01 9.83,242 79 107,27
37,01110011,00000000,0.9935303 0.026672363 -0.010498047 0.10974121,-0.072222225 -0.08111111 -0.072222225,-0.01 -0.01 9.82,241 81 107,27
38,01110011,00000000,0.9937744 0.024108887 -0.011352539 0.10827637,-0.14 -0.033333335 -0.07333333,0 -0.04 9.83,238 83 107,27
39,01110011,00000000,0.9938965 0.02130127 -0.011291504 0.10723877,-0.20333333 0.04 -0.07,0 -0.04 9.84,235 85 107,27
40,01110011,00000000,0.9941406 0.017822266 -0.010620117 0.10620117,-0.25333333 0.08444444 -0.07111111,-0.02 -0.09 9.84,232 86 107,27
41,01110011,00000000,0.99432373 0.012512207 -0.0087890625 0.10479736,-0.27 0.12 -0.07333333,-0.05 -0.11 9.86,229 86 107,27
42,01110011,00000000,0.9844971 0.008666992 -0.006958008 0.10369873,-0.25 0.16 -10.525556,-0.08 -0.14 9.85,226 85 107,27
43,01110011,00000000,0.99468994 0.005126953 -0.005004883 0.1026001,-0.22444445 0.16 -0.078888886,-0.11 -0.13 9.87,223 83 107,27
44,01110011,00000000,0.99487305 0.0012817383 -0.0024414062 0.10101318,-0.19111112 0.15444444 -0.08222222,-0.11 -0.16 9.88,220 81 107,27
45,01110011,00000000,0.9949341 -0.0006713867 -0.0006713867 0.099853516,-0.11111111 0.12888889 -0.086666666,-0.13 -0.22 9.86,218 79 107,27
46,01110011,00000000,0.9951172 -0.0015258789 0.0007324219 0.09851074,-0.022222223 0.09777778 -0.09222222,-0.13 -0.26 9.88,216 77 107,27
47,01110011,00000000,0.9953003 -0.0004272461 0.0021362305 0.09674072,0.07333333 0.06666667 -0.096666664,-0.13 -0.24 9.88,214 76 108,27
48,01110011,00000000,0.99542236 0.0015258789 0.0025634766 0.095214844,0.14222223 0.02 -0.101111114,-0.18 -0.17 9.84,213 76 109,27
49,01110011,00000000,0.99554443 0.004272461 0.002380371 0.09362793,0.20555556 -0.044444446 -0.10888889,-0.13 -0.18 9.89,214 77 110,27
50,01110011,00000000,0.99572754 0.009094238 0.0013427734 0.0914917,0.25 -0.08222222 -0.11333334,-0.13 -0.19 9.85,216 79 111,27
51,01110011,00000000,0.9958496 0.013000488 0 0.08984375,0.27 -0.115555555 -0.115555555,-0.13 -0.12 -0.01,219 81 112,27
52,01110011,00000000,0.99591064 0.016845703 -0.0015258789 0.088134766,0.25 -0.14333333 -0.11666667,-0.09 -0.1 9.87,223 82 113,27
53,01110011,00000000,0.9960327 0.02130127 -0.0038452148 0.085876465,0.22222222 -0.14444445 -0.11666667,-0.07 -0.11 9.86,227 83 114,27
54,01110011,00000000,0.99609375 0.023925781 -0.005432129 0.08416748,0.18555556 -0.13333334 -0.115555555,-0.07 -0.11 9.83,230 84 115,27
55,01110011,00000000,0.9962158 0.025756836 -0.006713867 0.08258057,0.112222224 -0.10333333 -0.112222224,-0.05 -0.04 9.84,232 85 115,27
56,01110011,00000000,0.9963379 0.026550293 -0.0078125 0.08093262,0.03 -0.075555556 -0.10666667,-0.05 0 9.8,233 86 116,27
57,01110011,00000000,0.996521 0.02557373 -0.008666992 0.07891846,-0.06 -0.04777778 -0.10222222,-0.02 -0.03 9.82,232 87 117,27
58,01110011,00000000,0.99664307 0.02355957 -0.0087890625 0.07757568,-0.15222222 0.0033333334 -0.094444446,-0.02 -0.06 9.84,229 88 117,27
59,01110011,00000000,0.984375 0.020874023 -0.008422852 0.07623291,-0.19444445 0.05111111 -0.08777778,-0.01 -0.06 9.86,226 89 117,27
60,01110011,00000000,0.9970703 0.016418457 -0.007080078 0.07458496,-0.23222223 0.08777778 -0.08222222,-0.06 -0.08 9.83,223 89 118,27
61,01110011,00000000,0.9971924 0.012756348 -0.00579834 0.07348633,-0.25444445 0.11333334 -0.07666667,-0.06 -0.13 9.85,220 88 118,27
62,01110011,00000000,0.99731445 0.009155273 -0.004211426 0.072387695,-0.23444444 0.12888889 -0.07444444,-0.08 -0.14 9.86,217 87 118,27
63,01110011,00000000,0.9974365 0.005004883 -0.0020141602 0.07104492,-0.20666666 0.12666667 -0.07111111,-0.12 -0.15 9.88,215 85 118,27
64,01110011,00000000,0.99749756 0.0025634766 -0.0005493164 0.070007324,-0.15333334 0.11 -0.07,-0.12 -0.2 9.85,213 83 118,27
65,01110011,00000000,0.9975586 0.0008544922 0.0006713867 0.06903076,-0.09555556 0.08555555 -0.06666667,-0.13 -0.2 9.85,211 82 118,27
66,01110011,00000000,0.99768066 0.00024414062 0.0017700195 0.06774902,-0.02111111 0.06111111 -0.06666667,-0.13 -0.24 9.89,209 81 118,27
67,01110011,00000000,0.9977417 0.0012207031 0.0022583008 0.06677246,0.09222222 0.017777778 -0.06555556,-0.13 -0.22 9.89,207 81 118,27
68,01110011,00000000,0.99780273 0.0032348633 0.002319336 0.06585693,0.15555556 -0.02111111 -0.06555556,-0.13 -0.18 -284.53,132 66 118,27
69,01110011,00000000,0.99786377 0.0068969727 0.0015869141 0.064575195,0.19777778 -0.052222222 -0.064444445,-0.12 -0.16 9.89,207 83 118,27
70,01110011,00000000,0.9979248 0.010314941 0.00061035156 0.06365967,0.23888889 -0.09555556 -0.062222224,-0.12 -0.18 9.87,209 84 118,27
71,01110011,00000000,0.9979248 0.0138549805 -0.0006713867 0.06286621,0.25 -0.11 -0.05666667,-0.1 -0.12 9.85,212 85 118,27
72,01110011,00000000,0.9979248 0.018432617 -0.0025024414 0.061767578,0.23222223 -0.11333334 -0.055555556,-0.1 -0.11 9.83,216 86 118,27
73,01110011,00000000,0.99786377 0.021118164 -0.0038452148 0.061035156,0.17666666 -0.10333333 -0.046666667,-0.08 -0.11 9.84,220 87 118,27
74,01110011,00000000,0.99786377 0.023132324 -0.005004883 0.060424805,0.12888889 -0.08555555 -0.03888889,-0.05 -0.08 9.85,222 88 118,27
75,01110011,00000000,0.99786377 0.024536133 -0.0060424805 0.059753418,0.07 -0.06555556 -0.031111112,-0.05 -0.06 9.79,223 89 118,27
76,01110011,00000000,0.9979248 0.012329102 0.005432129 -0.008422852,-0.033333335 -0.026666667 -0.02111111,-0.04 -0.03 9.81,223 90 118,27
77,01110011,00000000,0.9979248 0.023071289 -0.006591797 0.0592041,-0.11 0.0033333334 -0.013333334,-0.01 -0.06 9.84,220 91 118,27
78,01110011,00000000,0.99798584 0.020019531 -0.0061035156 0.059143066,-0.16333333 0.033333335 -0.0044444446,-0.04 -0.07 9.83,217 92 118,27
79,01110011,00000000,0.9980469 0.017089844 -0.0052490234 0.059143066,-0.20888889 0.078888886 0.0044444446,-0.04 -0.09 9.87,214 93 118,27
80,01110011,00000000,0.9981079 0.013793945 -0.0041503906 0.059143066,-0.23111111 0.09555556 0.01,-0.06 -0.1 9.85,212 93 118,27
81,01110011,00000000,0.99816895 0.009277344 -0.0024414062 0.059448242,-0.23 0.104444444 0.016666668,-0.09 -0.13 9.89,210 92 118,27
82,01110011,00000000,0.99816895 0.006286621 -0.0012207031 0.059753418,-0.20888889 0.09777778 0.022222223,-0.09 -0.16 9.83,208 91 118,27
83,01110011,00000000,0.9981079 0.0037841797 -6.1035156E-05 0.06011963,-0.16 0.083333336 0.024444444,-0.09 -0.18 9.84,206 90 118,27
84,01110011,00000000,0.99816895 0.0015869141 0.0010375977 0.06060791,-0.10888889 0.06666667 0.026666667,-0.12 -0.18 9.87,204 89 118,27
85,01110011,00000000,0.9981079 0.0008544922 0.0015869141 0.061035156,-0.05 0.045555554 0.031111112,-0.11 -0.18 9.88,166 -198 1279,27
86,01110011,00000000,0.9981079 0.0010986328 0.0018310547 0.061523438,0.04222222 0.0044444446 0.032222223,-0.13 -0.21 9.87,200 89 118,27
87,01110011,00000000,0.9980469 0.0024414062 0.0017089844 0.061950684,0.112222224 -0.024444444 0.031111112,-0.14 -0.22 9.89,198 90 118,27
88,01110011,00000000,0.99798584 0.005432129 0.0009765625 0.06262207,0.16444445 -0.054444443 0.035555556,-0.13 -0.16 9.88,198 91 118,27
89,01110011,00000000,0.99798584 0.008361816 0 0.06317139,0.20555556 -0.08777778 0.037777778,-0.12 -0.14 9.86,200 92 118,27
90,01110011,00000000,0.9979248 0.0115356445 -0.001159668 0.0637207,0.22 -0.101111114 0.03888889,-0.09 -0.15 9.88,203 93 118,27
91,01110011,00000000,0.9977417 0.01586914 -0.0028076172 0.064453125,0.22222222 -0.10222222 0.043333333,-0.08 -0.11 9.85,206 94 118,27
92,01110011,00000000,0.99768066 0.018798828 -0.0040283203 0.06512451,0.18888889 -0.096666664 0.04777778,-0.06 -0.11 9.83,209 95 118,27
93,01110011,00000000,0.9975586 0.02178955 0.0059814453 -0.008422852,0.14666666 -0.08111111 0.05,-0.06 -0.09 9.83,212 96 118,27
94,01110011,00000000,0.9974365 0.023254395 -0.006225586 0.06689453,0.09888889 -0.057777777 0.057777777,-0.04 -0.1 9.83,214 97 118,27
95,01110011,00000000,0.9973755 0.023864746 -0.006713867 0.06781006,0.02 -0.02 0.064444445,-0.07 -0.06 9.82,215 98 118,27
96,01110011,00000000,0.99731445 0.023498535 -0.0068359375 0.06878662,-0.04777778 0.0011111111 0.06888889,-0.04 -0.03 9.83,214 99 118,27
97,01110011,00000000,0.9972534 0.02154541 -0.0064086914 0.07019043,-0.112222224 0.03 0.075555556,-0.05 -0.07 9.86,212 100 118,27
98,01110011,00000000,0.9972534 0.019226074 -0.0057373047 0.07128906,-0.17222223 0.06555556 0.078888886,-0.04 -0.1 9.84,210 101 118,27
99,01110011,00000000,0.9971924 0.016418457 -0.0048217773 0.07244873,-0.19777778 0.09 0.083333336,-0.06 -0.12 9.84,208 101 118,27
100,01110011,00000000,0.99713135 0.012329102 -0.0032958984 0.07409668,-0.21 0.094444446 0.08555555,-0.07 -0.13 9.85,206 100 118,27
101,01110011,00000000,0.99713135 0.009277344 -0.0021972656 0.07531738,-0.20444444 0.09 0.08444444,-0.11 -0.14 9.86,204 99 118,27
102,01110011,00000000,0.9970093 0.0065307617 -0.0012817383 0.076538086,-0.17444444 0.07666667 0.08444444,-0.11 -0.17 9.87,202 132 1535,27
103,01110011,00000000,0.9968872 0.0037231445 -0.00024414062 0.078125,-0.13444445 0.06111111 0.08444444,-0.14 -0.16 9.84,200 97 118,27
104,01110011,00000000,0.9968262 0.0025024414 0.00012207031 0.07928467,-0.064444445 0.026666667 0.08,-0.12 -0.18 9.87,198 96 118,27
105,01110011,00000000,0.9967041 0.0021362305 0.00024414062 0.080444336,-0.01 0.0055555557 0.078888886,-0.11 -0.2 9.86,196 96 118,27
106,01110011,00000000,0.99664307 0.0029907227 -6.1035156E-05 0.08190918,0.054444443 -0.027777778 0.07666667,-0.13 -0.19 9.87,194 97 118,27
107,01110011,00000000,0.996521 0.004638672 -0.0006713867 0.08294678,0.12888889 -0.06333333 0.07111111,-0.14 -0.18 9.85,193 98 118,27
108,01110011,00000000,0.99645996 0.007019043 -0.0016479492 0.08392334,0.16888888 -0.086666666 0.06888889,-0.11 -0.16 9.88,194 99 118,27
109,01110011,00000000,0.99627686 0.010681152 -0.0031738281 0.08520508,0.19333333 -0.09888889 0.06888889,-0.09 -0.15 9.86,196 100 118,27
110,01110011,00000000,0.9961548 0.013671875 -0.004333496 -0.008422852,0.20333333 -0.09777778 0.064444445,-0.07 -0.15 9.83,199 101 118,27
111,01110011,00000000,0.9960327 0.016601562 -0.005493164 0.08703613,0.19333333 -0.09 0.064444445,-0.05 -0.11 9.85,202 102 118,27
112,01110011,00000000,0.99591064 0.019958496 -0.006713867 0.088256836,0.16333333 -0.07777778 0.062222224,-0.07 -0.1 9.83,205 103 118,27
113,01110011,00000000,0.99572754 0.021728516 -0.007385254 0.08917236,0.10666667 -0.046666667 0.06333333,-0.03 -0.09 9.81,207 104 118,27
114,01110011,00000000,0.9956665 0.022888184 -0.0076904297 0.090026855,0.05888889 -0.018888889 0.062222224,-0.04 -0.07 9.84,208 105 118,27
115,01110011,00000000,0.9954834 0.023071289 -0.0076904297 0.09124756,0.0022222223 0.0055555557 0.06333333,-0.03 -0.06 9.84,208 106 118,27
116,01110011,00000000,0.9954834 0.022155762 -0.0073242188 0.09210205,-0.078888886 0.04111111 0.064444445,-0.05 -0.06 9.84,206 107 118,27
117,01110011,00000000,0.99542236 0.020507812 -0.006713867 0.09301758,-0.12444445 0.06555556 0.06555556,-0.06 -0.08 9.84,204 107 118,27
118,01110011,00000000,0.9953613 0.01739502 -0.005432129 0.09429932,-0.16222222 0.08444444 0.062222224,-0.07 -0.08 9.83,202 106 118,27
119,01110011,00000000,0.9953003 0.0146484375 -0.0043945312 0.09509277,-0.18888889 0.09111111 0.057777777,-0.08 -0.11 9.85,200 105 255,27
120,01110011,00000000,0.9953003 0.01184082 -0.0032958984 0.095947266,-0.19 0.086666666 0.055555556,-0.11 -0.11 9.86,198 104 118,27
121,01110011,00000000,0.9951782 0.008300781 -0.0021972656 0.09692383,-0.17888889 0.075555556 0.05111111,-0.11 -0.16 9.88,196 103 118,27
122,01110011,00000000,0.9951782 0.0060424805 -0.0015869141 0.097595215,-0.15333334 0.062222224 0.046666667,-0.12 -0.15 9.87,194 102 118,27
123,01110011,00000000,0.9951782 0.0043945312 -0.0012207031 0.09820557,-0.096666664 0.03 0.03888889,-0.12 -0.2 9.86,192 101 118,27
124,01110011,00000000,0.9951172 0.0033569336 -0.001159668 0.09881592,-0.046666667 0.0022222223 0.033333335,-0.12 -0.18 9.91,190 101 118,27
125,01110011,00000000,0.99505615 0.003540039 -0.0015258789 0.09918213,0.006666667 -0.025555555 0.026666667,-0.14 -0.2 9.89,188 102 118,27
126,01110011,00000000,0.9949951 0.0045166016 -0.0021362305 0.09954834,0.08 -0.06 0.017777778,-0.11 -0.19 9.85,186 103 118,27
127,01110011,00000000,0.9949341 0.006958008 -0.0033569336 0.09979248,0.12777779 -0.08111111 0.017777778,-0.11 -0.17 9.86,186 104 118,27
128,01110011,00000000,0.9949341 0.009399414 -0.0044555664 0.09979248,0.16111112 -0.09222222 0.01,-0.09 -0.17 9.89,187 105 118,27
129,01110011,00000000,0.9949341 0.012084961 -0.0056152344 0.09979248,0.18333334 -0.094444446 0.0055555557,-0.07 -0.14 9.87,189 106 117,27
130,01110011,00000000,0.99487305 0.014831543 -0.006591797 0.099731445,0.18555556 -0.08444444 0,-0.07 -0.11 9.87,192 107 117,27
131,01110011,00000000,0.994812 0.018249512 -0.0076293945 0.09979248,0.17 -0.07 -0.0011111111,-0.05 -0.11 9.84,195 108 117,27
132,01110011,00000000,0.994751 0.020385742 -0.008117676 0.09979248,0.13111112 -0.04 -0.0044444446,-0.06 -0.08 9.83,198 109 117,27
133,01110011,00000000,0.99468994 0.021850586 -0.008300781 0.099853516,0.086666666 -0.018888889 -0.0055555557,-0.04 -0.1 9.8,200 110 117,27
134,01110011,00000000,0.99468994 0.022521973 -0.008117676 0.099853516,0.022222223 0.016666668 -0.008888889,-0.03 -0.06 9.83,201 111 117,27
135,01110011,00000000,0.99468994 0.022033691 -0.0075683594 0.09979248,-0.04777778 0.04888889 -0.008888889,-0.06 -0.06 9.85,200 112 117,27
136,01110011,00000000,0.994751 0.020751953 -0.0067749023 0.099731445,-0.09555556 0.06888889 -0.011111111,-0.04 -0.09 9.85,198 112 118,27
137,01110011,00000000,0.994812 0.018188477 -0.005432129 0.099609375,-0.13444445 0.08555555 -0.012222222,-0.07 -0.09 9.86,196 111 118,27
138,01110011,00000000,0.9949341 0.01574707 -0.0044555664 0.0993042,-0.16777778 0.086666666 -0.015555556,-0.08 -0.11 9.87,194 110 118,27
139,01110011,00000000,0.9949951 0.013183594 -0.003540039 0.09906006,-0.17444444 0.07777778 -0.017777778,-0.11 -0.13 9.85,192 109 118,27
140,01110011,00000000,0.99505615 0.00982666 -0.0025634766 0.09863281,-0.16777778 0.06666667 -0.023333333,-0.12 -0.15 9.86,190 108 118,27
141,01110011,00000000,0.9951172 0.0076293945 -0.0020141602 0.0982666,-0.14 0.04222222 -0.028888889,-0.11 -0.14 9.89,188 107 118,27
142,01110011,00000000,0.9951172 0.00592041 -0.0018310547 0.097839355,-0.10222222 0.02 -0.033333335,-0.12 -0.18 9.88,186 107 118,27
143,01110011,00000000,0.9951782 0.004638672 -0.001953125 0.09710693,-0.06 -0.006666667 -0.036666665,-0.12 -0.2 9.86,184 107 118,27
144,01110011,00000000,0.9953003 0.0045166016 -0.0024414062 0.09649658,0.0055555557 -0.043333333 -0.044444446,-0.11 -0.2 9.86,182 108 118,27
145,01110011,00000000,0.9953613 0.0052490234 -0.0031738281 0.095825195,0.06 -0.06111111 -0.046666667,-125.44 -0.18 9.84,181 109 118,27
146,01110011,00000000,0.99542236 0.0072021484 -0.0044555664 0.09484863,0.10333333 -0.07666667 -0.053333335,-0.11 -0.17 9.89,181 110 118,27
147,01110011,00000000,0.9954834 0.009277344 -0.005432129 0.094055176,0.15111111 -0.08444444 -0.055555556,-0.09 -0.17 9.87,182 111 118,27
148,01110011,00000000,0.9954834 0.01171875 -0.0064086914 0.093322754,0.16888888 -0.08111111 -0.053333335,-0.08 -0.14 9.89,184 112 118,27
149,01110011,00000000,0.99560547 0.015136719 -0.007446289 0.092285156,0.17333333 -0.06666667 -0.055555556,-0.06 -0.12 9.86,187 113 118,27
150,01110011,00000000,0.99560547 0.017578125 -0.00793457 0.091430664,0.16111112 -0.046666667 -0.054444443,-0.04 -0.1 9.85,190 114 118,27
151,01110011,00000000,0.99560547 0.019714355 -0.008239746 0.09069824,0.13444445 -0.023333333 -0.054444443,-0.06 -0.11 9.86,192 115 118,27
152,01110011,00000000,0.9956665 0.021728516 -0.008117676 0.08959961,0.09777778 -0.0033333334 -0.055555556,-0.05 -0.08 9.84,194 116 118,27
153,01110011,00000000,0.9844971 0.022521973 -0.007751465 0.08886719,0.04111111 -3.9833333 -10.525556,-0.05 -0.08 9.85,195 116 118,27
154,01110011,00000000,0.9958496 0.022583008 -0.0071411133 0.0881958,-0.008888889 0.04777778 -0.04888889,-0.06 -0.07 9.82,195 116 118,27
155,01110011,00000000,0.99591064 0.02154541 -0.0060424805 0.08721924,-0.05888889 0.06555556 -0.04777778,-0.06 -0.1 9.83,193 116 118,27
156,01110011,00000000,0.9960327 0.020019531 -0.005065918 0.08660889,-0.11444444 0.075555556 -0.044444446,-0.07 -0.08 9.85,191 115 118,27
157,01110011,00000000,0.99609375 0.017944336 -0.0041503906 0.0859375,-0.14333333 0.07777778 -0.046666667,-0.1 -0.11 9.84,189 114 118,27
158,01110011,00000000,0.9962158 0.014892578 -0.0029907227 0.08508301,-0.16 0.07111111 -0.046666667,-0.1 -0.11 9.85,187 113 118,27
159,01110011,00000000,0.9963379 0.012512207 -0.0024414062 0.08441162,-0.16222222 0.053333335 -0.045555554,-0.11 -0.14 9.87,185 112 118,27
160,01110011,00000000,0.9963989 0.010314941 -0.0021362305 0.083740234,-0.14777778 0.031111112 -0.05111111,-0.1 -0.16 9.88,183 111 118,27
161,01110011,00000000,0.996521 0.007873535 -0.0020751953 0.08276367,-0.11777778 0.011111111 -0.05,-0.12 -0.17 9.87,182 111 118,27
162,01110011,00000000,0.99658203 0.006713867 -0.0022583008 0.082092285,-0.08222222 -0.01 -0.04888889,-82.04 -0.01 -0.01,181 111 118,27
163,01110011,00000000,0.99664307 0.006164551 -0.0028076172 0.0814209,-0.027777778 -0.043333333 -0.04777778,-0.11 -0.17 9.89,180 112 118,27
164,01110011,00000000,0.9967041 0.006286621 -0.003540039 0.08074951,0.023333333 -0.05888889 -0.05111111,-0.11 -0.2 9.85,179 113 118,27
165,01110011,00000000,0.99676514 0.0075683594 -0.004760742 0.07977295,0.07 -0.07111111 -0.04888889,-0.11 -0.17 9.84,178 114 118,27
166,01110011,00000000,0.9968262 0.009216309 -0.00579834 0.07904053,0.11777778 -0.08 -0.044444446,-0.09 -0.15 9.85,178 115 118,27
167,01110011,00000000,0.9968262 0.011230469 -0.006713867 0.078430176,0.14777778 -0.072222225 -0.046666667,-0.07 -0.14 9.86,179 116 118,27
168,01110011,00000000,0.9968872 0.014343262 -0.0076293945 0.07757568,0.16 -0.05888889 -0.04222222,-0.06 -0.15 9.85,181 116 118,27
169,01110011,00000000,0.9968262 0.016662598 -0.008056641 0.0770874,0.15666667 -0.035555556 -0.037777778,-0.04 -0.11 9.83,184 116 118,27
170,01110011,00000000,0.984375 0.018798828 -0.008178711 0.076538086,0.14333333 -0.016666668 -10.241111,-0.06 -0.11 9.84,186 116 118,27
171,01110011,00000000,0.9968262 0.021118164 -0.008056641 0.07598877,0.11333334 0.006666667 -0.028888889,-0.07 -0.08 9.82,188 116 118,27
172,01110011,00000000,0.9968262 0.022216797 -0.0076293945 0.07562256,0.06666667 0.03 -0.022222223,-0.05 -0.08 9.84,190 116 118,27
173,01110011,00000000,0.9968872 0.022705078 -0.006958008 0.07531738,0.02111111 0.046666667 -0.022222223,-0.05 -0.08 9.85,190 116 118,27
174,01110011,00000000,0.9968872 0.022277832 -0.005859375 0.07501221,-0.023333333 0.06333333 -0.015555556,-0.08 -0.07 9.82,189 115 118,27
175,01110011,00000000,0.99694824 0.021240234 -0.0049438477 0.07495117,-0.083333336 0.07111111 -0.01,-0.09 -0.08 9.84,187 114 118,27
176,01110011,00000000,0.99694824 0.01965332 -0.0040283203 0.07495117,-0.11333334 0.07111111 -0.01,-0.1 -0.08 9.85,185 113 118,27
177,01110011,00000000,0.9970093 0.017028809 -0.0030517578 0.07495117,-0.13777778 0.062222224 -0.007777778,-0.1 -0.11 9.81,183 112 118,27
178,01110011,00000000,0.9970703 0.014831543 -0.0025634766 0.07495117,-0.15111111 0.037777778 -0.0055555557,-0.11 -0.13 9.86,182 111 118,27
179,01110011,00000000,0.9970703 0.0126953125 -0.002380371 0.07495117,-0.14555556 0.016666668 0,-0.11 -0.14 -0.01,181 111 118,27
180,01110011,00000000,0.99713135 0.010192871 -0.0025024414 0.07489014,-0.12888889 0.0033333334 -0.0011111111,-0.11 -0.16 9.85,180 111 118,27
181,01110011,00000000,0.9970703 0.0087890625 -0.0028686523 0.07495117,-0.09 -0.025555555 -0.0022222223,-0.12 -0.16 9.87,179 111 118,27
182,01110011,00000000,0.99713135 0.007873535 -0.003540039 0.07489014,-0.052222222 -0.046666667 0.0011111111,-0.11 -0.16 9.87,178 112 118,27
183,01110011,00000000,0.99713135 0.007751465 -0.004638672 0.07495117,-0.01 -0.06111111 0.0033333334,-0.11 -0.19 9.87,177 113 118,27
184,01110011,00000000,0.99713135 0.008300781 -0.0056152344 0.07495117,0.04777778 -0.07444444 0.0044444446,-0.1 -0.17 9.87,176 114 118,27
185,01110011,00000000,0.99713135 0.009460449 -0.006652832 0.07489014,0.08555555 -0.07333333 0.0044444446,-0.08 -0.16 9.86,175 115 118,27
186,01110011,00000000,0.9970703 0.011657715 -0.0078125 0.07489014,0.11777778 -0.07 0.008888889,-0.1 -0.14 9.87,176 116 118,27
187,01110011,00000000,0.9845581 0.01373291 -0.008544922 0.07495117,0.14222223 -0.053333335 0.013333334,-0.08 -0.14 9.87,177 116 118,27
188,01110011,00000000,0.9970093 0.01586914 -0.008911133 0.07519531,0.15 -0.031111112 0.014444444,-0.06 -0.13 9.84,179 116 118,27
189,01110011,00000000,0.99694824 0.018615723 -0.008972168 0.07556152,0.14 -0.011111111 0.018888889,-0.05 -0.11 9.82,181 116 118,27
190,01110011,00000000,0.9968262 0.020324707 -0.0087890625 0.0758667,0.11333334 0.012222222 0.023333333,-0.07 -0.13 9.83,183 116 118,27
191,01110011,00000000,0.9968262 0.021606445 -0.008361816 0.076293945,0.08111111 0.033333335 0.024444444,-0.07 -0.11 9.85,185 116 118,27
192,01110011,00000000,0.99676514 0.022583008 -0.007385254 0.07684326,0.046666667 0.044444446 0.031111112,-0.06 -0.08 9.84,186 116 118,27
193,01110011,00000000,0.9967041 0.022583008 -0.006591797 0.07739258,0.0022222223 0.05888889 0.034444444,-0.09 -0.07 9.83,186 115 118,27
194,01110011,00000000,0.9967041 0.02178955 -0.0056152344 0.07788086,-0.064444445 0.072222225 0.03888889,-0.08 -0.08 9.84,185 114 118,27
195,01110011,00000000,0.99664307 0.020019531 -0.0045166016 0.07867432,-0.094444446 0.06555556 0.04,-0.1 -0.08 9.84,183 113 118,27
196,01110011,00000000,0.99664307 0.018188477 -0.00390625 0.07928467,-0.12111111 0.05 0.04111111,-0.11 -0.11 -220.59,52 80 118,27
197,01110011,00000000,0.99664307 0.016296387 -0.003540039 0.079833984,-0.13666667 0.03 0.036666665,-0.12 -0.12 9.85,181 111 118,27
198,01110011,00000000,0.99658203 0.014282227 -0.003479004 0.0803833,-0.13444445 0.01 0.03888889,-0.11 -0.14 9.84,180 111 118,27
199,01110011,00000000,0.99658203 0.0119018555 -0.0038452148 0.08111572,-0.12444445 -0.008888889 0.037777778,-0.12 -0.15 9.87,179 111 118,27
200,01110011,00000000,0.99658203 0.010437012 -0.004333496 0.08166504,-0.094444446 -0.037777778 0.035555556,-0.11 -0.15 9.85,178 112 118,27
201,01110011,00000000,0.996521 0.009460449 -0.005126953 0.08215332,-0.06 -0.053333335 0.036666665,-0.13 -0.16 9.86,177 113 118,27
202,01110011,00000000,0.99645996 0.009094238 -0.0064086914 0.08276367,-0.022222223 -0.062222224 0.034444444,-0.12 -0.15 9.86,176 114 118,27
203,01110011,00000000,0.99645996 0.009399414 -0.007446289 0.08331299,0.031111112 -0.07666667 0.033333335,-0.08 -0.17 9.86,175 115 118,27
204,01110011,00000000,0.9963989 0.011169434 0.007019043 -0.008422852,0.06888889 -0.075555556 0.034444444,-0.07 -0.15 9.86,174 116 118,27
205,01110011,00000000,0.99627686 0.012207031 -0.009643555 0.08441162,0.096666664 -0.06666667 0.031111112,-0.07 -0.15 9.84,174 117 118,27
206,01110011,00000000,0.9962158 0.013916016 -0.010253906 0.0848999,0.12444445 -0.05 0.034444444,-0.04 -0.13 9.86,175 117 118,27
207,01110011,00000000,0.9961548 0.01586914 -0.010620117 0.08544922,0.13333334 -0.026666667 0.034444444,-0.04 -0.13 9.85,177 117 118,27
208,01110011,00000000,0.99609375 0.017822266 -0.010559082 0.085998535,0.13111112 -0.0055555557 0.037777778,-0.05 -0.13 9.84,179 117 118,27
209,01110011,00000000,0.9959717 0.020019531 -0.010192871 0.08673096,0.11 0.02 0.03888889,-0.06 -0.12 9.86,181 117 118,27
210,01110011,00000000,0.99591064 0.02130127 -0.009643555 0.08734131,0.08888889 0.03888889 0.03888889,-0.06 -0.11 9.84,183 117 118,27
211,01110011,00000000,0.9957886 0.022399902 -0.008605957 0.08807373,0.053333335 0.057777777 0.04,-0.06 -0.07 9.85,184 117 118,27
212,01110011,00000000,0.99572754 0.022521973 -0.0076293945 0.08868408,0.0044444446 0.06666667 0.04111111,-0.09 -0.09 9.84,184 116 118,27
213,01110011,00000000,0.99572754 0.022216797 -0.006713867 0.0892334,-0.032222223 0.07111111 0.03888889,-0.08 -0.08 9.85,132 -17 1535,27
214,01110011,00000000,0.9956665 0.020874023 -0.005554199 0.090026855,-0.06666667 0.06666667 0.034444444,-0.09 -0.09 9.86,182 114 118,27
215,01110011,00000000,0.9956665 0.019470215 -0.0048217773 0.0904541,-0.10222222 0.052222222 0.032222223,-0.1 -0.11 9.86,181 113 118,27
216,01110011,00000000,0.9956665 0.01776123 -0.0044555664 0.09100342,-0.12 0.027777778 0.031111112,-0.1 -0.13 9.84,180 112 118,27
217,01110011,00000000,0.99560547 0.015380859 -0.0044555664 0.091552734,-0.12888889 0.01 0.028888889,-0.11 -0.12 9.89,179 112 118,27
218,01110011,00000000,0.9956665 0.013671875 -0.0048217773 0.09185791,-0.11777778 -0.018888889 0.024444444,-0.12 -0.14 9.85,178 112 118,27
219,01110011,00000000,0.99560547 0.012145996 -0.0053710938 0.092163086,-0.10222222 -0.036666665 0.02,-0.12 -0.15 9.84,177 113 118,27
220,01110011,00000000,0.99554443 0.0107421875 -0.0065307617 0.0925293,-0.075555556 -0.053333335 0.017777778,-0.1 -0.17 9.84,176 114 118,27
221,01110011,00000000,0.99560547 0.010253906 0.0071411133 -0.008422852,-0.032222223 -0.07333333 0.013333334,-0.08 -0.18 9.86,175 115 118,27
222,01110011,00000000,0.99554443 0.010253906 -0.008605957 0.09289551,0.0022222223 -0.075555556 0.011111111,-0.09 -0.17 9.85,174 116 118,27
223,01110011,00000000,0.99554443 0.010986328 -0.0099487305 0.09295654,0.04111111 -0.07444444 0.01,-0.07 -0.18 9.86,173 117 118,27
224,01110011,00000000,0.9954834 0.012084961 -0.010864258 0.09295654,0.08111111 -0.06333333 0.007777778,-0.06 -0.16 9.87,173 117 118,27
225,01110011,00000000,0.9954834 0.01361084 -0.011474609 0.09295654,0.10555556 -0.045555554 0.0055555557,-0.07 -0.15 9.85,174 117 118,27
226,01110011,00000000,0.99542236 0.015808105 -0.01184082 0.09295654,0.11666667 -0.025555555 0.0055555557,-0.05 -0.16 9.87,175 117 118,27
227,01110011,00000000,0.99542236 0.01751709 -0.011657715 0.09295654,0.12111111 -0.0011111111 0.0033333334,-0.06 -0.14 9.87,177 117 118,27
228,01110011,00000000,0.99542236 0.019165039 -0.011291504 0.09301758,0.11111111 0.02 0.0022222223,-0.05 -0.13 9.84,179 117 118,27
229,01110011,00000000,0.9953613 0.020996094 -0.010498047 0.09301758,0.096666664 0.04 0.0044444446,-0.06 -0.12 9.83,181 117 118,27
230,01110011,00000000,0.9953613 0.021911621 -0.0095825195 0.09307861,0.07111111 0.052222222 0.0033333334,-0.07 -0.09 9.87,182 238 1535,27
231,01110011,00000000,0.9953613 0.022338867 -0.008605957 0.09307861,0.027777778 0.06666667 0.0022222223,-0.07 -0.06 9.88,183 116 118,27
232,01110011,00000000,0.9953613 0.022216797 -0.0072631836 0.09313965,-0.006666667 0.07666667 0.0011111111,-0.09 -0.1 9.86,183 115 118,27
233,01110011,00000000,0.9953613 0.021606445 -0.0063476562 0.09313965,-0.03888889 0.064444445 -0.0011111111,-0.09 -0.09 9.88,182 114 118,27
234,01110011,00000000,0.99542236 0.020507812 -0.0056152344 0.09313965,-0.07777778 0.04888889 -0.0044444446,-0.11 -0.12 9.86,181 113 118,27
235,01110011,00000000,0.99542236 0.019165039 -0.0051879883 0.09313965,-0.09777778 0.032222223 -0.007777778,-0.09 -0.12 9.83,180 112 118,27
236,01110011,00000000,0.9954834 0.017089844 -0.0052490234 0.09313965,-0.112222224 0.007777778 -0.01,-0.12 -0.13 9.86,179 112 118,27
237,01110011,00000000,0.9954834 0.01550293 -0.005554199 0.09295654,-0.11111111 -0.017777778 -0.014444444,-0.1 -0.14 9.85,178 112 118,27
238,01110011,00000000,0.99554443 0.014038086 -0.0061035156 -0.008422852,-0.10222222 -0.035555556 -0.017777778,-0.11 -0.14 9.85,177 113 118,27
239,01110011,00000000,0.9956665 0.012451172 -0.0072631836 0.092285156,-0.08222222 -0.054444443 -0.02111111,-0.11 -0.16 9.86,176 114 118,27
240,01110011,00000000,0.9956665 0.011779785 -0.008239746 0.091918945,-0.046666667 -0.07 -0.024444444,-0.1 -0.19 9.82,175 115 118,27
241,01110011,00000000,0.9956665 0.011474609 -0.009338379 0.0914917,-0.017777778 -0.078888886 -0.025555555,-0.1 -0.18 9.85,174 116 118,27
242,01110011,00000000,0.99572754 0.011779785 -0.0107421875 0.09100342,0.016666668 -0.07333333 -0.024444444,-0.06 -0.16 9.83,173 117 118,27
243,01110011,00000000,0.99572754 0.012573242 -0.01159668 0.09057617,0.05666667 -0.06 -0.027777778,-0.07 -0.16 9.84,172 117 118,27
244,01110011,00000000,0.99572754 0.013671875 -0.012145996 0.09020996,0.083333336 -0.043333333 -0.027777778,-0.07 -0.16 9.85,172 117 118,27
245,01110011,00000000,0.99572754 0.015625 -0.012451172 0.08959961,0.10222222 -0.02111111 -0.028888889,-0.06 -0.16 9.85,173 117 118,27
246,01110011,00000000,0.99572754 0.017211914 -0.012329102 0.08929443,0.11 0.006666667 -0.026666667,-0.07 -0.13 9.82,174 117 118,27
247,01110011,00000000,0.99572754 0.018737793 -0.0119018555 0.08892822,0.107777774 0.027777778 -0.026666667,-0.07 -0.14 9.85,176 117 255,27
248,01110011,00000000,0.99572754 0.020568848 -0.010986328 0.08850098,0.096666664 0.043333333 -0.023333333,-0.04 -0.12 9.84,177 117 118,27
249,01110011,00000000,0.9957886 0.02166748 -0.010070801 0.088134766,0.072222225 0.062222224 -0.024444444,-0.06 -0.1 9.84,178 117 118,27
250,01110011,00000000,0.9957886 0.022338867 -0.009033203 0.087890625,0.044444446 0.07 -0.024444444,-0.08 -0.11 9.83,179 116 118,27
251,01110011,00000000,0.9958496 0.022521973 -0.0076293945 0.087524414,0.013333334 0.07111111 -0.022222223,-0.09 -0.11 9.84,179 115 118,27
252,01110011,00000000,0.99591064 0.022216797 -0.006652832 0.08721924,-0.026666667 0.06666667 -0.023333333,-0.11 -0.1 9.85,178 114 118,27
253,01110011,00000000,0.9959717 0.02154541 -0.0059814453 0.08685303,-0.06 0.04222222 -0.025555555,-0.11 -0.11 9.84,177 113 118,27
254,01110011,00000000,0.9960327 0.019897461 -0.005554199 0.08642578,-0.08222222 0.023333333 -0.024444444,-0.12 -0.11 9.86,176 112 118,27
255,01110011,00000000,0.99609375 0.018554688 -0.0056762695 0.085998535,-0.096666664 0.0011111111 -0.026666667,-0.1 -0.11 9.85,175 112 118,27
0,01110011,00000000,0.99609375 0.017150879 -0.0061035156 0.085632324,-0.101111114 -0.028888889 -0.026666667,-0.11 -0.13 9.87,174 112 118,27
1,01110011,00000000,0.9961548 0.015380859 -0.007080078 0.08508301,-0.09555556 -0.045555554 -0.028888889,-0.12 -0.15 9.87,173 113 118,27
2,01110011,00000000,0.9962158 0.014343262 -0.0079956055 0.08465576,-0.072222225 -0.062222224 -0.028888889,-0.11 -0.14 9.88,172 114 118,27
3,01110011,00000000,0.99627686 0.01361084 -0.009033203 0.084228516,-0.05 -0.072222225 -0.028888889,-0.1 -0.16 9.86,171 115 118,27
4,01110011,00000000,0.9963379 0.013183594 -0.010559082 0.08355713,-0.022222223 -0.07666667 -0.031111112,-0.1 -0.17 9.88,170 116 118,27
5,01110011,00000000,0.9963379 0.013366699 -0.01159668 0.08325195,0.0055555557 -0.07444444 -0.03,-0.07 -0.16 9.86,169 117 118,27
6,01110011,00000000,0.9963989 0.0138549805 -0.012207031 0.08282471,0.044444446 -0.054444443 -0.024444444,-0.07 -0.15 9.85,168 117 118,27
7,01110011,00000000,0.9963989 0.015136719 -0.012573242 0.08239746,0.06666667 -0.036666665 -0.02111111,-0.06 -0.13 9.85,168 117 118,27
8,01110011,00000000,0.9963989 0.016174316 -0.012451172 0.082092285,0.08444444 -0.017777778 -0.02111111,-0.05 -0.16 9.87,168 117 118,27
9,01110011,00000000,0.9963989 0.017456055 -0.012023926 0.081848145,0.09888889 0.017777778 -0.016666668,-0.06 -0.11 9.83,169 117 118,27
10,01110011,00000000,0.9963989 0.018798828 -0.011352539 0.081604004,0.09888889 0.036666665 -0.017777778,-0.06 -0.11 9.83,170 117 118,27
11,01110011,00000000,0.9963989 0.020202637 -0.010009766 0.08148193,0.09111111 0.052222222 -0.015555556,-0.06 -0.12 9.86,171 117 118,27
12,01110011,00000000,0.9963989 0.021118164 -0.008850098 0.08148193,0.07 0.06888889 -0.008888889,-0.08 -0.08 9.85,172 116 118,27
13,01110011,00000000,0.9963989 0.02166748 -0.0075683594 0.08154297,0.046666667 0.07333333 -0.007777778,-0.08 -0.09 9.85,173 115 118,27
14,01110011,00000000,0.9963989 0.02166748 -0.0060424805 0.08154297,0.02 0.07111111 -0.0055555557,-0.07 -0.07 9.84,173 114 118,27
15,01110011,00000000,0.9963989 0.02142334 -0.005065918 0.081604004,-0.015555556 0.06111111 -0.0022222223,-0.1 -0.1 9.84,173 113 118,27
16,01110011,00000000,0.9963989 0.020751953 -0.004333496 0.081604004,-0.04 0.04 -0.0022222223,-0.11 -0.11 9.85,172 112 118,27
17,01110011,00000000,0.99645996 0.01940918 -0.0038452148 0.081604004,-0.06333333 0.024444444 -0.0022222223,10.12 -2.56 9.84,171 111 118,27
18,01110011,00000000,0.99645996 0.018127441 -0.00390625 0.081604004,-0.083333336 -0.0044444446 -0.0022222223,-0.1 -0.12 9.86,170 111 118,27
19,01110011,00000000,0.99645996 0.016845703 -0.004272461 0.081604004,-0.08888889 -0.027777778 -0.0022222223,-0.12 -0.13 9.88,169 112 118,27
20,01110011,00000000,0.996521 0.015136719 -0.0051879883 0.08154297,-0.09111111 -0.04888889 -0.0033333334,-0.12 -0.14 9.86,168 113 118,27
21,01110011,00000000,0.996521 0.013977051 -0.006164551 0.08154297,-0.075555556 -0.06666667 -0.0033333334,-0.1 -0.15 9.84,167 114 118,27
22,01110011,00000000,0.996521 0.013122559 -0.0072021484 0.08154297,-0.06 -0.07444444 0,-0.08 -0.16 9.85,166 115 118,27
23,01110011,00000000,0.996521 0.012451172 -0.008605957 0.08148193,-0.035555556 -0.075555556 0,-0.08 -0.16 9.85,165 116 118,27
24,01110011,00000000,0.996521 0.012329102 -0.0095825195 0.08148193,-0.0033333334 -0.06888889 0,-0.06 -0.14 9.85,164 117 118,27
25,01110011,00000000,0.9845581 0.012573242 -0.010253906 0.08148193,0.023333333 -2.5611112 -11.094444,-0.05 -0.16 9.87,163 117 118,27
26,01110011,00000000,0.996521 0.013427734 -0.010864258 0.08154297,0.05 -0.035555556 0.0033333334,-0.05 -0.16 9.86,162 117 118,27
27,01110011,00000000,0.996521 0.014404297 -0.010864258 0.08154297,0.07333333 -0.0055555557 0.007777778,-0.06 -0.13 9.84,162 117 118,27
28,01110011,00000000,0.99645996 0.01550293 -0.010620117 0.08154297,0.08555555 0.015555556 0.011111111,-0.05 -0.12 9.84,163 117 118,27
29,01110011,00000000,0.99645996 0.017028809 -0.00970459 0.08178711,0.09 0.037777778 0.016666668,-0.06 -0.13 9.83,164 117 118,27
30,01110011,00000000,0.9963989 0.018127441 -0.008728027 0.082092285,0.083333336 0.055555556 0.017777778,-0.07 -0.11 9.85,165 117 118,27
31,01110011,00000000,0.9963989 0.019042969 -0.0076293945 0.08239746,0.07333333 0.07 0.017777778,-0.07 -0.11 9.86,166 116 118,27
32,01110011,00000000,0.99627686 0.019897461 -0.0060424805 0.08282471,0.05666667 0.07111111 0.02,-0.08 -0.1 9.84,167 115 118,27
33,01110011,00000000,0.99627686 0.020202637 -0.0049438477 0.08319092,0.024444444 0.07 0.023333333,-0.09 -0.08 9.85,168 114 118,27
34,01110011,00000000,0.99627686 0.020141602 -0.003967285 0.08355713,0.0011111111 0.05888889 0.023333333,40.86 -2.56 -0.01,168 113 118,27
35,01110011,00000000,0.99627686 0.019592285 -0.0030517578 0.083984375,-0.025555555 0.043333333 0.023333333,-0.13 -0.11 9.85,167 112 118,27
36,01110011,00000000,0.9962158 0.018859863 -0.002746582 0.08428955,-0.045555554 0.023333333 0.024444444,-0.12 -0.12 9.84,166 111 118,27
37,01110011,00000000,0.99627686 0.017944336 -0.0028686523 0.08459473,-0.07 -0.006666667 0.02,-0.13 -0.11 9.85,165 111 118,27
38,01110011,00000000,0.9962158 0.016479492 -0.003540039 0.08496094,-0.07777778 -0.026666667 0.018888889,-0.11 -0.14 9.85,164 112 118,27
39,01110011,00000000,0.9962158 0.015319824 -0.004211426 0.08514404,-0.08222222 -0.046666667 0.017777778,-0.11 -0.13 9.86,163 113 118,27
40,01110011,00000000,0.9962158 0.014282227 -0.0052490234 0.08538818,-0.07666667 -0.06666667 0.015555556,-0.11 -0.13 9.86,162 114 118,27
41,01110011,00000000,0.9962158 0.013122559 -0.0067749023 0.08569336,-0.064444445 -0.075555556 0.015555556,-0.08 -0.15 9.86,161 115 118,27
42,01110011,00000000,0.98443604 0.012573242 -0.0079956055 0.085876465,-0.046666667 -0.07666667 -10.525556,-0.09 -0.14 9.86,160 116 118,27
43,01110011,00000000,0.9961548 0.012268066 -0.009033203 0.086120605,-0.018888889 -0.06888889 0.017777778,-0.07 -0.16 9.86,159 117 118,27
44,01110011,00000000,0.99609375 0.012329102 -0.009887695 0.086364746,0.0055555557 -0.053333335 0.016666668,-0.06 -0.17 9.86,158 117 118,27
45,01110011,00000000,0.99609375 0.012756348 -0.010681152 0.08666992,0.028888889 -0.03888889 0.017777778,-0.06 -0.17 9.86,157 117 118,27
46,01110011,00000000,0.9960327 0.013549805 -0.010864258 0.08691406,0.055555556 -0.011111111 0.02,-0.05 -0.14 9.85,157 117 118,27
47,01110011,00000000,0.9959717 0.014465332 -0.0107421875 0.08721924,0.07333333 0.012222222 0.022222223,-0.04 -0.13 9.84,157 117 118,27
48,01110011,00000000,0.9959717 0.01586914 -0.010070801 0.087646484,0.08111111 0.032222223 0.022222223,-0.06 -0.13 9.85,158 117 118,27
49,01110011,00000000,0.99591064 0.017028809 -0.009277344 0.08795166,0.08222222 0.053333335 0.022222223,-0.08 -0.13 9.86,159 117 118,27
50,01110011,00000000,0.9958496 0.018310547 -0.0079956055 0.08843994,0.07333333 0.06555556 0.022222223,-0.08 -0.12 9.84,160 116 118,27
51,01110011,00000000,0.9958496 0.019104004 -0.0068969727 0.08880615,0.062222224 0.07333333 0.02111111,-0.08 -0.12 -0.01,161 115 118,27
52,01110011,00000000,0.9957886 0.01965332 -0.005859375 0.08911133,0.03888889 0.06666667 0.022222223,-0.09 -0.1 9.84,162 114 118,27
53,01110011,00000000,0.99572754 0.019958496 -0.0048828125 0.089416504,0.017777778 0.06 0.017777778,-0.11 -0.11 9.86,162 113 118,27
54,01110011,00000000,0.99572754 0.019836426 -0.0040283203 0.089782715,-0.0044444446 0.04222222 0.02,-0.11 -0.12 9.88,162 112 118,27
55,01110011,00000000,0.99572754 0.01940918 -0.0037231445 0.090026855,-0.032222223 0.017777778 0.013333334,-0.12 -0.09 9.86,161 111 118,27
56,01110011,00000000,0.99572754 0.018676758 -0.0037841797 0.09020996,-0.054444443 -0.006666667 0.013333334,-0.13 -0.11 9.88,160 111 118,27
57,01110011,00000000,0.99572754 0.017456055 -0.0044555664 0.09020996,-0.06888889 -0.034444444 0.01,-0.11 -0.12 9.86,159 112 118,27
58,01110011,00000000,0.9957886 0.016418457 -0.0052490234 0.090270996,-0.075555556 -0.057777777 0.0055555557,-0.1 -0.11 9.86,158 113 118,27
59,01110011,00000000,0.9845581 0.01550293 -0.006286621 0.09020996,-0.07444444 -0.06888889 0.006666667,-0.09 -0.12 9.88,157 114 118,27
60,01110011,00000000,0.99572754 0.014343262 -0.0078125 0.090148926,-0.06333333 -0.07333333 0.0033333334,-0.1 -0.12 9.86,156 115 118,27
61,01110011,00000000,0.9957886 0.013793945 -0.008972168 0.09008789,-0.043333333 -0.07333333 0.0022222223,-0.08 -0.14 9.85,155 116 118,27
62,01110011,00000000,0.9957886 0.013366699 -0.0099487305 0.09008789,-0.024444444 -0.06333333 0,-0.09 -0.15 9.86,154 117 118,27
63,01110011,00000000,0.9957886 0.013366699 -0.010803223 0.09008789,-0.0022222223 -0.05111111 0.0011111111,-0.06 -0.15 9.84,153 117 118,27
64,01110011,00000000,0.99572754 0.01373291 -0.011413574 0.09008789,0.024444444 -0.024444444 0.0011111111,-0.05 -0.16 9.85,152 117 118,27
65,01110011,00000000,0.99572754 0.014282227 -0.0115356445 0.090148926,0.044444446 -0.0033333334 0.0033333334,-0.07 -0.15 9.85,152 117 118,27
66,01110011,00000000,0.99572754 0.015380859 -0.011291504 0.090148926,0.06 0.013333334 0.0011111111,-0.06 -0.14 9.85,152 117 118,27
67,01110011,00000000,0.99572754 0.016357422 -0.010681152 0.09020996,0.07111111 0.03888889 0.0022222223,-0.07 -0.13 9.86,153 117 118,27
68,01110011,00000000,0.9956665 0.017333984 -0.00982666 0.09020996,0.07444444 0.05666667 0.0011111111,-0.06 -0.12 125.04,138 68 118,27
69,01110011,00000000,0.99572754 0.018615723 -0.008544922 0.09020996,0.07111111 0.064444445 0.0022222223,-0.06 -0.12 9.85,155 116 118,27
70,01110011,00000000,0.99572754 0.019348145 -0.007507324 0.09020996,0.05666667 0.06888889 0.0011111111,-0.07 -0.11 9.86,156 115 118,27
71,01110011,00000000,0.9956665 0.019958496 -0.0064697266 0.09020996,0.04 0.062222224 0,-0.09 -0.1 9.86,157 114 118,27
72,01110011,00000000,0.9956665 0.020385742 -0.0053710938 0.090270996,0.023333333 0.052222222 -0.0033333334,-0.1 -0.1 9.85,157 113 118,27
73,01110011,00000000,0.9956665 0.020324707 -0.0048217773 0.09033203,0.0022222223 0.03888889 -0.0044444446,-0.11 -0.09 9.86,157 112 118,27
74,01110011,00000000,0.9956665 0.020141602 -0.0045776367 0.09033203,-0.023333333 0.013333334 -0.01,-0.11 -0.11 9.85,157 112 118,27
75,01110011,00000000,0.9956665 0.019348145 -0.004699707 0.09020996,-0.043333333 -0.01 -0.008888889,-0.11 -0.12 9.85,156 112 118,27
76,01110011,00000000,0.99572754 0.009155273 0.0071411133 -0.008422852,-0.054444443 -0.034444444 -0.012222222,-0.1 -0.1 9.84,155 113 118,27
77,01110011,00000000,0.99572754 0.01776123 -0.00592041 0.089904785,-0.06666667 -0.053333335 -0.016666668,-0.11 -0.13 9.84,154 114 118,27
78,01110011,00000000,0.9957886 0.016845703 -0.0068969727 0.08959961,-0.06888889 -0.06666667 -0.018888889,-0.1 -0.12 9.85,153 115 118,27
79,01110011,00000000,0.9957886 0.015686035 -0.008361816 0.0892334,-0.06333333 -0.07444444 -0.016666668,-0.08 -0.13 9.84,152 116 118,27
80,01110011,00000000,0.9958496 0.015075684 -0.009399414 0.08892822,-0.05 -0.06666667 -0.018888889,-0.09 -0.14 9.85,151 117 118,27
81,01110011,00000000,0.99591064 0.014587402 -0.010437012 0.08874512,-0.032222223 -0.06555556 -0.016666668,-0.07 -0.13 9.84,150 117 118,27
82,01110011,00000000,0.9958496 0.014343262 -0.011474609 0.088378906,-0.015555556 -0.05111111 -0.017777778,-0.06 -0.14 9.84,150 117 118,27
83,01110011,00000000,0.99591064 0.014465332 -0.011962891 0.088134766,0.012222222 -0.025555555 -0.017777778,-0.07 -0.14 9.86,150 117 118,27
84,01110011,00000000,0.99591064 0.014770508 -0.012084961 0.087890625,0.031111112 -0.0011111111 -0.015555556,-0.07 -0.15 9.87,150 117 118,27
85,01110011,00000000,0.99591064 0.015625 -0.011779785 0.087646484,0.046666667 0.015555556 -0.013333334,-0.06 -0.14 9.85,171 -109 1535,27
86,01110011,00000000,0.99591064 0.016418457 -0.011230469 0.087524414,0.06111111 0.04 -0.011111111,-0.05 -0.14 9.85,151 117 118,27
87,01110011,00000000,0.99591064 0.01727295 -0.010375977 0.08734131,0.06666667 0.054444443 -0.011111111,-0.07 -0.14 9.84,152 117 118,27
88,01110011,00000000,0.9959717 0.018432617 -0.009094238 0.08734131,0.06888889 0.062222224 -0.008888889,-0.07 -0.13 9.84,153 116 118,27
89,01110011,00000000,0.99591064 0.01928711 -0.008056641 0.08734131,0.06 0.06666667 -0.008888889,-0.11 -0.12 9.85,154 115 118,27
90,01110011,00000000,0.99591064 0.019958496 -0.007080078 0.087402344,0.05 0.064444445 -0.008888889,-0.11 -0.12 9.84,155 114 118,27
91,01110011,00000000,0.99591064 0.020507812 -0.0059814453 0.08721924,0.032222223 0.052222222 -0.01,-0.1 -0.11 9.85,156 113 118,27
92,01110011,00000000,0.99591064 0.020690918 -0.005432129 0.08721924,0.008888889 0.032222223 -0.01,-0.11 -0.11 9.84,156 112 118,27
93,01110011,00000000,0.9959717 0.020629883 0.0071411133 -0.008422852,-0.008888889 0.013333334 -0.011111111,-0.12 -0.13 9.84,156 112 118,27
94,01110011,00000000,0.9959717 0.020202637 -0.0053100586 0.08685303,-0.026666667 -0.008888889 -0.013333334,-0.12 -0.11 9.86,155 112 118,27
95,01110011,00000000,0.9960327 0.01965332 -0.0057373047 0.08666992,-0.046666667 -0.032222223 -0.014444444,-0.09 -0.12 9.84,154 113 118,27
96,01110011,00000000,0.9959717 0.018920898 -0.0064697266 0.08642578,-0.055555556 -0.05 -0.016666668,-0.1 -0.12 9.87,153 114 118,27
97,01110011,00000000,0.99609375 0.017822266 -0.0076904297 0.086120605,-0.06333333 -0.05888889 -0.013333334,-0.1 -0.12 9.86,152 115 118,27
98,01110011,00000000,0.99609375 0.017028809 -0.008728027 0.0859375,-0.05888889 -0.07 -0.014444444,-0.08 -0.12 9.87,151 116 118,27
99,01110011,00000000,0.99609375 0.016357422 -0.009765625 0.085632324,-0.052222222 -0.06888889 -0.014444444,-0.08 -0.14 9.84,150 117 118,27
100,01110011,00000000,0.9961548 0.015686035 -0.011108398 0.08544922,-0.04 -0.06 -0.008888889,-0.07 -0.13 9.84,150 117 118,27
101,01110011,00000000,0.9961548 0.015380859 -0.011779785 0.08532715,-0.02111111 -0.046666667 -0.011111111,-0.07 -0.14 9.82,150 117 118,27
102,01110011,00000000,0.9961548 0.015319824 -0.012268066 0.08526611,-0.0022222223 -0.025555555 -0.007777778,-0.06 -0.14 9.84,150 119 1535,27
103,01110011,00000000,0.9961548 0.015563965 -0.012390137 0.08526611,0.013333334 -0.007777778 -0.0055555557,-0.04 -0.15 9.85,150 117 118,27
104,01110011,00000000,0.9961548 0.015991211 -0.012207031 0.08526611,0.03888889 0.022222223 -0.0022222223,-0.05 -0.15 9.87,150 117 118,27
105,01110011,00000000,0.99609375 0.016662598 -0.011657715 0.08526611,0.04888889 0.036666665 0.0011111111,-0.07 -0.16 9.85,150 117 118,27
106,01110011,00000000,0.9961548 0.01763916 -0.010620117 0.08532715,0.05666667 0.04777778 0,-0.07 -0.13 9.85,151 117 118,27
107,01110011,00000000,0.9961548 0.018371582 -0.00970459 0.08532715,0.062222224 0.05888889 0.0022222223,-0.09 -0.12 9.86,152 116 118,27
108,01110011,00000000,0.9961548 0.019226074 -0.008728027 0.08538818,0.05888889 0.05888889 0.0033333334,-0.08 -0.1 9.85,153 115 118,27
109,01110011,00000000,0.99609375 0.020141602 -0.007507324 0.08538818,0.053333335 0.06111111 0.0044444446,-0.1 -0.11 9.83,154 114 118,27
110,01110011,00000000,0.99609375 0.020629883 -0.0067749023 -0.008422852,0.04222222 0.046666667 0.0044444446,-0.12 -0.1 9.86,155 113 118,27
111,01110011,00000000,0.99609375 0.020996094 -0.006164551 0.08544922,0.02 0.03 0.0055555557,-0.11 -0.12 9.86,156 112 118,27
112,01110011,00000000,0.99609375 0.020996094 -0.0059814453 0.08544922,0.0033333334 0.012222222 0.0033333334,-0.12 -0.1 9.85,156 112 118,27
113,01110011,00000000,0.99609375 0.020874023 -0.0060424805 0.08544922,-0.013333334 -0.007777778 0.0055555557,-0.11 -0.11 9.86,156 112 118,27
114,01110011,00000000,0.99609375 0.020446777 -0.0064697266 0.08544922,-0.037777778 -0.035555556 0.0044444446,-0.11 -0.12 9.86,155 113 118,27
115,01110011,00000000,0.99609375 0.019897461 -0.007080078 0.08538818,-0.046666667 -0.04888889 0,-0.11 -0.11 9.87,154 114 118,27
116,01110011,00000000,0.9961548 0.018981934 -0.008300781 0.08538818,-0.054444443 -0.05888889 0.0022222223,-0.1 -0.12 9.85,153 115 118,27
117,01110011,00000000,0.9961548 0.018188477 -0.009338379 0.08532715,-0.05666667 -0.06555556 0.0022222223,-0.08 -0.12 9.83,152 116 118,27
118,01110011,00000000,0.9961548 0.017578125 -0.010314941 0.08532715,-0.05111111 -0.064444445 0.0044444446,-0.08 -0.14 9.84,151 117 118,27
119,01110011,00000000,0.99609375 0.016784668 -0.011474609 0.08526611,-0.044444446 -0.053333335 0.0055555557,-0.06 -0.15 9.84,150 117 255,27
120,01110011,00000000,0.9961548 0.016418457 -0.012084961 0.08526611,-0.026666667 -0.035555556 0.006666667,-0.05 -0.14 9.88,150 117 118,27
121,01110011,00000000,0.9961548 0.016296387 -0.012512207 0.08526611,-0.007777778 -0.017777778 0.006666667,-0.07 -0.15 9.87,150 117 118,27
122,01110011,00000000,0.9961548 0.016357422 -0.012512207 0.08526611,0.006666667 0 0.008888889,-0.06 -0.14 9.84,150 117 118,27
123,01110011,00000000,0.99609375 0.016662598 -0.012329102 0.08538818,0.028888889 0.023333333 0.011111111,-0.08 -0.15 9.86,150 117 118,27
124,01110011,00000000,0.99609375 0.017211914 -0.01171875 0.085510254,0.043333333 0.043333333 0.014444444,-0.05 -0.14 9.84,150 117 118,27
125,01110011,00000000,0.9960327 0.018066406 -0.0107421875 0.08581543,0.052222222 0.052222222 0.013333334,-0.09 -0.13 9.87,150 117 118,27
126,01110011,00000000,0.9960327 0.018798828 -0.00982666 0.08605957,0.05888889 0.06111111 0.015555556,-0.08 -0.14 9.86,151 116 118,27
127,01110011,00000000,0.9960327 0.01953125 -0.008850098 0.086364746,0.05888889 0.06 0.015555556,-0.08 -0.11 9.84,152 115 118,27
128,01110011,00000000,0.9959717 0.020446777 -0.0078125 0.08666992,0.052222222 0.053333335 0.014444444,-0.09 -0.14 9.86,153 114 118,27
129,01110011,00000000,0.99591064 0.020996094 -0.0071411133 0.08685303,0.037777778 0.037777778 0.014444444,-0.1 -0.11 9.87,154 113 118,27
130,01110011,00000000,0.99591064 0.02142334 -0.006713867 0.0871582,0.025555555 0.022222223 0.013333334,-0.1 -0.11 9.84,154 113 118,27
131,01110011,00000000,0.99591064 0.02154541 -0.006591797 0.087402344,0.008888889 0.006666667 0.015555556,-0.11 -0.11 9.84,154 113 118,27
132,01110011,00000000,0.99591064 0.021484375 -0.006713867 0.08746338,-0.014444444 -0.02 0.012222222,-0.1 -0.11 9.86,154 113 118,27
133,01110011,00000000,0.99591064 0.021240234 -0.0072021484 0.08746338,-0.027777778 -0.037777778 0.01,-0.1 -0.11 9.87,153 114 118,27
134,01110011,00000000,0.99591064 0.020568848 -0.008178711 0.08746338,-0.04111111 -0.045555554 0.01,-0.1 -0.13 9.86,152 115 118,27
135,01110011,00000000,0.99591064 0.019958496 -0.008972168 0.08746338,-0.052222222 -0.05666667 0.006666667,-0.1 -0.14 9.84,151 116 118,27
136,01110011,00000000,0.99591064 0.019226074 -0.010009766 0.087402344,-0.055555556 -0.062222224 0.008888889,-0.08 -0.13 9.86,150 117 118,27
137,01110011,00000000,0.99591064 0.018310547 -0.011169434 0.08734131,-0.05111111 -0.05666667 0.007777778,-0.08 -0.14 9.86,150 117 118,27
138,01110011,00000000,0.99591064 0.017700195 -0.011962891 0.08734131,-0.044444446 -0.044444446 0.006666667,-0.08 -0.14 9.84,150 117 118,27
139,01110011,00000000,0.99591064 0.017211914 -0.012573242 0.08728027,-0.031111112 -0.036666665 0.006666667,-0.07 -0.16 9.87,150 117 118,27
140,01110011,00000000,0.99591064 0.016784668 -0.0126953125 0.08728027,-0.017777778 -0.016666668 0.01,-0.07 -0.15 9.86,150 117 118,27
141,01110011,00000000,0.99591064 0.016601562 -0.012451172 0.08728027,-0.0033333334 -0.0011111111 0.006666667,-0.07 -0.16 9.88,150 117 118,27
142,01110011,00000000,0.99591064 0.016601562 -0.011962891 0.08734131,0.018888889 0.023333333 0.008888889,-0.05 -0.14 9.87,150 117 118,27
143,01110011,00000000,0.99591064 0.016967773 -0.011047363 0.087402344,0.032222223 0.034444444 0.011111111,-0.08 -0.13 9.84,150 117 118,27
144,01110011,00000000,0.99591064 0.01739502 -0.010253906 0.08746338,0.044444446 0.044444446 0.008888889,-0.05 -0.14 9.85,150 117 118,27
145,01110011,00000000,0.9959717 0.017944336 -0.009277344 0.087524414,0.053333335 0.054444443 0.008888889,-5.19 -0.14 9.88,151 116 118,27
146,01110011,00000000,0.99591064 0.018554688 -0.008239746 0.08758545,0.054444443 0.05666667 0.007777778,-0.09 -0.12 9.85,152 115 118,27
147,01110011,00000000,0.99591064 0.019348145 -0.007019043 0.087646484,0.054444443 0.05111111 0.007777778,-0.09 -0.14 9.84,153 114 118,27
148,01110011,00000000,0.99591064 0.01977539 -0.0063476562 0.087646484,0.046666667 0.036666665 0.0044444446,-0.11 -0.1 9.84,154 113 118,27
149,01110011,00000000,0.99591064 0.020202637 -0.00579834 0.087646484,0.033333335 0.02 0.0033333334,-0.1 -0.11 9.82,155 113 118,27
150,01110011,00000000,0.99591064 0.020385742 -0.005554199 0.087646484,0.017777778 0.008888889 0.0022222223,-0.11 -0.09 9.84,155 113 118,27
151,01110011,00000000,0.99591064 0.020263672 -0.005554199 0.087646484,-0.0022222223 -0.014444444 0,-0.11 -0.1 9.84,155 113 118,27
152,01110011,00000000,0.99591064 0.020019531 -0.00579834 0.087646484,-0.016666668 -0.028888889 -0.0022222223,-0.11 -0.11 9.84,154 114 118,27
153,01110011,00000000,0.98443604 0.01940918 -0.0065307617 0.087646484,-0.031111112 -3.9833333 -10.241111,-0.1 -0.1 9.83,153 115 118,27
154,01110011,00000000,0.99591064 0.018737793 -0.0071411133 0.087646484,-0.044444446 -0.054444443 -0.0044444446,-0.1 -0.11 9.86,152 116 118,27
155,01110011,00000000,0.9959717 0.018005371 -0.00793457 0.087646484,-0.05 -0.05666667 -0.0044444446,-0.08 -0.12 9.87,151 117 118,27
156,01110011,00000000,0.9959717 0.017028809 -0.008972168 0.08758545,-0.053333335 -0.054444443 -0.0033333334,-0.07 -0.12 9.86,150 117 118,27
157,01110011,00000000,0.99591064 0.016296387 -0.0095825195 0.087524414,-0.045555554 -0.04222222 -0.0022222223,-0.07 -0.14 9.83,150 117 118,27
158,01110011,00000000,0.9959717 0.015686035 -0.010009766 0.087524414,-0.03888889 -0.031111112 -0.0044444446,-0.07 -0.12 9.83,150 117 118,27
159,01110011,00000000,0.9959717 0.015075684 -0.010314941 0.087524414,-0.026666667 -0.02 -0.006666667,-0.05 -0.17 9.85,150 117 118,27
160,01110011,00000000,0.9959717 0.014892578 -0.010192871 0.087524414,-0.008888889 0.0033333334 -0.0044444446,-0.08 -0.17 9.85,150 117 118,27
161,01110011,00000000,0.9959717 0.014770508 -0.00982666 0.087524414,0.007777778 0.017777778 -0.0022222223,-0.08 -0.15 9.84,150 117 118,27
162,01110011,00000000,0.9959717 0.014953613 -0.009155273 0.087524414,0.02111111 0.032222223 -0.0044444446,-17.99 -0.01 -0.01,150 117 118,27
163,01110011,00000000,0.9959717 0.0154418945 -0.008361816 0.087524414,0.03888889 0.04222222 -0.0033333334,-0.06 -0.13 9.83,150 117 118,27
164,01110011,00000000,0.9959717 0.015930176 -0.007507324 0.087646484,0.05 0.052222222 -0.0022222223,-0.08 -0.15 9.86,150 117 118,27
165,01110011,00000000,0.9959717 0.016784668 -0.0063476562 0.087646484,0.055555556 0.04888889 -0.0022222223,-0.1 -0.15 9.85,151 116 118,27
166,01110011,00000000,0.9959717 0.017456055 -0.0056152344 0.087646484,0.055555556 0.044444446 -0.0055555557,-0.1 -0.12 9.85,152 115 118,27
167,01110011,00000000,0.9959717 0.018066406 -0.0049438477 0.08770752,0.04888889 0.036666665 -0.0033333334,-0.09 -0.14 9.85,153 114 118,27
168,01110011,00000000,0.9959717 0.018676758 -0.004333496 0.08770752,0.03888889 0.02 -0.006666667,-0.1 -0.13 9.85,154 114 118,27
169,01110011,00000000,0.9959717 0.018981934 -0.004272461 0.08770752,0.023333333 0.0033333334 -0.007777778,-0.09 -0.08 9.85,154 114 118,27
170,01110011,00000000,0.9844971 0.019042969 -0.004272461 0.08770752,0.008888889 -0.014444444 -11.378889,-0.12 -0.11 9.86,154 114 118,27
171,01110011,00000000,0.9959717 0.018920898 -0.004699707 0.08770752,-0.007777778 -0.028888889 -0.008888889,-0.1 -0.12 9.85,154 115 118,27
172,01110011,00000000,0.9959717 0.018615723 -0.0052490234 0.087646484,-0.022222223 -0.03888889 -0.007777778,-0.11 -0.11 9.85,153 116 118,27
173,01110011,00000000,0.9959717 0.018249512 -0.0059814453 0.087646484,-0.036666665 -0.04888889 -0.01,-0.1 -0.11 9.85,152 117 118,27
174,01110011,00000000,0.9959717 0.01751709 -0.007080078 0.08746338,-0.045555554 -0.052222222 -0.01,-0.09 -0.14 9.83,151 117 118,27
175,01110011,00000000,0.9959717 0.016845703 -0.007873535 0.08734131,-0.04888889 -0.05 -0.008888889,-0.06 -0.14 9.84,150 117 118,27
176,01110011,00000000,0.9959717 0.016174316 -0.008422852 0.08728027,-0.045555554 -0.036666665 -0.011111111,-0.1 -0.11 9.84,150 117 118,27
177,01110011,00000000,0.9960327 0.0154418945 -0.009094238 0.08721924,-0.04 -0.024444444 -0.007777778,-0.07 -0.13 9.85,150 117 118,27
178,01110011,00000000,0.9960327 0.015014648 -0.009155273 0.08721924,-0.028888889 -0.007777778 -0.0055555557,-0.05 -0.16 9.84,150 117 118,27
179,01110011,00000000,0.9960327 0.014831543 -0.009155273 0.08721924,-0.011111111 0.007777778 -0.0055555557,-0.06 -0.14 -0.01,150 117 118,27
180,01110011,00000000,0.9960327 0.014770508 -0.0087890625 0.08721924,0.0044444446 0.02111111 -0.0055555557,-0.06 -0.13 9.85,150 117 118,27
181,01110011,00000000,0.9960327 0.015014648 -0.008300781 0.08728027,0.018888889 0.035555556 -0.0044444446,-0.06 -0.15 9.87,150 117 118,27
182,01110011,00000000,0.9960327 0.015380859 -0.0076904297 0.08728027,0.035555556 0.044444446 -0.0022222223,-0.08 -0.15 9.87,150 117 118,27
183,01110011,00000000,0.9960327 0.015930176 -0.007019043 0.08728027,0.045555554 0.043333333 -0.0011111111,-0.08 -0.14 9.87,150 116 118,27
184,01110011,00000000,0.9959717 0.016784668 -0.0061035156 0.08728027,0.052222222 0.045555554 -0.0011111111,-0.09 -0.13 9.86,151 115 118,27
185,01110011,00000000,0.9959717 0.01751709 -0.005432129 0.08734131,0.052222222 0.037777778 -0.0011111111,-0.09 -0.14 9.84,152 114 118,27
186,01110011,00000000,0.9959717 0.018249512 -0.005004883 0.08734131,0.04777778 0.023333333 -0.0011111111,-0.09 -0.12 9.87,153 114 118,27
187,01110011,00000000,0.9844971 0.018981934 -0.0045776367 0.08734131,0.04111111 0.017777778 -0.0011111111,-0.11 -0.11 9.87,154 114 118,27
188,01110011,00000000,0.9959717 0.01940918 -0.0045776367 0.08734131,0.025555555 -0.0055555557 -0.0011111111,-0.11 -0.1 9.84,154 114 118,27
189,01110011,00000000,0.9959717 0.01965332 -0.004638672 0.08734131,0.012222222 -0.014444444 -0.0022222223,-0.09 -0.12 9.85,154 115 118,27
190,01110011,00000000,0.9959717 0.019714355 -0.005126953 0.08734131,-0.0011111111 -0.031111112 -0.0044444446,-0.09 -0.11 9.87,154 116 118,27
191,01110011,00000000,0.9959717 0.019592285 -0.0056152344 0.08734131,-0.02 -0.03888889 -0.0033333334,-0.08 -0.11 9.86,153 117 118,27
192,01110011,00000000,0.9959717 0.019226074 -0.006286621 0.08728027,-0.033333335 -0.044444446 -0.0011111111,-0.11 -0.11 9.86,152 117 118,27
193,01110011,00000000,0.9959717 0.018554688 -0.0072631836 0.08728027,-0.04 -0.045555554 -0.0011111111,-0.08 -0.11 9.86,151 117 118,27
194,01110011,00000000,0.9959717 0.018005371 -0.0079956055 0.08728027,-0.045555554 -0.04222222 -0.0022222223,-0.07 -0.11 9.84,150 117 118,27
195,01110011,00000000,0.9959717 0.01727295 -0.008605957 0.08728027,-0.04888889 -0.034444444 0,-0.07 -0.14 9.84,150 117 118,27
196,01110011,00000000,0.9959717 0.016479492 -0.009155273 0.08721924,-0.043333333 -0.022222223 0.0022222223,-0.07 -0.13 91.77,146 20 118,27
197,01110011,00000000,0.9959717 0.015991211 -0.009277344 0.08721924,-0.032222223 -0.0055555557 0.0022222223,-0.05 -0.13 9.86,150 117 118,27
198,01110011,00000000,0.9959717 0.015625 -0.009338379 0.08721924,-0.02111111 0.0055555557 0.0044444446,-0.06 -0.13 9.86,150 117 118,27
199,01110011,00000000,0.9959717 0.01550293 -0.009094238 0.08721924,-0.0044444446 0.016666668 0.006666667,-0.08 -0.15 9.86,150 117 118,27
200,01110011,00000000,0.9959717 0.01550293 -0.008728027 0.08721924,0.012222222 0.028888889 0.007777778,-0.1 -0.15 9.85,150 117 118,27
201,01110011,00000000,0.9959717 0.01586914 -0.008178711 0.08721924,0.026666667 0.037777778 0.008888889,-0.08 -0.13 9.87,150 117 118,27
202,01110011,00000000,0.9959717 0.016418457 -0.0073242188 0.08728027,0.04 0.043333333 0.01,-0.11 -0.15 9.86,150 117 118,27
203,01110011,00000000,0.9959717 0.017089844 -0.006713867 0.08728027,0.04888889 0.036666665 0.008888889,-0.1 -0.13 9.86,150 116 118,27
204,01110011,00000000,0.9959717 0.009216309 0.0071411133 -0.008422852,0.05111111 0.031111112 0.007777778,-0.08 -0.13 9.86,151 116 118,27
205,01110011,00000000,0.9959717 0.018432617 -0.0057373047 0.08734131,0.04888889 0.023333333 0.006666667,-0.08 -0.11 9.85,152 116 118,27
206,01110011,00000000,0.9959717 0.019348145 -0.005493164 0.08734131,0.04222222 0.01 0.006666667,-0.11 -0.12 9.83,153 116 118,27
207,01110011,00000000,0.99591064 0.019836426 -0.005432129 0.08734131,0.032222223 -0.006666667 0.0055555557,-0.11 -0.12 9.84,154 116 118,27
208,01110011,00000000,0.99591064 0.020324707 -0.0056762695 0.08734131,0.02 -0.015555556 0.008888889,-0.08 -0.11 9.86,154 117 118,27
209,01110011,00000000,0.99591064 0.020446777 -0.0059814453 0.08734131,0.006666667 -0.024444444 0.0044444446,-0.08 -0.11 9.86,154 117 118,27
210,01110011,00000000,0.99591064 0.020385742 -0.0065307617 0.08734131,-0.012222222 -0.035555556 0.0033333334,-0.1 -0.1 9.84,154 117 118,27
211,01110011,00000000,0.99591064 0.019958496 -0.0073242188 0.08728027,-0.025555555 -0.04111111 0.0044444446,-0.09 -0.1 9.85,153 117 118,27
212,01110011,00000000,0.99591064 0.01953125 -0.00793457 0.08728027,-0.037777778 -0.04222222 0.007777778,-0.08 -0.13 9.85,152 117 118,27
213,01110011,00000000,0.9959717 0.018920898 -0.008605957 0.08728027,-0.046666667 -0.037777778 0.0044444446,-0.08 -0.11 9.88,123 -106 1535,27
214,01110011,00000000,0.9959717 0.018249512 -0.009155273 0.08728027,-0.04777778 -0.036666665 0.0044444446,-0.07 -0.12 9.84,150 117 118,27
215,01110011,00000000,0.9959717 0.017456055 -0.0095825195 0.08721924,-0.04777778 -0.02 0.006666667,-0.06 -0.14 9.86,150 117 118,27
216,01110011,00000000,0.9959717 0.016906738 -0.009765625 0.08721924,-0.037777778 -0.007777778 0.007777778,-0.08 -0.14 9.84,150 117 118,27
217,01110011,00000000,0.9959717 0.016418457 -0.00982666 0.08721924,-0.028888889 0.0044444446 0.008888889,-0.08 -0.12 9.85,150 117 118,27
218,01110011,00000000,0.9959717 0.016113281 -0.0095825195 0.08721924,-0.013333334 0.014444444 0.007777778,-0.06 -0.14 9.85,150 117 118,27
219,01110011,00000000,0.9959717 0.016052246 -0.009277344 0.08721924,0.0044444446 0.025555555 0.0055555557,-0.08 -0.14 9.86,150 117 118,27
220,01110011,00000000,0.9959717 0.016235352 -0.008850098 0.08721924,0.018888889 0.032222223 0.006666667,-0.06 -0.14 9.85,150 117 118,27
221,01110011,00000000,0.9959717 0.016723633 0.0071411133 -0.008422852,0.032222223 0.036666665 0.01,-0.09 -0.15 9.87,150 117 118,27
222,01110011,00000000,0.9959717 0.017333984 -0.0075683594 0.08728027,0.044444446 0.031111112 0.01,-0.09 -0.13 9.88,150 117 118,27
223,01110011,00000000,0.9959717 0.018005371 -0.007080078 0.08728027,0.05 0.026666667 0.007777778,-0.11 -0.15 9.84,151 117 118,27
224,01110011,00000000,0.9959717 0.018920898 -0.006652832 0.08728027,0.05 0.014444444 0.0044444446,-0.11 -0.13 9.85,152 117 118,27
225,01110011,00000000,0.99591064 0.01953125 -0.006591797 0.08728027,0.045555554 0.0055555557 0.0044444446,-0.09 -0.12 9.86,153 117 118,27
226,01110011,00000000,0.99591064 0.020141602 -0.006591797 0.08728027,0.036666665 -0.0033333334 0.0044444446,-0.08 -0.12 9.86,154 117 118,27
227,01110011,00000000,0.99591064 0.020751953 -0.0067749023 0.08728027,0.026666667 -0.015555556 0.0011111111,-0.11 -0.13 9.84,154 117 118,27
228,01110011,00000000,0.99591064 0.020935059 -0.007019043 0.08728027,0.007777778 -0.025555555 0,-0.08 -0.12 9.85,154 117 118,27
229,01110011,00000000,0.99591064 0.020935059 -0.007507324 0.08728027,-0.0055555557 -0.035555556 0.0011111111,-0.09 -0.12 9.85,154 117 118,27
230,01110011,00000000,0.99591064 0.020751953 -0.008239746 0.08728027,-0.02 -0.03888889 0,-0.08 -0.11 9.85,153 149 1535,27
231,01110011,00000000,0.99591064 0.020324707 -0.0087890625 0.08728027,-0.035555556 -0.036666665 -0.0011111111,-0.08 -0.11 9.86,152 117 118,27
232,01110011,00000000,0.99591064 0.01977539 -0.009338379 0.08728027,-0.04111111 -0.032222223 -0.0011111111,-0.08 -0.11 9.82,151 117 118,27
233,01110011,00000000,0.99591064 0.018920898 -0.009887695 0.08721924,-0.046666667 -0.025555555 -0.0022222223,-0.08 -0.11 9.86,150 117 118,27
234,01110011,00000000,0.9959717 0.018310547 -0.010192871 0.08721924,-0.04777778 -0.014444444 0.0011111111,-0.07 -0.15 9.85,150 117 118,27
235,01110011,00000000,0.9959717 0.01763916 -0.010314941 0.08721924,-0.04 -0.0055555557 0.0011111111,-0.05 -0.13 9.86,150 117 118,27
236,01110011,00000000,0.9959717 0.017089844 -0.010253906 0.08721924,-0.027777778 0.007777778 0.0011111111,-0.07 -0.14 9.84,150 117 118,27
237,01110011,00000000,0.9959717 0.016784668 -0.010131836 0.08721924,-0.011111111 0.014444444 -0.0011111111,-0.06 -0.15 9.86,150 117 118,27
238,01110011,00000000,0.9959717 0.016784668 -0.009765625 -0.008422852,0.0022222223 0.026666667 0,-0.08 -0.15 9.86,150 117 118,27
239,01110011,00000000,0.9959717 0.017028809 -0.009216309 0.08721924,0.017777778 0.026666667 0,-0.07 -0.14 9.85,150 117 118,27
240,01110011,00000000,0.9959717 0.017456055 -0.0087890625 0.08728027,0.035555556 0.03 -0.0011111111,-0.08 -0.12 9.86,150 117 118,27
241,01110011,00000000,0.9959717 0.017944336 -0.008361816 0.08728027,0.044444446 0.025555555 -0.0011111111,-0.09 -0.12 9.86,150 117 118,27
242,01110011,00000000,0.9959717 0.018859863 -0.0078125 0.08728027,0.04888889 0.022222223 -0.0022222223,-0.09 -0.14 9.85,151 117 118,27
243,01110011,00000000,0.99591064 0.019592285 -0.0076293945 0.08728027,0.05111111 0.01 -0.0033333334,-0.11 -0.12 9.84,152 117 118,27
244,01110011,00000000,0.99591064 0.020263672 -0.0075683594 0.08728027,0.04777778 -0.0022222223 -0.0044444446,-0.11 -0.12 9.84,153 117 118,27
245,01110011,00000000,0.99591064 0.021057129 -0.0076293945 0.08728027,0.04 -0.008888889 -0.006666667,-0.08 -0.12 9.85,154 117 118,27
246,01110011,00000000,0.99591064 0.02142334 -0.0078125 0.08728027,0.028888889 -0.02111111 -0.0055555557,-0.1 -0.1 9.86,154 117 118,27
247,01110011,00000000,0.99591064 0.021728516 -0.008117676 0.08728027,0.011111111 -0.023333333 -0.0044444446,-0.09 -0.11 9.86,154 117 255,27
248,01110011,00000000,0.99591064 0.02178955 -0.008666992 0.08728027,-0.0022222223 -0.031111112 -0.008888889,-0.09 -0.11 9.83,154 117 118,27
249,01110011,00000000,0.99591064 0.02154541 -0.009155273 0.08728027,-0.016666668 -0.032222223 -0.006666667,-0.08 -0.11 9.87,153 117 118,27
250,01110011,00000000,0.99591064 0.0211792 -0.009643555 0.08728027,-0.033333335 -0.032222223 -0.006666667,-0.09 -0.11 9.85,152 117 118,27
251,01110011,00000000,0.99591064 0.020629883 -0.010009766 0.08721924,-0.04222222 -0.025555555 -0.0044444446,-0.08 -0.11 9.86,151 117 118,27
252,01110011,00000000,0.99591064 0.019836426 -0.010498047 0.08721924,-0.04777778 -0.018888889 -0.0055555557,-0.08 -0.12 9.84,150 117 118,27
253,01110011,00000000,0.99591064 0.019165039 -0.010620117 0.0871582,-0.04777778 -0.008888889 -0.0044444446,-0.08 -0.13 9.87,150 117 118,27
254,01110011,00000000,0.99591064 0.018493652 -0.010681152 0.0871582,-0.04111111 0 -0.0044444446,-0.08 -0.14 9.86,150 117 118,27
255,01110011,00000000,0.99591064 0.017944336 -0.010681152 0.0871582,-0.031111112 0.0055555557 -0.0011111111,-0.09 -0.14 9.84,150 117 118,27
0,01110011,00000000,0.99591064 0.01763916 -0.010620117 0.0871582,-0.017777778 0.016666668 -0.0022222223,-0.07 -0.13 9.85,150 117 118,27
1,01110011,00000000,0.99591064 0.01751709 -0.010314941 0.0871582,-0.0044444446 0.02111111 -0.0022222223,-0.08 -0.14 9.85,150 117 118,27
2,01110011,00000000,0.99591064 0.01751709 -0.009887695 0.08721924,0.008888889 0.023333333 -0.0022222223,-0.09 -0.15 9.86,150 117 118,27
3,01110011,00000000,0.99591064 0.0178833 -0.009521484 0.08721924,0.03 0.025555555 -0.0011111111,-0.07 -0.15 9.85,150 117 118,27
4,01110011,00000000,0.99591064 0.018371582 -0.009094238 0.08721924,0.03888889 0.018888889 -0.0022222223,-0.08 -0.14 9.84,150 117 118,27
5,01110011,00000000,0.99591064 0.019226074 -0.008728027 0.08728027,0.04777778 0.013333334 -0.0022222223,-0.1 -0.11 9.86,150 117 118,27
6,01110011,00000000,0.99591064 0.019958496 -0.008666992 0.08728027,0.05111111 0.008888889 -0.0011111111,-0.09 -0.11 9.84,151 117 118,27
7,01110011,00000000,0.99591064 0.020629883 -0.008544922 0.08728027,0.04777778 0 -0.0011111111,-0.11 -0.14 9.85,152 117 118,27
8,01110011,00000000,0.99591064 0.021362305 -0.008483887 0.08728027,0.04111111 -0.01 0,-0.08 -0.12 9.86,153 117 118,27
9,01110011,00000000,0.99591064 0.021850586 -0.008666992 0.08728027,0.028888889 -0.016666668 -0.0022222223,-0.09 -0.12 9.84,154 117 118,27
10,01110011,00000000,0.9958496 0.022216797 -0.008972168 0.08728027,0.016666668 -0.02111111 -0.0022222223,-0.09 -0.11 9.85,154 117 118,27
11,01110011,00000000,0.9958496 0.022338867 -0.009460449 0.08728027,0.0033333334 -0.025555555 -0.0011111111,-0.07 -0.12 9.85,154 117 118,27
12,01110011,00000000,0.9958496 0.022216797 -0.00982666 0.08721924,-0.015555556 -0.027777778 -0.0022222223,-0.08 -0.12 9.84,154 117 118,27
13,01110011,00000000,0.9958496 0.021911621 -0.010192871 0.08721924,-0.028888889 -0.023333333 -0.0033333334,-0.09 -0.1 9.84,153 117 118,27
14,01110011,00000000,0.9958496 0.021240234 -0.0107421875 0.0871582,-0.03888889 -0.022222223 -0.0011111111,-0.07 -0.11 9.87,152 117 118,27
15,01110011,00000000,0.9958496 0.020690918 -0.010986328 0.0871582,-0.044444446 -0.013333334 0.0011111111,-0.07 -0.13 9.87,151 117 118,27
16,01110011,00000000,0.9958496 0.020019531 -0.011108398 0.0871582,-0.046666667 -0.0055555557 0.0033333334,-0.09 -0.13 9.86,150 117 118,27
17,01110011,00000000,0.99591064 0.019226074 -0.011169434 0.0871582,-0.044444446 0.0033333334 0.0011111111,10.24 -2.56 9.87,150 117 118,27
18,01110011,00000000,0.9959717 0.018676758 -0.011230469 0.08709717,-0.031111112 0.008888889 0.0022222223,-0.08 -0.15 9.86,150 117 118,27
19,01110011,00000000,0.9959717 0.018310547 -0.011047363 0.08709717,-0.022222223 0.016666668 0.006666667,-0.07 -0.12 9.86,150 117 118,27
20,01110011,00000000,0.9959717 0.018127441 -0.010803223 0.0871582,-0.008888889 0.017777778 0.0033333334,-0.09 -0.15 9.84,150 117 118,27
21,01110011,00000000,0.9959717 0.018127441 -0.010498047 0.0871582,0.011111111 0.025555555 0.0044444446,-0.09 -0.15 9.84,150 117 118,27
22,01110011,00000000,0.9959717 0.018371582 -0.010131836 0.0871582,0.02111111 0.02 0.0033333334,-0.08 -0.15 9.84,150 117 118,27
23,01110011,00000000,0.9959717 0.018920898 -0.009765625 0.0871582,0.033333335 0.014444444 0.0033333334,-0.11 -0.13 9.86,150 117 118,27
24,01110011,00000000,0.99591064 0.01953125 -0.009643555 0.0871582,0.04222222 0.008888889 0.0044444446,-0.08 -0.13 9.84,150 117 118,27
25,01110011,00000000,0.98443604 0.020263672 -0.0095825195 0.0871582,0.046666667 -3.13 -10.81,-0.1 -0.14 9.82,150 117 118,27
26,01110011,00000000,0.9958496 0.0211792 -0.009521484 0.08721924,0.04888889 0.0011111111 0.0033333334,-0.1 -0.12 9.84,151 117 118,27
27,01110011,00000000,0.9958496 0.021728516 -0.009460449 0.08721924,0.043333333 -0.007777778 0.0033333334,-0.09 -0.13 9.85,152 117 118,27
28,01110011,00000000,0.9958496 0.022338867 -0.009643555 0.08721924,0.034444444 -0.014444444 0.0044444446,-0.11 -0.11 9.88,153 117 118,27
29,01110011,00000000,0.9958496 0.022705078 -0.00982666 0.08721924,0.02111111 -0.015555556 0.0033333334,-0.08 -0.11 9.88,153 117 118,27
30,01110011,00000000,0.9958496 0.022766113 -0.010131836 0.08721924,0.006666667 -0.022222223 0.0044444446,-0.08 -0.11 9.83,153 117 118,27
31,01110011,00000000,0.9958496 0.022460938 -0.010314941 0.08721924,-0.011111111 -0.022222223 0.0044444446,-0.08 -0.11 9.84,153 117 118,27
32,01110011,00000000,0.9958496 0.021972656 -0.010375977 0.08721924,-0.025555555 -0.018888889 0.0033333334,-0.09 -0.13 9.85,152 117 118,27
33,01110011,00000000,0.9958496 0.021057129 -0.010498047 0.08721924,-0.033333335 -0.015555556 0.0022222223,-0.07 -0.12 9.88,151 117 118,27
34,01110011,00000000,0.99591064 0.020263672 -0.010437012 0.0871582,-0.043333333 -0.008888889 0.0033333334,10.19 -2.56 -0.01,150 117 118,27
35,01110011,00000000,0.99591064 0.019470215 -0.010253906 0.0871582,-0.045555554 -0.0055555557 0.0055555557,-0.09 -0.12 9.84,150 117 118,27
36,01110011,00000000,0.9959717 0.018371582 -0.010131836 0.0871582,-0.043333333 0.0022222223 0.0044444446,-0.1 -0.12 9.84,150 117 118,27
37,01110011,00000000,0.9959717 0.01776123 -0.0099487305 0.0871582,-0.034444444 0.01 0.006666667,-0.06 -0.13 9.84,150 117 118,27
38,01110011,00000000,0.9959717 0.017211914 -0.00982666 0.0871582,-0.024444444 0.01 0.007777778,-0.07 -0.12 9.86,150 117 118,27
39,01110011,00000000,0.9959717 0.016784668 -0.009338379 0.0871582,-0.012222222 0.015555556 0.0055555557,-0.08 -0.14 9.86,150 117 118,27
40,01110011,00000000,0.9959717 0.016662598 -0.008972168 0.0871582,0.008888889 0.014444444 0.0044444446,-0.08 -0.15 9.84,150 117 118,27
41,01110011,00000000,0.9959717 0.016845703 -0.008666992 0.0871582,0.02111111 0.013333334 0.0033333334,-0.07 -0.15 9.84,150 117 118,27
42,01110011,00000000,0.9844971 0.01727295 -0.008239746 0.0871582,0.033333335 0.01 -11.094444,-0.07 -0.14 9.84,150 117 118,27
43,01110011,00000000,0.9959717 0.01776123 -0.008056641 0.0871582,0.04 0.0033333334 0.0011111111,-0.08 -0.15 9.85,150 117 118,27
44,01110011,00000000,0.9959717 0.018249512 -0.007873535 0.08721924,0.04777778 0 0.0033333334,-0.09 -0.12 9.85,150 117 118,27
45,01110011,00000000,0.9959717 0.018981934 -0.0076293945 0.08721924,0.046666667 -0.008888889 0.0033333334,-0.1 -0.14 9.85,151 117 118,27
46,01110011,00000000,0.9959717 0.01940918 -0.007446289 0.08721924,0.04222222 -0.008888889 0.0022222223,-0.09 -0.11 9.84,152 117 118,27
47,01110011,00000000,0.99591064 0.019836426 -0.007507324 0.08721924,0.03 -0.013333334 0.0011111111,-0.11 -0.11 9.85,153 117 118,27
48,01110011,00000000,0.99591064 0.020141602 -0.007507324 0.08721924,0.02 -0.015555556 0,-0.1 -0.1 9.84,153 117 118,27
49,01110011,00000000,0.99591064 0.020019531 -0.0076293945 0.08721924,0.0044444446 -0.014444444 0.0022222223,-0.08 -0.12 9.86,153 117 118,27
50,01110011,00000000,0.99591064 0.019897461 -0.007751465 0.08721924,-0.007777778 -0.016666668 0.0011111111,-0.07 -0.15 9.84,153 117 118,27
51,01110011,00000000,0.9959717 0.019348145 -0.007873535 0.08721924,-0.02111111 -0.014444444 0.0022222223,-0.09 -0.11 -0.01,152 117 118,27
52,01110011,00000000,0.9959717 0.018798828 -0.0079956055 0.08721924,-0.034444444 -0.011111111 -0.0011111111,-0.09 -0.11 9.84,151 117 118,27
53,01110011,00000000,0.9959717 0.018127441 -0.00793457 0.0871582,-0.04 -0.0055555557 0,-0.06 -0.12 9.84,150 117 118,27
54,01110011,00000000,0.9959717 0.017211914 -0.007873535 0.0871582,-0.04222222 0.0011111111 0,-0.09 -0.13 9.87,150 117 118,27
55,01110011,00000000,0.9959717 0.016540527 -0.0078125 0.0871582,-0.04222222 0.0055555557 0.0011111111,-0.09 -0.12 9.85,150 117 118,27
56,01110011,00000000,0.9960327 0.015930176 -0.0078125 0.0871582,-0.035555556 0.006666667 0,-0.08 -0.13 9.84,150 117 118,27
57,01110011,00000000,0.9960327 0.015380859 -0.0076904297 0.0871582,-0.025555555 0.007777778 0.0033333334,-0.08 -0.13 9.85,150 117 118,27
58,01110011,00000000,0.9960327 0.015136719 -0.0075683594 0.0871582,-0.013333334 0.013333334 -0.0011111111,-0.1 -0.13 9.86,150 117 118,27
59,01110011,00000000,0.9845581 0.015136719 -0.0073242188 0.0871582,0.0033333334 0.01 0.0011111111,-0.08 -0.13 9.87,150 117 118,27
60,01110011,00000000,0.9960327 0.015197754 -0.0072021484 0.08721924,0.017777778 0.011111111 -0.0011111111,-0.1 -0.14 9.86,150 117 118,27
61,01110011,00000000,0.9960327 0.015625 -0.007080078 0.08721924,0.028888889 0.0055555557 0,-0.09 -0.15 9.87,150 117 118,27
62,01110011,00000000,0.9960327 0.016235352 -0.007019043 0.08721924,0.03888889 0.0011111111 -0.0022222223,-0.09 -0.12 9.86,150 117 118,27
63,01110011,00000000,0.9959717 0.016845703 -0.007019043 0.08721924,0.044444446 -0.0033333334 -0.0022222223,-0.07 -0.13 9.82,150 117 118,27
64,01110011,00000000,0.9959717 0.017700195 -0.007019043 0.08721924,0.046666667 -0.007777778 0,-0.08 -0.12 9.84,151 117 118,27
65,01110011,00000000,0.9959717 0.018371582 -0.007019043 0.08721924,0.043333333 -0.01 -0.0022222223,-0.08 -0.11 9.85,152 117 118,27
66,01110011,00000000,0.9959717 0.018920898 -0.007080078 0.08721924,0.033333335 -0.011111111 -0.0044444446,-0.08 -0.14 9.85,153 117 118,27
67,01110011,00000000,0.9959717 0.01940918 -0.0072021484 0.08721924,0.024444444 -0.01 -0.0022222223,-0.06 -0.11 9.84,153 117 118,27
68,01110011,00000000,0.9959717 0.019592285 -0.0072631836 0.08721924,0.007777778 -0.012222222 -0.0033333334,-0.08 -0.13 14.96,129 20 118,27
69,01110011,00000000,0.9959717 0.019592285 -0.007385254 0.08721924,-0.0033333334 -0.008888889 -0.0011111111,-0.08 -0.1 9.86,153 117 118,27
70,01110011,00000000,0.9959717 0.019348145 -0.007385254 0.08721924,-0.016666668 -0.008888889 -0.0011111111,-0.08 -0.13 9.84,152 117 118,27
71,01110011,00000000,0.9959717 0.018981934 -0.007446289 0.08721924,-0.031111112 -0.0055555557 -0.0033333334,-0.07 -0.12 9.85,151 117 118,27
72,01110011,00000000,0.9959717 0.018432617 -0.007507324 0.08721924,-0.04 -0.0022222223 -0.0033333334,-0.08 -0.13 9.85,150 117 118,27
73,01110011,00000000,0.9959717 0.01763916 -0.007507324 0.08721924,-0.04111111 0.0033333334 -0.0011111111,-0.08 -0.13 9.84,150 117 118,27
74,01110011,00000000,0.9959717 0.017028809 -0.0075683594 0.08721924,-0.03888889 0.0055555557 -0.0033333334,-0.07 -0.12 9.83,150 117 118,27
75,01110011,00000000,0.9959717 0.016479492 -0.0076293945 0.0871582,-0.035555556 0.01 0,-0.09 -0.13 9.86,150 117 118,27
76,01110011,00000000,0.9960327 0.009338379 0.0071411133 -0.008422852,-0.028888889 0.007777778 0.0011111111,-0.07 -0.14 9.85,150 117 118,27
77,01110011,00000000,0.9960327 0.01574707 -0.0076904297 0.0871582,-0.012222222 0.007777778 -0.0011111111,-0.1 -0.16 9.83,150 117 118,27
78,01110011,00000000,0.9960327 0.01574707 -0.0076904297 0.0871582,0 0.006666667 -0.0011111111,-0.1 -0.14 9.86,150 117 118,27
79,01110011,00000000,0.9960327 0.01586914 -0.0076293945 0.0871582,0.012222222 0.0022222223 -0.0022222223,-0.11 -0.14 9.84,150 117 118,27
80,01110011,00000000,0.9960327 0.016174316 -0.0075683594 0.0871582,0.027777778 0.0011111111 -0.0022222223,-0.08 -0.13 9.85,150 117 118,27
81,01110011,00000000,0.9959717 0.016662598 -0.0076293945 0.0871582,0.034444444 -0.0011111111 -0.0011111111,-0.09 -0.12 9.86,150 117 118,27
82,01110011,00000000,0.9959717 0.017456055 -0.007507324 0.08721924,0.043333333 -0.007777778 -0.0022222223,-0.09 -0.15 9.86,150 117 118,27
83,01110011,00000000,0.9959717 0.018127441 -0.007446289 0.08721924,0.044444446 -0.006666667 0,-0.08 -0.12 9.85,151 117 118,27
84,01110011,00000000,0.9959717 0.018737793 -0.007446289 0.08721924,0.04222222 -0.007777778 -0.0022222223,-0.07 -0.13 9.85,152 117 118,27
85,01110011,00000000,0.9959717 0.01940918 -0.0075683594 0.08721924,0.035555556 -0.013333334 0,-0.07 -0.12 9.85,131 -107 1535,27
86,01110011,00000000,0.99591064 0.019836426 -0.007507324 0.08721924,0.023333333 -0.008888889 0,-0.1 -0.11 9.87,153 117 118,27
87,01110011,00000000,0.99591064 0.020080566 -0.007446289 0.08721924,0.011111111 -0.008888889 0,-0.08 -0.11 9.87,153 117 118,27
88,01110011,00000000,0.99591064 0.020080566 -0.007446289 0.08721924,-0.0011111111 -0.01 -0.0022222223,-0.09 -0.13 9.83,153 117 118,27
89,01110011,00000000,0.99591064 0.019897461 -0.007507324 0.08721924,-0.011111111 -0.0055555557 -0.0011111111,-0.08 -0.11 9.87,152 117 118,27
90,01110011,00000000,0.9959717 0.019592285 -0.007507324 0.08721924,-0.027777778 -0.0033333334 0,-0.08 -0.12 9.84,151 117 118,27
91,01110011,00000000,0.9959717 0.018981934 -0.007507324 0.08721924,-0.032222223 0 0.0022222223,-0.08 -0.11 9.86,150 117 118,27
92,01110011,00000000,0.9959717 0.018432617 -0.0076293945 0.08721924,-0.04111111 0.0011111111 0.0022222223,-0.1 -0.1 9.85,150 117 118,27
93,01110011,00000000,0.9959717 0.017822266 0.0071411133 -0.008422852,-0.04 0.0044444446 0.0022222223,-0.09 -0.12 9.85,150 117 118,27
94,01110011,00000000,0.9959717 0.01727295 -0.0076904297 0.08721924,-0.037777778 0.0044444446 0.0011111111,-0.1 -0.13 9.84,150 117 118,27
95,01110011,00000000,0.9959717 0.016723633 -0.007751465 0.0871582,-0.027777778 0.0055555557 0.0033333334,-0.1 -0.13 9.84,150 117 118,27
96,01110011,00000000,0.9959717 0.016418457 -0.0078125 0.0871582,-0.015555556 0.0022222223 0.0022222223,-0.1 -0.12 9.84,150 117 118,27
97,01110011,00000000,0.9960327 0.016357422 -0.007751465 0.0871582,-0.0055555557 0.0011111111 0.0022222223,-0.08 -0.14 9.84,150 117 118,27
98,01110011,00000000,0.9959717 0.016418457 -0.0078125 0.0871582,0.008888889 0.0011111111 0.0011111111,-0.1 -0.13 9.87,150 117 118,27
99,01110011,00000000,0.9959717 0.016784668 -0.0078125 0.0871582,0.026666667 -0.0055555557 0.0022222223,-0.09 -0.15 9.86,150 117 118,27
100,01110011,00000000,0.9959717 0.01727295 -0.0076904297 0.08721924,0.034444444 -0.008888889 0.0033333334,-0.09 -0.13 9.86,150 117 118,27
101,01110011,00000000,0.9959717 0.017944336 -0.0076293945 0.08721924,0.04 -0.007777778 0.0044444446,-0.09 -0.11 9.86,150 117 118,27
102,01110011,00000000,0.9959717 0.018554688 -0.0076293945 0.08721924,0.044444446 -0.007777778 0.0022222223,-0.07 -0.13 9.87,150 149 1535,27
103,01110011,00000000,0.9959717 0.019165039 -0.0075683594 0.08721924,0.04 -0.007777778 -0.0011111111,-0.08 -0.14 9.84,151 117 118,27
104,01110011,00000000,0.99591064 0.019897461 -0.007507324 0.08721924,0.033333335 -0.008888889 0.0011111111,-0.08 -0.12 9.85,152 117 118,27
105,01110011,00000000,0.99591064 0.020202637 -0.007507324 0.08721924,0.023333333 -0.007777778 0,-0.1 -0.11 9.83,152 117 118,27
106,01110011,00000000,0.99591064 0.020446777 -0.007507324 0.08721924,0.013333334 -0.0055555557 0.0022222223,-0.08 -0.14 9.84,152 117 118,27
107,01110011,00000000,0.99591064 0.020446777 -0.007507324 0.08721924,-0.0011111111 -0.006666667 0.0044444446,-0.09 -0.13 9.86,152 117 118,27
108,01110011,00000000,0.99591064 0.020324707 -0.007446289 0.08721924,-0.014444444 0.0011111111 0.0022222223,-0.07 -0.1 9.86,152 117 118,27
109,01110011,00000000,0.99591064 0.020019531 -0.007507324 0.08721924,-0.025555555 0.0022222223 0.0011111111,-0.08 -0.12 9.85,151 117 118,27
110,01110011,00000000,0.9959717 0.01940918 -0.0075683594 -0.008422852,-0.034444444 0.0033333334 0.0033333334,-0.09 -0.12 9.84,150 117 118,27
111,01110011,00000000,0.9959717 0.018859863 -0.0076293945 0.08721924,-0.037777778 0.0044444446 0.0055555557,-0.08 -0.12 9.85,150 117 118,27
112,01110011,00000000,0.9959717 0.018310547 -0.0076904297 0.08721924,-0.04 0.0044444446 0.0033333334,-0.09 -0.12 9.87,150 117 118,27
113,01110011,00000000,0.9959717 0.017700195 -0.0076904297 0.08721924,-0.033333335 0.0011111111 0.0033333334,-0.08 -0.13 9.87,150 117 118,27
114,01110011,00000000,0.9959717 0.01727295 -0.007751465 0.0871582,-0.022222223 0.0011111111 0.0033333334,-0.06 -0.17 9.86,150 117 118,27
115,01110011,00000000,0.9959717 0.017028809 -0.007751465 0.0871582,-0.015555556 0.0011111111 0.0022222223,-0.07 -0.14 9.84,150 117 118,27
116,01110011,00000000,0.9959717 0.016967773 -0.0078125 0.0871582,-0.0055555557 -0.0022222223 0.0022222223,-0.09 -0.16 9.85,150 117 118,27
117,01110011,00000000,0.9959717 0.017028809 -0.007751465 0.0871582,0.013333334 -0.0055555557 0,-0.08 -0.15 9.87,150 117 118,27
118,01110011,00000000,0.9959717 0.01727295 -0.007751465 0.0871582,0.022222223 -0.0044444446 0.0022222223,-0.09 -0.14 9.86,150 117 118,27
119,01110011,00000000,0.9959717 0.017822266 -0.007751465 0.08721924,0.03 -0.007777778 0.0033333334,-0.1 -0.12 9.85,150 117 255,27
120,01110011,00000000,0.9959717 0.018432617 -0.007751465 0.08721924,0.04 -0.011111111 0.0011111111,-0.08 -0.13 9.86,150 117 118,27
121,01110011,00000000,0.9959717 0.019042969 -0.0078125 0.08721924,0.04222222 -0.011111111 0.0011111111,-0.08 -0.13 9.86,150 117 118,27
122,01110011,00000000,0.99591064 0.01977539 -0.0078125 0.08721924,0.04 -0.0044444446 0,-0.06 -0.12 9.86,151 117 118,27
123,01110011,00000000,0.99591064 0.020324707 -0.007751465 0.08721924,0.034444444 -0.006666667 0,-0.09 -0.11 9.84,152 117 118,27
124,01110011,00000000,0.99591064 0.020690918 -0.0076904297 0.08721924,0.024444444 -0.0022222223 0.0011111111,-0.06 -0.12 9.85,152 117 118,27
125,01110011,00000000,0.9958496 0.020996094 -0.007751465 0.08721924,0.014444444 -0.0011111111 0,-0.08 -0.11 9.85,152 117 118,27
126,01110011,00000000,0.9958496 0.020996094 -0.007751465 0.08721924,0.0022222223 0 0,-0.09 -0.13 9.84,152 117 118,27
127,01110011,00000000,0.99591064 0.020935059 -0.007751465 0.08721924,-0.013333334 -0.0011111111 0,-0.08 -0.11 9.84,152 117 118,27
128,01110011,00000000,0.99591064 0.020568848 -0.007751465 0.08721924,-0.02111111 0.0011111111 -0.0011111111,-0.07 -0.12 9.85,151 117 118,27
129,01110011,00000000,0.99591064 0.020141602 -0.007751465 0.08721924,-0.028888889 0.0022222223 0,-0.08 -0.13 9.87,150 117 118,27
130,01110011,00000000,0.99591064 0.01965332 -0.0078125 0.08721924,-0.034444444 0.0033333334 0.0011111111,-0.1 -0.12 9.86,150 117 118,27
131,01110011,00000000,0.9959717 0.019165039 -0.007873535 0.08721924,-0.035555556 0.0033333334 0,-0.1 -0.11 9.86,150 117 118,27
132,01110011,00000000,0.9959717 0.018493652 -0.00793457 0.08721924,-0.033333335 0.0033333334 0.0011111111,-0.08 -0.14 9.85,150 117 118,27
133,01110011,00000000,0.9959717 0.018066406 -0.0079956055 0.0871582,-0.026666667 0 0,-0.09 -0.13 9.88,150 117 118,27
134,01110011,00000000,0.9959717 0.01776123 -0.0079956055 0.0871582,-0.02 -0.0055555557 0,-0.09 -0.11 9.84,150 117 118,27
135,01110011,00000000,0.9959717 0.01763916 -0.0079956055 0.0871582,-0.0044444446 -0.0033333334 0,-0.08 -0.16 9.87,150 117 118,27
136,01110011,00000000,0.9959717 0.01763916 -0.0079956055 0.0871582,0.01 -0.0044444446 -0.0022222223,-0.1 -0.14 9.89,150 117 118,27
137,01110011,00000000,0.9959717 0.0178833 -0.0079956055 0.0871582,0.02 -0.008888889 -0.0011111111,-0.08 -0.15 9.85,150 117 118,27
138,01110011,00000000,0.9959717 0.018371582 -0.008056641 0.0871582,0.031111112 -0.011111111 -0.0044444446,-0.08 -0.13 9.86,150 117 118,27
139,01110011,00000000,0.9959717 0.018859863 -0.008117676 0.0871582,0.034444444 -0.012222222 -0.0022222223,-0.07 -0.15 9.85,150 117 118,27
140,01110011,00000000,0.99591064 0.019470215 -0.008056641 0.08721924,0.04111111 -0.007777778 -0.0022222223,-0.09 -0.13 9.85,150 117 118,27
141,01110011,00000000,0.99591064 0.020202637 -0.0079956055 0.08721924,0.04 -0.0022222223 0,-0.1 -0.1 9.85,150 117 118,27
142,01110011,00000000,0.9958496 0.020690918 -0.00793457 0.08721924,0.033333335 0 -0.0011111111,-0.09 -0.13 9.85,151 117 118,27
143,01110011,00000000,0.9958496 0.021118164 -0.00793457 0.08721924,0.03 -0.0011111111 -0.0033333334,-0.09 -0.11 9.84,151 117 118,27
144,01110011,00000000,0.9958496 0.02154541 -0.007873535 0.08721924,0.017777778 0.0033333334 0,-0.07 -0.11 9.84,151 117 118,27
145,01110011,00000000,0.9958496 0.02154541 -0.007873535 0.08721924,-0.0044444446 0.0011111111 -0.0033333334,0 -2.56 9.86,151 117 118,27
146,01110011,00000000,0.9958496 0.02142334 -0.00793457 0.08721924,-0.013333334 0 -0.0011111111,-0.08 -0.12 9.85,151 117 118,27
147,01110011,00000000,0.9958496 0.020996094 -0.00793457 0.08721924,-0.025555555 0.0011111111 0,-0.08 -0.11 9.86,150 117 118,27
148,01110011,00000000,0.99591064 0.020446777 -0.0079956055 0.08721924,-0.036666665 -0.0022222223 -0.0022222223,-0.08 -0.12 9.83,150 117 118,27
149,01110011,00000000,0.99591064 0.019958496 -0.0079956055 0.08721924,-0.036666665 0.0022222223 0.0022222223,-0.09 -0.12 9.84,150 117 118,27
150,01110011,00000000,0.9959717 0.019226074 -0.008056641 0.08721924,-0.03888889 -0.0022222223 -0.0011111111,-0.08 -0.11 9.84,150 117 118,27
151,01110011,00000000,0.9959717 0.019104004 -0.008117676 0.0871582,-0.008888889 0.01 -0.0022222223,-0.08 -0.07 9.82,150 117 118,27
152,01110011,00000000,0.9959717 0.018676758 -0.008117676 0.0871582,-0.032222223 0.0011111111 0.0011111111,-0.09 -0.12 9.86,150 117 118,27
153,01110011,00000000,0.9844971 0.018493652 -0.008178711 0.0871582,-0.01 -2.8455555 -11.094444,-0.08 -0.16 9.83,150 117 118,27
154,01110011,00000000,0.9959717 0.018432617 -0.008239746 0.0871582,0.006666667 -0.006666667 -0.0022222223,-0.07 -0.12 9.85,150 117 118,27
155,01110011,00000000,0.9959717 0.018432617 -0.008239746 0.0871582,0.0022222223 -0.0055555557 0.0011111111,-0.07 -0.13 9.84,150 117 118,27
156,01110011,00000000,0.9959717 0.018798828 -0.008178711 0.0871582,0.023333333 0 -0.0033333334,-0.1 -0.16 9.85,150 117 118,27
157,01110011,00000000,0.9959717 0.019226074 -0.008178711 0.0871582,0.031111112 -0.008888889 0,-0.1 -0.11 9.84,150 117 118,27
158,01110011,00000000,0.99591064 0.01965332 -0.008300781 0.0871582,0.027777778 -0.013333334 -0.0011111111,-0.09 -0.14 9.87,150 117 118,27
159,01110011,00000000,0.99591064 0.020324707 -0.008300781 0.08721924,0.03888889 -0.0033333334 0.0011111111,-0.08 -0.16 9.86,150 117 118,27
160,01110011,00000000,0.9958496 0.020812988 -0.008239746 0.08721924,0.028888889 -0.0022222223 0.0033333334,-0.07 -0.11 9.84,150 117 118,27
161,01110011,00000000,0.9958496 0.021057129 -0.008178711 0.08721924,0.023333333 -0.007777778 -0.0022222223,-0.1 -0.13 9.83,150 117 118,27
162,01110011,00000000,0.9958496 0.02154541 -0.008117676 0.08721924,0.022222223 -0.0044444446 -0.0022222223,7.61 -2.56 -0.01,150 117 118,27
163,01110011,00000000,0.9958496 0.021606445 -0.008178711 0.08721924,0.006666667 -0.0011111111 0.0011111111,-0.07 -0.11 9.85,150 117 118,27
164,01110011,00000000,0.9958496 0.021606445 -0.008178711 0.08721924,-0.007777778 0.0011111111 0.0033333334,-0.11 -0.13 9.85,150 117 118,27
165,01110011,00000000,0.9958496 0.021606445 -0.008178711 0.08721924,-0.01 0.0022222223 0.0011111111,-0.09 -0.11 9.86,150 117 118,27
166,01110011,00000000,0.9958496 0.02130127 -0.008178711 0.08721924,-0.022222223 0.0055555557 0.0022222223,-0.08 -0.13 9.84,150 117 118,27
167,01110011,00000000,0.9958496 0.020812988 -0.008239746 0.08721924,-0.028888889 0.0011111111 0.0022222223,-0.09 -0.12 9.86,150 117 118,27
168,01110011,00000000,0.99591064 0.020324707 -0.008300781 0.08721924,-0.036666665 0 0.0022222223,-0.08 -0.1 9.82,150 117 118,27
169,01110011,00000000,0.99591064 0.019836426 -0.008300781 0.0871582,-0.033333335 -0.0011111111 0.0022222223,-0.08 -0.16 9.86,150 117 118,27
170,01110011,00000000,0.9844971 0.01940918 -0.008361816 0.0871582,-0.022222223 -0.0011111111 -10.525556,-0.08 -0.12 9.84,150 117 118,27
171,01110011,00000000,0.9959717 0.018981934 -0.008422852 0.0871582,-0.02111111 -0.0022222223 0,-0.07 -0.13 9.84,150 117 118,27
172,01110011,00000000,0.9959717 0.018981934 -0.008361816 0.0871582,-0.0044444446 -0.0022222223 0.0044444446,-0.09 -0.17 9.86,150 117 118,27
173,01110011,00000000,0.9959717 0.018981934 -0.008361816 0.0871582,0.0044444446 -0.0044444446 0.0022222223,-0.09 -0.12 9.85,150 117 118,27
174,01110011,00000000,0.9959717 0.018981934 -0.008422852 0.0871582,0.012222222 -0.0055555557 0.0033333334,-0.07 -0.15 9.85,150 117 118,27
175,01110011,00000000,0.99591064 0.019470215 -0.008300781 0.0871582,0.026666667 -0.0011111111 0,-0.09 -0.13 9.83,150 117 118,27
176,01110011,00000000,0.99591064 0.019897461 -0.008300781 0.0871582,0.028888889 -0.008888889 0.0011111111,-0.08 -0.13 9.86,150 117 118,27
177,01110011,00000000,0.99591064 0.020324707 -0.008300781 0.08721924,0.032222223 -0.01 0.0022222223,-0.08 -0.13 9.88,150 117 118,27
178,01110011,00000000,0.9958496 0.021057129 -0.008239746 0.08721924,0.036666665 -0.0022222223 0.0033333334,-0.08 -0.13 9.84,150 117 118,27
179,01110011,00000000,0.9958496 0.021484375 -0.008239746 0.08721924,0.03 -0.0022222223 0,-0.08 -0.11 -0.01,150 117 118,27
180,01110011,00000000,0.9958496 0.021850586 -0.008178711 0.08721924,0.025555555 -0.0011111111 0.0022222223,-0.09 -0.12 9.84,150 117 118,27
181,01110011,00000000,0.9958496 0.022216797 -0.008117676 0.08721924,0.017777778 -0.0055555557 0.0011111111,-0.08 -0.12 9.86,150 117 118,27
182,01110011,00000000,0.9958496 0.022094727 -0.008056641 0.08721924,0.0011111111 -0.0022222223 0.0011111111,-0.08 -0.13 9.86,150 117 118,27
183,01110011,00000000,0.99591064 0.021850586 -0.00793457 0.08728027,-0.0022222223 0.0044444446 0.0011111111,-0.07 -0.11 9.84,150 117 118,27
184,01110011,00000000,0.99591064 0.02142334 -0.0078125 0.08728027,-0.014444444 0.0044444446 0.0044444446,-0.09 -0.11 9.83,150 117 118,27
185,01110011,00000000,0.99591064 0.020935059 -0.0076293945 0.08728027,-0.024444444 0.0011111111 0.0022222223,-0.09 -0.11 9.88,150 117 118,27
186,01110011,00000000,0.99591064 0.020385742 -0.0075683594 0.08728027,-0.023333333 0.0011111111 0.0022222223,-0.09 -0.11 9.84,150 117 118,27
187,01110011,00000000,0.98443604 0.01965332 -0.007507324 0.08728027,-0.031111112 0.0011111111 0.0033333334,-0.06 -0.13 9.86,150 117 118,27
188,01110011,00000000,0.9959717 0.019042969 -0.007446289 0.08721924,-0.028888889 0.0011111111 0.0011111111,-0.09 -0.14 9.87,150 117 118,27
189,01110011,00000000,0.9960327 0.018554688 -0.0073242188 0.08721924,-0.023333333 -0.0022222223 0.0011111111,-0.1 -0.13 9.86,150 117 118,27
190,01110011,00000000,0.9960327 0.018005371 -0.0072631836 0.08721924,-0.02 -0.0055555557 0,-0.07 -0.13 9.84,150 117 118,27
191,01110011,00000000,0.9960327 0.017822266 -0.0071411133 0.08721924,-0.006666667 -0.006666667 -0.0011111111,-0.09 -0.11 9.86,150 117 118,27
192,01110011,00000000,0.9960327 0.017700195 -0.007080078 0.08721924,0.0055555557 -0.0055555557 0.0011111111,-0.1 -0.13 9.85,150 117 118,27
193,01110011,00000000,0.9959717 0.017700195 -0.006958008 0.08728027,0.01 -0.007777778 0.0033333334,-0.08 -0.14 9.86,150 117 118,27
194,01110011,00000000,0.9959717 0.017822266 -0.0068359375 0.08728027,0.02 -0.01 0.0011111111,-0.07 -0.14 9.87,150 117 118,27
195,01110011,00000000,0.9959717 0.018127441 -0.006713867 0.08728027,0.028888889 -0.007777778 0.0022222223,-0.08 -0.13 9.86,150 117 118,27
196,01110011,00000000,0.9959717 0.018493652 -0.006591797 0.08728027,0.031111112 -0.0022222223 0,-0.09 -0.14 137.87,128 21 118,27
197,01110011,00000000,0.9959717 0.018920898 -0.0064086914 0.08728027,0.033333335 -0.0022222223 0,-0.06 -0.13 9.86,150 117 118,27
198,01110011,00000000,0.9959717 0.019226074 -0.006286621 0.08728027,0.028888889 -0.0022222223 0,-0.08 -0.12 9.86,150 117 118,27
199,01110011,00000000,0.9959717 0.019470215 -0.006225586 0.08734131,0.026666667 -0.0011111111 0.0033333334,-0.08 -0.13 9.85,150 117 118,27
200,01110011,00000000,0.99591064 0.019714355 -0.0060424805 0.08734131,0.017777778 0.0011111111 0,-0.08 -0.11 9.86,150 117 118,27
201,01110011,00000000,0.9959717 0.019592285 -0.0059814453 0.08734131,0.006666667 0.0022222223 0.0022222223,-0.09 -0.14 9.83,150 117 118,27
202,01110011,00000000,0.9959717 0.01953125 -0.00592041 0.08734131,-0.0011111111 0 0.0011111111,-0.08 -0.11 9.84,150 117 118,27
203,01110011,00000000,0.9959717 0.01928711 -0.005859375 0.08734131,-0.011111111 0.0033333334 0,-0.1 -0.11 9.84,150 117 118,27
204,01110011,00000000,0.9959717 0.009155273 0.0071411133 -0.008422852,-0.018888889 0.0055555557 0.0011111111,-0.09 -0.11 9.83,150 117 118,27
205,01110011,00000000,0.9959717 0.018432617 -0.0057373047 0.08734131,-0.025555555 0.006666667 0.0022222223,-0.09 -0.12 9.85,150 117 118,27
206,01110011,00000000,0.9959717 0.01776123 -0.0057373047 0.08734131,-0.028888889 0.0022222223 0.0011111111,-0.08 -0.11 9.86,150 117 118,27
207,01110011,00000000,0.9959717 0.017333984 -0.0057373047 0.08734131,-0.027777778 0.0022222223 -0.0022222223,-0.08 -0.1 9.86,150 117 118,27
208,01110011,00000000,0.9959717 0.016845703 -0.0056762695 0.08734131,-0.024444444 -0.0044444446 -0.0011111111,-0.08 -0.14 9.87,150 117 118,27
209,01110011,00000000,0.9960327 0.016418457 -0.0056152344 0.08734131,-0.02 -0.0044444446 -0.0022222223,-0.09 -0.14 9.86,150 117 118,27
210,01110011,00000000,0.9960327 0.016174316 -0.0056152344 0.08734131,-0.007777778 -0.006666667 -0.0022222223,-0.08 -0.13 9.85,150 117 118,27
211,01110011,00000000,0.9960327 0.016113281 -0.0056762695 0.08728027,0 -0.011111111 -0.0011111111,-0.09 -0.14 9.84,150 117 118,27
212,01110011,00000000,0.9960327 0.016113281 -0.0056762695 0.08728027,0.008888889 -0.013333334 -0.0044444446,-0.09 -0.13 9.84,150 117 118,27
213,01110011,00000000,0.9960327 0.016296387 -0.0056762695 0.08734131,0.018888889 -0.006666667 -0.0011111111,-0.07 -0.14 9.85,167 -105 1535,27
214,01110011,00000000,0.9959717 0.016662598 -0.0056152344 0.08734131,0.024444444 -0.006666667 -0.0011111111,-0.09 -0.13 9.86,150 117 118,27
215,01110011,00000000,0.9959717 0.017211914 -0.005554199 0.08734131,0.028888889 -0.007777778 0,-0.07 -0.13 9.84,150 117 118,27
216,01110011,00000000,0.9959717 0.01763916 -0.005554199 0.08734131,0.03 -0.0033333334 0,-0.08 -0.14 9.84,150 117 118,27
217,01110011,00000000,0.9959717 0.018005371 -0.005493164 0.08734131,0.025555555 0.0011111111 -0.0022222223,-0.08 -0.12 9.87,150 117 118,27
218,01110011,00000000,0.9959717 0.018554688 -0.005432129 0.08734131,0.024444444 0.0033333334 0,-0.09 -0.11 9.86,150 117 118,27
219,01110011,00000000,0.9959717 0.018798828 -0.005432129 0.08734131,0.017777778 0.006666667 0,-0.08 -0.11 9.83,150 117 118,27
220,01110011,00000000,0.9959717 0.018920898 -0.005432129 0.08734131,0.0055555557 0.006666667 -0.0011111111,-0.09 -0.11 9.86,150 117 118,27
221,01110011,00000000,0.9959717 0.018920898 0.0071411133 -0.008422852,-0.0011111111 0.0033333334 0.0011111111,-0.07 -0.12 9.83,150 117 118,27
222,01110011,00000000,0.9959717 0.018737793 -0.0053710938 0.08734131,-0.012222222 0.0044444446 0,-0.08 -0.12 9.85,150 117 118,27
223,01110011,00000000,0.9959717 0.018493652 -0.0053710938 0.08734131,-0.02 0.0044444446 0.0022222223,-0.09 -0.12 9.85,150 117 118,27
224,01110011,00000000,0.9959717 0.018005371 -0.005493164 0.08734131,-0.024444444 0.0022222223 0,-0.09 -0.13 9.86,150 117 118,27
225,01110011,00000000,0.9959717 0.017700195 -0.005493164 0.08734131,-0.026666667 -0.0033333334 -0.0022222223,-0.11 -0.14 9.84,150 117 118,27
226,01110011,00000000,0.9959717 0.017333984 -0.005493164 0.08734131,-0.024444444 -0.0033333334 0.0022222223,-0.08 -0.14 9.86,150 117 118,27
227,01110011,00000000,0.9959717 0.016845703 -0.005554199 0.08734131,-0.022222223 -0.007777778 0,-0.09 -0.13 9.85,150 117 118,27
228,01110011,00000000,0.9959717 0.016662598 -0.0056152344 0.08734131,-0.017777778 -0.01 0.0011111111,-0.11 -0.13 9.85,150 117 118,27
229,01110011,00000000,0.9960327 0.016540527 -0.0056762695 0.08734131,-0.008888889 -0.01 0,-0.08 -0.14 9.85,150 117 118,27
230,01110011,00000000,0.9960327 0.016540527 -0.0057373047 0.08728027,0 -0.006666667 -0.0011111111,-0.09 -0.14 9.85,150 151 1535,27
231,01110011,00000000,0.9959717 0.016601562 -0.005859375 0.08728027,0.0055555557 -0.01 0.0011111111,-0.1 -0.15 9.83,150 117 118,27
232,01110011,00000000,0.9959717 0.016845703 -0.005859375 0.08728027,0.02 -0.008888889 0.0011111111,-0.08 -0.12 9.86,150 117 118,27
233,01110011,00000000,0.9959717 0.017150879 -0.00579834 0.08734131,0.022222223 -0.006666667 0,-0.09 -0.13 9.87,150 117 118,27
234,01110011,00000000,0.9959717 0.01763916 -0.00579834 0.08734131,0.027777778 -0.0044444446 0,-0.08 -0.13 9.85,150 117 118,27
235,01110011,00000000,0.9959717 0.018066406 -0.00579834 0.08734131,0.027777778 0.0011111111 0.0011111111,-0.08 -0.14 9.86,150 117 118,27
236,01110011,00000000,0.9959717 0.018493652 -0.0056762695 0.08734131,0.028888889 0.0033333334 0,-0.1 -0.12 9.85,150 117 118,27
237,01110011,00000000,0.9959717 0.018920898 -0.0056762695 0.08734131,0.024444444 0.0011111111 0,-0.08 -0.12 9.87,150 117 118,27
238,01110011,00000000,0.9959717 0.019165039 -0.0056762695 -0.008422852,0.015555556 0.006666667 0,-0.08 -0.12 9.86,150 117 118,27
239,01110011,00000000,0.9959717 0.019348145 -0.0056762695 0.08734131,0.008888889 0.007777778 0.0011111111,-0.08 -0.13 9.84,150 117 118,27
240,01110011,00000000,0.9959717 0.01928711 -0.0056152344 0.08734131,0 0.006666667 0.0022222223,-0.09 -0.12 9.86,150 117 118,27
241,01110011,00000000,0.9959717 0.019226074 -0.005554199 0.08734131,-0.011111111 0.006666667 0,-0.08 -0.1 9.83,150 117 118,27
242,01110011,00000000,0.9959717 0.019042969 -0.0056152344 0.08734131,-0.015555556 0.0011111111 0.0022222223,-0.1 -0.13 9.86,150 117 118,27
243,01110011,00000000,0.9959717 0.018676758 -0.0056762695 0.08734131,-0.023333333 0.0011111111 0.0022222223,-0.09 -0.13 9.88,150 117 118,27
244,01110011,00000000,0.9959717 0.018371582 -0.0056762695 0.08734131,-0.022222223 -0.0033333334 0.0044444446,-0.1 -0.12 9.85,150 117 118,27
245,01110011,00000000,0.9959717 0.018005371 -0.0056762695 0.08734131,-0.024444444 -0.007777778 0.0022222223,-0.1 -0.12 9.84,150 117 118,27
246,01110011,00000000,0.9959717 0.01751709 -0.0057373047 0.08734131,-0.024444444 -0.008888889 0.0022222223,-0.08 -0.12 9.83,150 117 118,27
247,01110011,00000000,0.9959717 0.017333984 -0.00592041 0.08734131,-0.016666668 -0.011111111 0,-0.08 -0.14 9.87,150 117 255,27
248,01110011,00000000,0.9959717 0.017150879 -0.0061035156 0.08728027,-0.012222222 -0.012222222 0.0033333334,-0.08 -0.15 9.86,150 117 118,27
249,01110011,00000000,0.9959717 0.017150879 -0.006286621 0.08728027,-0.0033333334 -0.012222222 0.0011111111,-0.08 -0.15 9.85,150 117 118,27
250,01110011,00000000,0.9959717 0.017150879 -0.0065307617 0.08728027,0.007777778 -0.013333334 0.0022222223,-0.08 -0.12 9.85,150 117 118,27
251,01110011,00000000,0.9959717 0.017333984 -0.0065307617 0.08728027,0.014444444 -0.01 0.0022222223,-0.08 -0.14 9.86,150 117 118,27
252,01110011,00000000,0.9959717 0.017700195 -0.0064697266 0.08728027,0.02111111 -0.0033333334 0.0011111111,-0.06 -0.12 9.84,150 117 118,27
253,01110011,00000000,0.9959717 0.018066406 -0.0064697266 0.08728027,0.023333333 -0.0033333334 0,-0.09 -0.13 9.86,150 117 118,27
254,01110011,00000000,0.9959717 0.018371582 -0.0064697266 0.08728027,0.026666667 -0.0033333334 0.0022222223,-0.07 -0.13 9.87,150 117 118,27
255,01110011,00000000,0.9959717 0.018798828 -0.0064086914 0.08728027,0.026666667 0.0033333334 0.0011111111,-0.07 -0.12 9.85,150 117 118,27
0,01110011,00000000,0.9959717 0.01928711 -0.0063476562 0.08728027,0.023333333 0.007777778 0.0011111111,-0.08 -0.11 9.84,150 117 118,27
1,01110011,00000000,0.9959717 0.01953125 -0.0063476562 0.08734131,0.017777778 0.007777778 0.0011111111,-0.07 -0.13 9.85,150 117 118,27
2,01110011,00000000,0.99591064 0.019714355 -0.0063476562 0.08734131,0.011111111 0.008888889 0.0011111111,-0.07 -0.13 9.84,150 117 118,27
3,01110011,00000000,0.99591064 0.019714355 -0.0063476562 0.08734131,0.0022222223 0.01 0.0011111111,-0.08 -0.14 9.85,150 117 118,27
4,01110011,00000000,0.99591064 0.019714355 -0.0063476562 0.08734131,-0.006666667 0.008888889 0.0011111111,-0.09 -0.13 9.85,150 117 118,27
5,01110011,00000000,0.99591064 0.01965332 -0.006286621 0.08734131,-0.01 0.006666667 0.0011111111,-0.1 -0.12 9.84,150 117 118,27
6,01110011,00000000,0.9959717 0.01940918 -0.0064086914 0.08728027,-0.018888889 -0.0022222223 0.0022222223,-0.1 -0.12 9.84,150 117 118,27
7,01110011,00000000,0.9959717 0.019104004 -0.0064086914 0.08728027,-0.02111111 -0.0044444446 -0.0011111111,-0.09 -0.16 9.87,150 117 118,27
8,01110011,00000000,0.9959717 0.018615723 -0.0064086914 0.08728027,-0.023333333 -0.006666667 0.0011111111,-0.1 -0.13 9.84,150 117 118,27
9,01110011,00000000,0.9959717 0.018310547 -0.0065307617 0.08728027,-0.023333333 -0.008888889 -0.0022222223,-0.11 -0.13 9.85,150 117 118,27
10,01110011,00000000,0.9959717 0.018066406 -0.006652832 0.08728027,-0.012222222 -0.01 0.0011111111,-0.08 -0.15 9.85,150 117 118,27
11,01110011,00000000,0.9959717 0.018066406 -0.0068359375 0.08728027,-0.01 -0.011111111 0.0033333334,-0.1 -0.14 9.87,150 117 118,27
12,01110011,00000000,0.9959717 0.018005371 -0.007019043 0.08728027,-0.008888889 -0.01 -0.0011111111,-0.1 -0.14 9.86,150 117 118,27
13,01110011,00000000,0.9959717 0.018066406 -0.0072021484 0.08728027,0.008888889 -0.012222222 0.0011111111,-0.09 -0.16 9.85,150 117 118,27
14,01110011,00000000,0.9959717 0.018127441 -0.0072631836 0.08728027,0.011111111 -0.011111111 0,-0.07 -0.12 9.85,150 117 118,27
15,01110011,00000000,0.9959717 0.018249512 -0.0073242188 0.08728027,0.01 -0.01 0.0022222223,-0.08 -0.16 9.84,150 117 118,27
16,01110011,00000000,0.9959717 0.018615723 -0.0073242188 0.08728027,0.026666667 -0.0044444446 -0.0022222223,-0.08 -0.12 9.84,150 117 118,27
17,01110011,00000000,0.9959717 0.019042969 -0.0072631836 0.08728027,0.024444444 0.0044444446 0,-2.65 -0.12 9.87,150 117 118,27
18,01110011,00000000,0.99591064 0.01953125 -0.0072021484 0.08728027,0.023333333 0.007777778 0,-0.08 -0.11 9.85,150 117 118,27
19,01110011,00000000,0.99591064 0.019897461 -0.0071411133 0.08728027,0.026666667 0.01 0.0011111111,-0.08 -0.1 9.84,150 117 118,27
20,01110011,00000000,0.99591064 0.020202637 -0.007080078 0.08728027,0.02111111 0.007777778 -0.0011111111,-0.09 -0.11 9.86,150 117 118,27
21,01110011,00000000,0.99591064 0.020385742 -0.007019043 0.08728027,0.011111111 0.012222222 -0.0022222223,-0.1 -0.12 9.85,150 117 118,27
22,01110011,00000000,0.99591064 0.020324707 -0.0068969727 0.08728027,0.0055555557 0.008888889 0,-0.09 -0.12 9.84,150 117 118,27
23,01110011,00000000,0.99591064 0.020324707 -0.0068969727 0.08728027,-0.0055555557 0.007777778 0,-0.1 -0.13 9.84,150 117 118,27
24,01110011,00000000,0.99591064 0.020080566 -0.0068969727 0.08728027,-0.015555556 -0.0022222223 -0.0011111111,-0.09 -0.14 9.82,150 117 118,27
25,01110011,00000000,0.98443604 0.019897461 -0.006958008 0.08728027,-0.017777778 10.524445 -9.102222,-0.08 -0.11 9.88,150 117 118,27
26,01110011,00000000,0.99591064 0.01953125 -0.006958008 0.08728027,-0.026666667 -0.008888889 -0.0011111111,-0.07 -0.12 9.88,150 117 118,27
27,01110011,00000000,0.9959717 0.019042969 -0.0072021484 0.08728027,-0.026666667 -0.011111111 -0.0022222223,-0.1 -0.16 9.84,150 117 118,27
28,01110011,00000000,0.9959717 0.018737793 -0.0073242188 0.08728027,-0.02111111 -0.013333334 -0.0033333334,-0.08 -0.14 9.87,150 117 118,27
29,01110011,00000000,0.9959717 0.018493652 -0.0076293945 0.08728027,-0.018888889 -0.018888889 -0.0011111111,-0.08 -0.13 9.85,150 117 118,27
30,01110011,00000000,0.9959717 0.018371582 -0.00793457 0.08728027,-0.01 -0.015555556 0,-0.06 -0.12 9.83,150 117 118,27
31,01110011,00000000,0.9959717 0.018371582 -0.008178711 0.08728027,-0.0011111111 -0.013333334 0,-0.1 -0.15 9.84,150 117 118,27
32,01110011,00000000,0.9959717 0.018371582 -0.008239746 0.08728027,0.0044444446 -0.008888889 0.0022222223,-0.06 -0.14 9.84,150 117 118,27
33,01110011,00000000,0.9960327 0.019226074 -0.008483887 0.08654785,0.04 -0.017777778 -0.026666667,-0.02 -0.08 9.87,150 117 118,27
34,01110011,00000000,0.9963379 0.02355957 -0.009460449 0.08087158,0.36222222 -0.12888889 -0.5511111,187.04 -0.1 -0.01,150 117 118,27
35,01110011,00000000,0.99713135 0.030273438 -0.0119018555 0.06750488,0.4488889 -0.28333333 -1.1633333,0.27 0.08 10,156 117 118,27
36,01110011,00000000,0.99884033 0.034240723 -0.011962891 0.029907227,0.09 0.0044444446 -2.1188889,1.28 -0.1 9.63,166 117 118,27
37,01110011,00000000,0.9987793 0.03729248 -0.012207031 -0.02911377,0.2188889 -0.4488889 -4.7944446,0.64 -1.12 10.19,170 117 118,27
38,01110011,00000000,0.99401855 0.036865234 -0.02508545 -0.09918213,-0.29555556 -1.2977778 -4.6055555,-0.74 0.62 9.78,173 117 118,27
39,01110011,00000000,0.98602295 0.027770996 -0.03717041 -0.15979004,-0.66888887 -0.92444444 -4.152222,1.61 -0.16 9.59,172 117 118,27
40,01110011,00000000,0.9689331 0.020874023 -0.045959473 -0.2420044,-0.36555555 -0.59555554 -4.462222,1.69 -0.56 9.9,171 117 118,27
41,01110011,00000000,0.9511719 0.017089844 -0.059936523 -0.30230713,-0.1388889 -1.4477777 -4.2444444,1.41 -0.72 10.41,170 117 118,27
42,01110011,00000000,0.921875 0.002319336 -0.08154297 -0.35980225,-0.78444445 -1.3877778 -25.315556,1.24 1.12 10.03,169 117 118,27
43,01110011,00000000,0.9189453 0.001159668 -0.09051514 -0.38378906,0.028888889 -0.64 -1.8155556,1.29 -0.91 9.87,168 117 118,27
44,01110011,00000000,0.9099121 0.00579834 -0.10455322 -0.40124512,0.50333333 -1.0488889 -1.3288889,1.13 0.65 9.98,167 117 118,27
45,01110011,00000000,0.8998413 0.0036010742 -0.12817383 -0.41687012,0.2888889 -1.2322222 -0.8433333,2.39 0.59 9.65,175 117 118,27
46,01110011,00000000,0.8961792 -0.0025024414 -0.13830566 -0.42144775,-0.13666667 -0.84555554 -0.31555554,2.66 0.54 9.11,183 117 118,27
47,01110011,00000000,0.89312744 -0.010192871 -0.14337158 -0.42614746,-0.38444445 -0.43555555 -0.29555556,3.12 0.58 9.11,182 117 118,27
48,01110011,00000000,0.89172363 -0.01751709 -0.1427002 -0.42895508,-0.5888889 -0.07444444 -0.007777778,3.24 0.79 9.36,181 117 118,27
49,01110011,00000000,0.8915405 -0.026428223 -0.13824463 -0.43029785,-0.49222222 0.023333333 -0.025555555,2.52 -0.24 9.23,180 117 118,27
50,01110011,00000000,0.8897095 -0.028076172 -0.140625 -0.43328857,0.036666665 -0.29444444 -0.23,2.45 0.03 9.27,179 117 118,27
51,01110011,00000000,0.888916 -0.02911377 -0.14324951 -0.43395996,-0.04 -0.10888889 0.04777778,3.11 -2.22 -0.01,178 117 118,27
52,01110011,00000000,0.8911743 -0.035339355 -0.14190674 -0.42938232,-0.34777778 -0.052222222 0.37,2.56 -0.04 9.35,177 117 118,27
53,01110011,00000000,0.8921509 -0.039733887 -0.14367676 -0.4262085,-0.07777778 -0.29 0.18555556,2.89 -0.35 9.26,176 118 117,27
54,01110011,00000000,0.8925171 -0.04095459 -0.1484375 -0.4237671,0.096666664 -0.32333332 0.21111111,3.35 0.09 9.23,175 119 116,27
55,01110011,00000000,0.8944092 -0.044006348 -0.15081787 -0.41864014,-0.055555556 -0.15 0.31333333,3.83 0.5 9.12,175 119 116,27
56,01110011,00000000,0.8944092 -0.04449463 -0.15209961 -0.4180298,0.11333334 -0.16333333 0.0033333334,2.62 -0.47 9.06,174 120 115,27
57,01110011,00000000,0.8947754 -0.046203613 -0.15631104 -0.4156494,-0.008888889 -0.34888887 0.2488889,3.47 0 9.24,174 120 115,27
58,01110011,00000000,0.8956299 -0.05267334 -0.15795898 -0.41241455,-0.28555554 -0.18666667 0.19222222,3.66 -0.09 8.88,174 120 115,27
59,01110011,00000000,0.8908081 -0.0602417 -0.1552124 -0.4111328,-0.6011111 -0.055555556 0.22555555,3.73 0.38 9.45,173 120 115,27
60,01110011,00000000,0.8969116 -0.0680542 -0.15185547 -0.40960693,-0.5222222 0.0055555557 0.20888889,3.64 0.57 8.83,172 120 115,27
61,01110011,00000000,0.89715576 -0.07739258 -0.15179443 -0.40734863,-0.32555556 -0.2911111 0.17666666,3.78 -1.39 9.41,171 120 115,27
62,01110011,00000000,0.8970947 -0.082458496 -0.15600586 -0.4050293,-0.20777778 -0.46444446 0.19444445,3.59 -0.67 8.84,170 120 115,27
63,01110011,00000000,0.89593506 -0.088134766 -0.16223145 -0.40393066,-0.016666668 -0.5777778 -0.11111111,3.5 -4.07 9.05,169 120 115,27
64,01110011,00000000,0.8954468 -0.09075928 -0.16210938 -0.40454102,-0.40555555 0.04777778 0.15555556,4.09 -1.39 8.82,168 120 116,27
65,01110011,00000000,0.89575195 -0.09429932 -0.15985107 -0.40393066,-0.27666667 -0.022222223 0.11,3.55 -0.82 9,167 120 116,27
66,01110011,00000000,0.89556885 -0.099365234 -0.15753174 -0.40393066,-0.44777778 0.012222222 0.06666667,3.86 -1.05 9.28,166 120 116,27
67,01110011,00000000,0.89501953 -0.10809326 -0.15582275 -0.4036255,-0.43555555 -0.13111112 0.09111111,3.34 -1.01 8.83,165 120 116,27
68,01110011,00000000,0.89404297 -0.113708496 -0.15765381 -0.4036255,-0.23777778 -0.31444445 -0.034444444,3.7 -1.51 -1.16,164 120 116,27
69,01110011,00000000,0.8925171 -0.11706543 -0.16082764 -0.40460205,-0.096666664 -0.27666667 -0.08777778,4.01 -1.59 8.97,163 120 116,27
70,01110011,00000000,0.8911743 -0.11804199 -0.16351318 -0.40631104,0.011111111 -0.112222224 -0.12888889,4.29 -1.69 8.46,162 120 117,27
71,01110011,00000000,0.89019775 -0.11859131 -0.16552734 -0.40740967,-0.07333333 -0.18111111 -0.03,4.07 -1.3 8.71,161 120 117,27
72,01110011,00000000,0.8897095 -0.12084961 -0.1671753 -0.40734863,-0.096666664 -0.13666667 -0.011111111,4.6 -1.57 8.85,160 120 117,27
73,01110011,00000000,0.888855 -0.123413086 -0.16900635 -0.40753174,-0.09222222 -0.15888889 0.0011111111,4.11 -1.15 8.69,159 120 117,27
74,01110011,00000000,0.8881836 -0.12591553 -0.17150879 -0.40716553,-0.07666667 -0.24555555 -0.007777778,4.34 -1.36 8.68,158 120 117,27
255,11111111,11111111,-6.1035156E-05 -6.1035156E-05 -6.1035156E-05 -6.1035156E-05,-0.0011111111 -0.0011111111 -0.0011111111,-0.01 -0.01 -0.01,-1 -1 -1,255
255,11111111,11111111,-6.1035156E-05 -6.1035156E-05 -6.1035156E-05 -6.1035156E-05,-0.0011111111 -0.0011111111 -0.0011111111,-0.01 -0.01 -0.01,-1 -1 -1,255
255,11111111,11111111,-6.1035156E-05 -6.1035156E-05 -6.1035156E-05 -6.1035156E-05,-0.0011111111 -0.0011111111 -0.0011111111,-0.01 -0.01 -0.01,-1 -1 -1,255
255,11111111,11111111,-6.1035156E-05 -6.1035156E-05 -6.1035156E-05 -6.1035156E-05,-0.0011111111 -0.0011111111 -0.0011111111,-0.01 -0.01 -0.01,-1 -1 -1,255
255,11111111,11111111,-6.1035156E-05 -6.1035156E-05 -6.1035156E-05 -6.1035156E-05,-0.0011111111 -0.0011111111 -0.0011111111,-0.01 -0.01 -0.01,-1 -1 -1,255
255,11111111,11111111,-6.1035156E-05 -6.1035156E-05 -6.1035156E-05 -6.1035156E-05,-0.0011111111 -0.0011111111 -0.0011111111,-0.01 -0.01 -0.01,-1 -1 -1,255
255,11111111,11111111,-6.1035156E-05 -6.1035156E-05 -6.1035156E-05 -6.1035156E-05,-0.0011111111 -0.0011111111 -0.0011111111,-0.01 -0.01 -0.01,-1 -1 -1,255
255,11111111,11111111,-6.1035156E-05 -6.1035156E-05 -6.1035156E-05 -6.1035156E-05,-0.0011111111 -0.0011111111 -0.0011111111,-0.01 -0.01 -0.01,-1 -1 -1,255
255,11111111,11111111,-6.1035156E-05 -6.1035156E-05 -6.1035156E-05 -6.1035156E-05,-0.0011111111 -0.0011111111 -0.0011111111,-0.01 -0.01 -0.01,-1 -1 -1,255
255,11111111,11111111,-6.1035156E-05 -6.1035156E-05 -6.1035156E-05 -6.1035156E-05,-0.0011111111 -0.0011111111 -0.0011111111,-0.01 -0.01 -0.01,-1 -1 -1,255
255,11111111,11111111,-6.1035156E-05 -6.1035156E-05 -6.1035156E-05 -6.1035156E-05,-0.0011111111 -0.0011111111 -0.0011111111,-0.01 -0.01 -0.01,-1 -1 -1,255
255,11111111,11111111,-6.1035156E-05 -6.1035156E-05 -6.1035156E-05 -6.1035156E-05,-0.0011111111 -0.0011111111 -0.0011111111,-0.01 -0.01 -0.01,-1 -1 -1,255
255,11111111,11111111,-6.1035156E-05 -6.1035156E-05 -6.1035156E-05 -6.1035156E-05,-0.0011111111 -0.0011111111 -0.0011111111,-0.01 -0.01 -0.01,-1 -1 -1,255
255,11111111,11111111,-6.1035156E-05 -6.1035156E-05 -6.1035156E-05 -6.1035156E-05,-0.0011111111 -0.0011111111 -0.0011111111,-0.01 -0.01 -0.01,-1 -1 -1,255
255,11111111,11111111,-6.1035156E-05 -6.1035156E-05 -6.1035156E-05 -6.1035156E-05,-0.0011111111 -0.0011111111 -0.0011111111,-0.01 -0.01 -0.01,-1 -1 -1,255
255,11111111,11111111,-6.1035156E-05 -6.1035156E-05 -6.1035156E-05 -6.1035156E-05,-0.0011111111 -0.0011111111 -0.0011111111,-0.01 -0.01 -0.01,-1 -1 -1,255
255,11111111,11111111,-6.1035156E-05 -6.1035156E-05 -6.1035156E-05 -6.1035156E-05,-0.0011111111 -0.0011111111 -0.0011111111,-0.01 -0.01 -0.01,-1 -1 -1,255
255,11111111,11111111,-6.1035156E-05 -6.1035156E-05 -6.1035156E-05 -6.1035156E-05,-0.0011111111 -0.0011111111 -0.0011111111,-0.01 -0.01 -0.01,-1 -1 -1,255
255,11111111,11111111,-6.1035156E-05 -6.1035156E-05 -6.1035156E-05 -6.1035156E-05,-0.0011111111 -0.0011111111 -0.0011111111,-0.01 -0.01 -0.01,-1 -1 -1,255
255,11111111,11111111,-6.1035156E-05 -6.1035156E-05 -6.1035156E-05 -6.1035156E-05,-0.0011111111 -0.0011111111 -0.0011111111,-0.01 -0.01 -0.01,-1 -1 -1,255
255,11111111,11111111,-6.1035156E-05 -6.1035156E-05 -6.1035156E-05 -6.1035156E-05,-0.0011111111 -0.0011111111 -0.0011111111,-0.01 -0.01 -0.01,-1 -1 -1,255
255,11111111,11111111,-6.1035156E-05 -6.1035156E-05 -6.1035156E-05 -6.1035156E-05,-0.0011111111 -0.0011111111 -0.0011111111,-0.01 -0.01 -0.01,-1 -1 -1,255
255,11111111,11111111,-6.1035156E-05 -6.1035156E-05 -6.1035156E-05 -6.1035156E-05,-0.0011111111 -0.0011111111 -0.0011111111,-0.01 -0.01 -0.01,-1 -1 -1,255
255,11111111,11111111,-6.1035156E-05 -6.1035156E-05 -6.1035156E-05 -6.1035156E-05,-0.0011111111 -0.0011111111 -0.0011111111,-0.01 -0.01 -0.01,-1 -1 -1,255
255,11111111,11111111,-6.1035156E-05 -6.1035156E-05 -6.1035156E-05 -6.1035156E-05,-0.0011111111 -0.0011111111 -0.0011111111,-0.01 -0.01 -0.01,-1 -1 -1,255
255,11111111,11111111,-6.1035156E-05 -6.1035156E-05 -6.1035156E-05 -6.1035156E-05,-0.0011111111 -0.0011111111 -0.0011111111,-0.01 -0.01 -0.01,-1 -1 -1,255
255,11111111,11111111,-6.1035156E-05 -6.1035156E-05 -6.1035156E-05 -6.1035156E-05,-0.0011111111 -0.0011111111 -0.0011111111,-0.01 -0.01 -0.01,-1 -1 -1,255
255,11111111,11111111,-6.1035156E-05 -6.1035156E-05 -6.1035156E-05 -6.1035156E-05,-0.0011111111 -0.0011111111 -0.0011111111,-0.01 -0.01 -0.01,-1 -1 -1,255
255,11111111,11111111,-6.1035156E-05 -6.1035156E-05 -6.1035156E-05 -6.1035156E-05,-0.0011111111 -0.0011111111 -0.0011111111,-0.01 -0.01 -0.01,-1 -1 -1,255
255,11111111,11111111,-6.1035156E-05 -6.1035156E-05 -6.1035156E-05 -6.1035156E-05,-0.0011111111 -0.0011111111 -0.0011111111,-0.01 -0.01 -0.01,-1 -1 -1,255
255,11111111,11111111,-6.1035156E-05 -6.1035156E-05 -6.1035156E-05 -6.1035156E-05,-0.0011111111 -0.0011111111 -0.0011111111,-0.01 -0.01 -0.01,-1 -1 -1,255
255,11111111,11111111,-6.1035156E-05 -6.1035156E-05 -6.1035156E-05 -6.1035156E-05,-0.0011111111 -0.0011111111 -0.0011111111,-0.01 -0.01 -0.01,-1 -1 -1,255
255,11111111,11111111,-6.1035156E-05 -6.1035156E-05 -6.1035156E-05 -6.1035156E-05,-0.0011111111 -0.0011111111 -0.0011111111,-0.01 -0.01 -0.01,-1 -1 -1,255
255,11111111,11111111,-6.1035156E-05 -6.1035156E-05 -6.1035156E-05 -6.1035156E-05,-0.0011111111 -0.0011111111 -0.0011111111,-0.01 -0.01 -0.01,-1 -1 -1,255
255,11111111,11111111,-6.1035156E-05 -6.1035156E-05 -6.1035156E-05 -6.1035156E-05,-0.0011111111 -0.0011111111 -0.0011111111,-0.01 -0.01 -0.01,-1 -1 -1,255
255,11111111,11111111,-6.1035156E-05 -6.1035156E-05 -6.1035156E-05 -6.1035156E-05,-0.0011111111 -0.0011111111 -0.0011111111,-0.01 -0.01 -0.01,-1 -1 -1,255
255,11111111,11111111,-6.1035156E-05 -6.1035156E-05 -6.1035156E-05 -6.1035156E-05,-0.0011111111 -0.0011111111 -0.0011111111,-0.01 -0.01 -0.01,-1 -1 -1,255
255,11111111,11111111,-6.1035156E-05 -6.1035156E-05 -6.1035156E-05 -6.1035156E-05,-0.0011111111 -0.0011111111 -0.0011111111,-0.01 -0.01 -0.01,-1 -1 -1,255
255,11111111,11111111,-6.1035156E-05 -6.1035156E-05 -6.1035156E-05 -6.1035156E-05,-0.0011111111 -0.0011111111 -0.0011111111,-0.01 -0.01 -0.01,-1 -1 -1,255
255,11111111,11111111,-6.1035156E-05 -6.1035156E-05 -6.1035156E-05 -6.1035156E-05,-0.0011111111 -0.0011111111 -0.0011111111,-0.01 -0.01 -0.01,-1 -1 -1,255
255,11111111,11111111,-6.1035156E-05 -6.1035156E-05 -6.1035156E-05 -6.1035156E-05,-0.0011111111 -0.0011111111 -0.0011111111,-0.01 -0.01 -0.01,-1 -1 -1,255
255,11111111,11111111,-6.1035156E-05 -6.1035156E-05 -6.1035156E-05 -6.1035156E-05,-0.0011111111 -0.0011111111 -0.0011111111,-0.01 -0.01 -0.01,-1 -1 -1,255
255,11111111,11111111,-6.1035156E-05 -6.1035156E-05 -6.1035156E-05 -6.1035156E-05,-0.0011111111 -0.0011111111 -0.0011111111,-0.01 -0.01 -0.01,-1 -1 -1,255
255,11111111,11111111,-6.1035156E-05 -6.1035156E-05 -6.1035156E-05 -6.1035156E-05,-0.0011111111 -0.0011111111 -0.0011111111,-0.01 -0.01 -0.01,-1 -1 -1,255
255,11111111,11111111,-6.1035156E-05 -6.1035156E-05 -6.1035156E-05 -6.1035156E-05,-0.0011111111 -0.0011111111 -0.0011111111,-0.01 -0.01 -0.01,-1 -1 -1,255
255,11111111,11111111,-6.1035156E-05 -6.1035156E-05 -6.1035156E-05 -6.1035156E-05,-0.0011111111 -0.0011111111 -0.0011111111,-0.01 -0.01 -0.01,-1 -1 -1,255
255,11111111,11111111,-6.1035156E-05 -6.1035156E-05 -6.1035156E-05 -6.1035156E-05,-0.0011111111 -0.0011111111 -0.0011111111,-0.01 -0.01 -0.01,-1 -1 -1,255
255,11111111,11111111,-6.1035156E-05 -6.1035156E-05 -6.1035156E-05 -6.1035156E-05,-0.0011111111 -0.0011111111 -0.0011111111,-0.01 -0.01 -0.01,-1 -1 -1,255
255,11111111,11111111,-6.1035156E-05 -6.1035156E-05 -6.1035156E-05 -6.1035156E-05,-0.0011111111 -0.0011111111 -0.0011111111,-0.01 -0.01 -0.01,-1 -1 -1,255
255,11111111,11111111,-6.1035156E-05 -6.1035156E-05 -6.1035156E-05 -6.1035156E-05,-0.0011111111 -0.0011111111 -0.0011111111,-0.01 -0.01 -0.01,-1 -1 -1,255
255,11111111,11111111,-6.1035156E-05 -6.1035156E-05 -6.1035156E-05 -6.1035156E-05,-0.0011111111 -0.0011111111 -0.0011111111,-0.01 -0.01 -0.01,-1 -1 -1,255
255,11111111,11111111,-6.1035156E-05 -6.1035156E-05 -6.1035156E-05 -6.1035156E-05,-0.0011111111 -0.0011111111 -0.0011111111,-0.01 -0.01 -0.01,-1 -1 -1,255
255,11111111,11111111,-6.1035156E-05 -6.1035156E-05 -6.1035156E-05 -6.1035156E-05,-0.0011111111 -0.0011111111 -0.0011111111,-0.01 -0.01 -0.01,-1 -1 -1,255
255,11111111,11111111,-6.1035156E-05 -6.1035156E-05 -6.1035156E-05 -6.1035156E-05,-0.0011111111 -0.0011111111 -0.0011111111,-0.01 -0.01 -0.01,-1 -1 -1,255
255,11111111,11111111,-6.1035156E-05 -6.1035156E-05 -6.1035156E-05 -6.1035156E-05,-0.0011111111 -0.0011111111 -0.0011111111,-0.01 -0.01 -0.01,-1 -1 -1,255
255,11111111,11111111,-6.1035156E-05 -6.1035156E-05 -6.1035156E-05 -6.1035156E-05,-0.0011111111 -0.0011111111 -0.0011111111,-0.01 -0.01 -0.01,-1 -1 -1,255
255,11111111,11111111,-6.1035156E-05 -6.1035156E-05 -6.1035156E-05 -6.1035156E-05,-0.0011111111 -0.0011111111 -0.0011111111,-0.01 -0.01 -0.01,-1 -1 -1,255
255,11111111,11111111,-6.1035156E-05 -6.1035156E-05 -6.1035156E-05 -6.1035156E-05,-0.0011111111 -0.0011111111 -0.0011111111,-0.01 -0.01 -0.01,-1 -1 -1,255
255,11111111,11111111,-6.1035156E-05 -6.1035156E-05 -6.1035156E-05 -6.1035156E-05,-0.0011111111 -0.0011111111 -0.0011111111,-0.01 -0.01 -0.01,-1 -1 -1,255
255,11111111,11111111,-6.1035156E-05 -6.1035156E-05 -6.1035156E-05 -6.1035156E-05,-0.0011111111 -0.0011111111 -0.0011111111,-0.01 -0.01 -0.01,-1 -1 -1,255
255,11111111,11111111,-6.1035156E-05 -6.1035156E-05 -6.1035156E-05 -6.1035156E-05,-0.0011111111 -0.0011111111 -0.0011111111,-0.01 -0.01 -0.01,-1 -1 -1,255
255,11111111,11111111,-6.1035156E-05 -6.1035156E-05 -6.1035156E-05 -6.1035156E-05,-0.0011111111 -0.0011111111 -0.0011111111,-0.01 -0.01 -0.01,-1 -1 -1,255
255,11111111,11111111,-6.1035156E-05 -6.1035156E-05 -6.1035156E-05 -6.1035156E-05,-0.0011111111 -0.0011111111 -0.0011111111,-0.01 -0.01 -0.01,-1 -1 -1,255
255,11111111,11111111,-6.1035156E-05 -6.1035156E-05 -6.1035156E-05 -6.1035156E-05,-0.0011111111 -0.0011111111 -0.0011111111,-0.01 -0.01 -0.01,-1 -1 -1,255
255,11111111,11111111,-6.1035156E-05 -6.1035156E-05 -6.1035156E-05 -6.1035156E-05,-0.0011111111 -0.0011111111 -0.0011111111,-0.01 -0.01 -0.01,-1 -1 -1,255
255,11111111,11111111,-6.1035156E-05 -6.1035156E-05 -6.1035156E-05 -6.1035156E-05,-0.0011111111 -0.0011111111 -0.0011111111,-0.01 -0.01 -0.01,-1 -1 -1,255
255,11111111,11111111,-6.1035156E-05 -6.1035156E-05 -6.1035156E-05 -6.1035156E-05,-0.0011111111 -0.0011111111 -0.0011111111,-0.01 -0.01 -0.01,-1 -1 -1,255
255,11111111,11111111,-6.1035156E-05 -6.1035156E-05 -6.1035156E-05 -6.1035156E-05,-0.0011111111 -0.0011111111 -0.0011111111,-0.01 -0.01 -0.01,-1 -1 -1,255
255,11111111,11111111,-6.1035156E-05 -6.1035156E-05 -6.1035156E-05 -6.1035156E-05,-0.0011111111 -0.0011111111 -0.0011111111,-0.01 -0.01 -0.01,-1 -1 -1,255
255,11111111,11111111,-6.1035156E-05 -6.1035156E-05 -6.1035156E-05 -6.1035156E-05,-0.0011111111 -0.0011111111 -0.0011111111,-0.01 -0.01 -0.01,-1 -1 -1,255
255,11111111,11111111,-6.1035156E-05 -6.1035156E-05 -6.1035156E-05 -6.1035156E-05,-0.0011111111 -0.0011111111 -0.0011111111,-0.01 -0.01 -0.01,-1 -1 -1,255
255,11111111,11111111,-6.1035156E-05 -6.1035156E-05 -6.1035156E-05 -6.1035156E-05,-0.0011111111 -0.0011111111 -0.0011111111,-0.01 -0.01 -0.01,-1 -1 -1,255
255,11111111,11111111,-6.1035156E-05 -6.1035156E-05 -6.1035156E-05 -6.1035156E-05,-0.0011111111 -0.0011111111 -0.0011111111,-0.01 -0.01 -0.01,-1 -1 -1,255
255,11111111,11111111,-6.1035156E-05 -6.1035156E-05 -6.1035156E-05 -6.1035156E-05,-0.0011111111 -0.0011111111 -0.0011111111,-0.01 -0.01 -0.01,-1 -1 -1,255
255,11111111,11111111,-6.1035156E-05 -6.1035156E-05 -6.1035156E-05 -6.1035156E-05,-0.0011111111 -0.0011111111 -0.0011111111,-0.01 -0.01 -0.01,-1 -1 -1,255
255,11111111,11111111,-6.1035156E-05 -6.1035156E-05 -6.1035156E-05 -6.1035156E-05,-0.0011111111 -0.0011111111 -0.0011111111,-0.01 -0.01 -0.01,-1 -1 -1,255
255,11111111,11111111,-6.1035156E-05 -6.1035156E-05 -6.1035156E-05 -6.1035156E-05,-0.0011111111 -0.0011111111 -0.0011111111,-0.01 -0.01 -0.01,-1 -1 -1,255
255,11111111,11111111,-6.1035156E-05 -6.1035156E-05 -6.1035156E-05 -6.1035156E-05,-0.0011111111 -0.0011111111 -0.0011111111,-0.01 -0.01 -0.01,-1 -1 -1,255
255,11111111,11111111,-6.1035156E-05 -6.1035156E-05 -6.1035156E-05 -6.1035156E-05,-0.0011111111 -0.0011111111 -0.0011111111,-0.01 -0.01 -0.01,-1 -1 -1,255
255,11111111,11111111,-6.1035156E-05 -6.1035156E-05 -6.1035156E-05 -6.1035156E-05,-0.0011111111 -0.0011111111 -0.0011111111,-0.01 -0.01 -0.01,-1 -1 -1,255
255,11111111,11111111,-6.1035156E-05 -6.1035156E-05 -6.1035156E-05 -6.1035156E-05,-0.0011111111 -0.0011111111 -0.0011111111,-0.01 -0.01 -0.01,-1 -1 -1,255
255,11111111,11111111,-6.1035156E-05 -6.1035156E-05 -6.1035156E-05 -6.1035156E-05,-0.0011111111 -0.0011111111 -0.0011111111,-0.01 -0.01 -0.01,-1 -1 -1,255
255,11111111,11111111,-6.1035156E-05 -6.1035156E-05 -6.1035156E-05 -6.1035156E-05,-0.0011111111 -0.0011111111 -0.0011111111,-0.01 -0.01 -0.01,-1 -1 -1,255
255,11111111,11111111,-6.1035156E-05 -6.1035156E-05 -6.1035156E-05 -6.1035156E-05,-0.0011111111 -0.0011111111 -0.0011111111,-0.01 -0.01 -0.01,-1 -1 -1,255
255,11111111,11111111,-6.1035156E-05 -6.1035156E-05 -6.1035156E-05 -6.1035156E-05,-0.0011111111 -0.0011111111 -0.0011111111,-0.01 -0.01 -0.01,-1 -1 -1,255
255,11111111,11111111,-6.1035156E-05 -6.1035156E-05 -6.1035156E-05 -6.1035156E-05,-0.0011111111 -0.0011111111 -0.0011111111,-0.01 -0.01 -0.01,-1 -1 -1,255
255,11111111,11111111,-6.1035156E-05 -6.1035156E-05 -6.1035156E-05 -6.1035156E-05,-0.0011111111 -0.0011111111 -0.0011111111,-0.01 -0.01 -0.01,-1 -1 -1,255
255,11111111,11111111,-6.1035156E-05 -6.1035156E-05 -6.1035156E-05 -6.1035156E-05,-0.0011111111 -0.0011111111 -0.0011111111,-0.01 -0.01 -0.01,-1 -1 -1,255
255,11111111,11111111,-6.1035156E-05 -6.1035156E-05 -6.1035156E-05 -6.1035156E-05,-0.0011111111 -0.0011111111 -0.0011111111,-0.01 -0.01 -0.01,-1 -1 -1,255
255,11111111,11111111,-6.1035156E-05 -6.1035156E-05 -6.1035156E-05 -6.1035156E-05,-0.0011111111 -0.0011111111 -0.0011111111,-0.01 -0.01 -0.01,-1 -1 -1,255
255,11111111,11111111,-6.1035156E-05 -6.1035156E-05 -6.1035156E-05 -6.1035156E-05,-0.0011111111 -0.0011111111 -0.0011111111,-0.01 -0.01 -0.01,-1 -1 -1,255
255,11111111,11111111,-6.1035156E-05 -6.1035156E-05 -6.1035156E-05 -6.1035156E-05,-0.0011111111 -0.0011111111 -0.0011111111,-0.01 -0.01 -0.01,-1 -1 -1,255
255,11111111,11111111,-6.1035156E-05 -6.1035156E-05 -6.1035156E-05 -6.1035156E-05,-0.0011111111 -0.0011111111 -0.0011111111,-0.01 -0.01 -0.01,-1 -1 -1,255
255,11111111,11111111,-6.1035156E-05 -6.1035156E-05 -6.1035156E-05 -6.1035156E-05,-0.0011111111 -0.0011111111 -0.0011111111,-0.01 -0.01 -0.01,-1 -1 -1,255
255,11111111,11111111,-6.1035156E-05 -6.1035156E-05 -6.1035156E-05 -6.1035156E-05,-0.0011111111 -0.0011111111 -0.0011111111,-0.01 -0.01 -0.01,-1 -1 -1,255
255,11111111,11111111,-6.1035156E-05 -6.1035156E-05 -6.1035156E-05 -6.1035156E-05,-0.0011111111 -0.0011111111 -0.0011111111,-0.01 -0.01 -0.01,-1 -1 -1,255
255,11111111,11111111,-6.1035156E-05 -6.1035156E-05 -6.1035156E-05 -6.1035156E-05,-0.0011111111 -0.0011111111 -0.0011111111,-0.01 -0.01 -0.01,-1 -1 -1,255
255,11111111,11111111,-6.1035156E-05 -6.1035156E-05 -6.1035156E-05 -6.1035156E-05,-0.0011111111 -0.0011111111 -0.0011111111,-0.01 -0.01 -0.01,-1 -1 -1,255
255,11111111,11111111,-6.1035156E-05 -6.1035156E-05 -6.1035156E-05 -6.1035156E-05,-0.0011111111 -0.0011111111 -0.0011111111,-0.01 -0.01 -0.01,-1 -1 -1,255
255,11111111,11111111,-6.1035156E-05 -6.1035156E-05 -6.1035156E-05 -6.1035156E-05,-0.0011111111 -0.0011111111 -0.0011111111,-0.01 -0.01 -0.01,-1 -1 -1,255
255,11111111,11111111,-6.1035156E-05 -6.1035156E-05 -6.1035156E-05 -6.1035156E-05,-0.0011111111 -0.0011111111 -0.0011111111,-0.01 -0.01 -0.01,-1 -1 -1,255
255,11111111,11111111,-6.1035156E-05 -6.1035156E-05 -6.1035156E-05 -6.1035156E-05,-0.0011111111 -0.0011111111 -0.0011111111,-0.01 -0.01 -0.01,-1 -1 -1,255
255,11111111,11111111,-6.1035156E-05 -6.1035156E-05 -6.1035156E-05 -6.1035156E-05,-0.0011111111 -0.0011111111 -0.0011111111,-0.01 -0.01 -0.01,-1 -1 -1,255
255,11111111,11111111,-6.1035156E-05 -6.1035156E-05 -6.1035156E-05 -6.1035156E-05,-0.0011111111 -0.0011111111 -0.0011111111,-0.01 -0.01 -0.01,-1 -1 -1,255
255,11111111,11111111,-6.1035156E-05 -6.1035156E-05 -6.1035156E-05 -6.1035156E-05,-0.0011111111 -0.0011111111 -0.0011111111,-0.01 -0.01 -0.01,-1 -1 -1,255
255,11111111,11111111,-6.1035156E-05 -6.1035156E-05 -6.1035156E-05 -6.1035156E-05,-0.0011111111 -0.0011111111 -0.0011111111,-0.01 -0.01 -0.01,-1 -1 -1,255
255,11111111,11111111,-6.1035156E-05 -6.1035156E-05 -6.1035156E-05 -6.1035156E-05,-0.0011111111 -0.0011111111 -0.0011111111,-0.01 -0.01 -0.01,-1 -1 -1,255
255,11111111,11111111,-6.1035156E-05 -6.1035156E-05 -6.1035156E-05 -6.1035156E-05,-0.0011111111 -0.0011111111 -0.0011111111,-0.01 -0.01 -0.01,-1 -1 -1,255
255,11111111,11111111,-6.1035156E-05 -6.1035156E-05 -6.1035156E-05 -6.1035156E-05,-0.0011111111 -0.0011111111 -0.0011111111,-0.01 -0.01 -0.01,-1 -1 -1,255
255,11111111,11111111,-6.1035156E-05 -6.1035156E-05 -6.1035156E-05 -6.1035156E-05,-0.0011111111 -0.0011111111 -0.0011111111,-0.01 -0.01 -0.01,-1 -1 -1,255
255,11111111,11111111,-6.1035156E-05 -6.1035156E-05 -6.1035156E-05 -6.1035156E-05,-0.0011111111 -0.0011111111 -0.0011111111,-0.01 -0.01 -0.01,-1 -1 -1,255
255,11111111,11111111,-6.1035156E-05 -6.1035156E-05 -6.1035156E-05 -6.1035156E-05,-0.0011111111 -0.0011111111 -0.0011111111,-0.01 -0.01 -0.01,-1 -1 -1,255
255,11111111,11111111,-6.1035156E-05 -6.1035156E-05 -6.1035156E-05 -6.1035156E-05,-0.0011111111 -0.0011111111 -0.0011111111,-0.01 -0.01 -0.01,-1 -1 -1,255
255,11111111,11111111,-6.1035156E-05 -6.1035156E-05 -6.1035156E-05 -6.1035156E-05,-0.0011111111 -0.0011111111 -0.0011111111,-0.01 -0.01 -0.01,-1 -1 -1,255
255,11111111,11111111,-6.1035156E-05 -6.1035156E-05 -6.1035156E-05 -6.1035156E-05,-0.0011111111 -0.0011111111 -0.0011111111,-0.01 -0.01 -0.01,-1 -1 -1,255
255,11111111,11111111,-6.1035156E-05 -6.1035156E-05 -6.1035156E-05 -6.1035156E-05,-0.0011111111 -0.0011111111 -0.0011111111,-0.01 -0.01 -0.01,-1 -1 -1,255
255,11111111,11111111,-6.1035156E-05 -6.1035156E-05 -6.1035156E-05 -6.1035156E-05,-0.0011111111 -0.0011111111 -0.0011111111,-0.01 -0.01 -0.01,-1 -1 -1,255
255,11111111,11111111,-6.1035156E-05 -6.1035156E-05 -6.1035156E-05 -6.1035156E-05,-0.0011111111 -0.0011111111 -0.0011111111,-0.01 -0.01 -0.01,-1 -1 -1,255
255,11111111,11111111,-6.1035156E-05 -6.1035156E-05 -6.1035156E-05 -6.1035156E-05,-0.0011111111 -0.0011111111 -0.0011111111,-0.01 -0.01 -0.01,-1 -1 -1,255
255,11111111,11111111,-6.1035156E-05 -6.1035156E-05 -6.1035156E-05 -6.1035156E-05,-0.0011111111 -0.0011111111 -0.0011111111,-0.01 -0.01 -0.01,-1 -1 -1,255
255,11111111,11111111,-6.1035156E-05 -6.1035156E-05 -6.1035156E-05 -6.1035156E-05,-0.0011111111 -0.0011111111 -0.0011111111,-0.01 -0.01 -0.01,-1 -1 -1,255
255,11111111,11111111,-6.1035156E-05 -6.1035156E-05 -6.1035156E-05 -6.1035156E-05,-0.0011111111 -0.0011111111 -0.0011111111,-0.01 -0.01 -0.01,-1 -1 -1,255
255,11111111,11111111,-6.1035156E-05 -6.1035156E-05 -6.1035156E-05 -6.1035156E-05,-0.0011111111 -0.0011111111 -0.0011111111,-0.01 -0.01 -0.01,-1 -1 -1,255
255,11111111,11111111,-6.1035156E-05 -6.1035156E-05 -6.1035156E-05 -6.1035156E-05,-0.0011111111 -0.0011111111 -0.0011111111,-0.01 -0.01 -0.01,-1 -1 -1,255
255,11111111,11111111,-6.1035156E-05 -6.1035156E-05 -6.1035156E-05 -6.1035156E-05,-0.0011111111 -0.0011111111 -0.0011111111,-0.01 -0.01 -0.01,-1 -1 -1,255
255,11111111,11111111,-6.1035156E-05 -6.1035156E-05 -6.1035156E-05 -6.1035156E-05,-0.0011111111 -0.0011111111 -0.0011111111,-0.01 -0.01 -0.01,-1 -1 -1,255
255,11111111,11111111,-6.1035156E-05 -6.1035156E-05 -6.1035156E-05 -6.1035156E-05,-0.0011111111 -0.0011111111 -0.0011111111,-0.01 -0.01 -0.01,-1 -1 -1,255
255,11111111,11111111,-6.1035156E-05 -6.1035156E-05 -6.1035156E-05 -6.1035156E-05,-0.0011111111 -0.0011111111 -0.0011111111,-0.01 -0.01 -0.01,-1 -1 -1,255
255,11111111,11111111,-6.1035156E-05 -6.1035156E-05 -6.1035156E-05 -6.1035156E-05,-0.0011111111 -0.0011111111 -0.0011111111,-0.01 -0.01 -0.01,-1 -1 -1,255
255,11111111,11111111,-6.1035156E-05 -6.1035156E-05 -6.1035156E-05 -6.1035156E-05,-0.0011111111 -0.0011111111 -0.0011111111,-0.01 -0.01 -0.01,-1 -1 -1,255
255,11111111,11111111,-6.1035156E-05 -6.1035156E-05 -6.1035156E-05 -6.1035156E-05,-0.0011111111 -0.0011111111 -0.0011111111,-0.01 -0.01 -0.01,-1 -1 -1,255
255,11111111,11111111,-6.1035156E-05 -6.1035156E-05 -6.1035156E-05 -6.1035156E-05,-0.0011111111 -0.0011111111 -0.0011111111,-0.01 -0.01 -0.01,-1 -1 -1,255
255,11111111,11111111,-6.1035156E-05 -6.1035156E-05 -6.1035156E-05 -6.1035156E-05,-0.0011111111 -0.0011111111 -0.0011111111,-0.01 -0.01 -0.01,-1 -1 -1,255
255,11111111,11111111,-6.1035156E-05 -6.1035156E-05 -6.1035156E-05 -6.1035156E-05,-0.0011111111 -0.0011111111 -0.0011111111,-0.01 -0.01 -0.01,-1 -1 -1,255
255,11111111,11111111,-6.1035156E-05 -6.1035156E-05 -6.1035156E-05 -6.1035156E-05,-0.0011111111 -0.0011111111 -0.0011111111,-0.01 -0.01 -0.01,-1 -1 -1,255
255,11111111,11111111,-6.1035156E-05 -6.1035156E-05 -6.1035156E-05 -6.1035156E-05,-0.0011111111 -0.0011111111 -0.0011111111,-0.01 -0.01 -0.01,-1 -1 -1,255
255,11111111,11111111,-6.1035156E-05 -6.1035156E-05 -6.1035156E-05 -6.1035156E-05,-0.0011111111 -0.0011111111 -0.0011111111,-0.01 -0.01 -0.01,-1 -1 -1,255
255,11111111,11111111,-6.1035156E-05 -6.1035156E-05 -6.1035156E-05 -6.1035156E-05,-0.0011111111 -0.0011111111 -0.0011111111,-0.01 -0.01 -0.01,-1 -1 -1,255
255,11111111,11111111,-6.1035156E-05 -6.1035156E-05 -6.1035156E-05 -6.1035156E-05,-0.0011111111 -0.0011111111 -0.0011111111,-0.01 -0.01 -0.01,-1 -1 -1,255
255,11111111,11111111,-6.1035156E-05 -6.1035156E-05 -6.1035156E-05 -6.1035156E-05,-0.0011111111 -0.0011111111 -0.0011111111,-0.01 -0.01 -0.01,-1 -1 -1,255
255,11111111,11111111,-6.1035156E-05 -6.1035156E-05 -6.1035156E-05 -6.1035156E-05,-0.0011111111 -0.0011111111 -0.0011111111,-0.01 -0.01 -0.01,-1 -1 -1,255
255,11111111,11111111,-6.1035156E-05 -6.1035156E-05 -6.1035156E-05 -6.1035156E-05,-0.0011111111 -0.0011111111 -0.0011111111,-0.01 -0.01 -0.01,-1 -1 -1,255
255,11111111,11111111,-6.1035156E-05 -6.1035156E-05 -6.1035156E-05 -6.1035156E-05,-0.0011111111 -0.0011111111 -0.0011111111,-0.01 -0.01 -0.01,-1 -1 -1,255
255,11111111,11111111,-6.1035156E-05 -6.1035156E-05 -6.1035156E-05 -6.1035156E-05,-0.0011111111 -0.0011111111 -0.0011111111,-0.01 -0.01 -0.01,-1 -1 -1,255
255,11111111,11111111,-6.1035156E-05 -6.1035156E-05 -6.1035156E-05 -6.1035156E-05,-0.0011111111 -0.0011111111 -0.0011111111,-0.01 -0.01 -0.01,-1 -1 -1,255
255,11111111,11111111,-6.1035156E-05 -6.1035156E-05 -6.1035156E-05 -6.1035156E-05,-0.0011111111 -0.0011111111 -0.0011111111,-0.01 -0.01 -0.01,-1 -1 -1,255
255,11111111,11111111,-6.1035156E-05 -6.1035156E-05 -6.1035156E-05 -6.1035156E-05,-0.0011111111 -0.0011111111 -0.0011111111,-0.01 -0.01 -0.01,-1 -1 -1,255
255,11111111,11111111,-6.1035156E-05 -6.1035156E-05 -6.1035156E-05 -6.1035156E-05,-0.0011111111 -0.0011111111 -0.0011111111,-0.01 -0.01 -0.01,-1 -1 -1,255
255,11111111,11111111,-6.1035156E-05 -6.1035156E-05 -6.1035156E-05 -6.1035156E-05,-0.0011111111 -0.0011111111 -0.0011111111,-0.01 -0.01 -0.01,-1 -1 -1,255
255,11111111,11111111,-6.1035156E-05 -6.1035156E-05 -6.1035156E-05 -6.1035156E-05,-0.0011111111 -0.0011111111 -0.0011111111,-0.01 -0.01 -0.01,-1 -1 -1,255
255,11111111,11111111,-6.1035156E-05 -6.1035156E-05 -6.1035156E-05 -6.1035156E-05,-0.0011111111 -0.0011111111 -0.0011111111,-0.01 -0.01 -0.01,-1 -1 -1,255
255,11111111,11111111,-6.1035156E-05 -6.1035156E-05 -6.1035156E-05 -6.1035156E-05,-0.0011111111 -0.0011111111 -0.0011111111,-0.01 -0.01 -0.01,-1 -1 -1,255
255,11111111,11111111,-6.1035156E-05 -6.1035156E-05 -6.1035156E-05 -6.1035156E-05,-0.0011111111 -0.0011111111 -0.0011111111,-0.01 -0.01 -0.01,-1 -1 -1,255
255,11111111,11111111,-6.1035156E-05 -6.1035156E-05 -6.1035156E-05 -6.1035156E-05,-0.0011111111 -0.0011111111 -0.0011111111,-0.01 -0.01 -0.01,-1 -1 -1,255
255,11111111,11111111,-6.1035156E-05 -6.1035156E-05 -6.1035156E-05 -6.1035156E-05,-0.0011111111 -0.0011111111 -0.0011111111,-0.01 -0.01 -0.01,-1 -1 -1,255
255,11111111,11111111,-6.1035156E-05 -6.1035156E-05 -6.1035156E-05 -6.1035156E-05,-0.0011111111 -0.0011111111 -0.0011111111,-0.01 -0.01 -0.01,-1 -1 -1,255
255,11111111,11111111,-6.1035156E-05 -6.1035156E-05 -6.1035156E-05 -6.1035156E-05,-0.0011111111 -0.0011111111 -0.0011111111,-0.01 -0.01 -0.01,-1 -1 -1,255
255,11111111,11111111,-6.1035156E-05 -6.1035156E-05 -6.1035156E-05 -6.1035156E-05,-0.0011111111 -0.0011111111 -0.0011111111,-0.01 -0.01 -0.01,-1 -1 -1,255
255,11111111,11111111,-6.1035156E-05 -6.1035156E-05 -6.1035156E-05 -6.1035156E-05,-0.0011111111 -0.0011111111 -0.0011111111,-0.01 -0.01 -0.01,-1 -1 -1,255
255,11111111,11111111,-6.1035156E-05 -6.1035156E-05 -6.1035156E-05 -6.1035156E-05,-0.0011111111 -0.0011111111 -0.0011111111,-0.01 -0.01 -0.01,-1 -1 -1,255
255,11111111,11111111,-6.1035156E-05 -6.1035156E-05 -6.1035156E-05 -6.1035156E-05,-0.0011111111 -0.0011111111 -0.0011111111,-0.01 -0.01 -0.01,-1 -1 -1,255
255,11111111,11111111,-6.1035156E-05 -6.1035156E-05 -6.1035156E-05 -6.1035156E-05,-0.0011111111 -0.0011111111 -0.0011111111,-0.01 -0.01 -0.01,-1 -1 -1,255
255,11111111,11111111,-6.1035156E-05 -6.1035156E-05 -6.1035156E-05 -6.1035156E-05,-0.0011111111 -0.0011111111 -0.0011111111,-0.01 -0.01 -0.01,-1 -1 -1,255
255,11111111,11111111,-6.1035156E-05 -6.1035156E-05 -6.1035156E-05 -6.1035156E-05,-0.0011111111 -0.0011111111 -0.0011111111,-0.01 -0.01 -0.01,-1 -1 -1,255
255,11111111,11111111,-6.1035156E-05 -6.1035156E-05 -6.1035156E-05 -6.1035156E-05,-0.0011111111 -0.0011111111 -0.0011111111,-0.01 -0.01 -0.01,-1 -1 -1,255
255,11111111,11111111,-6.1035156E-05 -6.1035156E-05 -6.1035156E-05 -6.1035156E-05,-0.0011111111 -0.0011111111 -0.0011111111,-0.01 -0.01 -0.01,-1 -1 -1,255
255,11111111,11111111,-6.1035156E-05 -6.1035156E-05 -6.1035156E-05 -6.1035156E-05,-0.0011111111 -0.0011111111 -0.0011111111,-0.01 -0.01 -0.01,-1 -1 -1,255
255,11111111,11111111,-6.1035156E-05 -6.1035156E-05 -6.1035156E-05 -6.1035156E-05,-0.0011111111 -0.0011111111 -0.0011111111,-0.01 -0.01 -0.01,-1 -1 -1,255
255,11111111,11111111,-6.1035156E-05 -6.1035156E-05 -6.1035156E-05 -6.1035156E-05,-0.0011111111 -0.0011111111 -0.0011111111,-0.01 -0.01 -0.01,-1 -1 -1,255
255,11111111,11111111,-6.1035156E-05 -6.1035156E-05 -6.1035156E-05 -6.1035156E-05,-0.0011111111 -0.0011111111 -0.0011111111,-0.01 -0.01 -0.01,-1 -1 -1,255
255,11111111,11111111,-6.1035156E-05 -6.1035156E-05 -6.1035156E-05 -6.1035156E-05,-0.0011111111 -0.0011111111 -0.0011111111,-0.01 -0.01 -0.01,-1 -1 -1,255
255,11111111,11111111,-6.1035156E-05 -6.1035156E-05 -6.1035156E-05 -6.1035156E-05,-0.0011111111 -0.0011111111 -0.0011111111,-0.01 -0.01 -0.01,-1 -1 -1,255
255,11111111,11111111,-6.1035156E-05 -6.1035156E-05 -6.1035156E-05 -6.1035156E-05,-0.0011111111 -0.0011111111 -0.0011111111,-0.01 -0.01 -0.01,-1 -1 -1,255
255,11111111,11111111,-6.1035156E-05 -6.1035156E-05 -6.1035156E-05 -6.1035156E-05,-0.0011111111 -0.0011111111 -0.0011111111,-0.01 -0.01 -0.01,-1 -1 -1,255
255,11111111,11111111,-6.1035156E-05 -6.1035156E-05 -6.1035156E-05 -6.1035156E-05,-0.0011111111 -0.0011111111 -0.0011111111,-0.01 -0.01 -0.01,-1 -1 -1,255
255,11111111,11111111,-6.1035156E-05 -6.1035156E-05 -6.1035156E-05 -6.1035156E-05,-0.0011111111 -0.0011111111 -0.0011111111,-0.01 -0.01 -0.01,-1 -1 -1,255
255,11111111,11111111,-6.1035156E-05 -6.1035156E-05 -6.1035156E-05 -6.1035156E-05,-0.0011111111 -0.0011111111 -0.0011111111,-0.01 -0.01 -0.01,-1 -1 -1,255
255,11111111,11111111,-6.1035156E-05 -6.1035156E-05 -6.1035156E-05 -6.1035156E-05,-0.0011111111 -0.0011111111 -0.0011111111,-0.01 -0.01 -0.01,-1 -1 -1,255
255,11111111,11111111,-6.1035156E-05 -6.1035156E-05 -6.1035156E-05 -6.1035156E-05,-0.0011111111 -0.0011111111 -0.0011111111,-0.01 -0.01 -0.01,-1 -1 -1,255
255,11111111,11111111,-6.1035156E-05 -6.1035156E-05 -6.1035156E-05 -6.1035156E-05,-0.0011111111 -0.0011111111 -0.0011111111,-0.01 -0.01 -0.01,-1 -1 -1,255
255,11111111,11111111,-6.1035156E-05 -6.1035156E-05 -6.1035156E-05 -6.1035156E-05,-0.0011111111 -0.0011111111 -0.0011111111,-0.01 -0.01 -0.01,-1 -1 -1,255
255,11111111,11111111,-6.1035156E-05 -6.1035156E-05 -6.1035156E-05 -6.1035156E-05,-0.0011111111 -0.0011111111 -0.0011111111,-0.01 -0.01 -0.01,-1 -1 -1,255
255,11111111,11111111,-6.1035156E-05 -6.1035156E-05 -6.1035156E-05 -6.1035156E-05,-0.0011111111 -0.0011111111 -0.0011111111,-0.01 -0.01 -0.01,-1 -1 -1,255
255,11111111,11111111,-6.1035156E-05 -6.1035156E-05 -6.1035156E-05 -6.1035156E-05,-0.0011111111 -0.0011111111 -0.0011111111,-0.01 -0.01 -0.01,-1 -1 -1,255
255,11111111,11111111,-6.1035156E-05 -6.1035156E-05 -6.1035156E-05 -6.1035156E-05,-0.0011111111 -0.0011111111 -0.0011111111,-0.01 -0.01 -0.01,-1 -1 -1,255
255,11111111,11111111,-6.1035156E-05 -6.1035156E-05 -6.1035156E-05 -6.1035156E-05,-0.0011111111 -0.0011111111 -0.0011111111,-0.01 -0.01 -0.01,-1 -1 -1,255
255,11111111,11111111,-6.1035156E-05 -6.1035156E-05 -6.1035156E-05 -6.1035156E-05,-0.0011111111 -0.0011111111 -0.0011111111,-0.01 -0.01 -0.01,-1 -1 -1,255
255,11111111,11111111,-6.1035156E-05 -6.1035156E-05 -6.1035156E-05 -6.1035156E-05,-0.0011111111 -0.0011111111 -0.0011111111,-0.01 -0.01 -0.01,-1 -1 -1,255
255,11111111,11111111,-6.1035156E-05 -6.1035156E-05 -6.1035156E-05 -6.1035156E-05,-0.0011111111 -0.0011111111 -0.0011111111,-0.01 -0.01 -0.01,-1 -1 -1,255
255,11111111,11111111,-6.1035156E-05 -6.1035156E-05 -6.1035156E-05 -6.1035156E-05,-0.0011111111 -0.0011111111 -0.0011111111,-0.01 -0.01 -0.01,-1 -1 -1,255
255,11111111,11111111,-6.1035156E-05 -6.1035156E-05 -6.1035156E-05 -6.1035156E-05,-0.0011111111 -0.0011111111 -0.0011111111,-0.01 -0.01 -0.01,-1 -1 -1,255
255,11111111,11111111,-6.1035156E-05 -6.1035156E-05 -6.1035156E-05 -6.1035156E-05,-0.0011111111 -0.0011111111 -0.0011111111,-0.01 -0.01 -0.01,-1 -1 -1,255
255,11111111,11111111,-6.1035156E-05 -6.1035156E-05 -6.1035156E-05 -6.1035156E-05,-0.0011111111 -0.0011111111 -0.0011111111,-0.01 -0.01 -0.01,-1 -1 -1,255
255,11111111,11111111,-6.1035156E-05 -6.1035156E-05 -6.1035156E-05 -6.1035156E-05,-0.0011111111 -0.0011111111 -0.0011111111,-0.01 -0.01 -0.01,-1 -1 -1,255
255,11111111,11111111,-6.1035156E-05 -6.1035156E-05 -6.1035156E-05 -6.1035156E-05,-0.0011111111 -0.0011111111 -0.0011111111,-0.01 -0.01 -0.01,-1 -1 -1,255
255,11111111,11111111,-6.1035156E-05 -6.1035156E-05 -6.1035156E-05 -6.1035156E-05,-0.0011111111 -0.0011111111 -0.0011111111,-0.01 -0.01 -0.01,-1 -1 -1,255
255,11111111,11111111,-6.1035156E-05 -6.1035156E-05 -6.1035156E-05 -6.1035156E-05,-0.0011111111 -0.0011111111 -0.0011111111,-0.01 -0.01 -0.01,-1 -1 -1,255
255,11111111,11111111,-6.1035156E-05 -6.1035156E-05 -6.1035156E-05 -6.1035156E-05,-0.0011111111 -0.0011111111 -0.0011111111,-0.01 -0.01 -0.01,-1 -1 -1,255
255,11111111,11111111,-6.1035156E-05 -6.1035156E-05 -6.1035156E-05 -6.1035156E-05,-0.0011111111 -0.0011111111 -0.0011111111,-0.01 -0.01 -0.01,-1 -1 -1,255
255,11111111,11111111,-6.1035156E-05 -6.1035156E-05 -6.1035156E-05 -6.1035156E-05,-0.0011111111 -0.0011111111 -0.0011111111,-0.01 -0.01 -0.01,-1 -1 -1,255
255,11111111,11111111,-6.1035156E-05 -6.1035156E-05 -6.1035156E-05 -6.1035156E-05,-0.0011111111 -0.0011111111 -0.0011111111,-0.01 -0.01 -0.01,-1 -1 -1,255
255,11111111,11111111,-6.1035156E-05 -6.1035156E-05 -6.1035156E-05 -6.1035156E-05,-0.0011111111 -0.0011111111 -0.0011111111,-0.01 -0.01 -0.01,-1 -1 -1,255
255,11111111,11111111,-6.1035156E-05 -6.1035156E-05 -6.1035156E-05 -6.1035156E-05,-0.0011111111 -0.0011111111 -0.0011111111,-0.01 -0.01 -0.01,-1 -1 -1,255
255,11111111,11111111,-6.1035156E-05 -6.1035156E-05 -6.1035156E-05 -6.1035156E-05,-0.0011111111 -0.0011111111 -0.0011111111,-0.01 -0.01 -0.01,-1 -1 -1,255
255,11111111,11111111,-6.1035156E-05 -6.1035156E-05 -6.1035156E-05 -6.1035156E-05,-0.0011111111 -0.0011111111 -0.0011111111,-0.01 -0.01 -0.01,-1 -1 -1,255
255,11111111,11111111,-6.1035156E-05 -6.1035156E-05 -6.1035156E-05 -6.1035156E-05,-0.0011111111 -0.0011111111 -0.0011111111,-0.01 -0.01 -0.01,-1 -1 -1,255
255,11111111,11111111,-6.1035156E-05 -6.1035156E-05 -6.1035156E-05 -6.1035156E-05,-0.0011111111 -0.0011111111 -0.0011111111,-0.01 -0.01 -0.01,-1 -1 -1,255
255,11111111,11111111,-6.1035156E-05 -6.1035156E-05 -6.1035156E-05 -6.1035156E-05,-0.0011111111 -0.0011111111 -0.0011111111,-0.01 -0.01 -0.01,-1 -1 -1,255
255,11111111,11111111,-6.1035156E-05 -6.1035156E-05 -6.1035156E-05 -6.1035156E-05,-0.0011111111 -0.0011111111 -0.0011111111,-0.01 -0.01 -0.01,-1 -1 -1,255
255,11111111,11111111,-6.1035156E-05 -6.1035156E-05 -6.1035156E-05 -6.1035156E-05,-0.0011111111 -0.0011111111 -0.0011111111,-0.01 -0.01 -0.01,-1 -1 -1,255
255,11111111,11111111,-6.1035156E-05 -6.1035156E-05 -6.1035156E-05 -6.1035156E-05,-0.0011111111 -0.0011111111 -0.0011111111,-0.01 -0.01 -0.01,-1 -1 -1,255
255,11111111,11111111,-6.1035156E-05 -6.1035156E-05 -6.1035156E-05 -6.1035156E-05,-0.0011111111 -0.0011111111 -0.0011111111,-0.01 -0.01 -0.01,-1 -1 -1,255
255,11111111,11111111,-6.1035156E-05 -6.1035156E-05 -6.1035156E-05 -6.1035156E-05,-0.0011111111 -0.0011111111 -0.0011111111,-0.01 -0.01 -0.01,-1 -1 -1,255
255,11111111,11111111,-6.1035156E-05 -6.1035156E-05 -6.1035156E-05 -6.1035156E-05,-0.0011111111 -0.0011111111 -0.0011111111,-0.01 -0.01 -0.01,-1 -1 -1,255
255,11111111,11111111,-6.1035156E-05 -6.1035156E-05 -6.1035156E-05 -6.1035156E-05,-0.0011111111 -0.0011111111 -0.0011111111,-0.01 -0.01 -0.01,-1 -1 -1,255
255,11111111,11111111,-6.1035156E-05 -6.1035156E-05 -6.1035156E-05 -6.1035156E-05,-0.0011111111 -0.0011111111 -0.0011111111,-0.01 -0.01 -0.01,-1 -1 -1,255
255,11111111,11111111,-6.1035156E-05 -6.1035156E-05 -6.1035156E-05 -6.1035156E-05,-0.0011111111 -0.0011111111 -0.0011111111,-0.01 -0.01 -0.01,-1 -1 -1,255
255,11111111,11111111,-6.1035156E-05 -6.1035156E-05 -6.1035156E-05 -6.1035156E-05,-0.0011111111 -0.0011111111 -0.0011111111,-0.01 -0.01 -0.01,-1 -1 -1,255
255,11111111,11111111,-6.1035156E-05 -6.1035156E-05 -6.1035156E-05 -6.1035156E-05,-0.0011111111 -0.0011111111 -0.0011111111,-0.01 -0.01 -0.01,-1 -1 -1,255
255,11111111,11111111,-6.1035156E-05 -6.1035156E-05 -6.1035156E-05 -6.1035156E-05,-0.0011111111 -0.0011111111 -0.0011111111,-0.01 -0.01 -0.01,-1 -1 -1,255
255,11111111,11111111,-6.1035156E-05 -6.1035156E-05 -6.1035156E-05 -6.1035156E-05,-0.0011111111 -0.0011111111 -0.0011111111,-0.01 -0.01 -0.01,-1 -1 -1,255
255,11111111,11111111,-6.1035156E-05 -6.1035156E-05 -6.1035156E-05 -6.1035156E-05,-0.0011111111 -0.0011111111 -0.0011111111,-0.01 -0.01 -0.01,-1 -1 -1,255
255,11111111,11111111,-6.1035156E-05 -6.1035156E-05 -6.1035156E-05 -6.1035156E-05,-0.0011111111 -0.0011111111 -0.0011111111,-0.01 -0.01 -0.01,-1 -1 -1,255
255,11111111,11111111,-6.1035156E-05 -6.1035156E-05 -6.1035156E-05 -6.1035156E-05,-0.0011111111 -0.0011111111 -0.0011111111,-0.01 -0.01 -0.01,-1 -1 -1,255
255,11111111,11111111,-6.1035156E-05 -6.1035156E-05 -6.1035156E-05 -6.1035156E-05,-0.0011111111 -0.0011111111 -0.0011111111,-0.01 -0.01 -0.01,-1 -1 -1,255
255,11111111,11111111,-6.1035156E-05 -6.1035156E-05 -6.1035156E-05 -6.1035156E-05,-0.0011111111 -0.0011111111 -0.0011111111,-0.01 -0.01 -0.01,-1 -1 -1,255
255,11111111,11111111,-6.1035156E-05 -6.1035156E-05 -6.1035156E-05 -6.1035156E-05,-0.0011111111 -0.0011111111 -0.0011111111,-0.01 -0.01 -0.01,-1 -1 -1,255
255,11111111,11111111,-6.1035156E-05 -6.1035156E-05 -6.1035156E-05 -6.1035156E-05,-0.0011111111 -0.0011111111 -0.0011111111,-0.01 -0.01 -0.01,-1 -1 -1,255
255,11111111,11111111,-6.1035156E-05 -6.1035156E-05 -6.1035156E-05 -6.1035156E-05,-0.0011111111 -0.0011111111 -0.0011111111,-0.01 -0.01 -0.01,-1 -1 -1,255
255,11111111,11111111,-6.1035156E-05 -6.1035156E-05 -6.1035156E-05 -6.1035156E-05,-0.0011111111 -0.0011111111 -0.0011111111,-0.01 -0.01 -0.01,-1 -1 -1,255
255,11111111,11111111,-6.1035156E-05 -6.1035156E-05 -6.1035156E-05 -6.1035156E-05,-0.0011111111 -0.0011111111 -0.0011111111,-0.01 -0.01 -0.01,-1 -1 -1,255
255,11111111,11111111,-6.1035156E-05 -6.1035156E-05 -6.1035156E-05 -6.1035156E-05,-0.0011111111 -0.0011111111 -0.0011111111,-0.01 -0.01 -0.01,-1 -1 -1,255
255,11111111,11111111,-6.1035156E-05 -6.1035156E-05 -6.1035156E-05 -6.1035156E-05,-0.0011111111 -0.0011111111 -0.0011111111,-0.01 -0.01 -0.01,-1 -1 -1,255
255,11111111,11111111,-6.1035156E-05 -6.1035156E-05 -6.1035156E-05 -6.1035156E-05,-0.0011111111 -0.0011111111 -0.0011111111,-0.01 -0.01 -0.01,-1 -1 -1,255
255,11111111,11111111,-6.1035156E-05 -6.1035156E-05 -6.1035156E-05 -6.1035156E-05,-0.0011111111 -0.0011111111 -0.0011111111,-0.01 -0.01 -0.01,-1 -1 -1,255
255,11111111,11111111,-6.1035156E-05 -6.1035156E-05 -6.1035156E-05 -6.1035156E-05,-0.0011111111 -0.0011111111 -0.0011111111,-0.01 -0.01 -0.01,-1 -1 -1,255
255,11111111,11111111,-6.1035156E-05 -6.1035156E-05 -6.1035156E-05 -6.1035156E-05,-0.0011111111 -0.0011111111 -0.0011111111,-0.01 -0.01 -0.01,-1 -1 -1,255
255,11111111,11111111,-6.1035156E-05 -6.1035156E-05 -6.1035156E-05 -6.1035156E-05,-0.0011111111 -0.0011111111 -0.0011111111,-0.01 -0.01 -0.01,-1 -1 -1,255
255,11111111,11111111,-6.1035156E-05 -6.1035156E-05 -6.1035156E-05 -6.1035156E-05,-0.0011111111 -0.0011111111 -0.0011111111,-0.01 -0.01 -0.01,-1 -1 -1,255
255,11111111,11111111,-6.1035156E-05 -6.1035156E-05 -6.1035156E-05 -6.1035156E-05,-0.0011111111 -0.0011111111 -0.0011111111,-0.01 -0.01 -0.01,-1 -1 -1,255
255,11111111,11111111,-6.1035156E-05 -6.1035156E-05 -6.1035156E-05 -6.1035156E-05,-0.0011111111 -0.0011111111 -0.0011111111,-0.01 -0.01 -0.01,-1 -1 -1,255
255,11111111,11111111,-6.1035156E-05 -6.1035156E-05 -6.1035156E-05 -6.1035156E-05,-0.0011111111 -0.0011111111 -0.0011111111,-0.01 -0.01 -0.01,-1 -1 -1,255
255,11111111,11111111,-6.1035156E-05 -6.1035156E-05 -6.1035156E-05 -6.1035156E-05,-0.0011111111 -0.0011111111 -0.0011111111,-0.01 -0.01 -0.01,-1 -1 -1,255
255,11111111,11111111,-6.1035156E-05 -6.1035156E-05 -6.1035156E-05 -6.1035156E-05,-0.0011111111 -0.0011111111 -0.0011111111,-0.01 -0.01 -0.01,-1 -1 -1,255
255,11111111,11111111,-6.1035156E-05 -6.1035156E-05 -6.1035156E-05 -6.1035156E-05,-0.0011111111 -0.0011111111 -0.0011111111,-0.01 -0.01 -0.01,-1 -1 -1,255
255,11111111,11111111,-6.1035156E-05 -6.1035156E-05 -6.1035156E-05 -6.1035156E-05,-0.0011111111 -0.0011111111 -0.0011111111,-0.01 -0.01 -0.01,-1 -1 -1,255
255,11111111,11111111,-6.1035156E-05 -6.1035156E-05 -6.1035156E-05 -6.1035156E-05,-0.0011111111 -0.0011111111 -0.0011111111,-0.01 -0.01 -0.01,-1 -1 -1,255
255,11111111,11111111,-6.1035156E-05 -6.1035156E-05 -6.1035156E-05 -6.1035156E-05,-0.0011111111 -0.0011111111 -0.0011111111,-0.01 -0.01 -0.01,-1 -1 -1,255
255,11111111,11111111,-6.1035156E-05 -6.1035156E-05 -6.1035156E-05 -6.1035156E-05,-0.0011111111 -0.0011111111 -0.0011111111,-0.01 -0.01 -0.01,-1 -1 -1,255
255,11111111,11111111,-6.1035156E-05 -6.1035156E-05 -6.1035156E-05 -6.1035156E-05,-0.0011111111 -0.0011111111 -0.0011111111,-0.01 -0.01 -0.01,-1 -1 -1,255
255,11111111,11111111,-6.1035156E-05 -6.1035156E-05 -6.1035156E-05 -6.1035156E-05,-0.0011111111 -0.0011111111 -0.0011111111,-0.01 -0.01 -0.01,-1 -1 -1,255
255,11111111,11111111,-6.1035156E-05 -6.1035156E-05 -6.1035156E-05 -6.1035156E-05,-0.0011111111 -0.0011111111 -0.0011111111,-0.01 -0.01 -0.01,-1 -1 -1,255
255,11111111,11111111,-6.1035156E-05 -6.1035156E-05 -6.1035156E-05 -6.1035156E-05,-0.0011111111 -0.0011111111 -0.0011111111,-0.01 -0.01 -0.01,-1 -1 -1,255
255,11111111,11111111,-6.1035156E-05 -6.1035156E-05 -6.1035156E-05 -6.1035156E-05,-0.0011111111 -0.0011111111 -0.0011111111,-0.01 -0.01 -0.01,-1 -1 -1,255
255,11111111,11111111,-6.1035156E-05 -6.1035156E-05 -6.1035156E-05 -6.1035156E-05,-0.0011111111 -0.0011111111 -0.0011111111,-0.01 -0.01 -0.01,-1 -1 -1,255
255,11111111,11111111,-6.1035156E-05 -6.1035156E-05 -6.1035156E-05 -6.1035156E-05,-0.0011111111 -0.0011111111 -0.0011111111,-0.01 -0.01 -0.01,-1 -1 -1,255
255,11111111,11111111,-6.1035156E-05 -6.1035156E-05 -6.1035156E-05 -6.1035156E-05,-0.0011111111 -0.0011111111 -0.0011111111,-0.01 -0.01 -0.01,-1 -1 -1,255
255,11111111,11111111,-6.1035156E-05 -6.1035156E-05 -6.1035156E-05 -6.1035156E-05,-0.0011111111 -0.0011111111 -0.0011111111,-0.01 -0.01 -0.01,-1 -1 -1,255
255,11111111,11111111,-6.1035156E-05 -6.1035156E-05 -6.1035156E-05 -6.1035156E-05,-0.0011111111 -0.0011111111 -0.0011111111,-0.01 -0.01 -0.01,-1 -1 -1,255
255,11111111,11111111,-6.1035156E-05 -6.1035156E-05 -6.1035156E-05 -6.1035156E-05,-0.0011111111 -0.0011111111 -0.0011111111,-0.01 -0.01 -0.01,-1 -1 -1,255
255,11111111,11111111,-6.1035156E-05 -6.1035156E-05 -6.1035156E-05 -6.1035156E-05,-0.0011111111 -0.0011111111 -0.0011111111,-0.01 -0.01 -0.01,-1 -1 -1,255
255,11111111,11111111,-6.1035156E-05 -6.1035156E-05 -6.1035156E-05 -6.1035156E-05,-0.0011111111 -0.0011111111 -0.0011111111,-0.01 -0.01 -0.01,-1 -1 -1,255
255,11111111,11111111,-6.1035156E-05 -6.1035156E-05 -6.1035156E-05 -6.1035156E-05,-0.0011111111 -0.0011111111 -0.0011111111,-0.01 -0.01 -0.01,-1 -1 -1,255
255,11111111,11111111,-6.1035156E-05 -6.1035156E-05 -6.1035156E-05 -6.1035156E-05,-0.0011111111 -0.0011111111 -0.0011111111,-0.01 -0.01 -0.01,-1 -1 -1,255
255,11111111,11111111,-6.1035156E-05 -6.1035156E-05 -6.1035156E-05 -6.1035156E-05,-0.0011111111 -0.0011111111 -0.0011111111,-0.01 -0.01 -0.01,-1 -1 -1,255
255,11111111,11111111,-6.1035156E-05 -6.1035156E-05 -6.1035156E-05 -6.1035156E-05,-0.0011111111 -0.0011111111 -0.0011111111,-0.01 -0.01 -0.01,-1 -1 -1,255
255,11111111,11111111,-6.1035156E-05 -6.1035156E-05 -6.1035156E-05 -6.1035156E-05,-0.0011111111 -0.0011111111 -0.0011111111,-0.01 -0.01 -0.01,-1 -1 -1,255
255,11111111,11111111,-6.1035156E-05 -6.1035156E-05 -6.1035156E-05 -6.1035156E-05,-0.0011111111 -0.0011111111 -0.0011111111,-0.01 -0.01 -0.01,-1 -1 -1,255
255,11111111,11111111,-6.1035156E-05 -6.1035156E-05 -6.1035156E-05 -6.1035156E-05,-0.0011111111 -0.0011111111 -0.0011111111,-0.01 -0.01 -0.01,-1 -1 -1,255
255,11111111,11111111,-6.1035156E-05 -6.1035156E-05 -6.1035156E-05 -6.1035156E-05,-0.0011111111 -0.0011111111 -0.0011111111,-0.01 -0.01 -0.01,-1 -1 -1,255
255,11111111,11111111,-6.1035156E-05 -6.1035156E-05 -6.1035156E-05 -6.1035156E-05,-0.0011111111 -0.0011111111 -0.0011111111,-0.01 -0.01 -0.01,-1 -1 -1,255
255,11111111,11111111,-6.1035156E-05 -6.1035156E-05 -6.1035156E-05 -6.1035156E-05,-0.0011111111 -0.0011111111 -0.0011111111,-0.01 -0.01 -0.01,-1 -1 -1,255
255,11111111,11111111,-6.1035156E-05 -6.1035156E-05 -6.1035156E-05 -6.1035156E-05,-0.0011111111 -0.0011111111 -0.0011111111,-0.01 -0.01 -0.01,-1 -1 -1,255
255,11111111,11111111,-6.1035156E-05 -6.1035156E-05 -6.1035156E-05 -6.1035156E-05,-0.0011111111 -0.0011111111 -0.0011111111,-0.01 -0.01 -0.01,-1 -1 -1,255
255,11111111,11111111,-6.1035156E-05 -6.1035156E-05 -6.1035156E-05 -6.1035156E-05,-0.0011111111 -0.0011111111 -0.0011111111,-0.01 -0.01 -0.01,-1 -1 -1,255
255,11111111,11111111,-6.1035156E-05 -6.1035156E-05 -6.1035156E-05 -6.1035156E-05,-0.0011111111 -0.0011111111 -0.0011111111,-0.01 -0.01 -0.01,-1 -1 -1,255
255,11111111,11111111,-6.1035156E-05 -6.1035156E-05 -6.1035156E-05 -6.1035156E-05,-0.0011111111 -0.0011111111 -0.0011111111,-0.01 -0.01 -0.01,-1 -1 -1,255
255,11111111,11111111,-6.1035156E-05 -6.1035156E-05 -6.1035156E-05 -6.1035156E-05,-0.0011111111 -0.0011111111 -0.0011111111,-0.01 -0.01 -0.01,-1 -1 -1,255
255,11111111,11111111,-6.1035156E-05 -6.1035156E-05 -6.1035156E-05 -6.1035156E-05,-0.0011111111 -0.0011111111 -0.0011111111,-0.01 -0.01 -0.01,-1 -1 -1,255
255,11111111,11111111,-6.1035156E-05 -6.1035156E-05 -6.1035156E-05 -6.1035156E-05,-0.0011111111 -0.0011111111 -0.0011111111,-0.01 -0.01 -0.01,-1 -1 -1,255
255,11111111,11111111,-6.1035156E-05 -6.1035156E-05 -6.1035156E-05 -6.1035156E-05,-0.0011111111 -0.0011111111 -0.0011111111,-0.01 -0.01 -0.01,-1 -1 -1,255
255,11111111,11111111,-6.1035156E-05 -6.1035156E-05 -6.1035156E-05 -6.1035156E-05,-0.0011111111 -0.0011111111 -0.0011111111,-0.01 -0.01 -0.01,-1 -1 -1,255
255,11111111,11111111,-6.1035156E-05 -6.1035156E-05 -6.1035156E-05 -6.1035156E-05,-0.0011111111 -0.0011111111 -0.0011111111,-0.01 -0.01 -0.01,-1 -1 -1,255
255,11111111,11111111,-6.1035156E-05 -6.1035156E-05 -6.1035156E-05 -6.1035156E-05,-0.0011111111 -0.0011111111 -0.0011111111,-0.01 -0.01 -0.01,-1 -1 -1,255
255,11111111,11111111,-6.1035156E-05 -6.1035156E-05 -6.1035156E-05 -6.1035156E-05,-0.0011111111 -0.0011111111 -0.0011111111,-0.01 -0.01 -0.01,-1 -1 -1,255
255,11111111,11111111,-6.1035156E-05 -6.1035156E-05 -6.1035156E-05 -6.1035156E-05,-0.0011111111 -0.0011111111 -0.0011111111,-0.01 -0.01 -0.01,-1 -1 -1,255
255,11111111,11111111,-6.1035156E-05 -6.1035156E-05 -6.1035156E-05 -6.1035156E-05,-0.0011111111 -0.0011111111 -0.0011111111,-0.01 -0.01 -0.01,-1 -1 -1,255
255,11111111,11111111,-6.1035156E-05 -6.1035156E-05 -6.1035156E-05 -6.1035156E-05,-0.0011111111 -0.0011111111 -0.0011111111,-0.01 -0.01 -0.01,-1 -1 -1,255
255,11111111,11111111,-6.1035156E-05 -6.1035156E-05 -6.1035156E-05 -6.1035156E-05,-0.0011111111 -0.0011111111 -0.0011111111,-0.01 -0.01 -0.01,-1 -1 -1,255
255,11111111,11111111,-6.1035156E-05 -6.1035156E-05 -6.1035156E-05 -6.1035156E-05,-0.0011111111 -0.0011111111 -0.0011111111,-0.01 -0.01 -0.01,-1 -1 -1,255
255,11111111,11111111,-6.1035156E-05 -6.1035156E-05 -6.1035156E-05 -6.1035156E-05,-0.0011111111 -0.0011111111 -0.0011111111,-0.01 -0.01 -0.01,-1 -1 -1,255
255,11111111,11111111,-6.1035156E-05 -6.1035156E-05 -6.1035156E-05 -6.1035156E-05,-0.0011111111 -0.0011111111 -0.0011111111,-0.01 -0.01 -0.01,-1 -1 -1,255
255,11111111,11111111,-6.1035156E-05 -6.1035156E-05 -6.1035156E-05 -6.1035156E-05,-0.0011111111 -0.0011111111 -0.0011111111,-0.01 -0.01 -0.01,-1 -1 -1,255
255,11111111,11111111,-6.1035156E-05 -6.1035156E-05 -6.1035156E-05 -6.1035156E-05,-0.0011111111 -0.0011111111 -0.0011111111,-0.01 -0.01 -0.01,-1 -1 -1,255
255,11111111,11111111,-6.1035156E-05 -6.1035156E-05 -6.1035156E-05 -6.1035156E-05,-0.0011111111 -0.0011111111 -0.0011111111,-0.01 -0.01 -0.01,-1 -1 -1,255
255,11111111,11111111,-6.1035156E-05 -6.1035156E-05 -6.1035156E-05 -6.1035156E-05,-0.0011111111 -0.0011111111 -0.0011111111,-0.01 -0.01 -0.01,-1 -1 -1,255
255,11111111,11111111,-6.1035156E-05 -6.1035156E-05 -6.1035156E-05 -6.1035156E-05,-0.0011111111 -0.0011111111 -0.0011111111,-0.01 -0.01 -0.01,-1 -1 -1,255
255,11111111,11111111,-6.1035156E-05 -6.1035156E-05 -6.1035156E-05 -6.1035156E-05,-0.0011111111 -0.0011111111 -0.0011111111,-0.01 -0.01 -0.01,-1 -1 -1,255
255,11111111,11111111,-6.1035156E-05 -6.1035156E-05 -6.1035156E-05 -6.1035156E-05,-0.0011111111 -0.0011111111 -0.0011111111,-0.01 -0.01 -0.01,-1 -1 -1,255
255,11111111,11111111,-6.1035156E-05 -6.1035156E-05 -6.1035156E-05 -6.1035156E-05,-0.0011111111 -0.0011111111 -0.0011111111,-0.01 -0.01 -0.01,-1 -1 -1,255
255,11111111,11111111,-6.1035156E-05 -6.1035156E-05 -6.1035156E-05 -6.1035156E-05,-0.0011111111 -0.0011111111 -0.0011111111,-0.01 -0.01 -0.01,-1 -1 -1,255
255,11111111,11111111,-6.1035156E-05 -6.1035156E-05 -6.1035156E-05 -6.1035156E-05,-0.0011111111 -0.0011111111 -0.0011111111,-0.01 -0.01 -0.01,-1 -1 -1,255
255,11111111,11111111,-6.1035156E-05 -6.1035156E-05 -6.1035156E-05 -6.1035156E-05,-0.0011111111 -0.0011111111 -0.0011111111,-0.01 -0.01 -0.01,-1 -1 -1,255
255,11111111,11111111,-6.1035156E-05 -6.1035156E-05 -6.1035156E-05 -6.1035156E-05,-0.0011111111 -0.0011111111 -0.0011111111,-0.01 -0.01 -0.01,-1 -1 -1,255
255,11111111,11111111,-6.1035156E-05 -6.1035156E-05 -6.1035156E-05 -6.1035156E-05,-0.0011111111 -0.0011111111 -0.0011111111,-0.01 -0.01 -0.01,-1 -1 -1,255
255,11111111,11111111,-6.1035156E-05 -6.1035156E-05 -6.1035156E-05 -6.1035156E-05,-0.0011111111 -0.0011111111 -0.0011111111,-0.01 -0.01 -0.01,-1 -1 -1,255
255,11111111,11111111,-6.1035156E-05 -6.1035156E-05 -6.1035156E-05 -6.1035156E-05,-0.0011111111 -0.0011111111 -0.0011111111,-0.01 -0.01 -0.01,-1 -1 -1,255
255,11111111,11111111,-6.1035156E-05 -6.1035156E-05 -6.1035156E-05 -6.1035156E-05,-0.0011111111 -0.0011111111 -0.0011111111,-0.01 -0.01 -0.01,-1 -1 -1,255
255,11111111,11111111,-6.1035156E-05 -6.1035156E-05 -6.1035156E-05 -6.1035156E-05,-0.0011111111 -0.0011111111 -0.0011111111,-0.01 -0.01 -0.01,-1 -1 -1,255
255,11111111,11111111,-6.1035156E-05 -6.1035156E-05 -6.1035156E-05 -6.1035156E-05,-0.0011111111 -0.0011111111 -0.0011111111,-0.01 -0.01 -0.01,-1 -1 -1,255
255,11111111,11111111,-6.1035156E-05 -6.1035156E-05 -6.1035156E-05 -6.1035156E-05,-0.0011111111 -0.0011111111 -0.0011111111,-0.01 -0.01 -0.01,-1 -1 -1,255
255,11111111,11111111,-6.1035156E-05 -6.1035156E-05 -6.1035156E-05 -6.1035156E-05,-0.0011111111 -0.0011111111 -0.0011111111,-0.01 -0.01 -0.01,-1 -1 -1,255
255,11111111,11111111,-6.1035156E-05 -6.1035156E-05 -6.1035156E-05 -6.1035156E-05,-0.0011111111 -0.0011111111 -0.0011111111,-0.01 -0.01 -0.01,-1 -1 -1,255
255,11111111,11111111,-6.1035156E-05 -6.1035156E-05 -6.1035156E-05 -6.1035156E-05,-0.0011111111 -0.0011111111 -0.0011111111,-0.01 -0.01 -0.01,-1 -1 -1,255
255,11111111,11111111,-6.1035156E-05 -6.1035156E-05 -6.1035156E-05 -6.1035156E-05,-0.0011111111 -0.0011111111 -0.0011111111,-0.01 -0.01 -0.01,-1 -1 -1,255
255,11111111,11111111,-6.1035156E-05 -6.1035156E-05 -6.1035156E-05 -6.1035156E-05,-0.0011111111 -0.0011111111 -0.0011111111,-0.01 -0.01 -0.01,-1 -1 -1,255
255,11111111,11111111,-6.1035156E-05 -6.1035156E-05 -6.1035156E-05 -6.1035156E-05,-0.0011111111 -0.0011111111 -0.0011111111,-0.01 -0.01 -0.01,-1 -1 -1,255
255,11111111,11111111,-6.1035156E-05 -6.1035156E-05 -6.1035156E-05 -6.1035156E-05,-0.0011111111 -0.0011111111 -0.0011111111,-0.01 -0.01 -0.01,-1 -1 -1,255
255,11111111,11111111,-6.1035156E-05 -6.1035156E-05 -6.1035156E-05 -6.1035156E-05,-0.0011111111 -0.0011111111 -0.0011111111,-0.01 -0.01 -0.01,-1 -1 -1,255
255,11111111,11111111,-6.1035156E-05 -6.1035156E-05 -6.1035156E-05 -6.1035156E-05,-0.0011111111 -0.0011111111 -0.0011111111,-0.01 -0.01 -0.01,-1 -1 -1,255
255,11111111,11111111,-6.1035156E-05 -6.1035156E-05 -6.1035156E-05 -6.1035156E-05,-0.0011111111 -0.0011111111 -0.0011111111,-0.01 -0.01 -0.01,-1 -1 -1,255
255,11111111,11111111,-6.1035156E-05 -6.1035156E-05 -6.1035156E-05 -6.1035156E-05,-0.0011111111 -0.0011111111 -0.0011111111,-0.01 -0.01 -0.01,-1 -1 -1,255
255,11111111,11111111,-6.1035156E-05 -6.1035156E-05 -6.1035156E-05 -6.1035156E-05,-0.0011111111 -0.0011111111 -0.0011111111,-0.01 -0.01 -0.01,-1 -1 -1,255
255,11111111,11111111,-6.1035156E-05 -6.1035156E-05 -6.1035156E-05 -6.1035156E-05,-0.0011111111 -0.0011111111 -0.0011111111,-0.01 -0.01 -0.01,-1 -1 -1,255
255,11111111,11111111,-6.1035156E-05 -6.1035156E-05 -6.1035156E-05 -6.1035156E-05,-0.0011111111 -0.0011111111 -0.0011111111,-0.01 -0.01 -0.01,-1 -1 -1,255
255,11111111,11111111,-6.1035156E-05 -6.1035156E-05 -6.1035156E-05 -6.1035156E-05,-0.0011111111 -0.0011111111 -0.0011111111,-0.01 -0.01 -0.01,-1 -1 -1,255
255,11111111,11111111,-6.1035156E-05 -6.1035156E-05 -6.1035156E-05 -6.1035156E-05,-0.0011111111 -0.0011111111 -0.0011111111,-0.01 -0.01 -0.01,-1 -1 -1,255
255,11111111,11111111,-6.1035156E-05 -6.1035156E-05 -6.1035156E-05 -6.1035156E-05,-0.0011111111 -0.0011111111 -0.0011111111,-0.01 -0.01 -0.01,-1 -1 -1,255
255,11111111,11111111,-6.1035156E-05 -6.1035156E-05 -6.1035156E-05 -6.1035156E-05,-0.0011111111 -0.0011111111 -0.0011111111,-0.01 -0.01 -0.01,-1 -1 -1,255
255,11111111,11111111,-6.1035156E-05 -6.1035156E-05 -6.1035156E-05 -6.1035156E-05,-0.0011111111 -0.0011111111 -0.0011111111,-0.01 -0.01 -0.01,-1 -1 -1,255
255,11111111,11111111,-6.1035156E-05 -6.1035156E-05 -6.1035156E-05 -6.1035156E-05,-0.0011111111 -0.0011111111 -0.0011111111,-0.01 -0.01 -0.01,-1 -1 -1,255
255,11111111,11111111,-6.1035156E-05 -6.1035156E-05 -6.1035156E-05 -6.1035156E-05,-0.0011111111 -0.0011111111 -0.0011111111,-0.01 -0.01 -0.01,-1 -1 -1,255
255,11111111,11111111,-6.1035156E-05 -6.1035156E-05 -6.1035156E-05 -6.1035156E-05,-0.0011111111 -0.0011111111 -0.0011111111,-0.01 -0.01 -0.01,-1 -1 -1,255
255,11111111,11111111,-6.1035156E-05 -6.1035156E-05 -6.1035156E-05 -6.1035156E-05,-0.0011111111 -0.0011111111 -0.0011111111,-0.01 -0.01 -0.01,-1 -1 -1,255
255,11111111,11111111,-6.1035156E-05 -6.1035156E-05 -6.1035156E-05 -6.1035156E-05,-0.0011111111 -0.0011111111 -0.0011111111,-0.01 -0.01 -0.01,-1 -1 -1,255
255,11111111,11111111,-6.1035156E-05 -6.1035156E-05 -6.1035156E-05 -6.1035156E-05,-0.0011111111 -0.0011111111 -0.0011111111,-0.01 -0.01 -0.01,-1 -1 -1,255
255,11111111,11111111,-6.1035156E-05 -6.1035156E-05 -6.1035156E-05 -6.1035156E-05,-0.0011111111 -0.0011111111 -0.0011111111,-0.01 -0.01 -0.01,-1 -1 -1,255
255,11111111,11111111,-6.1035156E-05 -6.1035156E-05 -6.1035156E-05 -6.1035156E-05,-0.0011111111 -0.0011111111 -0.0011111111,-0.01 -0.01 -0.01,-1 -1 -1,255
255,11111111,11111111,-6.1035156E-05 -6.1035156E-05 -6.1035156E-05 -6.1035156E-05,-0.0011111111 -0.0011111111 -0.0011111111,-0.01 -0.01 -0.01,-1 -1 -1,255
255,11111111,11111111,-6.1035156E-05 -6.1035156E-05 -6.1035156E-05 -6.1035156E-05,-0.0011111111 -0.0011111111 -0.0011111111,-0.01 -0.01 -0.01,-1 -1 -1,255
255,11111111,11111111,-6.1035156E-05 -6.1035156E-05 -6.1035156E-05 -6.1035156E-05,-0.0011111111 -0.0011111111 -0.0011111111,-0.01 -0.01 -0.01,-1 -1 -1,255
255,11111111,11111111,-6.1035156E-05 -6.1035156E-05 -6.1035156E-05 -6.1035156E-05,-0.0011111111 -0.0011111111 -0.0011111111,-0.01 -0.01 -0.01,-1 -1 -1,255
255,11111111,11111111,-6.1035156E-05 -6.1035156E-05 -6.1035156E-05 -6.1035156E-05,-0.0011111111 -0.0011111111 -0.0011111111,-0.01 -0.01 -0.01,-1 -1 -1,255
255,11111111,11111111,-6.1035156E-05 -6.1035156E-05 -6.1035156E-05 -6.1035156E-05,-0.0011111111 -0.0011111111 -0.0011111111,-0.01 -0.01 -0.01,-1 -1 -1,255
255,11111111,11111111,-6.1035156E-05 -6.1035156E-05 -6.1035156E-05 -6.1035156E-05,-0.0011111111 -0.0011111111 -0.0011111111,-0.01 -0.01 -0.01,-1 -1 -1,255
255,11111111,11111111,-6.1035156E-05 -6.1035156E-05 -6.1035156E-05 -6.1035156E-05,-0.0011111111 -0.0011111111 -0.0011111111,-0.01 -0.01 -0.01,-1 -1 -1,255
255,11111111,11111111,-6.1035156E-05 -6.1035156E-05 -6.1035156E-05 -6.1035156E-05,-0.0011111111 -0.0011111111 -0.0011111111,-0.01 -0.01 -0.01,-1 -1 -1,255
255,11111111,11111111,-6.1035156E-05 -6.1035156E-05 -6.1035156E-05 -6.1035156E-05,-0.0011111111 -0.0011111111 -0.0011111111,-0.01 -0.01 -0.01,-1 -1 -1,255
255,11111111,11111111,-6.1035156E-05 -6.1035156E-05 -6.1035156E-05 -6.1035156E-05,-0.0011111111 -0.0011111111 -0.0011111111,-0.01 -0.01 -0.01,-1 -1 -1,255
255,11111111,11111111,-6.1035156E-05 -6.1035156E-05 -6.1035156E-05 -6.1035156E-05,-0.0011111111 -0.0011111111 -0.0011111111,-0.01 -0.01 -0.01,-1 -1 -1,255
255,11111111,11111111,-6.1035156E-05 -6.1035156E-05 -6.1035156E-05 -6.1035156E-05,-0.0011111111 -0.0011111111 -0.0011111111,-0.01 -0.01 -0.01,-1 -1 -1,255
255,11111111,11111111,-6.1035156E-05 -6.1035156E-05 -6.1035156E-05 -6.1035156E-05,-0.0011111111 -0.0011111111 -0.0011111111,-0.01 -0.01 -0.01,-1 -1 -1,255
255,11111111,11111111,-6.1035156E-05 -6.1035156E-05 -6.1035156E-05 -6.1035156E-05,-0.0011111111 -0.0011111111 -0.0011111111,-0.01 -0.01 -0.01,-1 -1 -1,255
255,11111111,11111111,-6.1035156E-05 -6.1035156E-05 -6.1035156E-05 -6.1035156E-05,-0.0011111111 -0.0011111111 -0.0011111111,-0.01 -0.01 -0.01,-1 -1 -1,255
255,11111111,11111111,-6.1035156E-05 -6.1035156E-05 -6.1035156E-05 -6.1035156E-05,-0.0011111111 -0.0011111111 -0.0011111111,-0.01 -0.01 -0.01,-1 -1 -1,255
255,11111111,11111111,-6.1035156E-05 -6.1035156E-05 -6.1035156E-05 -6.1035156E-05,-0.0011111111 -0.0011111111 -0.0011111111,-0.01 -0.01 -0.01,-1 -1 -1,255
255,11111111,11111111,-6.1035156E-05 -6.1035156E-05 -6.1035156E-05 -6.1035156E-05,-0.0011111111 -0.0011111111 -0.0011111111,-0.01 -0.01 -0.01,-1 -1 -1,255
255,11111111,11111111,-6.1035156E-05 -6.1035156E-05 -6.1035156E-05 -6.1035156E-05,-0.0011111111 -0.0011111111 -0.0011111111,-0.01 -0.01 -0.01,-1 -1 -1,255
255,11111111,11111111,-6.1035156E-05 -6.1035156E-05 -6.1035156E-05 -6.1035156E-05,-0.0011111111 -0.0011111111 -0.0011111111,-0.01 -0.01 -0.01,-1 -1 -1,255
255,11111111,11111111,-6.1035156E-05 -6.1035156E-05 -6.1035156E-05 -6.1035156E-05,-0.0011111111 -0.0011111111 -0.0011111111,-0.01 -0.01 -0.01,-1 -1 -1,255
255,11111111,11111111,-6.1035156E-05 -6.1035156E-05 -6.1035156E-05 -6.1035156E-05,-0.0011111111 -0.0011111111 -0.0011111111,-0.01 -0.01 -0.01,-1 -1 -1,255
255,11111111,11111111,-6.1035156E-05 -6.1035156E-05 -6.1035156E-05 -6.1035156E-05,-0.0011111111 -0.0011111111 -0.0011111111,-0.01 -0.01 -0.01,-1 -1 -1,255
255,11111111,11111111,-6.1035156E-05 -6.1035156E-05 -6.1035156E-05 -6.1035156E-05,-0.0011111111 -0.0011111111 -0.0011111111,-0.01 -0.01 -0.01,-1 -1 -1,255
255,11111111,11111111,-6.1035156E-05 -6.1035156E-05 -6.1035156E-05 -6.1035156E-05,-0.0011111111 -0.0011111111 -0.0011111111,-0.01 -0.01 -0.01,-1 -1 -1,255
255,11111111,11111111,-6.1035156E-05 -6.1035156E-05 -6.1035156E-05 -6.1035156E-05,-0.0011111111 -0.0011111111 -0.0011111111,-0.01 -0.01 -0.01,-1 -1 -1,255
255,11111111,11111111,-6.1035156E-05 -6.1035156E-05 -6.1035156E-05 -6.1035156E-05,-0.0011111111 -0.0011111111 -0.0011111111,-0.01 -0.01 -0.01,-1 -1 -1,255
255,11111111,11111111,-6.1035156E-05 -6.1035156E-05 -6.1035156E-05 -6.1035156E-05,-0.0011111111 -0.0011111111 -0.0011111111,-0.01 -0.01 -0.01,-1 -1 -1,255
255,11111111,11111111,-6.1035156E-05 -6.1035156E-05 -6.1035156E-05 -6.1035156E-05,-0.0011111111 -0.0011111111 -0.0011111111,-0.01 -0.01 -0.01,-1 -1 -1,255
255,11111111,11111111,-6.1035156E-05 -6.1035156E-05 -6.1035156E-05 -6.1035156E-05,-0.0011111111 -0.0011111111 -0.0011111111,-0.01 -0.01 -0.01,-1 -1 -1,255
255,11111111,11111111,-6.1035156E-05 -6.1035156E-05 -6.1035156E-05 -6.1035156E-05,-0.0011111111 -0.0011111111 -0.0011111111,-0.01 -0.01 -0.01,-1 -1 -1,255
255,11111111,11111111,-6.1035156E-05 -6.1035156E-05 -6.1035156E-05 -6.1035156E-05,-0.0011111111 -0.0011111111 -0.0011111111,-0.01 -0.01 -0.01,-1 -1 -1,255
255,11111111,11111111,-6.1035156E-05 -6.1035156E-05 -6.1035156E-05 -6.1035156E-05,-0.0011111111 -0.0011111111 -0.0011111111,-0.01 -0.01 -0.01,-1 -1 -1,255
255,11111111,11111111,-6.1035156E-05 -6.1035156E-05 -6.1035156E-05 -6.1035156E-05,-0.0011111111 -0.0011111111 -0.0011111111,-0.01 -0.01 -0.01,-1 -1 -1,255
255,11111111,11111111,-6.1035156E-05 -6.1035156E-05 -6.1035156E-05 -6.1035156E-05,-0.0011111111 -0.0011111111 -0.0011111111,-0.01 -0.01 -0.01,-1 -1 -1,255
255,11111111,11111111,-6.1035156E-05 -6.1035156E-05 -6.1035156E-05 -6.1035156E-05,-0.0011111111 -0.0011111111 -0.0011111111,-0.01 -0.01 -0.01,-1 -1 -1,255
255,11111111,11111111,-6.1035156E-05 -6.1035156E-05 -6.1035156E-05 -6.1035156E-05,-0.0011111111 -0.0011111111 -0.0011111111,-0.01 -0.01 -0.01,-1 -1 -1,255
255,11111111,11111111,-6.1035156E-05 -6.1035156E-05 -6.1035156E-05 -6.1035156E-05,-0.0011111111 -0.0011111111 -0.0011111111,-0.01 -0.01 -0.01,-1 -1 -1,255
255,11111111,11111111,-6.1035156E-05 -6.1035156E-05 -6.1035156E-05 -6.1035156E-05,-0.0011111111 -0.0011111111 -0.0011111111,-0.01 -0.01 -0.01,-1 -1 -1,255
255,11111111,11111111,-6.1035156E-05 -6.1035156E-05 -6.1035156E-05 -6.1035156E-05,-0.0011111111 -0.0011111111 -0.0011111111,-0.01 -0.01 -0.01,-1 -1 -1,255
255,11111111,11111111,-6.1035156E-05 -6.1035156E-05 -6.1035156E-05 -6.1035156E-05,-0.0011111111 -0.0011111111 -0.0011111111,-0.01 -0.01 -0.01,-1 -1 -1,255
255,11111111,11111111,-6.1035156E-05 -6.1035156E-05 -6.1035156E-05 -6.1035156E-05,-0.0011111111 -0.0011111111 -0.0011111111,-0.01 -0.01 -0.01,-1 -1 -1,255
255,11111111,11111111,-6.1035156E-05 -6.1035156E-05 -6.1035156E-05 -6.1035156E-05,-0.0011111111 -0.0011111111 -0.0011111111,-0.01 -0.01 -0.01,-1 -1 -1,255
255,11111111,11111111,-6.1035156E-05 -6.1035156E-05 -6.1035156E-05 -6.1035156E-05,-0.0011111111 -0.0011111111 -0.0011111111,-0.01 -0.01 -0.01,-1 -1 -1,255
255,11111111,11111111,-6.1035156E-05 -6.1035156E-05 -6.1035156E-05 -6.1035156E-05,-0.0011111111 -0.0011111111 -0.0011111111,-0.01 -0.01 -0.01,-1 -1 -1,255
255,11111111,11111111,-6.1035156E-05 -6.1035156E-05 -6.1035156E-05 -6.1035156E-05,-0.0011111111 -0.0011111111 -0.0011111111,-0.01 -0.01 -0.01,-1 -1 -1,255
255,11111111,11111111,-6.1035156E-05 -6.1035156E-05 -6.1035156E-05 -6.1035156E-05,-0.0011111111 -0.0011111111 -0.0011111111,-0.01 -0.01 -0.01,-1 -1 -1,255
255,11111111,11111111,-6.1035156E-05 -6.1035156E-05 -6.1035156E-05 -6.1035156E-05,-0.0011111111 -0.0011111111 -0.0011111111,-0.01 -0.01 -0.01,-1 -1 -1,255
255,11111111,11111111,-6.1035156E-05 -6.1035156E-05 -6.1035156E-05 -6.1035156E-05,-0.0011111111 -0.0011111111 -0.0011111111,-0.01 -0.01 -0.01,-1 -1 -1,255
255,11111111,11111111,-6.1035156E-05 -6.1035156E-05 -6.1035156E-05 -6.1035156E-05,-0.0011111111 -0.0011111111 -0.0011111111,-0.01 -0.01 -0.01,-1 -1 -1,255
255,11111111,11111111,-6.1035156E-05 -6.1035156E-05 -6.1035156E-05 -6.1035156E-05,-0.0011111111 -0.0011111111 -0.0011111111,-0.01 -0.01 -0.01,-1 -1 -1,255
255,11111111,11111111,-6.1035156E-05 -6.1035156E-05 -6.1035156E-05 -6.1035156E-05,-0.0011111111 -0.0011111111 -0.0011111111,-0.01 -0.01 -0.01,-1 -1 -1,255
255,11111111,11111111,-6.1035156E-05 -6.1035156E-05 -6.1035156E-05 -6.1035156E-05,-0.0011111111 -0.0011111111 -0.0011111111,-0.01 -0.01 -0.01,-1 -1 -1,255
255,11111111,11111111,-6.1035156E-05 -6.1035156E-05 -6.1035156E-05 -6.1035156E-05,-0.0011111111 -0.0011111111 -0.0011111111,-0.01 -0.01 -0.01,-1 -1 -1,255
255,11111111,11111111,-6.1035156E-05 -6.1035156E-05 -6.1035156E-05 -6.1035156E-05,-0.0011111111 -0.0011111111 -0.0011111111,-0.01 -0.01 -0.01,-1 -1 -1,255
255,11111111,11111111,-6.1035156E-05 -6.1035156E-05 -6.1035156E-05 -6.1035156E-05,-0.0011111111 -0.0011111111 -0.0011111111,-0.01 -0.01 -0.01,-1 -1 -1,255
255,11111111,11111111,-6.1035156E-05 -6.1035156E-05 -6.1035156E-05 -6.1035156E-05,-0.0011111111 -0.0011111111 -0.0011111111,-0.01 -0.01 -0.01,-1 -1 -1,255
255,11111111,11111111,-6.1035156E-05 -6.1035156E-05 -6.1035156E-05 -6.1035156E-05,-0.0011111111 -0.0011111111 -0.0011111111,-0.01 -0.01 -0.01,-1 -1 -1,255
255,11111111,11111111,-6.1035156E-05 -6.1035156E-05 -6.1035156E-05 -6.1035156E-05,-0.0011111111 -0.0011111111 -0.0011111111,-0.01 -0.01 -0.01,-1 -1 -1,255
255,11111111,11111111,-6.1035156E-05 -6.1035156E-05 -6.1035156E-05 -6.1035156E-05,-0.0011111111 -0.0011111111 -0.0011111111,-0.01 -0.01 -0.01,-1 -1 -1,255
255,11111111,11111111,-6.1035156E-05 -6.1035156E-05 -6.1035156E-05 -6.1035156E-05,-0.0011111111 -0.0011111111 -0.0011111111,-0.01 -0.01 -0.01,-1 -1 -1,255
255,11111111,11111111,-6.1035156E-05 -6.1035156E-05 -6.1035156E-05 -6.1035156E-05,-0.0011111111 -0.0011111111 -0.0011111111,-0.01 -0.01 -0.01,-1 -1 -1,255
255,11111111,11111111,-6.1035156E-05 -6.1035156E-05 -6.1035156E-05 -6.1035156E-05,-0.0011111111 -0.0011111111 -0.0011111111,-0.01 -0.01 -0.01,-1 -1 -1,255
255,11111111,11111111,-6.1035156E-05 -6.1035156E-05 -6.1035156E-05 -6.1035156E-05,-0.0011111111 -0.0011111111 -0.0011111111,-0.01 -0.01 -0.01,-1 -1 -1,255
255,11111111,11111111,-6.1035156E-05 -6.1035156E-05 -6.1035156E-05 -6.1035156E-05,-0.0011111111 -0.0011111111 -0.0011111111,-0.01 -0.01 -0.01,-1 -1 -1,255
255,11111111,11111111,-6.1035156E-05 -6.1035156E-05 -6.1035156E-05 -6.1035156E-05,-0.0011111111 -0.0011111111 -0.0011111111,-0.01 -0.01 -0.01,-1 -1 -1,255
255,11111111,11111111,-6.1035156E-05 -6.1035156E-05 -6.1035156E-05 -6.1035156E-05,-0.0011111111 -0.0011111111 -0.0011111111,-0.01 -0.01 -0.01,-1 -1 -1,255
255,11111111,11111111,-6.1035156E-05 -6.1035156E-05 -6.1035156E-05 -6.1035156E-05,-0.0011111111 -0.0011111111 -0.0011111111,-0.01 -0.01 -0.01,-1 -1 -1,255
255,11111111,11111111,-6.1035156E-05 -6.1035156E-05 -6.1035156E-05 -6.1035156E-05,-0.0011111111 -0.0011111111 -0.0011111111,-0.01 -0.01 -0.01,-1 -1 -1,255
255,11111111,11111111,-6.1035156E-05 -6.1035156E-05 -6.1035156E-05 -6.1035156E-05,-0.0011111111 -0.0011111111 -0.0011111111,-0.01 -0.01 -0.01,-1 -1 -1,255
255,11111111,11111111,-6.1035156E-05 -6.1035156E-05 -6.1035156E-05 -6.1035156E-05,-0.0011111111 -0.0011111111 -0.0011111111,-0.01 -0.01 -0.01,-1 -1 -1,255
255,11111111,11111111,-6.1035156E-05 -6.1035156E-05 -6.1035156E-05 -6.1035156E-05,-0.0011111111 -0.0011111111 -0.0011111111,-0.01 -0.01 -0.01,-1 -1 -1,255
255,11111111,11111111,-6.1035156E-05 -6.1035156E-05 -6.1035156E-05 -6.1035156E-05,-0.0011111111 -0.0011111111 -0.0011111111,-0.01 -0.01 -0.01,-1 -1 -1,255
255,11111111,11111111,-6.1035156E-05 -6.1035156E-05 -6.1035156E-05 -6.1035156E-05,-0.0011111111 -0.0011111111 -0.0011111111,-0.01 -0.01 -0.01,-1 -1 -1,255
255,11111111,11111111,-6.1035156E-05 -6.1035156E-05 -6.1035156E-05 -6.1035156E-05,-0.0011111111 -0.0011111111 -0.0011111111,-0.01 -0.01 -0.01,-1 -1 -1,255
255,11111111,11111111,-6.1035156E-05 -6.1035156E-05 -6.1035156E-05 -6.1035156E-05,-0.0011111111 -0.0011111111 -0.0011111111,-0.01 -0.01 -0.01,-1 -1 -1,255
255,11111111,11111111,-6.1035156E-05 -6.1035156E-05 -6.1035156E-05 -6.1035156E-05,-0.0011111111 -0.0011111111 -0.0011111111,-0.01 -0.01 -0.01,-1 -1 -1,255
255,11111111,11111111,-6.1035156E-05 -6.1035156E-05 -6.1035156E-05 -6.1035156E-05,-0.0011111111 -0.0011111111 -0.0011111111,-0.01 -0.01 -0.01,-1 -1 -1,255
255,11111111,11111111,-6.1035156E-05 -6.1035156E-05 -6.1035156E-05 -6.1035156E-05,-0.0011111111 -0.0011111111 -0.0011111111,-0.01 -0.01 -0.01,-1 -1 -1,255
255,11111111,11111111,-6.1035156E-05 -6.1035156E-05 -6.1035156E-05 -6.1035156E-05,-0.0011111111 -0.0011111111 -0.0011111111,-0.01 -0.01 -0.01,-1 -1 -1,255
255,11111111,11111111,-6.1035156E-05 -6.1035156E-05 -6.1035156E-05 -6.1035156E-05,-0.0011111111 -0.0011111111 -0.0011111111,-0.01 -0.01 -0.01,-1 -1 -1,255
255,11111111,11111111,-6.1035156E-05 -6.1035156E-05 -6.1035156E-05 -6.1035156E-05,-0.0011111111 -0.0011111111 -0.0011111111,-0.01 -0.01 -0.01,-1 -1 -1,255
255,11111111,11111111,-6.1035156E-05 -6.1035156E-05 -6.1035156E-05 -6.1035156E-05,-0.0011111111 -0.0011111111 -0.0011111111,-0.01 -0.01 -0.01,-1 -1 -1,255
255,11111111,11111111,-6.1035156E-05 -6.1035156E-05 -6.1035156E-05 -6.1035156E-05,-0.0011111111 -0.0011111111 -0.0011111111,-0.01 -0.01 -0.01,-1 -1 -1,255
255,11111111,11111111,-6.1035156E-05 -6.1035156E-05 -6.1035156E-05 -6.1035156E-05,-0.0011111111 -0.0011111111 -0.0011111111,-0.01 -0.01 -0.01,-1 -1 -1,255
255,11111111,11111111,-6.1035156E-05 -6.1035156E-05 -6.1035156E-05 -6.1035156E-05,-0.0011111111 -0.0011111111 -0.0011111111,-0.01 -0.01 -0.01,-1 -1 -1,255
255,11111111,11111111,-6.1035156E-05 -6.1035156E-05 -6.1035156E-05 -6.1035156E-05,-0.0011111111 -0.0011111111 -0.0011111111,-0.01 -0.01 -0.01,-1 -1 -1,255
255,11111111,11111111,-6.1035156E-05 -6.1035156E-05 -6.1035156E-05 -6.1035156E-05,-0.0011111111 -0.0011111111 -0.0011111111,-0.01 -0.01 -0.01,-1 -1 -1,255
255,11111111,11111111,-6.1035156E-05 -6.1035156E-05 -6.1035156E-05 -6.1035156E-05,-0.0011111111 -0.0011111111 -0.0011111111,-0.01 -0.01 -0.01,-1 -1 -1,255
255,11111111,11111111,-6.1035156E-05 -6.1035156E-05 -6.1035156E-05 -6.1035156E-05,-0.0011111111 -0.0011111111 -0.0011111111,-0.01 -0.01 -0.01,-1 -1 -1,255
255,11111111,11111111,-6.1035156E-05 -6.1035156E-05 -6.1035156E-05 -6.1035156E-05,-0.0011111111 -0.0011111111 -0.0011111111,-0.01 -0.01 -0.01,-1 -1 -1,255
255,11111111,11111111,-6.1035156E-05 -6.1035156E-05 -6.1035156E-05 -6.1035156E-05,-0.0011111111 -0.0011111111 -0.0011111111,-0.01 -0.01 -0.01,-1 -1 -1,255
255,11111111,11111111,-6.1035156E-05 -6.1035156E-05 -6.1035156E-05 -6.1035156E-05,-0.0011111111 -0.0011111111 -0.0011111111,-0.01 -0.01 -0.01,-1 -1 -1,255
255,11111111,11111111,-6.1035156E-05 -6.1035156E-05 -6.1035156E-05 -6.1035156E-05,-0.0011111111 -0.0011111111 -0.0011111111,-0.01 -0.01 -0.01,-1 -1 -1,255
255,11111111,11111111,-6.1035156E-05 -6.1035156E-05 -6.1035156E-05 -6.1035156E-05,-0.0011111111 -0.0011111111 -0.0011111111,-0.01 -0.01 -0.01,-1 -1 -1,255
255,11111111,11111111,-6.1035156E-05 -6.1035156E-05 -6.1035156E-05 -6.1035156E-05,-0.0011111111 -0.0011111111 -0.0011111111,-0.01 -0.01 -0.01,-1 -1 -1,255
255,11111111,11111111,-6.1035156E-05 -6.1035156E-05 -6.1035156E-05 -6.1035156E-05,-0.0011111111 -0.0011111111 -0.0011111111,-0.01 -0.01 -0.01,-1 -1 -1,255
255,11111111,11111111,-6.1035156E-05 -6.1035156E-05 -6.1035156E-05 -6.1035156E-05,-0.0011111111 -0.0011111111 -0.0011111111,-0.01 -0.01 -0.01,-1 -1 -1,255
255,11111111,11111111,-6.1035156E-05 -6.1035156E-05 -6.1035156E-05 -6.1035156E-05,-0.0011111111 -0.0011111111 -0.0011111111,-0.01 -0.01 -0.01,-1 -1 -1,255
255,11111111,11111111,-6.1035156E-05 -6.1035156E-05 -6.1035156E-05 -6.1035156E-05,-0.0011111111 -0.0011111111 -0.0011111111,-0.01 -0.01 -0.01,-1 -1 -1,255
255,11111111,11111111,-6.1035156E-05 -6.1035156E-05 -6.1035156E-05 -6.1035156E-05,-0.0011111111 -0.0011111111 -0.0011111111,-0.01 -0.01 -0.01,-1 -1 -1,255
255,11111111,11111111,-6.1035156E-05 -6.1035156E-05 -6.1035156E-05 -6.1035156E-05,-0.0011111111 -0.0011111111 -0.0011111111,-0.01 -0.01 -0.01,-1 -1 -1,255
255,11111111,11111111,-6.1035156E-05 -6.1035156E-05 -6.1035156E-05 -6.1035156E-05,-0.0011111111 -0.0011111111 -0.0011111111,-0.01 -0.01 -0.01,-1 -1 -1,255
255,11111111,11111111,-6.1035156E-05 -6.1035156E-05 -6.1035156E-05 -6.1035156E-05,-0.0011111111 -0.0011111111 -0.0011111111,-0.01 -0.01 -0.01,-1 -1 -1,255
255,11111111,11111111,-6.1035156E-05 -6.1035156E-05 -6.1035156E-05 -6.1035156E-05,-0.0011111111 -0.0011111111 -0.0011111111,-0.01 -0.01 -0.01,-1 -1 -1,255
255,11111111,11111111,-6.1035156E-05 -6.1035156E-05 -6.1035156E-05 -6.1035156E-05,-0.0011111111 -0.0011111111 -0.0011111111,-0.01 -0.01 -0.01,-1 -1 -1,255
255,11111111,11111111,-6.1035156E-05 -6.1035156E-05 -6.1035156E-05 -6.1035156E-05,-0.0011111111 -0.0011111111 -0.0011111111,-0.01 -0.01 -0.01,-1 -1 -1,255
255,11111111,11111111,-6.1035156E-05 -6.1035156E-05 -6.1035156E-05 -6.1035156E-05,-0.0011111111 -0.0011111111 -0.0011111111,-0.01 -0.01 -0.01,-1 -1 -1,255
255,11111111,11111111,-6.1035156E-05 -6.1035156E-05 -6.1035156E-05 -6.1035156E-05,-0.0011111111 -0.0011111111 -0.0011111111,-0.01 -0.01 -0.01,-1 -1 -1,255
255,11111111,11111111,-6.1035156E-05 -6.1035156E-05 -6.1035156E-05 -6.1035156E-05,-0.0011111111 -0.0011111111 -0.0011111111,-0.01 -0.01 -0.01,-1 -1 -1,255
255,11111111,11111111,-6.1035156E-05 -6.1035156E-05 -6.1035156E-05 -6.1035156E-05,-0.0011111111 -0.0011111111 -0.0011111111,-0.01 -0.01 -0.01,-1 -1 -1,255
255,11111111,11111111,-6.1035156E-05 -6.1035156E-05 -6.1035156E-05 -6.1035156E-05,-0.0011111111 -0.0011111111 -0.0011111111,-0.01 -0.01 -0.01,-1 -1 -1,255
255,11111111,11111111,-6.1035156E-05 -6.1035156E-05 -6.1035156E-05 -6.1035156E-05,-0.0011111111 -0.0011111111 -0.0011111111,-0.01 -0.01 -0.01,-1 -1 -1,255
255,11111111,11111111,-6.1035156E-05 -6.1035156E-05 -6.1035156E-05 -6.1035156E-05,-0.0011111111 -0.0011111111 -0.0011111111,-0.01 -0.01 -0.01,-1 -1 -1,255
255,11111111,11111111,-6.1035156E-05 -6.1035156E-05 -6.1035156E-05 -6.1035156E-05,-0.0011111111 -0.0011111111 -0.0011111111,-0.01 -0.01 -0.01,-1 -1 -1,255
255,11111111,11111111,-6.1035156E-05 -6.1035156E-05 -6.1035156E-05 -6.1035156E-05,-0.0011111111 -0.0011111111 -0.0011111111,-0.01 -0.01 -0.01,-1 -1 -1,255
255,11111111,11111111,-6.1035156E-05 -6.1035156E-05 -6.1035156E-05 -6.1035156E-05,-0.0011111111 -0.0011111111 -0.0011111111,-0.01 -0.01 -0.01,-1 -1 -1,255
255,11111111,11111111,-6.1035156E-05 -6.1035156E-05 -6.1035156E-05 -6.1035156E-05,-0.0011111111 -0.0011111111 -0.0011111111,-0.01 -0.01 -0.01,-1 -1 -1,255
255,11111111,11111111,-6.1035156E-05 -6.1035156E-05 -6.1035156E-05 -6.1035156E-05,-0.0011111111 -0.0011111111 -0.0011111111,-0.01 -0.01 -0.01,-1 -1 -1,255
255,11111111,11111111,-6.1035156E-05 -6.1035156E-05 -6.1035156E-05 -6.1035156E-05,-0.0011111111 -0.0011111111 -0.0011111111,-0.01 -0.01 -0.01,-1 -1 -1,255
255,11111111,11111111,-6.1035156E-05 -6.1035156E-05 -6.1035156E-05 -6.1035156E-05,-0.0011111111 -0.0011111111 -0.0011111111,-0.01 -0.01 -0.01,-1 -1 -1,255
255,11111111,11111111,-6.1035156E-05 -6.1035156E-05 -6.1035156E-05 -6.1035156E-05,-0.0011111111 -0.0011111111 -0.0011111111,-0.01 -0.01 -0.01,-1 -1 -1,255
255,11111111,11111111,-6.1035156E-05 -6.1035156E-05 -6.1035156E-05 -6.1035156E-05,-0.0011111111 -0.0011111111 -0.0011111111,-0.01 -0.01 -0.01,-1 -1 -1,255
255,11111111,11111111,-6.1035156E-05 -6.1035156E-05 -6.1035156E-05 -6.1035156E-05,-0.0011111111 -0.0011111111 -0.0011111111,-0.01 -0.01 -0.01,-1 -1 -1,255
255,11111111,11111111,-6.1035156E-05 -6.1035156E-05 -6.1035156E-05 -6.1035156E-05,-0.0011111111 -0.0011111111 -0.0011111111,-0.01 -0.01 -0.01,-1 -1 -1,255
255,11111111,11111111,-6.1035156E-05 -6.1035156E-05 -6.1035156E-05 -6.1035156E-05,-0.0011111111 -0.0011111111 -0.0011111111,-0.01 -0.01 -0.01,-1 -1 -1,255
255,11111111,11111111,-6.1035156E-05 -6.1035156E-05 -6.1035156E-05 -6.1035156E-05,-0.0011111111 -0.0011111111 -0.0011111111,-0.01 -0.01 -0.01,-1 -1 -1,255
255,11111111,11111111,-6.1035156E-05 -6.1035156E-05 -6.1035156E-05 -6.1035156E-05,-0.0011111111 -0.0011111111 -0.0011111111,-0.01 -0.01 -0.01,-1 -1 -1,255
255,11111111,11111111,-6.1035156E-05 -6.1035156E-05 -6.1035156E-05 -6.1035156E-05,-0.0011111111 -0.0011111111 -0.0011111111,-0.01 -0.01 -0.01,-1 -1 -1,255
255,11111111,11111111,-6.1035156E-05 -6.1035156E-05 -6.1035156E-05 -6.1035156E-05,-0.0011111111 -0.0011111111 -0.0011111111,-0.01 -0.01 -0.01,-1 -1 -1,255
255,11111111,11111111,-6.1035156E-05 -6.1035156E-05 -6.1035156E-05 -6.1035156E-05,-0.0011111111 -0.0011111111 -0.0011111111,-0.01 -0.01 -0.01,-1 -1 -1,255
255,11111111,11111111,-6.1035156E-05 -6.1035156E-05 -6.1035156E-05 -6.1035156E-05,-0.0011111111 -0.0011111111 -0.0011111111,-0.01 -0.01 -0.01,-1 -1 -1,255
255,11111111,11111111,-6.1035156E-05 -6.1035156E-05 -6.1035156E-05 -6.1035156E-05,-0.0011111111 -0.0011111111 -0.0011111111,-0.01 -0.01 -0.01,-1 -1 -1,255
255,11111111,11111111,-6.1035156E-05 -6.1035156E-05 -6.1035156E-05 -6.1035156E-05,-0.0011111111 -0.0011111111 -0.0011111111,-0.01 -0.01 -0.01,-1 -1 -1,255
255,11111111,11111111,-6.1035156E-05 -6.1035156E-05 -6.1035156E-05 -6.1035156E-05,-0.0011111111 -0.0011111111 -0.0011111111,-0.01 -0.01 -0.01,-1 -1 -1,255
255,11111111,11111111,-6.1035156E-05 -6.1035156E-05 -6.1035156E-05 -6.1035156E-05,-0.0011111111 -0.0011111111 -0.0011111111,-0.01 -0.01 -0.01,-1 -1 -1,255
255,11111111,11111111,-6.1035156E-05 -6.1035156E-05 -6.1035156E-05 -6.1035156E-05,-0.0011111111 -0.0011111111 -0.0011111111,-0.01 -0.01 -0.01,-1 -1 -1,255
255,11111111,11111111,-6.1035156E-05 -6.1035156E-05 -6.1035156E-05 -6.1035156E-05,-0.0011111111 -0.0011111111 -0.0011111111,-0.01 -0.01 -0.01,-1 -1 -1,255
255,11111111,11111111,-6.1035156E-05 -6.1035156E-05 -6.1035156E-05 -6.1035156E-05,-0.0011111111 -0.0011111111 -0.0011111111,-0.01 -0.01 -0.01,-1 -1 -1,255
255,11111111,11111111,-6.1035156E-05 -6.1035156E-05 -6.1035156E-05 -6.1035156E-05,-0.0011111111 -0.0011111111 -0.0011111111,-0.01 -0.01 -0.01,-1 -1 -1,255
255,11111111,11111111,-6.1035156E-05 -6.1035156E-05 -6.1035156E-05 -6.1035156E-05,-0.0011111111 -0.0011111111 -0.0011111111,-0.01 -0.01 -0.01,-1 -1 -1,255
255,11111111,11111111,-6.1035156E-05 -6.1035156E-05 -6.1035156E-05 -6.1035156E-05,-0.0011111111 -0.0011111111 -0.0011111111,-0.01 -0.01 -0.01,-1 -1 -1,255
255,11111111,11111111,-6.1035156E-05 -6.1035156E-05 -6.1035156E-05 -6.1035156E-05,-0.0011111111 -0.0011111111 -0.0011111111,-0.01 -0.01 -0.01,-1 -1 -1,255
255,11111111,11111111,-6.1035156E-05 -6.1035156E-05 -6.1035156E-05 -6.1035156E-05,-0.0011111111 -0.0011111111 -0.0011111111,-0.01 -0.01 -0.01,-1 -1 -1,255
255,11111111,11111111,-6.1035156E-05 -6.1035156E-05 -6.1035156E-05 -6.1035156E-05,-0.0011111111 -0.0011111111 -0.0011111111,-0.01 -0.01 -0.01,-1 -1 -1,255
255,11111111,11111111,-6.1035156E-05 -6.1035156E-05 -6.1035156E-05 -6.1035156E-05,-0.0011111111 -0.0011111111 -0.0011111111,-0.01 -0.01 -0.01,-1 -1 -1,255
255,11111111,11111111,-6.1035156E-05 -6.1035156E-05 -6.1035156E-05 -6.1035156E-05,-0.0011111111 -0.0011111111 -0.0011111111,-0.01 -0.01 -0.01,-1 -1 -1,255
255,11111111,11111111,-6.1035156E-05 -6.1035156E-05 -6.1035156E-05 -6.1035156E-05,-0.0011111111 -0.0011111111 -0.0011111111,-0.01 -0.01 -0.01,-1 -1 -1,255
255,11111111,11111111,-6.1035156E-05 -6.1035156E-05 -6.1035156E-05 -6.1035156E-05,-0.0011111111 -0.0011111111 -0.0011111111,-0.01 -0.01 -0.01,-1 -1 -1,255
255,11111111,11111111,-6.1035156E-05 -6.1035156E-05 -6.1035156E-05 -6.1035156E-05,-0.0011111111 -0.0011111111 -0.0011111111,-0.01 -0.01 -0.01,-1 -1 -1,255
255,11111111,11111111,-6.1035156E-05 -6.1035156E-05 -6.1035156E-05 -6.1035156E-05,-0.0011111111 -0.0011111111 -0.0011111111,-0.01 -0.01 -0.01,-1 -1 -1,255
255,11111111,11111111,-6.1035156E-05 -6.1035156E-05 -6.1035156E-05 -6.1035156E-05,-0.0011111111 -0.0011111111 -0.0011111111,-0.01 -0.01 -0.01,-1 -1 -1,255
255,11111111,11111111,-6.1035156E-05 -6.1035156E-05 -6.1035156E-05 -6.1035156E-05,-0.0011111111 -0.0011111111 -0.0011111111,-0.01 -0.01 -0.01,-1 -1 -1,255
255,11111111,11111111,-6.1035156E-05 -6.1035156E-05 -6.1035156E-05 -6.1035156E-05,-0.0011111111 -0.0011111111 -0.0011111111,-0.01 -0.01 -0.01,-1 -1 -1,255
255,11111111,11111111,-6.1035156E-05 -6.1035156E-05 -6.1035156E-05 -6.1035156E-05,-0.0011111111 -0.0011111111 -0.0011111111,-0.01 -0.01 -0.01,-1 -1 -1,255
255,11111111,11111111,-6.1035156E-05 -6.1035156E-05 -6.1035156E-05 -6.1035156E-05,-0.0011111111 -0.0011111111 -0.0011111111,-0.01 -0.01 -0.01,-1 -1 -1,255
255,11111111,11111111,-6.1035156E-05 -6.1035156E-05 -6.1035156E-05 -6.1035156E-05,-0.0011111111 -0.0011111111 -0.0011111111,-0.01 -0.01 -0.01,-1 -1 -1,255
255,11111111,11111111,-6.1035156E-05 -6.1035156E-05 -6.1035156E-05 -6.1035156E-05,-0.0011111111 -0.0011111111 -0.0011111111,-0.01 -0.01 -0.01,-1 -1 -1,255
255,11111111,11111111,-6.1035156E-05 -6.1035156E-05 -6.1035156E-05 -6.1035156E-05,-0.0011111111 -0.0011111111 -0.0011111111,-0.01 -0.01 -0.01,-1 -1 -1,255
255,11111111,11111111,-6.1035156E-05 -6.1035156E-05 -6.1035156E-05 -6.1035156E-05,-0.0011111111 -0.0011111111 -0.0011111111,-0.01 -0.01 -0.01,-1 -1 -1,255
255,11111111,11111111,-6.1035156E-05 -6.1035156E-05 -6.1035156E-05 -6.1035156E-05,-0.0011111111 -0.0011111111 -0.0011111111,-0.01 -0.01 -0.01,-1 -1 -1,255
255,11111111,11111111,-6.1035156E-05 -6.1035156E-05 -6.1035156E-05 -6.1035156E-05,-0.0011111111 -0.0011111111 -0.0011111111,-0.01 -0.01 -0.01,-1 -1 -1,255
255,11111111,11111111,-6.1035156E-05 -6.1035156E-05 -6.1035156E-05 -6.1035156E-05,-0.0011111111 -0.0011111111 -0.0011111111,-0.01 -0.01 -0.01,-1 -1 -1,255
255,11111111,11111111,-6.1035156E-05 -6.1035156E-05 -6.1035156E-05 -6.1035156E-05,-0.0011111111 -0.0011111111 -0.0011111111,-0.01 -0.01 -0.01,-1 -1 -1,255
255,11111111,11111111,-6.1035156E-05 -6.1035156E-05 -6.1035156E-05 -6.1035156E-05,-0.0011111111 -0.0011111111 -0.0011111111,-0.01 -0.01 -0.01,-1 -1 -1,255
255,11111111,11111111,-6.1035156E-05 -6.1035156E-05 -6.1035156E-05 -6.1035156E-05,-0.0011111111 -0.0011111111 -0.0011111111,-0.01 -0.01 -0.01,-1 -1 -1,255
255,11111111,11111111,-6.1035156E-05 -6.1035156E-05 -6.1035156E-05 -6.1035156E-05,-0.0011111111 -0.0011111111 -0.0011111111,-0.01 -0.01 -0.01,-1 -1 -1,255
255,11111111,11111111,-6.1035156E-05 -6.1035156E-05 -6.1035156E-05 -6.1035156E-05,-0.0011111111 -0.0011111111 -0.0011111111,-0.01 -0.01 -0.01,-1 -1 -1,255
255,11111111,11111111,-6.1035156E-05 -6.1035156E-05 -6.1035156E-05 -6.1035156E-05,-0.0011111111 -0.0011111111 -0.0011111111,-0.01 -0.01 -0.01,-1 -1 -1,255
255,11111111,11111111,-6.1035156E-05 -6.1035156E-05 -6.1035156E-05 -6.1035156E-05,-0.0011111111 -0.0011111111 -0.0011111111,-0.01 -0.01 -0.01,-1 -1 -1,255
255,11111111,11111111,-6.1035156E-05 -6.1035156E-05 -6.1035156E-05 -6.1035156E-05,-0.0011111111 -0.0011111111 -0.0011111111,-0.01 -0.01 -0.01,-1 -1 -1,255
255,11111111,11111111,-6.1035156E-05 -6.1035156E-05 -6.1035156E-05 -6.1035156E-05,-0.0011111111 -0.0011111111 -0.0011111111,-0.01 -0.01 -0.01,-1 -1 -1,255
255,11111111,11111111,-6.1035156E-05 -6.1035156E-05 -6.1035156E-05 -6.1035156E-05,-0.0011111111 -0.0011111111 -0.0011111111,-0.01 -0.01 -0.01,-1 -1 -1,255
255,11111111,11111111,-6.1035156E-05 -6.1035156E-05 -6.1035156E-05 -6.1035156E-05,-0.0011111111 -0.0011111111 -0.0011111111,-0.01 -0.01 -0.01,-1 -1 -1,255
255,11111111,11111111,-6.1035156E-05 -6.1035156E-05 -6.1035156E-05 -6.1035156E-05,-0.0011111111 -0.0011111111 -0.0011111111,-0.01 -0.01 -0.01,-1 -1 -1,255
255,11111111,11111111,-6.1035156E-05 -6.1035156E-05 -6.1035156E-05 -6.1035156E-05,-0.0011111111 -0.0011111111 -0.0011111111,-0.01 -0.01 -0.01,-1 -1 -1,255
255,11111111,11111111,-6.1035156E-05 -6.1035156E-05 -6.1035156E-05 -6.1035156E-05,-0.0011111111 -0.0011111111 -0.0011111111,-0.01 -0.01 -0.01,-1 -1 -1,255
255,11111111,11111111,-6.1035156E-05 -6.1035156E-05 -6.1035156E-05 -6.1035156E-05,-0.0011111111 -0.0011111111 -0.0011111111,-0.01 -0.01 -0.01,-1 -1 -1,255
255,11111111,11111111,-6.1035156E-05 -6.1035156E-05 -6.1035156E-05 -6.1035156E-05,-0.0011111111 -0.0011111111 -0.0011111111,-0.01 -0.01 -0.01,-1 -1 -1,255
255,11111111,11111111,-6.1035156E-05 -6.1035156E-05 -6.1035156E-05 -6.1035156E-05,-0.0011111111 -0.0011111111 -0.0011111111,-0.01 -0.01 -0.01,-1 -1 -1,255
255,11111111,11111111,-6.1035156E-05 -6.1035156E-05 -6.1035156E-05 -6.1035156E-05,-0.0011111111 -0.0011111111 -0.0011111111,-0.01 -0.01 -0.01,-1 -1 -1,255
255,11111111,11111111,-6.1035156E-05 -6.1035156E-05 -6.1035156E-05 -6.1035156E-05,-0.0011111111 -0.0011111111 -0.0011111111,-0.01 -0.01 -0.01,-1 -1 -1,255
255,11111111,11111111,-6.1035156E-05 -6.1035156E-05 -6.1035156E-05 -6.1035156E-05,-0.0011111111 -0.0011111111 -0.0011111111,-0.01 -0.01 -0.01,-1 -1 -1,255
255,11111111,11111111,-6.1035156E-05 -6.1035156E-05 -6.1035156E-05 -6.1035156E-05,-0.0011111111 -0.0011111111 -0.0011111111,-0.01 -0.01 -0.01,-1 -1 -1,255
255,11111111,11111111,-6.1035156E-05 -6.1035156E-05 -6.1035156E-05 -6.1035156E-05,-0.0011111111 -0.0011111111 -0.0011111111,-0.01 -0.01 -0.01,-1 -1 -1,255
255,11111111,11111111,-6.1035156E-05 -6.1035156E-05 -6.1035156E-05 -6.1035156E-05,-0.0011111111 -0.0011111111 -0.0011111111,-0.01 -0.01 -0.01,-1 -1 -1,255
255,11111111,11111111,-6.1035156E-05 -6.1035156E-05 -6.1035156E-05 -6.1035156E-05,-0.0011111111 -0.0011111111 -0.0011111111,-0.01 -0.01 -0.01,-1 -1 -1,255
255,11111111,11111111,-6.1035156E-05 -6.1035156E-05 -6.1035156E-05 -6.1035156E-05,-0.0011111111 -0.0011111111 -0.0011111111,-0.01 -0.01 -0.01,-1 -1 -1,255
255,11111111,11111111,-6.1035156E-05 -6.1035156E-05 -6.1035156E-05 -6.1035156E-05,-0.0011111111 -0.0011111111 -0.0011111111,-0.01 -0.01 -0.01,-1 -1 -1,255
255,11111111,11111111,-6.1035156E-05 -6.1035156E-05 -6.1035156E-05 -6.1035156E-05,-0.0011111111 -0.0011111111 -0.0011111111,-0.01 -0.01 -0.01,-1 -1 -1,255
255,11111111,11111111,-6.1035156E-05 -6.1035156E-05 -6.1035156E-05 -6.1035156E-05,-0.0011111111 -0.0011111111 -0.0011111111,-0.01 -0.01 -0.01,-1 -1 -1,255
255,11111111,11111111,-6.1035156E-05 -6.1035156E-05 -6.1035156E-05 -6.1035156E-05,-0.0011111111 -0.0011111111 -0.0011111111,-0.01 -0.01 -0.01,-1 -1 -1,255
255,11111111,11111111,-6.1035156E-05 -6.1035156E-05 -6.1035156E-05 -6.1035156E-05,-0.0011111111 -0.0011111111 -0.0011111111,-0.01 -0.01 -0.01,-1 -1 -1,255
255,11111111,11111111,-6.1035156E-05 -6.1035156E-05 -6.1035156E-05 -6.1035156E-05,-0.0011111111 -0.0011111111 -0.0011111111,-0.01 -0.01 -0.01,-1 -1 -1,255
255,11111111,11111111,-6.1035156E-05 -6.1035156E-05 -6.1035156E-05 -6.1035156E-05,-0.0011111111 -0.0011111111 -0.0011111111,-0.01 -0.01 -0.01,-1 -1 -1,255
255,11111111,11111111,-6.1035156E-05 -6.1035156E-05 -6.1035156E-05 -6.1035156E-05,-0.0011111111 -0.0011111111 -0.0011111111,-0.01 -0.01 -0.01,-1 -1 -1,255
255,11111111,11111111,-6.1035156E-05 -6.1035156E-05 -6.1035156E-05 -6.1035156E-05,-0.0011111111 -0.0011111111 -0.0011111111,-0.01 -0.01 -0.01,-1 -1 -1,255
255,11111111,11111111,-6.1035156E-05 -6.1035156E-05 -6.1035156E-05 -6.1035156E-05,-0.0011111111 -0.0011111111 -0.0011111111,-0.01 -0.01 -0.01,-1 -1 -1,255
255,11111111,11111111,-6.1035156E-05 -6.1035156E-05 -6.1035156E-05 -6.1035156E-05,-0.0011111111 -0.0011111111 -0.0011111111,-0.01 -0.01 -0.01,-1 -1 -1,255
255,11111111,11111111,-6.1035156E-05 -6.1035156E-05 -6.1035156E-05 -6.1035156E-05,-0.0011111111 -0.0011111111 -0.0011111111,-0.01 -0.01 -0.01,-1 -1 -1,255
255,11111111,11111111,-6.1035156E-05 -6.1035156E-05 -6.1035156E-05 -6.1035156E-05,-0.0011111111 -0.0011111111 -0.0011111111,-0.01 -0.01 -0.01,-1 -1 -1,255
255,11111111,11111111,-6.1035156E-05 -6.1035156E-05 -6.1035156E-05 -6.1035156E-05,-0.0011111111 -0.0011111111 -0.0011111111,-0.01 -0.01 -0.01,-1 -1 -1,255
255,11111111,11111111,-6.1035156E-05 -6.1035156E-05 -6.1035156E-05 -6.1035156E-05,-0.0011111111 -0.0011111111 -0.0011111111,-0.01 -0.01 -0.01,-1 -1 -1,255
255,11111111,11111111,-6.1035156E-05 -6.1035156E-05 -6.1035156E-05 -6.1035156E-05,-0.0011111111 -0.0011111111 -0.0011111111,-0.01 -0.01 -0.01,-1 -1 -1,255
255,11111111,11111111,-6.1035156E-05 -6.1035156E-05 -6.1035156E-05 -6.1035156E-05,-0.0011111111 -0.0011111111 -0.0011111111,-0.01 -0.01 -0.01,-1 -1 -1,255
255,11111111,11111111,-6.1035156E-05 -6.1035156E-05 -6.1035156E-05 -6.1035156E-05,-0.0011111111 -0.0011111111 -0.0011111111,-0.01 -0.01 -0.01,-1 -1 -1,255
255,11111111,11111111,-6.1035156E-05 -6.1035156E-05 -6.1035156E-05 -6.1035156E-05,-0.0011111111 -0.0011111111 -0.0011111111,-0.01 -0.01 -0.01,-1 -1 -1,255
255,11111111,11111111,-6.1035156E-05 -6.1035156E-05 -6.1035156E-05 -6.1035156E-05,-0.0011111111 -0.0011111111 -0.0011111111,-0.01 -0.01 -0.01,-1 -1 -1,255
255,11111111,11111111,-6.1035156E-05 -6.1035156E-05 -6.1035156E-05 -6.1035156E-05,-0.0011111111 -0.0011111111 -0.0011111111,-0.01 -0.01 -0.01,-1 -1 -1,255
255,11111111,11111111,-6.1035156E-05 -6.1035156E-05 -6.1035156E-05 -6.1035156E-05,-0.0011111111 -0.0011111111 -0.0011111111,-0.01 -0.01 -0.01,-1 -1 -1,255
255,11111111,11111111,-6.1035156E-05 -6.1035156E-05 -6.1035156E-05 -6.1035156E-05,-0.0011111111 -0.0011111111 -0.0011111111,-0.01 -0.01 -0.01,-1 -1 -1,255
255,11111111,11111111,-6.1035156E-05 -6.1035156E-05 -6.1035156E-05 -6.1035156E-05,-0.0011111111 -0.0011111111 -0.0011111111,-0.01 -0.01 -0.01,-1 -1 -1,255
255,11111111,11111111,-6.1035156E-05 -6.1035156E-05 -6.1035156E-05 -6.1035156E-05,-0.0011111111 -0.0011111111 -0.0011111111,-0.01 -0.01 -0.01,-1 -1 -1,255
255,11111111,11111111,-6.1035156E-05 -6.1035156E-05 -6.1035156E-05 -6.1035156E-05,-0.0011111111 -0.0011111111 -0.0011111111,-0.01 -0.01 -0.01,-1 -1 -1,255
255,11111111,11111111,-6.1035156E-05 -6.1035156E-05 -6.1035156E-05 -6.1035156E-05,-0.0011111111 -0.0011111111 -0.0011111111,-0.01 -0.01 -0.01,-1 -1 -1,255
255,11111111,11111111,-6.1035156E-05 -6.1035156E-05 -6.1035156E-05 -6.1035156E-05,-0.0011111111 -0.0011111111 -0.0011111111,-0.01 -0.01 -0.01,-1 -1 -1,255
255,11111111,11111111,-6.1035156E-05 -6.1035156E-05 -6.1035156E-05 -6.1035156E-05,-0.0011111111 -0.0011111111 -0.0011111111,-0.01 -0.01 -0.01,-1 -1 -1,255
255,11111111,11111111,-6.1035156E-05 -6.1035156E-05 -6.1035156E-05 -6.1035156E-05,-0.0011111111 -0.0011111111 -0.0011111111,-0.01 -0.01 -0.01,-1 -1 -1,255
255,11111111,11111111,-6.1035156E-05 -6.1035156E-05 -6.1035156E-05 -6.1035156E-05,-0.0011111111 -0.0011111111 -0.0011111111,-0.01 -0.01 -0.01,-1 -1 -1,255
255,11111111,11111111,-6.1035156E-05 -6.1035156E-05 -6.1035156E-05 -6.1035156E-05,-0.0011111111 -0.0011111111 -0.0011111111,-0.01 -0.01 -0.01,-1 -1 -1,255
255,11111111,11111111,-6.1035156E-05 -6.1035156E-05 -6.1035156E-05 -6.1035156E-05,-0.0011111111 -0.0011111111 -0.0011111111,-0.01 -0.01 -0.01,-1 -1 -1,255
255,11111111,11111111,-6.1035156E-05 -6.1035156E-05 -6.1035156E-05 -6.1035156E-05,-0.0011111111 -0.0011111111 -0.0011111111,-0.01 -0.01 -0.01,-1 -1 -1,255
255,11111111,11111111,-6.1035156E-05 -6.1035156E-05 -6.1035156E-05 -6.1035156E-05,-0.0011111111 -0.0011111111 -0.0011111111,-0.01 -0.01 -0.01,-1 -1 -1,255
255,11111111,11111111,-6.1035156E-05 -6.1035156E-05 -6.1035156E-05 -6.1035156E-05,-0.0011111111 -0.0011111111 -0.0011111111,-0.01 -0.01 -0.01,-1 -1 -1,255
255,11111111,11111111,-6.1035156E-05 -6.1035156E-05 -6.1035156E-05 -6.1035156E-05,-0.0011111111 -0.0011111111 -0.0011111111,-0.01 -0.01 -0.01,-1 -1 -1,255
255,11111111,11111111,-6.1035156E-05 -6.1035156E-05 -6.1035156E-05 -6.1035156E-05,-0.0011111111 -0.0011111111 -0.0011111111,-0.01 -0.01 -0.01,-1 -1 -1,255
255,11111111,11111111,-6.1035156E-05 -6.1035156E-05 -6.1035156E-05 -6.1035156E-05,-0.0011111111 -0.0011111111 -0.0011111111,-0.01 -0.01 -0.01,-1 -1 -1,255
255,11111111,11111111,-6.1035156E-05 -6.1035156E-05 -6.1035156E-05 -6.1035156E-05,-0.0011111111 -0.0011111111 -0.0011111111,-0.01 -0.01 -0.01,-1 -1 -1,255
255,11111111,11111111,-6.1035156E-05 -6.1035156E-05 -6.1035156E-05 -6.1035156E-05,-0.0011111111 -0.0011111111 -0.0011111111,-0.01 -0.01 -0.01,-1 -1 -1,255
255,11111111,11111111,-6.1035156E-05 -6.1035156E-05 -6.1035156E-05 -6.1035156E-05,-0.0011111111 -0.0011111111 -0.0011111111,-0.01 -0.01 -0.01,-1 -1 -1,255
255,11111111,11111111,-6.1035156E-05 -6.1035156E-05 -6.1035156E-05 -6.1035156E-05,-0.0011111111 -0.0011111111 -0.0011111111,-0.01 -0.01 -0.01,-1 -1 -1,255
255,11111111,11111111,-6.1035156E-05 -6.1035156E-05 -6.1035156E-05 -6.1035156E-05,-0.0011111111 -0.0011111111 -0.0011111111,-0.01 -0.01 -0.01,-1 -1 -1,255
255,11111111,11111111,-6.1035156E-05 -6.1035156E-05 -6.1035156E-05 -6.1035156E-05,-0.0011111111 -0.0011111111 -0.0011111111,-0.01 -0.01 -0.01,-1 -1 -1,255
255,11111111,11111111,-6.1035156E-05 -6.1035156E-05 -6.1035156E-05 -6.1035156E-05,-0.0011111111 -0.0011111111 -0.0011111111,-0.01 -0.01 -0.01,-1 -1 -1,255
255,11111111,11111111,-6.1035156E-05 -6.1035156E-05 -6.1035156E-05 -6.1035156E-05,-0.0011111111 -0.0011111111 -0.0011111111,-0.01 -0.01 -0.01,-1 -1 -1,255
255,11111111,11111111,-6.1035156E-05 -6.1035156E-05 -6.1035156E-05 -6.1035156E-05,-0.0011111111 -0.0011111111 -0.0011111111,-0.01 -0.01 -0.01,-1 -1 -1,255
255,11111111,11111111,-6.1035156E-05 -6.1035156E-05 -6.1035156E-05 -6.1035156E-05,-0.0011111111 -0.0011111111 -0.0011111111,-0.01 -0.01 -0.01,-1 -1 -1,255
255,11111111,11111111,-6.1035156E-05 -6.1035156E-05 -6.1035156E-05 -6.1035156E-05,-0.0011111111 -0.0011111111 -0.0011111111,-0.01 -0.01 -0.01,-1 -1 -1,255
255,11111111,11111111,-6.1035156E-05 -6.1035156E-05 -6.1035156E-05 -6.1035156E-05,-0.0011111111 -0.0011111111 -0.0011111111,-0.01 -0.01 -0.01,-1 -1 -1,255
255,11111111,11111111,-6.1035156E-05 -6.1035156E-05 -6.1035156E-05 -6.1035156E-05,-0.0011111111 -0.0011111111 -0.0011111111,-0.01 -0.01 -0.01,-1 -1 -1,255
255,11111111,11111111,-6.1035156E-05 -6.1035156E-05 -6.1035156E-05 -6.1035156E-05,-0.0011111111 -0.0011111111 -0.0011111111,-0.01 -0.01 -0.01,-1 -1 -1,255
255,11111111,11111111,-6.1035156E-05 -6.1035156E-05 -6.1035156E-05 -6.1035156E-05,-0.0011111111 -0.0011111111 -0.0011111111,-0.01 -0.01 -0.01,-1 -1 -1,255
255,11111111,11111111,-6.1035156E-05 -6.1035156E-05 -6.1035156E-05 -6.1035156E-05,-0.0011111111 -0.0011111111 -0.0011111111,-0.01 -0.01 -0.01,-1 -1 -1,255
255,11111111,11111111,-6.1035156E-05 -6.1035156E-05 -6.1035156E-05 -6.1035156E-05,-0.0011111111 -0.0011111111 -0.0011111111,-0.01 -0.01 -0.01,-1 -1 -1,255
255,11111111,11111111,-6.1035156E-05 -6.1035156E-05 -6.1035156E-05 -6.1035156E-05,-0.0011111111 -0.0011111111 -0.0011111111,-0.01 -0.01 -0.01,-1 -1 -1,255
255,11111111,11111111,-6.1035156E-05 -6.1035156E-05 -6.1035156E-05 -6.1035156E-05,-0.0011111111 -0.0011111111 -0.0011111111,-0.01 -0.01 -0.01,-1 -1 -1,255
255,11111111,11111111,-6.1035156E-05 -6.1035156E-05 -6.1035156E-05 -6.1035156E-05,-0.0011111111 -0.0011111111 -0.0011111111,-0.01 -0.01 -0.01,-1 -1 -1,255
255,11111111,11111111,-6.1035156E-05 -6.1035156E-05 -6.1035156E-05 -6.1035156E-05,-0.0011111111 -0.0011111111 -0.0011111111,-0.01 -0.01 -0.01,-1 -1 -1,255
255,11111111,11111111,-6.1035156E-05 -6.1035156E-05 -6.1035156E-05 -6.1035156E-05,-0.0011111111 -0.0011111111 -0.0011111111,-0.01 -0.01 -0.01,-1 -1 -1,255
255,11111111,11111111,-6.1035156E-05 -6.1035156E-05 -6.1035156E-05 -6.1035156E-05,-0.0011111111 -0.0011111111 -0.0011111111,-0.01 -0.01 -0.01,-1 -1 -1,255
255,11111111,11111111,-6.1035156E-05 -6.1035156E-05 -6.1035156E-05 -6.1035156E-05,-0.0011111111 -0.0011111111 -0.0011111111,-0.01 -0.01 -0.01,-1 -1 -1,255
255,11111111,11111111,-6.1035156E-05 -6.1035156E-05 -6.1035156E-05 -6.1035156E-05,-0.0011111111 -0.0011111111 -0.0011111111,-0.01 -0.01 -0.01,-1 -1 -1,255
255,11111111,11111111,-6.1035156E-05 -6.1035156E-05 -6.1035156E-05 -6.1035156E-05,-0.0011111111 -0.0011111111 -0.0011111111,-0.01 -0.01 -0.01,-1 -1 -1,255
255,11111111,11111111,-6.1035156E-05 -6.1035156E-05 -6.1035156E-05 -6.1035156E-05,-0.0011111111 -0.0011111111 -0.0011111111,-0.01 -0.01 -0.01,-1 -1 -1,255
255,11111111,11111111,-6.1035156E-05 -6.1035156E-05 -6.1035156E-05 -6.1035156E-05,-0.0011111111 -0.0011111111 -0.0011111111,-0.01 -0.01 -0.01,-1 -1 -1,255
255,11111111,11111111,-6.1035156E-05 -6.1035156E-05 -6.1035156E-05 -6.1035156E-05,-0.0011111111 -0.0011111111 -0.0011111111,-0.01 -0.01 -0.01,-1 -1 -1,255
255,11111111,11111111,-6.1035156E-05 -6.1035156E-05 -6.1035156E-05 -6.1035156E-05,-0.0011111111 -0.0011111111 -0.0011111111,-0.01 -0.01 -0.01,-1 -1 -1,255
255,11111111,11111111,-6.1035156E-05 -6.1035156E-05 -6.1035156E-05 -6.1035156E-05,-0.0011111111 -0.0011111111 -0.0011111111,-0.01 -0.01 -0.01,-1 -1 -1,255
255,11111111,11111111,-6.1035156E-05 -6.1035156E-05 -6.1035156E-05 -6.1035156E-05,-0.0011111111 -0.0011111111 -0.0011111111,-0.01 -0.01 -0.01,-1 -1 -1,255
255,11111111,11111111,-6.1035156E-05 -6.1035156E-05 -6.1035156E-05 -6.1035156E-05,-0.0011111111 -0.0011111111 -0.0011111111,-0.01 -0.01 -0.01,-1 -1 -1,255
255,11111111,11111111,-6.1035156E-05 -6.1035156E-05 -6.1035156E-05 -6.1035156E-05,-0.0011111111 -0.0011111111 -0.0011111111,-0.01 -0.01 -0.01,-1 -1 -1,255
255,11111111,11111111,-6.1035156E-05 -6.1035156E-05 -6.1035156E-05 -6.1035156E-05,-0.0011111111 -0.0011111111 -0.0011111111,-0.01 -0.01 -0.01,-1 -1 -1,255
255,11111111,11111111,-6.1035156E-05 -6.1035156E-05 -6.1035156E-05 -6.1035156E-05,-0.0011111111 -0.0011111111 -0.0011111111,-0.01 -0.01 -0.01,-1 -1 -1,255
255,11111111,11111111,-6.1035156E-05 -6.1035156E-05 -6.1035156E-05 -6.1035156E-05,-0.0011111111 -0.0011111111 -0.0011111111,-0.01 -0.01 -0.01,-1 -1 -1,255
255,11111111,11111111,-6.1035156E-05 -6.1035156E-05 -6.1035156E-05 -6.1035156E-05,-0.0011111111 -0.0011111111 -0.0011111111,-0.01 -0.01 -0.01,-1 -1 -1,255
255,11111111,11111111,-6.1035156E-05 -6.1035156E-05 -6.1035156E-05 -6.1035156E-05,-0.0011111111 -0.0011111111 -0.0011111111,-0.01 -0.01 -0.01,-1 -1 -1,255
255,11111111,11111111,-6.1035156E-05 -6.1035156E-05 -6.1035156E-05 -6.1035156E-05,-0.0011111111 -0.0011111111 -0.0011111111,-0.01 -0.01 -0.01,-1 -1 -1,255
255,11111111,11111111,-6.1035156E-05 -6.1035156E-05 -6.1035156E-05 -6.1035156E-05,-0.0011111111 -0.0011111111 -0.0011111111,-0.01 -0.01 -0.01,-1 -1 -1,255
255,11111111,11111111,-6.1035156E-05 -6.1035156E-05 -6.1035156E-05 -6.1035156E-05,-0.0011111111 -0.0011111111 -0.0011111111,-0.01 -0.01 -0.01,-1 -1 -1,255
255,11111111,11111111,-6.1035156E-05 -6.1035156E-05 -6.1035156E-05 -6.1035156E-05,-0.0011111111 -0.0011111111 -0.0011111111,-0.01 -0.01 -0.01,-1 -1 -1,255
255,11111111,11111111,-6.1035156E-05 -6.1035156E-05 -6.1035156E-05 -6.1035156E-05,-0.0011111111 -0.0011111111 -0.0011111111,-0.01 -0.01 -0.01,-1 -1 -1,255
255,11111111,11111111,-6.1035156E-05 -6.1035156E-05 -6.1035156E-05 -6.1035156E-05,-0.0011111111 -0.0011111111 -0.0011111111,-0.01 -0.01 -0.01,-1 -1 -1,255
255,11111111,11111111,-6.1035156E-05 -6.1035156E-05 -6.1035156E-05 -6.1035156E-05,-0.0011111111 -0.0011111111 -0.0011111111,-0.01 -0.01 -0.01,-1 -1 -1,255
255,11111111,11111111,-6.1035156E-05 -6.1035156E-05 -6.1035156E-05 -6.1035156E-05,-0.0011111111 -0.0011111111 -0.0011111111,-0.01 -0.01 -0.01,-1 -1 -1,255
255,11111111,11111111,-6.1035156E-05 -6.1035156E-05 -6.1035156E-05 -6.1035156E-05,-0.0011111111 -0.0011111111 -0.0011111111,-0.01 -0.01 -0.01,-1 -1 -1,255
255,11111111,11111111,-6.1035156E-05 -6.1035156E-05 -6.1035156E-05 -6.1035156E-05,-0.0011111111 -0.0011111111 -0.0011111111,-0.01 -0.01 -0.01,-1 -1 -1,255
255,11111111,11111111,-6.1035156E-05 -6.1035156E-05 -6.1035156E-05 -6.1035156E-05,-0.0011111111 -0.0011111111 -0.0011111111,-0.01 -0.01 -0.01,-1 -1 -1,255
255,11111111,11111111,-6.1035156E-05 -6.1035156E-05 -6.1035156E-05 -6.1035156E-05,-0.0011111111 -0.0011111111 -0.0011111111,-0.01 -0.01 -0.01,-1 -1 -1,255
255,11111111,11111111,-6.1035156E-05 -6.1035156E-05 -6.1035156E-05 -6.1035156E-05,-0.0011111111 -0.0011111111 -0.0011111111,-0.01 -0.01 -0.01,-1 -1 -1,255
255,11111111,11111111,-6.1035156E-05 -6.1035156E-05 -6.1035156E-05 -6.1035156E-05,-0.0011111111 -0.0011111111 -0.0011111111,-0.01 -0.01 -0.01,-1 -1 -1,255
255,11111111,11111111,-6.1035156E-05 -6.1035156E-05 -6.1035156E-05 -6.1035156E-05,-0.0011111111 -0.0011111111 -0.0011111111,-0.01 -0.01 -0.01,-1 -1 -1,255
255,11111111,11111111,-6.1035156E-05 -6.1035156E-05 -6.1035156E-05 -6.1035156E-05,-0.0011111111 -0.0011111111 -0.0011111111,-0.01 -0.01 -0.01,-1 -1 -1,255
255,11111111,11111111,-6.1035156E-05 -6.1035156E-05 -6.1035156E-05 -6.1035156E-05,-0.0011111111 -0.0011111111 -0.0011111111,-0.01 -0.01 -0.01,-1 -1 -1,255
255,11111111,11111111,-6.1035156E-05 -6.1035156E-05 -6.1035156E-05 -6.1035156E-05,-0.0011111111 -0.0011111111 -0.0011111111,-0.01 -0.01 -0.01,-1 -1 -1,255
255,11111111,11111111,-6.1035156E-05 -6.1035156E-05 -6.1035156E-05 -6.1035156E-05,-0.0011111111 -0.0011111111 -0.0011111111,-0.01 -0.01 -0.01,-1 -1 -1,255
255,11111111,11111111,-6.1035156E-05 -6.1035156E-05 -6.1035156E-05 -6.1035156E-05,-0.0011111111 -0.0011111111 -0.0011111111,-0.01 -0.01 -0.01,-1 -1 -1,255
255,11111111,11111111,-6.1035156E-05 -6.1035156E-05 -6.1035156E-05 -6.1035156E-05,-0.0011111111 -0.0011111111 -0.0011111111,-0.01 -0.01 -0.01,-1 -1 -1,255
255,11111111,11111111,-6.1035156E-05 -6.1035156E-05 -6.1035156E-05 -6.1035156E-05,-0.0011111111 -0.0011111111 -0.0011111111,-0.01 -0.01 -0.01,-1 -1 -1,255
255,11111111,11111111,-6.1035156E-05 -6.1035156E-05 -6.1035156E-05 -6.1035156E-05,-0.0011111111 -0.0011111111 -0.0011111111,-0.01 -0.01 -0.01,-1 -1 -1,255
255,11111111,11111111,-6.1035156E-05 -6.1035156E-05 -6.1035156E-05 -6.1035156E-05,-0.0011111111 -0.0011111111 -0.0011111111,-0.01 -0.01 -0.01,-1 -1 -1,255
255,11111111,11111111,-6.1035156E-05 -6.1035156E-05 -6.1035156E-05 -6.1035156E-05,-0.0011111111 -0.0011111111 -0.0011111111,-0.01 -0.01 -0.01,-1 -1 -1,255
255,11111111,11111111,-6.1035156E-05 -6.1035156E-05 -6.1035156E-05 -6.1035156E-05,-0.0011111111 -0.0011111111 -0.0011111111,-0.01 -0.01 -0.01,-1 -1 -1,255
255,11111111,11111111,-6.1035156E-05 -6.1035156E-05 -6.1035156E-05 -6.1035156E-05,-0.0011111111 -0.0011111111 -0.0011111111,-0.01 -0.01 -0.01,-1 -1 -1,255
255,11111111,11111111,-6.1035156E-05 -6.1035156E-05 -6.1035156E-05 -6.1035156E-05,-0.0011111111 -0.0011111111 -0.0011111111,-0.01 -0.01 -0.01,-1 -1 -1,255
255,11111111,11111111,-6.1035156E-05 -6.1035156E-05 -6.1035156E-05 -6.1035156E-05,-0.0011111111 -0.0011111111 -0.0011111111,-0.01 -0.01 -0.01,-1 -1 -1,255
255,11111111,11111111,-6.1035156E-05 -6.1035156E-05 -6.1035156E-05 -6.1035156E-05,-0.0011111111 -0.0011111111 -0.0011111111,-0.01 -0.01 -0.01,-1 -1 -1,255
255,11111111,11111111,-6.1035156E-05 -6.1035156E-05 -6.1035156E-05 -6.1035156E-05,-0.0011111111 -0.0011111111 -0.0011111111,-0.01 -0.01 -0.01,-1 -1 -1,255
255,11111111,11111111,-6.1035156E-05 -6.1035156E-05 -6.1035156E-05 -6.1035156E-05,-0.0011111111 -0.0011111111 -0.0011111111,-0.01 -0.01 -0.01,-1 -1 -1,255
255,11111111,11111111,-6.1035156E-05 -6.1035156E-05 -6.1035156E-05 -6.1035156E-05,-0.0011111111 -0.0011111111 -0.0011111111,-0.01 -0.01 -0.01,-1 -1 -1,255
255,11111111,11111111,-6.1035156E-05 -6.1035156E-05 -6.1035156E-05 -6.1035156E-05,-0.0011111111 -0.0011111111 -0.0011111111,-0.01 -0.01 -0.01,-1 -1 -1,255
255,11111111,11111111,-6.1035156E-05 -6.1035156E-05 -6.1035156E-05 -6.1035156E-05,-0.0011111111 -0.0011111111 -0.0011111111,-0.01 -0.01 -0.01,-1 -1 -1,255
255,11111111,11111111,-6.1035156E-05 -6.1035156E-05 -6.1035156E-05 -6.1035156E-05,-0.0011111111 -0.0011111111 -0.0011111111,-0.01 -0.01 -0.01,-1 -1 -1,255
255,11111111,11111111,-6.1035156E-05 -6.1035156E-05 -6.1035156E-05 -6.1035156E-05,-0.0011111111 -0.0011111111 -0.0011111111,-0.01 -0.01 -0.01,-1 -1 -1,255
255,11111111,11111111,-6.1035156E-05 -6.1035156E-05 -6.1035156E-05 -6.1035156E-05,-0.0011111111 -0.0011111111 -0.0011111111,-0.01 -0.01 -0.01,-1 -1 -1,255
255,11111111,11111111,-6.1035156E-05 -6.1035156E-05 -6.1035156E-05 -6.1035156E-05,-0.0011111111 -0.0011111111 -0.0011111111,-0.01 -0.01 -0.01,-1 -1 -1,255
255,11111111,11111111,-6.1035156E-05 -6.1035156E-05 -6.1035156E-05 -6.1035156E-05,-0.0011111111 -0.0011111111 -0.0011111111,-0.01 -0.01 -0.01,-1 -1 -1,255
255,11111111,11111111,-6.1035156E-05 -6.1035156E-05 -6.1035156E-05 -6.1035156E-05,-0.0011111111 -0.0011111111 -0.0011111111,-0.01 -0.01 -0.01,-1 -1 -1,255
255,11111111,11111111,-6.1035156E-05 -6.1035156E-05 -6.1035156E-05 -6.1035156E-05,-0.0011111111 -0.0011111111 -0.0011111111,-0.01 -0.01 -0.01,-1 -1 -1,255
255,11111111,11111111,-6.1035156E-05 -6.1035156E-05 -6.1035156E-05 -6.1035156E-05,-0.0011111111 -0.0011111111 -0.0011111111,-0.01 -0.01 -0.01,-1 -1 -1,255
255,11111111,11111111,-6.1035156E-05 -6.1035156E-05 -6.1035156E-05 -6.1035156E-05,-0.0011111111 -0.0011111111 -0.0011111111,-0.01 -0.01 -0.01,-1 -1 -1,255
255,11111111,11111111,-6.1035156E-05 -6.1035156E-05 -6.1035156E-05 -6.1035156E-05,-0.0011111111 -0.0011111111 -0.0011111111,-0.01 -0.01 -0.01,-1 -1 -1,255
255,11111111,11111111,-6.1035156E-05 -6.1035156E-05 -6.1035156E-05 -6.1035156E-05,-0.0011111111 -0.0011111111 -0.0011111111,-0.01 -0.01 -0.01,-1 -1 -1,255
255,11111111,11111111,-6.1035156E-05 -6.1035156E-05 -6.1035156E-05 -6.1035156E-05,-0.0011111111 -0.0011111111 -0.0011111111,-0.01 -0.01 -0.01,-1 -1 -1,255
255,11111111,11111111,-6.1035156E-05 -6.1035156E-05 -6.1035156E-05 -6.1035156E-05,-0.0011111111 -0.0011111111 -0.0011111111,-0.01 -0.01 -0.01,-1 -1 -1,255
255,11111111,11111111,-6.1035156E-05 -6.1035156E-05 -6.1035156E-05 -6.1035156E-05,-0.0011111111 -0.0011111111 -0.0011111111,-0.01 -0.01 -0.01,-1 -1 -1,255
255,11111111,11111111,-6.1035156E-05 -6.1035156E-05 -6.1035156E-05 -6.1035156E-05,-0.0011111111 -0.0011111111 -0.0011111111,-0.01 -0.01 -0.01,-1 -1 -1,255
255,11111111,11111111,-6.1035156E-05 -6.1035156E-05 -6.1035156E-05 -6.1035156E-05,-0.0011111111 -0.0011111111 -0.0011111111,-0.01 -0.01 -0.01,-1 -1 -1,255
255,11111111,11111111,-6.1035156E-05 -6.1035156E-05 -6.1035156E-05 -6.1035156E-05,-0.0011111111 -0.0011111111 -0.0011111111,-0.01 -0.01 -0.01,-1 -1 -1,255
255,11111111,11111111,-6.1035156E-05 -6.1035156E-05 -6.1035156E-05 -6.1035156E-05,-0.0011111111 -0.0011111111 -0.0011111111,-0.01 -0.01 -0.01,-1 -1 -1,255
