index,flag1,flag2,ori,avel,acce,mp,temp ( Big-Endian )
0,01100001,00000000,-0.0029907227 -0.011108398 -0.99993896 -0.004760742,-0.035555556 0.07111111 -0.08777778,-0.02 -0.16 9.86,0 0 0,26
1,01100001,00000000,0.0017089844 -0.0059814453 -1 -0.00390625,0.053333335 0.07111111 -0.08888889,-0.08 -0.16 9.89,0 0 0,26
2,01100001,00000000,0.0040893555 0 -1 0.0007324219,0.07777778 -0.008888889 -0.09888889,-0.11 -0.15 9.89,0 0 0,26
3,01100001,00000000,0.0009765625 0.0057373047 -1 0.0031738281,0.006666667 -0.08 -0.096666664,-0.09 -0.11 9.88,0 0 0,26
4,01100001,00000000,-0.0032348633 0.010925293 -0.99993896 0.0010375977,-0.07111111 -0.037777778 -0.08222222,-0.05 -0.13 9.88,0 0 0,26
5,01100001,00000000,-0.0029296875 0.014953613 -0.9998779 -0.0028686523,-0.052222222 0.044444446 -0.05888889,-0.02 -0.14 9.86,0 0 0,26
6,01100001,00000000,0.0013427734 0.018127441 -0.9998169 -0.0031738281,0.032222223 0.06666667 -0.044444446,-0.09 -0.14 9.87,0 0 0,26
7,01100001,00000000,0.0033569336 0.020202637 -0.9998169 0.00079345703,0.08111111 0.008888889 -0.031111112,-0.11 -0.13 9.9,0 0 0,26
8,01100001,00000000,0.0009765625 0.02154541 -0.99975586 0.0040283203,0.025555555 -0.06333333 -0.015555556,-0.08 -0.1 9.86,0 0 0,26
9,01100001,00000000,-0.0029296875 0.02178955 -0.99975586 0.0028076172,-0.055555556 -0.052222222 0.0055555557,-0.02 -0.12 9.84,0 0 0,26
10,01100001,00000000,-0.0032958984 0.020690918 -0.99975586 -0.0015869141,-0.06666667 0.026666667 0.028888889,-0.03 -0.15 9.85,0 0 0,26
11,01100001,00000000,-0.00012207031 0.018371582 -0.9998169 -0.0030517578,0.012222222 0.05888889 0.044444446,-0.06 -0.15 9.87,0 0 0,26
12,01100001,00000000,0.0018920898 0.01550293 -0.9998779 -6.1035156E-05,0.07444444 0.008888889 0.052222222,-0.11 -0.13 9.85,0 0 0,26
13,01100001,00000000,0.00024414062 0.012329102 -0.99993896 0.0037841797,0.046666667 -0.05111111 0.05666667,-0.07 -0.1 9.86,0 0 0,26
14,01100001,00000000,-0.003112793 0.008544922 -0.99993896 0.0030517578,-0.035555556 -0.05 0.062222224,-0.03 -0.11 9.87,0 0 0,26
15,01100001,00000000,-0.0032958984 0.004699707 -1 -0.0013427734,-0.07111111 0.011111111 0.07,-0.06 -0.14 9.87,0 0 0,26
16,01100001,00000000,-0.00048828125 0.00061035156 -1 -0.0040893555,-0.01 0.05111111 0.06888889,-0.07 -0.14 9.87,0 0 0,26
17,01100001,00000000,0.0016479492 -0.003112793 -1 -0.0025024414,0.06333333 0.011111111 0.06,-64 -0.14 9.87,0 0 0,26
18,01100001,00000000,0.0007324219 -0.006164551 -1 0.0013427734,0.06666667 -0.037777778 0.04888889,-0.07 -0.09 9.85,0 0 0,26
19,01100001,00000000,-0.0020751953 -0.008605957 -0.99993896 0.0020141602,-0.017777778 -0.052222222 0.037777778,-0.03 -0.12 9.85,0 0 0,26
20,01100001,00000000,-0.0028686523 -0.010620117 -0.99993896 -0.0020751953,-0.08 0.0055555557 0.028888889,-0.04 -0.1 9.83,0 0 0,26
21,01100001,00000001,1 0 0 0,-0.036666665 0.04 0.022222223,-0.07 -0.12 9.88,0 0 0,26
22,01100001,00000000,1 0.0012207031 0.0020141602 0.00036621094,0.06 0.0033333334 0.0011111111,-0.08 -0.12 9.89,0 0 0,26
23,01100001,00000000,1 0.0051879883 0.0015869141 0.00018310547,0.07333333 -0.028888889 -0.014444444,-0.1 -0.12 9.84,0 0 0,26
24,01100001,00000000,0.99993896 0.0071411133 -0.0013427734 -0.001159668,0.0044444446 -0.025555555 -0.024444444,-0.04 -0.14 9.85,0 0 0,26
25,01100001,00000000,0.9845581 0.0044555664 -0.002319336 -0.0028076172,-0.06333333 -3.6988888 -10.241111,-0.02 -0.14 9.84,0 0 0,26
26,01100001,00000000,0.99993896 0.0009765625 -0.0005493164 -0.0045776367,-0.03888889 0.043333333 -0.033333335,-0.04 -0.14 9.9,0 0 0,26
27,01100001,00000000,1 0.0010375977 0.001159668 -0.006652832,0.03 0.008888889 -0.04,-0.06 -0.14 9.86,0 0 0,26
28,01100001,00000000,0.99993896 0.005004883 0.0005493164 -0.009277344,0.06666667 -0.033333335 -0.043333333,-0.08 -0.15 9.87,0 0 0,26
29,01100001,00000000,0.9998779 0.007507324 -0.0014648438 -0.0119018555,0.023333333 -0.035555556 -0.043333333,-0.07 -0.11 9.86,0 0 0,26
30,01100001,00000000,0.9998779 0.0060424805 -0.0026245117 -0.014160156,-0.05888889 0.007777778 -0.032222223,-0.05 -0.13 9.88,0 0 0,26
31,01100001,00000000,0.9998779 0.0024414062 -0.0016479492 -0.015808105,-0.053333335 0.037777778 -0.026666667,-0.04 -0.14 9.89,0 0 0,26
32,01100001,00000000,0.9998779 0.0014038086 0.00024414062 -0.017150879,0.014444444 0.015555556 -0.022222223,-0.08 -0.15 9.86,0 0 0,26
33,01100001,00000000,0.9998169 0.0044555664 0 -0.018188477,0.064444445 -0.027777778 -0.014444444,-0.07 -0.14 9.87,0 0 0,26
34,01100001,00000000,0.9998169 0.0076904297 -0.0018920898 -0.018554688,0.034444444 -0.035555556 -0.0055555557,53.7 -2.56 -0.01,0 0 0,26
35,01100001,00000000,0.9998169 0.0072021484 -0.0029907227 -0.018554688,-0.036666665 0.0011111111 0.0044444446,-0.04 -0.14 9.88,0 0 0,26
36,01110011,00000000,0.9998169 0.005493164 -0.0029296875 -0.018493652,-0.078888886 0.015555556 0.01,-0.04 -0.17 9.9,0 0 0,26
37,01110011,00000000,0.9998169 0.004760742 -0.0025634766 -0.018249512,-0.036666665 0.028888889 0.016666668,-0.06 -0.17 9.93,4 4 4,26
38,01110011,00000000,0.9998169 0.0036010742 -0.0020751953 -0.017944336,-0.06888889 0.02 0.017777778,-0.05 -0.07 9.9,8 7 8,26
39,01110011,00000000,0.9998779 0.0026245117 -0.0017089844 -0.01763916,-0.05888889 0.028888889 0.02,-0.04 -0.16 9.85,12 10 12,26
40,01110011,00000000,0.9998779 0.0021972656 -0.0012207031 -0.017333984,-0.012222222 0.026666667 0.022222223,-0.07 -0.22 9.87,16 13 16,26
41,01110011,00000000,0.9998779 0.0021972656 -0.0010375977 -0.016906738,-0.0022222223 0.011111111 0.02,-0.09 -0.12 9.85,20 16 19,26
42,01110011,00000000,0.9844971 0.0021972656 -0.0010375977 -0.016601562,0.0044444446 0 -11.094444,-0.05 -0.16 9.92,23 19 22,26
43,01110011,00000000,0.9998779 0.0025024414 -0.0010375977 -0.016296387,0.03 0.0011111111 0.023333333,-0.06 -0.16 9.85,26 22 25,26
44,01110011,00000000,0.9998779 0.0034179688 -0.0010375977 -0.015808105,0.05 0.0044444446 0.027777778,-0.08 -0.15 9.89,30 25 28,26
45,01110011,00000000,0.9998779 0.004211426 -0.0012207031 -0.0154418945,0.06 -0.02 0.023333333,-0.1 -0.14 9.91,34 28 31,26
46,01110011,00000000,0.9998779 0.0051879883 -0.0016479492 -0.015136719,0.07 -0.036666665 0.02111111,-0.08 -0.16 9.86,38 31 34,26
47,01110011,00000000,0.9998779 0.0064086914 -0.0024414062 -0.0146484375,0.06333333 -0.04 0.023333333,-0.07 -0.11 9.88,43 34 37,26
48,01110011,00000000,0.9998779 0.0071411133 -0.0028686523 -0.014282227,0.052222222 -0.028888889 0.025555555,-0.03 -0.13 9.88,47 37 40,26
49,01110011,00000000,0.9998779 0.007873535 -0.003112793 -0.0138549805,0.04888889 -0.014444444 0.026666667,-0.05 -0.11 9.86,51 40 43,26
50,01110011,00000000,0.9998779 0.008483887 -0.003479004 -0.013305664,0.025555555 -0.018888889 0.03,-0.07 -0.1 9.87,55 43 46,26
51,01110011,00000000,0.9998779 0.008483887 -0.00390625 -0.012939453,0.0022222223 -0.031111112 0.027777778,-0.06 -0.12 -0.01,58 46 48,26
52,01110011,00000000,0.9998779 0.008239746 -0.00390625 -0.012512207,-0.01 -0.008888889 0.031111112,-0.03 -0.13 9.84,61 49 50,26
53,01110011,00000000,0.9998779 0.007385254 -0.0036010742 -0.0119018555,-0.032222223 0.012222222 0.033333335,-0.03 -0.1 9.87,63 52 52,26
54,01110011,00000000,0.99993896 0.0064697266 -0.0032348633 -0.011474609,-0.053333335 0.015555556 0.032222223,-0.05 -0.12 9.89,65 54 54,26
55,01110011,00000000,0.99993896 0.005554199 -0.0030517578 -0.010986328,-0.053333335 0.008888889 0.031111112,-0.05 -0.12 9.89,67 56 56,26
56,01110011,00000000,0.99993896 0.0045776367 -0.0026855469 -0.010559082,-0.06333333 0.017777778 0.031111112,-0.04 -0.12 9.87,69 58 58,26
57,01110011,00000000,0.99993896 0.0032958984 -0.001953125 -0.0099487305,-0.05888889 0.03 0.031111112,-0.07 -0.16 9.89,71 60 60,26
58,01110011,00000000,0.99993896 0.0025024414 -0.0015258789 -0.009521484,-0.043333333 0.024444444 0.03,-0.08 -0.17 9.89,73 62 62,26
59,01110011,00000000,0.9845581 0.0018310547 -0.0012817383 -0.009094238,-0.035555556 0.008888889 0.027777778,-0.07 -0.13 9.87,75 63 64,26
60,01110011,00000000,1 0.0013427734 -0.001159668 -0.008605957,-0.022222223 0.0055555557 0.025555555,-0.05 -0.16 9.88,77 65 66,26
61,01110011,00000000,1 0.0012817383 -0.0010986328 -0.008239746,0.008888889 0.0044444446 0.025555555,-0.06 -0.16 9.86,79 67 68,26
62,01110011,00000000,1 0.0014648438 -0.0010375977 -0.007873535,0.024444444 -0.0022222223 0.023333333,-0.07 -0.16 9.85,81 69 70,26
63,01110011,00000000,1 0.0020751953 -0.0010375977 -0.007446289,0.03888889 -0.013333334 0.018888889,-0.06 -0.15 9.88,83 71 72,26
64,01110011,00000000,1 0.002746582 -0.0012817383 -0.0072021484,0.05666667 -0.025555555 0.018888889,-0.08 -0.15 9.88,85 73 74,26
65,01110011,00000000,1 0.003540039 -0.0016479492 -0.006958008,0.06111111 -0.027777778 0.013333334,-0.04 -0.13 9.85,88 75 76,26
66,01110011,00000000,1 0.0045776367 -0.0020141602 -0.006652832,0.06 -0.024444444 0.014444444,-0.05 -0.13 9.88,91 77 78,26
67,01110011,00000000,1 0.0052490234 -0.0021972656 -0.0064697266,0.05666667 -0.023333333 0.013333334,-0.07 -0.13 9.86,94 79 80,26
68,01110011,00000000,1 0.00579834 -0.0024414062 -0.006286621,0.044444446 -0.026666667 0.012222222,-0.05 -0.13 84.12,96 17 82,26
69,01110011,00000000,1 0.006286621 -0.002746582 -0.006225586,0.032222223 -0.024444444 0.007777778,-0.03 -0.11 9.85,99 83 83,26
70,01110011,00000000,1 0.006286621 -0.0026855469 -0.006164551,0.008888889 -0.007777778 0.011111111,-0.03 -0.1 9.87,101 85 84,26
71,01110011,00000000,1 0.0061035156 -0.0025634766 -0.006164551,-0.012222222 0 0.008888889,-0.05 -0.1 9.84,102 86 85,26
72,01110011,00000000,1 0.005493164 -0.002380371 -0.006164551,-0.023333333 0.007777778 0.007777778,-0.05 -0.13 9.86,103 87 86,26
73,01110011,00000000,1 0.0048217773 -0.0021362305 -0.006164551,-0.043333333 0.014444444 0.008888889,-0.05 -0.11 9.85,104 88 87,26
74,01110011,00000000,1 0.003967285 -0.0018920898 -0.006164551,-0.052222222 0.013333334 0.006666667,-0.05 -0.14 9.86,105 89 88,26
75,01110011,00000000,1 0.0028686523 -0.0014648438 -0.006164551,-0.052222222 0.02111111 0.0033333334,-0.04 -0.14 9.85,106 90 89,26
76,01110011,00000000,1 0.0072021484 0.0061035156 -0.0095825195,-0.06111111 0.024444444 0.0033333334,-0.05 -0.11 9.88,107 91 90,26
77,01110011,00000000,1 0.001159668 -0.00061035156 -0.006164551,-0.04777778 0.02 -0.0011111111,-0.06 -0.17 9.87,108 92 91,26
78,01110011,00000000,1 0.00036621094 -0.00036621094 -0.006164551,-0.034444444 0.006666667 -0.0033333334,-0.07 -0.16 9.85,109 93 92,26
79,01110011,00000000,1 6.1035156E-05 -0.00030517578 -0.006164551,-0.02111111 -0.0022222223 -0.0033333334,-0.07 -0.14 9.85,110 94 93,26
80,01110011,00000000,0.99993896 0 -0.00030517578 -0.006164551,0 -0.006666667 -0.006666667,-0.05 -0.18 9.88,111 95 94,26
81,01110011,00000000,1 0.00012207031 -0.00030517578 -0.006225586,0.014444444 -0.007777778 -0.01,-0.07 -0.15 9.85,112 96 95,26
82,01110011,00000000,1 0.00048828125 -0.0004272461 -0.006286621,0.031111112 -0.014444444 -0.011111111,-0.08 -0.15 9.87,113 97 96,26
83,01110011,00000000,1 0.0010986328 -0.0007324219 -0.0065307617,0.04777778 -0.024444444 -0.013333334,-0.07 -0.13 9.89,114 98 97,26
84,01110011,00000000,1 0.0021972656 -0.0012207031 -0.0067749023,0.05666667 -0.026666667 -0.016666668,-0.05 -0.13 9.85,116 99 98,26
85,01110011,00000000,1 0.0029907227 -0.0016479492 -0.007019043,0.055555556 -0.026666667 -0.016666668,-0.05 -0.13 9.85,231 -152 -1,26
86,01110011,00000000,1 0.0038452148 -0.001953125 -0.0072631836,0.05666667 -0.016666668 -0.015555556,-0.04 -0.14 9.85,120 101 100,26
87,01110011,00000000,0.99993896 0.004760742 -0.0021972656 -0.0076293945,0.046666667 -0.012222222 -0.018888889,-0.05 -0.11 9.87,122 102 101,26
88,01110011,00000000,0.99993896 0.0051879883 -0.0022583008 -0.007873535,0.032222223 -0.01 -0.017777778,-0.05 -0.14 9.86,124 103 102,26
89,01110011,00000000,0.99993896 0.005554199 -0.0022583008 -0.008178711,0.018888889 -0.0044444446 -0.02,-0.05 -0.14 9.85,125 104 103,26
90,01110011,00000000,0.99993896 0.0056152344 -0.0022583008 -0.008422852,-0.0011111111 0.0055555557 -0.016666668,-0.04 -0.11 9.84,126 105 104,26
91,01110011,00000000,0.99993896 0.0053710938 -0.0020751953 -0.008728027,-0.017777778 0.012222222 -0.017777778,-0.07 -0.11 9.84,126 106 105,26
92,01110011,00000000,0.99993896 0.0049438477 -0.0017700195 -0.008972168,-0.033333335 0.018888889 -0.018888889,-0.08 -0.1 9.86,126 107 106,26
93,01110011,00000000,0.99993896 0.004333496 0.0068359375 -0.008544922,-0.045555554 0.017777778 -0.016666668,-0.03 -0.13 9.89,126 107 107,26
94,01110011,00000000,0.99993896 0.0032958984 -0.0010986328 -0.0095825195,-0.054444443 0.016666668 -0.016666668,-0.06 -0.15 9.86,126 107 108,26
95,01110011,00000000,0.99993896 0.0025634766 -0.0008544922 -0.009887695,-0.05111111 0.02 -0.017777778,-0.06 -0.13 9.84,126 107 109,26
96,01110011,00000000,0.99993896 0.0018920898 -0.0006713867 -0.010131836,-0.04777778 0.011111111 -0.02,-0.07 -0.14 9.88,126 107 110,26
97,01110011,00000000,0.99993896 0.001159668 -0.0006713867 -0.010498047,-0.033333335 0.0055555557 -0.02111111,-0.07 -0.15 9.86,126 107 111,26
98,01110011,00000000,0.99993896 0.0008544922 -0.0006713867 -0.010803223,-0.017777778 -0.0055555557 -0.02,-0.08 -0.16 9.88,126 108 112,26
99,01110011,00000000,0.99993896 0.00079345703 -0.00079345703 -0.011108398,-0.0033333334 -0.011111111 -0.018888889,-0.08 -0.17 9.87,126 109 113,26
100,01110011,00000000,0.99993896 0.0009765625 -0.0010375977 -0.011474609,0.014444444 -0.014444444 -0.018888889,-0.06 -0.17 9.88,126 110 114,26
101,01110011,00000000,0.99993896 0.0014038086 -0.0013427734 -0.01171875,0.033333335 -0.02111111 -0.02,-0.06 -0.15 9.88,126 111 115,26
102,01110011,00000000,0.99993896 0.001953125 -0.0016479492 -0.012023926,0.043333333 -0.02111111 -0.02111111,-0.06 -0.15 9.85,127 35 -1,26
103,01110011,00000000,0.99993896 0.0029907227 -0.0021362305 -0.012390137,0.053333335 -0.022222223 -0.02111111,-0.05 -0.13 9.87,128 113 117,26
104,01110011,00000000,0.99993896 0.0037841797 -0.0024414062 -0.012634277,0.053333335 -0.02 -0.018888889,-0.06 -0.14 9.84,129 114 117,26
105,01110011,00000000,0.9998779 0.0045166016 -0.0026855469 -0.012878418,0.05111111 -0.014444444 -0.016666668,-0.05 -0.12 9.88,130 115 117,26
106,01110011,00000000,0.9998779 0.005432129 -0.002746582 -0.013183594,0.044444446 -0.008888889 -0.016666668,-0.06 -0.14 9.84,131 116 117,26
107,01110011,00000000,0.9998779 0.005859375 -0.0028076172 -0.013366699,0.026666667 0 -0.012222222,-0.05 -0.12 9.87,132 117 117,26
108,01110011,00000000,0.9998779 0.006164551 -0.0028076172 -0.0134887695,0.013333334 0.0055555557 -0.01,-0.05 -0.11 9.89,133 117 117,26
109,01110011,00000000,0.9998779 0.006164551 -0.0026855469 -0.0134887695,0 0.013333334 -0.007777778,-0.07 -0.11 9.87,133 117 117,26
110,01110011,00000000,0.9998779 0.00592041 -0.0024414062 -0.008483887,-0.022222223 0.016666668 -0.0055555557,-0.06 -0.12 9.84,133 117 117,26
111,01110011,00000000,0.9998779 0.005493164 -0.0021362305 -0.0134887695,-0.034444444 0.02 -0.0055555557,-0.07 -0.12 9.86,133 117 117,26
112,01110011,00000000,0.9998779 0.004699707 -0.0017700195 -0.0134887695,-0.043333333 0.018888889 -0.0033333334,-0.05 -0.12 9.88,133 117 117,26
113,01110011,00000000,0.9998779 0.0040283203 -0.0015258789 -0.0134887695,-0.05111111 0.016666668 -0.0022222223,-0.06 -0.13 9.88,133 117 117,26
114,01110011,00000000,0.9998779 0.0032958984 -0.0013427734 -0.0134887695,-0.04888889 0.013333334 -0.0022222223,-0.06 -0.14 9.87,133 117 117,26
115,01110011,00000000,0.9998779 0.0024414062 -0.0013427734 -0.0134887695,-0.045555554 0.0033333334 -0.0011111111,-0.07 -0.13 9.88,133 117 117,26
116,01110011,00000000,0.9998779 0.0018920898 -0.0013427734 -0.0134887695,-0.03888889 -0.0022222223 0,-0.08 -0.14 9.85,133 117 117,26
117,01110011,00000000,0.99993896 0.0015258789 -0.0013427734 -0.0134887695,-0.018888889 -0.006666667 0,-0.07 -0.14 9.9,133 117 117,26
118,01110011,00000000,0.99993896 0.0014038086 -0.0014648438 -0.0134887695,-0.006666667 -0.012222222 0.0011111111,-0.08 -0.14 9.86,133 117 117,26
119,01110011,00000000,0.99993896 0.0015258789 -0.0018310547 -0.0134887695,0.006666667 -0.02 0.0011111111,-0.07 -0.15 9.88,133 117 255,26
120,01110011,00000000,0.99993896 0.0018310547 -0.0021362305 -0.0134887695,0.027777778 -0.023333333 0.0033333334,-0.07 -0.14 9.86,133 117 117,26
121,01110011,00000000,0.9998779 0.002319336 -0.0024414062 -0.0134887695,0.03888889 -0.02111111 0.0033333334,-0.06 -0.14 9.87,134 117 117,26
122,01110011,00000000,0.9998779 0.0032348633 -0.0028686523 -0.0134887695,0.046666667 -0.023333333 0.0055555557,-0.05 -0.14 9.88,135 117 117,26
123,01110011,00000000,0.9998779 0.003967285 -0.0031738281 -0.0134887695,0.05111111 -0.016666668 0.0055555557,-0.05 -0.13 9.86,136 117 117,26
124,01110011,00000000,0.9998779 0.004638672 -0.0032348633 -0.0134887695,0.04888889 -0.01 0.008888889,-0.05 -0.14 9.86,137 117 117,26
125,01110011,00000000,0.9998779 0.005493164 -0.0032348633 -0.0134887695,0.043333333 -0.006666667 0.008888889,-0.04 -0.12 9.86,138 117 117,26
126,01110011,00000000,0.9998779 0.0060424805 -0.0032958984 -0.0134887695,0.032222223 0.0022222223 0.01,-0.06 -0.11 9.83,139 117 117,26
127,01110011,00000000,0.9998779 0.0063476562 -0.0032348633 -0.013305664,0.017777778 0.011111111 0.013333334,-0.05 -0.11 9.86,140 117 117,26
128,01110011,00000000,0.9998779 0.0064697266 -0.0029907227 -0.013061523,0.0044444446 0.015555556 0.014444444,-0.05 -0.14 9.85,140 117 117,26
129,01110011,00000000,0.9998779 0.0064086914 -0.002746582 -0.012817383,-0.016666668 0.017777778 0.014444444,-0.05 -0.13 9.84,140 117 117,26
130,01110011,00000000,0.9998779 0.0060424805 -0.0025024414 -0.012573242,-0.028888889 0.016666668 0.016666668,-0.06 -0.11 9.89,140 117 117,26
131,01110011,00000000,0.9998779 0.0053100586 -0.0021362305 -0.012268066,-0.03888889 0.017777778 0.015555556,-0.06 -0.13 9.86,140 117 117,26
132,01110011,00000000,0.99993896 0.004699707 -0.0018310547 -0.012023926,-0.045555554 0.012222222 0.015555556,-0.06 -0.12 9.86,140 117 117,26
133,01110011,00000000,0.99993896 0.0040283203 -0.0017700195 -0.011779785,-0.04777778 0.007777778 0.017777778,-0.06 -0.15 9.87,140 117 117,26
134,01110011,00000000,0.99993896 0.0031738281 -0.0017700195 -0.011474609,-0.045555554 0.0033333334 0.015555556,-0.07 -0.14 9.88,140 117 117,26
135,01110011,00000000,0.99993896 0.0026245117 -0.0017700195 -0.011230469,-0.035555556 -0.008888889 0.015555556,-0.06 -0.17 9.87,140 117 117,26
136,01110011,00000000,0.99993896 0.0022583008 -0.001953125 -0.011047363,-0.022222223 -0.013333334 0.014444444,-0.08 -0.15 9.87,140 117 117,26
137,01110011,00000000,0.99993896 0.0021362305 -0.0022583008 -0.0107421875,-0.008888889 -0.017777778 0.015555556,-0.06 -0.13 9.85,140 117 117,26
138,01110011,00000000,0.99993896 0.0021362305 -0.0025634766 -0.010498047,0.007777778 -0.022222223 0.014444444,-0.06 -0.15 9.87,140 117 117,26
139,01110011,00000000,0.99993896 0.002380371 -0.0029296875 -0.010314941,0.02111111 -0.025555555 0.013333334,-0.05 -0.14 9.87,140 117 117,26
140,01110011,00000000,0.99993896 0.0029907227 -0.0033569336 -0.010009766,0.036666665 -0.024444444 0.014444444,-0.06 -0.13 9.86,140 117 117,26
141,01110011,00000000,0.99993896 0.0036010742 -0.0036010742 -0.00982666,0.04222222 -0.017777778 0.014444444,-0.06 -0.14 9.87,141 117 117,26
142,01110011,00000000,0.99993896 0.004272461 -0.00390625 -0.009643555,0.04888889 -0.015555556 0.012222222,-0.06 -0.15 9.87,142 117 117,26
143,01110011,00000000,0.99993896 0.0051879883 -0.0040283203 -0.009399414,0.04777778 -0.0055555557 0.014444444,-0.05 -0.12 9.88,143 117 117,26
144,01110011,00000000,0.99993896 0.0057373047 -0.0040283203 -0.009155273,0.04 -0.0011111111 0.013333334,-0.06 -0.12 9.84,144 117 117,26
145,01110011,00000000,0.99993896 0.006286621 -0.0040283203 -0.008972168,0.031111112 0.006666667 0.015555556,63.93 -0.12 9.89,145 117 117,26
146,01110011,00000000,0.99993896 0.006713867 -0.0038452148 -0.008666992,0.02 0.013333334 0.013333334,-0.05 -0.11 9.84,146 117 117,26
147,01110011,00000000,0.99993896 0.0065307617 -0.0033569336 -0.008483887,0.008888889 0.016666668 0.013333334,-0.18 -0.22 9.87,146 117 117,26
148,01110011,00000000,0.99993896 0.006164551 -0.003479004 -0.008117676,0.0033333334 -0.06111111 0.033333335,-0.12 -0.31 9.85,146 117 117,26
149,01110011,00000000,0.99993896 0 -0.004760742 -0.013549805,-0.41222224 -0.07111111 -0.37333333,1.14 -1.22 9.57,146 117 117,26
150,01110011,00000000,0.9996948 -0.008117676 -0.008239746 -0.019958496,-0.5566667 -0.20444444 -0.42555556,1.1 0.07 10.38,146 117 117,26
151,01110011,00000000,0.9991455 -0.019470215 -0.025146484 -0.027648926,-0.8111111 -1.5255556 -0.50222224,1.06 -1.1 10.11,146 117 117,26
152,01110011,00000000,0.9970093 -0.039123535 -0.059265137 -0.030395508,-1.1 -1.8722222 -0.12111111,2.51 -1.68 9.46,146 117 117,26
153,01110011,00000000,0.98443604 -0.041503906 -0.08538818 -0.033081055,-0.24 -3.1266668 7.11,3.08 -1.54 10.15,146 117 117,26
154,01110011,00000000,0.9923096 -0.038391113 -0.11328125 -0.030456543,0.016666668 -2.008889 0.22222222,3.21 -1.52 10.06,146 117 117,26
155,01110011,00000000,0.98846436 -0.043884277 -0.14215088 -0.028259277,-0.41 -2.1877778 -0.09555556,4.54 -0.56 9.9,146 118 117,26
156,01110011,00000000,0.9790039 -0.058044434 -0.19299316 -0.029968262,-0.7211111 -2.8922222 -0.028888889,3.54 -1.91 11.31,146 118 117,26
157,01110011,00000000,0.97039795 -0.078125 -0.2267456 -0.02758789,-1.26 -2.442222 0.17222223,4.67 -1.33 9.73,146 118 117,26
158,01110011,00000000,0.96087646 -0.085632324 -0.26184082 -0.028442383,-0.08888889 -2.6233332 -0.30666667,3.13 -2.14 10.12,146 118 117,26
159,01110011,00000000,0.94573975 -0.088256836 -0.31195068 -0.020690918,-0.03888889 -2.7833333 0.30333334,1.31 0.45 6.94,146 118 117,26
160,01110011,00000000,0.9298096 -0.09844971 -0.35461426 -0.0030517578,-0.11444444 -3.692222 1.4966667,-0.84 -1.12 6.83,146 118 117,26
161,01110011,00000000,0.9055786 -0.107055664 -0.40960693 0.025146484,-0.29 -4.4688888 1.6633333,-0.67 1.48 5.95,146 119 113,26
162,01110011,00000000,0.88165283 -0.13275146 -0.4494629 0.054016113,-0.8888889 -2.1255555 1.7855556,168.99 -2.49 -0.01,146 120 106,26
163,01110011,00000000,0.89660645 -0.14111328 -0.41296387 0.07501221,1.1566666 4.11 1.8566667,7.37 -3.53 6.13,146 121 99,26
164,01110011,00000000,0.9378052 -0.116882324 -0.30993652 0.103881836,4.6455555 8.872222 2.0133333,7.94 -6.19 6.91,158 74 92,26
165,01110011,00000000,0.98376465 -0.009277344 -0.08190918 0.15924072,8.647778 11.765555 2.3011112,-1.1 -1.14 12.86,194 2 90,26
166,01110011,00000000,0.9762573 0.066467285 0.056884766 0.19812012,5.692222 7.291111 2.3733332,-6.33 7.06 9.38,194 4 91,26
167,01110011,00000000,0.9608154 0.09429932 0.12426758 0.22906494,1.42 3.1244445 1.99,-6.01 5.88 13.9,195 4 92,26
168,01110011,00000000,0.94641113 0.101501465 0.15557861 0.2640381,0.46555555 1.5155555 1.8177778,-1.33 -0.92 17.15,196 4 93,26
169,01110011,00000000,0.9260864 0.13922119 0.20391846 0.28515625,4.32 3.4322221 1.898889,2.79 -4.94 10,196 4 93,26
170,01110011,00000000,0.87524414 0.20037842 0.2779541 0.3026123,5.9533334 4.6233335 -32.427776,1.91 -1.69 9.45,198 4 94,26
171,01110011,00000000,0.82928467 0.2637329 0.368042 0.32739258,4.402222 4.3233333 2.0988889,-1.18 4.17 7.65,201 4 95,26
172,01110011,00000000,0.8051758 0.26568604 0.39990234 0.3479004,-0.43555555 2.3211112 0.70444447,-1.64 5.27 4.73,203 4 96,26
173,01110011,00000000,0.8111572 0.22509766 0.39697266 0.36572266,-4.1422224 0.23111111 -0.7,-3.36 4.73 5.62,203 4 97,26
174,01110011,00000000,0.85821533 0.1338501 0.31793213 0.38000488,-6.72 -2.9955556 -1.4411111,-5.52 2.77 7.29,202 4 98,26
175,01110011,00000000,0.9000244 0.072265625 0.20465088 0.3779297,-6.7177777 -6.8233333 -1.5855556,-1.88 -2.61 10.93,202 4 98,26
176,01110011,00000000,0.92529297 0.03515625 0.094055176 0.36553955,-4.52 -5.827778 -1.36,4.18 -3.02 11.19,200 4 98,26
177,01110011,00000000,0.93792725 -0.013122559 0.013183594 0.34625244,-3.7177777 -2.48 -1.2066667,5.66 -0.62 12.81,198 8 96,26
178,01110011,00000000,0.9403076 -0.07446289 -0.026794434 0.33087158,-5.5455556 -1.4433334 -1.1922222,-1.78 2.25 14.97,196 12 94,26
179,01110011,00000000,0.93426514 -0.13787842 -0.099731445 0.31323242,-5.9333334 -4.2933335 -1.3955555,-4.75 -0.46 -0.01,194 16 92,26
180,01110011,00000000,0.90704346 -0.17938232 -0.24255371 0.29364014,-4.402222 -6.845556 -1.43,-2.67 -3.05 11.25,192 20 90,26
181,01110011,00000000,0.8803711 -0.17651367 -0.33514404 0.28533936,-2.181111 -6.3944445 -1.2088889,3.55 -2.98 8.97,190 24 89,26
182,01110011,00000000,0.86309814 -0.1638794 -0.38861084 0.27789307,-0.34777778 -2.9177778 -1.0422223,4.64 -1.52 6.81,188 27 88,26
183,01110011,00000000,0.8648071 -0.1484375 -0.39898682 0.26611328,0.43 -0.08888889 -0.95444447,4.1 -1.42 6.45,187 30 87,26
184,01110011,00000000,0.8831787 -0.13305664 -0.36767578 0.25897217,1.4844445 2.248889 -0.88,2.49 -2.55 7.76,190 33 86,26
185,01110011,00000000,0.9088745 -0.10308838 -0.31201172 0.25683594,3.62 3.82 -0.8422222,0.39 -2.91 9.15,215 3 85,26
186,01110011,00000000,0.9324341 -0.053527832 -0.2456665 0.25952148,5.001111 3.798889 -0.8466667,-0.39 -2.14 9.82,215 4 86,26
187,01110011,00000000,0.93756104 0.024291992 -0.15228271 0.26263428,5.247778 3.7555556 -0.8833333,0.66 0.73 11.85,217 4 87,26
188,01110011,00000000,0.9603882 0.06439209 -0.0725708 0.2612915,3.67 5.1555557 -0.78,2.3 1.63 12.27,220 4 88,26
189,01110011,00000000,0.96154785 0.08392334 0.024353027 0.26019287,2.9 6.63 -0.59,1.38 0.07 12.56,221 4 89,26
190,01110011,00000000,0.9468384 0.10412598 0.16168213 0.2578125,3.03 6.712222 -0.46555555,-1.98 -0.31 11.42,221 4 90,26
191,01110011,00000000,0.9283447 0.12188721 0.24456787 0.25195312,2.692222 4.7733335 -0.47555557,-3 1.12 10.75,220 4 91,26
192,01110011,00000000,0.9124756 0.13256836 0.3005371 0.24377441,1.5244445 3.1388888 -0.58444446,-2.3 2.18 9.02,220 4 92,26
193,01110011,00000000,0.90234375 0.12207031 0.3388672 0.23675537,-0.11666667 1.86 -0.66888887,-1.45 2.25 8.26,220 4 93,26
194,01110011,00000000,0.9022217 0.09564209 0.34753418 0.23687744,-1.9022223 0.75333333 -0.7033333,-1.14 1.57 7.92,218 4 94,26
195,01110011,00000000,0.9061279 0.06060791 0.34320068 0.23968506,-2.557778 -0.06666667 -0.72444445,-1.59 0.64 8.17,216 4 95,26
196,01110011,00000000,0.9194946 0.014587402 0.30926514 0.24206543,-2.73 -1.5166667 -0.81333333,-2.94 -0.07 -223.79,0 4 96,26
197,01110011,00000000,0.9370117 -0.012329102 0.25299072 0.24053955,-2.6744444 -4.306667 -0.9722222,-3.52 0.17 10.64,212 4 97,26
198,01110011,00000000,0.9562988 -0.033996582 0.16748047 0.23706055,-2.8711112 -6.1433334 -1.0311111,-2.06 0.44 11.47,210 4 97,26
199,01110011,00000000,0.9703369 -0.061767578 0.03466797 0.23101807,-3.0155556 -6.538889 -0.94222224,1.13 -0.31 12.03,208 4 97,26
200,01110011,00000000,0.96954346 -0.08099365 -0.052368164 0.22515869,-2.5066667 -5.2155557 -0.7777778,1.44 -1.4 12.62,206 8 96,26
201,01110011,00000000,0.96362305 -0.09094238 -0.1237793 0.21850586,-1.5188888 -4.5277777 -0.72444445,-0.12 -1.65 12.24,204 12 95,26
202,01110011,00000000,0.95043945 -0.0848999 -0.21209717 0.21087646,-0.69555557 -4.631111 -0.71,-0.63 -1.05 10.47,202 16 94,26
203,01110011,00000000,0.93603516 -0.07055664 -0.27600098 0.2064209,0.0044444446 -4.561111 -0.6677778,0.5 -0.69 9.37,200 20 93,26
204,01110011,00000000,0.9212036 0.0010986328 0.00024414062 -0.009887695,0.47 -3.531111 -0.6022222,1.86 -0.8 8.03,198 24 92,26
205,01110011,00000000,0.90979004 -0.024230957 -0.36206055 0.20135498,1.0255556 -1.8755555 -0.5377778,3.02 -1.2 7.88,204 27 91,26
206,01110011,00000000,0.9127197 -0.00012207031 -0.3536377 0.2043457,1.9766667 1.0244445 -0.42666668,3.53 -1.3 7.62,223 30 90,26
207,01110011,00000000,0.92541504 0.025146484 -0.31298828 0.21185303,2.57 3.31 -0.2888889,3.28 -0.98 8.31,262 32 89,26
208,01110011,00000000,0.94818115 0.05633545 -0.21490479 0.22717285,2.8922222 5.153333 -0.14,1.52 -0.21 9.59,289 3 89,26
209,01110011,00000000,0.95965576 0.074157715 -0.12915039 0.23846436,2.5177777 5.576667 -0.02,-1.08 0.85 11.22,286 4 90,26
210,01110011,00000000,0.9639282 0.08465576 -0.051513672 0.24682617,1.8344444 4.904444 -0.011111111,-1.03 0.79 12.22,283 4 91,26
211,01110011,00000000,0.961792 0.08734131 0.04473877 0.25561523,1.3633333 4.8177776 0.023333333,0.52 0.35 12.44,280 4 92,26
212,01110011,00000000,0.953125 0.07989502 0.12597656 0.26312256,0.9911111 5.733333 0.13777778,0.55 0.36 10.91,277 4 93,26
213,01110011,00000000,0.9387207 0.0657959 0.203125 0.27056885,0.30444443 5.341111 0.19888888,-1.39 0.83 10.74,355 -166 5375,26
214,01110011,00000000,0.9190674 0.040283203 0.27557373 0.27893066,-0.36 3.9355555 0.14555556,-2.71 1.05 9.66,270 4 95,26
215,01110011,00000000,0.9105835 0.01776123 0.29882812 0.2849121,-1.0955555 2.1155555 0.037777778,-3.23 1.04 9.63,266 4 96,26
216,01110011,00000000,0.9093628 -0.005432129 0.29730225 0.29101562,-1.7777778 -0.07444444 -0.10888889,-2.25 0.56 8.39,262 4 97,26
217,01110011,00000000,0.91534424 -0.03527832 0.26696777 0.29937744,-2.068889 -1.2877778 -0.18555556,-1.72 0.29 8.65,258 4 98,26
218,01110011,00000000,0.9230957 -0.055114746 0.22705078 0.3053589,-2.2133334 -2.3066666 -0.25777778,-1.66 0 9.39,254 4 98,26
219,01110011,00000000,0.9321289 -0.070495605 0.17218018 0.31054688,-2.1966667 -3.7855556 -0.33222222,-1.94 -0.13 10.38,251 4 98,26
220,01110011,00000000,0.9404297 -0.07885742 0.10144043 0.31481934,-2.04 -4.943333 -0.37888888,-1.94 -0.33 11.19,248 4 98,26
221,01110011,00000000,0.9447632 -0.078063965 0.00018310547 -0.010681152,-1.7566667 -5.69 -0.38555557,-0.77 -0.62 11.81,245 4 97,26
222,01110011,00000000,0.94085693 -0.070373535 -0.091918945 0.3184204,-1.1944444 -5.49 -0.32777777,0.45 -0.87 11.76,242 8 95,26
223,01110011,00000000,0.932251 -0.05834961 -0.16326904 0.31756592,-0.6677778 -4.792222 -0.27666667,0.83 -0.98 11.3,239 12 93,26
224,01110011,00000000,0.91729736 -0.036376953 -0.23913574 0.31622314,-0.16777778 -4.1022224 -0.24222222,0.81 -0.98 11.35,236 16 91,26
225,01110011,00000000,0.90545654 -0.016296387 -0.28302002 0.3157959,0.41444445 -3.2655556 -0.20333333,0.8 -0.78 9.62,233 20 89,26
226,01110011,00000000,0.8946533 0.005859375 -0.31506348 0.3166504,0.84555554 -2.468889 -0.17666666,1.07 -0.79 9.06,236 24 87,26
227,01110011,00000000,0.88690186 0.028869629 -0.33233643 0.31951904,1.2722223 -1.3477777 -0.14333333,2.09 -0.82 8.14,251 27 85,26
228,01110011,00000000,0.88568115 0.057250977 -0.32354736 0.32806396,1.8188889 0.78555554 -0.06333333,2.68 -0.79 8.23,276 30 83,26
229,01110011,00000000,0.89282227 0.072509766 -0.2876587 0.33880615,2.0533333 2.7422223 0.04111111,2.98 -0.51 8.33,300 32 81,26
230,01110011,00000000,0.90826416 0.080078125 -0.2019043 0.35742188,2.1155555 4.5111113 0.16555555,1.77 -0.11 9.63,300 187 6143,26
231,01110011,00000000,0.91693115 0.07800293 -0.123291016 0.3713379,1.9188889 5.3155556 0.27,-0.2 0.23 10.77,297 4 82,26
232,01110011,00000000,0.9197998 0.07299805 -0.04864502 0.38238525,1.5822222 4.831111 0.26555556,-1.09 0.46 11.69,294 4 83,26
233,01110011,00000000,0.916626 0.062194824 0.03869629 0.39282227,1.2177777 4.41 0.25555557,-0.37 0.44 11.88,291 4 84,26
234,01110011,00000000,0.90979004 0.046813965 0.10217285 0.39941406,0.6011111 4.657778 0.30222222,0.21 0.75 10.8,288 4 85,26
235,01110011,00000000,0.89886475 0.02319336 0.16381836 0.40576172,0.007777778 4.65 0.3422222,-0.47 0.76 10.62,284 4 86,26
236,01110011,00000000,0.88360596 -0.014709473 0.22937012 0.40795898,-0.4488889 3.941111 -0.07666667,-1.33 0.25 9.89,280 4 87,26
237,01110011,00000000,0.88031006 -0.042907715 0.25787354 0.39587402,-0.8144444 2.1422222 -1.4533334,-2.13 0.03 8.91,276 4 88,26
238,01110011,00000000,0.8878174 -0.06738281 0.26409912 -0.010253906,-0.8522222 0.4511111 -2.5077777,-2.32 -0.14 8.71,272 4 89,26
239,01110011,00000000,0.91052246 -0.09082031 0.23522949 0.32751465,-0.98444444 -1.3811111 -2.9766667,-2.99 0.52 8.98,268 4 90,26
240,01110011,00000000,0.9315796 -0.101135254 0.18383789 0.29681396,-1.2055556 -3.7344444 -2.9255555,-2.32 0.29 9.78,264 4 90,26
241,01110011,00000000,0.951416 -0.104003906 0.1161499 0.2654419,-0.9066667 -4.631111 -3.0222223,-0.79 -0.65 10.51,260 4 90,26
242,01110011,00000000,0.97088623 -0.08898926 0.024475098 0.2208252,0.013333334 -4.67 -2.9133334,-0.11 -1.39 11.01,256 4 90,26
243,01110011,00000000,0.9801636 -0.059448242 -0.034240723 0.18566895,1.5888889 -4.1255555 -2.8766668,-0.06 -1.48 11.87,252 8 89,26
244,01110011,00000000,0.9846802 -0.01739502 -0.0871582 0.14978027,2.3522222 -4.0233335 -2.8433332,-0.7 -0.9 11.82,275 12 88,26
245,01110011,00000000,0.9813843 0.04650879 -0.15631104 0.10144043,2.58 -4.0844445 -2.8477778,-0.64 -0.03 10.93,300 15 87,26
246,01110011,00000000,0.9729614 0.09210205 -0.20172119 0.064819336,2.3655555 -3.4077778 -2.7833333,0.84 0.37 9.9,300 18 87,26
247,01110011,00000000,0.96325684 0.1326294 -0.23162842 0.030029297,2.1022222 -2.1244445 -2.6944444,1.96 0.36 9.21,300 21 255,26
248,01110011,00000000,0.95495605 0.17712402 -0.23779297 -0.011474609,1.7166667 -0.50333333 -2.5844445,2.14 0.48 8.37,300 24 89,26
249,01110011,00000000,0.9541626 0.20080566 -0.21868896 -0.03857422,1.1311111 0.96666664 -2.452222,1.54 1.01 8.08,300 27 90,26
250,01110011,00000000,0.95751953 0.21179199 -0.18463135 -0.06390381,-0.17666666 2.26 -2.307778,0.74 1.68 8.39,300 18 91,26
251,01110011,00000000,0.96691895 0.19812012 -0.12677002 -0.09832764,-1.5655556 2.6233332 -2.218889,0.19 1.85 8.69,300 3 92,26
252,01110011,00000000,0.9748535 0.16479492 -0.08068848 -0.1260376,-2.952222 2.5822222 -2.1744444,-0.26 1.37 9.93,296 4 93,26
253,01110011,00000000,0.98046875 0.116882324 -0.0345459 -0.15423584,-4.136667 2.4133334 -2.1433334,-0.03 0.31 10.81,292 4 94,26
254,01110011,00000000,0.9812622 0.0625 0.012390137 -0.18170166,-4.365556 2.4355555 -2.1322222,0.09 -0.54 11.31,288 4 95,26
255,01110011,00000000,0.9734497 -0.010314941 0.07287598 -0.21679688,-4.2766666 2.3022223 -2.1477778,-0.6 -0.74 11.47,283 4 96,26
0,01110011,00000000,0.9619751 -0.06463623 0.107421875 -0.24261475,-4.038889 1.2922223 -2.2144444,-1.51 -0.82 10.86,279 4 97,26
1,01110011,00000000,0.947937 -0.11798096 0.12561035 -0.26763916,-3.6177778 0.16111112 -2.2766666,-1.44 -1.19 10.42,275 4 98,26
2,01110011,00000000,0.92840576 -0.17974854 0.12548828 -0.29992676,-2.8511112 -0.68 -2.3111112,-0.41 -1.8 9.73,271 4 99,26
3,01110011,00000000,0.914917 -0.21063232 0.11462402 -0.32458496,-1.3311111 -0.9022222 -2.2966666,0.33 -2.04 8.87,267 4 100,26
4,01110011,00000000,0.9036865 -0.22332764 0.10015869 -0.35125732,0.04222222 -0.6155556 -2.2733333,0.45 -2.46 9.37,263 4 101,26
5,01110011,00000000,0.89367676 -0.20794678 0.07574463 -0.39019775,1.5155555 -0.3011111 -2.24,0.03 -2.37 9.32,259 4 102,26
6,01110011,00000000,0.88879395 -0.17425537 0.051086426 -0.42071533,3.3022223 -0.11111111 -2.2255557,-0.24 -2.18 9.8,281 8 103,26
7,01110011,00000000,0.88360596 -0.125 0.020996094 -0.45074463,4.3044443 0.022222223 -2.2144444,-0.08 -1.53 10.25,300 11 103,26
8,01110011,00000000,0.87164307 -0.043701172 -0.01776123 -0.487854,4.7388887 0.46 -2.1844444,0.64 -0.31 10.7,300 13 103,26
9,01110011,00000000,0.8578491 0.02178955 -0.03552246 -0.51226807,4.41 1.4866667 -2.0755556,0.75 0.29 10.89,300 10 103,26
10,01110011,00000000,0.8408203 0.08673096 -0.040893555 -0.53271484,3.9077778 2.1155555 -1.9744444,0.09 0.24 10.8,300 4 104,26
11,01110011,00000000,0.814209 0.16711426 -0.038024902 -0.5546875,3.4866667 2.2433333 -1.8977778,-0.78 0.28 10.27,300 4 105,26
12,01110011,00000000,0.79211426 0.21838379 -0.034851074 -0.5687866,2.8455555 1.8166667 -1.8233334,-0.9 0.65 9.8,300 4 106,26
13,01110011,00000000,0.7703247 0.25769043 -0.030761719 -0.5824585,2.0222223 1.3944445 -1.7688888,-0.83 1.37 9.12,300 4 107,26
14,01110011,00000000,0.7485962 0.27764893 -0.016113281 -0.60180664,0.41777778 0.8411111 -1.6733333,-0.78 1.78 8.56,300 4 108,26
15,01110011,00000000,0.7380371 0.27111816 0.00030517578 -0.6178589,-1.2355555 0.018888889 -1.5866667,-1.14 1.73 8.64,300 4 109,26
16,01110011,00000000,0.7312622 0.2454834 0.016906738 -0.6361084,-2.2322223 -0.94777775 -1.5455556,-1.59 1.43 9.06,300 4 110,26
17,01110011,00000000,0.7248535 0.1829834 0.031066895 -0.6633911,-2.8744445 -2.0988889 -1.5033333,126.28 0.76 9.86,300 8 111,26
18,01110011,00000000,0.71917725 0.12207031 0.032836914 -0.6832886,-3.0544446 -3.1944444 -1.4055556,-0.82 -0.05 10.69,300 12 112,26
19,01110011,00000000,0.71136475 0.05822754 0.029907227 -0.69976807,-2.9333334 -3.3433332 -1.29,0.09 -0.26 11.09,300 16 113,26
20,01110011,00000000,0.6980591 -0.023132324 0.02557373 -0.71520996,-2.8022223 -3.1488888 -1.1611111,0.3 -0.24 11.23,295 20 114,26
21,01110011,00000000,0.68634033 -0.080566406 0.021240234 -0.72247314,-2.508889 -3.0722222 -1.0144445,-0.1 -0.47 11.1,290 23 115,26
22,01110011,00000000,0.67388916 -0.13421631 0.012451172 -0.7263794,-2.03 -3.0966666 -0.91888887,-0.09 -0.85 10.54,285 26 116,26
23,01110011,00000000,0.65808105 -0.1918335 -0.0056762695 -0.72802734,-1.3344444 -2.7722223 -0.8155556,0.66 -1.22 9.78,280 29 117,26
24,01110011,00000000,0.64886475 -0.21643066 -0.019165039 -0.72924805,-0.57 -1.8833333 -0.7,1.72 -1.21 8.93,276 32 117,26
25,01110011,00000000,0.6408081 -0.22180176 -0.027160645 -0.7324829,0.25 16.78111 -21.902222,1.97 -0.98 8.59,272 35 117,26
26,01110011,00000000,0.6407471 -0.20025635 -0.027160645 -0.7406616,0.77444446 1.1422222 -0.37333333,1.73 -1.01 8.86,268 38 117,26
27,01110011,00000000,0.642395 -0.16522217 -0.022521973 -0.74798584,1.3433334 2.15 -0.24222222,0.98 -1.11 9.43,279 23 117,26
28,01110011,00000000,0.6456299 -0.1182251 -0.017700195 -0.7542114,2.0544446 2.9188888 -0.09111111,0.46 -0.89 10.12,290 3 118,26
29,01110011,00000000,0.6491089 -0.06341553 -0.013061523 -0.75787354,2.3322222 3.2522223 0.02,0.34 -0.51 10.49,287 4 118,26
30,01110011,00000000,0.6525879 0.015808105 -0.002746582 -0.75756836,2.2966666 3.5744445 0.14888889,0.36 0.08 10.89,285 4 118,26
31,01110011,00000000,0.65411377 0.076171875 0.010314941 -0.7524414,1.9844445 3.8533332 0.32777777,-0.01 0.22 10.94,283 4 118,26
32,01110011,00000000,0.6546631 0.13348389 0.024841309 -0.7435913,1.8011111 3.6333334 0.43444446,-0.77 0.11 10.75,281 4 118,26
33,01110011,00000000,0.6543579 0.19763184 0.038269043 -0.72888184,1.6422222 2.9622223 0.49888888,-1.39 0.25 10.06,279 4 118,26
34,01110011,00000000,0.65448 0.23187256 0.04156494 -0.7183838,1.2455555 1.7344445 0.5477778,-211.44 -2.53 -0.01,277 4 118,26
35,01110011,00000000,0.6565552 0.25170898 0.04095459 -0.70983887,0.6722222 0.7888889 0.5777778,-1.46 0.97 9.22,276 4 118,26
36,01110011,00000000,0.6643677 0.25421143 0.038146973 -0.7017822,-0.05666667 -0.05111111 0.6122222,-1.34 1.11 8.95,277 4 118,26
37,01110011,00000000,0.67840576 0.2111206 0.032043457 -0.7029419,-1.02 -1.1877778 0.6533333,-1.45 1 9.15,286 4 117,26
38,01110011,00000000,0.6899414 0.17926025 0.027160645 -0.7007446,-1.6566666 -2.1055555 0.68777776,-1.56 0.88 9.52,294 8 114,26
39,01110011,00000000,0.7067261 0.114746094 0.016052246 -0.69799805,-2.1877778 -2.9144444 0.73444444,-1.09 0.51 10.18,300 12 111,26
40,01110011,00000000,0.7183838 0.055725098 0.006713867 -0.6933594,-2.6655555 -3.3855555 0.8411111,-0.32 0.17 10.52,300 16 108,26
41,01110011,00000000,0.7284546 -0.0052490234 -6.1035156E-05 -0.68499756,-2.828889 -3.2 0.94555557,0.26 -0.12 10.81,295 20 105,26
42,01110011,00000000,0.734375 -0.08203125 -0.0031738281 -0.668396,-2.8311112 -2.828889 17.634445,0.28 -0.51 10.76,290 24 102,26
43,01110011,00000000,0.74572754 -0.13366699 -0.0030517578 -0.65270996,-2.5566666 -2.4088888 1.1522223,0.22 -0.76 10.39,286 28 98,26
44,01110011,00000000,0.75146484 -0.1784668 -0.0025634766 -0.63513184,-2.1633334 -2.0633333 1.221111,0.49 -0.99 9.73,282 31 94,26
45,01110011,00000000,0.76013184 -0.22149658 -0.0005493164 -0.6107788,-1.5855556 -1.4988889 1.2922223,0.87 -1.26 9.39,278 34 90,26
46,01110011,00000000,0.7692261 -0.23602295 0.0037231445 -0.59375,-0.54444444 -0.35555556 1.3877778,1.27 -1.47 8.93,274 37 86,26
47,01110011,00000000,0.7813721 -0.23284912 0.010986328 -0.5788574,0.38333333 0.57666665 1.4588889,1.29 -1.59 9,270 40 81,26
48,01110011,00000000,0.79730225 -0.20843506 0.019470215 -0.5661011,1.3333334 1.3166667 1.5244445,0.88 -1.57 9.38,268 37 76,26
49,01110011,00000000,0.8204346 -0.15795898 0.027526855 -0.5487671,2.5666666 1.7188889 1.5788889,0.15 -1.46 10.05,290 14 71,26
50,01110011,00000000,0.8378906 -0.10797119 0.026916504 -0.53430176,3.2877777 1.6544445 1.601111,-0.12 -1.04 10.57,300 4 70,26
51,01110011,00000000,0.85821533 -0.03363037 0.018310547 -0.51190186,3.671111 1.53 1.6266667,-0.01 -0.47 -0.01,300 4 71,26
52,01110011,00000000,0.87005615 0.023071289 0.010314941 -0.49224854,3.6788888 1.4944445 1.6766666,0.03 0 10.9,300 4 72,26
53,01110011,00000000,0.8790283 0.07745361 0.0026855469 -0.4703369,3.4766667 1.3966666 1.7133334,-0.18 0.18 10.71,300 4 73,26
54,01110011,00000000,0.8874512 0.14050293 -0.010192871 -0.43884277,3.14 1.0277778 1.7333333,-0.69 0.44 10.34,300 4 74,26
55,01110011,00000000,0.89227295 0.17584229 -0.024108887 -0.41503906,2.3733332 0.2611111 1.7477778,-0.82 0.97 9.66,300 4 75,26
56,01110011,00000000,0.897583 0.19744873 -0.040222168 -0.39215088,1.4744444 -0.23111111 1.76,-0.65 1.44 9.17,300 4 74,26
57,01110011,00000000,0.90789795 0.20202637 -0.05859375 -0.36260986,0.3611111 -0.47555557 1.7977778,-0.23 1.65 8.73,300 8 67,26
58,01110011,00000000,0.9189453 0.18743896 -0.06591797 -0.34057617,-0.81 -0.47777778 1.8455555,0 1.55 8.85,300 12 61,26
59,01110011,00000000,0.9219971 0.15911865 -0.066101074 -0.3182373,-2.25 -0.27 1.9133333,-0.01 1.44 9.2,300 16 55,26
60,01110011,00000000,0.95080566 0.10168457 -0.055725098 -0.28735352,-3.1933334 -0.09555556 1.9455556,-0.14 0.96 9.82,300 20 49,26
61,01110011,00000000,0.96258545 0.048706055 -0.042297363 -0.26324463,-3.8133333 0.046666667 1.9611111,-0.12 0 10.4,300 24 43,26
62,01110011,00000000,0.97088623 -0.006225586 -0.02520752 -0.23809814,-3.9766667 0.3422222 1.9566667,0.05 -0.47 10.64,296 28 37,26
63,01110011,00000000,0.97546387 -0.057922363 -0.00390625 -0.2121582,-3.7322223 0.71 1.9477777,0.2 -0.79 10.73,292 26 31,26
64,01110011,00000000,0.9767456 -0.116882324 0.030822754 -0.17706299,-3.338889 1.0866667 1.9411111,-0.01 -0.93 10.51,288 15 25,26
65,01110011,00000000,0.9749756 -0.15222168 0.05847168 -0.15106201,-2.6477778 1.2522222 1.9033333,-0.45 -1.11 10.16,284 4 23,26
66,01110011,00000000,0.9724121 -0.17834473 0.08306885 -0.12548828,-1.9277778 1.0555556 1.8622222,-0.75 -1.4 9.84,280 4 25,26
67,01110011,00000000,0.97076416 -0.19464111 0.10571289 -0.09240723,-0.99222225 0.67 1.8155556,-0.78 -1.81 9.66,276 4 27,26
68,01110011,00000000,0.9727173 -0.19018555 0.113586426 -0.068847656,0.47 0.08 1.7411112,-0.76 -1.83 -172.08,16 4 29,26
69,01110011,00000000,0.97772217 -0.17077637 0.11315918 -0.04650879,1.471111 -0.39666668 1.6766666,-0.74 -1.57 9.56,268 4 30,26
70,01110011,00000000,0.9864502 -0.12805176 0.10089111 -0.018310547,2.268889 -0.93 1.6066667,-0.83 -1.22 9.99,285 4 27,26
71,01110011,00000000,0.9928589 -0.08703613 0.081604004 0.0017700195,2.8844445 -1.7144444 1.5022222,-0.86 -0.71 10.35,300 4 24,26
72,01110011,00000000,0.9973755 -0.04345703 0.054016113 0.021484375,2.9377778 -2.23 1.4288889,-0.74 -0.24 10.59,300 7 19,26
73,01110011,00000000,0.99884033 0.0107421875 0.008117676 0.04663086,2.6766667 -2.6 1.3633333,-0.23 -0.01 10.68,300 10 15,26
74,01110011,00000000,0.9963989 0.04675293 -0.02722168 0.06500244,2.297778 -2.55 1.3411111,0.1 0.09 10.44,300 13 11,26
75,01110011,00000000,0.9916992 0.07733154 -0.060424805 0.08319092,1.8922222 -2.3211112 1.3444444,0.33 0.33 10,300 16 8,26
76,01110011,00000000,0.9837036 0.0010375977 0.00024414062 -0.014770508,1.3022223 -1.9644444 1.3644445,0.59 0.79 9.4,300 19 5,26
77,01110011,00000000,0.97821045 0.11315918 -0.12011719 0.12542725,0.55444443 -1.4688889 1.4033333,0.89 1.03 9.08,300 22 4,26
78,01110011,00000000,0.9744873 0.10858154 -0.13378906 0.1439209,-0.48444444 -0.5288889 1.4677777,1.06 0.98 8.93,300 25 4,26
79,01110011,00000000,0.97229004 0.085876465 -0.1359253 0.1696167,-1.0833334 0.34111112 1.5188888,1.24 0.74 8.95,298 28 4,26
80,01110011,00000000,0.97229004 0.058532715 -0.123413086 0.18969727,-1.6277778 1.6222222 1.5722222,1.27 0.37 9.26,293 31 4,26
81,01110011,00000000,0.972229 0.025512695 -0.09887695 0.21032715,-1.7777778 2.4566667 1.5977777,0.93 0 9.79,289 20 4,26
82,01110011,00000000,0.96972656 -0.020874023 -0.05291748 0.23742676,-1.7077777 2.9744444 1.5977777,0.29 -0.29 10.28,285 3 5,26
83,01110011,00000000,0.96484375 -0.05328369 -0.013916016 0.2567749,-1.4088889 3.171111 1.5711111,-0.2 -0.43 10.7,281 4 8,26
84,01110011,00000000,0.95758057 -0.081970215 0.026245117 0.2750244,-1.1266667 3.1544445 1.5388889,-0.33 -0.49 10.73,277 4 11,26
85,01110011,00000000,0.9447632 -0.11248779 0.07989502 0.29742432,-0.79333335 3.0544446 1.5,-0.41 -0.56 10.61,382 642 6911,26
86,01110011,00000000,0.9338379 -0.12774658 0.117614746 0.3126831,-0.25111112 2.6011112 1.4366666,-0.91 -0.67 10.17,269 4 17,26
87,01110011,00000000,0.9234619 -0.13452148 0.14880371 0.3270874,0.15 1.8844445 1.3666667,-1.33 -0.6 9.92,265 4 20,26
88,01110011,00000000,0.9130249 -0.1303711 0.17321777 0.34558105,0.44444445 0.8933333 1.2744445,-1.66 -0.46 9.66,261 4 23,26
89,01110011,00000000,0.91174316 -0.10949707 0.16357422 0.3604126,0.73333335 -0.56 1.1311111,-1.68 -0.44 9.57,258 4 25,26
90,01110011,00000000,0.9122925 -0.08312988 0.14245605 0.3748169,0.87333333 -1.5344445 1.0266666,-1.46 -0.32 9.63,263 4 24,26
91,01110011,00000000,0.9118042 -0.049865723 0.11199951 0.39190674,0.86333334 -2.3233333 0.9344444,-1.15 -0.09 9.84,271 4 22,26
92,01110011,00000000,0.91119385 -0.02368164 0.07873535 0.40368652,0.66888887 -2.8933334 0.85555553,-0.75 0.19 10.17,283 4 19,26
93,01110011,00000000,0.90930176 0.0005493164 0.00091552734 -0.015380859,0.2588889 -3.318889 0.78333336,-0.51 0.22 10.42,298 8 14,26
94,01110011,00000000,0.90405273 0.028625488 -0.019592285 0.4260254,-0.0022222223 -3.4266667 0.7366667,-0.25 0.08 10.46,300 12 10,26
95,01110011,00000000,0.89782715 0.046081543 -0.06378174 0.43328857,-0.19 -3.3255556 0.71,0.18 0.04 10.3,298 16 6,26
96,01110011,00000000,0.89019775 0.05859375 -0.1048584 0.43945312,-0.4811111 -2.8266666 0.69555557,0.63 0.12 9.98,294 20 4,26
97,01110011,00000000,0.8821411 0.064575195 -0.13964844 0.44500732,-0.69555557 -2.1566668 0.70111114,1.03 0.04 9.61,289 24 4,26
98,01110011,00000000,0.8727417 0.061401367 -0.17163086 0.45269775,-0.82666665 -1.3088889 0.7122222,1.28 -0.07 9.26,285 28 4,26
99,01110011,00000000,0.8678589 0.05126953 -0.18261719 0.45916748,-0.85888886 -0.07 0.7222222,1.34 -0.23 9.22,281 31 4,26
100,01110011,00000000,0.8703003 0.030456543 -0.1463623 0.46923828,-0.77 0.83666664 0.72333336,1.25 -0.35 9.28,277 34 4,26
101,01110011,00000000,0.8688965 0.0040893555 -0.11810303 0.48059082,-0.5655556 1.6866666 0.7188889,1.07 -0.6 9.55,273 30 4,26
102,01110011,00000000,0.8675537 -0.016662598 -0.089660645 0.48876953,-0.12111111 2.6388888 0.7033333,0.74 -0.67 10,269 213 8447,26
103,01110011,00000000,0.8657837 -0.0368042 -0.05230713 0.49627686,0.2 3.0744445 0.68222225,0.39 -0.54 10.17,265 4 6,26
104,01110011,00000000,0.86138916 -0.06085205 0.004638672 0.5042114,0.44444445 3.218889 0.6488889,-0.15 -0.43 10.49,261 4 9,26
105,01110011,00000000,0.85650635 -0.07501221 0.048461914 0.50823975,0.75555557 3.0755556 0.5877778,-0.45 -0.44 10.58,258 4 12,26
106,01110011,00000000,0.85076904 -0.08428955 0.09063721 0.5107422,0.97555554 2.758889 0.52555555,-0.72 -0.4 10.46,255 4 15,26
107,01110011,00000000,0.84277344 -0.08850098 0.14019775 0.5120239,1.1244445 2.2877777 0.46444446,-0.92 -0.25 10.07,253 4 18,26
108,01110011,00000000,0.8378296 -0.085510254 0.16894531 0.5119629,1.1822222 1.4033333 0.35666665,-1.21 -0.07 9.82,251 4 21,26
109,01110011,00000000,0.83477783 -0.07757568 0.18780518 0.5116577,1.0833334 0.57555556 0.26777777,-1.38 0.13 9.6,250 4 24,26
110,01110011,00000000,0.8375244 -0.05621338 0.17932129 -0.014526367,0.87666667 -0.32222223 0.1711111,-1.42 0.27 9.58,250 4 26,26
111,01110011,00000000,0.8447876 -0.032165527 0.13879395 0.5157471,0.51111114 -1.4788889 0.046666667,-1.35 0.31 9.61,257 4 27,26
112,01110011,00000000,0.8487549 -0.01361084 0.114990234 0.51586914,0.18555556 -2.2133334 -0.036666665,-1.08 0.37 9.78,263 4 27,26
113,01110011,00000000,0.8543701 0.010559082 0.07128906 0.5145874,-0.14666666 -2.731111 -0.10222222,-0.73 0.34 10,265 4 27,26
114,01110011,00000000,0.8577881 0.027038574 0.031982422 0.51220703,-0.5088889 -3.008889 -0.16777778,-0.23 0.23 10.27,261 8 25,26
115,01110011,00000000,0.8600464 0.04046631 -0.009399414 0.5085449,-0.7633333 -2.9677777 -0.19666667,0.02 0.22 10.31,258 12 23,26
116,01110011,00000000,0.8609619 0.052490234 -0.06427002 0.50177,-0.9633333 -2.79 -0.2211111,0.24 0.08 10.28,255 16 21,26
117,01110011,00000000,0.8605957 0.057250977 -0.10229492 0.4956665,-1.1044445 -2.3566666 -0.23777778,0.56 -0.02 9.96,252 20 20,26
118,01110011,00000000,0.85980225 0.057800293 -0.13494873 0.48901367,-1.16 -1.8377777 -0.24444444,0.91 -0.08 9.66,249 24 19,26
119,01110011,00000000,0.8597412 0.05102539 -0.16571045 0.4804077,-1.1633333 -1.1244445 -0.24222222,1.11 -0.2 9.48,246 28 255,26
120,01110011,00000000,0.86138916 0.040100098 -0.17645264 0.47460938,-1.0544444 0.015555556 -0.23222223,1.25 -0.36 9.34,243 31 17,26
121,01110011,00000000,0.8695679 0.020019531 -0.14154053 0.47265625,-0.87222224 0.86 -0.22888888,1.19 -0.5 9.38,240 34 16,26
122,01110011,00000000,0.87664795 -0.0045776367 -0.11016846 0.46826172,-0.6122222 1.6133333 -0.23111111,0.94 -0.63 9.56,237 23 15,26
123,01110011,00000000,0.8812866 -0.022583008 -0.084350586 0.4644165,-0.18222222 2.39 -0.24555555,0.57 -0.63 9.87,234 3 16,26
124,01110011,00000000,0.885437 -0.039855957 -0.05126953 0.460083,0.075555556 2.741111 -0.25555557,0.22 -0.52 10.12,231 4 19,26
125,01110011,00000000,0.8895874 -0.060058594 -0.0008544922 0.4527588,0.30222222 2.9 -0.2777778,-0.06 -0.56 10.3,228 4 22,26
126,01110011,00000000,0.8912964 -0.07165527 0.03894043 0.44604492,0.55222225 2.8888888 -0.30666667,-0.4 -0.53 10.41,226 4 25,26
127,01110011,00000000,0.8920288 -0.07922363 0.07800293 0.43804932,0.83555555 2.6277778 -0.35444444,-0.6 -0.44 10.32,224 4 28,26
128,01110011,00000000,0.892334 -0.08270264 0.12402344 0.4260254,0.97444445 2.2266667 -0.40111113,-0.8 -0.36 10.15,222 4 31,26
129,01110011,00000000,0.89312744 -0.079833984 0.15081787 0.41619873,1.0711111 1.648889 -0.45222223,-1.13 -0.22 9.88,221 4 34,26
130,01110011,00000000,0.8952637 -0.072265625 0.1685791 0.40600586,1.12 0.67333335 -0.5411111,-1.26 -0.13 9.69,220 4 37,26
131,01110011,00000000,0.90844727 -0.04034424 0.12988281 0.39508057,1.0822222 -0.11333334 -0.61,-1.31 0 9.68,221 4 39,26
132,01110011,00000000,0.9159546 -0.020812988 0.10900879 0.38549805,0.99777776 -0.86777776 -0.67444444,-1.14 0.09 9.71,229 4 40,26
133,01110011,00000000,0.92266846 -0.0018310547 0.090026855 0.3748169,0.7366667 -1.971111 -0.77111113,-1.02 0.19 9.86,245 4 40,26
134,01110011,00000000,0.9293823 0.01727295 0.06262207 0.36328125,0.5222222 -2.4677777 -0.8111111,-0.78 0.23 10.05,263 8 39,26
135,01110011,00000000,0.93688965 0.041015625 0.01739502 0.34674072,0.31 -2.7566667 -0.8377778,-0.36 0.23 10.23,275 12 38,26
136,01110011,00000000,0.94085693 0.05609131 -0.019042969 0.33343506,0.035555556 -2.7922223 -0.84555554,-0.07 0.2 10.23,281 16 38,26
137,01110011,00000000,0.94348145 0.06762695 -0.0546875 0.31976318,-0.17 -2.6033332 -0.83111113,0.16 0.22 10.2,280 20 38,26
138,01110011,00000000,0.94537354 0.07635498 -0.098083496 0.30126953,-0.39 -2.3122222 -0.8144444,0.45 0.22 9.95,276 24 38,26
139,01110011,00000000,0.94628906 0.07745361 -0.12536621 0.28753662,-0.6722222 -1.7355555 -0.78,0.65 0.17 9.74,272 27 38,26
140,01110011,00000000,0.9475708 0.07366943 -0.1459961 0.274292,-0.8477778 -1.1511111 -0.74666667,0.87 0.11 9.55,268 30 38,26
141,01110011,00000000,0.95080566 0.061035156 -0.16033936 0.25775146,-1.0044445 -0.45333335 -0.7122222,1.07 0.09 9.4,264 33 38,26
142,01110011,00000000,0.9595947 0.03692627 -0.12817383 0.2477417,-1.19 0.5466667 -0.66,1.06 0.01 9.42,260 36 38,26
143,01110011,00000000,0.9649048 0.016357422 -0.110839844 0.23742676,-1.2422222 1.2533333 -0.63,0.99 -0.13 9.5,256 34 39,26
144,01110011,00000000,0.97088623 -0.012084961 -0.083618164 0.22406006,-1.18 1.8666667 -0.60444444,0.59 -0.46 9.9,253 12 40,26
145,01110011,00000000,0.97473145 -0.032470703 -0.055358887 0.2140503,-0.9255555 2.37 -0.59,0.3 -0.55 10.03,250 4 42,26
146,01110011,00000000,0.977417 -0.05029297 -0.0234375 0.20397949,-0.7 2.5277777 -0.58666664,0.03 -0.55 10.22,247 4 45,26
147,01110011,00000000,0.9790039 -0.06970215 0.021362305 0.19012451,-0.49333334 2.5611112 -0.5833333,-0.12 -0.51 10.29,244 4 48,26
148,01110011,00000000,0.9789429 -0.080078125 0.054748535 0.17944336,-0.16333333 2.44 -0.58666664,-0.39 -0.63 10.27,241 4 50,26
149,01110011,00000000,0.97821045 -0.085632324 0.085876465 0.16845703,0.15666667 2.171111 -0.5966667,-0.67 -0.67 10.11,238 4 52,26
150,01110011,00000000,0.9772949 -0.084472656 0.1194458 0.15325928,0.47777778 1.7144444 -0.6155556,-0.88 -0.63 9.95,235 4 54,26
151,01110011,00000000,0.97753906 -0.07745361 0.13562012 0.14154053,0.8411111 0.8788889 -0.66,-1.12 -0.53 9.84,233 4 56,26
152,01110011,00000000,0.9822998 -0.05670166 0.1227417 0.12976074,1.0822222 0.20333333 -0.6933333,-1.13 -0.49 9.8,232 4 58,26
153,01110011,00000000,0.9844971 -0.02911377 0.10119629 0.113464355,1.2988889 13.368889 -21.333334,-1.01 -0.48 9.83,235 4 60,26
154,01110011,00000000,0.9909668 -0.0079956055 0.08831787 0.1005249,1.4988889 -1.1844444 -0.80444443,-0.94 -0.32 9.94,255 4 61,26
155,01110011,00000000,0.9937134 0.014587402 0.068847656 0.08703613,1.5211111 -1.6755556 -0.8422222,-0.83 -0.07 10.03,288 7 62,26
156,01110011,00000000,0.9961548 0.043518066 0.03387451 0.06817627,1.4022223 -2.0455556 -0.86333334,-0.71 0.14 10.14,300 10 64,26
157,01110011,00000000,0.99664307 0.06201172 0.003540039 0.053771973,1.0933334 -2.298889 -0.86777776,-0.32 0.28 10.18,300 13 66,26
158,01110011,00000000,0.99591064 0.07678223 -0.027648926 0.039367676,0.83111113 -2.2833333 -0.85333335,-0.03 0.29 10.1,300 16 68,26
159,01110011,00000000,0.99346924 0.09020996 -0.066589355 0.020812988,0.5588889 -2.1188889 -0.8244445,0.13 0.31 10,300 19 70,26
160,01110011,00000000,0.991272 0.09472656 -0.09173584 0.007446289,0.23111111 -1.8577778 -0.78555554,0.38 0.48 9.71,300 22 72,26
161,01110011,00000000,0.99072266 0.087524414 -0.103637695 -0.0052490234,-0.29555556 -1.3711112 -0.72333336,0.5 0.53 9.58,300 25 74,26
162,01110011,00000000,0.99401855 0.057434082 -0.09020996 -0.020751953,-0.70666665 -0.91 -0.67,-252.79 -0.02 -0.01,295 28 76,26
163,01110011,00000000,0.9953613 0.037963867 -0.08312988 -0.031188965,-1.0555556 -0.37888888 -0.61777776,0.78 0.34 9.5,290 31 78,26
164,01110011,00000000,0.99609375 0.018493652 -0.07556152 -0.04071045,-1.4755555 0.40444446 -0.5511111,0.84 0.27 9.53,285 34 80,26
165,01110011,00000000,0.9968872 -0.011474609 -0.056762695 -0.05255127,-1.7055556 0.9911111 -0.50333333,0.73 0.02 9.71,280 34 82,26
166,01110011,00000000,0.99694824 -0.034973145 -0.034973145 -0.06085205,-1.7644445 1.4511111 -0.46444446,0.45 -0.25 9.9,276 17 84,26
167,01110011,00000000,0.9960327 -0.056518555 -0.008972168 -0.06878662,-1.5722222 1.8177778 -0.43555555,0.14 -0.57 10.15,272 3 86,26
168,01110011,00000000,0.9940796 -0.07446289 0.019226074 -0.076538086,-1.3133334 1.9533334 -0.42222223,0.02 -0.63 10.23,268 4 87,26
169,01110011,00000000,0.9902344 -0.09197998 0.057800293 -0.08666992,-1.03 2.0033333 -0.41,-0.12 -0.62 10.2,264 4 88,26
170,01110011,00000000,0.9845581 -0.10003662 0.08581543 -0.09423828,-0.61 1.9244444 -5.688889,-0.31 -0.7 10.09,260 4 89,26
171,01110011,00000000,0.98321533 -0.10296631 0.110839844 -0.101989746,-0.20888889 1.7044444 -0.3988889,-0.57 -0.8 10,256 4 90,26
172,01110011,00000000,0.97943115 -0.097961426 0.13568115 -0.1126709,0.25 1.3333334 -0.40888888,-0.79 -0.84 9.89,252 4 91,26
173,01110011,00000000,0.9819336 -0.07373047 0.12420654 -0.12188721,0.8388889 0.6766667 -0.4377778,-0.85 -0.73 9.86,249 4 92,26
174,01110011,00000000,0.9848633 -0.046936035 0.103515625 -0.13104248,1.1833333 0.15555556 -0.46222222,-0.86 -0.65 9.88,248 4 93,26
175,01110011,00000000,0.9857178 -0.01940918 0.08679199 -0.14282227,1.5066667 -0.34333333 -0.4911111,-0.82 -0.59 9.96,252 4 94,26
176,01110011,00000000,0.9857178 0.0031738281 0.0715332 -0.15209961,1.8422222 -0.95111114 -0.52555555,-0.76 -0.46 10.02,284 7 95,26
177,01110011,00000000,0.9852295 0.026611328 0.05053711 -0.16156006,1.8922222 -1.3111111 -0.5377778,-0.67 -0.11 10.09,300 10 96,26
178,01110011,00000000,0.98309326 0.05432129 0.016723633 -0.17401123,1.7344445 -1.5744444 -0.5411111,-0.46 0.27 10.12,300 13 96,26
179,01110011,00000000,0.9805298 0.070129395 -0.010620117 -0.1829834,1.3355556 -1.7588888 -0.5188889,-0.27 -2.2 -0.01,300 16 97,26
180,01110011,00000000,0.97735596 0.08135986 -0.03778076 -0.19152832,1.0233333 -1.7666667 -0.49222222,-0.08 0.31 9.95,300 19 98,26
181,01110011,00000000,0.97320557 0.085876465 -0.06750488 -0.20220947,0.7077778 -1.6577778 -0.45333335,0.14 0.44 9.77,300 22 99,26
182,01110011,00000000,0.97210693 0.074035645 -0.073913574 -0.20965576,0.16222222 -1.3766667 -0.38555557,0.31 0.58 9.6,300 25 100,26
183,01110011,00000000,0.97180176 0.05834961 -0.07336426 -0.2163086,-0.32777777 -1.0644444 -0.3288889,0.44 0.64 9.52,300 28 101,26
184,01110011,00000000,0.97143555 0.036621094 -0.07055664 -0.22351074,-0.8 -0.6755555 -0.27,0.54 0.56 9.5,295 31 102,26
185,01110011,00000000,0.97125244 0.018920898 -0.06561279 -0.2277832,-1.3488889 -0.05 -0.18666667,0.68 0.46 9.54,290 34 103,26
186,01110011,00000000,0.9713135 -0.0014648438 -0.054870605 -0.2312622,-1.6888889 0.45444444 -0.12888889,0.64 0.23 9.67,285 37 104,26
187,01110011,00000000,0.9688721 -0.03137207 -0.031677246 -0.23468018,-1.8522222 0.89444447 -0.07777778,0.47 -0.1 9.84,281 33 105,26
188,01110011,00000000,0.9701538 -0.052246094 -0.008666992 -0.2364502,-1.7611111 1.3155556 -0.027777778,0.23 -0.44 10.05,277 18 106,26
189,01110011,00000000,0.9686279 -0.06976318 0.016906738 -0.23773193,-1.5433333 1.5211111 0.0011111111,0.1 -0.55 10.13,273 3 107,26
190,01110011,00000000,0.96569824 -0.08666992 0.052734375 -0.23895264,-1.2766666 1.6455555 0.025555555,-0.03 -0.59 10.15,269 4 108,26
191,01110011,00000000,0.96313477 -0.093322754 0.07836914 -0.23962402,-0.8666667 1.6655556 0.054444443,-0.24 -0.68 10.05,265 4 109,26
192,01110011,00000000,0.9609375 -0.093933105 0.1003418 -0.24023438,-0.47777778 1.5411111 0.06555556,-0.47 -0.8 9.97,261 4 110,26
193,01110011,00000000,0.9584961 -0.088256836 0.123535156 -0.24127197,0.14888889 1.1633333 0.064444445,-0.63 -0.87 9.94,257 4 111,26
194,01110011,00000000,0.9611206 -0.06488037 0.11315918 -0.24334717,0.6155556 0.75666666 0.052222222,-0.76 -0.76 9.88,253 4 112,26
195,01110011,00000000,0.96398926 -0.040039062 0.0949707 -0.2453003,1.1055555 0.14888889 0.033333335,-0.78 -0.67 9.87,251 4 113,26
196,01110011,00000000,0.9656372 -0.014221191 0.077697754 -0.2475586,1.4588889 -0.32444444 0.012222222,-0.79 -0.68 317.14,0 4 113,26
197,01110011,00000000,0.9664917 0.0064697266 0.06072998 -0.24914551,1.72 -0.76666665 -0.0055555557,-0.73 -0.41 10,288 7 113,26
198,01110011,00000000,0.9667969 0.026916504 0.03881836 -0.25091553,1.7611111 -1.23 -0.016666668,-0.61 -0.06 10.04,300 10 113,26
199,01110011,00000000,0.9661865 0.049438477 0.005065918 -0.25286865,1.5566666 -1.4588889 -0.01,-0.44 0.23 10.05,300 13 113,26
200,01110011,00000000,0.96502686 0.060913086 -0.021362305 -0.2538452,1.25 -1.5955555 0.011111111,-0.23 0.3 10,300 16 113,26
201,01110011,00000000,0.9636841 0.066833496 -0.045959473 -0.25439453,0.8622222 -1.62 0.05,-0.11 0.23 9.95,300 19 113,26
202,01110011,00000000,0.9628906 0.061340332 -0.06518555 -0.25457764,0.56 -1.5222223 0.09111111,0.07 0.31 9.84,300 22 113,26
203,01110011,00000000,0.9633179 0.05090332 -0.06982422 -0.25402832,0.16333333 -1.3177778 0.13666667,0.27 0.53 9.65,300 25 113,26
204,01110011,00000000,0.96417236 0.00030517578 0.00024414062 -0.008850098,-0.4377778 -0.8833333 0.21666667,0.45 0.53 9.53,300 28 113,26
205,01110011,00000000,0.96533203 0.024902344 -0.06866455 -0.2503662,-0.83 -0.4488889 0.27222222,0.59 0.42 9.52,295 31 113,26
206,01110011,00000000,0.96746826 0.0043945312 -0.05847168 -0.24597168,-1.1933334 0.05888889 0.33333334,0.67 0.37 9.55,290 34 112,26
207,01110011,00000000,0.96917725 -0.0134887695 -0.0446167 -0.24188232,-1.5388889 0.7211111 0.40222222,0.53 0.11 9.76,285 37 111,26
208,01110011,00000000,0.97058105 -0.032287598 -0.025512695 -0.23699951,-1.5855556 1.1033334 0.44555557,0.36 -0.22 9.9,281 28 110,26
209,01110011,00000000,0.9717407 -0.053588867 0.0061035156 -0.2296753,-1.4444444 1.3833333 0.47666666,0.17 -0.49 10.07,277 7 109,26
210,01110011,00000000,0.9719238 -0.06500244 0.032165527 -0.22375488,-1.1111112 1.62 0.50555557,0.08 -0.54 10.12,273 4 109,26
211,01110011,00000000,0.9715576 -0.072387695 0.058898926 -0.21759033,-0.85444444 1.6933334 0.5288889,-0.08 -0.5 10.12,269 4 110,26
212,01110011,00000000,0.9711304 -0.0725708 0.08831787 -0.20922852,-0.5777778 1.6577778 0.5411111,-0.33 -0.59 10.06,265 4 111,26
213,01110011,00000000,0.97039795 -0.07067871 0.10992432 -0.20281982,-0.10222222 1.3822222 0.5477778,-0.57 -0.69 9.98,473 -527 -2561,26
214,01110011,00000000,0.97021484 -0.064331055 0.12573242 -0.19677734,0.29222223 0.9988889 0.53444445,-0.73 -0.67 9.96,257 4 111,26
215,01110011,00000000,0.97509766 -0.038391113 0.107543945 -0.19012451,0.62222224 0.52555555 0.5144445,-0.79 -0.52 9.87,254 4 111,26
216,01110011,00000000,0.97821045 -0.021728516 0.091308594 -0.1850586,0.9688889 -0.15333334 0.4811111,-0.82 -0.56 9.91,253 4 111,26
217,01110011,00000000,0.98065186 -0.0068359375 0.076293945 -0.18011475,1.21 -0.6522222 0.45555556,-0.8 -0.53 9.92,271 6 109,26
218,01110011,00000000,0.98327637 0.014465332 0.051574707 -0.17370605,1.3366667 -1.1066667 0.4311111,-0.75 -0.28 9.96,296 10 107,26
219,01110011,00000000,0.9847412 0.028869629 0.028015137 -0.16900635,1.2066667 -1.5444444 0.41777778,-0.53 0.1 9.98,300 13 105,26
220,01110011,00000000,0.98565674 0.039489746 0.0018310547 -0.16412354,0.9311111 -1.721111 0.42333335,-0.32 0.28 10,300 16 104,26
221,01110011,00000000,0.9859009 0.046875 0.00024414062 -0.010070801,0.6344444 -1.7755556 0.4422222,-0.13 0.23 9.99,300 19 103,26
222,01110011,00000000,0.9857178 0.046691895 -0.056152344 -0.1515503,0.35 -1.6733333 0.4722222,0.08 0.13 9.88,300 22 102,26
223,01110011,00000000,0.9859619 0.04168701 -0.0703125 -0.14550781,0.101111114 -1.4833333 0.50555557,0.21 0.3 9.75,300 25 101,26
224,01110011,00000000,0.9859619 0.03289795 -0.08959961 -0.13665771,-0.23777778 -1.19 0.5477778,0.43 0.35 9.64,300 28 100,26
225,01110011,00000000,0.9869385 0.022033691 -0.09313965 -0.12939453,-0.62333333 -0.60888886 0.6077778,0.66 0.22 9.56,295 31 99,26
226,01110011,00000000,0.9890747 0.009033203 -0.08251953 -0.12164307,-0.8388889 -0.07444444 0.65,0.75 0.16 9.56,290 34 97,26
227,01110011,00000000,0.99176025 -0.008056641 -0.06506348 -0.11016846,-0.99 0.50333333 0.69222224,0.76 0.04 9.63,286 37 95,26
228,01110011,00000000,0.9935303 -0.021057129 -0.047424316 -0.10095215,-1.028889 1.0233333 0.7266667,0.51 -0.23 9.8,282 33 93,26
229,01110011,00000000,0.9949341 -0.03265381 -0.026062012 -0.09136963,-0.86333334 1.4966667 0.75666666,0.26 -0.41 9.95,278 15 91,26
230,01110011,00000000,0.9959717 -0.043029785 0.006713867 -0.078186035,-0.6422222 1.6777778 0.77,0.05 -0.46 10.04,274 7 255,26
231,01110011,00000000,0.9960327 -0.046875 0.032592773 -0.06817627,-0.41444445 1.7611111 0.77555555,-0.11 -0.42 10.11,270 4 92,26
232,01110011,00000000,0.99542236 -0.047729492 0.05822754 -0.058166504,-0.14222223 1.7466667 0.7788889,-0.23 -0.43 10.08,266 4 93,26
233,01110011,00000000,0.9941406 -0.043273926 0.088134766 -0.04498291,0.08888889 1.5955555 0.77666664,-0.39 -0.45 10.07,262 4 94,26
234,01110011,00000000,0.99298096 -0.0368042 0.10668945 -0.035461426,0.3311111 1.2933333 0.76111114,-0.77 -0.41 9.96,258 4 95,26
235,01110011,00000000,0.9932251 -0.026062012 0.10961914 -0.026489258,0.5655556 0.6533333 0.7177778,-0.86 -0.35 9.89,255 4 96,26
236,01110011,00000000,0.9956665 -0.009521484 0.09069824 -0.015319824,0.6933333 0.10555556 0.6811111,-0.85 -0.3 9.87,253 4 97,26
237,01110011,00000000,0.9970093 0.0013427734 0.07678223 -0.0072631836,0.7688889 -0.42666668 0.6422222,-0.8 -0.18 9.83,258 4 96,26
238,01110011,00000000,0.9981079 0.01184082 0.060668945 -0.010559082,0.7222222 -1.07 0.5922222,-0.77 0 9.87,273 8 94,26
239,01110011,00000000,0.99890137 0.020812988 0.040893555 0.007751465,0.5555556 -1.4644444 0.56333333,-0.62 0.16 9.87,288 12 92,26
240,01110011,00000000,0.99938965 0.028015137 0.008911133 0.01727295,0.3077778 -1.7188889 0.5477778,-0.27 0.19 9.93,299 16 90,26
241,01110011,00000000,0.9991455 0.029663086 -0.017089844 0.024353027,0.012222222 -1.8177778 0.5466667,-0.08 0.08 10.01,300 20 89,26
242,01110011,00000000,0.99816895 0.028808594 -0.04260254 0.031433105,-0.14555556 -1.7422222 0.5555556,0.05 0.03 9.91,298 24 88,26
243,01110011,00000000,0.99627686 0.023376465 -0.07196045 0.04095459,-0.31555554 -1.5766667 0.56666666,0.24 0.12 9.81,293 27 87,26
244,01110011,00000000,0.994751 0.016113281 -0.0881958 0.048339844,-0.5511111 -1.2244444 0.5911111,0.39 0.06 9.76,288 30 86,26
245,01110011,00000000,0.9935913 0.0068359375 -0.09802246 0.055908203,-0.6755555 -0.8322222 0.61,0.55 0.01 9.68,284 33 85,26
246,01110011,00000000,0.9927368 -0.007080078 -0.1003418 0.066467285,-0.7322222 -0.35777777 0.6311111,0.69 -0.18 9.63,280 36 84,26
247,01110011,00000000,0.9925537 -0.017456055 -0.09429932 0.07470703,-0.66 0.34777778 0.6566667,0.72 -0.35 9.64,276 39 255,26
248,01110011,00000000,0.99279785 -0.026367188 -0.081848145 0.08331299,-0.49888888 0.8688889 0.6722222,0.63 -0.44 9.73,272 40 82,26
249,01110011,00000000,0.99316406 -0.03503418 -0.057495117 0.09503174,-0.28333333 1.3022223 0.6844444,0.27 -0.44 9.85,268 26 81,26
250,01110011,00000000,0.99316406 -0.038635254 -0.035339355 0.1038208,-0.0022222223 1.5922222 0.6788889,0.07 -0.42 9.96,265 3 80,26
251,01110011,00000000,0.99279785 -0.03955078 -0.01159668 0.11254883,0.2 1.6388888 0.67,-0.11 -0.44 10.07,261 4 81,26
252,01110011,00000000,0.9914551 -0.035888672 0.019958496 0.1237793,0.41111112 1.6055555 0.6588889,-0.2 -0.41 10.09,258 4 82,26
253,01110011,00000000,0.9899292 -0.029541016 0.041748047 0.1317749,0.6522222 1.3977778 0.62666667,-0.34 -0.27 10.06,255 4 83,26
254,01110011,00000000,0.9881592 -0.02130127 0.05987549 0.1394043,0.7188889 1.1433333 0.5966667,-0.55 -0.21 9.99,253 4 84,26
255,01110011,00000000,0.98638916 -0.012023926 0.07409668 0.14660645,0.76 0.75 0.56222224,-0.73 -0.16 9.92,252 4 85,26
0,01110011,00000000,0.9845581 0.0015258789 0.08050537 0.15527344,0.7122222 0.09555556 0.5,-0.82 0 9.83,252 4 86,26
1,01110011,00000000,0.9838257 0.011047363 0.07659912 0.16113281,0.55777776 -0.39333335 0.45777777,-0.78 0.14 9.77,258 4 85,26
2,01110011,00000000,0.98358154 0.020263672 0.061767578 0.16833496,0.31111112 -0.8377778 0.41444445,-0.73 0.24 9.78,270 8 83,26
3,01110011,00000000,0.98358154 0.02368164 0.04449463 0.17327881,-0.054444443 -1.3077778 0.37111112,-0.61 0.25 9.82,276 12 81,26
4,01110011,00000000,0.9834595 0.024536133 0.0234375 0.17779541,-0.26444444 -1.5111111 0.34555554,-0.36 0.11 9.85,274 16 79,26
5,01110011,00000000,0.9827881 0.022216797 -0.0072021484 0.18334961,-0.4422222 -1.5633334 0.3288889,-0.14 0.12 9.94,270 20 77,26
6,01110011,00000000,0.98168945 0.01727295 -0.030151367 0.18725586,-0.69666666 -1.4777777 0.31666666,0.03 0.1 9.94,266 24 76,26
7,01110011,00000000,0.9802246 0.00970459 -0.050842285 0.19091797,-0.82 -1.3277777 0.3122222,0.16 -0.01 9.91,262 27 75,26
8,01110011,00000000,0.9779663 -0.0025024414 -0.07269287 0.19561768,-0.88555557 -1.1144445 0.31,0.25 -0.09 9.88,258 30 74,26
9,01110011,00000000,0.97631836 -0.012084961 -0.08306885 0.19915771,-0.8655556 -0.8277778 0.30666667,0.43 -0.27 9.78,254 33 73,26
10,01110011,00000000,0.97509766 -0.020935059 -0.08728027 0.20275879,-0.7177778 -0.31333333 0.3077778,0.52 -0.33 9.73,251 36 72,26
11,01110011,00000000,0.9741821 -0.030395508 -0.08270264 0.20770264,-0.5366667 0.13444445 0.31111112,0.59 -0.43 9.71,248 39 71,26
12,01110011,00000000,0.973999 -0.03527832 -0.072509766 0.21154785,-0.30666667 0.57666665 0.31333333,0.56 -0.54 9.72,245 42 70,26
13,01110011,00000000,0.9741211 -0.037963867 -0.05706787 0.215271,0.04111111 1.0866667 0.3077778,0.43 -0.52 9.79,242 34 69,26
14,01110011,00000000,0.9741821 -0.038635254 -0.031982422 0.22015381,0.28666666 1.3044444 0.29666665,0.15 -0.48 9.89,239 15 68,26
15,01110011,00000000,0.973938 -0.036071777 -0.011108398 0.2234497,0.50666666 1.3744445 0.28,-0.11 -0.45 10.02,239 4 68,26
16,01110011,00000000,0.97351074 -0.030517578 0.009765625 0.22631836,0.76 1.3266667 0.24555555,-0.2 -0.41 10.03,237 4 70,26
17,01110011,00000000,0.9727173 -0.022705078 0.030090332 0.2288208,0.8844444 1.2511111 0.2211111,-184.54 -0.31 10.04,236 4 72,26
18,01110011,00000000,0.97125244 -0.010009766 0.05419922 0.23144531,0.9488889 1.1311111 0.19888888,-0.37 -0.19 9.98,236 4 73,26
19,01110011,00000000,0.9701538 -0.00012207031 0.06817627 0.23291016,0.91444445 0.8188889 0.15444444,-0.54 -0.05 9.93,236 4 74,26
20,01110011,00000000,0.96899414 0.0095825195 0.07891846 0.23382568,0.7811111 0.4488889 0.11444444,-0.71 0.09 9.84,237 4 75,26
21,01110011,00000000,0.9686279 0.01965332 0.07977295 0.234375,0.5822222 0.016666668 0.07111111,-0.76 0.21 9.79,240 4 76,26
22,01110011,00000000,0.9691162 0.024719238 0.07281494 0.23425293,0.2588889 -0.5277778 0.017777778,-0.68 0.22 9.76,253 4 75,26
23,01110011,00000000,0.9699707 0.027526855 0.06085205 0.23382568,0.0022222223 -0.8566667 -0.02,-0.56 0.23 9.77,259 8 74,26
24,01110011,00000000,0.9713745 0.02746582 0.0390625 0.23260498,-0.25555557 -1.1133333 -0.05,-0.4 0.23 9.86,258 12 74,26
25,01110011,00000000,0.96875 0.024780273 0.01977539 0.2312622,-0.53555554 -13.653334 -10.81,-0.21 0.14 9.91,254 16 74,26
26,01110011,00000000,0.9730835 0.019958496 -0.00061035156 0.22961426,-0.70111114 -1.32 -0.1,-0.08 0.11 9.94,251 20 74,26
27,01110011,00000000,0.9734497 0.010437012 -0.027160645 0.22698975,-0.83 -1.2577778 -0.10888889,0.05 0.02 9.94,248 24 74,26
28,01110011,00000000,0.9733887 0.0014648438 -0.044921875 0.22479248,-0.9311111 -1.0755556 -0.12,0.14 -0.05 9.9,245 27 74,26
29,01110011,00000000,0.9730835 -0.008056641 -0.059448242 0.22241211,-0.9166667 -0.86777776 -0.12444445,0.27 -0.21 9.86,242 30 74,26
30,01110011,00000000,0.97283936 -0.019836426 -0.07147217 0.21923828,-0.8088889 -0.59444445 -0.13111112,0.41 -0.41 9.81,239 33 74,26
31,01110011,00000000,0.9729614 -0.026794434 -0.07397461 0.21697998,-0.5477778 -0.12777779 -0.12888889,0.47 -0.47 9.75,236 36 74,26
32,01110011,00000000,0.9736328 -0.031433105 -0.07043457 0.21478271,-0.32444444 0.25111112 -0.13222222,0.48 -0.51 9.78,233 39 74,26
33,01110011,00000000,0.9749756 -0.034301758 -0.057678223 0.21191406,-0.09555556 0.62666667 -0.13222222,0.48 -0.51 9.73,230 39 74,26
34,01110011,00000000,0.9761963 -0.034362793 -0.04284668 0.20965576,0.20555556 1.0488889 -0.13444445,-84.21 -0.02 -0.01,227 30 74,26
35,01110011,00000000,0.97735596 -0.032836914 -0.025390625 0.20727539,0.4077778 1.2155555 -0.14444445,0.08 -0.46 9.89,227 11 74,26
36,01110011,00000000,0.9786377 -0.02722168 6.1035156E-05 0.20379639,0.59 1.26 -0.15666667,-0.08 -0.43 9.97,228 4 75,26
37,01110011,00000000,0.979187 -0.020446777 0.019104004 0.20080566,0.77444446 1.2066667 -0.18555556,-0.19 -0.34 10,227 4 77,26
38,01110011,00000000,0.9795532 -0.012145996 0.036987305 0.19744873,0.84555554 1.1311111 -0.20333333,-0.23 -0.26 9.97,227 4 78,26
39,01110011,00000000,0.97961426 -0.00030517578 0.057678223 0.19244385,0.85444444 1.0144445 -0.2188889,-0.34 -0.11 9.93,227 4 79,26
40,01110011,00000000,0.97961426 0.007873535 0.0690918 0.18835449,0.74222225 0.7022222 -0.25111112,-0.59 0.03 9.85,228 4 80,26
41,01110011,00000000,0.97991943 0.014770508 0.07537842 0.18389893,0.5911111 0.35666665 -0.28777778,-0.71 0.11 9.81,229 4 81,26
42,01110011,00000000,0.9689331 0.021240234 0.073913574 0.17736816,0.41 -0.04777778 -12.516666,-0.72 0.13 9.8,232 4 82,26
43,01110011,00000000,0.982605 0.023986816 0.06628418 0.1720581,0.21444444 -0.43 -0.3511111,-0.63 0.16 9.78,241 5 82,26
44,01110011,00000000,0.9842529 0.024841309 0.054382324 0.16638184,-0.055555556 -0.8577778 -0.3911111,-0.55 0.18 9.8,245 9 82,26
45,01110011,00000000,0.98651123 0.022949219 0.03326416 0.15844727,-0.25111112 -1.0988889 -0.4077778,-0.41 0.13 9.87,243 13 82,26
46,01110011,00000000,0.9880371 0.01965332 0.015014648 0.15228271,-0.40666667 -1.2322222 -0.4211111,-0.15 0.07 9.93,240 17 82,26
47,01110011,00000000,0.9891968 0.014709473 -0.0037231445 0.14593506,-0.56333333 -1.26 -0.4288889,-0.03 0.02 9.94,237 21 82,26
48,01110011,00000000,0.9901123 0.006164551 -0.027526855 0.1375122,-0.6422222 -1.1922222 -0.42555556,0.06 -0.02 9.95,234 24 82,26
49,01110011,00000000,0.9904175 -0.001159668 -0.04309082 0.13116455,-0.68666667 -1.0766667 -0.42222223,0.17 -0.1 9.88,231 27 82,26
50,01110011,00000000,0.99053955 -0.008666992 -0.055541992 0.12487793,-0.66555554 -0.82222223 -0.41111112,0.29 -0.23 9.85,228 30 82,26
51,01110011,00000000,0.9907837 -0.01550293 -0.06365967 0.118774414,-0.57 -0.5377778 -0.40111113,0.39 -0.34 -0.01,225 33 82,26
52,01110011,00000000,0.99139404 -0.022155762 -0.066223145 0.11102295,-0.42555556 -0.19111112 -0.3888889,0.48 -0.39 9.75,222 36 82,26
53,01110011,00000000,0.9921875 -0.02508545 -0.061706543 0.10546875,-0.20555556 0.31555554 -0.36888888,0.49 -0.38 9.75,219 39 83,26
54,01110011,00000000,0.99328613 -0.026245117 -0.052124023 0.10015869,-0.054444443 0.6911111 -0.35222223,0.42 -0.35 9.76,217 38 84,26
55,01110011,00000000,0.994751 -0.0256958 -0.032958984 0.09326172,0.083333336 1.0011111 -0.33666667,0.2 -0.38 9.88,215 27 85,26
56,01110011,00000000,0.9956665 -0.02368164 -0.015808105 0.088256836,0.2777778 1.2177777 -0.32777777,0 -0.37 9.94,214 8 87,26
57,01110011,00000000,0.99627686 -0.020019531 0.0020751953 0.08325195,0.4 1.2466667 -0.32666665,-0.13 -0.33 9.99,213 4 88,26
58,01110011,00000000,0.99664307 -0.0126953125 0.02545166 0.07647705,0.50333333 1.2011111 -0.3311111,-0.19 -0.23 9.96,212 4 89,26
59,01110011,00000000,0.984375 -0.0063476562 0.041381836 0.07128906,0.54333335 1.09 -0.33777776,-0.22 -0.21 9.93,211 4 90,26
60,01110011,00000000,0.9963379 0 0.05480957 0.065979004,0.5322222 0.9211111 -0.34111112,-0.41 -0.15 9.9,211 4 91,26
61,01110011,00000000,0.9960327 0.0076904297 0.066467285 0.058654785,0.4811111 0.64444447 -0.3611111,-0.64 -0.03 9.89,211 4 92,26
62,01110011,00000000,0.9961548 0.012207031 0.06890869 0.05291748,0.3588889 0.14 -0.38777778,-0.71 0 9.85,211 4 93,26
63,01110011,00000000,0.99664307 0.0154418945 0.0657959 0.046875,0.24111111 -0.24555555 -0.40888888,-0.69 0.04 9.82,214 4 94,26
64,01110011,00000000,0.9976196 0.017333984 0.05407715 0.03845215,0.11777778 -0.6111111 -0.42555556,-0.62 0.04 9.85,219 8 95,26
65,01110011,00000000,0.99853516 0.01727295 0.04071045 0.031982422,-0.027777778 -0.9911111 -0.43888888,-0.51 0.05 9.87,221 12 96,26
66,01110011,00000000,0.9992676 0.015991211 0.024658203 0.025512695,-0.12888889 -1.1744444 -0.4422222,-0.29 0.02 9.89,219 16 97,26
67,01110011,00000000,0.9998169 0.012207031 0.0012817383 0.016967773,-0.22888888 -1.2411112 -0.43222222,-0.17 0.03 9.92,216 20 98,26
68,01110011,00000000,0.99975586 0.0079956055 -0.015930176 0.0107421875,-0.3288889 -1.2044444 -0.41333333,-0.01 -0.02 -66.89,214 17 99,26
69,01110011,00000000,0.9994507 0.0032348633 -0.031555176 0.0048217773,-0.35333332 -1.1044445 -0.39555556,0.05 -0.09 9.9,212 26 100,26
70,01110011,00000000,0.9987793 -0.003112793 -0.048339844 -0.0025024414,-0.36 -0.96 -0.37555555,0.16 -0.1 9.86,210 29 101,26
71,01110011,00000000,0.99835205 -0.007873535 -0.05657959 -0.007751465,-0.3611111 -0.6522222 -0.3422222,0.3 -0.14 9.82,208 32 102,26
72,01110011,00000000,0.99798584 -0.012207031 -0.060302734 -0.012573242,-0.33444443 -0.33333334 -0.31444445,0.43 -0.2 9.75,206 35 103,26
73,01110011,00000000,0.9980469 -0.016479492 -0.057617188 -0.018371582,-0.26444444 0.037777778 -0.28555554,0.48 -0.25 9.73,204 38 104,26
74,01110011,00000000,0.99835205 -0.018188477 -0.049987793 -0.022155762,-0.13666667 0.5511111 -0.24333334,0.46 -0.3 9.75,202 41 105,26
75,01110011,00000000,0.9987793 -0.018432617 -0.038085938 -0.025634766,-0.045555554 0.8833333 -0.21333334,0.38 -0.27 9.76,200 35 106,26
76,01110011,00000000,0.9992676 0.012023926 0.00048828125 -0.008605957,0.026666667 1.0966667 -0.19111112,0.15 -0.26 9.87,198 19 107,26
77,01110011,00000000,0.9993286 -0.015197754 -0.0009765625 -0.032348633,0.13666667 1.1844444 -0.16777778,-0.07 -0.29 9.94,196 3 108,26
78,01110011,00000000,0.9991455 -0.0119018555 0.015686035 -0.034973145,0.21666667 1.1744444 -0.15666667,-0.12 -0.28 9.97,194 4 109,26
79,01110011,00000000,0.9985962 -0.006225586 0.03643799 -0.038085938,0.26444444 1.1266667 -0.14777778,-0.17 -0.22 9.96,193 4 110,26
80,01110011,00000000,0.9979248 -0.0017700195 0.049987793 -0.04034424,0.27888888 1.0355556 -0.14,-0.33 -0.15 9.91,192 4 111,26
81,01110011,00000000,0.9972534 0.0025024414 0.060546875 -0.042541504,0.28444445 0.78555554 -0.13777778,-0.52 -0.15 9.89,191 4 112,26
82,01110011,00000000,0.99664307 0.0075683594 0.06762695 -0.045654297,0.28444445 0.4677778 -0.14777778,-0.67 -0.14 9.88,191 4 113,26
83,01110011,00000000,0.996521 0.010681152 0.06695557 -0.048217773,0.2611111 0.09888889 -0.16111112,-0.71 -0.1 9.86,191 4 114,26
84,01110011,00000000,0.99676514 0.012817383 0.061340332 -0.05102539,0.18111111 -0.3911111 -0.17444444,-0.66 -0.03 9.83,194 4 115,26
85,01110011,00000000,0.99713135 0.01373291 0.051635742 -0.053771973,0.101111114 -0.70444447 -0.18,-0.58 -0.01 9.86,156 -882 -1025,26
86,01110011,00000000,0.99768066 0.013000488 0.03363037 -0.057495117,0.026666667 -0.9622222 -0.17888889,-0.41 -0.03 9.91,198 12 116,26
87,01110011,00000000,0.9979248 0.011352539 0.01763916 -0.060180664,-0.05666667 -1.148889 -0.16888888,-0.21 -0.03 9.89,197 16 117,26
88,01110011,00000000,0.99798584 0.0087890625 0.001159668 -0.062561035,-0.12888889 -1.1711111 -0.14888889,-0.08 -0.02 9.91,195 20 117,26
89,01110011,00000000,0.9976196 0.003967285 -0.01965332 -0.06530762,-0.18666667 -1.1177778 -0.13111112,0.01 -0.07 9.89,193 23 117,26
90,01110011,00000000,0.9971924 0 -0.03314209 -0.06689453,-0.2211111 -0.9711111 -0.096666664,0.12 -0.11 9.89,191 26 117,26
91,01110011,00000000,0.9967041 -0.003967285 -0.043701172 -0.06817627,-0.22333333 -0.7966667 -0.07111111,0.19 -0.14 9.85,189 29 117,26
92,01110011,00000000,0.9962158 -0.008666992 -0.051940918 -0.06915283,-0.23111111 -0.55777776 -0.04222222,0.35 -0.11 9.75,187 32 117,26
93,01110011,00000000,0.99609375 -0.011657715 0.00024414062 -0.008483887,-0.21777777 -0.13666667 0,0.41 -0.15 9.76,185 35 117,26
94,01110011,00000000,0.9962158 -0.013916016 -0.049682617 -0.06933594,-0.17777778 0.2188889 0.033333335,0.45 -0.21 9.75,183 38 117,26
95,01110011,00000000,0.99676514 -0.015319824 -0.03845215 -0.068481445,-0.11111111 0.57 0.064444445,0.39 -0.24 9.79,182 39 117,26
96,01110011,00000000,0.9972534 -0.014709473 -0.02557373 -0.06732178,-0.0044444446 0.94 0.10222222,0.19 -0.26 9.82,181 31 117,26
97,01110011,00000000,0.99768066 -0.013122559 -0.010681152 -0.0657959,0.06 1.0677778 0.12777779,0 -0.23 9.91,180 14 117,26
98,01110011,00000000,0.9979248 -0.009643555 0.009765625 -0.06347656,0.12111111 1.0866667 0.13777778,-0.14 -0.22 9.94,179 4 117,26
99,01110011,00000000,0.9977417 -0.0059814453 0.024475098 -0.061523438,0.20333333 1.0388889 0.15333334,-0.18 -0.22 9.95,178 4 117,26
100,01110011,00000000,0.99749756 -0.0018920898 0.037902832 -0.059387207,0.23666666 0.97 0.16111112,-0.22 -0.15 9.93,177 4 117,26
101,01110011,00000000,0.9970093 0.003540039 0.052490234 -0.056518555,0.23777778 0.85 0.16666667,-0.33 -0.14 9.91,177 4 117,26
102,01110011,00000000,0.99676514 0.007080078 0.059692383 -0.054260254,0.22222222 0.54 0.16333333,-0.56 -0.11 9.9,177 151 -513,26
103,01110011,00000000,0.99664307 0.010009766 0.06237793 -0.052246094,0.20444444 0.20666666 0.15,-0.66 -0.09 9.89,177 4 117,26
104,01110011,00000000,0.99694824 0.012634277 0.05859375 -0.049804688,0.16 -0.14444445 0.1388889,-0.64 -0.05 9.86,178 4 117,26
105,01110011,00000000,0.9974365 0.013305664 0.05078125 -0.04815674,0.064444445 -0.56 0.12888889,-0.53 -0.02 9.88,181 8 117,26
106,01110011,00000000,0.9980469 0.012634277 0.03967285 -0.046569824,-0.023333333 -0.81 0.12222222,-0.44 -0.01 9.87,182 12 117,26
107,01110011,00000000,0.9987793 0.010070801 0.021362305 -0.044433594,-0.09555556 -0.9811111 0.12222222,-0.31 -0.02 9.91,181 16 117,26
108,01110011,00000000,0.99902344 0.007080078 0.0064086914 -0.042663574,-0.18222222 -1.0666667 0.13444445,-0.12 -0.04 9.91,180 20 117,26
109,01110011,00000000,0.9991455 0.0032348633 -0.008361816 -0.040649414,-0.23888889 -1.0355556 0.15111111,-0.03 -0.06 9.88,179 23 117,26
110,01110011,00000000,0.99890137 -0.0025024414 -0.026000977 -0.0087890625,-0.27333334 -0.9522222 0.16666667,0.06 -0.11 9.88,178 26 117,26
111,01110011,00000000,0.9986572 -0.0068359375 -0.03643799 -0.03503418,-0.27333334 -0.7633333 0.19222222,0.17 -0.16 9.83,177 29 117,26
112,01110011,00000000,0.9984131 -0.010803223 -0.043823242 -0.032165527,-0.2588889 -0.56 0.21222222,0.26 -0.19 9.83,176 32 117,26
113,01110011,00000000,0.998291 -0.014892578 -0.047790527 -0.027893066,-0.22555555 -0.30555555 0.23111111,0.34 -0.21 9.76,175 35 117,26
114,01110011,00000000,0.9984741 -0.016967773 -0.046081543 -0.024291992,-0.15888889 -0.006666667 0.25666666,0.38 -0.28 9.78,174 38 116,26
115,01110011,00000000,0.9987793 -0.01763916 -0.04046631 -0.020446777,-0.031111112 0.41444445 0.28666666,0.37 -0.29 9.76,173 41 115,26
116,01110011,00000000,0.99938965 -0.016296387 -0.02709961 -0.014831543,0.06666667 0.7022222 0.30555555,0.3 -0.28 9.84,172 37 114,26
117,01110011,00000000,0.99975586 -0.013916016 -0.014038086 -0.010375977,0.14555556 0.89555556 0.32555556,0.04 -0.24 9.9,172 25 113,26
118,01110011,00000000,0.99993896 -0.010437012 -6.1035156E-05 -0.0057373047,0.26444444 0.96 0.33333334,-0.13 -0.26 9.95,174 8 112,26
119,01110011,00000000,0.9998779 -0.004272461 0.01727295 0.00030517578,0.32666665 0.9088889 0.3311111,-0.19 -0.26 9.94,175 4 255,26
120,01110011,00000000,0.99957275 0.00061035156 0.0289917 0.0048828125,0.34777778 0.8411111 0.3288889,-0.19 -0.13 9.93,175 4 112,26
121,01110011,00000000,0.9991455 0.0053100586 0.039001465 0.009399414,0.3311111 0.71555555 0.32555556,-0.29 -0.09 9.91,175 4 112,26
122,01110011,00000000,0.9986572 0.010681152 0.04815674 0.015258789,0.29222223 0.5311111 0.31666666,-0.43 -0.08 9.88,176 4 112,26
123,01110011,00000000,0.9984741 0.013549805 0.05078125 0.01940918,0.22 0.2588889 0.30222222,-0.57 0.01 9.87,177 4 112,26
124,01110011,00000000,0.99835205 0.015014648 0.049194336 0.02331543,0.07777778 -0.16 0.2777778,-0.62 0.02 9.85,179 4 112,26
125,01110011,00000000,0.9986572 0.0146484375 0.04071045 0.028198242,-0.04 -0.44555557 0.2588889,-0.52 0.03 9.85,181 8 111,26
126,01110011,00000000,0.99890137 0.0126953125 0.030700684 0.03161621,-0.14555556 -0.6711111 0.24444444,-0.36 0 9.86,180 12 110,26
127,01110011,00000000,0.9991455 0.009765625 0.018798828 0.03491211,-0.25666666 -0.85444444 0.23555556,-0.27 -0.03 9.85,179 16 110,26
128,01110011,00000000,0.99920654 0.00579834 0.0057373047 0.038208008,-0.33888888 -0.9122222 0.23444444,-0.14 -0.04 9.89,178 20 110,26
129,01110011,00000000,0.99902344 -0.00079345703 -0.011474609 0.042663574,-0.39666668 -0.8977778 0.23444444,-0.03 -0.1 9.88,177 23 110,26
130,01110011,00000000,0.9986572 -0.006164551 -0.023010254 0.046020508,-0.41777778 -0.8 0.23777778,0.01 -0.14 9.86,176 26 110,26
131,01110011,00000000,0.99816895 -0.011413574 -0.03253174 0.049438477,-0.41111112 -0.67777777 0.24666667,0.11 -0.16 9.86,175 29 110,26
132,01110011,00000000,0.9975586 -0.017333984 -0.04107666 0.054138184,-0.3611111 -0.51222223 0.25111112,0.19 -0.26 9.81,174 32 110,26
133,01110011,00000000,0.9971924 -0.020446777 -0.043762207 0.057739258,-0.22333333 -0.2188889 0.2588889,0.26 -0.32 9.82,173 35 110,26
134,01110011,00000000,0.99694824 -0.021850586 -0.04296875 0.061462402,-0.08111111 0.035555556 0.2688889,0.3 -0.36 9.8,172 38 110,26
135,01110011,00000000,0.9968872 -0.0211792 -0.03656006 0.066589355,0.05 0.3011111 0.27666667,0.31 -0.31 9.8,171 41 109,26
136,01110011,00000000,0.99694824 -0.019226074 -0.028015137 0.07055664,0.19444445 0.61333334 0.28111112,0.22 -0.3 9.83,170 39 109,26
137,01110011,00000000,0.9968872 -0.016174316 -0.017089844 0.07446289,0.29333332 0.7677778 0.28444445,0.08 -0.3 9.85,173 29 109,26
138,01110011,00000000,0.9968262 -0.011962891 -0.005004883 0.078308105,0.38333333 0.8188889 0.27555555,-0.09 -0.27 9.91,179 14 109,26
139,01110011,00000000,0.99645996 -0.0049438477 0.010681152 0.08319092,0.45777777 0.77 0.2611111,-0.17 -0.21 9.92,184 4 109,26
140,01110011,00000000,0.9959717 0.0008544922 0.021362305 0.08666992,0.48 0.69555557 0.25111112,-0.19 -0.19 9.91,185 4 110,26
141,01110011,00000000,0.99523926 0.008422852 0.03338623 0.09100342,0.46666667 0.6311111 0.23555556,-0.19 -0.12 9.91,186 4 110,26
142,01110011,00000000,0.9946289 0.013122559 0.040222168 0.09399414,0.36333334 0.47111112 0.21555555,-0.31 0 9.86,187 4 110,26
143,01110011,00000000,0.99420166 0.016296387 0.044311523 0.09674072,0.23555556 0.26666668 0.19555555,-0.46 0.05 9.84,189 4 110,26
144,01110011,00000000,0.99383545 0.0178833 0.04425049 0.10003662,0.094444446 0.0044444446 0.17222223,-0.51 0.06 9.85,191 4 110,26
145,01110011,00000000,0.99383545 0.01727295 0.039916992 0.10211182,-0.078888886 -0.3288889 0.14222223,148.02 0 9.84,193 6 109,26
146,01110011,00000000,0.9938965 0.015319824 0.032470703 0.10394287,-0.19777778 -0.5311111 0.12444445,-0.34 0.04 9.85,191 10 108,26
147,01110011,00000000,0.9940796 0.010864258 0.01928711 0.10595703,-0.31555554 -0.66888887 0.104444444,-0.24 0 9.86,189 14 107,26
148,01110011,00000000,0.9941406 0.0061035156 0.008178711 0.107299805,-0.41111112 -0.74 0.094444446,-0.12 -0.03 9.89,187 18 106,26
149,01110011,00000000,0.9940796 0.0006713867 -0.0030517578 0.10858154,-0.47444445 -0.74333334 0.08444444,-0.07 -0.08 9.9,185 22 105,26
150,01110011,00000000,0.9937744 -0.007019043 -0.017089844 0.10998535,-0.49555555 -0.69666666 0.07666667,0 -0.09 9.85,184 25 104,26
151,01110011,00000000,0.99334717 -0.012756348 -0.025878906 0.110961914,-0.49222222 -0.61333334 0.07444444,0.06 -0.2 9.86,183 28 104,26
152,01110011,00000000,0.99298096 -0.017822266 -0.032714844 0.11187744,-0.40333334 -0.44777778 0.06888889,0.13 -0.3 9.84,182 31 104,26
153,01110011,00000000,0.9845581 -0.022216797 -0.037475586 0.113098145,-0.27333334 0.56777775 -10.808888,0.18 -0.36 9.85,181 34 104,26
154,01110011,00000000,0.9924927 -0.02319336 -0.03741455 0.11401367,-0.11333334 -0.07111111 0.06555556,0.24 -0.37 9.79,180 37 104,26
155,01110011,00000000,0.9924927 -0.022521973 -0.034240723 0.114868164,0.06555556 0.21777777 0.064444445,0.22 -0.33 9.83,179 40 104,26
156,01110011,00000000,0.9926758 -0.020690918 -0.028137207 0.11578369,0.18111111 0.4288889 0.064444445,0.2 -0.33 9.83,178 40 104,26
157,01110011,00000000,0.9928589 -0.016357422 -0.016357422 0.11682129,0.3011111 0.59555554 0.062222224,0.06 -0.29 9.88,180 34 104,26
158,01110011,00000000,0.9929199 -0.011779785 -0.00579834 0.11755371,0.42222223 0.7033333 0.04888889,-0.06 -0.25 9.91,185 24 104,26
159,01110011,00000000,0.99298096 -0.0064697266 0.004760742 0.11798096,0.47111112 0.6855556 0.035555556,-0.17 -0.22 9.91,193 11 104,26
160,01110011,00000000,0.99279785 0.0012817383 0.01776123 0.11828613,0.50222224 0.62666667 0.02,-0.17 -0.16 9.91,199 4 104,26
161,01110011,00000000,0.99261475 0.0072631836 0.026245117 0.11810303,0.48777777 0.54333335 -0.0022222223,-0.16 -0.09 9.87,200 4 105,26
162,01110011,00000000,0.9923706 0.012268066 0.033203125 0.11785889,0.41111112 0.46555555 -0.016666668,309.49 -0.01 -0.01,202 4 106,26
163,01110011,00000000,0.9921875 0.016723633 0.039367676 0.117126465,0.28333333 0.3311111 -0.033333335,-0.39 0.08 9.84,204 4 106,26
164,01110011,00000000,0.9921875 0.0178833 0.040527344 0.11633301,0.09 0.04777778 -0.06111111,-0.45 0.05 9.84,205 4 106,26
165,01110011,00000000,0.99243164 0.017456055 0.038330078 0.11517334,-0.031111112 -0.18 -0.08444444,-0.44 0.02 9.85,207 4 106,26
166,01110011,00000000,0.99298096 0.015197754 0.030761719 0.113220215,-0.14222223 -0.38333333 -0.10555556,-0.34 0.06 9.86,205 8 106,26
167,01110011,00000000,0.9934082 0.012023926 0.022521973 0.111450195,-0.26222223 -0.53333336 -0.12,-0.25 0.03 9.85,203 12 106,26
168,01110011,00000000,0.99383545 0.007751465 0.013061523 0.10961914,-0.38777778 -0.64666665 -0.13444445,-0.18 -0.01 9.87,201 16 106,26
169,01110011,00000000,0.9942627 0.0010986328 -0.00024414062 0.106933594,-0.43 -0.6622222 -0.14444445,-0.06 -0.09 9.89,199 20 106,26
170,01110011,00000000,0.984375 -0.004211426 -0.009887695 0.10473633,-0.45666668 -0.6255556 -8.818889,-0.02 -0.11 9.86,197 23 106,26
171,01110011,00000000,0.9944458 -0.009643555 -0.018432617 0.10247803,-0.45222223 -0.56 -0.15333334,0.01 -0.16 9.84,195 26 106,26
172,01110011,00000000,0.99450684 -0.016113281 -0.027404785 0.099609375,-0.40333334 -0.4611111 -0.15666667,0.08 -0.23 9.83,193 29 106,26
173,01110011,00000000,0.99450684 -0.019470215 -0.031555176 0.09729004,-0.25555557 -0.26777777 -0.15444444,0.16 -0.35 9.83,191 32 107,26
174,01110011,00000000,0.99468994 -0.021057129 -0.03289795 0.09509277,-0.107777774 -0.08111111 -0.15444444,0.19 -0.37 9.83,189 35 108,26
175,01110011,00000000,0.99505615 -0.020446777 -0.030212402 0.09222412,0.022222223 0.11333334 -0.15,0.2 -0.3 9.83,187 38 109,26
176,01110011,00000000,0.99542236 -0.018615723 -0.025146484 0.09008789,0.15222222 0.36888888 -0.14666666,0.19 -0.3 9.82,185 40 110,26
177,01110011,00000000,0.9957886 -0.015930176 -0.01776123 0.088012695,0.25555557 0.5311111 -0.14333333,0.12 -0.32 9.85,186 36 111,26
178,01110011,00000000,0.99627686 -0.010253906 -0.0051879883 0.08514404,0.36444443 0.6522222 -0.14444445,-0.01 -0.26 9.88,190 27 112,26
179,01110011,00000000,0.996521 -0.0053100586 0.0045166016 0.08294678,0.41 0.63666666 -0.15222222,-0.16 -0.2 -0.01,197 15 113,26
180,01110011,00000000,0.99664307 -6.1035156E-05 0.0134887695 0.080566406,0.4288889 0.5833333 -0.16111112,-0.17 -0.18 9.92,205 4 114,26
181,01110011,00000000,0.9967041 0.006713867 0.023864746 0.07727051,0.41555557 0.5188889 -0.17222223,-0.17 -0.11 9.88,206 4 115,26
182,01110011,00000000,0.9967041 0.010925293 0.029968262 0.074645996,0.35444444 0.4422222 -0.17888889,-0.25 -0.02 9.89,207 4 116,26
183,01110011,00000000,0.9967041 0.013793945 0.034118652 0.07183838,0.21222222 0.26666668 -0.19333333,-0.32 0.01 9.84,208 4 117,26
184,01110011,00000000,0.99694824 0.015075684 0.035583496 0.06793213,0.08777778 0.07444444 -0.20888889,-0.41 0.05 9.87,209 4 117,26
185,01110011,00000000,0.9972534 0.014404297 0.03314209 0.064697266,-0.016666668 -0.14222223 -0.22222222,-0.43 -0.01 9.87,210 4 117,26
186,01110011,00000000,0.9976196 0.012817383 0.028015137 0.061340332,-0.13222222 -0.39777777 -0.23666666,-0.35 0 9.86,208 8 117,26
187,01110011,00000000,0.9845581 0.009155273 0.017944336 0.05670166,-0.22222222 -0.53333336 -0.24222222,-0.25 0.01 9.86,206 12 117,26
188,01110011,00000000,0.99853516 0.0053710938 0.009033203 0.053222656,-0.3011111 -0.60888886 -0.24555555,-0.14 -0.08 9.89,204 16 117,26
189,01110011,00000000,0.9987793 0.0009765625 -0.00012207031 0.049682617,-0.3422222 -0.6311111 -0.24444444,-0.08 -0.1 9.87,202 20 117,26
190,01110011,00000000,0.99890137 -0.0034179688 -0.008911133 0.046203613,-0.34777778 -0.5977778 -0.24,-0.03 -0.11 9.89,200 23 117,26
191,01110011,00000000,0.99884033 -0.009277344 -0.019042969 0.041748047,-0.34777778 -0.5377778 -0.23222223,0.01 -0.14 9.88,198 26 117,26
192,01110011,00000000,0.99884033 -0.013183594 -0.024841309 0.03857422,-0.3011111 -0.40666667 -0.2188889,0.07 -0.21 9.87,196 29 117,26
193,01110011,00000000,0.99884033 -0.016174316 -0.028625488 0.03552246,-0.2188889 -0.26444444 -0.21,0.14 -0.27 9.84,194 32 117,26
194,01110011,00000000,0.99884033 -0.0178833 -0.029907227 0.031555176,-0.101111114 -0.08777778 -0.20111111,0.19 -0.31 9.83,192 35 117,26
195,01110011,00000000,0.9990845 -0.017333984 -0.027770996 0.028930664,0.045555554 0.16111112 -0.18666667,0.18 -0.25 9.83,190 38 117,26
196,01110011,00000000,0.9992676 -0.015808105 -0.023071289 0.026306152,0.11 0.35222223 -0.16888888,0.17 -0.25 -82.34,0 39 118,26
197,01110011,00000000,0.99957275 -0.012573242 -0.01361084 0.023254395,0.17777778 0.50222224 -0.15555556,0.08 -0.24 9.87,189 35 119,26
198,01110011,00000000,0.9996948 -0.009094238 -0.0048828125 0.020996094,0.27333334 0.6166667 -0.14666666,0 -0.22 9.87,191 27 120,26
199,01110011,00000000,0.99975586 -0.005004883 0.0040893555 0.018981934,0.31 0.62222224 -0.1388889,-0.12 -0.19 9.91,196 16 120,26
200,01110011,00000000,0.9996948 0.0006713867 0.015319824 0.016235352,0.31444445 0.58 -0.14,-0.17 -0.16 9.89,202 4 120,26
201,01110011,00000000,0.9996338 0.0048217773 0.022583008 0.014099121,0.31333333 0.5 -0.1388889,-0.21 -0.15 9.84,202 4 120,26
202,01110011,00000000,0.9995117 0.008605957 0.028564453 0.012145996,0.28111112 0.4211111 -0.14,-0.24 -0.08 9.86,202 4 120,26
203,01110011,00000000,0.9993286 0.012329102 0.03387451 0.009338379,0.21444444 0.30333334 -0.14,-0.33 -0.01 9.85,203 4 120,26
204,01110011,00000000,0.99920654 0.01159668 0.001953125 -0.008300781,0.08555555 0.072222225 -0.14555556,-0.4 0 9.88,204 4 120,26
205,01110011,00000000,0.9993286 0.01361084 0.033935547 0.005065918,-0.006666667 -0.13222222 -0.15,-0.44 -0.02 9.88,205 4 120,26
206,01110011,00000000,0.9995117 0.0119018555 0.028015137 0.0020751953,-0.07666667 -0.32222223 -0.15666667,-0.39 -0.04 9.87,204 8 120,26
207,01110011,00000000,0.9996948 0.00970459 0.021118164 -0.00018310547,-0.15777777 -0.50666666 -0.15666667,-0.25 -0.03 9.85,202 12 120,26
208,01110011,00000000,0.9998779 0.006713867 0.013061523 -0.002319336,-0.22222222 -0.57666665 -0.15111111,-0.15 -0.04 9.88,200 16 120,26
209,01110011,00000000,1 0.0017700195 0.0018310547 -0.005126953,-0.26222223 -0.6 -0.14444445,-0.1 -0.09 9.87,198 20 120,26
210,01110011,00000000,0.99993896 -0.0021362305 -0.006286621 -0.007019043,-0.27222222 -0.5655556 -0.12777779,-0.04 -0.11 9.87,196 23 120,26
211,01110011,00000000,0.9998169 -0.00592041 -0.013549805 -0.008728027,-0.26555556 -0.50555557 -0.115555555,0.01 -0.16 9.87,194 26 120,26
212,01110011,00000000,0.9996338 -0.010559082 -0.021057129 -0.010681152,-0.2488889 -0.41666666 -0.1,0.08 -0.17 9.85,192 29 120,26
213,01110011,00000000,0.9995117 -0.013183594 -0.024475098 -0.01184082,-0.20888889 -0.29555556 -0.08222222,0.12 -0.22 9.84,73 292 -1,26
214,01110011,00000000,0.9994507 -0.014831543 -0.0256958 -0.012817383,-0.10222222 -0.078888886 -0.06,0.17 -0.25 9.83,188 35 120,26
215,01110011,00000000,0.9995117 -0.014892578 -0.02355957 -0.013793945,-0.0055555557 0.09555556 -0.043333333,0.17 -0.28 9.82,186 38 120,26
216,01110011,00000000,0.9996338 -0.013549805 -0.01928711 -0.014221191,0.07444444 0.27888888 -0.027777778,0.15 -0.22 9.84,184 40 120,26
217,01110011,00000000,0.99975586 -0.0115356445 -0.013000488 -0.014343262,0.14222223 0.46888888 -0.0033333334,0.09 -0.22 9.86,184 37 120,26
218,01110011,00000000,0.9998779 -0.0078125 -0.0026245117 -0.014404297,0.19555555 0.55444443 0.007777778,-0.01 -0.23 9.87,186 30 120,26
219,01110011,00000000,0.9998779 -0.0041503906 0.0056152344 -0.014160156,0.2488889 0.5788889 0.02,-0.11 -0.17 9.88,189 20 120,26
220,01110011,00000000,0.99975586 -0.00024414062 0.013305664 -0.013793945,0.26555556 0.5288889 0.026666667,-0.16 -0.14 9.88,193 9 120,26
221,01110011,00000000,0.9996948 0.0034179688 0.0014038086 -0.008300781,0.2588889 0.46888888 0.032222223,-0.18 -0.16 9.88,196 4 120,26
222,01110011,00000000,0.9995117 0.0079956055 0.02722168 -0.012817383,0.24555555 0.39555556 0.033333335,-0.24 -0.11 9.85,196 4 120,26
223,01110011,00000000,0.99938965 0.010681152 0.030822754 -0.012451172,0.19 0.25555557 0.035555556,-0.29 -0.07 9.86,197 4 120,26
224,01110011,00000000,0.9993286 0.012512207 0.03253174 -0.012023926,0.115555555 0.10222222 0.032222223,-0.36 -0.03 9.84,198 4 120,26
225,01110011,00000000,0.99938965 0.013000488 0.031066895 -0.011474609,0.026666667 -0.078888886 0.031111112,-0.36 -0.01 9.84,200 4 120,26
226,01110011,00000000,0.9995117 0.01184082 0.027038574 -0.011047363,-0.08 -0.31444445 0.026666667,-0.33 -0.05 9.86,199 8 120,26
227,01110011,00000000,0.9996338 0.0099487305 0.021057129 -0.0107421875,-0.13333334 -0.44 0.025555555,-0.23 -0.05 9.86,197 12 120,26
228,01110011,00000000,0.9998779 0.0063476562 0.011413574 -0.010253906,-0.18777777 -0.5188889 0.03,-0.15 -0.04 9.84,195 16 120,26
229,01110011,00000000,0.99993896 0.0028076172 0.0037231445 -0.00970459,-0.25 -0.5411111 0.04111111,-0.09 -0.09 9.89,193 20 120,26
230,01110011,00000000,0.99993896 -0.00091552734 -0.0037231445 -0.009033203,-0.2688889 -0.5188889 0.05111111,-0.05 -0.11 9.85,191 81 255,26
231,01110011,00000000,0.9998169 -0.00592041 -0.012451172 -0.0078125,-0.2588889 -0.4677778 0.06333333,0 -0.15 9.87,189 26 120,26
232,01110011,00000000,0.99975586 -0.009277344 -0.01751709 -0.0067749023,-0.23555556 -0.35777777 0.08,0.05 -0.15 9.85,187 29 120,26
233,01110011,00000000,0.9996338 -0.012207031 -0.020996094 -0.005493164,-0.19888888 -0.24 0.094444446,0.11 -0.18 9.84,185 32 120,26
234,01110011,00000000,0.9996338 -0.014709473 -0.022521973 -0.003479004,-0.13444445 -0.10222222 0.10555556,0.12 -0.25 9.84,183 35 120,26
235,01110011,00000000,0.9996338 -0.015075684 -0.021240234 -0.0018310547,-0.008888889 0.10555556 0.12444445,0.13 -0.26 9.84,182 38 120,26
236,01110011,00000000,0.99975586 -0.014160156 -0.017822266 0,0.08111111 0.26222223 0.13777778,0.12 -0.25 9.84,181 40 120,26
237,01110011,00000000,0.9998779 -0.011474609 -0.010253906 0.002746582,0.13777778 0.3911111 0.14888889,0.04 -0.2 9.83,181 38 120,26
238,01110011,00000000,0.99993896 -0.008483887 -0.003112793 -0.008300781,0.22444445 0.50222224 0.16222222,-0.06 -0.22 9.88,183 32 120,26
239,01110011,00000000,0.99993896 -0.0048828125 0.0040283203 0.0073242188,0.27222222 0.49333334 0.16555555,-0.11 -0.22 9.86,187 23 120,26
240,01110011,00000000,0.9998169 0.00024414062 0.012817383 0.010375977,0.28111112 0.45222223 0.16555555,-0.17 -0.16 9.88,192 14 120,26
241,01110011,00000000,0.9996948 0.003967285 0.018310547 0.0126953125,0.26222223 0.36444443 0.16444445,-0.19 -0.14 9.86,198 6 120,26
242,01110011,00000000,0.99957275 0.007385254 0.022583008 0.014892578,0.24111111 0.29444444 0.16,-0.22 -0.09 9.89,200 4 120,26
243,01110011,00000000,0.9994507 0.010803223 0.026000977 0.0178833,0.18888889 0.18666667 0.15666667,-0.26 -0.07 9.84,201 4 120,26
244,01110011,00000000,0.99938965 0.012145996 0.026428223 0.020019531,0.078888886 0 0.14888889,-0.32 0 9.84,203 4 120,26
245,01110011,00000000,0.9993286 0.012268066 0.024658203 0.022033691,-0.017777778 -0.16 0.14,-0.32 -0.02 9.87,204 6 120,26
246,01110011,00000000,0.9994507 0.010498047 0.019165039 0.024536133,-0.101111114 -0.30333334 0.13444445,-0.32 -0.01 9.86,202 10 120,26
247,01110011,00000000,0.9995117 0.008300781 0.013427734 0.026428223,-0.17888889 -0.42333335 0.12888889,-0.22 -0.04 9.86,200 14 255,26
248,01110011,00000000,0.9995117 0.0053710938 0.0068359375 0.028198242,-0.23777778 -0.4588889 0.12777779,-0.12 -0.08 9.87,198 18 120,26
249,01110011,00000000,0.9995117 0.00036621094 -0.0020141602 0.030639648,-0.28333333 -0.46222222 0.12888889,-0.09 -0.07 9.86,196 21 120,26
250,01110011,00000000,0.99938965 -0.003540039 -0.008239746 0.03253174,-0.29333332 -0.43222222 0.13333334,-0.04 -0.13 9.85,194 24 120,26
251,01110011,00000000,0.9992676 -0.0073242188 -0.0134887695 0.034484863,-0.27888888 -0.3611111 0.13777778,0.01 -0.15 9.85,192 27 120,26
252,01110011,00000000,0.9990845 -0.011779785 -0.018493652 0.037109375,-0.25666666 -0.2777778 0.14222223,0.03 -0.18 9.84,190 30 120,26
253,01110011,00000000,0.99890137 -0.014343262 -0.020446777 0.039245605,-0.20777778 -0.17222223 0.14777778,0.08 -0.23 9.84,188 33 120,26
254,01110011,00000000,0.9987793 -0.015930176 -0.020690918 0.041381836,-0.094444446 -0.0055555557 0.15222222,0.11 -0.28 9.86,186 36 120,26
255,01110011,00000000,0.99871826 -0.016174316 -0.018920898 0.0435791,0.013333334 0.13111112 0.15777777,0.11 -0.28 9.85,184 39 120,26
0,01110011,00000000,0.99871826 -0.014465332 -0.013977051 0.04663086,0.10333333 0.25444445 0.16111112,0.08 -0.23 9.86,183 40 120,26
1,01110011,00000000,0.9986572 -0.012268066 -0.008666992 0.048950195,0.18222222 0.37666667 0.16555555,0.03 -0.22 9.84,183 38 120,26
2,01110011,00000000,0.9985962 -0.009338379 -0.0025634766 0.05126953,0.24222222 0.4211111 0.16222222,-0.04 -0.22 9.86,186 33 120,26
3,01110011,00000000,0.9984741 -0.0043945312 0.0056762695 0.05419922,0.29 0.4188889 0.15888889,-0.12 -0.17 9.89,190 26 120,26
4,01110011,00000000,0.998291 -0.00036621094 0.011352539 0.05633545,0.30222222 0.36333334 0.14666666,-0.18 -0.15 9.87,195 19 120,26
5,01110011,00000000,0.9981079 0.003479004 0.016113281 0.058288574,0.2911111 0.30333334 0.14,-0.19 -0.12 9.85,201 13 120,26
6,01110011,00000000,0.99786377 0.008117676 0.020812988 0.06072998,0.26666668 0.23777778 0.13111112,-0.21 -0.08 9.86,207 8 120,26
7,01110011,00000000,0.9977417 0.0107421875 0.022766113 0.062438965,0.18888889 0.115555555 0.11666667,-0.23 -0.05 9.86,212 5 120,26
8,01110011,00000000,0.9976196 0.012329102 0.023254395 0.06390381,0.09555556 0 0.10333333,-0.29 -0.01 9.86,215 5 120,26
9,01110011,00000000,0.9975586 0.012512207 0.020996094 0.06573486,-0.006666667 -0.12888889 0.093333334,-0.25 0 9.86,216 8 120,26
10,01110011,00000000,0.99749756 0.011230469 0.017150879 0.06677246,-0.12 -0.28777778 0.075555556,-0.23 -0.04 9.85,214 12 120,26
11,01110011,00000000,0.9975586 0.009094238 0.012084961 0.06781006,-0.18222222 -0.3611111 0.06888889,-0.17 -0.05 9.84,212 16 120,26
12,01110011,00000000,0.9975586 0.0051879883 0.0045166016 0.06896973,-0.24222222 -0.38555557 0.06111111,-0.1 -0.04 9.87,210 20 120,26
13,01110011,00000000,0.9975586 0.0014038086 -0.0012207031 0.06982422,-0.3 -0.38222224 0.057777777,-0.06 -0.09 9.86,208 23 120,26
14,01110011,00000000,0.9974365 -0.0025024414 -0.006591797 0.070617676,-0.3011111 -0.3511111 0.052222222,-0.04 -0.13 9.89,206 26 120,26
15,01110011,00000000,0.99731445 -0.0075683594 -0.012512207 0.07159424,-0.2888889 -0.30333334 0.053333335,0 -0.15 9.86,204 29 120,26
16,01110011,00000000,0.9971924 -0.010925293 -0.015686035 0.07232666,-0.25444445 -0.20111111 0.05,0.01 -0.19 9.84,202 32 120,26
17,01110011,00000000,0.9970703 -0.01373291 -0.01751709 0.07305908,-0.19666667 -0.10555556 0.05,0 -2.56 9.86,200 35 120,26
18,01110011,00000000,0.99694824 -0.015808105 -0.017456055 0.07397461,-0.107777774 0.0055555557 0.05,0.06 -0.29 9.88,198 38 120,26
19,01110011,00000000,0.99694824 -0.01574707 -0.0154418945 0.074645996,0.033333335 0.15222222 0.04888889,0.06 -0.26 9.83,196 41 120,26
20,01110011,00000000,0.99694824 -0.014465332 -0.01184082 0.07525635,0.12 0.25777778 0.046666667,0 -0.25 9.9,194 41 120,26
21,01110011,00000000,0.9970093 -0.0115356445 -0.005493164 0.07611084,0.17888889 0.32555556 0.043333333,-0.01 -0.22 9.85,195 38 120,26
22,01110011,00000000,0.9970093 -0.008483887 0 0.07659912,0.2588889 0.36222222 0.033333335,-0.09 -0.23 9.88,197 33 120,26
23,01110011,00000000,0.9970093 -0.0048217773 0.0053100586 0.0770874,0.29666665 0.35555556 0.03,-0.11 -0.18 9.87,201 27 120,26
24,01110011,00000000,0.9968872 0.00030517578 0.01184082 0.07739258,0.3011111 0.31555554 0.02,-0.15 -0.16 9.85,206 21 120,26
25,01110011,00000000,0.984375 0.0040283203 0.01574707 0.07739258,0.28111112 -4.267778 -10.241111,-0.18 -0.13 9.88,212 16 120,26
26,01110011,00000000,0.9968262 0.007385254 0.018737793 0.07733154,0.25555557 0.17777778 -0.007777778,-0.19 -0.1 9.85,217 13 120,26
27,01110011,00000000,0.9967041 0.010864258 0.020690918 0.07702637,0.19888888 0.093333334 -0.018888889,-0.22 -0.06 9.84,221 12 120,26
28,01110011,00000000,0.99676514 0.012268066 0.020629883 0.076538086,0.11444444 -0.006666667 -0.03,-0.23 0 9.85,224 13 120,26
29,01110011,00000000,0.9968262 0.012390137 0.018798828 0.075927734,-0.018888889 -0.15333334 -0.046666667,-0.24 0 9.84,225 16 120,26
30,01110011,00000000,0.9970093 0.0107421875 0.014099121 0.0748291,-0.10555556 -0.25111112 -0.055555556,-0.22 -0.05 9.87,223 20 120,26
31,01110011,00000000,0.9971924 0.008605957 0.009460449 0.073913574,-0.16111112 -0.31555554 -0.064444445,-0.13 -0.06 9.85,220 23 120,26
32,01110011,00000000,0.99731445 0.00579834 0.004333496 0.07287598,-0.23555556 -0.34111112 -0.072222225,-0.1 -0.03 9.86,217 26 120,26
33,01110011,00000000,0.9974365 0.0010375977 -0.0022583008 0.07141113,-0.27888888 -0.33 -0.07333333,-0.05 -0.09 9.87,214 29 120,26
34,01110011,00000000,0.9974365 -0.0025634766 -0.006713867 0.0703125,-0.28444445 -0.30444443 -0.07777778,-176.66 -0.01 -0.01,212 32 120,26
35,01110011,00000000,0.9975586 -0.0061035156 -0.010498047 0.06915283,-0.26222223 -0.23555556 -0.07777778,0 -0.15 9.85,210 35 120,26
36,01110011,00000000,0.9975586 -0.010314941 -0.0138549805 0.06762695,-0.23666666 -0.16777778 -0.078888886,0 -0.16 9.85,208 38 120,26
37,01110011,00000000,0.9976196 -0.012756348 -0.015014648 0.066467285,-0.19444445 -0.083333336 -0.078888886,0.04 -0.23 9.83,206 41 120,26
38,01110011,00000000,0.99768066 -0.014282227 -0.014587402 0.06536865,-0.08888889 0.05 -0.07666667,0.05 -0.26 9.85,204 44 120,26
39,01110011,00000000,0.9977417 -0.014587402 -0.012756348 0.06427002,0.012222222 0.14555556 -0.07333333,0.03 -0.29 9.84,202 47 120,26
40,01110011,00000000,0.9979248 -0.013000488 -0.008178711 0.062805176,0.09777778 0.23555556 -0.07444444,0 -0.22 9.84,200 47 120,26
41,01110011,00000000,0.99798584 -0.010925293 -0.0037841797 0.061767578,0.17222223 0.3122222 -0.072222225,-0.06 -0.22 9.86,200 44 120,26
42,01110011,00000000,0.98443604 -0.008178711 0.0010986328 0.06060791,0.23888889 0.33 -10.241111,-0.1 -0.23 9.89,202 40 120,26
43,01110011,00000000,0.99823 -0.003479004 0.007385254 0.059020996,0.27 0.31555554 -0.08,-0.13 -0.17 9.88,206 35 120,26
44,01110011,00000000,0.998291 6.1035156E-05 0.0115356445 0.057739258,0.27222222 0.27 -0.08777778,-0.15 -0.13 9.88,211 30 120,26
45,01110011,00000000,0.998291 0.0034179688 0.014709473 0.05633545,0.24555555 0.19777778 -0.09777778,-0.19 -0.14 9.86,216 26 120,26
46,01110011,00000000,0.998291 0.0073242188 0.017456055 0.05432129,0.22 0.12888889 -0.104444444,-0.2 -0.11 9.85,220 24 120,26
47,01110011,00000000,0.9984131 0.009521484 0.018127441 0.05267334,0.15444444 0.018888889 -0.11111111,-0.22 -0.06 9.84,223 23 120,26
48,01110011,00000000,0.9984741 0.0107421875 0.01739502 0.050964355,0.072222225 -0.07666667 -0.11888889,-0.22 -0.03 9.84,225 25 120,26
49,01110011,00000000,0.9986572 0.010620117 0.014343262 0.048583984,-0.022222223 -0.17333333 -0.12666667,-0.23 -0.01 9.85,225 28 120,26
50,01110011,00000000,0.99884033 0.009216309 0.010620117 0.04675293,-0.11666667 -0.2777778 -0.13222222,-0.2 -0.05 9.85,223 31 120,26
51,01110011,00000000,0.99890137 0.0072021484 0.006225586 0.044799805,-0.16333333 -0.31 -0.13333334,-0.12 -0.08 -0.01,220 34 120,26
52,01110011,00000000,0.9990845 0.0036010742 0.00018310547 0.042297363,-0.21111111 -0.31333333 -0.13111112,-0.07 -0.07 9.83,217 37 120,26
53,01110011,00000000,0.9991455 0.00024414062 -0.0040283203 0.040405273,-0.25111112 -0.2888889 -0.12666667,-0.07 -0.11 9.86,214 40 120,26
54,01110011,00000000,0.99920654 -0.003112793 -0.0078125 0.038635254,-0.24333334 -0.25444445 -0.12444445,-0.04 -0.16 9.84,212 43 120,26
55,01110011,00000000,0.99920654 -0.0071411133 -0.01159668 0.036376953,-0.22222222 -0.19555555 -0.115555555,0 -0.15 9.84,210 46 120,26
56,01110011,00000000,0.9992676 -0.009765625 -0.013122559 0.03479004,-0.19222222 -0.093333334 -0.11111111,0 -0.15 9.87,208 49 120,26
57,01110011,00000000,0.9992676 -0.0119018555 -0.013366699 0.03326416,-0.14777778 -0.0044444446 -0.10222222,0.03 -0.18 9.84,206 52 120,26
58,01110011,00000000,0.99938965 -0.013366699 -0.011779785 0.03137207,-0.072222225 0.08777778 -0.094444446,0.02 -0.25 9.85,204 54 120,26
59,01110011,00000000,0.9844971 -0.013061523 -0.009094238 0.030029297,0.043333333 0.19888888 -0.086666666,0.01 -0.25 9.84,202 55 120,26
60,01110011,00000000,0.9995117 -0.01171875 -0.005554199 0.028808594,0.112222224 0.26222223 -0.078888886,-0.01 -0.21 9.84,200 53 120,26
61,01110011,00000000,0.99957275 -0.009033203 0.00018310547 0.02734375,0.15444444 0.3 -0.075555556,-0.06 -0.2 9.84,200 49 120,26
62,01110011,00000000,0.9996338 -0.006286621 0.004638672 0.026245117,0.21111111 0.30666667 -0.072222225,-0.12 -0.2 9.86,202 44 120,26
63,01110011,00000000,0.99957275 -0.003112793 0.0087890625 0.02520752,0.24111111 0.27666667 -0.06888889,-0.16 -0.19 9.89,205 39 120,26
64,01110011,00000000,0.9996338 0.0012207031 0.013427734 0.023864746,0.23666666 0.23333333 -0.06888889,-0.18 -0.13 9.87,209 35 120,26
65,01110011,00000000,0.99957275 0.004211426 0.015991211 0.022766113,0.21666667 0.17666666 -0.06888889,-0.18 -0.11 9.85,213 32 120,26
66,01110011,00000000,0.99957275 0.0067749023 0.01739502 0.02166748,0.18444444 0.08111111 -0.07111111,-0.22 -0.11 9.86,216 30 120,26
67,01110011,00000000,0.99957275 0.009399414 0.017578125 0.020202637,0.14666666 0.0044444446 -0.072222225,-0.22 -0.09 9.87,219 30 120,26
68,01110011,00000000,0.9996338 0.010437012 0.016357422 0.019104004,0.086666666 -0.083333336 -0.07777778,-0.21 -0.04 309.4,76 32 120,26
69,01110011,00000000,0.9996948 0.010437012 0.0138549805 0.017944336,-0.02111111 -0.19666667 -0.07666667,-0.19 -0.02 9.85,220 35 120,26
70,01110011,00000000,0.9998169 0.0087890625 0.009033203 0.016418457,-0.096666664 -0.26444444 -0.075555556,-0.16 -0.07 9.84,218 38 120,26
71,01110011,00000000,0.9998779 0.0067749023 0.0049438477 0.0154418945,-0.14 -0.28777778 -0.07,-0.1 -0.09 9.85,215 41 120,26
72,01110011,00000000,0.9998779 0.004272461 0.00079345703 0.014465332,-0.19 -0.28555554 -0.064444445,-0.07 -0.08 9.87,213 44 120,26
73,01110011,00000000,0.9998779 0.0012207031 -0.0029907227 0.013549805,-0.22555555 -0.26444444 -0.05666667,-0.07 -0.1 9.85,211 47 120,26
74,01110011,00000000,0.9998779 -0.0029907227 -0.0072631836 0.012634277,-0.22777778 -0.22333333 -0.046666667,-0.04 -0.14 9.85,209 50 120,26
75,01110011,00000000,0.9998169 -0.00579834 -0.009521484 0.012023926,-0.19555555 -0.15 -0.03888889,0 -0.15 9.85,207 53 120,26
76,01110011,00000000,0.9998169 0.0126953125 0.0024414062 -0.008300781,-0.1711111 -0.072222225 -0.027777778,0.04 -0.14 9.85,205 55 120,26
77,01110011,00000000,0.9998169 -0.010864258 -0.010620117 0.011230469,-0.13777778 0.01 -0.016666668,0.01 -0.18 9.85,203 57 120,26
78,01110011,00000000,0.9998169 -0.0119018555 -0.009094238 0.011169434,-0.062222224 0.11777778 -0.0022222223,0.02 -0.24 9.86,201 59 120,26
79,01110011,00000000,0.9998779 -0.011962891 -0.006591797 0.011169434,0.018888889 0.18888889 0.0044444446,0 -0.26 9.84,199 59 120,26
80,01110011,00000000,0.9998779 -0.010314941 -0.0020141602 0.011230469,0.094444446 0.23888889 0.012222222,-0.08 -0.2 9.86,197 57 120,26
81,01110011,00000000,0.9998779 -0.008300781 0.0017700195 0.011474609,0.15 0.27 0.018888889,-0.1 -0.17 9.89,197 54 120,26
82,01110011,00000000,0.9998779 -0.005859375 0.0056762695 0.011779785,0.18555556 0.27 0.023333333,-0.14 -0.2 9.85,198 50 120,26
83,01110011,00000000,0.9998779 -0.0018920898 0.010375977 0.012207031,0.2188889 0.24 0.027777778,-0.14 -0.18 9.86,201 46 120,26
84,01110011,00000000,0.9998779 0.0012207031 0.013244629 0.012634277,0.22222222 0.18111111 0.03,-0.15 -0.12 9.86,204 42 120,26
85,01110011,00000000,0.99975586 0.0040893555 0.015197754 0.013000488,0.19555555 0.11666667 0.026666667,-0.18 -0.12 9.87,187 -234 511,26
86,01110011,00000000,0.99975586 0.0072021484 0.016235352 0.0134887695,0.16888888 0.05 0.027777778,-0.19 -0.11 9.87,211 39 120,26
87,01110011,00000000,0.9996948 0.008972168 0.015808105 0.013916016,0.12111111 -0.04777778 0.026666667,-0.2 -0.09 9.84,213 40 120,26
88,01110011,00000000,0.99975586 0.010009766 0.014282227 0.014221191,0.06666667 -0.12555556 0.025555555,-0.19 -0.07 9.86,214 43 120,26
89,01110011,00000000,0.99975586 0.010070801 0.010803223 0.014709473,-0.01 -0.18888889 0.026666667,-0.19 -0.05 9.84,214 46 120,26
90,01110011,00000000,0.99975586 0.0087890625 0.0073242188 0.015136719,-0.10666667 -0.24555555 0.031111112,-0.14 -0.06 9.85,212 49 120,26
91,01110011,00000000,0.9998779 0.0067749023 0.0036621094 0.015625,-0.15 -0.26222223 0.035555556,-0.09 -0.11 9.84,210 52 120,26
92,01110011,00000000,0.9998169 0.0034179688 -0.0010986328 0.016296387,-0.18 -0.25111112 0.04111111,-0.07 -0.1 9.86,208 54 120,26
93,01110011,00000000,0.9998779 0.0004272461 0.003479004 -0.008300781,-0.2211111 -0.21111111 0.05,-0.02 -0.1 9.84,206 56 120,26
94,01110011,00000000,0.9998169 -0.0026855469 -0.006713867 0.01776123,-0.22 -0.16666667 0.054444443,-0.02 -0.16 9.85,204 58 120,26
95,01110011,00000000,0.99975586 -0.0063476562 -0.008911133 0.018920898,-0.19333333 -0.10888889 0.064444445,-0.02 -0.16 9.85,202 60 120,26
96,01110011,00000000,0.9996948 -0.008605957 -0.009338379 0.019897461,-0.15222222 -0.016666668 0.07,0 -0.16 9.84,200 62 120,26
97,01110011,00000000,0.9996338 -0.010375977 -0.008728027 0.020996094,-0.11666667 0.052222222 0.078888886,0 -0.21 9.87,198 64 120,26
98,01110011,00000000,0.9996338 -0.011657715 -0.0063476562 0.022583008,-0.06 0.12888889 0.08555555,-0.01 -0.24 9.85,196 65 120,26
99,01110011,00000000,0.9996338 -0.011413574 -0.0036621094 0.023864746,0.014444444 0.17888889 0.09111111,-0.05 -0.25 9.86,194 65 120,26
100,01110011,00000000,0.9996338 -0.010131836 -0.00061035156 0.02520752,0.112222224 0.2188889 0.094444446,-0.07 -0.22 9.88,192 63 120,26
101,01110011,00000000,0.99957275 -0.007446289 0.0038452148 0.027038574,0.15333334 0.22777778 0.09555556,-0.09 -0.18 9.84,192 60 120,26
102,01110011,00000000,0.9995117 -0.0048217773 0.007019043 0.028381348,0.18444444 0.21555555 0.09555556,-0.14 -0.17 9.88,194 114 767,26
103,01110011,00000000,0.9995117 -0.0017089844 0.009643555 0.029663086,0.22333333 0.16333333 0.09222222,-0.15 -0.16 9.89,197 54 120,26
104,01110011,00000000,0.99938965 0.0021972656 0.012023926 0.03137207,0.21222222 0.11333334 0.09,-0.16 -0.13 9.91,201 52 120,26
105,01110011,00000000,0.9993286 0.004699707 0.012817383 0.032592773,0.18222222 0.05111111 0.086666666,-0.2 -0.11 9.89,205 51 120,26
106,01110011,00000000,0.9993286 0.0067749023 0.012573242 0.03375244,0.14 -0.033333335 0.08111111,-0.19 -0.09 9.82,208 52 120,26
107,01110011,00000000,0.9992676 0.008300781 0.0115356445 0.034851074,0.094444446 -0.093333334 0.075555556,-0.18 -0.08 9.84,210 54 120,26
108,01110011,00000000,0.9992676 0.009155273 0.008911133 0.036193848,0.033333335 -0.15333334 0.07111111,-0.16 -0.03 9.84,211 56 120,26
109,01110011,00000000,0.9992676 0.008666992 0.0061035156 0.03717041,-0.06888889 -0.20555556 0.07,-0.14 -0.02 9.84,210 58 120,26
110,01110011,00000000,0.99920654 0.0072021484 0.0029296875 -0.008300781,-0.13111112 -0.22 0.07111111,-0.12 -0.08 9.85,208 60 120,26
111,01110011,00000000,0.99920654 0.004333496 -0.0012817383 0.03955078,-0.16555555 -0.21555555 0.06888889,-0.08 -0.09 9.83,206 62 120,26
112,01110011,00000000,0.9991455 0.0015869141 -0.0041503906 0.04046631,-0.20444444 -0.18111111 0.06888889,-0.06 -0.09 9.85,204 64 120,26
113,01110011,00000000,0.9991455 -0.0014038086 -0.006591797 0.04156494,-0.22222222 -0.14555556 0.07666667,-0.03 -0.11 9.87,202 66 120,26
114,01110011,00000000,0.99902344 -0.0053100586 -0.008728027 0.04296875,-0.20888889 -0.1 0.075555556,-0.03 -0.16 9.84,200 68 120,26
115,01110011,00000000,0.9989624 -0.007751465 -0.009277344 0.044128418,-0.16555555 -0.023333333 0.08,0 -0.17 9.85,198 70 120,26
116,01110011,00000000,0.99890137 -0.009765625 -0.008850098 0.04522705,-0.13444445 0.04 0.08,0 -0.16 9.83,196 72 120,26
117,01110011,00000000,0.99884033 -0.011474609 -0.007019043 0.04675293,-0.08888889 0.093333334 0.08222222,-0.01 -0.19 9.86,194 73 120,26
118,01110011,00000000,0.9987793 -0.011779785 -0.004760742 0.047973633,-0.0011111111 0.16111112 0.08222222,-0.04 -0.22 9.89,192 73 120,26
119,01110011,00000000,0.99871826 -0.011169434 -0.0021362305 0.049072266,0.07666667 0.18444444 0.08111111,-0.07 -0.22 9.85,190 71 255,26
120,01110011,00000000,0.9986572 -0.008911133 0.0015869141 0.050476074,0.13444445 0.19333333 0.07666667,-0.11 -0.21 9.86,190 68 120,26
121,01110011,00000000,0.9986572 -0.006591797 0.004333496 0.051452637,0.17888889 0.17666666 0.06666667,-0.1 -0.17 9.89,191 65 120,26
122,01110011,00000000,0.9985962 -0.00390625 0.0067749023 0.052368164,0.20555556 0.15222222 0.06555556,-0.14 -0.18 9.88,194 62 120,26
123,01110011,00000000,0.99853516 6.1035156E-05 0.009338379 0.053588867,0.2211111 0.115555555 0.062222224,-0.16 -0.13 9.86,197 60 120,26
124,01110011,00000000,0.9984741 0.0028686523 0.010375977 0.054260254,0.19555555 0.05 0.05111111,-0.17 -0.09 9.85,201 59 120,26
125,01110011,00000000,0.9984131 0.0053100586 0.0107421875 0.05493164,0.16222222 -0.0055555557 0.04111111,-0.16 -0.11 9.86,204 59 120,26
126,01110011,00000000,0.9984131 0.007751465 0.00982666 0.055603027,0.12666667 -0.05888889 0.034444444,-0.17 -0.1 9.85,206 61 120,26
127,01110011,00000000,0.99835205 0.0087890625 0.008361816 0.05596924,0.06 -0.11888889 0.026666667,-0.14 -0.07 9.84,207 63 120,26
128,01110011,00000000,0.99835205 0.009155273 0.006286621 0.056274414,-0.0033333334 -0.15666667 0.02111111,-0.15 -0.06 9.83,207 65 120,26
129,01110011,00000000,0.99835205 0.0079956055 0.0028686523 0.05657959,-0.07444444 -0.18 0.017777778,-0.13 -0.04 9.83,205 67 120,26
130,01110011,00000000,0.99835205 0.006225586 0.00012207031 0.056762695,-0.14666666 -0.18222222 0.013333334,-0.07 -0.1 9.86,203 69 120,26
131,01110011,00000000,0.99835205 0.00390625 -0.0022583008 0.0569458,-0.17666666 -0.16444445 0.012222222,-0.05 -0.1 9.85,201 71 120,26
132,01110011,00000000,0.99835205 0.00030517578 -0.005004883 0.05706787,-0.20111111 -0.13444445 0.01,-0.05 -0.1 9.85,199 73 120,26
133,01110011,00000000,0.99835205 -0.0025634766 -0.0065307617 0.05706787,-0.21111111 -0.08555555 0.011111111,-0.04 -0.13 9.84,197 75 120,26
134,01110011,00000000,0.998291 -0.0053710938 -0.0073242188 0.057128906,-0.18777777 -0.037777778 0.01,-0.02 -0.17 9.85,195 77 120,26
135,01110011,00000000,0.998291 -0.008361816 -0.0072021484 0.05718994,-0.15444444 0.012222222 0.011111111,0 -0.18 9.86,193 79 120,26
136,01110011,00000000,0.99823 -0.009887695 -0.006225586 0.057250977,-0.11666667 0.064444445 0.008888889,-0.02 -0.19 9.86,191 81 120,26
137,01110011,00000000,0.998291 -0.010925293 -0.004699707 0.057250977,-0.052222222 0.11888889 0.006666667,-0.03 -0.21 9.88,189 81 120,26
138,01110011,00000000,0.99835205 -0.010925293 -0.0017700195 0.05718994,0.012222222 0.15222222 0.006666667,-0.06 -0.22 9.86,187 80 120,26
139,01110011,00000000,0.998291 -0.00982666 0.0006713867 0.057128906,0.08 0.16666667 0.0033333334,-0.08 -0.22 9.87,185 78 120,26
140,01110011,00000000,0.998291 -0.008117676 0.003112793 0.057128906,0.14666666 0.16 -0.0044444446,-0.12 -0.19 9.87,185 76 120,26
141,01110011,00000000,0.99835205 -0.0049438477 0.0060424805 0.057006836,0.17777778 0.14222223 -0.011111111,-0.11 -0.18 9.87,187 74 120,26
142,01110011,00000000,0.99835205 -0.0021972656 0.0078125 0.05682373,0.2 0.11444444 -0.014444444,-0.14 -0.16 9.86,190 72 120,26
143,01110011,00000000,0.99835205 0.0006713867 0.009094238 0.05645752,0.20777778 0.062222224 -0.023333333,-0.15 -0.14 9.86,193 71 120,26
144,01110011,00000000,0.99835205 0.0033569336 0.009643555 0.05609131,0.18666667 0.017777778 -0.03,-0.19 -0.11 9.86,196 71 120,26
145,01110011,00000000,0.9984131 0.0063476562 0.009399414 0.055358887,0.15444444 -0.03 -0.037777778,-117.92 -0.08 9.87,199 72 120,26
146,01110011,00000000,0.9984131 0.00793457 0.008422852 0.054748535,0.09777778 -0.086666666 -0.044444446,-0.15 -0.1 9.84,201 74 120,26
147,01110011,00000000,0.9984741 0.008972168 0.0068969727 0.053955078,0.046666667 -0.12111111 -0.05,-0.13 -0.09 9.84,202 76 120,26
148,01110011,00000000,0.99853516 0.009155273 0.0041503906 0.052978516,-0.01 -0.14444445 -0.053333335,-0.12 -0.08 9.84,202 78 120,26
149,01110011,00000000,0.9985962 0.008178711 0.0018920898 0.052246094,-0.09222222 -0.15444444 -0.052222222,-0.08 -0.07 9.83,200 80 120,26
150,01110011,00000000,0.9986572 0.0065307617 -0.00030517578 0.051452637,-0.1388889 -0.14777778 -0.054444443,-0.06 -0.09 9.84,198 82 120,26
151,01110011,00000000,0.99871826 0.003479004 -0.0029296875 0.050354004,-0.1711111 -0.12666667 -0.052222222,-0.05 -0.11 9.86,196 84 120,26
152,01110011,00000000,0.9987793 0.0008544922 -0.0045166016 0.049560547,-0.19666667 -0.08888889 -0.054444443,-0.03 -0.14 9.87,194 85 120,26
153,01110011,00000000,0.984375 -0.0018310547 -0.005554199 0.04876709,-0.19555555 -3.4144444 -9.956667,-0.02 -0.16 9.84,192 86 120,26
154,01110011,00000000,0.9987793 -0.0052490234 -0.0059814453 0.047790527,-0.17333333 -0.0055555557 -0.05111111,-0.02 -0.18 9.88,190 87 120,26
155,01110011,00000000,0.99884033 -0.0073242188 -0.0056152344 0.047058105,-0.13444445 0.05111111 -0.05,-0.03 -0.18 9.84,188 88 120,26
156,01110011,00000000,0.99884033 -0.008911133 -0.004638672 0.04638672,-0.09 0.08888889 -0.044444446,-0.03 -0.18 9.87,186 89 120,26
157,01110011,00000000,0.99890137 -0.009887695 -0.0025024414 0.04547119,-0.037777778 0.11888889 -0.05,-0.07 -0.21 9.88,184 88 120,26
158,01110011,00000000,0.9989624 -0.009643555 -0.00048828125 0.044799805,0.04222222 0.14888889 -0.045555554,-0.09 -0.21 9.87,183 87 120,26
159,01110011,00000000,0.99902344 -0.008605957 0.0015869141 0.044128418,0.096666664 0.14777778 -0.045555554,-0.1 -0.19 9.86,182 85 120,26
160,01110011,00000000,0.99902344 -0.006164551 0.004272461 0.043151855,0.14222223 0.13333334 -0.04888889,-0.11 -0.17 9.86,183 83 120,26
161,01110011,00000000,0.9990845 -0.0037841797 0.0060424805 0.042419434,0.18 0.104444444 -0.05,-0.13 -0.18 9.88,185 81 120,26
162,01110011,00000000,0.9991455 -0.0010986328 0.0073242188 0.041625977,0.19555555 0.07333333 -0.052222222,-120.46 -0.01 -0.01,188 80 120,26
163,01110011,00000000,0.9991455 0.0025024414 0.008300781 0.04058838,0.19444445 0.032222223 -0.053333335,-0.14 -0.13 9.88,191 79 120,26
164,01110011,00000000,0.99920654 0.0048828125 0.008117676 0.039733887,0.16777778 -0.018888889 -0.057777777,-0.14 -0.13 9.87,194 79 120,26
165,01110011,00000000,0.9991455 0.0067749023 0.007385254 0.03881836,0.11777778 -0.06888889 -0.06111111,-0.17 -0.11 9.87,197 81 120,26
166,01110011,00000000,0.99920654 0.008422852 0.0056152344 0.037597656,0.07111111 -0.10222222 -0.062222224,-0.13 -0.08 9.83,199 83 120,26
167,01110011,00000000,0.9992676 0.0087890625 0.0038452148 0.03668213,0.0011111111 -0.12888889 -0.062222224,-0.11 -0.07 9.85,199 84 120,26
168,01110011,00000000,0.9993286 0.008239746 0.0018920898 0.035827637,-0.05666667 -0.13777778 -0.06111111,-0.1 -0.07 9.84,198 85 120,26
169,01110011,00000000,0.99938965 0.0065307617 -0.0006713867 0.03466797,-0.104444444 -0.13666667 -0.06,-0.07 -0.09 9.85,196 86 120,26
170,01110011,00000000,0.9845581 0.0044555664 -0.002380371 0.033813477,-0.15666667 -0.107777774 -10.241111,-0.05 -0.1 9.82,194 87 120,26
171,01110011,00000000,0.9994507 0.0020751953 -0.0037841797 0.033081055,-0.18 -0.08555555 -0.04777778,-0.06 -0.13 9.84,192 88 120,26
172,01110011,00000000,0.9994507 -0.0013427734 -0.0049438477 0.032226562,-0.18666667 -0.04888889 -0.044444446,-0.04 -0.13 9.84,190 89 120,26
173,01110011,00000000,0.9994507 -0.0038452148 -0.0052490234 0.03161621,-0.17888889 -0.016666668 -0.04111111,-0.04 -0.14 9.85,188 90 120,26
174,01110011,00000000,0.9994507 -0.0061035156 -0.005004883 0.03112793,-0.14444445 0.032222223 -0.031111112,-0.03 -0.18 9.85,186 91 120,26
175,01110011,00000000,0.9994507 -0.008300781 -0.0038452148 0.030517578,-0.107777774 0.06888889 -0.03,-0.04 -0.18 9.86,184 92 120,26
176,01110011,00000000,0.9995117 -0.009277344 -0.0025024414 0.030212402,-0.06555556 0.09777778 -0.025555555,-0.06 -0.2 9.88,182 92 120,26
177,01110011,00000000,0.9995117 -0.009460449 -0.0008544922 0.029846191,0.008888889 0.12 -0.023333333,-0.08 -0.19 9.86,181 91 120,26
178,01110011,00000000,0.9995117 -0.008850098 0.00091552734 0.029541016,0.064444445 0.12666667 -0.017777778,-0.08 -0.21 9.86,180 89 120,26
179,01110011,00000000,0.99957275 -0.006958008 0.0031738281 0.029174805,0.11111111 0.11777778 -0.016666668,-0.11 -0.16 -0.01,180 87 120,26
180,01110011,00000000,0.9995117 -0.0048217773 0.004699707 0.028869629,0.16 0.09111111 -0.015555556,-0.12 -0.17 9.86,181 85 120,26
181,01110011,00000000,0.99957275 -0.002380371 0.005859375 0.028625488,0.18111111 0.06888889 -0.014444444,-0.13 -0.18 9.86,183 84 120,26
182,01110011,00000000,0.99957275 0.0010375977 0.006713867 0.028320312,0.18666667 0.035555556 -0.016666668,-0.15 -0.13 9.86,186 84 120,26
183,01110011,00000000,0.9995117 0.0036010742 0.006713867 0.028076172,0.1711111 -0.012222222 -0.015555556,-0.13 -0.11 9.86,189 84 120,26
184,01110011,00000000,0.99957275 0.00579834 0.006286621 0.027832031,0.14666666 -0.04777778 -0.017777778,-0.14 -0.11 9.84,192 85 120,26
185,01110011,00000000,0.99957275 0.0079956055 0.005065918 0.027526855,0.107777774 -0.072222225 -0.014444444,-0.12 -0.1 9.85,194 86 120,26
186,01110011,00000000,0.99957275 0.008850098 0.0036010742 0.02734375,0.04111111 -0.10333333 -0.013333334,-0.14 -0.06 9.84,195 87 120,26
187,01110011,00000000,0.98443604 0.008972168 0.0020141602 0.027282715,-0.011111111 -0.115555555 -0.008888889,-0.1 -0.08 9.84,195 88 120,26
188,01110011,00000000,0.99957275 0.0079956055 -0.00018310547 0.027282715,-0.062222224 -0.11777778 -0.0044444446,-0.08 -0.1 9.84,193 89 120,26
189,01110011,00000000,0.99957275 0.0064086914 -0.0017700195 0.027160645,-0.12555556 -0.10222222 -0.0011111111,-0.05 -0.1 9.84,191 90 120,26
190,01110011,00000000,0.99957275 0.0043945312 -0.003112793 0.027160645,-0.15666667 -0.08 0.0033333334,-0.05 -0.12 9.86,189 91 120,26
191,01110011,00000000,0.9996338 0.001159668 -0.004272461 0.027282715,-0.17444444 -0.052222222 0.011111111,-0.05 -0.12 9.84,187 92 120,26
192,01110011,00000000,0.9996338 -0.0012817383 -0.004699707 0.02746582,-0.17555556 -0.017777778 0.015555556,-0.06 -0.17 9.87,185 93 120,26
193,01110011,00000000,0.99957275 -0.0037231445 -0.004638672 0.027709961,-0.16111112 0.017777778 0.018888889,-0.04 -0.16 9.84,183 94 120,26
194,01110011,00000000,0.9995117 -0.0064086914 -0.003967285 0.028137207,-0.13444445 0.04222222 0.024444444,-0.06 -0.16 9.85,182 95 120,26
195,01110011,00000000,0.99957275 -0.0078125 -0.0029296875 0.028503418,-0.08111111 0.078888886 0.03,-0.04 -0.19 9.84,181 95 120,26
196,01110011,00000000,0.99957275 -0.008544922 -0.0016479492 0.0289917,-0.03 0.09777778 0.032222223,-0.06 -0.18 296.58,52 4 120,26
197,01110011,00000000,0.9995117 -0.008361816 0.00024414062 0.029663086,0.02 0.101111114 0.033333335,-0.08 -0.21 9.89,179 94 120,26
198,01110011,00000000,0.9995117 -0.007385254 0.0016479492 0.030151367,0.08777778 0.093333334 0.035555556,-0.12 -0.18 9.86,178 93 120,26
199,01110011,00000000,0.9995117 -0.00579834 0.0029296875 0.030639648,0.12888889 0.07777778 0.036666665,-0.12 -0.16 9.86,178 92 120,26
200,01110011,00000000,0.9995117 -0.0028686523 0.004211426 0.031311035,0.16 0.057777777 0.033333335,-0.13 -0.18 9.87,180 91 120,26
201,01110011,00000000,0.9995117 -0.00036621094 0.0048217773 0.031799316,0.17777778 0.024444444 0.034444444,-0.12 -0.14 9.88,182 91 120,26
202,01110011,00000000,0.9994507 0.0020751953 0.0048828125 0.032287598,0.17444444 -0.006666667 0.033333335,-0.12 -0.12 9.88,185 91 120,26
203,01110011,00000000,0.99938965 0.0051879883 0.0045166016 0.032958984,0.15888889 -0.034444444 0.035555556,-0.11 -0.12 9.85,188 92 120,26
204,01110011,00000000,0.99938965 0.011047363 0.006225586 -0.008300781,0.115555555 -0.06333333 0.033333335,-0.12 -0.11 9.85,191 93 120,26
205,01110011,00000000,0.99938965 0.008300781 0.0026245117 0.033935547,0.07333333 -0.08444444 0.033333335,-0.11 -0.09 9.84,193 94 120,26
206,01110011,00000000,0.9993286 0.009033203 0.0008544922 0.034606934,0.026666667 -0.094444446 0.033333335,-0.11 -0.06 9.85,193 95 120,26
207,01110011,00000000,0.9993286 0.0087890625 -0.0005493164 0.035095215,-0.024444444 -0.09888889 0.035555556,-0.09 -0.07 9.86,192 96 120,26
208,01110011,00000000,0.9993286 0.0076904297 -0.0018920898 0.035583496,-0.08888889 -0.08777778 0.03888889,-0.07 -0.08 9.84,190 97 120,27
209,01110011,00000000,0.9993286 0.005432129 -0.0034179688 0.036315918,-0.12888889 -0.06555556 0.037777778,-0.05 -0.1 9.85,188 98 120,27
210,01110011,00000000,0.9992676 0.0032348633 -0.0041503906 0.03692627,-0.15777777 -0.05 0.043333333,-0.07 -0.11 9.84,186 99 120,27
211,01110011,00000000,0.9992676 0.00079345703 -0.0045776367 0.037597656,-0.17222223 -0.014444444 0.04777778,-0.06 -0.13 9.87,184 100 120,27
212,01110011,00000000,0.99920654 -0.002380371 -0.0045776367 0.038513184,-0.16888888 0.007777778 0.04888889,-0.06 -0.14 9.85,182 101 120,27
213,01110011,00000000,0.9991455 -0.0045166016 -0.004211426 0.039245605,-0.15 0.034444444 0.04888889,-0.07 -0.18 9.85,50 225 767,27
214,01110011,00000000,0.99920654 -0.006225586 -0.003479004 0.039916992,-0.10555556 0.06333333 0.052222222,-0.07 -0.17 9.86,180 102 120,27
215,01110011,00000000,0.9991455 -0.007385254 -0.002380371 0.04071045,-0.06111111 0.08 0.05,-0.08 -0.19 9.87,179 102 120,27
216,01110011,00000000,0.9990845 -0.007873535 -0.00079345703 0.04168701,-0.017777778 0.08555555 0.05,-0.11 -0.2 9.87,178 101 120,27
217,01110011,00000000,0.99902344 -0.007446289 0.00024414062 0.0423584,0.052222222 0.07666667 0.04888889,-0.11 -0.19 9.88,177 100 120,27
218,01110011,00000000,0.99902344 -0.0063476562 0.0013427734 0.043029785,0.096666664 0.064444445 0.044444446,-0.13 -0.2 9.9,176 99 120,27
219,01110011,00000000,0.99902344 -0.00390625 0.002380371 0.043884277,0.13444445 0.046666667 0.04222222,-0.15 -0.16 9.88,177 98 120,27
220,01110011,00000000,0.9989624 -0.0017089844 0.0028686523 0.044433594,0.16444445 0.02 0.036666665,-0.11 -0.15 9.86,179 98 120,27
221,01110011,00000000,0.9989624 0.0006713867 0.0065307617 -0.008300781,0.17222223 -0.0055555557 0.036666665,-0.11 -0.14 9.86,182 98 120,27
222,01110011,00000000,0.9989624 0.0037841797 0.0026855469 0.045532227,0.16333333 -0.03 0.03,-0.12 -0.13 9.85,185 99 120,27
223,01110011,00000000,0.99890137 0.005859375 0.0020141602 0.045959473,0.12222222 -0.062222224 0.025555555,-0.13 -0.12 9.85,188 100 120,27
224,01110011,00000000,0.99890137 0.0073242188 0.0010986328 0.046325684,0.086666666 -0.072222225 0.026666667,-0.1 -0.09 9.85,190 101 120,27
225,01110011,00000000,0.99890137 0.008300781 -0.00030517578 0.046813965,0.04 -0.07777778 0.023333333,-0.1 -0.1 9.85,191 102 120,27
226,01110011,00000000,0.99884033 0.008239746 -0.0014648438 0.04711914,-0.02111111 -0.08111111 0.023333333,-0.08 -0.09 9.84,191 103 120,27
227,01110011,00000000,0.99884033 0.007507324 -0.0025024414 0.047424316,-0.072222225 -0.06666667 0.02111111,-0.06 -0.1 9.84,189 104 120,27
228,01110011,00000000,0.9987793 0.005554199 -0.0036621094 0.047790527,-0.11111111 -0.04888889 0.022222223,-0.05 -0.11 9.85,187 105 120,27
229,01110011,00000000,0.99884033 0.003540039 -0.0041503906 0.048095703,-0.15 -0.022222223 0.02111111,-0.05 -0.13 9.86,185 106 120,27
230,01110011,00000000,0.99884033 0.0013427734 -0.0044555664 0.04840088,-0.16111112 0.0011111111 0.02111111,-0.06 -0.15 9.84,183 51 1023,27
231,01110011,00000000,0.9987793 -0.0016479492 -0.0043945312 0.04876709,-0.15888889 0.02 0.02111111,-0.04 -0.14 9.85,182 108 120,27
232,01110011,00000000,0.9987793 -0.0038452148 -0.003967285 0.0491333,-0.14333333 0.04111111 0.016666668,-0.06 -0.17 9.86,181 108 120,27
233,01110011,00000000,0.9987793 -0.0056152344 -0.0033569336 0.04937744,-0.11111111 0.057777777 0.02111111,-0.09 -0.17 9.87,180 108 120,27
234,01110011,00000000,0.99871826 -0.0072021484 -0.0021362305 0.049682617,-0.07333333 0.064444445 0.015555556,-0.05 -0.17 9.84,179 107 120,27
235,01110011,00000000,0.99871826 -0.0076293945 -0.001159668 0.049865723,-0.014444444 0.07 0.012222222,-0.1 -0.18 9.88,178 106 120,27
236,01110011,00000000,0.99871826 -0.007446289 -0.00018310547 0.049987793,0.032222223 0.06111111 0.01,-0.11 -0.2 9.88,177 105 120,27
237,01110011,00000000,0.99871826 -0.006164551 0.00079345703 0.049987793,0.078888886 0.04777778 0.0055555557,-0.11 -0.2 9.87,176 104 120,27
238,01110011,00000000,0.9987793 -0.0045166016 0.0012817383 -0.008300781,0.12777779 0.025555555 0.0022222223,-0.11 -0.17 9.85,176 104 120,27
239,01110011,00000000,0.99871826 -0.0025024414 0.0015869141 0.049987793,0.15 0.006666667 -0.0022222223,-0.12 -0.17 9.87,178 104 120,27
240,01110011,00000000,0.99871826 0.00048828125 0.0015258789 0.049926758,0.16 -0.013333334 -0.007777778,-0.13 -0.11 9.86,180 105 120,27
241,01110011,00000000,0.9987793 0.0028076172 0.0012207031 0.049865723,0.15888889 -0.032222223 -0.01,-0.11 -0.13 9.88,183 106 120,27
242,01110011,00000000,0.9987793 0.0048828125 0.00061035156 0.049682617,0.13777778 -0.05111111 -0.016666668,-0.12 -0.11 9.83,186 107 120,27
243,01110011,00000000,0.99871826 0.007080078 -0.00036621094 0.04937744,0.10666667 -0.06111111 -0.015555556,-0.11 -0.11 9.85,188 108 120,27
244,01110011,00000000,0.99871826 0.008178711 -0.0012207031 0.049072266,0.07111111 -0.064444445 -0.02111111,-0.09 -0.09 9.88,189 109 120,27
245,01110011,00000000,0.9987793 0.008544922 -0.0021362305 0.048828125,0.011111111 -0.062222224 -0.022222223,-0.08 -0.08 9.84,189 110 120,27
246,01110011,00000000,0.9987793 0.008056641 -0.0032348633 0.048339844,-0.036666665 -0.057777777 -0.018888889,-0.07 -0.07 9.86,188 111 120,27
247,01110011,00000000,0.9987793 0.006958008 -0.00390625 0.048034668,-0.07777778 -0.037777778 -0.02,-0.08 -0.08 9.86,186 112 255,27
248,01110011,00000000,0.9987793 0.0053710938 -0.004333496 0.047729492,-0.12444445 -0.02 -0.018888889,-0.07 -0.1 9.84,184 113 120,27
249,01110011,00000000,0.99884033 0.0033569336 -0.0044555664 0.047424316,-0.14555556 -0.0022222223 -0.02,-0.05 -0.11 9.84,182 114 120,27
250,01110011,00000000,0.99890137 0.00048828125 -0.0043945312 0.047058105,-0.15333334 0.016666668 -0.016666668,-0.06 -0.14 9.86,181 115 120,27
251,01110011,00000000,0.99890137 -0.0015869141 -0.0040283203 0.04675293,-0.14555556 0.035555556 -0.02,-0.07 -0.14 9.87,180 115 120,27
252,01110011,00000000,0.99890137 -0.003540039 -0.003540039 0.04650879,-0.12555556 0.045555554 -0.022222223,-0.08 -0.16 9.87,179 115 120,27
253,01110011,00000000,0.99890137 -0.005493164 -0.0025634766 0.046081543,-0.093333334 0.052222222 -0.02,-0.09 -0.2 9.85,178 115 120,27
254,01110011,00000000,0.99890137 -0.006286621 -0.0018310547 0.045776367,-0.04222222 0.05666667 -0.023333333,-0.11 -0.17 9.88,177 114 120,27
255,01110011,00000000,0.9989624 -0.0064697266 -0.0010986328 0.045410156,0.0022222223 0.04777778 -0.024444444,-0.11 -0.19 9.85,176 113 120,27
0,01110011,00000000,0.9989624 -0.00579834 -0.00024414062 0.044921875,0.046666667 0.04 -0.026666667,-0.11 -0.17 9.86,175 112 120,27
1,01110011,00000000,0.9989624 -0.0045776367 0.00012207031 0.04449463,0.101111114 0.02111111 -0.031111112,-0.11 -0.16 9.86,175 112 120,27
2,01110011,00000000,0.99902344 -0.0028686523 0.00030517578 0.044006348,0.12888889 0.01 -0.03,-0.12 -0.17 9.9,176 112 120,27
3,01110011,00000000,0.9990845 -6.1035156E-05 0.00036621094 0.043395996,0.14555556 -0.008888889 -0.032222223,-0.12 -0.15 9.86,178 112 120,27
4,01110011,00000000,0.9990845 0.0020751953 6.1035156E-05 0.042907715,0.15333334 -0.028888889 -0.034444444,-0.12 -0.15 9.87,180 113 120,27
5,01110011,00000000,0.9990845 0.0041503906 -0.00030517578 0.042419434,0.14222223 -0.04222222 -0.033333335,-0.11 -0.14 9.83,182 114 120,27
6,01110011,00000000,0.9990845 0.006591797 -0.0010986328 0.041748047,0.12111111 -0.046666667 -0.036666665,-0.11 -0.12 9.83,184 115 120,27
7,01110011,00000000,0.9991455 0.007873535 -0.0018310547 0.041259766,0.07777778 -0.05666667 -0.035555556,-0.09 -0.11 9.84,186 116 120,27
8,01110011,00000000,0.9991455 0.008666992 -0.0025024414 0.040649414,0.03888889 -0.052222222 -0.036666665,-0.08 -0.08 9.87,187 116 120,27
9,01110011,00000000,0.9991455 0.008728027 -0.0034179688 0.039978027,-0.006666667 -0.045555554 -0.035555556,-0.07 -0.1 9.84,187 117 120,27
10,01110011,00000000,0.9991455 0.008056641 -0.00390625 0.03955078,-0.06333333 -0.032222223 -0.028888889,-0.08 -0.09 9.83,186 117 120,27
11,01110011,00000000,0.9991455 0.0068359375 -0.004272461 0.039123535,-0.09777778 -0.016666668 -0.028888889,-0.07 -0.11 9.83,184 117 120,27
12,01110011,00000000,0.9992676 0.0045776367 -0.0043945312 0.038635254,-0.12444445 0 -0.026666667,-0.07 -0.13 9.86,182 117 120,27
13,01110011,00000000,0.9992676 0.0025634766 -0.004333496 0.038269043,-0.14444445 0.013333334 -0.024444444,-0.06 -0.15 9.84,181 117 120,27
14,01110011,00000000,0.9992676 0.00048828125 -0.0040893555 0.037963867,-0.14444445 0.027777778 -0.018888889,-0.07 -0.13 9.87,180 117 120,27
15,01110011,00000000,0.9992676 -0.0020141602 -0.003479004 0.03753662,-0.13222222 0.036666665 -0.018888889,-0.1 -0.16 9.87,179 117 120,27
16,01110011,00000000,0.9992676 -0.0036010742 -0.0029296875 0.037231445,-0.09888889 0.04222222 -0.015555556,-0.09 -0.17 9.86,178 117 120,27
17,01110011,00000000,0.9992676 -0.004699707 -0.002380371 0.03704834,-0.064444445 0.045555554 -0.017777778,-23.15 -0.17 9.88,177 116 120,27
18,01110011,00000000,0.9993286 -0.0053100586 -0.0016479492 0.036743164,-0.025555555 0.037777778 -0.016666668,-0.11 -0.17 9.88,176 115 120,27
19,01110011,00000000,0.9993286 -0.005126953 -0.001159668 0.036499023,0.016666668 0.028888889 -0.018888889,-0.1 -0.18 9.86,175 115 120,27
20,01110011,00000000,0.9993286 -0.004211426 -0.0008544922 0.036254883,0.07111111 0.016666668 -0.015555556,-0.11 -0.17 9.84,174 115 120,27
21,01110011,00000000,0.99938965 -0.002319336 -0.0007324219 0.035949707,0.10555556 0.0033333334 -0.016666668,-0.11 -0.16 9.87,174 115 120,27
22,01110011,00000000,0.9993286 -0.00048828125 -0.0007324219 0.0357666,0.13111112 -0.008888889 -0.017777778,-0.12 -0.14 9.85,175 115 120,27
23,01110011,00000000,0.9993286 0.0015258789 -0.0009765625 0.03552246,0.14555556 -0.025555555 -0.015555556,-0.11 -0.15 9.86,177 116 120,27
24,01110011,00000000,0.99938965 0.0041503906 -0.0015258789 0.03527832,0.14222223 -0.035555556 -0.012222222,-0.11 -0.14 9.85,179 116 120,27
25,01110011,00000000,0.9844971 0.0060424805 -0.0020751953 0.035095215,0.12888889 -4.5522223 -11.094444,-0.1 -0.13 9.84,181 116 120,27
26,01110011,00000000,0.99938965 0.007507324 -0.0026245117 0.034973145,0.09222222 -0.043333333 -0.011111111,-0.1 -0.09 9.84,183 116 120,27
27,01110011,00000000,0.9993286 0.008544922 -0.0031738281 0.03491211,0.05888889 -0.043333333 -0.006666667,-0.09 -0.1 9.83,184 116 120,27
28,01110011,00000000,0.9993286 0.008911133 -0.0038452148 0.03491211,0.006666667 -0.031111112 -0.0033333334,-0.09 -0.11 9.84,184 116 120,27
29,01110011,00000000,0.99938965 0.008422852 -0.004211426 0.03491211,-0.04777778 -0.02 0,-0.08 -0.09 9.83,183 117 120,27
30,01110011,00000000,0.99938965 0.007446289 -0.0043945312 0.03491211,-0.083333336 -0.007777778 0.0011111111,-0.07 -0.09 9.87,182 117 120,27
31,01110011,00000000,0.99938965 0.0053710938 -0.0044555664 0.03491211,-0.112222224 0.0044444446 0.0044444446,-0.09 -0.12 9.85,181 117 120,27
32,01110011,00000000,0.99938965 0.003540039 -0.004272461 0.03491211,-0.13333334 0.016666668 0.008888889,-0.08 -0.12 9.85,180 117 120,27
33,01110011,00000000,0.99938965 0.0015258789 -0.0040283203 0.034851074,-0.13666667 0.024444444 0.01,-0.08 -0.13 9.84,179 117 120,27
34,01110011,00000000,0.9993286 -0.00091552734 -0.003479004 0.035095215,-0.12888889 0.033333335 0.014444444,35.74 -2.56 -0.01,178 117 120,27
35,01110011,00000000,0.99938965 -0.0025024414 -0.0030517578 0.03527832,-0.1 0.034444444 0.015555556,-0.08 -0.16 9.84,177 117 120,27
36,01110011,00000000,0.99938965 -0.0036621094 -0.0026245117 0.03552246,-0.07111111 0.032222223 0.016666668,-0.1 -0.18 9.87,176 117 120,27
37,01110011,00000000,0.9993286 -0.0045166016 -0.0021362305 0.035888672,-0.035555556 0.024444444 0.017777778,-0.11 -0.19 9.85,175 117 120,27
38,01110011,00000000,0.9993286 -0.0044555664 -0.0018310547 0.036132812,0.017777778 0.015555556 0.016666668,-0.11 -0.17 9.88,174 117 120,27
39,01110011,00000000,0.9993286 -0.0037841797 -0.0018310547 0.036376953,0.05666667 0.006666667 0.017777778,-0.11 -0.17 9.89,173 117 120,27
40,01110011,00000000,0.9993286 -0.0021972656 -0.0017089844 0.03668213,0.09 -0.0055555557 0.018888889,-0.11 -0.17 9.87,173 117 120,27
41,01110011,00000000,0.9993286 -0.0005493164 -0.0018920898 0.036987305,0.12 -0.02 0.018888889,-0.1 -0.14 9.85,174 117 120,27
42,01110011,00000000,0.98443604 0.0013427734 -0.0021362305 0.03717041,0.13444445 -0.025555555 -11.094444,-0.1 -0.13 9.86,176 117 120,27
43,01110011,00000000,0.9992676 0.00390625 -0.0026245117 0.037475586,0.13444445 -0.033333335 0.02,-0.1 -0.13 9.86,178 117 120,27
44,01110011,00000000,0.9992676 0.0056762695 -0.003112793 0.037719727,0.12555556 -0.034444444 0.016666668,-0.09 -0.11 9.84,180 117 120,27
45,01110011,00000000,0.99920654 0.0072021484 -0.0036010742 0.038024902,0.093333334 -0.035555556 0.017777778,-0.09 -0.11 9.85,182 117 120,27
46,01110011,00000000,0.99920654 0.008544922 -0.0041503906 0.038391113,0.064444445 -0.032222223 0.02,-0.09 -0.1 9.81,183 117 120,27
47,01110011,00000000,0.99920654 0.008972168 -0.0045166016 0.03869629,0.014444444 -0.023333333 0.022222223,-0.08 -0.1 9.83,183 117 120,27
48,01110011,00000000,0.9991455 0.008544922 -0.0044555664 0.039001465,-0.023333333 -0.012222222 0.025555555,-0.09 -0.09 9.84,182 117 120,27
49,01110011,00000000,0.99920654 0.0072631836 -0.004211426 0.03955078,-0.06 0 0.028888889,-0.08 -0.1 9.84,181 117 120,27
50,01110011,00000000,0.99920654 0.0057373047 -0.0040283203 0.039916992,-0.09 0.007777778 0.025555555,-0.09 -0.1 9.82,180 117 120,27
51,01110011,00000000,0.9991455 0.0040283203 -0.0037231445 0.040283203,-0.11666667 0.015555556 0.027777778,-0.08 -0.1 -0.01,179 117 120,27
52,01110011,00000000,0.9991455 0.0014648438 -0.0031738281 0.04083252,-0.12888889 0.024444444 0.027777778,-0.09 -0.13 9.86,178 117 120,27
53,01110011,00000000,0.9990845 -0.00030517578 -0.002746582 0.041259766,-0.12666667 0.026666667 0.026666667,-0.09 -0.15 9.84,177 117 120,27
54,01110011,00000000,0.9991455 -0.0020141602 -0.0022583008 0.04168701,-0.107777774 0.032222223 0.028888889,-0.11 -0.17 9.84,176 117 120,27
55,01110011,00000000,0.9990845 -0.0033569336 -0.0018310547 0.042053223,-0.083333336 0.024444444 0.025555555,-0.1 -0.16 9.88,175 117 120,27
56,01110011,00000000,0.9990845 -0.0044555664 -0.0013427734 0.042541504,-0.052222222 0.02 0.026666667,-0.11 -0.16 9.84,174 117 120,27
57,01110011,00000000,0.99902344 -0.0045776367 -0.0012207031 0.04284668,-0.0044444446 0.007777778 0.022222223,-0.12 -0.17 9.87,173 117 120,27
58,01110011,00000000,0.99902344 -0.0040893555 -0.0010986328 0.04333496,0.032222223 -0.0044444446 0.022222223,-0.1 -0.18 9.87,172 117 120,27
59,01110011,00000000,0.984375 -0.003112793 -0.0012207031 0.0435791,0.06666667 -0.015555556 0.022222223,-0.1 -0.17 9.86,171 117 120,27
60,01110011,00000000,0.99902344 -0.0018310547 -0.0013427734 0.043884277,0.10333333 -0.022222223 0.016666668,-0.11 -0.14 9.86,171 117 120,27
61,01110011,00000000,0.99902344 0.00036621094 -0.0015869141 0.044189453,0.11888889 -0.026666667 0.017777778,-0.11 -0.16 9.88,172 117 120,27
62,01110011,00000000,0.99902344 0.0021362305 -0.0018920898 0.04437256,0.12666667 -0.03 0.013333334,-0.11 -0.14 9.84,174 117 120,27
63,01110011,00000000,0.99902344 0.0037841797 -0.0021362305 0.0446167,0.11777778 -0.03 0.012222222,-0.08 -0.12 9.86,176 117 120,27
64,01110011,00000000,0.9989624 0.0052490234 -0.002319336 0.044799805,0.1 -0.03 0.014444444,-0.1 -0.09 9.84,178 117 120,27
65,01110011,00000000,0.9989624 0.006591797 -0.0025634766 0.04510498,0.075555556 -0.023333333 0.012222222,-0.1 -0.12 9.83,179 117 120,27
66,01110011,00000000,0.9989624 0.007080078 -0.0026245117 0.045288086,0.035555556 -0.012222222 0.013333334,-0.08 -0.11 9.85,180 117 120,27
67,01110011,00000000,0.9989624 0.007019043 -0.0024414062 0.04547119,0 -0.006666667 0.014444444,-0.07 -0.11 9.85,180 117 120,27
68,01110011,00000000,0.9989624 0.006225586 -0.002319336 0.045654297,-0.036666665 0.0033333334 0.012222222,-0.09 -0.1 -210.31,1 113 120,27
69,01110011,00000000,0.99890137 0.005126953 -0.0020141602 0.045837402,-0.07777778 0.017777778 0.013333334,-0.09 -0.09 9.85,178 117 120,27
70,01110011,00000000,0.99890137 0.0036621094 -0.0017089844 0.046020508,-0.101111114 0.022222223 0.013333334,-0.1 -0.1 9.86,177 117 120,27
71,01110011,00000000,0.99890137 0.0014648438 -0.0012207031 0.046020508,-0.115555555 0.022222223 0.01,-0.1 -0.13 9.86,176 117 120,27
72,01110011,00000000,0.99890137 -0.00018310547 -0.0008544922 0.046081543,-0.11666667 0.026666667 0.007777778,-0.09 -0.15 9.87,175 117 120,27
73,01110011,00000000,0.9989624 -0.0018920898 -0.00048828125 0.046081543,-0.11 0.022222223 0.008888889,-0.09 -0.18 9.85,174 117 120,27
74,01110011,00000000,0.9989624 -0.0036621094 -0.00012207031 0.046081543,-0.086666666 0.02111111 0.0033333334,-0.1 -0.19 9.86,173 117 120,27
75,01110011,00000000,0.9989624 -0.0045776367 6.1035156E-05 0.046081543,-0.052222222 0.011111111 0.0022222223,-0.1 -0.16 9.84,172 117 120,27
76,01110011,00000000,0.99890137 0.010803223 0.0071411133 -0.008300781,-0.023333333 0.0033333334 -0.0033333334,-0.11 -0.17 9.87,171 117 120,27
77,01110011,00000000,0.99890137 -0.0049438477 6.1035156E-05 0.046081543,0.011111111 -0.008888889 -0.0022222223,-0.09 -0.16 9.85,170 117 120,27
78,01110011,00000000,0.9989624 -0.004272461 -0.00012207031 0.046081543,0.055555556 -0.017777778 -0.0044444446,-0.1 -0.16 9.85,169 117 120,27
79,01110011,00000000,0.9989624 -0.0031738281 -0.00036621094 0.046081543,0.08555555 -0.024444444 -0.006666667,-0.1 -0.16 9.86,169 117 120,27
80,01110011,00000000,0.99890137 -0.0012207031 -0.00079345703 0.046081543,0.10333333 -0.026666667 -0.008888889,-0.1 -0.16 9.87,170 117 120,27
81,01110011,00000000,0.99890137 0.0004272461 -0.0010986328 0.046081543,0.11666667 -0.032222223 -0.01,-0.09 -0.16 9.85,171 117 120,27
82,01110011,00000000,0.99890137 0.0020751953 -0.0014648438 0.046020508,0.115555555 -0.026666667 -0.01,-0.09 -0.12 9.86,173 117 120,27
83,01110011,00000000,0.99890137 0.0041503906 -0.0017700195 0.045837402,0.10333333 -0.023333333 -0.014444444,-0.08 -0.14 9.84,175 117 120,27
84,01110011,00000000,0.9989624 0.0053710938 -0.001953125 0.045715332,0.07666667 -0.016666668 -0.012222222,-0.08 -0.1 9.87,176 117 120,27
85,01110011,00000000,0.9989624 0.006225586 -0.0020141602 0.04559326,0.05111111 -0.0055555557 -0.013333334,-0.09 -0.11 9.84,246 -44 767,27
86,01110011,00000000,0.9989624 0.006652832 -0.0020141602 0.04534912,0.017777778 0.0022222223 -0.014444444,-0.08 -0.11 9.86,177 117 120,27
87,01110011,00000000,0.9989624 0.0064697266 -0.001953125 0.04522705,-0.026666667 0.012222222 -0.012222222,-0.08 -0.1 9.84,176 117 120,27
88,01110011,00000000,0.9989624 0.0057373047 -0.0017700195 0.045043945,-0.055555556 0.018888889 -0.011111111,-0.1 -0.11 9.85,175 117 120,27
89,01110011,00000000,0.9989624 0.0041503906 -0.0014648438 0.044921875,-0.09 0.023333333 -0.014444444,-0.07 -0.12 9.85,174 117 120,27
90,01110011,00000000,0.99902344 0.0026855469 -0.001159668 0.04473877,-0.11 0.02111111 -0.013333334,-0.1 -0.13 9.89,173 117 120,27
91,01110011,00000000,0.99902344 0.0010986328 -0.0008544922 0.0446167,-0.11 0.024444444 -0.013333334,-0.09 -0.16 9.84,172 117 120,27
92,01110011,00000000,0.99902344 -0.0008544922 -0.00061035156 0.04437256,-0.101111114 0.017777778 -0.014444444,-0.09 -0.15 9.87,171 117 120,27
93,01110011,00000000,0.99902344 -0.0021362305 0.0071411133 -0.008300781,-0.086666666 0.01 -0.013333334,-0.11 -0.15 9.86,170 117 120,27
94,01110011,00000000,0.99902344 -0.0030517578 -0.0006713867 0.043945312,-0.055555556 -0.0033333334 -0.016666668,-0.11 -0.18 9.86,169 117 120,27
95,01110011,00000000,0.99902344 -0.003540039 -0.0006713867 0.043701172,-0.027777778 -0.006666667 -0.015555556,-0.11 -0.18 9.85,168 117 120,27
96,01110011,00000000,0.99902344 -0.003540039 -0.0008544922 0.043395996,0.0055555557 -0.011111111 -0.015555556,-0.12 -0.16 9.86,167 117 120,27
97,01110011,00000000,0.99902344 -0.0029907227 -0.001159668 0.043151855,0.046666667 -0.017777778 -0.018888889,-0.09 -0.18 9.84,166 117 120,27
98,01110011,00000000,0.9990845 -0.0017089844 -0.0015869141 0.042785645,0.07333333 -0.028888889 -0.016666668,-0.09 -0.15 9.85,166 117 120,27
99,01110011,00000000,0.9990845 -0.00030517578 -0.0018920898 0.042541504,0.096666664 -0.024444444 -0.017777778,-0.1 -0.15 9.86,167 117 120,27
100,01110011,00000000,0.9991455 0.001159668 -0.0021362305 0.042297363,0.11111111 -0.022222223 -0.017777778,-0.08 -0.13 9.86,168 117 120,27
101,01110011,00000000,0.9990845 0.0032958984 -0.0025024414 0.041931152,0.11111111 -0.018888889 -0.018888889,-0.09 -0.14 9.85,170 117 120,27
102,01110011,00000000,0.9990845 0.004760742 -0.0025634766 0.04168701,0.1 -0.012222222 -0.016666668,-0.07 -0.12 9.84,172 158 767,27
103,01110011,00000000,0.9990845 0.0059814453 -0.0025024414 0.041381836,0.07777778 -0.0044444446 -0.015555556,-0.1 -0.11 9.84,173 117 120,27
104,01110011,00000000,0.9991455 0.0068359375 -0.0025024414 0.04119873,0.052222222 0.0044444446 -0.014444444,-0.07 -0.12 9.85,174 117 120,27
105,01110011,00000000,0.9991455 0.0073242188 -0.002319336 0.04095459,0.022222223 0.011111111 -0.013333334,-0.08 -0.09 9.84,174 117 120,27
106,01110011,00000000,0.9991455 0.0072631836 -0.0021362305 0.04095459,-0.02 0.018888889 -0.006666667,-0.09 -0.1 9.84,174 117 120,27
107,01110011,00000000,0.9991455 0.006652832 -0.0018310547 0.04095459,-0.04888889 0.02 -0.006666667,-0.07 -0.1 9.84,173 117 120,27
108,01110011,00000000,0.9991455 0.0053100586 -0.0014648438 0.04095459,-0.07444444 0.025555555 -0.006666667,-0.1 -0.12 9.83,172 117 120,27
109,01110011,00000000,0.9991455 0.0040283203 -0.0012207031 0.040893555,-0.09777778 0.02111111 -0.007777778,-0.1 -0.13 9.86,171 117 120,27
110,01110011,00000000,0.9991455 0.0025634766 -0.0009765625 -0.008300781,-0.104444444 0.016666668 -0.0044444446,-0.09 -0.13 9.85,170 117 120,27
111,01110011,00000000,0.9991455 0.00061035156 -0.00091552734 0.040893555,-0.101111114 0.007777778 -0.0055555557,-0.11 -0.16 9.85,169 117 120,27
112,01110011,00000000,0.9991455 -0.00061035156 -0.0009765625 0.040893555,-0.08444444 0.0033333334 -0.0055555557,-0.09 -0.16 9.86,168 117 120,27
113,01110011,00000000,0.99920654 -0.0016479492 -0.0010375977 0.040893555,-0.064444445 -0.0055555557 -0.006666667,-0.1 -0.16 9.87,167 117 120,27
114,01110011,00000000,0.99920654 -0.002319336 -0.0012207031 0.040893555,-0.04 -0.014444444 -0.006666667,-0.11 -0.18 9.86,166 117 120,27
115,01110011,00000000,0.99920654 -0.0026245117 -0.0016479492 0.040893555,-0.0011111111 -0.022222223 -0.0055555557,-0.11 -0.15 9.87,165 117 120,27
116,01110011,00000000,0.99920654 -0.002319336 -0.001953125 0.040893555,0.03 -0.026666667 -0.0055555557,-0.1 -0.17 9.86,164 117 120,27
117,01110011,00000000,0.99920654 -0.0013427734 -0.0024414062 0.04095459,0.05666667 -0.025555555 -0.0055555557,-0.09 -0.17 9.85,164 117 120,27
118,01110011,00000000,0.9991455 -0.00012207031 -0.0028076172 0.04095459,0.08555555 -0.03 -0.0044444446,-0.09 -0.17 9.85,164 117 120,27
119,01110011,00000000,0.9991455 0.001159668 -0.003112793 0.040893555,0.1 -0.02111111 -0.0011111111,-0.09 -0.16 9.87,165 117 255,27
120,01110011,00000000,0.9991455 0.0031738281 -0.0034179688 0.040893555,0.10333333 -0.016666668 -0.0022222223,-0.09 -0.14 9.86,166 117 120,27
121,01110011,00000000,0.9991455 0.0045776367 -0.003479004 0.040893555,0.096666664 -0.012222222 0.0022222223,-0.08 -0.14 9.84,168 117 120,27
122,01110011,00000000,0.9991455 0.005859375 -0.0034179688 0.040893555,0.08444444 -0.0011111111 0.0022222223,-0.06 -0.12 9.85,169 117 120,27
123,01110011,00000000,0.9991455 0.007080078 -0.0032958984 0.040893555,0.062222224 0.006666667 0.0055555557,-0.1 -0.11 9.84,170 117 120,27
124,01110011,00000000,0.9991455 0.0075683594 -0.0029907227 0.040893555,0.025555555 0.017777778 0.0044444446,-0.09 -0.11 9.86,171 117 120,27
125,01110011,00000000,0.9991455 0.0076293945 -0.002746582 0.040893555,-0.0033333334 0.02 0.007777778,-0.08 -0.12 9.83,171 117 120,27
126,01110011,00000000,0.9991455 0.007080078 -0.002319336 0.04095459,-0.031111112 0.024444444 0.013333334,-0.11 -0.11 9.83,170 117 120,27
127,01110011,00000000,0.9991455 0.006225586 -0.0020141602 0.04119873,-0.06333333 0.026666667 0.012222222,-0.09 -0.13 9.86,169 117 120,27
128,01110011,00000000,0.9991455 0.005126953 -0.0017089844 0.04119873,-0.083333336 0.018888889 0.007777778,-0.08 -0.1 9.85,168 117 120,27
129,01110011,00000000,0.9991455 0.0032958984 -0.0015258789 0.041381836,-0.09222222 0.014444444 0.011111111,-0.1 -0.12 9.85,167 117 120,27
130,01110011,00000000,0.9990845 0.001953125 -0.0015258789 0.04144287,-0.093333334 0.007777778 0.01,-0.09 -0.14 9.88,166 117 120,27
131,01110011,00000000,0.9990845 0.0006713867 -0.0015869141 0.04156494,-0.08444444 -0.0055555557 0.011111111,-0.11 -0.15 9.86,165 117 120,27
132,01110011,00000000,0.9991455 -0.0006713867 -0.0017089844 0.04168701,-0.07 -0.01 0.012222222,-0.1 -0.16 9.88,164 117 120,27
133,01110011,00000000,0.9991455 -0.0013427734 -0.0020141602 0.041748047,-0.04888889 -0.016666668 0.007777778,-0.09 -0.16 9.85,163 117 120,27
134,01110011,00000000,0.9991455 -0.0017089844 -0.002380371 0.041870117,-0.014444444 -0.03 0.012222222,-0.1 -0.19 9.88,162 117 120,27
135,01110011,00000000,0.9991455 -0.0016479492 -0.0028076172 0.041870117,0.01 -0.031111112 0.006666667,-0.09 -0.17 9.85,161 117 120,27
136,01110011,00000000,0.9991455 -0.00091552734 -0.0033569336 0.041931152,0.04111111 -0.027777778 0.008888889,-0.1 -0.15 9.87,160 117 120,27
137,01110011,00000000,0.9991455 0 -0.0037231445 0.041992188,0.072222225 -0.024444444 0.011111111,-0.08 -0.17 9.88,160 117 120,27
138,01110011,00000000,0.9991455 0.001159668 -0.003967285 0.042175293,0.086666666 -0.022222223 0.01,-0.08 -0.16 9.85,161 117 120,27
139,01110011,00000000,0.99902344 0.0029296875 -0.004272461 0.0423584,0.094444446 -0.015555556 0.011111111,-0.07 -0.12 9.85,162 117 120,27
140,01110011,00000000,0.99902344 0.004333496 -0.004272461 0.042541504,0.093333334 -0.0044444446 0.011111111,-0.09 -0.12 9.86,163 117 120,27
141,01110011,00000000,0.99902344 0.005554199 -0.004211426 0.042663574,0.083333336 0.0022222223 0.012222222,-0.08 -0.11 9.84,164 117 120,27
142,01110011,00000000,0.99902344 0.0068969727 -0.0040283203 0.042907715,0.06666667 0.011111111 0.013333334,-0.09 -0.12 9.83,165 117 120,27
143,01110011,00000000,0.99902344 0.007446289 -0.0037231445 0.043151855,0.037777778 0.02111111 0.014444444,-0.1 -0.12 9.83,166 117 120,27
144,01110011,00000000,0.99902344 0.007446289 -0.003112793 0.04333496,0.013333334 0.026666667 0.013333334,-0.07 -0.11 9.84,166 117 120,27
145,01110011,00000000,0.9989624 0.006958008 -0.0024414062 0.043640137,-0.016666668 0.026666667 0.014444444,15.26 -2.56 9.83,166 117 120,27
146,01110011,00000000,0.9989624 0.006164551 -0.0018310547 0.043884277,-0.05111111 0.025555555 0.013333334,-0.09 -0.11 9.82,165 117 120,27
147,01110011,00000000,0.99902344 0.005126953 -0.0014648438 0.044067383,-0.06666667 0.02 0.014444444,-0.09 -0.12 9.86,164 117 120,27
148,01110011,00000000,0.99902344 0.003479004 -0.001159668 0.04425049,-0.08222222 0.011111111 0.011111111,-0.1 -0.16 9.84,163 117 120,27
149,01110011,00000000,0.99902344 0.0021362305 -0.0010986328 0.04437256,-0.09111111 -0.0022222223 0.01,-0.11 -0.12 9.85,162 117 120,27
150,01110011,00000000,0.99902344 0.0008544922 -0.0010375977 0.04437256,-0.08444444 -0.006666667 0.007777778,-0.11 -0.16 9.85,161 117 120,27
151,01110011,00000000,0.99902344 -0.0005493164 -0.0012207031 0.04437256,-0.072222225 -0.015555556 0.007777778,-0.09 -0.16 9.86,160 117 120,27
152,01110011,00000000,0.99902344 -0.0013427734 -0.0015258789 0.04437256,-0.04222222 -0.026666667 0.0055555557,-0.11 -0.17 9.88,159 117 120,27
153,01110011,00000000,0.984375 -0.0017089844 -0.0018920898 0.04437256,-0.017777778 -2.8455555 -11.094444,-0.09 -0.15 9.85,158 117 120,27
154,01110011,00000000,0.9989624 -0.0017089844 -0.002380371 0.04437256,0.0055555557 -0.034444444 0.0033333334,-0.1 -0.17 9.85,157 117 120,27
155,01110011,00000000,0.99902344 -0.0012207031 -0.0026855469 0.04437256,0.04111111 -0.033333335 0,-0.1 -0.17 9.87,156 117 120,27
156,01110011,00000000,0.99902344 -0.00048828125 -0.0028686523 0.04437256,0.06333333 -0.026666667 0.0011111111,-0.1 -0.17 9.84,156 117 120,27
157,01110011,00000000,0.99902344 0.0008544922 -0.0029907227 0.04437256,0.07777778 -0.018888889 0.0044444446,-0.09 -0.17 9.87,157 117 120,27
158,01110011,00000000,0.99902344 0.0020141602 -0.0029296875 0.04437256,0.08777778 -0.007777778 0.0011111111,-0.07 -0.14 9.84,158 117 120,27
159,01110011,00000000,0.99902344 0.0031738281 -0.002746582 0.04437256,0.08777778 -0.0011111111 0.0022222223,-0.05 -0.13 9.85,159 117 120,27
160,01110011,00000000,0.99902344 0.0045776367 -0.002380371 0.04437256,0.08 0.01 0.0022222223,-0.06 -0.12 9.84,160 117 120,27
161,01110011,00000000,0.99902344 0.0053710938 -0.001953125 0.04437256,0.057777777 0.017777778 0,-0.08 -0.12 9.82,161 117 120,27
162,01110011,00000000,0.99902344 0.005859375 -0.0014648438 0.04437256,0.037777778 0.023333333 0.0022222223,-7.74 -0.01 -0.01,162 117 120,27
163,01110011,00000000,0.99902344 0.0059814453 -0.0008544922 0.04437256,0.013333334 0.025555555 0.0022222223,-0.08 -0.11 9.84,162 117 120,27
164,01110011,00000000,0.99902344 0.0057373047 -0.00036621094 0.04437256,-0.012222222 0.026666667 0.0022222223,-0.08 -0.1 9.86,162 117 120,27
165,01110011,00000000,0.99902344 0.005126953 0 0.04437256,-0.04111111 0.022222223 0,-0.1 -0.11 9.84,161 117 120,27
166,01110011,00000000,0.99902344 0.0038452148 0.00036621094 0.04437256,-0.06 0.016666668 -0.0022222223,-0.1 -0.11 9.84,160 117 120,27
167,01110011,00000000,0.99902344 0.002746582 0.0004272461 0.04437256,-0.072222225 0.008888889 -0.0022222223,-0.11 -0.15 9.84,159 117 120,27
168,01110011,00000000,0.99902344 0.0014648438 0.0004272461 0.04437256,-0.083333336 -0.0033333334 -0.0055555557,-0.11 -0.13 9.87,158 117 120,27
169,01110011,00000000,0.99902344 0 0.00030517578 0.04437256,-0.08 -0.013333334 -0.0055555557,-0.08 -0.15 9.85,157 117 120,27
170,01110011,00000000,0.984375 -0.0010375977 0 0.04437256,-0.06888889 -0.023333333 -10.241111,-0.11 -0.13 9.86,156 117 120,27
171,01110011,00000000,0.9989624 -0.0018310547 -0.00030517578 0.04437256,-0.05 -0.028888889 -0.006666667,-0.1 -0.18 9.86,155 117 120,27
172,01110011,00000000,0.9989624 -0.002380371 -0.00091552734 0.04437256,-0.026666667 -0.032222223 -0.008888889,-0.11 -0.17 9.88,154 117 120,27
173,01110011,00000000,0.9989624 -0.0024414062 -0.0012817383 0.04437256,-0.0033333334 -0.027777778 -0.01,-0.09 -0.17 9.86,153 117 120,27
174,01110011,00000000,0.99902344 -0.0021972656 -0.0017089844 0.044311523,0.026666667 -0.031111112 -0.008888889,-0.09 -0.16 9.84,152 117 120,27
175,01110011,00000000,0.99902344 -0.0015869141 -0.0020751953 0.044311523,0.04888889 -0.025555555 -0.01,-0.09 -0.16 9.85,152 117 120,27
176,01110011,00000000,0.99902344 -0.00036621094 -0.002380371 0.044189453,0.06555556 -0.017777778 -0.007777778,-0.08 -0.15 9.85,152 117 120,27
177,01110011,00000000,0.99902344 0.0007324219 -0.002380371 0.044189453,0.08 0 -0.011111111,-0.08 -0.14 9.87,153 117 120,27
178,01110011,00000000,0.99902344 0.0018920898 -0.002380371 0.044189453,0.08111111 0.0033333334 -0.01,-0.09 -0.15 9.85,154 117 120,27
179,01110011,00000000,0.99902344 0.0030517578 -0.0022583008 0.044189453,0.07777778 0.011111111 -0.008888889,-0.07 -0.12 -0.01,155 117 120,27
180,01110011,00000000,0.99902344 0.004333496 -0.0018310547 0.044189453,0.06111111 0.024444444 -0.007777778,-0.08 -0.14 9.84,156 117 120,27
181,01110011,00000000,0.99902344 0.005065918 -0.0014038086 0.044189453,0.044444446 0.023333333 -0.007777778,-0.07 -0.13 9.84,157 117 120,27
182,01110011,00000000,0.99902344 0.005554199 -0.00079345703 0.044189453,0.023333333 0.028888889 -0.0055555557,-0.1 -0.11 9.82,158 117 120,27
183,01110011,00000000,0.99902344 0.0056152344 -0.00036621094 0.044189453,-0.0055555557 0.025555555 -0.0055555557,-0.1 -0.1 9.84,158 117 120,27
184,01110011,00000000,0.99902344 0.0052490234 0 0.044189453,-0.03 0.023333333 -0.006666667,-0.1 -0.11 9.86,157 117 120,27
185,01110011,00000000,0.99902344 0.0043945312 0.00018310547 0.044189453,-0.04888889 0.013333334 -0.0044444446,-0.11 -0.11 9.86,156 117 120,27
186,01110011,00000000,0.99902344 0.003479004 0.00012207031 0.044189453,-0.06666667 0.0055555557 -0.006666667,-0.07 -0.14 9.85,155 117 120,27
187,01110011,00000000,0.984375 0.0024414062 6.1035156E-05 0.044189453,-0.07444444 -0.006666667 -0.006666667,-0.1 -0.15 9.88,154 117 120,27
188,01110011,00000000,0.99902344 0.0010375977 -6.1035156E-05 0.044189453,-0.07333333 -0.014444444 -0.008888889,-0.11 -0.15 9.86,153 117 120,27
189,01110011,00000000,0.99902344 6.1035156E-05 -0.0004272461 0.044189453,-0.064444445 -0.025555555 -0.008888889,-0.11 -0.15 9.85,152 117 120,27
190,01110011,00000000,0.99902344 -0.0006713867 -0.00091552734 0.044128418,-0.054444443 -0.033333335 -0.011111111,-0.11 -0.14 9.86,151 117 120,27
191,01110011,00000000,0.99902344 -0.0014038086 -0.0016479492 0.044128418,-0.035555556 -0.035555556 -0.008888889,-0.1 -0.15 9.87,150 117 120,27
192,01110011,00000000,0.99902344 -0.0015869141 -0.0021362305 0.044128418,-0.007777778 -0.032222223 -0.006666667,-0.08 -0.17 9.84,150 117 120,27
193,01110011,00000000,0.99902344 -0.0014648438 -0.0025634766 0.044128418,0.014444444 -0.03 -0.01,-0.06 -0.15 9.84,150 117 120,27
194,01110011,00000000,0.99902344 -0.00079345703 -0.0029907227 0.044128418,0.034444444 -0.023333333 -0.007777778,-0.09 -0.15 9.86,150 117 120,27
195,01110011,00000000,0.99902344 0 -0.0032348633 0.044128418,0.05888889 -0.013333334 -0.0055555557,-0.08 -0.15 9.86,150 117 120,27
196,01110011,00000000,0.99902344 0.0008544922 -0.0031738281 0.044067383,0.07 -0.006666667 -0.0044444446,-0.07 -0.15 217.2,149 81 120,27
197,01110011,00000000,0.99902344 0.002319336 -0.003112793 0.044067383,0.075555556 0.01 -0.0033333334,-0.06 -0.14 9.85,152 117 120,27
198,01110011,00000000,0.99902344 0.0034179688 -0.0028076172 0.044128418,0.072222225 0.02 0,-0.07 -0.13 9.87,153 117 120,27
199,01110011,00000000,0.99902344 0.004333496 -0.002380371 0.044128418,0.06333333 0.024444444 0,-0.09 -0.11 9.86,154 117 120,27
200,01110011,00000000,0.99902344 0.0053100586 -0.0017089844 0.044128418,0.05111111 0.032222223 0,-0.08 -0.13 9.87,155 117 120,27
201,01110011,00000000,0.99902344 0.00579834 -0.0012817383 0.044128418,0.024444444 0.03 0.0033333334,-0.1 -0.12 9.84,156 117 120,27
202,01110011,00000000,0.99902344 0.00592041 -0.00079345703 0.044128418,0.0044444446 0.028888889 0.0033333334,-0.1 -0.11 9.86,156 117 120,27
203,01110011,00000000,0.99902344 0.0056152344 -0.00036621094 0.044128418,-0.015555556 0.02 0.0033333334,-0.1 -0.11 9.85,156 117 120,27
204,01110011,00000000,0.99902344 0.009155273 0.0071411133 -0.008300781,-0.035555556 0.016666668 0.0033333334,-0.11 -0.12 9.85,155 117 120,27
205,01110011,00000000,0.99902344 0.004333496 -0.00024414062 0.044128418,-0.06 0.0033333334 0.0033333334,-0.11 -0.13 9.85,154 117 120,27
206,01110011,00000000,0.99902344 0.003112793 -0.00036621094 0.044128418,-0.06666667 -0.01 0.0022222223,-0.1 -0.13 9.86,153 117 120,27
207,01110011,00000000,0.99902344 0.0021362305 -0.0006713867 0.044128418,-0.07 -0.017777778 0.0033333334,-0.11 -0.15 9.88,152 117 120,27
208,01110011,00000000,0.99902344 0.001159668 -0.0010375977 0.044128418,-0.06555556 -0.03 0.0033333334,-0.09 -0.15 9.88,151 117 120,27
209,01110011,00000000,0.99902344 0.00030517578 -0.0015869141 0.044128418,-0.055555556 -0.03888889 0.0011111111,-0.09 -0.14 9.85,150 117 120,27
210,01110011,00000000,0.99902344 -0.0004272461 -0.002319336 0.044128418,-0.04222222 -0.037777778 0.0022222223,-0.1 -0.13 9.88,150 117 120,27
211,01110011,00000000,0.99902344 -0.0007324219 -0.0028686523 0.044128418,-0.015555556 -0.035555556 0.0044444446,-0.1 -0.14 9.89,150 117 120,27
212,01110011,00000000,0.99902344 -0.0006713867 -0.0032958984 0.044189453,0.0044444446 -0.03 0.0044444446,-0.09 -0.16 9.85,150 117 120,27
213,01110011,00000000,0.99902344 -0.00018310547 -0.0037231445 0.044128418,0.025555555 -0.025555555 0.0044444446,-0.09 -0.18 9.84,236 -38 767,27
214,01110011,00000000,0.99902344 0.00048828125 -0.0038452148 0.044128418,0.052222222 -0.01 0.0044444446,-0.07 -0.15 9.87,150 117 120,27
215,01110011,00000000,0.99902344 0.0013427734 -0.0037841797 0.044128418,0.064444445 0 0.0055555557,-0.08 -0.16 9.84,151 117 120,27
216,01110011,00000000,0.99902344 0.0026245117 -0.0037231445 0.044128418,0.06888889 0.01 0.008888889,-0.08 -0.16 9.84,152 117 120,27
217,01110011,00000000,0.99902344 0.0036010742 -0.0033569336 0.044128418,0.06888889 0.025555555 0.007777778,-0.09 -0.13 9.83,153 117 120,27
218,01110011,00000000,0.99902344 0.0045166016 -0.0028686523 0.044128418,0.06 0.031111112 0.007777778,-0.08 -0.14 9.86,154 117 120,27
219,01110011,00000000,0.99902344 0.005432129 -0.0021972656 0.044433594,0.04777778 0.032222223 0.012222222,-0.08 -0.11 9.87,155 117 120,27
220,01110011,00000000,0.99902344 0.005859375 -0.0017089844 0.04449463,0.024444444 0.03 0.008888889,-0.08 -0.13 9.85,156 117 120,27
221,01110011,00000000,0.99902344 0.0060424805 0.0071411133 -0.008300781,0.006666667 0.028888889 0.011111111,-0.09 -0.12 9.82,156 117 120,27
222,01110011,00000000,0.99902344 0.00592041 -0.0008544922 0.044555664,-0.012222222 0.018888889 0.008888889,-0.11 -0.11 9.87,156 117 120,27
223,01110011,00000000,0.99902344 0.005432129 -0.0007324219 0.044677734,-0.035555556 0.006666667 0.01,-0.09 -0.12 9.85,155 117 120,27
224,01110011,00000000,0.99902344 0.004760742 -0.0007324219 0.044677734,-0.052222222 -0.0044444446 0.007777778,-0.1 -0.14 9.85,154 117 120,27
225,01110011,00000000,0.99902344 0.0036621094 -0.0009765625 0.044677734,-0.06 -0.012222222 0.006666667,-0.12 -0.13 9.85,153 117 120,27
226,01110011,00000000,0.99902344 0.002746582 -0.0013427734 0.044677734,-0.06555556 -0.027777778 0.0055555557,-0.11 -0.14 9.84,152 117 120,27
227,01110011,00000000,0.99902344 0.0018310547 -0.0018310547 0.044677734,-0.06 -0.032222223 0.0055555557,-0.1 -0.15 9.84,151 117 120,27
228,01110011,00000000,0.9989624 0.0008544922 -0.0025024414 0.044677734,-0.05111111 -0.034444444 0.006666667,-0.09 -0.15 9.86,150 117 120,27
229,01110011,00000000,0.9989624 0.00030517578 -0.003112793 0.044677734,-0.032222223 -0.03888889 0.0033333334,-0.1 -0.17 9.9,150 117 120,27
230,01110011,00000000,0.9989624 6.1035156E-05 -0.0036010742 0.0446167,-0.015555556 -0.031111112 0.0055555557,-0.07 -0.17 9.85,150 220 767,27
231,01110011,00000000,0.9989624 0 -0.004211426 0.0446167,0.0011111111 -0.027777778 0.0044444446,-0.09 -0.18 9.86,150 117 120,27
232,01110011,00000000,0.9989624 0.00030517578 -0.0045166016 0.0446167,0.026666667 -0.016666668 0.0044444446,-0.08 -0.16 9.84,150 117 120,27
233,01110011,00000000,0.9989624 0.0008544922 -0.0045166016 0.0446167,0.043333333 -0.006666667 0.0044444446,-0.06 -0.16 9.86,150 117 120,27
234,01110011,00000000,0.9989624 0.0018920898 -0.0045166016 0.0446167,0.05666667 0.0011111111 0.0033333334,-0.07 -0.15 9.86,150 117 120,27
235,01110011,00000000,0.9989624 0.002746582 -0.004333496 0.0446167,0.064444445 0.016666668 0.0055555557,-0.1 -0.15 9.84,151 117 120,27
236,01110011,00000000,0.9989624 0.0036621094 -0.003967285 0.0446167,0.062222224 0.023333333 0.0044444446,-0.1 -0.13 9.84,152 117 120,27
237,01110011,00000000,0.99902344 0.0048217773 -0.0033569336 0.0446167,0.062222224 0.03 0.006666667,-0.08 -0.13 9.87,153 117 120,27
238,01110011,00000000,0.99902344 0.005554199 -0.0028076172 -0.008300781,0.04777778 0.036666665 0.0044444446,-0.08 -0.13 9.83,154 117 120,27
239,01110011,00000000,0.99902344 0.0060424805 -0.0022583008 0.04473877,0.033333335 0.034444444 0.0033333334,-0.11 -0.12 9.87,155 117 120,27
240,01110011,00000000,0.99902344 0.006286621 -0.0017089844 0.04473877,0.014444444 0.028888889 0.0044444446,-0.1 -0.12 9.84,155 117 120,27
241,01110011,00000000,0.99902344 0.0063476562 -0.0014038086 0.04473877,-0.0033333334 0.022222223 0.0033333334,-0.08 -0.11 9.86,155 117 120,27
242,01110011,00000000,0.99902344 0.0060424805 -0.001159668 0.04473877,-0.025555555 0.011111111 0.0055555557,-0.11 -0.13 9.86,154 117 120,27
243,01110011,00000000,0.99902344 0.0053100586 -0.0012207031 0.04473877,-0.04111111 -0.0022222223 0,-0.11 -0.15 9.85,153 117 120,27
244,01110011,00000000,0.99902344 0.0045166016 -0.0014038086 0.04473877,-0.052222222 -0.011111111 0,-0.13 -0.11 9.84,152 117 120,27
245,01110011,00000000,0.99902344 0.0036621094 -0.0017700195 0.04473877,-0.05888889 -0.028888889 -0.0033333334,-0.09 -0.14 9.86,151 117 120,27
246,01110011,00000000,0.99902344 0.0028686523 -0.0022583008 0.04473877,-0.05888889 -0.032222223 -0.0033333334,-0.1 -0.13 9.85,150 117 120,27
247,01110011,00000000,0.9989624 0.0018920898 -0.0029907227 0.044677734,-0.052222222 -0.036666665 -0.0033333334,-0.1 -0.16 9.84,150 117 255,27
248,01110011,00000000,0.9989624 0.0012817383 -0.003540039 0.0446167,-0.03888889 -0.03888889 -0.0033333334,-0.09 -0.16 9.84,150 117 120,27
249,01110011,00000000,0.9989624 0.00091552734 -0.0040283203 0.0446167,-0.023333333 -0.033333335 -0.0055555557,-0.09 -0.14 9.89,150 117 120,27
250,01110011,00000000,0.9989624 0.00079345703 -0.004638672 0.044677734,-0.0055555557 -0.026666667 -0.0044444446,-0.08 -0.17 9.87,150 117 120,27
251,01110011,00000000,0.9989624 0.0009765625 -0.0049438477 0.044677734,0.017777778 -0.018888889 -0.0033333334,-0.08 -0.14 9.84,150 117 120,27
252,01110011,00000000,0.9989624 0.0013427734 -0.005065918 0.044677734,0.033333335 -0.01 -0.0044444446,-0.08 -0.16 9.83,150 117 120,27
253,01110011,00000000,0.9989624 0.0021972656 -0.005065918 0.044677734,0.046666667 0.0044444446 -0.0044444446,-0.09 -0.15 9.85,150 117 120,27
254,01110011,00000000,0.9989624 0.0029907227 -0.0048217773 0.044677734,0.05666667 0.018888889 -0.0022222223,-0.09 -0.14 9.84,151 117 120,27
255,01110011,00000000,0.9989624 0.0038452148 -0.0044555664 0.044677734,0.062222224 0.025555555 -0.0011111111,-0.06 -0.14 9.86,152 117 120,27
0,01110011,00000000,0.9989624 0.0049438477 -0.0038452148 0.044677734,0.057777777 0.028888889 0,-0.1 -0.15 9.85,153 117 120,27
1,01110011,00000000,0.9989624 0.0056152344 -0.0032958984 0.044677734,0.05 0.033333335 -0.0033333334,-0.09 -0.12 9.86,154 117 120,27
2,01110011,00000000,0.99902344 0.006225586 -0.0028076172 0.044677734,0.036666665 0.035555556 -0.0022222223,-0.09 -0.12 9.84,155 117 120,27
3,01110011,00000000,0.99902344 0.006652832 -0.0022583008 0.04473877,0.022222223 0.028888889 -0.0011111111,-0.09 -0.11 9.85,155 117 120,27
4,01110011,00000000,0.99902344 0.006713867 -0.001953125 0.04473877,-0.0011111111 0.02 -0.0011111111,-0.1 -0.11 9.86,155 117 120,27
5,01110011,00000000,0.99902344 0.0065307617 -0.0018310547 0.04473877,-0.016666668 0.006666667 -0.0044444446,-0.11 -0.12 9.83,155 117 120,27
6,01110011,00000000,0.99902344 0.0059814453 -0.0017700195 0.04473877,-0.03 -0.0033333334 -0.0022222223,-0.1 -0.12 9.84,154 117 120,27
7,01110011,00000000,0.99902344 0.0053710938 -0.001953125 0.04473877,-0.046666667 -0.015555556 -0.0044444446,-0.1 -0.11 9.87,153 117 120,27
8,01110011,00000000,0.99902344 0.004699707 -0.002319336 0.04473877,-0.052222222 -0.026666667 -0.006666667,-0.11 -0.11 9.87,152 117 120,27
9,01110011,00000000,0.9989624 0.0036621094 -0.0029907227 0.04473877,-0.055555556 -0.035555556 -0.006666667,-0.11 -0.12 9.87,151 117 120,27
10,01110011,00000000,0.9989624 0.0029296875 -0.003540039 0.044677734,-0.05 -0.03888889 -0.007777778,-0.08 -0.16 9.87,150 117 120,27
11,01110011,00000000,0.9989624 0.002319336 -0.0041503906 0.044677734,-0.04222222 -0.037777778 -0.0044444446,-0.11 -0.14 9.88,150 117 120,27
12,01110011,00000000,0.9989624 0.0017700195 -0.0048828125 0.044677734,-0.028888889 -0.035555556 -0.0044444446,-0.1 -0.17 9.85,150 117 120,27
13,01110011,00000000,0.9989624 0.0016479492 -0.0053100586 0.044677734,-0.01 -0.025555555 -0.007777778,-0.08 -0.16 9.87,150 117 120,27
14,01110011,00000000,0.9989624 0.0016479492 -0.005554199 0.044677734,0.008888889 -0.014444444 -0.0044444446,-0.08 -0.16 9.86,150 117 120,27
15,01110011,00000000,0.9989624 0.0020751953 -0.0056762695 0.044677734,0.024444444 -0.006666667 -0.0022222223,-0.08 -0.16 9.87,150 117 120,27
16,01110011,00000000,0.9989624 0.0026245117 -0.0056152344 0.044677734,0.04111111 0.0055555557 -0.0033333334,-0.08 -0.16 9.84,150 117 120,27
17,01110011,00000000,0.9989624 0.0032958984 -0.005493164 0.044677734,0.05111111 0.013333334 -0.0022222223,2.47 -2.56 9.85,150 117 120,27
18,01110011,00000000,0.9989624 0.004333496 -0.0049438477 0.044677734,0.054444443 0.025555555 0,-0.08 -0.13 9.84,151 117 120,27
19,01110011,00000000,0.9989624 0.005065918 -0.0044555664 0.044677734,0.057777777 0.031111112 0,-0.07 -0.13 9.84,152 117 120,27
20,01110011,00000000,0.9989624 0.0057373047 -0.003967285 0.044677734,0.046666667 0.031111112 0.0011111111,-0.1 -0.12 9.86,153 117 120,27
21,01110011,00000000,0.9989624 0.0064086914 -0.0033569336 0.044677734,0.036666665 0.032222223 0,-0.1 -0.14 9.86,154 117 120,27
22,01110011,00000000,0.9989624 0.006713867 -0.0029907227 0.044677734,0.022222223 0.025555555 0.0011111111,-0.09 -0.11 9.84,154 117 120,27
23,01110011,00000000,0.9989624 0.0067749023 -0.002746582 0.04473877,0.0022222223 0.015555556 0.0011111111,-0.09 -0.11 9.85,154 117 120,27
24,01110011,00000000,0.9989624 0.006652832 -0.0026855469 0.04473877,-0.012222222 0.0033333334 -0.0011111111,-0.11 -0.13 9.87,154 117 120,27
25,01110011,00000000,0.9845581 0.006225586 -0.0026855469 0.04473877,-0.027777778 -4.267778 -9.956667,-0.11 -0.14 9.84,153 117 120,27
26,01110011,00000000,0.9989624 0.0057373047 -0.0028686523 0.04473877,-0.04111111 -0.023333333 0.0011111111,-0.11 -0.12 9.86,152 117 120,27
27,01110011,00000000,0.9989624 0.005065918 -0.0032348633 0.044677734,-0.04777778 -0.03 -0.0011111111,-0.11 -0.15 9.86,151 117 120,27
28,01110011,00000000,0.9989624 0.0041503906 -0.00390625 0.044677734,-0.05111111 -0.034444444 -0.0022222223,-0.11 -0.14 9.86,150 117 120,27
29,01110011,00000000,0.9989624 0.003479004 -0.0044555664 0.044677734,-0.046666667 -0.035555556 0,-0.1 -0.13 9.9,150 117 120,27
30,01110011,00000000,0.9989624 0.0029296875 -0.005065918 0.044677734,-0.03888889 -0.03888889 -0.0011111111,-0.07 -0.16 9.86,150 117 120,27
31,01110011,00000000,0.9989624 0.002380371 -0.0057373047 0.044677734,-0.028888889 -0.033333335 0.0022222223,-0.07 -0.15 9.84,150 117 120,27
32,01110011,00000000,0.9989624 0.0020141602 -0.00579834 0.044677734,-0.011111111 -0.02111111 0.0011111111,-0.07 -0.16 9.84,150 117 120,27
33,01110011,00000000,0.9989624 0.0018920898 -0.00579834 0.044677734,0.0055555557 -0.015555556 0.0011111111,-0.09 -0.14 9.88,150 117 120,27
34,01110011,00000000,0.9989624 0.0020141602 -0.005554199 0.044677734,0.017777778 -0.0044444446 0.0033333334,12.7 -2.56 -0.01,150 117 120,27
35,01110011,00000000,0.9989624 0.002380371 -0.0053100586 0.044677734,0.036666665 0.01 0.0055555557,-0.09 -0.15 9.87,150 117 120,27
36,01110011,00000000,0.9989624 0.0028686523 -0.0048217773 0.044677734,0.046666667 0.016666668 0.0055555557,-0.07 -0.13 9.84,150 117 120,27
37,01110011,00000000,0.9989624 0.0036010742 -0.0040283203 0.044677734,0.05 0.026666667 0.0055555557,-0.08 -0.15 9.86,151 117 120,27
38,01110011,00000000,0.9989624 0.0041503906 -0.0033569336 0.044677734,0.05111111 0.032222223 0.006666667,-0.08 -0.13 9.86,152 117 120,27
39,01110011,00000000,0.9989624 0.004699707 -0.0026245117 0.04473877,0.04777778 0.034444444 0.008888889,-0.09 -0.15 9.84,153 117 120,27
40,01110011,00000000,0.99902344 0.0051879883 -0.0018310547 0.044799805,0.037777778 0.028888889 0.0044444446,-0.1 -0.12 9.87,154 117 120,27
41,01110011,00000000,0.99902344 0.005493164 -0.0013427734 0.044799805,0.022222223 0.018888889 0.0055555557,-0.11 -0.12 9.84,154 117 120,27
42,01110011,00000000,0.984375 0.005554199 -0.0010375977 0.044799805,0.011111111 0.007777778 -10.241111,-0.11 -0.11 9.86,154 117 120,27
43,01110011,00000000,0.99902344 0.0053710938 -0.00091552734 0.044799805,-0.0055555557 0.0022222223 0.006666667,-0.11 -0.12 9.85,154 117 120,27
44,01110011,00000000,0.99902344 0.0049438477 -0.00079345703 0.044799805,-0.022222223 -0.008888889 0.0022222223,-0.12 -0.13 9.85,153 117 120,27
45,01110011,00000000,0.99902344 0.0043945312 -0.00091552734 0.044799805,-0.034444444 -0.02111111 0.0044444446,-0.1 -0.16 9.87,152 117 120,27
46,01110011,00000000,0.99902344 0.003479004 -0.0012817383 0.044799805,-0.043333333 -0.027777778 0.0033333334,-0.12 -0.12 9.87,151 117 120,27
47,01110011,00000000,0.9989624 0.0026245117 -0.0016479492 0.044799805,-0.04777778 -0.032222223 0.0033333334,-0.1 -0.13 9.86,150 117 120,27
48,01110011,00000000,0.9989624 0.001953125 -0.0020751953 0.044799805,-0.045555554 -0.035555556 0.0022222223,-0.11 -0.15 9.84,150 117 120,27
49,01110011,00000000,0.9989624 0.0010986328 -0.0026245117 0.044799805,-0.04 -0.032222223 0.0022222223,-0.11 -0.14 9.85,150 117 120,27
50,01110011,00000000,0.9989624 0.00061035156 -0.0029296875 0.044799805,-0.028888889 -0.027777778 0.0033333334,-0.08 -0.13 9.86,150 117 120,27
51,01110011,00000000,0.9989624 0.00024414062 -0.0031738281 0.044799805,-0.018888889 -0.023333333 0.0022222223,-0.08 -0.15 -0.01,150 117 120,27
52,01110011,00000000,0.9989624 0.00012207031 -0.0032348633 0.044799805,-0.0011111111 -0.011111111 0.0033333334,-0.08 -0.15 9.88,150 117 120,27
53,01110011,00000000,0.9989624 0.00018310547 -0.003112793 0.044799805,0.016666668 -0.0011111111 0.0033333334,-0.07 -0.17 9.86,150 117 120,27
54,01110011,00000000,0.9989624 0.00048828125 -0.0029296875 0.044799805,0.026666667 0.01 0.0055555557,-0.09 -0.13 9.86,150 117 120,27
55,01110011,00000000,0.9989624 0.0010986328 -0.0024414062 0.044799805,0.03888889 0.022222223 0.0055555557,-0.07 -0.14 9.85,150 117 120,27
56,01110011,00000000,0.9989624 0.0016479492 -0.001953125 0.044799805,0.044444446 0.023333333 0.0055555557,-0.08 -0.12 9.86,150 117 120,27
57,01110011,00000000,0.9989624 0.0022583008 -0.0014038086 0.044799805,0.05 0.031111112 0.0055555557,-0.09 -0.12 9.87,151 117 120,27
58,01110011,00000000,0.99902344 0.003112793 -0.00061035156 0.044799805,0.05 0.03 0.0033333334,-0.09 -0.13 9.84,152 117 120,27
59,01110011,00000000,0.984375 0.0036010742 -0.00012207031 0.044799805,0.04 0.027777778 0.0044444446,-0.1 -0.13 9.88,153 117 120,27
60,01110011,00000000,0.99902344 0.00390625 0.00024414062 0.044799805,0.028888889 0.016666668 0.0044444446,-0.1 -0.12 9.84,154 117 120,27
61,01110011,00000000,0.99902344 0.0040893555 0.0005493164 0.044799805,0.015555556 0.011111111 0.0033333334,-0.12 -0.11 9.85,154 117 120,27
62,01110011,00000000,0.99902344 0.0040283203 0.00061035156 0.044799805,0.0022222223 0.0022222223 0,-0.11 -0.13 9.87,154 117 120,27
63,01110011,00000000,0.99902344 0.003967285 0.0005493164 0.044799805,-0.015555556 -0.012222222 0,-0.1 -0.12 9.86,154 117 120,27
64,01110011,00000000,0.99902344 0.0036621094 0.00024414062 0.044799805,-0.027777778 -0.02 -0.0011111111,-0.1 -0.13 9.86,153 117 120,27
65,01110011,00000000,0.99902344 0.0029907227 -0.00018310547 0.044799805,-0.037777778 -0.023333333 -0.0011111111,-0.11 -0.12 9.86,152 117 120,27
66,01110011,00000000,0.9989624 0.0024414062 -0.0006713867 0.044799805,-0.043333333 -0.033333335 -0.0044444446,-0.1 -0.13 9.84,151 117 120,27
67,01110011,00000000,0.9989624 0.0017700195 -0.0012207031 0.044799805,-0.045555554 -0.033333335 -0.0022222223,-0.1 -0.17 9.85,150 117 120,27
68,01110011,00000000,0.9989624 0.0009765625 -0.0018310547 0.044799805,-0.04222222 -0.03 -0.0011111111,-0.08 -0.14 86.65,130 84 120,27
69,01110011,00000000,0.9989624 0.00048828125 -0.0022583008 0.044799805,-0.032222223 -0.028888889 0.0011111111,-0.08 -0.14 9.84,150 117 120,27
70,01110011,00000000,0.9989624 0.00012207031 -0.0026855469 0.044799805,-0.02 -0.02111111 -0.0022222223,-0.08 -0.14 9.84,150 117 120,27
71,01110011,00000000,0.9989624 0 -0.0029296875 0.044799805,-0.01 -0.013333334 -0.0011111111,-0.08 -0.16 9.84,150 117 120,27
72,01110011,00000000,0.9989624 0 -0.0029296875 0.044799805,0.008888889 0.0011111111 0,-0.07 -0.16 9.86,150 117 120,27
73,01110011,00000000,0.9989624 0.00024414062 -0.0028686523 0.044799805,0.02111111 0.007777778 -0.0011111111,-0.08 -0.13 9.86,150 117 120,27
74,01110011,00000000,0.9989624 0.0008544922 -0.0025024414 0.044799805,0.032222223 0.02111111 -0.0011111111,-0.08 -0.16 9.87,150 117 120,27
75,01110011,00000000,0.9989624 0.0014038086 -0.0021362305 0.044799805,0.043333333 0.026666667 -0.0011111111,-0.09 -0.14 9.86,150 117 120,27
76,01110011,00000000,0.9989624 0.009216309 0.0071411133 -0.008300781,0.046666667 0.027777778 0.0011111111,-0.1 -0.12 9.85,151 117 120,27
77,01110011,00000000,0.9989624 0.0029907227 -0.001159668 0.044799805,0.046666667 0.026666667 0,-0.09 -0.12 9.85,152 117 120,27
78,01110011,00000000,0.99902344 0.003540039 -0.0007324219 0.044799805,0.04111111 0.022222223 -0.0022222223,-0.08 -0.14 9.87,153 117 120,27
79,01110011,00000000,0.99902344 0.0040283203 -0.0004272461 0.044799805,0.032222223 0.018888889 -0.0011111111,-0.11 -0.11 9.85,154 117 120,27
80,01110011,00000000,0.99902344 0.0044555664 -0.00018310547 0.044799805,0.02 0.012222222 -0.0022222223,-0.11 -0.13 9.84,154 117 120,27
81,01110011,00000000,0.99902344 0.0045166016 -0.00018310547 0.044799805,0.0055555557 -0.0044444446 -0.0022222223,-0.12 -0.12 9.83,154 117 120,27
82,01110011,00000000,0.99902344 0.0044555664 -0.00024414062 0.044799805,-0.014444444 -0.011111111 -0.0033333334,-0.09 -0.13 9.85,154 117 120,27
83,01110011,00000000,0.99902344 0.0040283203 -0.0006713867 0.044799805,-0.026666667 -0.02111111 -0.0044444446,-0.1 -0.11 9.84,153 117 120,27
84,01110011,00000000,0.99902344 0.0036010742 -0.0010986328 0.044799805,-0.037777778 -0.028888889 -0.0044444446,-0.09 -0.13 9.85,152 117 120,27
85,01110011,00000000,0.9989624 0.0029907227 -0.0015869141 0.044799805,-0.04222222 -0.033333335 -0.0055555557,-0.1 -0.14 9.86,206 -34 767,27
86,01110011,00000000,0.9989624 0.0021972656 -0.0022583008 0.044799805,-0.04111111 -0.03 -0.0033333334,-0.08 -0.16 9.85,150 117 120,27
87,01110011,00000000,0.9989624 0.0016479492 -0.002746582 0.044799805,-0.03888889 -0.031111112 -0.0044444446,-0.06 -0.15 9.83,150 117 120,27
88,01110011,00000000,0.9989624 0.001159668 -0.003112793 0.044799805,-0.032222223 -0.022222223 -0.0022222223,-0.1 -0.14 9.88,150 117 120,27
89,01110011,00000000,0.9989624 0.0007324219 -0.0034179688 0.04473877,-0.023333333 -0.017777778 -0.0022222223,-0.08 -0.14 9.84,150 117 120,27
90,01110011,00000000,0.9989624 0.00061035156 -0.0034179688 0.04473877,-0.0055555557 -0.0055555557 0,-0.08 -0.17 9.84,150 117 120,27
91,01110011,00000000,0.9989624 0.00061035156 -0.0034179688 0.04473877,0.008888889 0.0033333334 -0.0022222223,-0.08 -0.14 9.88,150 117 120,27
92,01110011,00000000,0.9989624 0.0009765625 -0.0032958984 0.04473877,0.018888889 0.015555556 0,-0.09 -0.15 9.84,150 117 120,27
93,01110011,00000000,0.9989624 0.0013427734 0.0071411133 -0.008300781,0.03 0.02 0.0011111111,-0.09 -0.14 9.88,150 117 120,27
94,01110011,00000000,0.9989624 0.0018920898 -0.0026245117 0.044799805,0.04 0.027777778 0.0011111111,-0.09 -0.15 9.84,150 117 120,27
95,01110011,00000000,0.9989624 0.0026855469 -0.0020141602 0.044799805,0.04222222 0.027777778 0.0044444446,-0.1 -0.15 9.85,150 117 120,27
96,01110011,00000000,0.9989624 0.0032958984 -0.0015869141 0.044799805,0.044444446 0.027777778 0.0022222223,-0.1 -0.14 9.88,151 117 120,27
97,01110011,00000000,0.99902344 0.003967285 -0.0012207031 0.044799805,0.04 0.02 0.0011111111,-0.1 -0.15 9.86,152 117 120,27
98,01110011,00000000,0.99902344 0.0045776367 -0.00091552734 0.044799805,0.031111112 0.012222222 -0.0011111111,-0.11 -0.12 9.85,153 117 120,27
99,01110011,00000000,0.99902344 0.0048828125 -0.00091552734 0.044799805,0.02111111 0.01 0.0011111111,-0.11 -0.11 9.86,153 117 120,27
100,01110011,00000000,0.99902344 0.0049438477 -0.0008544922 0.044799805,0.0044444446 -0.0022222223 0,-0.08 -0.11 9.85,153 117 120,27
101,01110011,00000000,0.99902344 0.0049438477 -0.0010375977 0.044799805,-0.0055555557 -0.014444444 -0.0022222223,-0.1 -0.11 9.87,153 117 120,27
102,01110011,00000000,0.99902344 0.0045776367 -0.0014038086 0.044799805,-0.017777778 -0.02 0,-0.1 -0.13 9.84,152 221 767,27
103,01110011,00000000,0.9989624 0.004211426 -0.0017700195 0.044799805,-0.032222223 -0.026666667 -0.0022222223,-0.11 -0.12 9.84,151 117 120,27
104,01110011,00000000,0.9989624 0.0037231445 -0.0022583008 0.044799805,-0.03888889 -0.032222223 0.0011111111,-0.11 -0.13 9.84,150 117 120,27
105,01110011,00000000,0.9989624 0.0029907227 -0.0028686523 0.044799805,-0.04111111 -0.032222223 0.0011111111,-0.09 -0.12 9.85,150 117 120,27
106,01110011,00000000,0.9989624 0.0024414062 -0.0033569336 0.04473877,-0.03888889 -0.027777778 -0.0011111111,-0.08 -0.16 9.86,150 117 120,27
107,01110011,00000000,0.9989624 0.0018920898 -0.0037231445 0.04473877,-0.034444444 -0.022222223 0.0033333334,-0.09 -0.14 9.86,150 117 120,27
108,01110011,00000000,0.9989624 0.0014038086 -0.0040283203 0.04473877,-0.026666667 -0.012222222 0,-0.07 -0.13 9.84,150 117 120,27
109,01110011,00000000,0.9989624 0.0012207031 -0.0040893555 0.04473877,-0.011111111 -0.0033333334 0.0011111111,-0.09 -0.15 9.87,150 117 120,27
110,01110011,00000000,0.9989624 0.0012207031 -0.0040893555 -0.008300781,0.0022222223 0.006666667 0.0044444446,-0.08 -0.15 9.84,150 117 120,27
111,01110011,00000000,0.9989624 0.0013427734 -0.00390625 0.04473877,0.015555556 0.011111111 0.0044444446,-0.09 -0.17 9.85,150 117 120,27
112,01110011,00000000,0.9989624 0.0016479492 -0.0036621094 0.04473877,0.026666667 0.022222223 0.0033333334,-0.08 -0.15 9.86,150 117 120,27
113,01110011,00000000,0.9989624 0.0021362305 -0.0032958984 0.04473877,0.036666665 0.023333333 0.0044444446,-0.1 -0.15 9.84,150 117 120,27
114,01110011,00000000,0.9989624 0.0028686523 -0.002746582 0.044799805,0.043333333 0.025555555 0.0044444446,-0.11 -0.14 9.84,150 117 120,27
115,01110011,00000000,0.9989624 0.003479004 -0.002380371 0.044799805,0.04222222 0.024444444 0.0044444446,-0.1 -0.14 9.87,151 117 120,27
116,01110011,00000000,0.9989624 0.0040893555 -0.0020141602 0.044799805,0.03888889 0.02 0.0033333334,-0.09 -0.14 9.85,152 117 120,27
117,01110011,00000000,0.9989624 0.004699707 -0.0018310547 0.044799805,0.034444444 0.01 0.0022222223,-0.11 -0.14 9.86,152 117 120,27
118,01110011,00000000,0.9989624 0.005065918 -0.0018310547 0.044799805,0.022222223 0.0022222223 0.0033333334,-0.11 -0.12 9.85,152 117 120,27
119,01110011,00000000,0.9989624 0.0052490234 -0.0018310547 0.044799805,0.01 -0.0044444446 0.0011111111,-0.1 -0.11 9.85,152 117 255,27
120,01110011,00000000,0.9989624 0.0052490234 -0.001953125 0.044799805,-0.0011111111 -0.012222222 0.0022222223,-0.09 -0.11 9.84,152 117 120,27
121,01110011,00000000,0.9989624 0.0051879883 -0.0022583008 0.044799805,-0.015555556 -0.022222223 0.0022222223,-0.1 -0.14 9.83,152 117 120,27
122,01110011,00000000,0.9989624 0.0049438477 -0.0026245117 0.044799805,-0.025555555 -0.027777778 0.0033333334,-0.09 -0.14 9.87,151 117 120,27
123,01110011,00000000,0.9989624 0.004333496 -0.0031738281 0.04473877,-0.034444444 -0.025555555 0,-0.1 -0.14 9.85,150 117 120,27
124,01110011,00000000,0.9989624 0.0037841797 -0.0036010742 0.04473877,-0.037777778 -0.027777778 0.0022222223,-0.08 -0.11 9.88,150 117 120,27
125,01110011,00000000,0.9989624 0.0032958984 -0.0040283203 0.04473877,-0.037777778 -0.023333333 0.0011111111,-0.07 -0.14 9.86,150 117 120,27
126,01110011,00000000,0.9989624 0.0026245117 -0.0043945312 0.04473877,-0.034444444 -0.017777778 0.0011111111,-0.08 -0.17 9.83,150 117 120,27
127,01110011,00000000,0.9989624 0.0021972656 -0.0045776367 0.04473877,-0.024444444 -0.011111111 0.0022222223,-0.08 -0.14 9.85,150 117 120,27
128,01110011,00000000,0.9989624 0.001953125 -0.004638672 0.04473877,-0.015555556 -0.0033333334 0.0033333334,-0.08 -0.16 9.85,150 117 120,27
129,01110011,00000000,0.9989624 0.0018920898 -0.004638672 0.04473877,-0.0044444446 0.0044444446 0.0022222223,-0.09 -0.13 9.84,150 117 120,27
130,01110011,00000000,0.9989624 0.0018920898 -0.0044555664 0.04473877,0.008888889 0.015555556 0.0022222223,-0.07 -0.18 9.86,150 117 120,27
131,01110011,00000000,0.9989624 0.0021972656 -0.004211426 0.04473877,0.022222223 0.023333333 0.0011111111,-0.09 -0.14 9.84,150 117 120,27
132,01110011,00000000,0.9989624 0.0026855469 -0.0037841797 0.04473877,0.032222223 0.022222223 0.0044444446,-0.08 -0.13 9.85,150 117 120,27
133,01110011,00000000,0.9989624 0.0032348633 -0.0034179688 0.04473877,0.03888889 0.025555555 0.0011111111,-0.1 -0.15 9.88,150 117 120,27
134,01110011,00000000,0.9989624 0.0038452148 -0.0030517578 0.044799805,0.04111111 0.02111111 0.0033333334,-0.08 -0.15 9.85,150 117 120,27
135,01110011,00000000,0.9989624 0.0045776367 -0.0026855469 0.044799805,0.04222222 0.015555556 0.0011111111,-0.11 -0.13 9.87,151 117 120,27
136,01110011,00000000,0.9989624 0.005126953 -0.0026245117 0.044799805,0.033333335 0.006666667 0.0033333334,-0.11 -0.14 9.84,152 117 120,27
137,01110011,00000000,0.9989624 0.005493164 -0.0025634766 0.044799805,0.025555555 -0.0033333334 0.0011111111,-0.09 -0.11 9.86,152 117 120,27
138,01110011,00000000,0.9989624 0.00579834 -0.0025634766 0.044799805,0.017777778 -0.01 -0.0011111111,-0.1 -0.11 9.86,152 117 120,27
139,01110011,00000000,0.9989624 0.005859375 -0.0026855469 0.044799805,0.0055555557 -0.01 -0.0022222223,-0.1 -0.14 9.85,152 117 120,27
140,01110011,00000000,0.9989624 0.005859375 -0.0029296875 0.04473877,-0.01 -0.02 0,-0.1 -0.12 9.84,152 117 120,27
141,01110011,00000000,0.9989624 0.0056152344 -0.0032348633 0.04473877,-0.02 -0.024444444 0,-0.1 -0.14 9.85,151 117 120,27
142,01110011,00000000,0.9989624 0.005126953 -0.0037231445 0.04473877,-0.028888889 -0.023333333 -0.0022222223,-0.11 -0.13 9.84,150 117 120,27
143,01110011,00000000,0.9989624 0.004638672 -0.0041503906 0.04473877,-0.035555556 -0.027777778 -0.0011111111,-0.1 -0.16 9.84,150 117 120,27
144,01110011,00000000,0.9989624 0.0041503906 -0.0044555664 0.04473877,-0.037777778 -0.02 -0.0011111111,-0.09 -0.12 9.87,150 117 120,27
145,01110011,00000000,0.9989624 0.003479004 -0.0048217773 0.04473877,-0.034444444 -0.013333334 -0.0011111111,0 -2.56 9.85,150 117 120,27
146,01110011,00000000,0.9989624 0.0030517578 -0.0048217773 0.04473877,-0.024444444 -0.006666667 -0.0011111111,-0.08 -0.16 9.86,150 117 120,27
147,01110011,00000000,0.9989624 0.002746582 -0.0048217773 0.04473877,-0.017777778 0.0022222223 0,-0.09 -0.15 9.87,150 117 120,27
148,01110011,00000000,0.9989624 0.0026855469 -0.004760742 0.04473877,-0.0022222223 0.012222222 -0.0011111111,-0.09 -0.15 9.84,150 117 120,27
149,01110011,00000000,0.9989624 0.0026855469 -0.004638672 0.04473877,0.01 0.017777778 0,-0.08 -0.16 9.85,150 117 120,27
150,01110011,00000000,0.9989624 0.0029296875 -0.0043945312 0.04473877,0.02 0.015555556 -0.0011111111,-0.09 -0.15 9.85,150 117 120,27
151,01110011,00000000,0.9989624 0.0034179688 -0.003967285 0.04473877,0.03 0.02 0.0011111111,-0.1 -0.14 9.84,150 117 120,27
152,01110011,00000000,0.9989624 0.003967285 -0.0036621094 0.04473877,0.03888889 0.02111111 0.0022222223,-0.1 -0.14 9.84,150 117 120,27
153,01110011,00000000,0.9845581 0.0045166016 -0.0033569336 0.04473877,0.04111111 -3.6988888 -11.378889,-0.11 -0.14 9.86,150 117 120,27
154,01110011,00000000,0.9989624 0.0052490234 -0.0032348633 0.04473877,0.04 0.011111111 0.0011111111,-0.1 -0.15 9.84,151 117 120,27
155,01110011,00000000,0.9989624 0.0057373047 -0.0031738281 0.04473877,0.033333335 0.0044444446 0,-0.11 -0.12 9.88,151 117 120,27
156,01110011,00000000,0.9989624 0.006164551 -0.0031738281 0.04473877,0.025555555 -0.0011111111 0,-0.1 -0.11 9.85,151 117 120,27
157,01110011,00000000,0.9989624 0.0064697266 -0.0032348633 0.04473877,0.015555556 -0.006666667 0,-0.11 -0.13 9.87,151 117 120,27
158,01110011,00000000,0.9989624 0.0064697266 -0.0034179688 0.04473877,0 -0.017777778 -0.0022222223,-0.11 -0.11 9.84,151 117 120,27
159,01110011,00000000,0.9989624 0.0064697266 -0.0036621094 0.04473877,-0.012222222 -0.018888889 -0.0011111111,-0.09 -0.12 9.85,151 117 120,27
160,01110011,00000000,0.9989624 0.0061035156 -0.0040283203 0.04473877,-0.02 -0.022222223 -0.0022222223,-0.09 -0.14 9.84,150 117 120,27
161,01110011,00000000,0.9989624 0.0057373047 -0.0043945312 0.04473877,-0.028888889 -0.023333333 -0.0011111111,-0.09 -0.14 9.83,150 117 120,27
162,01110011,00000000,0.9989624 0.0053100586 -0.004760742 0.04473877,-0.034444444 -0.024444444 -0.0022222223,10.15 -2.56 -0.01,150 117 120,27
163,01110011,00000000,0.9989624 0.004638672 -0.005126953 0.04473877,-0.037777778 -0.016666668 -0.0011111111,-0.1 -0.17 9.82,150 117 120,27
164,01110011,00000000,0.9989624 0.0040893555 -0.0053100586 0.04473877,-0.032222223 -0.011111111 0,-0.08 -0.15 9.83,150 117 120,27
165,01110011,00000000,0.9989624 0.0037231445 -0.0053100586 0.04473877,-0.027777778 -0.0033333334 -0.0011111111,-0.06 -0.17 9.86,150 117 120,27
166,01110011,00000000,0.9989624 0.0032958984 -0.0053710938 0.04473877,-0.017777778 0.0011111111 0.0022222223,-0.07 -0.15 9.84,150 117 120,27
167,01110011,00000000,0.9989624 0.0032348633 -0.0053710938 0.04473877,-0.007777778 0.008888889 0,-0.09 -0.16 9.87,150 117 120,27
168,01110011,00000000,0.9989624 0.0032348633 -0.0051879883 0.04473877,0.0055555557 0.011111111 0.0022222223,-0.09 -0.14 9.87,150 117 120,27
169,01110011,00000000,0.9989624 0.003479004 -0.0048828125 0.04473877,0.016666668 0.016666668 0.0011111111,-0.08 -0.14 9.88,150 117 120,27
170,01110011,00000000,0.9845581 0.0037841797 -0.004638672 0.04473877,0.025555555 0.016666668 -11.378889,-0.11 -0.15 9.84,150 117 120,27
171,01110011,00000000,0.9989624 0.004272461 -0.004333496 0.04473877,0.035555556 0.017777778 0.0022222223,-0.09 -0.15 9.87,150 117 120,27
172,01110011,00000000,0.9989624 0.005004883 -0.0040283203 0.04473877,0.03888889 0.012222222 0.0022222223,-0.09 -0.15 9.83,150 117 120,27
173,01110011,00000000,0.9989624 0.005554199 -0.00390625 0.04473877,0.03888889 0.008888889 0.0022222223,-0.09 -0.13 9.85,150 117 120,27
174,01110011,00000000,0.9989624 0.0060424805 -0.00390625 0.04473877,0.033333335 0.0011111111 0.0022222223,-0.11 -0.14 9.87,150 117 120,27
175,01110011,00000000,0.9989624 0.0064697266 -0.003967285 0.04473877,0.026666667 -0.0044444446 0,-0.09 -0.13 9.84,150 117 120,27
176,01110011,00000000,0.9989624 0.0068969727 -0.00390625 0.04473877,0.018888889 -0.006666667 0.0033333334,-0.09 -0.15 9.84,150 117 120,27
177,01110011,00000000,0.9989624 0.0068969727 -0.003967285 0.04473877,0.006666667 -0.016666668 -0.0022222223,-0.1 -0.15 9.86,150 117 120,27
178,01110011,00000000,0.9989624 0.006713867 -0.0040283203 0.04473877,-0.0055555557 -0.02 0.0033333334,-0.09 -0.12 9.86,150 117 120,27
179,01110011,00000000,0.9989624 0.006225586 -0.0041503906 0.04473877,-0.017777778 -0.02111111 0.0011111111,-0.09 -0.13 -0.01,150 117 120,27
180,01110011,00000000,0.9989624 0.0056762695 -0.004211426 0.04473877,-0.027777778 -0.022222223 0.0011111111,-0.1 -0.14 9.85,150 117 120,27
181,01110011,00000000,0.9989624 0.005065918 -0.004272461 0.04473877,-0.033333335 -0.023333333 0,-0.09 -0.13 9.86,150 117 120,27
182,01110011,00000000,0.9989624 0.004211426 -0.004333496 0.04473877,-0.034444444 -0.015555556 0,-0.07 -0.14 9.86,150 117 120,27
183,01110011,00000000,0.9989624 0.0036010742 -0.004272461 0.04473877,-0.033333335 -0.006666667 0.0033333334,-0.07 -0.14 9.84,150 117 120,27
184,01110011,00000000,0.9989624 0.0029907227 -0.0040893555 0.04473877,-0.028888889 -0.0022222223 0.0011111111,-0.08 -0.14 9.87,150 117 120,27
185,01110011,00000000,0.9989624 0.0024414062 -0.00390625 0.04473877,-0.02111111 0.0022222223 0.0022222223,-0.09 -0.14 9.88,150 117 120,27
186,01110011,00000000,0.9989624 0.0021972656 -0.0037231445 0.04473877,-0.007777778 0.007777778 0.0033333334,-0.09 -0.14 9.84,150 117 120,27
187,01110011,00000000,0.9845581 0.0020751953 -0.0034179688 0.04473877,0.0033333334 0.014444444 0.0011111111,-0.08 -0.15 9.86,150 117 120,27
188,01110011,00000000,0.9989624 0.0020751953 -0.0029296875 0.044799805,0.012222222 0.013333334 0.0033333334,-0.09 -0.14 9.84,150 117 120,27
189,01110011,00000000,0.9989624 0.002319336 -0.0026855469 0.044799805,0.026666667 0.01 0.0022222223,-0.09 -0.13 9.89,150 117 120,27
190,01110011,00000000,0.9989624 0.0026245117 -0.002319336 0.044799805,0.031111112 0.013333334 0.0022222223,-0.1 -0.14 9.87,150 117 120,27
191,01110011,00000000,0.9989624 0.003112793 -0.001953125 0.044799805,0.037777778 0.008888889 0.0033333334,-0.1 -0.15 9.85,150 117 120,27
192,01110011,00000000,0.9989624 0.003540039 -0.0018310547 0.044799805,0.037777778 0.0055555557 0.0022222223,-0.11 -0.14 9.86,150 117 120,27
193,01110011,00000000,0.9989624 0.003967285 -0.0016479492 0.044799805,0.034444444 0.0011111111 0.0022222223,-0.1 -0.14 9.86,150 117 120,27
194,01110011,00000000,0.99902344 0.004272461 -0.0014648438 0.044799805,0.028888889 -0.006666667 -0.0011111111,-0.11 -0.13 9.84,150 117 120,27
195,01110011,00000000,0.99902344 0.0045776367 -0.0012817383 0.044799805,0.017777778 -0.008888889 0,-0.09 -0.13 9.86,150 117 120,27
196,01110011,00000000,0.99902344 0.0045776367 -0.0012817383 0.044799805,0.01 -0.013333334 0,-0.11 -0.13 40.55,132 84 120,27
197,01110011,00000000,0.99902344 0.0043945312 -0.0014038086 0.044799805,-0.0011111111 -0.015555556 0,-0.09 -0.12 9.87,150 117 120,27
198,01110011,00000000,0.9989624 0.0041503906 -0.0015869141 0.044799805,-0.015555556 -0.022222223 0,-0.08 -0.12 9.87,150 117 120,27
199,01110011,00000000,0.9989624 0.0037841797 -0.0017089844 0.044799805,-0.022222223 -0.016666668 0,-0.1 -0.14 9.86,150 117 120,27
200,01110011,00000000,0.9989624 0.003112793 -0.0018920898 0.044799805,-0.031111112 -0.015555556 -0.0011111111,-0.08 -0.12 9.87,150 117 120,27
201,01110011,00000000,0.9989624 0.0025634766 -0.001953125 0.044799805,-0.033333335 -0.012222222 -0.0011111111,-0.09 -0.15 9.84,150 117 120,27
202,01110011,00000000,0.9989624 0.0020141602 -0.001953125 0.044799805,-0.034444444 -0.01 0.0033333334,-0.06 -0.17 9.85,150 117 120,27
203,01110011,00000000,0.9989624 0.0013427734 -0.0018310547 0.044799805,-0.028888889 -0.0011111111 0.0011111111,-0.09 -0.16 9.86,150 117 120,27
204,01110011,00000000,0.9989624 0.009155273 0.0071411133 -0.008300781,-0.026666667 0.0022222223 0,-0.1 -0.16 9.85,150 117 120,27
205,01110011,00000000,0.9989624 0.0006713867 -0.0015869141 0.044799805,-0.01 0.01 0.0011111111,-0.1 -0.16 9.9,150 117 120,27
206,01110011,00000000,0.9989624 0.00061035156 -0.0013427734 0.044799805,0 0.008888889 0.0022222223,-0.09 -0.15 9.86,150 117 120,27
207,01110011,00000000,0.9989624 0.0007324219 -0.001159668 0.044799805,0.013333334 0.011111111 0.0022222223,-0.08 -0.15 9.85,150 117 120,27
208,01110011,00000000,0.9989624 0.0010986328 -0.0010375977 0.044799805,0.026666667 0.013333334 0.0011111111,-0.07 -0.14 9.85,150 117 120,27
209,01110011,00000000,0.9989624 0.0016479492 -0.0009765625 0.044799805,0.031111112 0.012222222 0.0011111111,-0.1 -0.14 9.86,150 117 120,27
210,01110011,00000000,0.9989624 0.0021362305 -0.0009765625 0.044799805,0.036666665 0.006666667 0.0011111111,-0.1 -0.15 9.86,150 117 120,27
211,01110011,00000000,0.9989624 0.0026855469 -0.00091552734 0.044799805,0.037777778 0.0011111111 0,-0.07 -0.13 9.84,150 117 120,27
212,01110011,00000000,0.9989624 0.0031738281 -0.00091552734 0.044799805,0.033333335 -0.0033333334 0,-0.1 -0.12 9.84,150 117 120,27
213,01110011,00000000,0.99902344 0.0037841797 -0.0008544922 0.044799805,0.03 -0.006666667 -0.0022222223,-0.09 -0.12 9.86,221 -34 767,27
214,01110011,00000000,0.99902344 0.0040893555 -0.0008544922 0.044799805,0.017777778 -0.01 -0.0011111111,-0.09 -0.13 9.83,150 117 120,27
215,01110011,00000000,0.99902344 0.004272461 -0.0010375977 0.044799805,0.011111111 -0.014444444 -0.0022222223,-0.1 -0.11 9.85,150 117 120,27
216,01110011,00000000,0.99902344 0.004333496 -0.0013427734 0.044799805,-0.0044444446 -0.017777778 -0.0022222223,-0.09 -0.11 9.84,150 117 120,27
217,01110011,00000000,0.9989624 0.0041503906 -0.0015869141 0.044799805,-0.015555556 -0.017777778 0.0011111111,-0.1 -0.13 9.83,150 117 120,27
218,01110011,00000000,0.9989624 0.0038452148 -0.0018920898 0.044799805,-0.023333333 -0.017777778 -0.0022222223,-0.09 -0.12 9.87,150 117 120,27
219,01110011,00000000,0.9989624 0.0032958984 -0.0021362305 0.044799805,-0.031111112 -0.015555556 -0.0022222223,-0.08 -0.16 9.87,150 117 120,27
220,01110011,00000000,0.9989624 0.0028076172 -0.0021362305 0.044799805,-0.032222223 -0.008888889 0,-0.09 -0.15 9.84,150 117 120,27
221,01110011,00000000,0.9989624 0.002380371 0.0071411133 -0.008300781,-0.03 -0.007777778 -0.0011111111,-0.09 -0.14 9.84,150 117 120,27
222,01110011,00000000,0.9989624 0.0018310547 -0.0021972656 0.044799805,-0.03 0 0.0022222223,-0.09 -0.15 9.88,150 117 120,27
223,01110011,00000000,0.9989624 0.0015258789 -0.0021972656 0.044799805,-0.018888889 0.0033333334 -0.0033333334,-0.08 -0.14 9.89,150 117 120,27
224,01110011,00000000,0.9989624 0.0012817383 -0.0022583008 0.044799805,-0.014444444 0.0044444446 0.0022222223,-0.09 -0.15 9.84,150 117 120,27
225,01110011,00000000,0.9989624 0.0012207031 -0.0022583008 0.044799805,-0.006666667 0.0033333334 0.0022222223,-0.09 -0.15 9.85,150 117 120,27
226,01110011,00000000,0.9989624 0.0012207031 -0.0022583008 0.044799805,0.0055555557 0.0011111111 0.0022222223,-0.1 -0.14 9.84,150 117 120,27
227,01110011,00000000,0.9989624 0.0013427734 -0.0021972656 0.044799805,0.017777778 0.0044444446 0.0011111111,-0.1 -0.18 9.84,150 117 120,27
228,01110011,00000000,0.9989624 0.0020141602 -0.001953125 0.044799805,0.03888889 0.015555556 0.0011111111,-0.08 -0.15 9.86,150 117 120,27
229,01110011,00000000,0.9989624 0.0024414062 -0.0017700195 0.044799805,0.032222223 0.008888889 0.0011111111,-0.11 -0.14 9.83,150 117 120,27
230,01110011,00000000,0.9989624 0.0030517578 -0.0017700195 0.044799805,0.045555554 0.0011111111 0.0011111111,-0.11 -0.15 9.86,150 222 767,27
231,01110011,00000000,0.9989624 0.00390625 -0.0017089844 0.044799805,0.043333333 -0.0044444446 0,-0.08 -0.13 9.86,151 117 120,27
232,01110011,00000000,0.9989624 0.004333496 -0.0017089844 0.044799805,0.025555555 0 0.0033333334,-0.08 -0.13 9.87,152 117 120,27
233,01110011,00000000,0.99902344 0.004760742 -0.0016479492 0.044799805,0.027777778 -0.0011111111 0.0022222223,-0.1 -0.12 9.84,152 117 120,27
234,01110011,00000000,0.9989624 0.005004883 -0.0017089844 0.044799805,0.013333334 -0.01 0.0022222223,-0.12 -0.11 9.84,152 117 120,27
235,01110011,00000000,0.9989624 0.005004883 -0.001953125 0.044799805,-0.0044444446 -0.016666668 0,-0.06 -0.15 9.83,152 117 120,27
236,01110011,00000000,0.9989624 0.005004883 -0.0021972656 0.044799805,-0.007777778 -0.016666668 0.0011111111,-0.06 -0.14 9.85,151 117 120,27
237,01110011,00000000,0.9989624 0.004638672 -0.0022583008 0.044799805,-0.025555555 -0.008888889 0.0033333334,-0.11 -0.13 9.84,150 117 120,27
238,01110011,00000000,0.9989624 0.0041503906 -0.0024414062 -0.008300781,-0.033333335 -0.01 0.0033333334,-0.09 -0.14 9.85,150 117 120,27
239,01110011,00000000,0.9989624 0.0037231445 -0.0025634766 0.044799805,-0.032222223 -0.006666667 0.0011111111,-0.09 -0.13 9.86,150 117 120,27
240,01110011,00000000,0.9989624 0.0029907227 -0.0026855469 0.044799805,-0.04111111 -0.006666667 0.0022222223,-0.09 -0.13 9.84,150 117 120,27
241,01110011,00000000,0.9989624 0.0024414062 -0.0026855469 0.044799805,-0.03 0.0011111111 0.0022222223,-0.08 -0.15 9.88,150 117 120,27
242,01110011,00000000,0.9989624 0.0020751953 -0.002746582 0.044799805,-0.023333333 0.0033333334 0.0022222223,-0.09 -0.15 9.85,150 117 120,27
243,01110011,00000000,0.9989624 0.0017089844 -0.002746582 0.044799805,-0.02111111 0.0033333334 0.0011111111,-0.1 -0.14 9.87,150 117 120,27
244,01110011,00000000,0.9989624 0.0016479492 -0.002746582 0.044799805,-0.0044444446 0.0033333334 0.0011111111,-0.08 -0.16 9.87,150 117 120,27
245,01110011,00000000,0.9989624 0.0016479492 -0.002746582 0.044799805,0.007777778 0.01 0,-0.09 -0.13 9.84,150 117 120,27
246,01110011,00000000,0.9989624 0.0018310547 -0.002746582 0.044799805,0.016666668 0.007777778 0.0011111111,-0.08 -0.15 9.83,150 117 120,27
247,01110011,00000000,0.9989624 0.002319336 -0.002746582 0.044799805,0.028888889 0.008888889 0.0022222223,-0.1 -0.17 9.85,150 117 255,27
248,01110011,00000000,0.9989624 0.0028686523 -0.0026855469 0.044799805,0.036666665 0.0022222223 0.0033333334,-0.08 -0.14 9.86,150 117 120,27
249,01110011,00000000,0.9989624 0.0034179688 -0.0026855469 0.044799805,0.03888889 0.0033333334 0.0033333334,-0.1 -0.15 9.84,150 117 120,27
250,01110011,00000000,0.9989624 0.0041503906 -0.0026245117 0.044799805,0.04 0.0044444446 0.0011111111,-0.1 -0.14 9.85,150 117 120,27
251,01110011,00000000,0.9989624 0.004638672 -0.0025634766 0.044799805,0.032222223 0.0011111111 0,-0.08 -0.14 9.86,151 117 120,27
252,01110011,00000000,0.9989624 0.005065918 -0.0025634766 0.044799805,0.027777778 -0.0055555557 0.0011111111,-0.08 -0.12 9.87,151 117 120,27
253,01110011,00000000,0.9989624 0.005432129 -0.0025634766 0.044799805,0.017777778 -0.008888889 0.0011111111,-0.08 -0.13 9.87,151 117 120,27
254,01110011,00000000,0.9989624 0.005432129 -0.0025634766 0.044799805,0.0022222223 -0.01 0.0011111111,-0.1 -0.12 9.84,151 117 120,27
255,01110011,00000000,0.9989624 0.005432129 -0.0026245117 0.044799805,-0.008888889 -0.01 -0.0022222223,-0.08 -0.13 9.82,151 117 120,27
0,01110011,00000000,0.9989624 0.005126953 -0.0028686523 0.044799805,-0.017777778 -0.014444444 0,-0.09 -0.12 9.84,150 117 120,27
1,01110011,00000000,0.9989624 0.004760742 -0.0029907227 0.04473877,-0.028888889 -0.011111111 -0.0022222223,-0.08 -0.14 9.86,150 117 120,27
2,01110011,00000000,0.9989624 0.004272461 -0.0030517578 0.04473877,-0.033333335 -0.0055555557 0.0011111111,-0.08 -0.12 9.83,150 117 120,27
3,01110011,00000000,0.9989624 0.0036010742 -0.0030517578 0.044799805,-0.034444444 -0.0022222223 0.0011111111,-0.1 -0.12 9.84,150 117 120,27
4,01110011,00000000,0.9989624 0.003112793 -0.003112793 0.044799805,-0.033333335 -0.0044444446 0,-0.1 -0.14 9.87,150 117 120,27
5,01110011,00000000,0.9989624 0.0026855469 -0.003112793 0.044799805,-0.025555555 -0.0022222223 0.0011111111,-0.09 -0.15 9.87,150 117 120,27
6,01110011,00000000,0.9989624 0.002319336 -0.003112793 0.044799805,-0.017777778 0.0033333334 0.0011111111,-0.09 -0.14 9.84,150 117 120,27
7,01110011,00000000,0.9989624 0.0021972656 -0.0031738281 0.044799805,-0.006666667 0.0033333334 0.0033333334,-0.07 -0.14 9.84,150 117 120,27
8,01110011,00000000,0.9989624 0.0021972656 -0.0031738281 0.044799805,0.0033333334 0.0055555557 0.0022222223,-0.08 -0.14 9.84,150 117 120,27
9,01110011,00000000,0.9989624 0.0024414062 -0.003112793 0.044799805,0.015555556 0.0033333334 0.0011111111,-0.08 -0.16 9.84,150 117 120,27
10,01110011,00000000,0.9989624 0.002746582 -0.003112793 0.044799805,0.026666667 0.0055555557 0,-0.1 -0.16 9.86,150 117 120,27
11,01110011,00000000,0.9989624 0.0032348633 -0.003112793 0.044799805,0.033333335 0.0033333334 0.0022222223,-0.1 -0.14 9.87,150 117 120,27
12,01110011,00000000,0.9989624 0.00390625 -0.0030517578 0.044799805,0.03888889 0.0033333334 0.0011111111,-0.07 -0.14 9.87,150 117 120,27
13,01110011,00000000,0.9989624 0.0044555664 -0.0029907227 0.044799805,0.036666665 -0.0011111111 0,-0.1 -0.15 9.84,150 117 120,27
14,01110011,00000000,0.9989624 0.0049438477 -0.0029907227 0.04473877,0.033333335 -0.007777778 0.0022222223,-0.09 -0.12 9.85,150 117 120,27
15,01110011,00000000,0.9989624 0.005432129 -0.0029907227 0.04473877,0.024444444 -0.0055555557 -0.0011111111,-0.11 -0.13 9.88,150 117 120,27
16,01110011,00000000,0.9989624 0.0056762695 -0.0029296875 0.04473877,0.012222222 -0.0055555557 0.0022222223,-0.09 -0.13 9.86,150 117 120,27
17,01110011,00000000,0.9989624 0.0056762695 -0.0029296875 0.04473877,0.0022222223 -0.01 0,0 -2.56 9.87,150 117 120,27
18,01110011,00000000,0.9989624 0.0056762695 -0.0030517578 0.04473877,-0.008888889 -0.011111111 -0.0011111111,-0.1 -0.13 9.85,150 117 120,27
19,01110011,00000000,0.9989624 0.0053710938 -0.0030517578 0.04473877,-0.022222223 -0.01 0.0033333334,-0.08 -0.12 9.85,150 117 120,27
20,01110011,00000000,0.9989624 0.005004883 -0.003112793 0.04473877,-0.026666667 -0.006666667 0.0022222223,-0.1 -0.13 9.84,150 117 120,27
21,01110011,00000000,0.9989624 0.0043945312 -0.003112793 0.04473877,-0.031111112 -0.0011111111 0.0011111111,-0.09 -0.12 9.86,150 117 120,27
22,01110011,00000000,0.9989624 0.003967285 -0.0031738281 0.04473877,-0.032222223 -0.0044444446 0,-0.1 -0.11 9.86,150 117 120,27
23,01110011,00000000,0.9989624 0.003479004 -0.0031738281 0.04473877,-0.032222223 0 0,-0.09 -0.12 9.84,150 117 120,27
24,01110011,00000000,0.9989624 0.0029296875 -0.0032348633 0.04473877,-0.025555555 0.0022222223 0.0022222223,-0.1 -0.15 9.84,150 117 120,27
25,01110011,00000000,0.9845581 0.0026855469 -0.0032348633 0.04473877,-0.02 -3.13 -11.094444,-0.1 -0.13 9.86,150 117 120,27
26,01110011,00000000,0.9989624 0.0025634766 -0.0032348633 0.04473877,-0.006666667 0.0033333334 0.0011111111,-0.11 -0.16 9.84,150 117 120,27
27,01110011,00000000,0.9989624 0.0025634766 -0.0032348633 0.04473877,0.0055555557 0.0022222223 0,-0.08 -0.16 9.87,150 117 120,27
28,01110011,00000000,0.9989624 0.0028076172 -0.0032348633 0.04473877,0.015555556 0.0011111111 0.0022222223,-0.09 -0.17 9.86,150 117 120,27
29,01110011,00000000,0.9989624 0.003112793 -0.0031738281 0.04473877,0.027777778 0.0022222223 -0.0011111111,-0.1 -0.15 9.85,150 117 120,27
30,01110011,00000000,0.9989624 0.0036010742 -0.0031738281 0.04473877,0.033333335 0.0055555557 -0.0011111111,-0.1 -0.15 9.86,150 117 120,27
31,01110011,00000000,0.9989624 0.004272461 -0.003112793 0.04473877,0.033333335 -0.0033333334 0,-0.09 -0.14 9.84,150 117 120,27
32,01110011,00000000,0.9989624 0.0048217773 -0.003112793 0.04473877,0.036666665 -0.0044444446 0.0011111111,-0.1 -0.13 9.86,150 117 120,27
33,01110011,00000000,0.9989624 0.0053100586 -0.0030517578 0.04473877,0.032222223 -0.0022222223 0,-0.1 -0.13 9.85,150 117 120,27
34,01110011,00000000,0.9989624 0.00579834 -0.0030517578 0.04473877,0.025555555 -0.0055555557 -0.0011111111,2.45 -2.56 -0.01,150 117 120,27
35,01110011,00000000,0.9989624 0.0060424805 -0.0030517578 0.04473877,0.016666668 -0.0044444446 0.0022222223,-0.09 -0.11 9.85,150 117 120,27
36,01110011,00000000,0.9989624 0.0061035156 -0.0030517578 0.04473877,0.0033333334 -0.006666667 0.0011111111,-0.1 -0.14 9.84,150 117 120,27
37,01110011,00000000,0.9989624 0.0061035156 -0.0030517578 0.04473877,-0.0044444446 -0.0055555557 -0.0011111111,-0.09 -0.12 9.85,150 117 120,27
38,01110011,00000000,0.9989624 0.00592041 -0.0030517578 0.04473877,-0.018888889 -0.0055555557 0.0033333334,-0.1 -0.12 9.86,150 117 120,27
39,01110011,00000000,0.9989624 0.0056152344 -0.0030517578 0.04473877,-0.026666667 -0.006666667 0,-0.1 -0.11 9.87,150 117 120,27
40,01110011,00000000,0.9989624 0.005004883 -0.003112793 0.04473877,-0.031111112 -0.007777778 0.0011111111,-0.09 -0.15 9.87,150 117 120,27
41,01110011,00000000,0.9989624 0.0045776367 -0.003112793 0.04473877,-0.031111112 0 0.0011111111,-0.09 -0.14 9.86,150 117 120,27
42,01110011,00000000,0.9845581 0.0040893555 -0.0031738281 0.04473877,-0.033333335 0 -11.094444,-0.1 -0.13 9.85,150 117 120,27
43,01110011,00000000,0.9989624 0.0036010742 -0.0031738281 0.04473877,-0.027777778 0 0.0022222223,-0.1 -0.16 9.84,150 117 120,27
44,01110011,00000000,0.9989624 0.0032958984 -0.0031738281 0.04473877,-0.015555556 0 0.0011111111,-0.08 -0.12 9.87,150 117 120,27
45,01110011,00000000,0.9989624 0.0031738281 -0.0031738281 0.04473877,-0.007777778 0.0011111111 0.0011111111,-0.09 -0.16 9.86,150 117 120,27
46,01110011,00000000,0.9989624 0.0031738281 -0.0031738281 0.04473877,0 0.0022222223 0.0011111111,-0.09 -0.14 9.85,150 117 120,27
47,01110011,00000000,0.9989624 0.0032958984 -0.0031738281 0.04473877,0.014444444 0.0022222223 0.0022222223,-0.11 -0.13 9.87,150 117 120,27
48,01110011,00000000,0.9989624 0.0036010742 -0.0031738281 0.04473877,0.023333333 0.0022222223 0.0011111111,-0.11 -0.15 9.88,150 117 120,27
49,01110011,00000000,0.9989624 0.0041503906 -0.0031738281 0.04473877,0.031111112 -0.0022222223 0.0011111111,-0.07 -0.17 9.84,150 117 120,27
50,01110011,00000000,0.9989624 0.004638672 -0.003112793 0.04473877,0.035555556 -0.0011111111 0.0011111111,-0.09 -0.12 9.84,150 117 120,27
51,01110011,00000000,0.9989624 0.0051879883 -0.003112793 0.04473877,0.035555556 -0.0011111111 0.0011111111,-0.1 -0.14 -0.01,150 117 120,27
52,01110011,00000000,0.9989624 0.00579834 -0.0030517578 0.04473877,0.033333335 -0.0055555557 0,-0.1 -0.13 9.85,150 117 120,27
53,01110011,00000000,0.9989624 0.006164551 -0.0030517578 0.04473877,0.024444444 -0.0044444446 0.0033333334,-0.1 -0.15 9.84,150 117 120,27
54,01110011,00000000,0.9989624 0.0064697266 -0.0030517578 0.04473877,0.017777778 -0.006666667 0.0022222223,-0.1 -0.12 9.84,150 117 120,27
55,01110011,00000000,0.9989624 0.006652832 -0.0030517578 0.04473877,0.01 -0.0033333334 0,-0.1 -0.13 9.86,150 117 120,27
56,01110011,00000000,0.9989624 0.006652832 -0.0030517578 0.04473877,-0.0033333334 -0.006666667 -0.0011111111,-0.1 -0.13 9.84,150 117 120,27
57,01110011,00000000,0.9989624 0.0064697266 -0.0030517578 0.04473877,-0.014444444 -0.006666667 0.0011111111,-0.1 -0.15 9.85,150 117 120,27
58,01110011,00000000,0.9989624 0.0061035156 -0.0030517578 0.04473877,-0.018888889 -0.0033333334 0.0011111111,-0.11 -0.14 9.85,150 117 120,27
59,01110011,00000000,0.9845581 0.0056762695 -0.0030517578 0.04473877,-0.028888889 0 0.0022222223,-0.09 -0.13 9.89,150 117 120,27
60,01110011,00000000,0.9989624 0.0052490234 -0.0030517578 0.04473877,-0.033333335 -0.0055555557 0,-0.1 -0.14 9.83,150 117 120,27
61,01110011,00000000,0.9989624 0.004638672 -0.003112793 0.04473877,-0.03 0 0.0011111111,-0.09 -0.14 9.87,150 117 120,27
62,01110011,00000000,0.9989624 0.004272461 -0.003112793 0.04473877,-0.026666667 -0.0011111111 0.0022222223,-0.08 -0.16 9.87,150 117 120,27
63,01110011,00000000,0.9989624 0.003967285 -0.0031738281 0.04473877,-0.02 -0.0011111111 -0.0011111111,-0.08 -0.16 9.87,150 117 120,27
64,01110011,00000000,0.9989624 0.0037841797 -0.0031738281 0.04473877,-0.01 -0.0011111111 -0.0022222223,-0.09 -0.17 9.85,150 117 120,27
65,01110011,00000000,0.9989624 0.0037841797 -0.0031738281 0.04473877,-0.0033333334 0.0033333334 0,-0.1 -0.16 9.87,150 117 120,27
66,01110011,00000000,0.9989624 0.0038452148 -0.0031738281 0.04473877,0.013333334 -0.0022222223 0.0011111111,-0.11 -0.16 9.84,150 117 120,27
67,01110011,00000000,0.9989624 0.0041503906 -0.0031738281 0.04473877,0.022222223 -0.0033333334 0,-0.1 -0.16 9.88,150 117 120,27
68,01110011,00000000,0.9989624 0.004638672 -0.003112793 0.04473877,0.026666667 0 0.0022222223,-0.09 -0.16 273.54,144 84 120,27
69,01110011,00000000,0.9989624 0.005126953 -0.003112793 0.04473877,0.034444444 0 0.0022222223,-0.11 -0.14 9.87,150 117 120,27
70,01110011,00000000,0.9989624 0.0056152344 -0.0030517578 0.04473877,0.035555556 -0.0022222223 -0.0011111111,-0.09 -0.17 9.86,150 117 120,27
71,01110011,00000000,0.9989624 0.006225586 -0.003112793 0.04473877,0.033333335 -0.0022222223 0,-0.09 -0.13 9.85,150 117 120,27
72,01110011,00000000,0.9989624 0.006652832 -0.0030517578 0.04473877,0.027777778 -0.0055555557 0.0011111111,-0.09 -0.12 9.85,150 117 120,27
73,01110011,00000000,0.9989624 0.006958008 -0.0030517578 0.04473877,0.02 -0.0033333334 -0.0011111111,-0.09 -0.14 9.88,150 117 120,27
74,01110011,00000000,0.9989624 0.006958008 -0.0028076172 0.044799805,0.015555556 0.0011111111 0.0011111111,-0.08 -0.11 9.83,150 117 120,27
75,01110011,00000000,0.9989624 0.006713867 -0.0026245117 0.044799805,-0.0055555557 -0.0022222223 -0.0011111111,-0.09 -0.15 9.8,150 117 120,27
76,01110011,00000000,0.9989624 0.009155273 0.0071411133 -0.008300781,-0.012222222 -0.0033333334 0.0011111111,-0.11 -0.14 9.81,150 117 120,27
77,01110011,00000000,0.9989624 0.00592041 -0.0021972656 0.044799805,-0.013333334 -0.0011111111 0.0022222223,-0.08 -0.13 9.86,150 117 120,27
78,01110011,00000000,0.9989624 0.005432129 -0.0020141602 0.044799805,-0.025555555 0.011111111 0.0011111111,-0.09 -0.11 9.86,150 117 120,27
79,01110011,00000000,0.9989624 0.0048828125 -0.0018310547 0.044799805,-0.033333335 0 -0.0022222223,-0.11 -0.11 9.82,150 117 120,27
80,01110011,00000000,0.9989624 0.0040893555 -0.0016479492 0.044799805,-0.03 -0.01 -0.0033333334,-0.09 -0.15 9.91,150 117 120,27
81,01110011,00000000,0.9989624 0.0036621094 -0.0016479492 0.044799805,-0.025555555 -0.0022222223 -0.0044444446,-0.09 -0.12 9.87,150 117 120,27
82,01110011,00000000,0.9989624 0.003112793 -0.0015258789 0.044799805,-0.026666667 -0.0011111111 0,-0.09 -0.17 9.85,150 117 120,27
83,01110011,00000000,0.9989624 0.0026855469 -0.0014038086 0.044799805,-0.011111111 0.0033333334 0,-0.1 -0.17 9.86,150 117 120,27
84,01110011,00000000,0.9989624 0.0026855469 -0.0012817383 0.044799805,-0.0044444446 -0.008888889 -0.0022222223,-0.11 -0.12 9.86,150 117 120,27
85,01110011,00000000,0.9989624 0.0025634766 -0.0014038086 0.044799805,0.0011111111 -0.014444444 -0.0022222223,-0.1 -0.15 9.89,43 -1010 -2305,27
86,01110011,00000000,0.9989624 0.002746582 -0.0012817383 0.044799805,0.02 -0.0022222223 -0.0033333334,-0.07 -0.16 9.86,150 117 120,27
87,01110011,00000000,0.9989624 0.0029296875 -0.001159668 0.044799805,0.018888889 0.0022222223 -0.0022222223,-0.09 -0.14 9.85,150 117 120,27
88,01110011,00000000,0.9989624 0.0031738281 -0.0010375977 0.044799805,0.028888889 -0.006666667 -0.0011111111,-0.09 -0.15 9.87,150 117 120,27
89,01110011,00000000,0.9993286 0.020385742 -0.004699707 0.029296875,1.4566667 -0.49222222 -1.2577778,0.13 0.87 11.7,150 117 120,27
90,01110011,00000000,0.9995117 0.02520752 -0.015319824 -0.0045776367,-0.44666666 -1.1633333 -2.8255556,1.48 2.07 9.61,174 117 120,27
91,01110011,00000000,0.9980469 0.012084961 -0.03186035 -0.051635742,-0.85 -1.2344445 -3.3122222,1.72 -2.98 10.42,178 117 120,27
92,01110011,00000000,0.9926758 0.0060424805 -0.05090332 -0.109680176,-0.35444444 -0.9533333 -2.96,3.05 -1.34 8.87,177 117 120,27
93,01110011,00000000,0.98602295 0.003967285 0.0071411133 -0.008300781,-0.115555555 -0.8666667 -3.3666666,1.26 -1.44 10.08,176 117 120,27
94,01110011,00000000,0.97680664 0.0017700195 -0.076171875 -0.1998291,-0.20444444 -1.3355556 -2.9355555,1.15 -0.02 10.07,175 117 120,27
95,01110011,00000000,0.9657593 -0.007019043 -0.09649658 -0.24060059,-0.45666668 -1.1266667 -1.9777777,1.76 0.37 9.91,174 117 120,27
96,01110011,00000000,0.95739746 -0.015991211 -0.1105957 -0.26617432,-0.58666664 -1.1422222 -1.8255556,2.14 -0.04 10.12,173 117 120,27
97,01110011,00000000,0.9492798 -0.022277832 -0.12359619 -0.28808594,-0.39777777 -0.82222223 -1.3166667,2.15 0.42 9.58,172 117 120,27
98,01110011,00000000,0.94122314 -0.02758789 -0.14007568 -0.30603027,-0.1388889 -0.9311111 -0.95555556,0.05 -1.6 10.12,171 117 120,27
99,01110011,00000000,0.93395996 -0.029846191 -0.16009521 -0.31799316,0.017777778 -1.4333333 -0.95666665,3.98 -1.61 9.46,170 117 120,27
100,01110011,00000000,0.9293213 -0.02923584 -0.17034912 -0.32635498,0.09888889 -0.50666666 -0.55333334,2.63 0.42 9.12,169 117 120,27
101,01110011,00000000,0.9260864 -0.038208008 -0.1763916 -0.33135986,-0.50222224 -0.5 -0.15777777,2.97 0.59 9.23,170 117 120,27
102,01110011,00000000,0.9243164 -0.046691895 -0.1772461 -0.3347168,-0.5711111 -0.25111112 -0.15,3.76 0.01 9.11,169 193 -5633,27
103,01110011,00000000,0.92230225 -0.05316162 -0.1795044 -0.33789062,-0.2488889 -0.40333334 -0.16888888,2.16 -2.53 9.5,168 117 120,27
104,01110011,00000000,0.92089844 -0.05847168 -0.18395996 -0.338562,-0.25 -0.47333333 0.0011111111,3.39 -0.15 8.82,167 117 120,27
105,01110011,00000000,0.9180298 -0.0637207 -0.1899414 -0.34210205,-0.15555556 -0.38333333 -0.24666667,4.26 -0.32 9.36,166 117 120,27
106,01110011,00000000,0.91796875 -0.066101074 -0.18859863 -0.3425293,-0.10666667 0.031111112 0.04,3.1 -0.87 9.16,165 117 120,27
107,01110011,00000000,0.9164429 -0.06890869 -0.19238281 -0.34405518,-0.13444445 -0.5311111 -0.21555555,3.73 0.32 8.86,164 117 120,27
108,01110011,00000000,0.913208 -0.07537842 -0.20037842 -0.3466797,-0.20888889 -0.50555557 -0.1,4.07 -0.4 8.75,163 117 120,27
109,01110011,00000000,0.91290283 -0.07952881 -0.20031738 -0.34661865,-0.27 0.01 0.07,4.29 -0.46 8.88,162 117 120,27
110,01110011,00000000,0.91204834 -0.08453369 -0.20019531 -0.008239746,-0.37444445 -0.23 -0.025555555,3.67 -0.26 9.12,161 117 120,27
111,01110011,00000000,0.9109497 -0.09283447 -0.20355225 -0.34643555,-0.2988889 -0.33888888 0.14444445,3.88 -0.31 8.52,160 117 120,27
112,01110011,00000000,0.9104004 -0.09967041 -0.20507812 -0.34521484,-0.41666666 -0.24111111 0.11888889,4.63 -1.04 9.14,159 118 120,27
113,01110011,00000000,0.9098511 -0.105163574 -0.20611572 -0.34448242,-0.29 -0.18 0.11888889,4.18 -0.7 8.25,158 118 120,27
114,01110011,00000000,0.9089966 -0.11047363 -0.20593262 -0.3451538,-0.16888888 -0.08444444 -0.12666667,4.63 1.98 8.65,157 118 120,27
115,01110011,00000000,0.90808105 -0.11608887 -0.20550537 -0.3458252,-0.32555556 -0.21444444 -0.022222223,3.91 -0.33 8.6,156 118 120,27
116,01110011,00000000,0.9065552 -0.12072754 -0.20831299 -0.3466797,-0.23555556 -0.26666668 -0.07,5.17 -1.28 9.05,155 118 120,27
117,01110011,00000000,0.904541 -0.12408447 -0.20977783 -0.3496704,-0.33 -0.22888888 -0.05666667,12.15 -7.25 7.99,154 118 120,27
118,01110011,00000000,0.9104614 -0.12884521 -0.17016602 -0.354187,-1.2833333 2.8788888 0.083333336,-2.84 -3.41 15.68,153 118 120,27
119,01110011,00000000,0.90704346 -0.1338501 -0.16088867 -0.36535645,-0.50666666 0.08444444 -0.62222224,2.03 -3.3 9.04,153 74 255,27
120,01110011,00000000,0.9020386 -0.124816895 -0.16326904 -0.37957764,0.47666666 0.20555556 -0.9855555,3.73 -3.87 7.55,153 49 122,27
121,01110011,00000000,0.901001 -0.107543945 -0.16125488 -0.38806152,0.9177778 0.5088889 -0.59555554,0.15 -1.68 9.14,156 47 122,27
122,01110011,00000000,0.89764404 -0.09906006 -0.17071533 -0.3939209,0.65444446 -0.6755555 -0.6755555,2.35 -1.65 8.61,175 39 122,27
123,01110011,00000000,0.8925171 -0.099243164 -0.18719482 -0.39813232,0.12888889 -0.8144444 -0.32444444,2.62 -0.83 7.85,193 42 122,27
124,01110011,00000000,0.8925171 -0.1005249 -0.19543457 -0.39379883,0.32222223 -0.5911111 0.26222223,3.53 -1.37 8.82,199 45 122,27
125,01110011,00000000,0.892395 -0.097473145 -0.20684814 -0.38891602,0.70555556 -0.58111113 0.13444445,4.95 -0.1 8.54,204 48 122,27
126,01110011,00000000,0.8925781 -0.09552002 -0.21679688 -0.38342285,0.25555557 -0.44777778 0.20333333,4.23 0.7 7.94,216 50 121,27
127,01110011,00000000,0.89398193 -0.10021973 -0.21984863 -0.37738037,-0.16666667 -0.31666666 0.47777778,4.49 -0.45 8.41,224 52 120,27
128,01110011,00000000,0.8948364 -0.10369873 -0.22338867 -0.37219238,0.08777778 -0.35555556 0.31555554,4.91 -1.94 9.2,221 55 119,27
129,01110011,00000000,0.89642334 -0.10345459 -0.22680664 -0.366333,0.11 -0.12222222 0.29,5.54 0.81 8.36,218 57 118,27
130,01110011,00000000,0.8982544 -0.10510254 -0.22442627 -0.362854,-0.07777778 0.15666667 0.27888888,5.83 -0.85 9.24,218 59 117,27
131,01110011,00000000,0.89959717 -0.103881836 -0.22229004 -0.36114502,0.10666667 0.16888888 0.09222222,5 -0.09 8.29,216 60 116,27
132,01110011,00000000,0.9011841 -0.10266113 -0.2199707 -0.3590088,0.022222223 0.15111111 0.15111111,4.84 -0.55 8.71,215 58 116,27
133,01110011,00000000,0.9020386 -0.10290527 -0.21966553 -0.3569336,0.04222222 -0.008888889 0.15,4 -0.37 8.35,214 56 116,27
134,01110011,00000000,0.90216064 -0.105163574 -0.22033691 -0.3557129,-0.09777778 -0.12888889 0.04888889,4.75 -0.42 8.2,213 57 116,27
135,01110011,00000000,0.9020996 -0.10656738 -0.22033691 -0.35546875,-0.072222225 0.006666667 0.04111111,4.93 -0.77 8.46,211 59 116,27
136,01110011,00000000,0.90185547 -0.10662842 -0.2199707 -0.3562622,-0.023333333 0.035555556 -0.05888889,4.84 -0.41 8.69,209 61 116,27
137,01110011,00000000,0.9008789 -0.10760498 -0.22131348 -0.3574829,-0.05666667 -0.18111111 -0.09111111,4.26 -0.67 8.62,207 63 117,27
138,01110011,00000000,0.8997803 -0.10882568 -0.22485352 -0.3577881,0.022222223 -0.17333333 -0.037777778,4.93 -0.59 8.41,205 65 117,27
139,01110011,00000000,0.899353 -0.11029053 -0.2253418 -0.35803223,-0.094444446 -0.072222225 0.01,4.93 -0.79 8.59,203 67 117,27
140,01110011,00000000,0.89904785 -0.112976074 -0.2253418 -0.35784912,-0.14 -0.09 0.045555554,4.78 -0.89 8.43,201 69 117,27
141,01110011,00000000,0.89837646 -0.11444092 -0.2263794 -0.3585205,-0.045555554 -0.046666667 -0.08,5.04 -1.19 8.18,199 71 117,27
142,01110011,00000000,0.8983154 -0.115234375 -0.22479248 -0.35949707,-0.094444446 0.11333334 -0.008888889,5.39 -0.83 8.45,197 73 117,27
143,01110011,00000000,0.8980713 -0.11767578 -0.22485352 -0.3591919,-0.11777778 -0.20111111 0.033333335,4.17 -0.8 8.52,195 73 118,27
144,01110011,00000000,0.89733887 -0.119262695 -0.22729492 -0.35894775,-0.034444444 -0.17444444 0,5.36 -1.03 8.48,193 75 118,27
145,01110011,00000000,0.8967285 -0.12133789 -0.22814941 -0.3591919,-0.045555554 -0.062222224 -0.064444445,5.7 -3.1 8.18,191 77 118,27
146,01110011,00000000,0.897583 -0.123535156 -0.2255249 -0.35803223,-0.20666666 0.12777779 0.14888889,4.86 -0.59 8.65,189 79 118,27
147,01110011,00000000,0.8977051 -0.12615967 -0.2243042 -0.35754395,-0.14222223 0.0044444446 0.055555556,4.81 -1.24 8.33,187 79 118,27
148,01110011,00000000,0.89801025 -0.12805176 -0.22351074 -0.35662842,-0.07666667 0.01 0.094444446,4.66 -0.75 8.74,185 79 118,27
149,01110011,00000000,0.89801025 -0.13092041 -0.22460938 -0.35479736,-0.112222224 -0.20555556 0.14666666,4.64 -0.82 8.43,183 80 118,27
150,01110011,00000000,0.8978882 -0.1315918 -0.22698975 -0.35339355,0.12222222 -0.12888889 0.031111112,5.36 -1.13 8.28,182 82 118,27
151,01110011,00000000,0.8981323 -0.13140869 -0.22833252 -0.35205078,0.017777778 -0.052222222 0.053333335,4.45 -0.78 8.1,182 84 118,27
255,11111111,11111111,-6.1035156E-05 -6.1035156E-05 -6.1035156E-05 -6.1035156E-05,-0.0011111111 -0.0011111111 -0.0011111111,-0.01 -0.01 -0.01,-1 -1 -1,255
255,11111111,11111111,-6.1035156E-05 -6.1035156E-05 -6.1035156E-05 -6.1035156E-05,-0.0011111111 -0.0011111111 -0.0011111111,-0.01 -0.01 -0.01,-1 -1 -1,255
255,11111111,11111111,-6.1035156E-05 -6.1035156E-05 -6.1035156E-05 -6.1035156E-05,-0.0011111111 -0.0011111111 -0.0011111111,-0.01 -0.01 -0.01,-1 -1 -1,255
255,11111111,11111111,-6.1035156E-05 -6.1035156E-05 -6.1035156E-05 -6.1035156E-05,-0.0011111111 -0.0011111111 -0.0011111111,-0.01 -0.01 -0.01,-1 -1 -1,255
255,11111111,11111111,-6.1035156E-05 -6.1035156E-05 -6.1035156E-05 -6.1035156E-05,-0.0011111111 -0.0011111111 -0.0011111111,-0.01 -0.01 -0.01,-1 -1 -1,255
255,11111111,11111111,-6.1035156E-05 -6.1035156E-05 -6.1035156E-05 -6.1035156E-05,-0.0011111111 -0.0011111111 -0.0011111111,-0.01 -0.01 -0.01,-1 -1 -1,255
255,11111111,11111111,-6.1035156E-05 -6.1035156E-05 -6.1035156E-05 -6.1035156E-05,-0.0011111111 -0.0011111111 -0.0011111111,-0.01 -0.01 -0.01,-1 -1 -1,255
255,11111111,11111111,-6.1035156E-05 -6.1035156E-05 -6.1035156E-05 -6.1035156E-05,-0.0011111111 -0.0011111111 -0.0011111111,-0.01 -0.01 -0.01,-1 -1 -1,255
255,11111111,11111111,-6.1035156E-05 -6.1035156E-05 -6.1035156E-05 -6.1035156E-05,-0.0011111111 -0.0011111111 -0.0011111111,-0.01 -0.01 -0.01,-1 -1 -1,255
255,11111111,11111111,-6.1035156E-05 -6.1035156E-05 -6.1035156E-05 -6.1035156E-05,-0.0011111111 -0.0011111111 -0.0011111111,-0.01 -0.01 -0.01,-1 -1 -1,255
255,11111111,11111111,-6.1035156E-05 -6.1035156E-05 -6.1035156E-05 -6.1035156E-05,-0.0011111111 -0.0011111111 -0.0011111111,-0.01 -0.01 -0.01,-1 -1 -1,255
255,11111111,11111111,-6.1035156E-05 -6.1035156E-05 -6.1035156E-05 -6.1035156E-05,-0.0011111111 -0.0011111111 -0.0011111111,-0.01 -0.01 -0.01,-1 -1 -1,255
255,11111111,11111111,-6.1035156E-05 -6.1035156E-05 -6.1035156E-05 -6.1035156E-05,-0.0011111111 -0.0011111111 -0.0011111111,-0.01 -0.01 -0.01,-1 -1 -1,255
255,11111111,11111111,-6.1035156E-05 -6.1035156E-05 -6.1035156E-05 -6.1035156E-05,-0.0011111111 -0.0011111111 -0.0011111111,-0.01 -0.01 -0.01,-1 -1 -1,255
255,11111111,11111111,-6.1035156E-05 -6.1035156E-05 -6.1035156E-05 -6.1035156E-05,-0.0011111111 -0.0011111111 -0.0011111111,-0.01 -0.01 -0.01,-1 -1 -1,255
255,11111111,11111111,-6.1035156E-05 -6.1035156E-05 -6.1035156E-05 -6.1035156E-05,-0.0011111111 -0.0011111111 -0.0011111111,-0.01 -0.01 -0.01,-1 -1 -1,255
255,11111111,11111111,-6.1035156E-05 -6.1035156E-05 -6.1035156E-05 -6.1035156E-05,-0.0011111111 -0.0011111111 -0.0011111111,-0.01 -0.01 -0.01,-1 -1 -1,255
255,11111111,11111111,-6.1035156E-05 -6.1035156E-05 -6.1035156E-05 -6.1035156E-05,-0.0011111111 -0.0011111111 -0.0011111111,-0.01 -0.01 -0.01,-1 -1 -1,255
255,11111111,11111111,-6.1035156E-05 -6.1035156E-05 -6.1035156E-05 -6.1035156E-05,-0.0011111111 -0.0011111111 -0.0011111111,-0.01 -0.01 -0.01,-1 -1 -1,255
255,11111111,11111111,-6.1035156E-05 -6.1035156E-05 -6.1035156E-05 -6.1035156E-05,-0.0011111111 -0.0011111111 -0.0011111111,-0.01 -0.01 -0.01,-1 -1 -1,255
255,11111111,11111111,-6.1035156E-05 -6.1035156E-05 -6.1035156E-05 -6.1035156E-05,-0.0011111111 -0.0011111111 -0.0011111111,-0.01 -0.01 -0.01,-1 -1 -1,255
255,11111111,11111111,-6.1035156E-05 -6.1035156E-05 -6.1035156E-05 -6.1035156E-05,-0.0011111111 -0.0011111111 -0.0011111111,-0.01 -0.01 -0.01,-1 -1 -1,255
255,11111111,11111111,-6.1035156E-05 -6.1035156E-05 -6.1035156E-05 -6.1035156E-05,-0.0011111111 -0.0011111111 -0.0011111111,-0.01 -0.01 -0.01,-1 -1 -1,255
255,11111111,11111111,-6.1035156E-05 -6.1035156E-05 -6.1035156E-05 -6.1035156E-05,-0.0011111111 -0.0011111111 -0.0011111111,-0.01 -0.01 -0.01,-1 -1 -1,255
255,11111111,11111111,-6.1035156E-05 -6.1035156E-05 -6.1035156E-05 -6.1035156E-05,-0.0011111111 -0.0011111111 -0.0011111111,-0.01 -0.01 -0.01,-1 -1 -1,255
255,11111111,11111111,-6.1035156E-05 -6.1035156E-05 -6.1035156E-05 -6.1035156E-05,-0.0011111111 -0.0011111111 -0.0011111111,-0.01 -0.01 -0.01,-1 -1 -1,255
255,11111111,11111111,-6.1035156E-05 -6.1035156E-05 -6.1035156E-05 -6.1035156E-05,-0.0011111111 -0.0011111111 -0.0011111111,-0.01 -0.01 -0.01,-1 -1 -1,255
255,11111111,11111111,-6.1035156E-05 -6.1035156E-05 -6.1035156E-05 -6.1035156E-05,-0.0011111111 -0.0011111111 -0.0011111111,-0.01 -0.01 -0.01,-1 -1 -1,255
255,11111111,11111111,-6.1035156E-05 -6.1035156E-05 -6.1035156E-05 -6.1035156E-05,-0.0011111111 -0.0011111111 -0.0011111111,-0.01 -0.01 -0.01,-1 -1 -1,255
255,11111111,11111111,-6.1035156E-05 -6.1035156E-05 -6.1035156E-05 -6.1035156E-05,-0.0011111111 -0.0011111111 -0.0011111111,-0.01 -0.01 -0.01,-1 -1 -1,255
255,11111111,11111111,-6.1035156E-05 -6.1035156E-05 -6.1035156E-05 -6.1035156E-05,-0.0011111111 -0.0011111111 -0.0011111111,-0.01 -0.01 -0.01,-1 -1 -1,255
255,11111111,11111111,-6.1035156E-05 -6.1035156E-05 -6.1035156E-05 -6.1035156E-05,-0.0011111111 -0.0011111111 -0.0011111111,-0.01 -0.01 -0.01,-1 -1 -1,255
255,11111111,11111111,-6.1035156E-05 -6.1035156E-05 -6.1035156E-05 -6.1035156E-05,-0.0011111111 -0.0011111111 -0.0011111111,-0.01 -0.01 -0.01,-1 -1 -1,255
255,11111111,11111111,-6.1035156E-05 -6.1035156E-05 -6.1035156E-05 -6.1035156E-05,-0.0011111111 -0.0011111111 -0.0011111111,-0.01 -0.01 -0.01,-1 -1 -1,255
255,11111111,11111111,-6.1035156E-05 -6.1035156E-05 -6.1035156E-05 -6.1035156E-05,-0.0011111111 -0.0011111111 -0.0011111111,-0.01 -0.01 -0.01,-1 -1 -1,255
255,11111111,11111111,-6.1035156E-05 -6.1035156E-05 -6.1035156E-05 -6.1035156E-05,-0.0011111111 -0.0011111111 -0.0011111111,-0.01 -0.01 -0.01,-1 -1 -1,255
255,11111111,11111111,-6.1035156E-05 -6.1035156E-05 -6.1035156E-05 -6.1035156E-05,-0.0011111111 -0.0011111111 -0.0011111111,-0.01 -0.01 -0.01,-1 -1 -1,255
255,11111111,11111111,-6.1035156E-05 -6.1035156E-05 -6.1035156E-05 -6.1035156E-05,-0.0011111111 -0.0011111111 -0.0011111111,-0.01 -0.01 -0.01,-1 -1 -1,255
255,11111111,11111111,-6.1035156E-05 -6.1035156E-05 -6.1035156E-05 -6.1035156E-05,-0.0011111111 -0.0011111111 -0.0011111111,-0.01 -0.01 -0.01,-1 -1 -1,255
255,11111111,11111111,-6.1035156E-05 -6.1035156E-05 -6.1035156E-05 -6.1035156E-05,-0.0011111111 -0.0011111111 -0.0011111111,-0.01 -0.01 -0.01,-1 -1 -1,255
255,11111111,11111111,-6.1035156E-05 -6.1035156E-05 -6.1035156E-05 -6.1035156E-05,-0.0011111111 -0.0011111111 -0.0011111111,-0.01 -0.01 -0.01,-1 -1 -1,255
255,11111111,11111111,-6.1035156E-05 -6.1035156E-05 -6.1035156E-05 -6.1035156E-05,-0.0011111111 -0.0011111111 -0.0011111111,-0.01 -0.01 -0.01,-1 -1 -1,255
255,11111111,11111111,-6.1035156E-05 -6.1035156E-05 -6.1035156E-05 -6.1035156E-05,-0.0011111111 -0.0011111111 -0.0011111111,-0.01 -0.01 -0.01,-1 -1 -1,255
255,11111111,11111111,-6.1035156E-05 -6.1035156E-05 -6.1035156E-05 -6.1035156E-05,-0.0011111111 -0.0011111111 -0.0011111111,-0.01 -0.01 -0.01,-1 -1 -1,255
255,11111111,11111111,-6.1035156E-05 -6.1035156E-05 -6.1035156E-05 -6.1035156E-05,-0.0011111111 -0.0011111111 -0.0011111111,-0.01 -0.01 -0.01,-1 -1 -1,255
255,11111111,11111111,-6.1035156E-05 -6.1035156E-05 -6.1035156E-05 -6.1035156E-05,-0.0011111111 -0.0011111111 -0.0011111111,-0.01 -0.01 -0.01,-1 -1 -1,255
255,11111111,11111111,-6.1035156E-05 -6.1035156E-05 -6.1035156E-05 -6.1035156E-05,-0.0011111111 -0.0011111111 -0.0011111111,-0.01 -0.01 -0.01,-1 -1 -1,255
255,11111111,11111111,-6.1035156E-05 -6.1035156E-05 -6.1035156E-05 -6.1035156E-05,-0.0011111111 -0.0011111111 -0.0011111111,-0.01 -0.01 -0.01,-1 -1 -1,255
255,11111111,11111111,-6.1035156E-05 -6.1035156E-05 -6.1035156E-05 -6.1035156E-05,-0.0011111111 -0.0011111111 -0.0011111111,-0.01 -0.01 -0.01,-1 -1 -1,255
255,11111111,11111111,-6.1035156E-05 -6.1035156E-05 -6.1035156E-05 -6.1035156E-05,-0.0011111111 -0.0011111111 -0.0011111111,-0.01 -0.01 -0.01,-1 -1 -1,255
255,11111111,11111111,-6.1035156E-05 -6.1035156E-05 -6.1035156E-05 -6.1035156E-05,-0.0011111111 -0.0011111111 -0.0011111111,-0.01 -0.01 -0.01,-1 -1 -1,255
255,11111111,11111111,-6.1035156E-05 -6.1035156E-05 -6.1035156E-05 -6.1035156E-05,-0.0011111111 -0.0011111111 -0.0011111111,-0.01 -0.01 -0.01,-1 -1 -1,255
255,11111111,11111111,-6.1035156E-05 -6.1035156E-05 -6.1035156E-05 -6.1035156E-05,-0.0011111111 -0.0011111111 -0.0011111111,-0.01 -0.01 -0.01,-1 -1 -1,255
255,11111111,11111111,-6.1035156E-05 -6.1035156E-05 -6.1035156E-05 -6.1035156E-05,-0.0011111111 -0.0011111111 -0.0011111111,-0.01 -0.01 -0.01,-1 -1 -1,255
255,11111111,11111111,-6.1035156E-05 -6.1035156E-05 -6.1035156E-05 -6.1035156E-05,-0.0011111111 -0.0011111111 -0.0011111111,-0.01 -0.01 -0.01,-1 -1 -1,255
255,11111111,11111111,-6.1035156E-05 -6.1035156E-05 -6.1035156E-05 -6.1035156E-05,-0.0011111111 -0.0011111111 -0.0011111111,-0.01 -0.01 -0.01,-1 -1 -1,255
255,11111111,11111111,-6.1035156E-05 -6.1035156E-05 -6.1035156E-05 -6.1035156E-05,-0.0011111111 -0.0011111111 -0.0011111111,-0.01 -0.01 -0.01,-1 -1 -1,255
255,11111111,11111111,-6.1035156E-05 -6.1035156E-05 -6.1035156E-05 -6.1035156E-05,-0.0011111111 -0.0011111111 -0.0011111111,-0.01 -0.01 -0.01,-1 -1 -1,255
255,11111111,11111111,-6.1035156E-05 -6.1035156E-05 -6.1035156E-05 -6.1035156E-05,-0.0011111111 -0.0011111111 -0.0011111111,-0.01 -0.01 -0.01,-1 -1 -1,255
255,11111111,11111111,-6.1035156E-05 -6.1035156E-05 -6.1035156E-05 -6.1035156E-05,-0.0011111111 -0.0011111111 -0.0011111111,-0.01 -0.01 -0.01,-1 -1 -1,255
255,11111111,11111111,-6.1035156E-05 -6.1035156E-05 -6.1035156E-05 -6.1035156E-05,-0.0011111111 -0.0011111111 -0.0011111111,-0.01 -0.01 -0.01,-1 -1 -1,255
255,11111111,11111111,-6.1035156E-05 -6.1035156E-05 -6.1035156E-05 -6.1035156E-05,-0.0011111111 -0.0011111111 -0.0011111111,-0.01 -0.01 -0.01,-1 -1 -1,255
255,11111111,11111111,-6.1035156E-05 -6.1035156E-05 -6.1035156E-05 -6.1035156E-05,-0.0011111111 -0.0011111111 -0.0011111111,-0.01 -0.01 -0.01,-1 -1 -1,255
255,11111111,11111111,-6.1035156E-05 -6.1035156E-05 -6.1035156E-05 -6.1035156E-05,-0.0011111111 -0.0011111111 -0.0011111111,-0.01 -0.01 -0.01,-1 -1 -1,255
255,11111111,11111111,-6.1035156E-05 -6.1035156E-05 -6.1035156E-05 -6.1035156E-05,-0.0011111111 -0.0011111111 -0.0011111111,-0.01 -0.01 -0.01,-1 -1 -1,255
255,11111111,11111111,-6.1035156E-05 -6.1035156E-05 -6.1035156E-05 -6.1035156E-05,-0.0011111111 -0.0011111111 -0.0011111111,-0.01 -0.01 -0.01,-1 -1 -1,255
255,11111111,11111111,-6.1035156E-05 -6.1035156E-05 -6.1035156E-05 -6.1035156E-05,-0.0011111111 -0.0011111111 -0.0011111111,-0.01 -0.01 -0.01,-1 -1 -1,255
255,11111111,11111111,-6.1035156E-05 -6.1035156E-05 -6.1035156E-05 -6.1035156E-05,-0.0011111111 -0.0011111111 -0.0011111111,-0.01 -0.01 -0.01,-1 -1 -1,255
255,11111111,11111111,-6.1035156E-05 -6.1035156E-05 -6.1035156E-05 -6.1035156E-05,-0.0011111111 -0.0011111111 -0.0011111111,-0.01 -0.01 -0.01,-1 -1 -1,255
255,11111111,11111111,-6.1035156E-05 -6.1035156E-05 -6.1035156E-05 -6.1035156E-05,-0.0011111111 -0.0011111111 -0.0011111111,-0.01 -0.01 -0.01,-1 -1 -1,255
255,11111111,11111111,-6.1035156E-05 -6.1035156E-05 -6.1035156E-05 -6.1035156E-05,-0.0011111111 -0.0011111111 -0.0011111111,-0.01 -0.01 -0.01,-1 -1 -1,255
255,11111111,11111111,-6.1035156E-05 -6.1035156E-05 -6.1035156E-05 -6.1035156E-05,-0.0011111111 -0.0011111111 -0.0011111111,-0.01 -0.01 -0.01,-1 -1 -1,255
255,11111111,11111111,-6.1035156E-05 -6.1035156E-05 -6.1035156E-05 -6.1035156E-05,-0.0011111111 -0.0011111111 -0.0011111111,-0.01 -0.01 -0.01,-1 -1 -1,255
255,11111111,11111111,-6.1035156E-05 -6.1035156E-05 -6.1035156E-05 -6.1035156E-05,-0.0011111111 -0.0011111111 -0.0011111111,-0.01 -0.01 -0.01,-1 -1 -1,255
255,11111111,11111111,-6.1035156E-05 -6.1035156E-05 -6.1035156E-05 -6.1035156E-05,-0.0011111111 -0.0011111111 -0.0011111111,-0.01 -0.01 -0.01,-1 -1 -1,255
255,11111111,11111111,-6.1035156E-05 -6.1035156E-05 -6.1035156E-05 -6.1035156E-05,-0.0011111111 -0.0011111111 -0.0011111111,-0.01 -0.01 -0.01,-1 -1 -1,255
255,11111111,11111111,-6.1035156E-05 -6.1035156E-05 -6.1035156E-05 -6.1035156E-05,-0.0011111111 -0.0011111111 -0.0011111111,-0.01 -0.01 -0.01,-1 -1 -1,255
255,11111111,11111111,-6.1035156E-05 -6.1035156E-05 -6.1035156E-05 -6.1035156E-05,-0.0011111111 -0.0011111111 -0.0011111111,-0.01 -0.01 -0.01,-1 -1 -1,255
255,11111111,11111111,-6.1035156E-05 -6.1035156E-05 -6.1035156E-05 -6.1035156E-05,-0.0011111111 -0.0011111111 -0.0011111111,-0.01 -0.01 -0.01,-1 -1 -1,255
255,11111111,11111111,-6.1035156E-05 -6.1035156E-05 -6.1035156E-05 -6.1035156E-05,-0.0011111111 -0.0011111111 -0.0011111111,-0.01 -0.01 -0.01,-1 -1 -1,255
255,11111111,11111111,-6.1035156E-05 -6.1035156E-05 -6.1035156E-05 -6.1035156E-05,-0.0011111111 -0.0011111111 -0.0011111111,-0.01 -0.01 -0.01,-1 -1 -1,255
255,11111111,11111111,-6.1035156E-05 -6.1035156E-05 -6.1035156E-05 -6.1035156E-05,-0.0011111111 -0.0011111111 -0.0011111111,-0.01 -0.01 -0.01,-1 -1 -1,255
255,11111111,11111111,-6.1035156E-05 -6.1035156E-05 -6.1035156E-05 -6.1035156E-05,-0.0011111111 -0.0011111111 -0.0011111111,-0.01 -0.01 -0.01,-1 -1 -1,255
255,11111111,11111111,-6.1035156E-05 -6.1035156E-05 -6.1035156E-05 -6.1035156E-05,-0.0011111111 -0.0011111111 -0.0011111111,-0.01 -0.01 -0.01,-1 -1 -1,255
255,11111111,11111111,-6.1035156E-05 -6.1035156E-05 -6.1035156E-05 -6.1035156E-05,-0.0011111111 -0.0011111111 -0.0011111111,-0.01 -0.01 -0.01,-1 -1 -1,255
255,11111111,11111111,-6.1035156E-05 -6.1035156E-05 -6.1035156E-05 -6.1035156E-05,-0.0011111111 -0.0011111111 -0.0011111111,-0.01 -0.01 -0.01,-1 -1 -1,255
255,11111111,11111111,-6.1035156E-05 -6.1035156E-05 -6.1035156E-05 -6.1035156E-05,-0.0011111111 -0.0011111111 -0.0011111111,-0.01 -0.01 -0.01,-1 -1 -1,255
255,11111111,11111111,-6.1035156E-05 -6.1035156E-05 -6.1035156E-05 -6.1035156E-05,-0.0011111111 -0.0011111111 -0.0011111111,-0.01 -0.01 -0.01,-1 -1 -1,255
255,11111111,11111111,-6.1035156E-05 -6.1035156E-05 -6.1035156E-05 -6.1035156E-05,-0.0011111111 -0.0011111111 -0.0011111111,-0.01 -0.01 -0.01,-1 -1 -1,255
255,11111111,11111111,-6.1035156E-05 -6.1035156E-05 -6.1035156E-05 -6.1035156E-05,-0.0011111111 -0.0011111111 -0.0011111111,-0.01 -0.01 -0.01,-1 -1 -1,255
255,11111111,11111111,-6.1035156E-05 -6.1035156E-05 -6.1035156E-05 -6.1035156E-05,-0.0011111111 -0.0011111111 -0.0011111111,-0.01 -0.01 -0.01,-1 -1 -1,255
255,11111111,11111111,-6.1035156E-05 -6.1035156E-05 -6.1035156E-05 -6.1035156E-05,-0.0011111111 -0.0011111111 -0.0011111111,-0.01 -0.01 -0.01,-1 -1 -1,255
255,11111111,11111111,-6.1035156E-05 -6.1035156E-05 -6.1035156E-05 -6.1035156E-05,-0.0011111111 -0.0011111111 -0.0011111111,-0.01 -0.01 -0.01,-1 -1 -1,255
255,11111111,11111111,-6.1035156E-05 -6.1035156E-05 -6.1035156E-05 -6.1035156E-05,-0.0011111111 -0.0011111111 -0.0011111111,-0.01 -0.01 -0.01,-1 -1 -1,255
255,11111111,11111111,-6.1035156E-05 -6.1035156E-05 -6.1035156E-05 -6.1035156E-05,-0.0011111111 -0.0011111111 -0.0011111111,-0.01 -0.01 -0.01,-1 -1 -1,255
255,11111111,11111111,-6.1035156E-05 -6.1035156E-05 -6.1035156E-05 -6.1035156E-05,-0.0011111111 -0.0011111111 -0.0011111111,-0.01 -0.01 -0.01,-1 -1 -1,255
255,11111111,11111111,-6.1035156E-05 -6.1035156E-05 -6.1035156E-05 -6.1035156E-05,-0.0011111111 -0.0011111111 -0.0011111111,-0.01 -0.01 -0.01,-1 -1 -1,255
255,11111111,11111111,-6.1035156E-05 -6.1035156E-05 -6.1035156E-05 -6.1035156E-05,-0.0011111111 -0.0011111111 -0.0011111111,-0.01 -0.01 -0.01,-1 -1 -1,255
255,11111111,11111111,-6.1035156E-05 -6.1035156E-05 -6.1035156E-05 -6.1035156E-05,-0.0011111111 -0.0011111111 -0.0011111111,-0.01 -0.01 -0.01,-1 -1 -1,255
255,11111111,11111111,-6.1035156E-05 -6.1035156E-05 -6.1035156E-05 -6.1035156E-05,-0.0011111111 -0.0011111111 -0.0011111111,-0.01 -0.01 -0.01,-1 -1 -1,255
255,11111111,11111111,-6.1035156E-05 -6.1035156E-05 -6.1035156E-05 -6.1035156E-05,-0.0011111111 -0.0011111111 -0.0011111111,-0.01 -0.01 -0.01,-1 -1 -1,255
255,11111111,11111111,-6.1035156E-05 -6.1035156E-05 -6.1035156E-05 -6.1035156E-05,-0.0011111111 -0.0011111111 -0.0011111111,-0.01 -0.01 -0.01,-1 -1 -1,255
255,11111111,11111111,-6.1035156E-05 -6.1035156E-05 -6.1035156E-05 -6.1035156E-05,-0.0011111111 -0.0011111111 -0.0011111111,-0.01 -0.01 -0.01,-1 -1 -1,255
255,11111111,11111111,-6.1035156E-05 -6.1035156E-05 -6.1035156E-05 -6.1035156E-05,-0.0011111111 -0.0011111111 -0.0011111111,-0.01 -0.01 -0.01,-1 -1 -1,255
255,11111111,11111111,-6.1035156E-05 -6.1035156E-05 -6.1035156E-05 -6.1035156E-05,-0.0011111111 -0.0011111111 -0.0011111111,-0.01 -0.01 -0.01,-1 -1 -1,255
255,11111111,11111111,-6.1035156E-05 -6.1035156E-05 -6.1035156E-05 -6.1035156E-05,-0.0011111111 -0.0011111111 -0.0011111111,-0.01 -0.01 -0.01,-1 -1 -1,255
255,11111111,11111111,-6.1035156E-05 -6.1035156E-05 -6.1035156E-05 -6.1035156E-05,-0.0011111111 -0.0011111111 -0.0011111111,-0.01 -0.01 -0.01,-1 -1 -1,255
255,11111111,11111111,-6.1035156E-05 -6.1035156E-05 -6.1035156E-05 -6.1035156E-05,-0.0011111111 -0.0011111111 -0.0011111111,-0.01 -0.01 -0.01,-1 -1 -1,255
255,11111111,11111111,-6.1035156E-05 -6.1035156E-05 -6.1035156E-05 -6.1035156E-05,-0.0011111111 -0.0011111111 -0.0011111111,-0.01 -0.01 -0.01,-1 -1 -1,255
255,11111111,11111111,-6.1035156E-05 -6.1035156E-05 -6.1035156E-05 -6.1035156E-05,-0.0011111111 -0.0011111111 -0.0011111111,-0.01 -0.01 -0.01,-1 -1 -1,255
255,11111111,11111111,-6.1035156E-05 -6.1035156E-05 -6.1035156E-05 -6.1035156E-05,-0.0011111111 -0.0011111111 -0.0011111111,-0.01 -0.01 -0.01,-1 -1 -1,255
255,11111111,11111111,-6.1035156E-05 -6.1035156E-05 -6.1035156E-05 -6.1035156E-05,-0.0011111111 -0.0011111111 -0.0011111111,-0.01 -0.01 -0.01,-1 -1 -1,255
255,11111111,11111111,-6.1035156E-05 -6.1035156E-05 -6.1035156E-05 -6.1035156E-05,-0.0011111111 -0.0011111111 -0.0011111111,-0.01 -0.01 -0.01,-1 -1 -1,255
255,11111111,11111111,-6.1035156E-05 -6.1035156E-05 -6.1035156E-05 -6.1035156E-05,-0.0011111111 -0.0011111111 -0.0011111111,-0.01 -0.01 -0.01,-1 -1 -1,255
255,11111111,11111111,-6.1035156E-05 -6.1035156E-05 -6.1035156E-05 -6.1035156E-05,-0.0011111111 -0.0011111111 -0.0011111111,-0.01 -0.01 -0.01,-1 -1 -1,255
255,11111111,11111111,-6.1035156E-05 -6.1035156E-05 -6.1035156E-05 -6.1035156E-05,-0.0011111111 -0.0011111111 -0.0011111111,-0.01 -0.01 -0.01,-1 -1 -1,255
255,11111111,11111111,-6.1035156E-05 -6.1035156E-05 -6.1035156E-05 -6.1035156E-05,-0.0011111111 -0.0011111111 -0.0011111111,-0.01 -0.01 -0.01,-1 -1 -1,255
255,11111111,11111111,-6.1035156E-05 -6.1035156E-05 -6.1035156E-05 -6.1035156E-05,-0.0011111111 -0.0011111111 -0.0011111111,-0.01 -0.01 -0.01,-1 -1 -1,255
255,11111111,11111111,-6.1035156E-05 -6.1035156E-05 -6.1035156E-05 -6.1035156E-05,-0.0011111111 -0.0011111111 -0.0011111111,-0.01 -0.01 -0.01,-1 -1 -1,255
255,11111111,11111111,-6.1035156E-05 -6.1035156E-05 -6.1035156E-05 -6.1035156E-05,-0.0011111111 -0.0011111111 -0.0011111111,-0.01 -0.01 -0.01,-1 -1 -1,255
255,11111111,11111111,-6.1035156E-05 -6.1035156E-05 -6.1035156E-05 -6.1035156E-05,-0.0011111111 -0.0011111111 -0.0011111111,-0.01 -0.01 -0.01,-1 -1 -1,255
255,11111111,11111111,-6.1035156E-05 -6.1035156E-05 -6.1035156E-05 -6.1035156E-05,-0.0011111111 -0.0011111111 -0.0011111111,-0.01 -0.01 -0.01,-1 -1 -1,255
255,11111111,11111111,-6.1035156E-05 -6.1035156E-05 -6.1035156E-05 -6.1035156E-05,-0.0011111111 -0.0011111111 -0.0011111111,-0.01 -0.01 -0.01,-1 -1 -1,255
255,11111111,11111111,-6.1035156E-05 -6.1035156E-05 -6.1035156E-05 -6.1035156E-05,-0.0011111111 -0.0011111111 -0.0011111111,-0.01 -0.01 -0.01,-1 -1 -1,255
255,11111111,11111111,-6.1035156E-05 -6.1035156E-05 -6.1035156E-05 -6.1035156E-05,-0.0011111111 -0.0011111111 -0.0011111111,-0.01 -0.01 -0.01,-1 -1 -1,255
255,11111111,11111111,-6.1035156E-05 -6.1035156E-05 -6.1035156E-05 -6.1035156E-05,-0.0011111111 -0.0011111111 -0.0011111111,-0.01 -0.01 -0.01,-1 -1 -1,255
255,11111111,11111111,-6.1035156E-05 -6.1035156E-05 -6.1035156E-05 -6.1035156E-05,-0.0011111111 -0.0011111111 -0.0011111111,-0.01 -0.01 -0.01,-1 -1 -1,255
255,11111111,11111111,-6.1035156E-05 -6.1035156E-05 -6.1035156E-05 -6.1035156E-05,-0.0011111111 -0.0011111111 -0.0011111111,-0.01 -0.01 -0.01,-1 -1 -1,255
255,11111111,11111111,-6.1035156E-05 -6.1035156E-05 -6.1035156E-05 -6.1035156E-05,-0.0011111111 -0.0011111111 -0.0011111111,-0.01 -0.01 -0.01,-1 -1 -1,255
255,11111111,11111111,-6.1035156E-05 -6.1035156E-05 -6.1035156E-05 -6.1035156E-05,-0.0011111111 -0.0011111111 -0.0011111111,-0.01 -0.01 -0.01,-1 -1 -1,255
255,11111111,11111111,-6.1035156E-05 -6.1035156E-05 -6.1035156E-05 -6.1035156E-05,-0.0011111111 -0.0011111111 -0.0011111111,-0.01 -0.01 -0.01,-1 -1 -1,255
255,11111111,11111111,-6.1035156E-05 -6.1035156E-05 -6.1035156E-05 -6.1035156E-05,-0.0011111111 -0.0011111111 -0.0011111111,-0.01 -0.01 -0.01,-1 -1 -1,255
255,11111111,11111111,-6.1035156E-05 -6.1035156E-05 -6.1035156E-05 -6.1035156E-05,-0.0011111111 -0.0011111111 -0.0011111111,-0.01 -0.01 -0.01,-1 -1 -1,255
255,11111111,11111111,-6.1035156E-05 -6.1035156E-05 -6.1035156E-05 -6.1035156E-05,-0.0011111111 -0.0011111111 -0.0011111111,-0.01 -0.01 -0.01,-1 -1 -1,255
255,11111111,11111111,-6.1035156E-05 -6.1035156E-05 -6.1035156E-05 -6.1035156E-05,-0.0011111111 -0.0011111111 -0.0011111111,-0.01 -0.01 -0.01,-1 -1 -1,255
255,11111111,11111111,-6.1035156E-05 -6.1035156E-05 -6.1035156E-05 -6.1035156E-05,-0.0011111111 -0.0011111111 -0.0011111111,-0.01 -0.01 -0.01,-1 -1 -1,255
255,11111111,11111111,-6.1035156E-05 -6.1035156E-05 -6.1035156E-05 -6.1035156E-05,-0.0011111111 -0.0011111111 -0.0011111111,-0.01 -0.01 -0.01,-1 -1 -1,255
255,11111111,11111111,-6.1035156E-05 -6.1035156E-05 -6.1035156E-05 -6.1035156E-05,-0.0011111111 -0.0011111111 -0.0011111111,-0.01 -0.01 -0.01,-1 -1 -1,255
255,11111111,11111111,-6.1035156E-05 -6.1035156E-05 -6.1035156E-05 -6.1035156E-05,-0.0011111111 -0.0011111111 -0.0011111111,-0.01 -0.01 -0.01,-1 -1 -1,255
255,11111111,11111111,-6.1035156E-05 -6.1035156E-05 -6.1035156E-05 -6.1035156E-05,-0.0011111111 -0.0011111111 -0.0011111111,-0.01 -0.01 -0.01,-1 -1 -1,255
255,11111111,11111111,-6.1035156E-05 -6.1035156E-05 -6.1035156E-05 -6.1035156E-05,-0.0011111111 -0.0011111111 -0.0011111111,-0.01 -0.01 -0.01,-1 -1 -1,255
255,11111111,11111111,-6.1035156E-05 -6.1035156E-05 -6.1035156E-05 -6.1035156E-05,-0.0011111111 -0.0011111111 -0.0011111111,-0.01 -0.01 -0.01,-1 -1 -1,255
255,11111111,11111111,-6.1035156E-05 -6.1035156E-05 -6.1035156E-05 -6.1035156E-05,-0.0011111111 -0.0011111111 -0.0011111111,-0.01 -0.01 -0.01,-1 -1 -1,255
255,11111111,11111111,-6.1035156E-05 -6.1035156E-05 -6.1035156E-05 -6.1035156E-05,-0.0011111111 -0.0011111111 -0.0011111111,-0.01 -0.01 -0.01,-1 -1 -1,255
255,11111111,11111111,-6.1035156E-05 -6.1035156E-05 -6.1035156E-05 -6.1035156E-05,-0.0011111111 -0.0011111111 -0.0011111111,-0.01 -0.01 -0.01,-1 -1 -1,255
255,11111111,11111111,-6.1035156E-05 -6.1035156E-05 -6.1035156E-05 -6.1035156E-05,-0.0011111111 -0.0011111111 -0.0011111111,-0.01 -0.01 -0.01,-1 -1 -1,255
255,11111111,11111111,-6.1035156E-05 -6.1035156E-05 -6.1035156E-05 -6.1035156E-05,-0.0011111111 -0.0011111111 -0.0011111111,-0.01 -0.01 -0.01,-1 -1 -1,255
255,11111111,11111111,-6.1035156E-05 -6.1035156E-05 -6.1035156E-05 -6.1035156E-05,-0.0011111111 -0.0011111111 -0.0011111111,-0.01 -0.01 -0.01,-1 -1 -1,255
255,11111111,11111111,-6.1035156E-05 -6.1035156E-05 -6.1035156E-05 -6.1035156E-05,-0.0011111111 -0.0011111111 -0.0011111111,-0.01 -0.01 -0.01,-1 -1 -1,255
255,11111111,11111111,-6.1035156E-05 -6.1035156E-05 -6.1035156E-05 -6.1035156E-05,-0.0011111111 -0.0011111111 -0.0011111111,-0.01 -0.01 -0.01,-1 -1 -1,255
255,11111111,11111111,-6.1035156E-05 -6.1035156E-05 -6.1035156E-05 -6.1035156E-05,-0.0011111111 -0.0011111111 -0.0011111111,-0.01 -0.01 -0.01,-1 -1 -1,255
255,11111111,11111111,-6.1035156E-05 -6.1035156E-05 -6.1035156E-05 -6.1035156E-05,-0.0011111111 -0.0011111111 -0.0011111111,-0.01 -0.01 -0.01,-1 -1 -1,255
255,11111111,11111111,-6.1035156E-05 -6.1035156E-05 -6.1035156E-05 -6.1035156E-05,-0.0011111111 -0.0011111111 -0.0011111111,-0.01 -0.01 -0.01,-1 -1 -1,255
255,11111111,11111111,-6.1035156E-05 -6.1035156E-05 -6.1035156E-05 -6.1035156E-05,-0.0011111111 -0.0011111111 -0.0011111111,-0.01 -0.01 -0.01,-1 -1 -1,255
255,11111111,11111111,-6.1035156E-05 -6.1035156E-05 -6.1035156E-05 -6.1035156E-05,-0.0011111111 -0.0011111111 -0.0011111111,-0.01 -0.01 -0.01,-1 -1 -1,255
